time_s,angle_deg,reference_deg,velocity_deg_s,acceleration_rad_s2,output_em_torque_nm,gravity_load_nm,bus_v,terminal_v,stator_a,supply_a,battery_a,motor_rpm,duty
0.0,0.0,0.0,0.0,0.0,0.1301085272529697,0.1301085272529697,11.999974998812212,0.033029663164076364,0.7569297808434167,0.002083432315699897,0.002083432315699897,0.0,0.0027524776649406123
0.0002,0.0,6.26188726627801e-05,0.0,164.23049776649486,0.5006988801422737,0.1301085272529697,11.999629733128867,0.12710862006434762,2.9129058764746327,0.030855572594361762,0.030855572594361762,0.0,0.010592711849551748
0.0004,0.00018817448514907425,0.0004978501901243509,1.881645846113996,324.3677070054167,0.8621695981751726,0.13010852725226799,11.998872958903679,0.22467586645368168,5.015826854513062,0.09392009136017501,0.09392009136017501,3.6602813977707886,0.018724747501136143
0.0006000000000000001,0.0009361625550939417,0.0016698138983249557,5.598039310208706,480.44606503626704,1.2145954745143048,0.13010852723560237,11.997698786884452,0.32560574474815895,7.0661278376474295,0.19176775962887388,0.19176775962887388,10.889615170391194,0.02713901645072987
0.0008,0.00260626312197192,0.003933435453299855,11.10267672462176,632.5000003152843,1.5580513067814148,0.1301085271183629,11.996103159836334,0.4297738154097007,9.064243974508113,0.32473668030559766,0.32473668030559766,21.59753981575431,0.03582611867232094
0.001,0.005551513812365263,0.007634522880914098,18.349448880856876,780.5639325254464,1.8926118971497903,0.13010852664223393,11.994083759341814,0.5370568566570886,11.010610440204914,0.4930200548488309,0.4930200548488309,35.69436115550377,0.044776813922013166
0.0012000000000000001,0.010115769849105572,0.013109843836597322,27.292640929428117,924.6722726654339,2.2183520523887443,0.13010852522515448,11.99163991632101,0.6473328641683537,12.905662436585837,0.696673639915974,0.696673639915974,53.091152140205246,0.05398201319298395
0.0014,0.016633782913156172,0.020687202665078466,37.88693228082998,1064.8594231375755,2.535346583864633,0.13010852177004154,11.988772525151614,0.7604810507756044,14.749835192243015,0.9356229040322127,0.9356229040322127,73.69975265670801,0.06343277005049247
0.0016,0.02543127998579569,0.030685517460120677,50.08739650761071,1201.1597778348062,2.843670307502745,0.13010851443654378,11.985483961257707,0.8763818461533234,16.543563962290985,1.2096698951910119,1.2096698951910119,97.43276933765254,0.07312027190442792
0.0018000000000000002,0.036825042171321674,0.04341489712425588,63.84950124752714,1333.6077222266526,3.143398043714185,0.13010850037991778,11.981778002028648,0.9949168965011141,18.287284027941336,1.5184998309460656,1.5184998309460656,124.20357537308199,0.08303583127084008
0.002,0.051122983500488786,0.05917671842851977,79.12910810775976,1462.2376334442868,3.4346046172917672,0.13010847546094922,11.977659750923753,1.115969064221849,19.981430695897032,1.8616874230205278,1.8616874230205278,153.926310324116,0.09317087706851768
0.0022,0.06862422971489184,0.07826370307218647,95.8824725701679,1587.083880364648,3.7173648572786684,0.13010843393067398,11.97313556461481,1.239422427596111,21.62643929758829,2.238702948765881,2.238702948765881,186.5158799386478,0.10351694599191526
0.0024000000000000002,0.08961919703250008,0.10095999474250335,114.06624389756496,1708.1808236936756,3.9917535968135316,0.13010836809349074,11.968212983016322,1.3651622804538035,23.222745188271446,2.6489180819731915,2.6489180819731915,221.88795596902585,0.11406567399753482
0.0026000000000000003,0.11438967089454517,0.1275412361744257,133.63746504099493,1825.5628160486622,4.257845672955469,0.1301082679520977,11.962900662052876,1.4930751318437445,24.77078374601086,3.0916114955936913,3.0916114955936913,259.9589759916827,0.12480878793718309
0.0028,0.14320888469396134,0.15827464621035162,154.55357254799156,1939.2642020397432,4.515715926492283,0.13010812083752915,11.957208309013422,1.6230487057020317,26.270990370563226,3.565974248881451,3.565974248881451,300.6461432286759,0.13573809736831022
0.003,0.17634159848557304,0.19341909685985686,176.77239647180255,2049.3193183505628,4.7654392017351,0.13010791102741545,11.951146620343877,1.7549719405199335,27.723800482182803,4.071114971343549,4.071114971343549,343.8674263711057,0.14684548656883908
0.0032,0.21404417767822134,0.23322519035942957,200.25216028156123,2155.7624938181057,5.007090346302399,0.1301076193554427,11.944727221731771,1.8887349890120135,29.129649520364975,4.606064855685645,4.606064855685645,389.5415594043762,0.1581229067814728
0.0034000000000000002,0.25656467170901737,0.2779353362322046,224.95148077338948,2258.628049511738,5.24074421089632,0.1301072228148413,11.937962610339785,2.0242292177851633,30.48897294254488,5.16978247168459,5.16978247168459,437.5880414352677,0.16956236871037986
0.0036000000000000003,0.3041428926999074,0.327783828347699,250.82936798241562,2357.950298811463,5.466475649073995,0.13010669415859333,11.930866099048629,2.161347207009194,31.80220622276708,5.761158412614239,5.761158412614239,487.92713652078925,0.181155935291365
0.0038,0.35701049409673175,0.38299692198154656,277.84522509569166,2453.7635474854055,5.684359517016457,0.13010600149891094,11.923451762573954,2.2999827500895917,33.06978485034115,6.379019785503746,6.379019785503746,540.4798734987802,0.1928957147550943
0.004,0.41539104929095505,0.4437929108752323,305.95884836599544,2546.102093766551,5.894470673297612,0.13010510790840332,11.915734385326482,2.4400308533430106,34.29214432849766,7.022134556126499,7.022134556126499,595.1680458202333,0.2047738540016269
0.004200000000000001,0.4795001302242453,0.5103822042958279,335.1304270265021,2635.000228428742,6.096883978655564,0.13010397102522173,11.907729410889507,2.5813877356760506,35.46972017305775,7.689215759207705,7.689215759207705,651.9142113833097,0.216782532303379
0.0044,0.5495453859760724,0.5829674040957249,365.3205432063125,2720.492234861958,6.291674295768525,0.13010254266434465,11.899452892993146,2.7239508282678395,36.60294791112953,8.378925583904431,8.378925583904431,710.6416923690192,0.22891395535267056
0.0046,0.6257266213344975,0.661743381772372,396.4901718468234,2802.612389146896,6.478916489037372,0.1301007684370434,11.890921447870117,2.8676187742568997,37.692263079843,9.089879344156996,9.089879344156996,771.2745750785393,0.24116034966916236
0.0048000000000000004,0.7082358753503214,0.746897355528008,428.6006806189277,2881.3949601288355,6.6586854243767455,0.13009858738045033,11.88215220788354,3.0122914284327393,38.73810122513474,9.820649343038353,9.820649343038353,833.7377097721488,0.2535139573817403
0.005,0.7972574998747533,0.8386089673293957,461.6138298410315,2956.8742094908466,6.831055969016628,0.1300959315990362,11.873162776323106,3.1578698569326313,39.7408979005936,10.569768639741142,10.569768639741142,897.9567105097492,0.265967031398736
0.005200000000000001,0.8929682380807669,0.9370503599675608,495.49177239787565,3029.0843918263154,6.996102991316032,0.1300927259196929,11.863971183271904,3.3042563369439426,40.701088666376755,11.335734727341375,11.335734727341375,963.8579549929533,0.278511830979741
0.0054,0.9955373029683007,1.0423862541175206,530.1970536601513,3098.0597547108223,7.15390136059048,0.13008888756200943,11.854595842452406,3.4513543564124074,41.619109088206024,12.117013128966128,12.117013128966128,1031.3685844087158,0.29114061772167615
0.0056,1.10512645585346,1.1547740253980243,565.6926114048956,3163.834538773361,7.304525946954711,0.13008432582522553,11.845055508966357,3.599068613756688,42.495394736452845,12.91204091947012,12.91204091947012,1100.4165032744827,0.30384565197117896
0.0058000000000000005,1.2218900848418779,1.2743637814312854,601.9417757366604,3226.442977766949,7.448051621182132,0.13007894179324683,11.835369237849664,3.7473050175895537,43.330381185320554,13.719230179194703,13.719230179194703,1170.9303792848448,0.31661918967476094
0.006,1.3459752832863876,1.4012984389027152,638.9082690094385,3285.919298638582,7.584553254582179,0.1300726280590074,11.825556343369897,3.8959706864459553,44.124504012130956,14.536971385841882,14.536971385841882,1242.8396431596639,0.32945347967753463
0.006200000000000001,1.4775219282291556,1.5357138006206603,676.5562057493428,3342.2977215986084,7.714105718896962,0.1300652684693726,11.815636359000617,4.044973948518309,44.878198796722984,15.363636749948553,15.363636749948553,1316.0744884936641,0.3423407614806147
0.0064,1.6166627588284281,1.677738632576137,714.8500925780229,3395.612460189472,7.836783886218168,0.13005673789168393,11.805628998013322,4.194224341399202,45.59190112096932,16.197583498889763,16.197583498889763,1390.565871607459,0.35527326346652227
0.0066,1.7635234547700345,1.8274947410025597,753.754828136815,3445.8977213538788,7.95266262892536,0.13004690200295907,11.795554114634658,4.343632611831789,46.266046568417416,17.037157113778417,17.037157113778417,1466.2455114,0.36824320160107404
0.0068000000000000005,1.9182227146637958,1.9850970494354898,793.2357030116104,3493.1877055023656,8.06181681964657,0.13003561710267697,11.785431665723275,4.4931107154680685,46.90107072406022,17.88069452306039,17.88069452306039,1543.045889202431,0.38124277861928657
0.007,2.0808723344249787,2.150653675772353,833.2583996584394,3537.516606580307,8.164321331242082,0.13002272994999373,11.775281672927623,4.642571816635245,47.49740917424187,18.726527256031524,18.726527256031524,1620.9002486333272,0.39426418370177196
0.007200000000000001,2.251577285640942,2.324266009332191,873.7889923297566,3578.918612134331,8.260251036812146,0.1300080776261572,11.765124185292894,4.79193028811034,48.05549750670252,19.572984558925498,19.572984558925498,1699.7425954553016,0.40729959264693
0.0074,2.4304357939231087,2.5060287879153806,914.7939470014235,3617.4279033781927,8.349680809729373,0.12999148742280953,11.75497924229229,4.941101710903208,48.575771310766875,20.41839647564263,20.41839647564263,1779.5076974329688,0.4203411685429454
0.0076,2.6175394172444046,2.6960301748633824,956.2401213003783,3653.0786552580853,8.432685523696426,0.12997277675679308,11.7448668372647,5.090002874048104,49.05866617767974,21.26109689460829,21.26109689460829,1860.1310841922425,0.4333810629421773
0.0078000000000000005,2.8129731242623084,2.8943518361184646,998.0947644329852,3685.905036517406,8.509340052829572,0.1299517531120019,11.734806881247971,5.238551774403907,49.50461770109216,22.099426562669088,22.099426562669088,1941.5490470809586,0.44641141753896496
0.008,3.0168153726276303,3.1010690172834425,1040.3255171140563,3715.941209760972,8.579719271768521,0.12992821400874982,11.72481916720372,5.386667616463088,49.91406147770038,22.93173606635674,22.93173606635674,2023.6986390308025,0.4594243663501863
0.0082,3.2291381872791747,3.3162506206814184,1082.900411496539,3743.221331518718,8.643898055813104,0.12990194700105712,11.714923334636683,5.534270812169546,50.287433108041036,23.756388780276303,23.756388780276303,2106.5176744205346,0.47241203839608237
0.008400000000000001,3.4500072387244,3.5399592824155066,1125.78787110186,3767.779552308863,8.701951281086991,0.1298727297021912,11.705138834618307,5.681282980745346,50.62516819744359,24.571763781807864,24.571763781807864,2189.9447289404916,0.4853665608769011
0.0086,3.679481921306221,3.7722514494285684,1168.9567107509235,3789.6500167005306,8.753953824728798,0.12984032983872862,11.695484895230944,5.827626948526403,50.927702357142145,25.376258730754632,25.376258730754632,2273.919139458359,0.498280062838842
0.0088,3.917615431456072,4.013177456562963,1212.376136495751,3808.8668633759,8.799980565110848,0.12980450533334276,11.685980487455684,5.973226748807188,51.195471205548095,26.168292712026297,26.168292712026297,2358.3810038861957,0.5111446793205884
0.009000000000000001,4.164454845933371,4.262781603620262,1256.0157455517617,3825.464225191788,8.840106382085585,0.12976500441645658,11.676644291532986,6.1180076216944155,51.42891036968372,26.946309038917864,26.946309038917864,2443.271181048699,0.5239525559694175
0.0092,4.420041200051498,4.521102232420991,1299.8455262306848,3839.476229240772,8.874406157259918,0.12972156576683733,11.667494663831553,6.261896013969778,51.628455486778215,27.708778014037247,27.708778014037247,2528.5312905527044,0.5366958541135
0.0094,4.684409565890431,4.788171803864374,1343.835857874098,3850.9369969117897,8.902954774297392,0.12967391868114814,11.658549604266618,6.404819578961677,51.794542206025625,28.45419964444862,28.45419964444862,2614.1037126578995,0.5493667562745317
0.009600000000000001,4.957589130496141,5.064016974988054,1387.957510787588,3859.8806439502328,8.92582711924816,0.12962178327240947,11.649826724314302,6.5467071764259135,51.92760619050451,29.18110630714158,29.18110630714158,2699.9315881487487,0.5619574721023369
0.0098,5.2396032740668925,5.3486586760278305,1432.181646175525,3866.341280517576,8.943098080906738,0.1295648706972632,11.641343215673881,6.687488872435357,52.028083119259264,29.88806536050979,29.88806536050979,2785.958818207617,0.574460244710536
0.01,5.530469648126564,5.64211218747741,1476.4798160764478,3870.353011250485,8.95484255119727,0.12950288341187086,11.633115819634432,6.82709593927845,52.096408689541455,30.573681697130716,30.573681697130716,2872.1300642890724,0.5868673573898098
0.0102,5.830200253685101,5.944387217148116,1520.8239632990555,3871.949935319458,8.961135425586182,0.12943551545621806,11.625160797206558,6.965460855366548,52.133018619210496,31.236600232786778,31.236600232786778,2958.3907479953764,0.5991711406727637
0.010400000000000001,6.138801519386231,6.255487977228648,1565.1864213587974,3871.1661464869817,8.962051603521893,0.12936245276653605,11.617493900083696,7.102517305149988,52.13834864929179,31.87550832635863,31.87550832635863,3044.6870509531345,0.6113639797218933
0.0106,6.456274379642567,6.575413261344787,1609.5399144150597,3868.0357331651953,8.957665988901208,0.1292833735154928,11.610130342500492,7.238200179042741,52.11283454669002,32.489138124959034,32.489138124959034,3130.9659146911076,0.6234383220097285
0.0108,6.782614352758197,6.9041565216191705,1653.8575572089437,3862.5927784731075,8.948053490562133,0.12919794847974503,11.603084774058416,7.372445573355622,52.05691210705616,33.07626882846531,33.07626882846531,3217.1750405191765,0.6353866852579202
0.011000000000000001,7.117811619038902,7.2417059457309865,1698.1128550016288,3854.871360293298,8.93328902280242,0.12910584143438325,11.596371253590622,7.505190790237828,51.97101715780429,33.63572886744823,33.63572886744823,3303.262889408439,0.6472016655998291
0.0112,7.461851098890096,7.58804453397573,1742.2797035133215,3844.9055513281896,8.913447505923578,0.12900670957374247,11.590003224139242,7.636374337626746,51.8555855612764,34.16639798839643,34.16639798839643,3389.1786818724563,0.6588759459291591
0.0114,7.814712530902626,7.943150176324946,1786.3323888627806,3832.729419155827,8.888603866799551,0.1289002039579903,11.583993489118912,7.765935929205793,51.71105321805081,34.6672092400907,34.6672092400907,3474.8723978496055,0.6704023043953279
0.011600000000000001,8.176370549926533,8.306995729485937,1830.2455875074181,3818.377026285187,8.85883303946953,0.12878596998484562,11.578354189739963,7.893816484370175,51.537856070390944,35.137150855003036,35.137150855003036,3560.2947765865665,0.6817736230046579
0.0118,8.546794765132883,8.679549093961517,1873.9943661839714,3801.8824302110443,8.824209965754218,0.1286636478857206,11.573096783763894,8.019958128200354,51.33643010583059,35.57526801967553,35.57526801967553,3645.3973165229145,0.6929828962850892
0.012,8.925949838063813,9.060773291109754,1917.5541818497454,3783.279683468349,8.784809595894668,0.12853287324551865,11.568232025661866,8.144304191442998,51.107211360890425,35.98066452817787,35.98066452817787,3730.132275176817,0.7040232399710213
0.0122,9.313795560670862,9.45062654020368,1960.9008816244161,3762.602833686161,8.740706889213008,0.1283932775452623,11.563769948244595,8.266799210499215,50.850635924921924,36.35250431295038,36.35250431295038,3814.4526690318307,0.7148878996640826
0.012400000000000001,9.710286933341724,9.849062335491038,2004.0107027323995,3739.8859236411163,8.691976814794073,0.12824448872666505,11.559719845828699,8.387388927419872,50.567139944072856,36.69001284760832,36.69001284760832,3898.312273424792,0.7255702594251403
0.0126,10.115374242915555,10.256029523254034,2046.8602724457762,3715.162991310423,8.638694352187008,0.12808613177770187,11.55609025900064,8.506020289907642,50.25715962536901,36.99247841661326,36.99247841661326,3981.6656224347917,0.7360638502526922
0.0128,10.529003140686893,10.67147237886904,2089.426608027775,3688.468069924427,8.58093449212595,0.1279178293381753,11.552888961034702,8.62264145132567,49.92113124090688,37.25925324710819,37.25925324710819,4064.468008773235,0.7463623584029849
0.013000000000000001,10.951114720398339,11.09533068386634,2131.687116676807,3659.8351880186797,8.518772237268534,0.1277392023242151,11.550122946016138,8.737201770712428,49.559491132150036,37.48975449865512,37.48975449865512,4146.675483674976,0.756459633507716
0.0132,11.38164559622212,11.52753980298989,2173.6195954710533,3629.298369485581,8.452282602951293,0.1275498705705929,11.547798418714631,8.849651812802591,49.172675714323844,37.68346510711408,37.68346510711408,4228.244856790528,0.7663496964460896
0.0134,11.820527980730605,11.968030761257015,2215.2022313136017,3596.891633625544,8.381540617960656,0.127349453489676,11.545920786246668,8.959943348053534,48.76112148090085,37.83993447944429,37.83993447944429,4309.133696079329,0.776026746929226
0.013600000000000001,12.267689762855905,12.41673032101818,2256.4136008781265,3562.648995197711,8.306621325318387,0.12713757074578996,11.544494651558434,9.068029352677211,48.32526500817022,37.9587790367971,37.9587790367971,4389.300327704092,0.7854851707565289
0.013800000000000002,12.723054585838687,12.873561059016668,2297.2326705551163,3526.604464470207,8.227599783080114,0.1269138429437051,11.543523808753283,9.17386400867702,47.865542959883335,38.03968260389304,38.03968260389304,4468.703835926194,0.7947195467055401
0.014,13.186541925166255,13.338441443448383,2337.638796398645,3488.792047269936,8.14455106514566,0.12667789232990892,11.543011240280032,9.27740270388933,47.382392091968036,38.08239664333068,38.08239664333068,4547.3040630021305,0.8037246530190731
0.0142,13.658067166500071,13.811285911021564,2377.611724073679,3449.245745031911,8.057550262079758,0.12642934350527668,11.542959115990168,9.378602032029331,46.876249257303286,38.08674033415267,38.08674033415267,4625.061609081022,0.8124954734559695
0.014400000000000001,14.137541683592774,14.292004944016472,2417.131588803931,3407.999554848137,7.966672481941747,0.12616782414770245,11.543368794063717,9.477419792740829,46.347551410546046,38.05260049469035,38.05260049469035,4701.937832103171,0.821027202874665
0.0146,14.62487291619483,14.780505147345187,2456.178915320246,3365.087469516023,7.8719928511227035,0.12589296574320605,11.54424082379505,9.573814991649565,45.79673561300147,37.979931350412464,37.979931350412464,4777.894847699659,0.8293152523218301
0.0148,15.119964447950913,15.276689325611315,2494.7346178095227,3320.5434775863246,7.773586515188518,0.12560440432398748,11.545574950221464,9.667747840419711,45.22423903752766,37.86875414821124,37.86875414821124,4852.8955290929935,0.8373552536016637
0.015000000000000001,15.622716084286127,15.780456560169739,2532.779999864178,3274.401563410647,7.671528639727364,0.12530178121185803,11.54737012056886,9.75917975681314,44.630498973465926,37.719156619261575,37.719156619261575,4926.903506998789,0.8451430633049087
0.0152,16.133023930282167,16.291702286186307,2570.296754432136,3226.695707188462,7.565894411199886,0.12498474376543886,11.549624492480671,9.848073364751016,44.01595283158696,37.531292293277474,37.531292293277474,4999.883169528499,0.8526747662802854
0.0154,16.650780468543545,16.810318369697633,2607.2669637673553,3177.4598850136686,7.456759037790514,0.1246529461294813,11.552335443988067,9.934392494377327,43.38103814904346,37.30537966766117,37.30537966766117,5071.799662093166,0.8599466785347952
0.015600000000000001,17.175874637053948,17.336193184670794,2643.673099380885,3126.728068920669,7.344197750258154,0.12430604998463174,11.555499585171802,10.018102182123892,42.726192594319244,37.04170123568322,37.04170123568322,5142.618887308224,0.8669553495531493
0.0158,17.7081919070229,17.869211690063047,2679.4980219924555,3074.534226930012,7.228285802784676,0.12394372529593439,11.55911277145867,10.09916867077644,42.051853972165404,36.74060237844415,36.74060237844415,5212.307504899319,0.8736975640304271
0.016,18.247614360722764,18.409255506881603,2714.7249814825923,3020.9123230935356,7.109098473819312,0.12356565105834098,11.563170118488731,10.177559409541288,41.35846022851279,36.402490125939046,36.402490125939046,5280.832931609164,0.8801703430158876
0.0162,18.79402076931622,18.95620299524337,2749.337616845263,2965.8963175390354,6.986711066917276,0.12317151603747513,11.567666018483077,10.253243054112207,40.64644945535082,36.0278317930768,36.0278317930768,5348.163341105432,0.8863709444696402
0.0164,19.347286670674336,19.50992933143462,2783.319956141053,2909.520166514487,6.86119891157089,0.12276101950388366,11.572594158036171,10.326189466736965,39.91625989556271,35.61715349698574,35.61715349698574,5414.267663889656,0.8922968632375581
0.0166,19.90728444718534,20.070306584970794,2816.656416450864,2851.8178224317635,6.732637364031311,0.12233387195899416,11.577947537251617,10.396369716283141,39.16832994770603,35.171038562365126,35.171038562365126,5479.115587207174,0.8979458304533862
0.016800000000000002,20.47388340355414,20.637203795656212,2849.331803830142,2792.8232339098954,6.601101808119185,0.12188979585099244,11.583718490135812,10.463756078302755,38.403098170728775,34.69012582201566,34.69012582201566,5542.677554958082,0.9033158123803882
0.017,21.046949844592785,21.21048705064378,2881.3313132636254,2732.570345817838,6.466667656022342,0.12142852627883001,11.589898706160035,10.528322035095195,37.6210032886102,34.17510781999705,34.17510781999705,5604.924767609209,0.9084050087080907
0.0172,21.626347153001905,21.790019561494763,2912.640528620624,2671.093099316772,6.329410349078826,0.12094981168257642,11.596479252898597,10.590042275768084,36.82248419491611,33.626728925116936,33.626728925116936,5665.8291821071325,0.9132118503226789
0.017400000000000002,22.211935867143257,22.375661741238563,2943.2454226108152,2608.4254319019083,6.189405358543392,0.12045341451833796,11.603450599648182,10.648892696295512,36.00797995725822,33.045783362651484,33.045783362651484,5725.363511792177,0.9177349965723461
0.0176,22.803573758803495,22.967271281432275,2973.1323567405643,2544.6012774438186,6.046728186335785,0.11993911191597968,11.610802641931985,10.704850399573287,35.17792982164732,32.433113172334664,32.433113172334664,5783.501226313453,0.9219733320514049
0.0178,23.401115910949233,23.56470322922066,3002.2880812697667,2479.6545662292883,5.901454365769017,0.11940669631790576,11.618524726791238,10.757893695470711,34.332773216730175,31.789606100730186,31.789606100730186,5840.216551544907,0.925925962929184
0.018000000000000002,24.004414795473554,24.16781006439573,3030.6997351692075,2413.6192250016506,5.753659462255849,0.11885597609717886,11.626605678766577,10.808002100878419,33.472949757899634,31.116193436118703,31.116193436118703,5895.484469502368,0.9295922128516704
0.0182,24.613320350934018,24.776441776456505,3058.3548460784414,2346.52917700069,5.603419073991994,0.11828677615329003,11.635033826472013,10.855156339751893,32.59889925126926,30.41384779399893,30.41384779399893,5949.280718261618,0.9329716184455138
0.0184,25.2276800602823,25.39044594166874,3085.241330264189,2278.4183420019885,5.4508088326140705,0.11769893848392618,11.643797029665498,10.8993383431502,31.71106169750112,29.68358086120854,29.68358086120854,6001.581791877458,0.9360639244553471
0.018600000000000002,25.847339028585562,26.009667800124735,3111.347492579248,2209.3206363558556,5.295904403831069,0.11709232273112564,11.652882706721568,10.940531249269549,30.809877295479417,28.92644110653597,28.92644110653597,6052.36494030379,0.9388690785464506
0.0188,26.472140060739676,26.633950332802964,3136.6620264219205,2139.2699730257054,5.138781488027389,0.11646680670025905,11.662277862413948,10.978719403471267,29.895786445818803,28.143511465504325,28.143511465504325,6101.608169314674,0.9413872258055432
0.019,27.101923739174318,27.26313433862789,3161.1740136959493,2068.3002616259714,4.979515820836216,0.1158222868503273,11.671969115918586,11.013888358303769,28.96922975420009,27.33590700678453,27.33590700678453,6149.290240426417,0.9436187029729793
0.019200000000000002,27.73652850155018,27.897058511529686,3184.8729247709666,1996.4454084595511,4.818183173681718,0.11515867875412707,11.681942728950872,11.046024873518235,28.030648034524564,26.50477258742735,26.50477258742735,6195.390670820615,0.9455640324398553
0.0194,28.37579071844825,28.53555951750388,3207.748618443451,1923.7393165547296,4.654859354288588,0.11447591752689938,11.69218463395436,11.075116916077526,27.080482311878352,25.651280503803317,25.651280503803317,6239.889733268218,0.9472239160434692
0.0196,29.019544771051386,29.178472071671262,3229.7913418981916,1850.2158857016016,4.489620207157648,0.11377395822214703,11.702680462262258,11.101153660158097,26.11917382529935,24.7766281448119,24.7766281448119,6282.768456054559,0.9485992286943227
0.0198,29.667623128818185,29.82562901533747,3250.9917306702505,1775.909012488069,4.322541614006469,0.11305277619338173,11.713415572157185,11.124125487144504,25.147164030340566,23.882035653567872,23.882035653567872,6324.0086229053695,0.9496910118673305
0.02,30.319856427149322,30.47686139305273,3271.3408086074323,1700.8525903352695,4.153699494173492,0.11231236742064298,11.724375076759252,11.144023985616272,24.16489460142121,22.968743603395794,22.968743603395794,6363.592772913766,0.9505004669892057
0.020200000000000003,30.976073545046415,31.131998529671744,3290.829987833248,1625.0805095325816,3.9831698049849456,0.11155274880071496,11.735543871677065,11.160841951326802,23.172807433961275,22.038010693577974,22.038010693577974,6401.504200468212,0.9510289487530896
0.0204,31.636101682763535,31.79086810741322,3309.4510687103775,1548.6266572720995,3.8110285420832866,0.11077395840005935,11.746906662361251,11.174573387174048,22.171344646292315,21.091111469895726,21.091111469895726,6437.726955181434,0.9512779583904383
0.0206,32.29976643945146,32.45329624291977,3327.196239804617,1471.5249176826567,3.6373517397165016,0.10997605566957419,11.758447991104815,11.185213503162789,21.160948581340506,20.129334074598745,20.129334074598745,6472.245841820302,0.951249136928983
0.020800000000000003,32.96689189079475,33.119107564317545,3344.058077849324,1393.8091718633564,3.4622154709873523,0.10915912162038904,11.770152263639728,11.192758716358224,20.142061808076665,19.153978030022603,19.153978030022603,6505.046420236654,0.9509442584642525
0.021,33.63730066664175,33.78812528827598,3360.029547710338,1315.5132979166005,3.285695848061868,0.10832325896000755,11.782003775284034,11.197206650830717,19.11512712272921,18.16635205966383,18.16635205966383,6536.115005299067,0.9503652234707234
0.0212,34.310814028627654,34.46017129706761,3375.104002351389,1236.671170980676,3.1078690223366316,0.1074685921882142,11.79398673659863,11.198556137591574,18.08058754975736,17.16777195011422,17.16777195011422,6565.438666825559,0.949514052177171
0.021400000000000002,34.98725194779068,35.135066215627724,3389.2751827999773,1157.3166632618672,2.92881118456432,0.10659526765227051,11.806085298517758,11.196807214519682,17.0388863425815,16.159558456853585,16.159558456853585,6593.005229517229,0.9483928780292168
0.0216,35.66643318218145,35.812629488614114,3402.537218113727,1077.48364406606,2.7485985649370472,0.1057034535610368,11.818283576921907,11.191961126278885,15.99046698406804,15.143035256507792,15.143035256507792,6618.803272892791,0.9470039412604662
0.0218,36.34817535446568,36.4926794574668,3414.884625347207,997.2059798299307,2.56730743312748,0.10479333995776827,11.830565676626392,11.184020324226104,14.935773186768612,14.11952694780062,14.11952694780062,6642.822131224047,0.9453495825920086
0.022000000000000002,37.03229502952032,37.17503343746783,3426.312309519215,916.5175341516281,2.3850140982873698,0.10386513865144986,11.84291571476329,11.172988466310045,13.875248892911532,13.090357103059093,13.090357103059093,6665.051893472233,0.943432237078398
0.0222,37.71860779202314,37.85950779480091,3436.815563580518,835.4521678210328,2.2017949090036826,0.10291908310664964,11.855317843538591,11.158870416960573,12.809338274146578,12.056846371784056,12.056846371784056,6685.483403225274,0.9412544281166112
0.0224,38.406928324035945,38.545918023611264,3446.3900683820416,754.0437388495362,2.017726253212289,0.10195542829198799,11.867756272350448,11.141672246968698,11.738485731042863,11.0203106374627,11.0203106374627,6704.1082586359025,0.9388187616328637
0.022600000000000002,39.09707048258146,39.23407882306527,3455.03189264351,672.3261024994213,1.8328845580696116,0.10097445048743713,11.880215289258157,11.121401233357258,10.663135892342117,9.982059228486825,9.982059228486825,6720.918812360657,0.9361279204605827
0.0228,39.78884737721394,39.9238041744102,3462.7374929225252,590.3331113127402,1.6473462897823277,0.09997644705078268,11.89267928179508,11.09806585924232,9.583733613967965,8.943393183743266,8.943393183743266,6735.908171499724,0.9331846589212972
0.023,40.482071447583735,40.614907418034015,3469.503713584075,508.098615139787,1.4611879533957948,0.09896173614369588,11.905132757121958,11.071675813685442,8.500723977795044,7.905603573170228,7.905603573170228,6749.070197537637,0.929991797618727
0.023200000000000002,41.17655454099567,41.307201330525054,3475.3277867704765,425.65646116716715,1.2744860925417696,0.09793065641798061,11.917560361520191,11.0422419915369,7.4145522901813115,6.869969873317469,6.869969873317469,6760.399506284799,0.9265522184549156
0.0234,41.87210798996156,42.00049820173178,3480.2073323717345,343.0404939454063,1.0873172891459646,0.09688356666267377,11.929946899227435,11.00977649327005,6.325664080266711,5.837758397713673,5.837758397713673,6769.891467819826,0.9228688598758998
0.0236,42.56854268974679,42.69460991182254,3484.140357996317,260.28455541615295,0.8997581630963599,0.09582084541278937,11.94227735062041,10.974292624806978,5.23450509804351,4.8102207816325,4.8102207816325,6777.5422064326995,0.9189447123531137
0.0238,43.265669175911064,43.38934800834524,3487.1252589423375,177.42248493900982,0.7118853718732447,0.09474289052060687,11.954536889752127,10.935804897335705,4.141521312204002,3.7885925206559645,3.7885925206559645,6783.3486005687,0.9147828141055203
0.024,43.96329770184346,44.084523783287096,3489.1608181691367,94.48811931791212,0.5237756101418136,0.09365011869051032,11.966710901252883,10.894329027119113,3.0471589077703642,2.7740915622597386,2.7740915622597386,6787.30828277314,0.9103862470663101
0.024200000000000003,44.66123831629184,44.77994835013449,3490.246206269258,11.515292827146167,0.33550560930863693,0.09254296497848934,11.978784996606064,10.84988193529591,1.9518642835143387,1.7679169494946037,1.7679169494946037,6789.4196396368325,0.9057581330969706
0.0244,45.3593009408867,45.47543272093248,3490.3809814408064,-71.46216276298975,0.14715213704321875,0.09142188225751102,11.99074502981156,10.802481747673939,0.8560840491738151,0.7712475157033899,0.7712475157033899,6789.681811742344,0.9009016304505396
0.0246,46.05729544765946,46.170787883344715,3489.565089460188,-154.41041816097766,-0.0412080032342671,0.09028734065006887,12.00257711245084,10.752147794516029,-0.23973497752736,-0.21475937090337197,-0.21475937090337197,6788.094693610939,0.8958199304849555
0.024800000000000003,46.75503173655544,46.86582487771312,3487.7988636552172,-237.29564652912285,-0.22949797289721188,0.08913982692930375,12.014267628169003,10.69890061031891,-1.3351457740455668,-1.188969014083618,-1.188969014083618,6784.658933650292,0.8905162546266203
0.025,47.452319812941354,47.56035487411764,3485.0830248785846,-320.0840234590924,-0.4176408986878479,0.08797984389017884,12.025803246590016,10.642761933585335,-2.4297011163641833,-2.1502705491679244,-2.1502705491679244,6779.375934102857,0.8849938515835232
0.0252,48.14896986510772,48.25418924943588,3481.4186814816826,-402.74172694764405,-0.6055598733213179,0.08680790969226984,12.037170936682147,10.583754706590005,-3.522953582507869,-3.0975780568455638,-3.0975780568455638,6772.247850994963,0.8792559948066375
0.025400000000000002,48.844792341765874,48.94713966440299,3476.807329288772,-485.2349373728256,-0.7931779561175315,0.08562455717580673,12.048357979591223,10.52190307513948,-4.614455556218501,-4.029831632602039,-4.029831632602039,6763.277594086557,0.8733059801976822
0.0256,49.53959802953997,49.6390181406713,3471.2508515714912,-567.5298374704531,-0.9804181736586763,0.08443033315267132,12.05935198095968,10.457232388326652,-5.703759230780365,-4.945998413306697,-4.945998413306697,6752.468826821615,0.867147124060846
0.0258,50.23319813045385,50.32963713787005,3464.751519023691,-649.5926123108549,-1.1672035204705824,0.08322579767411728,12.070140882749664,10.389769198280145,-6.790416612984118,-5.845073562471973,-5.845073562471973,6739.825966279196,0.8607827612955983
0.026000000000000002,50.925404339413,51.018809630665245,3457.3119897365905,-731.3894492760256,-1.3534569597264534,0.0820115232770344,12.08071297458859,10.319541259909064,-7.873979527220865,-6.726081215715843,-6.726081215715843,6725.354183125112,0.8542162438273224
0.0262,51.616028921681426,51.706349185819235,3448.9353091742514,-812.8865380370055,-1.539101423970663,0.0807880942106282,12.091056904655417,10.24657753064357,-8.953999619692981,-7.5880753879515295,-7.5880753879515295,6709.059401564215,0.8474509392721766
0.0264,52.30488479035379,52.3920700392505,3439.624910149348,-894.0500705315579,-1.7240598158608875,0.07955610564542691,12.101161690125803,10.170908170171783,-10.030028362731596,-8.430140843816869,-8.430140843816869,6690.948299293265,0.8404902298323101
0.026600000000000002,52.99178558382264,53.0757871730935,3429.384612799241,-974.8462409421772,-1.9082550089266817,0.07831616286656297,12.11101672719396,10.0925645401734,-11.101617059209751,-9.251393932829966,-9.251393932829966,6671.028307454393,0.8333375114173242
0.0268,53.676545743240936,53.75731639275813,3418.2186245623366,-1055.2412456742834,-2.091609848342217,0.07706888045330362,12.120611800688657,10.011579204050612,-12.168316847037941,-10.050983390721422,-10.050983390721422,6649.307610589106,0.8259961929876992
0.027,54.35898058997982,54.43647440398988,3406.131540154724,-1135.2012833347399,-2.2740471517114837,0.07581488144682433,12.129937093300235,9.927985926656714,-13.229678703732164,-10.82809110835279,-10.82809110835279,6625.7951465928445,0.8184696961157588
0.027200000000000002,55.03890640308183,55.113078889929135,3393.1283415470903,-1214.6925547106118,-2.45548970986377,0.07455479650823259,12.138983194434923,9.84181967402297,-14.285253451041774,-11.581932869576901,-11.581932869576901,6600.500606670077,0.8107614547596474
0.0274,55.7161404967094,55.78694858817109,3379.214397941891,-1293.6812627481336,-2.635860287657336,0.0732892630688537,12.14774110871204,9.753116613084172,-15.334591759624988,-12.311759059336685,-12.311759059336685,6573.434435289889,0.8028749152457236
0.027600000000000003,56.39050129758892,56.45790336782565,3364.395465750786,-1372.13361253194,-2.8150816247893897,0.07201892447478873,12.156202264118804,9.66191411140343,-16.37724415376108,-13.01685534323362,-13.01685534323362,6544.607830142088,0.7948135364547438
0.027800000000000002,57.06180842245027,57.125764306576926,3348.6776885723148,-1450.0158112645265,-2.9930764366103024,0.07074442912774498,12.164358519836671,9.568250736896614,-17.412761016087206,-13.696543319722712,-13.696543319722712,6514.032742093781,0.7865807902071835
0.028,57.7298827554619,57.79035376774299,3332.0675971698215,-1527.2940682458486,-3.1697674149398516,0.06946642962412267,12.172202173752133,9.472166257557065,-18.44069259234707,-14.350181146011037,-14.350181146011037,6481.721875146433,0.778180161843075
0.028200000000000003,58.39454652566156,58.45149547733576,3314.5721094496053,-1603.9345948532475,-3.3450772288839867,0.06818558189431753,12.179725969663853,9.373701641180844,-19.460588996142583,-14.977164138654437,-14.977164138654437,6447.68868639336,0.7696151509917385
0.0284,59.05562338438263,59.109014601120705,3296.198530439303,-1679.903604521457,-3.518928525649604,0.06690254434416884,12.186923104197025,9.27289905509324,-20.472000213673976,-15.576925349752086,-15.576925349752086,6411.947385977676,0.7608892725268587
0.0286,59.712938482676186,59.762737821676296,3276.9545522664857,-1755.1673127228282,-3.6912439313557712,0.06561797700044376,12.193787233434557,9.1698018658768,-21.47447610845924,-16.148936119546498,-16.148936119546498,6374.512937050669,0.7520060577023855
0.028800000000000003,60.36631854872879,60.4124934154542,3256.848254137474,-1829.691936947783,-3.861946051839569,0.06433254066220617,12.200312479273615,9.064454639101418,-22.467566426022252,-16.692706606134568,-16.692706606134568,6335.401055730577,0.7429690554648073
0.029,61.01559196527609,61.0581113298387,3235.8881023163513,-1903.443696685384,-4.030957473454503,0.0630468960598665,12.206493435514663,8.956903139056935,-23.450820798537688,-17.2077862928886,-17.2077862928886,6294.628211061773,0.7337818339374125
0.0292,61.660588847012185,61.69942326020646,3214.0829501041826,-1976.3888134040608,-4.198200763859826,0.06176170302365369,12.212325173688932,8.847194328488653,-24.42378874942304,-17.693764474077575,-17.693764474077575,6252.211624974336,0.7244479820722145
0.029400000000000003,62.30114111799494,62.336262726986384,3191.4420378184227,-2048.493510532552,-4.363598472799248,0.06047761966318775,12.217803248628776,8.735376368336139,-25.38601969786891,-18.150270719064647,-18.150270719064647,6208.169272243999,0.7149711114652729
0.0296,62.93708258904713,62.96846515271925,3167.9749927725134,-2119.7240134408826,-4.527073132866992,0.059195301559764185,12.22292370378403,8.621498617475844,-26.337062963295654,-18.576975315335716,-18.576975315335716,6162.519880452454,0.7053548583312158
0.0298,63.56824903515353,63.59586793911744,3143.691829255663,-2190.0465494216305,-4.6885472602602425,0.05791540097288897,12.227683076285935,8.505611632467687,-27.276467769730935,-18.973589690494542,-18.973589690494542,6115.282929948024,0.6956028856327867
0.030000000000000002,64.19447827285403,64.2183105441249,3118.6029485127974,-2259.4273476711787,-4.847943355515841,0.05663856606252542,12.23207840175873,8.387767167306237,-28.20378325009552,-19.339866813227683,-19.339866813227683,6066.478653806658,0.685718885361317
0.0302,64.81561023763274,64.83563455897635,3092.719138724692,-2327.832639271203,-5.005183904230408,0.055365440128433245,12.236107218877386,8.268018173176596,-29.11855845039277,-19.67560157311538,-19.67560157311538,6016.128037793288,0.6757065809640032
0.0304,65.43148706130303,65.44768378525758,3066.051574988258,-2395.2286571702457,-5.160191377762266,0.05409666086789425,12.239767573668303,8.146418798215413,-30.020342333792183,-19.9806311390251,-19.9806311390251,5964.252820323472,0.6655697299139073
0.030600000000000002,66.0419531493889,66.0543043119649,3038.6118192969993,-2461.5816361653556,-5.3128882339139025,0.052832859653030424,12.243058023548224,8.02302438727737,-30.908683784599734,-20.25483529568535,-20.25483529568535,5910.875492425392,0.655312126418574
0.0308,66.64685525850214,66.65534459256502,3010.411820521624,-2526.857812883949,-5.463196917594222,0.051574660828828646,12.245977641094726,7.897891481707246,-31.78313161211067,-20.49813675789378,-20.49813675789378,5856.01929770212,0.6449376042631102
0.031,67.24604257371593,67.25065552205453,2981.4639143908103,-2591.0234257656625,-5.6110398614590435,0.050322681032891003,12.248526017539941,7.771077819118002,-32.6432345543357,-20.710501461661877,-20.710501461661877,5799.708232294218,0.634450039783545
0.031200000000000002,67.83936678593432,67.84009051401993,2951.780823472122,-2654.0447150443897,-5.75633948652935,0.04907752853783358,12.250703265977373,7.64264233317497,-33.48854128159778,-20.891938831447774,-20.891938831447774,5741.967044842606,0.6238533549661676
0.031400000000000004,68.4266821692582,68.42350557769718,2921.3756571530703,-2715.8879227303687,-5.899018202786174,0.047839802617157805,12.252510024269625,7.512645153386428,-34.31860039999299,-21.042502022468803,-21.042502022468803,5682.821236451728,0.6131515206684566
0.0316,69.00784565834728,69.0007593950315,2890.261911622323,-2776.5192925924043,-6.038998409741587,0.04661009293531864,12.253947457643088,7.3811476049006846,-35.13296045471229,-21.16228813692398,-21.16228813692398,5622.29706065299,0.6023485599570514
0.0318,69.58271692577843,69.57171339773701,2858.4534698510497,-2835.9050701401425,-6.176202496984965,0.045388978962613305,12.255017260953469,7.248212208309875,-35.931169933219635,-21.25143841278904,-21.25143841278904,5560.421523368482,0.5914485515580536
0.032,70.15115845940028,70.13623184435677,2825.9646015744097,-2894.011502606466,-6.310552844704187,0.044177029415413176,12.255721660604106,7.113902679460544,-36.712777268284036,-21.310138383675596,-21.310138383675596,5497.222382874959,0.5804556334147268
0.0322,70.71303563968415,70.69418189732212,2792.8099632731737,-2950.804838929981,-6.441971824181266,0.04297480172216016,12.25606341609684,6.978283929271153,-37.47733084086304,-21.33861800807006,-21.33861800807006,5432.728149768099,0.569374006347424
0.0324,71.26821681707123,71.24543370001267,2759.004598155483,-3006.2513297375367,-6.570381798261942,0.041782841515448164,12.256045821193045,6.8414220635565925,-38.22437898283466,-21.33715176608713,-21.33715176608713,5366.968086927009,0.5582079378102901
0.032600000000000004,71.81657338931633,71.78986045381589,2724.5639361387393,-3060.317227326896,-6.695705121799335,0.04060168215041069,12.255672704660276,6.703384382859718,-38.9534699795784,-21.306058721689638,-21.306058721689638,5299.972209479005,0.5469617657389566
0.0328,72.35797987882776,72.32733849518684,2689.503793831628,-3112.9687856494565,-6.817864142071244,0.039431844249536586,12.254948430577638,6.56423938228996,-39.66415207240296,-21.245702548136563,-21.245702548136563,5231.77128476464,0.5356399024830947
0.033,72.8923140100039,72.85774737270815,2653.840374516272,-3164.1722602930604,-6.936781199171198,0.03827383527393902,12.253877898170757,6.4240567513690054,-40.35597346082128,-21.156491514229774,-21.156491514229774,5162.39683230299,0.5242468388172842
0.0332,73.41945678656596,73.38096992414953,2617.590268130513,-3213.8939084648773,-7.052378626373285,0.03712814912100795,12.25246654114481,6.282907373883534,-41.028482304672956,-21.038878428734257,-21.038878428734257,5091.881123757182,0.5127871480232167
0.0334,73.9392925688874,73.8968923535275,2580.7704512503274,-3262.099988974389,-7.164578750470976,0.03599526574828346,12.250720326481776,6.140863327744985,-41.681226726095424,-20.893360540148016,-20.893360540148016,5020.257182900192,0.5012654900357643
0.033600000000000005,74.45170915131978,74.40540430816523,2543.3982870723653,-3308.756762216444,-7.273303892090124,0.03487565082329736,12.248645752665553,5.997997884856218,-42.31375481134491,-20.720479388796093,-20.720479388796093,4947.558785580878,0.48968661564491184
0.033800000000000004,74.9565978395151,74.90639895575207,2505.4915253966224,-3353.8304901543506,-7.378476365976429,0.03376975539904366,12.24624984729625,5.85438551098512,-42.92561461246877,-20.520820608020788,-20.520820608020788,4873.820459690276,0.47805537074500093
0.034,75.45385352774478,75.39977306140374,2467.06830260924,-3397.2874363032006,-7.480018481258192,0.03267801561465494,12.24354016405243,5.710101865644832,-43.516354148834154,-20.295013671035733,-20.295013671035733,4799.077485128135,0.4663767006220914
0.0342,75.94337477621508,75.88542706472144,2428.1471416654326,-3439.0938657130428,-7.577852541684036,0.03160085242078141,12.240524778957658,5.56522380198076,-44.08552140851094,-20.043731579804856,-20.043731579804856,4723.365893769709,0.45465565426964205
0.0344,76.42506388837928,76.36326515685207,2388.746952072547,-3479.2160449524017,-7.671900845837261,0.03053867132909369,12.237212285905276,5.419829366663903,-44.63266434951883,-19.767690492106226,-19.767690492106226,4646.722469432809,0.4428973887219738
0.0346,76.89882698824637,76.83319535754788,2348.8870298732545,-3517.6202420916734,-7.7620856873264445,0.029491862185258056,12.233611791392807,5.273997799790621,-45.15733090093619,-19.46764928273401,-19.46764928273401,4569.184747845096,0.43110717339430726
0.034800000000000005,77.36457409768639,77.29512959222598,2308.5870576288653,-3554.272726686745,-7.848329354953792,0.02846079896466557,12.229732908415137,5.127809534788449,-45.65906896387941,-19.14440903459481,-19.14440903459481,4490.791016611636,0.4192903944173681
0.035,77.82221921373257,77.7489837690281,2267.867104402786,-3589.1397697625894,-7.930554132861442,0.02744583959013318,12.225585749463079,4.981346198327927,-46.137426412354145,-18.798812455256655,-18.798812455256655,4411.58031518271,0.4074525589538069
0.0352,78.27168038588,78.19467785588098,2226.747625744103,-3622.187643797136,-8.008682300657256,0.026447325770736663,12.22118091857184,4.834690610240031,-46.591951093987056,-18.43174321431987,-18.43174321431987,4331.592434821886,0.39559929948283673
0.0354,78.71287979338123,78.63213595755488,2185.249463671303,-3653.3826227049926,-8.08263613352003,0.02546558286088158,12.216529502361528,4.687926783439259,-47.022190830637925,-18.044125196794045,-18.044125196794045,4250.867918574345,0.3837363780387102
0.0356,79.14574382253846,79.06128639272454,2143.3938466561276,-3682.6909818215004,-8.152337902286153,0.024500919738670274,12.211643060009926,4.541139923851835,-47.4276934189038,-17.63692166749377,-17.63692166749377,4169.448061235482,0.3718696903877687
0.0358,79.57020314399257,79.4820617710281,2101.2023896075675,-3710.078997886742,-8.217709873517833,0.0235536287025791,12.206533612095603,4.394416430349022,-47.808006630515905,-17.211134341300223,-17.211134341300223,4087.3749093197653,0.3600052701280027
0.036000000000000004,79.986192790009,79.89439907012712,2058.6970938559903,-3735.5129490296817,-8.278674309554335,0.022623985385421985,12.20121362824785,4.247843894685166,-48.16267821263773,-16.767802353987566,-16.767802353987566,4004.691261029865,0.3481492926941872
0.0362,80.39365223176048,80.29823971276657,2015.9003471374158,-3758.9591147524534,-8.335153468547315,0.021712248684543498,12.19569601353814,4.101511101440215,-48.49125588807061,-16.30800112817832,-16.30800112817832,3921.4406662260553,0.33630807925084627
0.0364,80.79252545660654,80.69352964383403,1972.834923577924,-3780.383775914751,-8.387069604481217,0.020818660707156704,12.189994093546504,3.955508027966468,-48.79328735537238,-15.832841128875309,-15.832841128875309,3837.667426395898,0.324488100454499
0.0366,81.18276104536997,81.0802194074196,1929.5239836782125,-3799.753214718297,-8.434344967179825,0.019943446729718654,12.184121598035064,3.8099258443392725,-49.06832028889545,-15.34346650292203,-15.34346650292203,3753.41659462419,0.312695980065867
0.0368,81.56431224961028,81.45826422387626,1885.9910742982943,-3817.033714691399,-8.476901802300068,0.019086815170218964,12.17809264316005,3.6648569133114046,-49.315902338750824,-14.84105359667083,-14.84105359667083,3668.7339755632056,0.3009384983920129
0.037000000000000005,81.93713706889399,81.82762406687847,1842.2601286423446,-3832.1915606737684,-8.514662351314634,0.018248957572245317,12.171921712153104,3.5203947902707475,-49.535581130706944,-14.326809346091954,-14.326809346091954,3583.666125403213,0.2892225955377116
0.037200000000000004,82.30119832806196,82.18826374048295,1798.3554662436943,-3845.19303880129,-8.547548851483851,0.017430048599682436,12.165623634402454,3.3766342232011413,-49.726904266026075,-13.801969533537832,-13.801969533537832,3498.2603518432866,0.2775553744448049
0.0374,82.65646375449377,82.54015295618768,1754.3017929499704,-3856.004436491005,-8.575483535818528,0.01663024604089956,12.159213562864707,3.2336711526459982,-49.889419321248134,-13.267796905392263,-13.267796905392263,3412.5647140624033,0.26594410369778443
0.0376,83.00290605536907,82.88326640999225,1710.1242009083905,-3864.5920424262363,-8.598388633034766,0.015849690821284828,12.152706949738587,3.091602711674406,-50.02267384792781,-12.725579144882175,-12.725579144882175,3326.62802269083,0.2543962200734963
0.0378,83.34050299492607,83.21758385945695,1665.8481685512063,-3870.9221465417854,-8.616186367501724,0.015088507022992881,12.146119520332995,2.9505272258494983,-50.12621537233067,-12.17662669441627,-12.17662669441627,3240.499839781813,0.24291933081262873
0.038,83.66923747171712,83.543090200763,1621.4995605813021,-3874.9610400092765,-8.628798959183591,0.014346801910785039,12.1394672450633,2.810544213198768,-50.19959139509558,-11.622270421941641,-11.622270421941641,3154.230478783561,0.23152121559055394
0.038200000000000005,83.98909759586138,83.85977554577214,1577.1046279579477,-3876.675015222706,-8.636148623577037,0.01362466596285912,12.13276630951175,2.6717543841860074,-50.242349390870814,-11.063859125979176,-11.063859125979176,3067.8710045115317,0.22020982816519152
0.038400000000000004,84.30007676629471,84.16763529908638,1532.6900078827064,-3876.030365784051,-8.63815757164488,0.012922172905587597,12.126033082490562,2.534259641684679,-50.25403680792813,-10.502756874213546,-10.502756874213546,2981.4732331210203,0.20899329767985167
0.0386,84.60217374801674,84.46667023510737,1488.2827237855004,-3872.9933864889913,-8.634748009747142,0.012239379751109124,12.119284082049319,2.398163080952445,-50.234201067761695,-9.940340170776578,-9.940340170776578,2895.0897320800505,0.19787992959951525
0.0388,84.89539274933516,84.75688657509698,1443.9101853108345,-3867.5303733129226,-8.625842139570915,0.01157632683674915,12.112535939372098,2.2635689896064783,-50.182389564680086,-9.377994947674852,-9.377994947674852,2808.773820142577,0.18687820625973883
0.039,85.17974349910727,85.03829606423612,1399.6001883041774,-3859.607623396987,-8.611362158059437,0.010933037865278801,12.105805360514099,2.1305828475994724,-50.09814966539362,-8.817113376174918,-8.817113376174918,2722.5795673219955,0.17599678700839386
0.0392,85.45524132397888,85.31091604868516,1355.3809147985035,-3849.191435034196,-8.591230257341461,0.010309519945059738,12.09910908593249,1.999311327196053,-49.981028708603525,-8.259090494374249,-8.259090494374249,2636.5617948649615,0.165244507921714
0.039400000000000004,85.72190722562041,85.5747695526429,1311.2809330009957,-3836.248107655935,-8.565368624662515,0.009705763629163146,12.092463847771823,1.8698622929492252,-49.830574004601935,-7.705320647651955,-7.705320647651955,2550.7760752255235,0.1546303810776965
0.0396,85.97976795796046,85.82988535540748,1267.329197279907,-3820.743941818353,-8.533699442317781,0.009121742952596108,12.085886324870529,1.7423448016768872,-49.646332834881505,-7.157193739210765,-7.157193739210765,2465.278732039567,0.14416359337183757
0.0398,86.22885610441675,86.0762980684346,1223.5550481515847,-3802.6452391891253,-8.496144887588514,0.008557415466814912,12.079393095461871,1.6168691024379487,-49.42785245176544,-6.616091288489156,-6.616091288489156,2380.12684009957,0.13385350486237535
0.04,86.46921015512441,86.31404821239899,1179.9882122676547,-3781.9183025341467,-8.452627132681783,0.008012722270755602,12.073000587550057,1.4935466365081123,-49.17468007805695,-6.083382295838054,-6.083382295838054,2295.3782253296786,0.12370964663484654
0.0402,86.70087458416181,86.54318229425239,1136.6588024023692,-3758.529435704622,-8.403068344675303,0.0074875880376632205,12.066725026950191,1.3724900373548432,-48.886362906718325,-5.560418912516023,-5.560418912516023,2211.0914647610894,0.11374171817866754
0.040400000000000005,86.92389992677384,86.76375288428457,1093.5973174401138,-3732.444943624147,-8.34739068546708,0.006981921037056188,12.060582382989097,1.2538131306116256,-48.56244810057796,-5.048531915758092,-5.048531915758092,2127.325886507751,0.10395958427182356
0.040600000000000004,87.13834285659266,86.97581869318262,1050.8346423630755,-3703.6311322759466,-8.285516311730907,0.006495613151217578,12.054588311872905,1.1376309340512347,-48.202482792071436,-4.54902598940875,-4.54902598940875,2044.1415697423759,0.09437327137341968
0.0408,87.34426626285611,87.17944464909044,1008.4020482390753,-3672.054308690371,-8.217367374878428,0.0060285398856624785,12.048758097736489,1.0240596575578245,-47.80601408302084,-4.06317481137412,-4.06317481137412,1961.5993446727668,0.08499296352793463
0.041,87.54173932762359,87.37470197466907,966.3311922095553,-3637.680780932416,-8.142866021027777,0.005580560373089296,12.043106591399212,0.9132167030978526,-47.372589044452326,-3.5922159499343875,-3.5922159499343875,1879.760792518455,0.07582899778949409
0.0412,87.7308376029896,87.56166826415561,924.6541174777307,-3600.476858089614,-8.061934390979976,0.005151517370381472,12.037648146861052,0.8052206646895228,-46.901754716458775,-3.1373455717543846,-3.1373455717543846,1798.6882454876475,0.06689185917927772
0.0414,87.91164308829494,87.74042756042373,883.4032532968968,-3560.4088502597374,-7.974494620202259,0.004741237248286444,12.032396555582768,0.7001913283709547,-46.39305810810281,-2.6997129652306486,-2.6997129652306486,1718.4447867544845,0.05819217519439893
0.041600000000000005,88.0842443073356,87.91107043204306,842.6114149588966,-3517.443068539026,-7.880468838820159,0.0043495299734579084,12.027364978603217,0.5982496721666273,-45.846046197370725,-2.280414883601406,-2.280414883601406,1639.0942504366053,0.049740709892060184
0.041800000000000004,88.24873638556923,88.07369405033906,802.3118037827434,-3471.545825010358,-7.779779171617381,0.003976189082607345,12.02256587655617,0.49951786605231896,-45.260265931171794,-1.8804897130141984,-1.8804897130141984,1560.7012215730151,0.041548357578673915
0.042,88.40522112731956,88.22840226645212,762.5380071033989,-3422.6834327315187,-7.672347738043967,0.003620991648569736,12.018010937657706,0.4041192719184221,-44.63526422538573,-1.500911471475566,-1.500911471475566,1483.3310361022561,0.03362613613972833
0.0422,88.55380709297846,88.37530568839837,723.3239982607073,-3370.822205723959,-7.55809665223376,0.00328369823814671,12.013711003743424,0.3121784435313837,-43.97058796496432,-1.142583645285389,-1.142583645285389,1407.0497808408836,0.025985180052534154
0.0424,88.69460967620572,88.51452175812908,684.7041365884785,-3315.9284589611393,-7.436948023029257,0.0029640528616473173,12.009675994442055,0.22382112649372332,-43.26578400407595,-0.8063328701713475,-0.8063328701713475,1331.9242934622262,0.018636733130627775
0.0426,88.82775118112689,88.64617482858937,646.7131674037266,-3257.9685083576646,-7.308823954016529,0.0026617829141022866,12.005914829578344,0.13917425820197815,-42.52039916630885,-0.49290246486205325,-0.49290246486205325,1258.0221624754552,0.011592141055265678
0.042800000000000005,88.95336089952879,88.77039624077916,609.3862219960537,-3196.9086707580454,-7.173646543567616,0.0023765991081811065,12.002435349903179,0.05836596780319603,-41.73398024491767,-0.20294582526484786,-0.20294582526484786,1185.411727204931,0.004862843756427053
0.043000000000000003,89.07157518805299,88.88732440081311,572.7588176171828,-3132.715263925963,-7.031337884892249,0.0021081953988933183,11.99924423625257,-0.01847442385047282,-40.906074003124374,0.06298031228577955,0.06298031228577955,1114.162077769844,-0.0015396322873950006
0.0432,89.18253754538719,88.99710485697852,536.8668574706356,-3065.3546065334126,-6.881820066097374,0.001856248900203766,11.996346927239077,-0.09121640424872823,-40.03622717446459,0.3044227300769109,0.3044227300769109,1044.3430550641347,-0.007603681754285628
0.0434,89.28639868945454,89.09989037679722,501.74663070155395,-2994.7930181501724,-6.725015170255323,0.001620419793738642,11.993747535579278,-0.15972826927181671,-39.12398646318416,0.5210387017268965,0.5210387017268965,976.0252507366918,-0.013317628105642972
0.0436,89.38331663460097,89.19584102408402,467.4348123866612,-2920.9968192333517,-6.560845275479826,0.001400351229802106,11.991448763158921,-0.22387712324078834,-38.16889854468136,0.7126030700898995,0.7126030700898995,909.280007171828,-0.01866973104439235
0.0438,89.47345676878051,89.28512423600695,433.9684635243633,-2843.932331117056,-6.38923245500973,0.001195669220963046,11.989451814932922,-0.283528878969282,-37.17051006599396,0.8790154222565382,0.8790154222565382,844.1794174700212,-0.023648193707751126
0.044000000000000004,89.55699193073863,89.36791490014704,401.3850310249863,-2763.5658760022593,-6.210098777300294,0.0010059825285084673,11.987756311750406,-0.33854825781681264,-36.12836764633035,1.0203073541327674,1.0203073541327674,780.7963254289248,-0.028241169490988687
0.0442,89.63410248719366,89.44439543155713,369.7223477011464,-2679.8637769466586,-6.02336630612124,0.0008308825420922463,11.986360202185306,-0.38879878974335935,-35.04201787763996,1.1366498178911433,1.1366498178911433,719.204325524636,-0.03243676839216588
0.0444,89.70497641001627,89.5147558498229,339.01863225825406,-2592.792357854807,-5.828957100661888,0.0006699431529364904,11.985259673440183,-0.4341428133653482,-33.91100732522491,1.2283605466514091,1.2283605466514091,659.4777628932226,-0.03622306276162094
0.0446,89.7698093534071,89.5791938561224,309.3124892851457,-2502.317943468421,-5.62679321564272,0.0005227206209672373,11.984449061375113,-0.4744414760128626,-32.73488252838904,1.2959115520738456,1.2959115520738456,601.6917333124997,-0.03958809233391864
0.0448,89.82880473107251,89.63791491028468,280.6429092448418,-2408.4068593565385,-5.416796701432284,0.000388753436286153,11.983920759694108,-0.5095547337878303,-31.51319000111806,1.339936692157743,1.339936692157743,545.9220831840516,-0.042519868414153034
0.045000000000000005,89.88217379339847,89.69113230785048,253.04926846543054,-2311.0254319061046,-5.198889604170286,0.00026756217539513456,11.983665128298654,-0.539341351623384,-30.245476232795582,1.3612393084455996,1.3612393084455996,492.24540951549903,-0.04500637708490069
0.045200000000000004,89.93013570462267,89.73906725713167,226.57132913107222,-2210.139988312487,-4.972993965895341,0.0001586493526016609,11.983670400791391,-0.5636589033440408,-28.931287688946433,1.3607999340507204,1.3607999340507204,440.7390599029994,-0.04703558129459379
0.0454,89.97291762000488,89.78194895627172,201.24923927312355,-2105.7168565702505,-4.739031824677695,6.149926703859407e-05,11.983922591082308,-0.5823637717267667,-27.570170812008705,1.339784076474291,1.339784076474291,391.4811325139817,-0.04859542168272396
0.0456,90.01075476299543,89.82001467030427,177.1235327613777,-1997.7223654638383,-4.496925214755662,-2.442215426623239e-05,11.984405399015198,-0.595311148562633,-26.161672022127554,1.2995500820667711,1.2995500820667711,344.55047607010647,-0.04967381599186822
0.0458,90.04389050240204,89.853509808213,154.23512929542048,-1886.1228445586614,-4.246596166676513,-9.96675168389975e-05,11.985100114893122,-0.602355034719241,-24.70533771797481,1.2416570922398171,1.2416570922398171,300.0266898304508,-0.05025865691107016
0.046,90.07257642955491,89.88268799999261,132.62533439609638,-1770.884624191925,-3.9879667074398424,-0.00016480812230351745,11.98598552273808,-0.6033482402034384,-23.20071427758308,1.1678731051599676,1.1678731051599676,257.99012357490784,-0.0503378081893102
0.046200000000000005,90.09707243547021,89.90781117370672,112.33583939708694,-1651.974035463925,-3.720958860644681,-0.00022043413460806735,11.9870378020718,-0.5981423842246396,-21.647348059201565,1.0801831606832446,1.0801831606832446,218.52187758780488,-0.04989909885169951
0.046400000000000004,90.1176467880116,89.92914963254964,93.40872143659462,-1529.35741022924,-3.445494646638655,-0.0002671547485408031,11.988230427951187,-0.5865878952583412,-20.044785402163836,0.9807976707342851,0.9807976707342851,181.70380264172584,-0.04893031534417964
0.0466,90.13457620905051,89.94698213190432,75.88644344913274,-1403.0010810880235,-3.161496082669276,-0.0003055983601600532,11.989534068933214,-0.568534011109849,-18.392572627767983,0.8721609222321145,0.8721609222321145,147.61849998154094,-0.047419191424878715
0.0468,90.14814595162444,89.96159595640286,59.811854157419226,-1272.871381377479,-2.868885183037202,-0.0003364127387900205,11.990916482579447,-0.5438287789781888,-16.69025604016826,0.7569597850460142,0.7569597850460142,116.34932130863781,-0.045353395611442214
0.047,90.15864987709382,89.97328699698639,45.22818806437131,-1138.9346451634226,-2.5675839592509364,-0.0003602652002605533,11.992342408039523,-0.5123190555200672,-14.937381927275053,0.63813266337307,0.63813266337307,87.98036876534931,-0.04272051598331737
0.0472,90.16639053229729,89.98235982796459,32.17906544519952,-1001.1572072318689,-2.257514420182531,-0.00037784278110029147,11.993773455175003,-0.4738505069137828,-13.133496561660706,0.5188787354165132,0.5188787354165132,62.59649491957416,-0.03950804212575222
0.047400000000000005,90.1716792267053,89.98912778407517,20.708492339599854,-859.5054030806991,-1.9385985722241512,-0.00038985241342524656,11.995167989599501,-0.4282676089230544,-11.278146201470392,0.40266753337479694,0.40266753337479694,40.28330274958876,-0.0357033439877113
0.0476,90.17483610957224,89.9939130375444,10.860860544042756,-713.945568911647,-1.610758419445837,-0.0003970211002999471,11.996481012916744,-0.375413646960852,-9.37087709133989,0.2932489236046794,0.2932489236046794,21.12714562904736,-0.0312936474084892
0.0478,90.17619024708705,89.99704667514557,2.680947604154658,-564.4440416220131,-1.2739159637529252,-0.00040009609138326154,11.997664037334072,-0.3151307161528581,-7.411235463311436,0.19466355549407025,0.19466355549407025,5.215127312162096,-0.026266006046863882
0.048,90.17607969952225,89.99886877526012,-3.7860831928051066,-410.96715879671785,-0.9279932050443612,-0.00039984505870672315,11.998664953713657,-0.24725972140085956,-5.39876753775472,0.11125385719517719,0.11125385719517719,-7.364898080931217,-0.02060726942161438
0.0482,90.17485159838151,89.99972848493677,-8.494682825376279,-253.48125870050148,-0.5729121413713553,-0.0003970562724679191,11.999427891995186,-0.17164037744594673,-3.3330195242898992,0.04767566706788271,0.04767566706788271,-16.524326078630256,-0.01430404674213243
0.048400000000000006,90.17286222354578,89.99998409695024,-11.398916545240423,-91.95268026981181,-0.20859476909525554,-0.00039253877675326083,11.999893072780193,-0.08811120893123796,-1.2135376227060555,0.008910601650502697,0.008910601650502697,-22.173801872149674,-0.007342666171843141
0.048600000000000004,90.17047708041784,90.0,-12.452463884471054,12.626301417610769,0.02733031999709256,-0.0003871225651345148,12.000005003392614,-0.031468077849180646,0.15899905688393332,-0.00041694938448403706,-0.00041694938448403706,-24.223220329624468,-0.0026223387273825354
0.0488,90.16800105383966,90.0,-12.307814267025647,12.493476156566542,0.02704521139303707,-0.0003814999735774994,12.000004892390958,-0.03109432402755924,0.15734038625149507,-0.000407699246508434,-0.000407699246508434,-23.941839906723132,-0.002591192612535994
0.049,90.16555380500556,90.0,-12.16468630852156,12.36197190599556,0.026762923738071206,-0.0003759427301749341,12.000004783752548,-0.030724547213786615,0.15569812699824356,-0.0003986460455859702,-0.0003986460455859702,-23.66341949881516,-0.0025603779137976872
0.0492,90.1631350310972,90.0,-12.023064875431693,12.231775991790212,0.026483430061159358,-0.00037045014731758785,12.00000467742868,-0.030358707579570012,0.15407212221532357,-0.00038978572344198825,-0.00038978572344198825,-23.38792966732798,-0.002529891312181986
0.0494,90.16074443230848,90.0,-11.882934979423204,12.1028758584558,0.026206703643053875,-0.00036502154423506076,12.00000457337164,-0.02999676568050917,0.15246221645870156,-0.0003811143032721161,-0.0003811143032721161,-23.115341256128975,-0.0024997295206930894
0.049600000000000005,90.15838171181659,90.0,-11.744281775998687,11.975259068020769,0.025932718013986097,-0.00035965624693016433,12.000004471534659,-0.02963868245249158,0.150868255735733,-0.00037262788814118044,-0.00037262788814118044,-22.845625388882116,-0.00246988928402467
0.049800000000000004,90.15604657575332,90.0,-11.607090563149843,11.848913298956958,0.025661446951378564,-0.0003543535881139056,12.000004371871913,-0.02928441920812078,0.14929008749185263,-0.0003643226594130366,-0.0003643226594130366,-22.578753466429063,-0.002440367378262265
0.05,90.1537387331768,90.0,-11.4713467800235,11.723826345108563,0.025392864477575453,-0.00034911290714116405,12.000004274338503,-0.028933937633178357,0.1477275605973709,-0.00035619487521070306,-0.00035619487521070306,-22.314697164194236,-0.0024111606105884768
0.0502,90.1514578960433,90.0,-11.337036005599925,11.59998611463112,0.025126944857594275,-0.0003439335499469444,12.000004178890427,-0.028587199783118224,0.14618052533439416,-0.00034824086890625564,-0.00034824086890625564,-22.053428429613767,-0.0023822658189908666
0.0504,90.14920377917946,90.0,-11.204143957383268,11.477380628941118,0.024863662596900295,-0.000338814868983148,12.000004085484573,-0.028244168079592683,0.1446488333838767,-0.0003404570476399329,-0.0003404570476399329,-21.7949194795881,-0.00235367987197249
0.0506,90.1469761002547,90.0,-11.072656490104062,11.35599802167346,0.024602992439197193,-0.000333756223156066,12.00000399407869,-0.02790480530701149,0.14313233781276782,-0.00033283989086783087,-0.00033283989086783087,-21.53914279795801,-0.002325399668265186
0.050800000000000005,90.14477457975389,90.0,-10.942559594433645,11.235826537650677,0.02434490936424307,-0.000328756977764274,12.000003904631388,-0.027569074609131307,0.14163089306130586,-0.00032538594893773745,-0.00032538594893773745,-21.28607113300385,-0.0022974221365453934
0.051000000000000004,90.1425989409503,90.0,-10.813839395710414,11.116854531858309,0.024089388585678842,-0.000323816504437365,12.000003817102101,-0.027236939485678416,0.1401443549303845,-0.0003180918416924402,-0.0003180918416924402,-21.03567749496775,-0.002269744235152744
0.0512,90.14044890987878,90.0,-10.68648215267779,10.999070468432407,0.02383640554888288,-0.00031893418107502666,12.000003731451084,-0.026908363789000998,0.13867258056907183,-0.00031095425710012803,-0.00031095425710012803,-20.787935153598667,-0.0022423629518111107
0.0514,90.13832421530927,90.0,-10.560474256233803,10.882462919655433,0.023585935928843258,-0.0003141093917867533,12.0000036476394,-0.02658331172075271,0.13721542846223175,-0.0003039699499112821,-0.0003039699499112821,-20.54281763572001,-0.002215275303352269
0.0516,90.13622458872035,90.0,-10.435802228192175,10.767020564960736,0.023337955628048045,-0.00030934152683216354,12.000003565628884,-0.02626174782860713,0.1357727584182503,-0.0002971357403415589,-0.0002971357403415589,-20.3002987228196,-0.0021884783354421304
0.051800000000000006,90.13414976427332,90.0,-10.3124527200548,10.652732189946224,0.023092440774395036,-0.0003046299825618656,12.000003485382154,-0.025943637003002513,0.13434443155687514,-0.00029044851278018513,-0.00029044851278018513,-20.06035244866188,-0.002161969122309493
0.052000000000000005,90.13209947878632,90.0,-10.190412511795532,10.539586685397044,0.022849367719120654,-0.0002999741613588706,12.000003406862575,-0.025628944473916396,0.13293031029716673,-0.00028390521452337605,-0.00028390521452337605,-19.822953096922017,-0.0021357447664772902
0.0522,90.13007347170878,90.0,-10.069668510655166,10.427573046317518,0.022608713034748422,-0.00029537347158052445,12.000003330034254,-0.025317635807669957,0.13153025834556292,-0.00027750285453230776,-0.00027750285453230776,-19.58807519884187,-0.0021098023984963085
0.0524,90.12807148509604,90.0,-9.950207749947507,10.31668037097144,0.022370453513055118,-0.0002908273275010171,12.000003254862026,-0.025009676903761893,0.13014414068404698,-0.00027123850221515394,-0.00027123850221515394,-19.355693530907477,-0.0020841391766813692
0.0526,90.12609326358435,90.0,-9.832017387876437,10.206897859930987,0.02213456616305506,-0.00028633514925443924,12.000003181311435,-0.024705033991731764,0.1287718235584206,-0.0002651092862327385,-0.0002651092862327385,-19.12578311254795,-0.0020587522868499644
0.0528,90.12413855436587,90.0,-9.715084706363871,10.098214815135155,0.02190102820900483,-0.00028189636277830063,12.00000310934872,-0.024403673628051625,0.1274131744666961,-0.00025911239332737196,-0.00025911239332737196,-18.898319203855557,-0.0020336389420632485
0.053000000000000005,90.12220710716416,90.0,-9.599397109888518,9.990620638955082,0.02166981708842214,-0.00027751039975771176,12.000003038940806,-0.024105562693047453,0.1260680621475708,-0.00025324506717437514,-0.00025324506717437514,-18.67327730332679,-0.002008796382369513
0.053200000000000004,90.12029867420976,90.0,-9.484942124335314,9.884104833269705,0.021440910450126974,-0.0002731766975699402,12.000002970055288,-0.023810668387847837,0.12473635656903112,-0.0002475046072559315,-0.0002475046072559315,-18.450633145624256,-0.0019842218745499307
0.0534,90.11841301021596,90.0,-9.371707395855488,9.778656998548747,0.021214286152298097,-0.0002688946992295731,12.000002902660412,-0.023518958231361513,0.12341792891704577,-0.00024188836775677954,-0.00024188836775677954,-18.230362699359194,-0.001959912711866706
0.0536,90.11654987235492,90.0,-9.259680689737097,9.67426683294396,0.020989922260546873,-0.0002646638533341987,12.000002836725077,-0.02323040005728283,0.12211265158436001,-0.00023639375648134816,-0.00023639375648134816,-18.012442164894367,-0.0019358662138135496
0.0538,90.11470902023397,90.0,-9.148849889285993,9.570924131389248,0.02076779704601016,-0.0002604836140105487,12.000002772218807,-0.02294496201112456,0.12082039815940061,-0.0002310182337919415,-0.0002310182337919415,-17.79684797216728,-0.0019120797258684319
0.054,90.11289021587207,90.0,-9.039202994717087,9.468618784708038,0.020547888983458232,-0.000256353440861219,12.000002709111738,-0.022662612547278606,0.11954104341526849,-0.0002257593115675366,-0.0002257593115675366,-17.583556778533392,-0.0018885506192486629
0.054200000000000005,90.11109322367652,90.0,-8.930728122055848,9.367340778730364,0.020330176749423685,-0.0002522727989117639,12.000002647374625,-0.022383320426103005,0.1182744632988531,-0.0002206145521828518,-0.0002206145521828518,-17.372545466629255,-0.001865276290668157
0.054400000000000004,90.10931781041998,90.0,-8.823413502049911,9.267080193416206,0.02011463922034313,-0.00024824115855842584,12.000002586978809,-0.022107054711036807,0.11702053492002155,-0.00021558156750723024,-0.00021558156750723024,-17.163791142255306,-0.0018422541620970274
0.0546,90.1075637452176,90.0,-8.717247479090727,9.167827201987198,0.019901255470716743,-0.0002442579955163269,12.000002527896214,-0.021833784765741444,0.1157791365409114,-0.00021065801792300367,-0.00021065801792300367,-16.95727113227822,-0.0018194816805233826
0.0548,90.10583079950437,90.0,-8.612218510145166,9.069572070067949,0.019690004771288502,-0.00024032279076800536,12.000002470099336,-0.021563480251267496,0.11455014756534379,-0.00020584161136298672,-0.00020584161136298672,-16.752962982552578,-0.0017969563177172407
0.055,90.10411874701273,90.0,-8.508315163696949,8.972305154832581,0.01948086658723691,-0.00023643503051264632,12.000002413561228,-0.021296111123249164,0.1133334485282978,-0.00020113010236665437,-0.00020113010236665437,-16.550844455861718,-0.0017746755699967513
0.055200000000000006,90.10242736375041,90.0,-8.405526118697868,8.87601690416065,0.019273820576385922,-0.000232594206115657,12.000002358255493,-0.02103164762912375,0.11212892108550203,-0.00019652129115472404,-0.00019652129115472404,-16.35089352987755,-0.0017526369579965015
0.055400000000000005,90.10075642797837,90.0,-8.303840163528665,8.780697855799819,0.019068846587429987,-0.0002287998140587913,12.000002304156272,-0.020770060305377383,0.11093644800310862,-0.00019201302272174315,-0.00019201302272174315,-16.153088395139225,-0.0017308380264380073
0.055600000000000004,90.09910572018907,90.0,-8.203246194969507,8.68633863653801,0.018865924658179545,-0.0002250513558905913,12.000002251238232,-0.020511319974815114,0.10975591314748596,-0.0001876031859463864,-0.0001876031859463864,-15.957407453050447,-0.0017092763439022383
0.0558,90.09747502308487,90.0,-8.103733217179949,8.59292996138029,0.018665035013815914,-0.0002213483381775212,12.000002199476551,-0.020255397743857928,0.10858720147506631,-0.00018328971271903993,-0.00018328971271903993,-15.763829313895224,-0.0016879495026043815
0.056,90.09586412155666,90.0,-8.005290340688314,8.500462632735344,0.018466158065166962,-0.00021769027245539018,12.000002148846924,-0.02000226499986352,0.10743019902231414,-0.00017907057708642897,-0.00017907057708642897,-15.572332794871981,-0.0016668551181705856
0.0562,90.0942728026627,90.0,-7.907906781390416,8.408927539608946,0.018269274406997486,-0.00021407667518126542,12.000002099325533,-0.01975189340847208,0.10628479289578012,-0.00017494379441291706,-0.00017494379441291706,-15.382896918145786,-0.001645990829416792
0.056400000000000006,90.0927008556076,90.0,-7.811571859557495,8.318315656803566,0.018074364816312315,-0.0002105070676859336,12.000002050889048,-0.019504254910977382,0.10515087126222908,-0.00017090742055814374,-0.00017090742055814374,-15.195500908918566,-0.0016253542981296712
0.056600000000000004,90.09114807172162,90.0,-7.7162749988533434,8.22861804412723,0.017881410250679425,-0.0002069809761266512,12.000002003514613,-0.01925932172172104,0.10402832333888452,-0.0001669595510707415,-0.0001669595510707415,-15.010124193517132,-0.001604943208849489
0.0568,90.08961424444,90.0,-7.62200572536048,8.139825845607938,0.01769039184656449,-0.00020349793144047138,12.000001957179844,-0.01901706632551182,0.10291703938373947,-0.0001630983203977617,-0.0001630983203977617,-14.826746397498875,-0.0015847552686550626
0.057,90.08809916928266,90.0,-7.528753666615334,8.051930288716004,0.01750129091768232,-0.00020005746929794657,12.000001911862814,-0.01877746147506843,0.10181691068596575,-0.00015932190110954893,-0.00015932190110954893,-14.64534734377492,-0.0015647882069506705
0.0572,90.08660264383391,90.0,-7.436508550652333,7.964922683593546,0.017314088953363498,-0.00019665913005726386,12.000001867542037,-0.01854048018848592,0.1007278295564115,-0.00015562850313975517,-0.00015562850313975517,-14.465907050750658,-0.0015450397752549325
0.0574,90.08512446772257,90.0,-7.345260205056822,7.878794422290216,0.017128767616934024,-0.0001933024587188708,12.000001824196477,-0.018306095746726016,0.0996496893181746,-0.00015201637304018939,-0.00015201637304018939,-14.288405730483413,-0.0015255077469916798
0.057600000000000005,90.08366444260199,90.0,-7.254998556026727,7.7935369780072925,0.016945308744112993,-0.00018998700488041882,12.00000178180552,-0.01807428169112985,0.09858238429728071,-0.0001484837932502521,-0.0001484837932502521,-14.112823786857158,-0.0015061899172826951
0.057800000000000004,90.08222237213059,90.0,-7.165713627442897,7.709141904346358,0.016763694341419434,-0.00018671232269231296,12.000001740348976,-0.017845011820955124,0.09752580981341492,-0.00014502908138061644,-0.00014502908138061644,-13.93914181377406,-0.0014870841027424858
0.058,90.0807980619523,90.0,-7.077395539948028,7.625600834567898,0.0165839065846009,-0.00018347797081343437,12.000001699807074,-0.017618260190934244,0.09647986217077972,-0.0001416505895109664,-0.0001416505895109664,-13.767340593362801,-0.0014681881412748046
0.0582,90.07939131967733,90.0,-6.990034510034106,7.5429054808535705,0.016405927817069066,-0.00018028351236752698,12.000001660160443,-0.017394001108856912,0.09544443864899377,-0.0001383467035014249,-0.0001383467035014249,-13.597401094203377,-0.001449499891871211
0.0584,90.07800195486311,90.0,-6.903620849138288,7.461047633577799,0.016229740548355694,-0.00017712851489978617,12.000001621390108,-0.01717220913317357,0.09441943749410929,-0.00013511584231749703,-0.00013511584231749703,-13.429304469568375,-0.001431017234411365
0.058600000000000006,90.0766297789954,90.0,-6.818144962747126,7.380019160583899,0.016055327452577706,-0.00017401255033402453,12.000001583477488,-0.016952859070622335,0.09340475790968228,-0.00013195645736819675,-0.00013195645736819675,-13.26303205568046,-0.0014127380694652838
0.058800000000000005,90.07527460546949,90.0,-6.733597349509089,7.299812006468232,0.015882671366919607,-0.00017093519493012664,12.000001546404382,-0.016735925973877026,0.09240030004794375,-0.00012886703185715581,-0.00012886703185715581,-13.098565369986007,-0.00139466031809735
0.059000000000000004,90.07393624957174,90.0,-6.649968600355281,7.220418191869795,0.015711755290127093,-0.00016789602924199428,12.000001510152963,-0.01652138513921772,0.09140596500103604,-0.00012584608014642844,-0.00012584608014642844,-12.93588610944466,-0.0013767819216722018
0.0592,90.07261452846122,90.0,-6.567249397628307,7.141829812767931,0.015542562381018313,-0.0001648946380757516,12.000001474705766,-0.016309212104221843,0.09042165479235181,-0.00012289214713278628,-0.00012289214713278628,-12.774976148834764,-0.001359100841662333
0.0594,90.07130926115141,90.0,-6.4854305142191695,7.064039039784214,0.015375075957003392,-0.00016193061044852736,12.000001440045692,-0.016099382645478093,0.08944727236792106,-0.00012000380763620787,-0.00012000380763620787,-12.615817539074412,-0.0013416150594575923
0.0596,90.07002026849226,90.0,-6.404502812712176,6.9870381174926175,0.01520927949262199,-0.0001590035395474687,12.00000140615599,-0.01589187277632032,0.0884827215879032,-0.00011717966580038666,-0.00011717966580038666,-12.458392505558063,-0.0013243225761763496
0.059800000000000006,90.06874737315235,90.0,-6.324457244537742,6.910819363734365,0.015045156618090342,-0.00015611302268927381,12.000001373020254,-0.015686658744583467,0.08752790721813408,-0.00011441835450497628,-0.00011441835450497628,-12.302683446508532,-0.0013072214124784992
0.060000000000000005,90.06749039960114,90.0,-6.245284849133044,6.835375168940497,0.014882691117865023,-0.00015325866127998504,12.000001340622418,-0.01548371703037943,0.08658273492177056,-0.00011171853478938952,-0.00011171853478938952,-12.148672931344237,-0.00129030960838012
0.060200000000000004,90.06624917409151,90.0,-6.1669767531104345,6.760697995459985,0.014721866929218296,-0.0001504400607752146,12.000001308946743,-0.015283024343893952,0.0856471112510022,-0.00010907889528789963,-0.00010907889528789963,-11.996343699061574,-0.0012735852230698935
0.0604,90.06502352464236,90.0,-6.089524169433553,6.686780376893939,0.014562668140826327,-0.00014765683064074588,12.00000127797782,-0.01508455762320392,0.0847209436388381,-0.00010649815167583243,-0.00010649815167583243,-11.845678656632227,-0.0012570463347272155
0.0606,90.06381328102142,90.0,-6.012918396601069,6.613614917435168,0.01440507899136862,-0.00014490858431356768,12.000001247700553,-0.014888294032115414,0.08380414039095875,-0.00010397504612662926,-0.00010397504612662926,-11.696660877415333,-0.0012406910403420432
0.0608,90.06261827472832,90.0,-5.9371508178379795,6.541194291215441,0.014249083868144089,-0.00014219493916313946,12.000001218100161,-0.01469421095802083,0.0828966106776648,-0.00010150834677959959,-0.00010150834677959959,-11.549273599584376,-0.0012245174555363266
0.061000000000000006,90.06143833897758,90.0,-5.862212900294396,6.469511241657511,0.014094667305696971,-0.0001395155164531184,12.000001189162166,-0.014502286009776565,0.08199826452588309,-9.90968472181209e-05,-9.90968472181209e-05,-11.403500224568596,-0.0012085237143871573
0.061200000000000004,90.06027330868203,90.0,-5.788096194251749,6.398558580832171,0.013941813984453202,-0.0001368699413035199,12.000001160872392,-0.014312497015600945,0.0811090128112335,-9.673936595808827e-05,-9.673936595808827e-05,-11.259324315508868,-0.0011927079692515992
0.0614,90.05912302043615,90.0,-5.7147923323363585,6.328329188824183,0.013790508729376216,-0.00013425784265299294,12.000001133216951,-0.014124822020989955,0.08022876725020886,-9.443474594646441e-05,-9.443474594646441e-05,-11.116729595727895,-0.0011770683905930085
0.0616,90.05798731249978,90.0,-5.642293028740272,6.258816013100879,0.013640736508627741,-0.00013167885322170258,12.00000110618225,-0.013939239286654075,0.07935744039238382,-9.21818540696579e-05,-9.21818540696579e-05,-10.975699947214526,-0.0011616031668091058
0.0618,90.05686602478184,90.0,-5.570590078449327,6.190012067887667,0.013492482432243472,-0.00012913260947447152,12.000001079754968,-0.013755727286473693,0.07849494561271037,-8.99795806715941e-05,-8.99795806715941e-05,-10.836219409122169,-0.0011463105040616026
0.062,90.05575899882423,90.0,-5.499675356478379,6.121910433549619,0.013345731750821667,-0.00012661875158423989,12.00000105392207,-0.013574264705473228,0.07764119710388852,-8.782683908128e-05,-8.782683908128e-05,-10.698272176281082,-0.0011311886261073808
0.062200000000000005,90.05466607778595,90.0,-5.429540817113606,6.054504255978683,0.0132004698542237,-0.0001241369233958711,12.00000102867078,-0.013394830437814163,0.07679610986880656,-8.572256514967606e-05,-8.572256514967606e-05,-10.561842597724485,-0.0011162357741312532
0.062400000000000004,90.05358710642726,90.0,-5.360178493161834,5.98778674598538,0.013056682270283813,-0.00012168677239039122,12.0000010039886,-0.013217403584807313,0.07595959971303475,-8.366571679568066e-05,-8.366571679568066e-05,-10.426915175228302,-0.0011014502065803218
0.0626,90.05252193109408,90.0,-5.291580495206838,5.921751178698082,0.012914354663535408,-0.00011926794964940101,12.000000979863284,-0.013041963452942418,0.07513158323741531,-8.165527356108893e-05,-8.165527356108893e-05,-10.293474561864448,-0.001086830198999784
0.06280000000000001,90.05147039970252,90.0,-5.22373901087251,5.856390892965164,0.012773472833942838,-0.00011688010982003732,12.000000956282834,-0.012868489551937597,0.07431197783068445,-7.969023617429803e-05,-7.969023617429803e-05,-10.161505560567566,-0.0010723740438703922
0.063,90.05043236172355,90.0,-5.156646304092897,5.791699290764935,0.012634022715650148,-0.00011452291108007827,12.000000933235514,-0.012696961592805556,0.07350070166219286,-7.776962612264544e-05,-7.776962612264544e-05,-10.030993122714987,-0.0010580800504473064
0.0632,90.04940766816776,90.0,-5.090294714388975,5.727669836619677,0.012495990375738293,-0.00011219601510348183,12.000000910709822,-0.012527359485938541,0.07269767367467561,-7.589248523317337e-05,-7.589248523317337e-05,-9.901922346719942,-0.001043946544600514
0.0634,90.04839617157037,90.0,-5.024676656152158,5.66429605701551,0.012359362012994745,-0.0001098990870262132,12.000000888694505,-0.012359663339210843,0.0719028135770942,-7.405787526167467e-05,-7.405787526167467e-05,-9.774278476637756,-0.0010299718686567086
0.0636,90.0473977259763,90.0,-4.959784617934439,5.60157153982691,0.012224123956692836,-0.00010763179541244744,12.00000086717853,-0.012193853456099319,0.07111604183753509,-7.22648774898484e-05,-7.22648774898484e-05,-9.648046900785006,-0.0010161543812426713
0.06380000000000001,90.04641218692541,90.0,-4.895611161745123,5.539489933747959,0.012090262665385671,-0.00010539381222097436,12.000000846151107,-0.012029910333820549,0.07033727967619308,-7.051259233042943e-05,-7.051259233042943e-05,-9.5232131503715,-0.0010024924571300372
0.064,90.04543941143788,90.0,-4.83214892235409,5.4780449477269855,0.011957764725706832,-0.00010318481277206531,12.000000825601667,-0.011867814661486363,0.06956644905839421,-6.88001389401038e-05,-6.88001389401038e-05,-9.399762898144916,-0.0009889844870815934
0.06420000000000001,90.04447925799974,90.0,-4.769390606601515,5.4172303504077925,0.01182661685118533,-0.00010100447571454235,12.000000805519857,-0.011707547318275746,0.06880347268770153,-6.71266548400921e-05,-6.71266548400921e-05,-9.277681957048065,-0.0009756288776989427
0.0644,90.0435315865485,90.0,-4.707328992714005,5.357039969574812,0.011696805881068627,-9.885248299325147e-05,12.000000785895548,-0.011549089371624402,0.06804827399906781,-6.549129554422512e-05,-6.549129554422512e-05,-9.156956278888583,-0.0009624240512716354
0.0646,90.04259625845894,90.0,-4.645956929627084,5.297467691604682,0.011568318779159557,-9.672851981673802e-05,12.00000076671881,-0.011392422075430425,0.06730077715206911,-6.389323419439262e-05,-6.389323419439262e-05,-9.037571953020992,-0.0009493684456276484
0.0648,90.0416731365291,90.0,-4.585267336313962,5.238507460920895,0.011441142632659298,-9.463227462538439e-05,12.000000747979934,-0.011237526868277803,0.0665609070241736,-6.233166120318831e-05,-6.233166120318831e-05,-8.919515205040993,-0.0009364605139853442
0.065,90.04076208496622,90.0,-4.5252532011205595,5.180153279456099,0.011315264651027172,-9.256343905963397e-05,12.000000729669406,-0.011084385371674907,0.06582858920410818,-6.080578390365777e-05,-6.080578390365777e-05,-8.802772395491907,-0.0009236987248066839
0.06520000000000001,90.03986296937306,90.0,-4.465907581106673,5.1223992061162615,0.0111906721648437,-9.052170792876419e-05,12.000000711777915,-0.01093297938831116,0.06510374998524415,-5.93148262059545e-05,-5.93148262059545e-05,-8.687330018583088,-0.0009110815616519522
0.0654,90.03897565673412,90.0,-4.407223601393299,5.065239356253042,0.011067352624691763,-8.850677917968815e-05,12.00000069429634,-0.01078329090032805,0.06438631635908813,-5.785802826083173e-05,-5.785802826083173e-05,-8.573174700920294,-0.000898607523035678
0.0656,90.03810001540215,90.0,-4.349194454515995,5.008667901137502,0.010945293600039837,-8.6518353866334e-05,12.000000677215754,-0.010635302067608245,0.06367621600878512,-5.643464612977251e-05,-5.643464612977251e-05,-8.460293200247806,-0.0008862751222840641
0.0658,90.03723591508472,90.0,-4.291813399784265,4.952679067441515,0.010824482778142179,-8.455613611908207e-05,12.000000660527418,-0.010488995226079009,0.06297337730272007,-5.504395146168866e-05,-5.504395146168866e-05,-8.34867240420227,-0.000874082887393608
0.066,90.0363832268309,90.0,-4.23507376264689,4.897267136722161,0.010704907962944923,-8.26198331146351e-05,12.000000644222773,-0.010344352886032438,0.06227772928815394,-5.368523117601781e-05,-5.368523117601781e-05,-8.238299329078112,-0.0008620293608911243
0.06620000000000001,90.03554182301815,90.0,-4.178968934063169,4.84242644491221,0.01058655707400539,-8.070915504606193e-05,12.000000628293446,-0.010201357730460563,0.06158920168493661,-5.235778715212236e-05,-5.235778715212236e-05,-8.129161118604435,-0.0008501130996950062
0.0664,90.03471157733922,90.0,-4.123492369879991,4.78815138181345,0.010469418145417029,-7.882381509327418e-05,12.000000612731231,-0.010059992613407015,0.06090772487925247,-5.10609359248397e-05,-5.10609359248397e-05,-8.021245042733257,-0.0008383326749778669
0.0666,90.03389236478928,90.0,-4.068637590214711,4.734436390596332,0.010353479324748073,-7.696352939364756e-05,12.0000005975281,-0.009920240558333125,0.06023322991744593,-4.9794008386094334e-05,-4.9794008386094334e-05,-7.914538496439063,-0.000826686672030384
0.0668,90.03308406165313,90.0,-4.014398178843764,4.681275967303353,0.01023872887198798,-7.512801701298959e-05,12.000000582676194,-0.009782084756499713,0.0595656484998921,-4.855634949243213e-05,-4.855634949243213e-05,-7.809028998529493,-0.0008151736901264509
0.067,90.03228654549244,90.0,-3.9607677825969634,4.628664660357552,0.010125155158504776,-7.331699991673844e-05,12.000000568167817,-0.009645508565363675,0.05890491297493093,-4.734731797837299e-05,-4.734731797837299e-05,-7.704704190467101,-0.0008037923423895613
0.06720000000000001,90.03149969513335,90.0,-3.907740110757432,4.576597070074944,0.01001274666601064,-7.153020294147947e-05,12.000000553995434,-0.009510495506989809,0.0582509563328494,-4.616628607545934e-05,-4.616628607545934e-05,-7.6015518352020655,-0.0007925412556604643
0.0674,90.0307233906539,90.0,-3.8553089344671174,4.525067848181214,0.009901491985536479,-6.976735376675062e-05,12.000000540151671,-0.009377029266477637,0.05760371219991584,-4.5012639236892784e-05,-4.5012639236892784e-05,-7.499559816015766,-0.0007814190703660683
0.06760000000000001,90.02995751337181,90.0,-3.8034680861378445,4.4740716973332955,0.009791379816416913,-6.80281828870787e-05,12.00000052662931,-0.009245093690402608,0.056963114832474925,-4.388577586765476e-05,-4.388577586765476e-05,-7.398716135375132,-0.000770424440389543
0.0678,90.02920194583223,90.0,-3.7522114588678503,4.423603370646106,0.009682398965286386,-6.631242358421806e-05,12.000000513421284,-0.009114672785271418,0.056329099111107395,-4.278510706000687e-05,-4.278510706000687e-05,-7.299008913797653,-0.0007595560329415987
0.068,90.02845657179567,90.0,-3.7015330058637357,4.373657671221891,0.009574538345080416,-6.461981189979358e-05,12.000000500520676,-0.008985750715992731,0.05570160053481961,-4.17100563342459e-05,-4.17100563342459e-05,-7.200426388726926,-0.0007488125284330483
0.0682,90.02772127622606,90.0,-3.651426739867817,4.324229451685318,0.009467786974049326,-6.29500866080879e-05,12.000000487920712,-0.008858311804361358,0.055080555215305756,-4.066005938463628e-05,-4.066005938463628e-05,-7.102956913418709,-0.0007381926203484907
0.0684,90.02699594527888,90.0,-3.6018867325907946,4.27531361372138,0.00936213397477762,-6.130298918920433e-05,12.000000475614765,-0.008732340527557444,0.05446589987124292,-3.963456383039638e-05,-3.963456383039638e-05,-7.00658895583732,-0.0007276950151212458
0.06860000000000001,90.02628046628942,90.0,-3.5529071141497233,4.226905107619631,0.009257568573217228,-5.967826380231631e-05,12.000000463596347,-0.008607821516658449,0.05385757182266681,-3.8633028971666504e-05,-3.8633028971666504e-05,-6.911311097562334,-0.0007173184320093536
0.0688,90.0255747277612,90.0,-3.5044820725111965,4.178998931820383,0.009154080097724426,-5.807565725935011e-05,12.000000451859107,-0.008484739555166298,0.05325550898536882,-3.765492555032934e-05,-3.765492555032934e-05,-6.8171120327054515,-0.0007070616029728394
0.069,90.02487861935435,90.0,-3.456605852939734,4.1315901324663855,0.009051657978108658,-5.649491899881207e-05,12.000000440396827,-0.008363079577547556,0.05265964986536243,-3.6699735515614196e-05,-3.6699735515614196e-05,-6.723980566837461,-0.0006969232725520632
0.0692,90.02419203187432,90.0,-3.4092727574513066,4.084673802958829,0.008950291744690536,-5.49358010598467e-05,12.000000429203421,-0.0082428266677871,0.05206993355340295,-3.576695179438284e-05,-3.576695179438284e-05,-6.631905615925202,-0.0006869021977471939
0.0694,90.02351485726051,90.0,-3.362477144271942,4.038245083516195,0.008849971027365658,-5.339805805664157e-05,12.000000418272936,-0.008123966057956011,0.051486299719541065,-3.485607806599563e-05,-3.485607806599563e-05,-6.54087620527843,-0.0006769971478988689
0.06960000000000001,90.02284698857514,90.0,-3.3162134273013892,3.992299160737666,0.008750685554678152,-5.188144715303435e-05,12.000000407599543,-0.008006483126792583,0.05090868860773306,-3.3966628541680854e-05,-3.3966628541680854e-05,-6.450881468506489,-0.0006672069045699461
0.0698,90.0221883199921,90.0,-3.2704760755817817,3.9468312671714,0.008652425152904713,-5.038572803729301e-05,12.000000397177534,-0.007890363398296081,0.05033704103051204,-3.309812774832063e-05,-3.309812774832063e-05,-6.361910646484734,-0.0006575302614283195
0.07,90.02153874678602,90.0,-3.225259612771248,3.9018366808854323,0.008555179745143965,-4.891066289724291e-05,12.000000387001325,-0.007775592540334426,0.04977129836369009,-3.225011031655269e-05,-3.225011031655269e-05,-6.273953086330577,-0.000647966024130893
0.0702,90.0208981653214,90.0,-3.180558616622437,3.8573107250436784,0.00845893935041681,-4.7456016395538e-05,12.000000377065449,-0.0076621563632642276,0.049211402541124424,-3.1422120773119815e-05,-3.1422120773119815e-05,-6.186998240389072,-0.0006385130102085861
0.0704,90.02026647304181,90.0,-3.1363677184659022,3.813248767485155,0.008363694082773508,-4.602155564522109e-05,12.00000036736456,-0.0075500408185640985,0.048657296049522646,-3.061371333737169e-05,-3.061371333737169e-05,-6.101035665227972,-0.0006291700489524433
0.07060000000000001,90.01964356845927,90.0,-3.0926816026983035,3.7696462203067442,0.008269434150408166,-4.460705018554403e-05,12.00000035789342,-0.007439231997480967,0.04810892192329115,-2.982445172184051e-05,-2.982445172184051e-05,-6.016055020642148,-0.0006199359813008298
0.0708,90.01902935114366,90.0,-3.049495006275391,3.7264985394504926,0.00817614985478299,-4.321227195796112e-05,12.000000348646907,-0.0073297161296886305,0.04756622373944029,-2.9053908936816524e-05,-2.9053908936816524e-05,-5.932046068667322,-0.0006108096597276443
0.07100000000000001,90.01842372171224,90.0,-3.0068027182097175,3.683801224294315,0.008083831589759671,-4.18369952823826e-05,12.000000339620005,-0.007221479581959093,0.04702914561253105,-2.8301667098838476e-05,-2.8301667098838476e-05,-5.848998672602979,-0.000601789948131599
0.0712,90.01782658181934,90.0,-2.9645995790730355,3.641549817247122,0.007992469840740294,-4.048099683360134e-05,12.000000330807808,-0.007114508856845956,0.046497632189677125,-2.756731724302831e-05,-2.756731724302831e-05,-5.766902796044404,-0.0005928757217265032
0.0714,90.01723783414604,90.0,-2.9228804805033386,3.599739903346498,0.007902055183813378,-3.914405561803738e-05,12.00000032220551,-0.007008790591380782,0.0459716286455769,-2.6850459139183726e-05,-2.6850459139183726e-05,-5.685748501923757,-0.0005840658669326285
0.0716,90.01665738239008,90.0,-2.8816403647165068,3.558367109860706,0.007812578284909243,-3.7825952950655674e-05,12.000000313808414,-0.006904311555781343,0.04545108067759957,-2.6150701111565897e-05,-2.6150701111565897e-05,-5.6055259515600975,-0.0005753592812690633
0.0718,90.01608513125569,90.0,-2.8408742240225133,3.5174271058949027,0.0077240298989644,-3.6526472432057256e-05,12.00000030561192,-0.006801058652171605,0.04493593450092392,-2.5467659862308727e-05,-2.5467659862308727e-05,-5.526225403718273,-0.0005667548732470467
0.07200000000000001,90.0155209864437,90.0,-2.800577100346143,3.476915601999413,0.007636400869089973,-3.524539992591693e-05,12.000000297611523,-0.006699018913314637,0.044426136843700365,-2.4800960298366782e-05,-2.4800960298366782e-05,-5.447837213676611,-0.0005582515622643782
0.0722,90.01496485464168,90.0,-2.760744084752197,3.436828349783185,0.007549682125751446,-3.3982523536507706e-05,12.000000289802824,-0.00659817950135646,0.04392163494227906,-2.4150235361950077e-05,-2.4150235361950077e-05,-5.370351832303309,-0.0005498482785007396
0.0724,90.01441664351404,90.0,-2.721370316975127,3.397161141530593,0.00746386468595545,-3.273763358645624e-05,12.00000028218151,-0.006498527706581764,0.04342237653647889,-2.3515125864366687e-05,-2.3515125864366687e-05,-5.293759805141453,-0.000541543962814006
0.0726,90.01387626169249,90.0,-2.6824509849530576,3.3579098098201126,0.007378939652440162,-3.1510522594844984e-05,12.000000274743364,-0.006400050946182274,0.0429283098648774,-2.289528032319901e-05,-2.289528032319901e-05,-5.218051771502578,-0.0005333375666376097
0.0728,90.01334361876634,90.0,-2.643981324366179,3.319070227148731,0.007294898212878343,-3.0300985255343177e-05,12.000000267484257,-0.006302736763035361,0.042439383660174385,-2.2290354802768693e-05,-2.2290354802768693e-05,-5.143218463568724,-0.0005252280518787605
0.07300000000000001,90.01281862527306,90.0,-2.6059566181794414,3.280638305558816,0.007211731639085366,-2.910881841462672e-05,12.000000260400153,-0.006206572824494656,0.041955547144584444,-2.170001275780796e-05,-2.170001275780796e-05,-5.069250705502851,-0.0005172143908176625
0.0732,90.01230119268882,90.0,-2.568372196189525,3.2426099962674027,0.0071294312862321485,-2.793382105108689e-05,12.000000253487098,-0.006111546921192608,0.041476750025258045,-2.1123924880274903e-05,-2.1123924880274903e-05,-4.996139412567589,-0.0005092955660077294
0.0734,90.01179123341922,90.0,-2.5312234345760554,3.20498128930105,0.0070479885920703604,-2.677579425356795e-05,12.000000246741227,-0.0060176469658530275,0.04100294248977407,-2.0561768949266588e-05,-2.0561768949266588e-05,-4.923875590252236,-0.0005014705701766304
0.0736,90.01128866079,90.0,-2.4945057554570016,3.1677482131319232,0.006967395076159757,-2.563454120048032e-05,12.000000240158755,-0.005924860992115984,0.04053407520164464,-2.001322968394732e-05,-2.001322968394732e-05,-4.85245033340789,-0.0004937384061283652
0.0738,90.01079338903794,90.0,-2.4582146264482456,3.1309068343189868,0.006887642339106731,-2.4509867138971456e-05,12.000000233735983,-0.005833177153372719,0.04007009929588531,-1.9477998599452108e-05,-1.9477998599452108e-05,-4.781854825390702,-0.0004860980866461754
0.07400000000000001,90.01030533330182,90.0,-2.4223455602272606,3.09445325715138,0.006808722061807252,-2.3401579364385645e-05,12.000000227469286,-0.005742583721612116,0.03961096637461067,-1.895577386569232e-05,-1.895577386569232e-05,-4.712080337213118,-0.00047854863439641666
0.0742,90.00982440961333,90.0,-2.3868941141008757,3.0583836232950157,0.006730626004696608,-2.2309487199926e-05,12.000000221355123,-0.005653069086278063,0.03915662850266965,-1.844626016901184e-05,-1.844626016901184e-05,-4.643118226703073,-0.00047108908183334013
0.07440000000000001,90.00935053488841,90.0,-2.3518558895770867,3.0226941114426955,0.00665334600700667,-2.123340197648977e-05,12.000000215390024,-0.0055646217531373655,0.03870703820332446,-1.7949168576638875e-05,-1.7949168576638875e-05,-4.574959937671052,-0.0004637184711047527
0.0746,90.0088836269182,90.0,-2.3172265319408796,2.98738093696876,0.006576873986033047,-2.01731370125903e-05,12.000000209570597,-0.0054772303431575246,0.03826214845398717,-1.7464216403882502e-05,-1.7464216403882502e-05,-4.507596999084955,-0.00045643585395849917
0.0748,90.00842360436052,90.0,-2.283001729834005,2.95244035158428,0.006501201936402817,-1.912850759468343e-05,12.000000203893524,-0.005390883591396577,0.03782191268195959,-1.699112708400244e-05,-1.699112708400244e-05,-4.441021024252659,-0.0004492402916499492
0.075,90.00797038673113,90.0,-2.2491772148387073,2.9178686429970697,0.006426321929352827,-1.8099330957551655e-05,12.000000198355561,-0.005305570345902424,0.037386284760234666,-1.6529630040718392e-05,-1.6529630040718392e-05,-4.375223710012259,-0.00044213085485027585
0.0752,90.00752389439523,90.0,-2.215748761065347,2.8836621345753444,0.006352226112015839,-1.7085426264832747e-05,12.000000192953527,-0.005221279566622184,0.03695521900334347,-1.607946056330137e-05,-1.607946056330137e-05,-4.310196835929887,-0.0004351066235555688
0.07540000000000001,90.00708404855901,90.0,-2.1827121847438735,2.8498171850128577,0.006278906706709457,-1.6086614589866095e-05,12.000000187684316,-0.005138000324322732,0.036528670163218445,-1.5640359684187022e-05,-1.5640359684187022e-05,-4.24593226350503,-0.00042816668699688
0.0756,90.0066507712612,90.0,-2.1500633438191405,2.8163301879983336,0.0062063560102344085,-1.5102718896625733e-05,12.000000182544888,-0.005055721799520678,0.03610659342511101,-1.5212074059073113e-05,-1.5212074059073113e-05,-4.182421935383307,-0.0004213101435510554
0.0758,90.00622398536487,90.0,-2.1177981375500012,2.7831975718873316,0.006134566393177866,-1.413356402088448e-05,12.00000017753227,-0.004974433281422762,0.035688944403538515,-1.479435584944442e-05,-1.479435584944442e-05,-4.1196578745766095,-0.0004145361006524356
0.076,90.00580361454907,90.0,-2.085912506112166,2.750415799377954,0.006063530299225081,-1.3178976651493595e-05,12.000000172643553,-0.004894124166875728,0.03527567913827953,-1.4386962607482623e-05,-1.4386962607482623e-05,-4.057632183690561,-0.0004078436747053456
0.0762,90.00538958330081,90.0,-2.0544024302047776,2.7179813671881785,0.00599324024447416,-1.2238785311951346e-05,12.000000167875886,-0.004814783959326854,0.03486675409038747,-1.3989657163305455e-05,-1.3989657163305455e-05,-3.996337044159203,-0.00040123199099747315
0.07640000000000001,90.00498181690693,90.0,-2.023263930660678,2.6858908057376416,0.005923688816760612,-1.1312820342029327e-05,12.00000016322649,-0.00473640226779341,0.03446212613826098,-1.3602207514500105e-05,-1.3602207514500105e-05,-3.9357647154868616,-0.00039470018361399033
0.0766,90.00458024144615,90.0,-1.9924930680603226,2.6541406788306086,0.005854868674984009,-1.0400913879716557e-05,12.00000015869264,-0.00465896880584281,0.0340617525737267,-1.3224386717892993e-05,-1.3224386717892993e-05,-3.8759075344971197,-0.0003882473953525672
0.07680000000000001,90.0041847837811,90.0,-1.9620859423493278,2.6227275833443664,0.00578677254844671,-9.50289984313468e-06,12.000000154271673,-0.004582473390580922,0.03366559109819215,-1.2855972783527587e-05,-1.2855972783527587e-05,-3.8167579145888424,-0.00038187277763906415
0.077,90.00379537155055,90.0,-1.9320386924595867,2.5916481489176273,0.005719393236191958,-8.6186139128576e-06,12.000000149960982,-0.004506905941651528,0.03327359981879501,-1.249674857078648e-05,-1.249674857078648e-05,-3.758308344999153,-0.00037557549044415486
0.0772,90.00341193316164,90.0,-1.9023474959339552,2.5608990376435665,0.005652723606352203,-7.747893514260008e-06,12.000000145758019,-0.004432256480244213,0.03288573724461184,-1.214650168663244e-05,-1.214650168663244e-05,-3.7005513900733527,-0.0003693547022006503
0.07740000000000001,90.00303439778213,90.0,-1.8730085685544546,2.530476943765982,0.005586756595504096,-6.890577800010345e-06,12.000000141660292,-0.0043585151281113985,0.03250196228290569,-1.1805024385920608e-05,-1.1805024385920608e-05,-3.643479688541677,-0.0003632095897215852
0.0776,90.00266269533286,90.0,-1.844018163973953,2.500378593376775,0.005521485208025962,-6.046507632852643e-06,12.000000137665362,-0.004285672106595474,0.03212223423538802,-1.1472113473734665e-05,-1.1472113473734665e-05,-3.587085952802826,-0.0003571393381191465
0.07780000000000001,90.00229675648018,90.0,-1.815372573351316,2.470600744117549,0.005456902515464294,-5.2155255684461465e-06,12.000000133770843,-0.004213717735664352,0.03174651279453322,-1.1147570209716668e-05,-1.1147570209716668e-05,-3.531362968214236,-0.00035114314072430314
0.078,90.00193651262852,90.0,-1.7870681249899727,2.441140184882792,0.0053930016559033435,-4.39747583846493e-06,12.000000129974403,-0.004142642432956751,0.03137475803991108,-1.083120021434232e-05,-1.083120021434232e-05,-3.476303592388998,-0.00034522019900724686
0.0782,90.00158189591293,90.0,-1.759101183979884,2.4119937355270853,0.00532977583334353,-3.592204333755284e-06,12.000000126273761,-0.004072436712835749,0.031006930434570538,-1.0522813377111165e-05,-1.0522813377111165e-05,-3.4219007544993967,-0.00033936972249852147
0.0784,90.00123283919183,90.0,-1.7314681518428638,2.38315824657417,0.005267218317083602,-2.7995585877242158e-06,12.000000122666684,-0.004003091185451716,0.030642990821445334,-1.0222223766606613e-05,-1.0222223766606613e-05,-3.3681474545869703,-0.00033359092871093523
0.0786,90.00088927603971,90.0,-1.7041654661812344,2.35463059892816,0.005205322441107243,-2.0193877599301636e-06,12.000000119150993,-0.00393459655581441,0.030282900419785458,-9.929249542389891e-06,-9.929249542389891e-06,-3.3150367628790516,-0.00032788304306223504
0.07880000000000001,90.00055114073999,90.0,-1.677189600329788,2.326407703589394,0.005144081603479908,-1.2515426196737107e-06,12.000000115724553,-0.0038669436228726648,0.029926620821648146,-9.643712868698854e-06,-9.643712868698854e-06,-3.26256181911175,-0.00032224529879841426
0.079,90.00021836827784,90.0,-1.6505370630110068,2.2984865013705535,0.005083489265745761,-4.958755299349642e-07,12.000000112385278,-0.003800123278604106,0.029574113988389442,-9.365439829902707e-06,-9.365439829902707e-06,-3.21071583185926,-0.00031667693691785667
0.0792,89.99989089433323,90.0,-1.6242043979935314,2.270863962616976,0.005023538952333796,2.477595686601804e-07,12.000000109131124,-0.003734126507112554,0.029225342247209216,-9.094260347689455e-06,-9.094260347689455e-06,-3.1594920778695013,-0.00031117720609611965
0.0794,89.99956865527388,90.0,-1.5981881837538372,2.243537086928953,0.004964224249968072,9.795071736715548e-07,12.000000105960098,-0.0036689443837342774,0.0288802682877201,-8.830008099945108e-06,-8.830008099945108e-06,-3.1088839014059895,-0.00030574536261145574
0.0796,89.99925158814837,90.0,-1.5724850331410878,2.2165029028866883,0.004905538807083595,1.6995102365317892e-06,12.000000102870246,-0.0036045680741526084,0.02853885515854926,-8.572520441292904e-06,-8.572520441292904e-06,-3.0588847135958894,-0.00030038067027103127
0.07980000000000001,89.99893963067932,90.0,-1.547091593045144,2.1897584677778896,0.0048474763332478025,2.4079101780889416e-06,12.00000009985966,-0.003540988833520873,0.02820106626397279,-8.321638325259489e-06,-8.321638325259489e-06,-3.009487991784213,-0.00029508240033783705
0.08,89.99863272125658,90.0,-1.5220045440676895,2.163300867327931,0.004790030598587507,3.1048469040046856e-06,12.000000096926474,-0.0034781980055935435,0.02786686536058185,-8.077206228035373e-06,-8.077206228035373e-06,-2.960687278894069,-0.0002898498314582851
0.08020000000000001,89.9983307989306,90.0,-1.4972206001964494,2.1371272154314944,0.004733195433218763,3.7904588199213814e-06,12.000000094068866,-0.0034161870218661944,0.02753621655396583,-7.839072073795209e-06,-7.839072073795209e-06,-2.912476182792938,-0.00028468224959053815
0.0804,89.99803380340563,90.0,-1.4727365084824837,2.1112346538888596,0.004676964726687057,4.464882846658048e-06,12.000000091285045,-0.0033549474007223096,0.02720908429545552,-7.6070871615549505e-06,-7.6070871615549505e-06,-2.8648483756649257,-0.00027957894793341107
0.0806,89.99774167503331,90.0,-1.4485490487205015,2.0856203521421466,0.004621332427406851,5.128254435059653e-06,12.000000088573273,-0.0032944707465895873,0.026885433378862574,-7.381106093523105e-06,-7.381106093523105e-06,-2.817797593388892,-0.00027453922685606244
0.08080000000000001,89.99745435480608,90.0,-1.424655033132195,2.0602815070157776,0.004566292542110465,5.780707580846423e-06,12.000000085931841,-0.0032347487491031683,0.026565228937273293,-7.1609867049272755e-06,-7.1609867049272755e-06,-2.7713176349224535,-0.00026956239382826464
0.081,89.99717178435066,90.0,-1.4010513060525496,2.0352153424586046,0.004511839135300329,6.422374839260913e-06,12.00000008335908,-0.003175773182277207,0.026248436439862004,-6.946589995280018e-06,-6.946589995280018e-06,-2.7254023616917813,-0.00026464776335136776
0.08120000000000001,89.99689390592178,90.0,-1.3777347436191067,2.010419109288385,0.0044579663287062105,7.053387339570643e-06,12.000000080853361,-0.00311753590368427,0.025935021688733344,-6.737780061057023e-06,-6.737780061057023e-06,-2.6800456969871305,-0.0002597946568899166
0.0814,89.99662066239578,90.0,-1.3547022534641526,1.9858900849389234,0.004404668300748147,7.673874799455174e-06,12.000000078413088,-0.003060028853642322,0.025624950815797826,-6.5344240297601954e-06,-6.5344240297601954e-06,-2.6352416253640745,-0.00025500240280389966
0.0816,89.99635199726434,90.0,-1.3319507744098074,1.961625573209479,0.004351939286004188,8.283965539248743e-06,12.000000076036704,-0.0030032440544094314,0.02531819027967529,-6.336391995336926e-06,-6.336391995336926e-06,-2.5909841920503744,-0.00025027033628164167
0.0818,89.9960878546283,90.0,-1.3094772761659808,1.9376229040160555,0.004299773574682006,8.883786496009564e-06,12.000000073722683,-0.0029471736093863313,0.02501470686262094,-6.143556954927674e-06,-6.143556954927674e-06,-2.5472675023584235,-0.0002455977992733502
0.082,89.99582817919149,90.0,-1.2872787590311796,1.913879433145243,0.004248165512096002,9.473463237473554e-06,12.000000071469536,-0.0028918097023263975,0.024714467667483284,-5.955794746916861e-06,-5.955794746916861e-06,-2.504085721103246,-0.00024098414042528107
0.08220000000000001,89.99557291625466,90.0,-1.2653522535961357,1.890392542010932,0.004197109498150603,1.0053119975921437e-05,12.000000069275808,-0.00283714459655272,0.02441744011469814,-5.772983990261444e-06,-5.772983990261444e-06,-2.461433072025971,-0.00023642871501449415
0.0824,89.99532201170943,90.0,-1.243694820450218,1.867159637412792,0.0041465999868272214,1.062287958187246e-05,12.000000067140071,-0.002783170634182875,0.024123591939303912,-5.595006025069354e-06,-5.595006025069354e-06,-2.4193038372227367,-0.00023193088488425155
0.0826,89.99507541203234,90.0,-1.2223035498906152,1.8441781512961197,0.0040966314856739055,1.1182863597575922e-05,12.000000065060938,-0.0027298802353615237,0.023832891187972563,-5.421744854402027e-06,-5.421744854402027e-06,-2.3776923565789705,-0.0002274900183800675
0.0828,89.99483306427894,90.0,-1.2011755616342663,1.8214455405151795,0.004047198555302689,1.1733192250473803e-05,12.000000063037046,-0.0026772658974995485,0.023545306216085346,-5.253087087280862e-06,-5.253087087280862e-06,-2.3365930272090223,-0.00022310549028630312
0.083,89.99459491607789,90.0,-1.1803080045325038,1.7989592865989017,0.003998295808891966,1.227398446654783e-05,12.000000061067063,-0.002625320194520279,0.02326080568483777,-5.088921882870932e-06,-5.088921882870932e-06,-2.2960003029010747,-0.00021877668176335246
0.08320000000000001,89.99436091562522,90.0,-1.1596980562883827,1.7767168955171382,0.003949917911689705,1.2805357883406551e-05,12.000000059149691,-0.002574035776113779,0.02297935855834947,-4.92914089581506e-06,-4.92914089581506e-06,-2.2559086935672714,-0.0002145029802854995
0.0834,89.99413101167856,90.0,-1.139342923176683,1.7547158974506536,0.003902059580524918,1.3327428863372398e-05,12.000000057283659,-0.002523405366997299,0.022700934100822093,-4.773638222701251e-06,-4.773638222701251e-06,-2.2163127646990564,-0.00021028377957928957
0.08360000000000001,89.99390515355145,90.0,-1.1192398397665515,1.7329538465626604,0.0038547155833222805,1.3840312506395429e-05,12.000000055467725,-0.0024734217661830545,0.022425501873715503,-4.62231034963648e-06,-4.62231034963648e-06,-2.1772071368276356,-0.00020611847956251094
0.0838,89.99368329110771,90.0,-1.0993860686467587,1.7114283207718863,0.0038078807386198728,1.4344122662793715e-05,12.000000053700674,-0.0024240778462532838,0.022153031732942162,-4.4750561009047965e-06,-4.4750561009047965e-06,-2.138586484989535,-0.00020200648628378328
0.084,89.99346537475589,90.0,-1.079778900153555,1.6901369215292594,0.0037615499150949246,1.4838971945993755e-05,12.000000051981319,-0.002375366552641294,0.021883493826108054,-4.331776588691489e-06,-4.331776588691489e-06,-2.100445538197211,-0.00019794721186264474
0.08420000000000001,89.99325135544369,90.0,-1.0604156521010872,1.6690772735949777,0.003715718031090005,1.5324971745010848e-05,12.000000050308502,-0.0023272809029202847,0.02161685858975622,-4.19237516384632e-06,-4.19237516384632e-06,-2.0627790789146414,-0.0001939400744302875
0.0844,89.99304118465253,90.0,-1.0412936695143673,1.6482470248187857,0.003670380054146262,1.5802232236900618e-05,12.000000048681088,-0.0022798139860982537,0.021353096746651288,-4.05675736766978e-06,-4.05675736766978e-06,-2.0255819425378805,-0.00018998449807080015
0.08460000000000001,89.99283481439215,90.0,-1.0224103243647582,1.6276438459212772,0.003625531000538622,1.627086239900828e-05,12.00000004709797,-0.0022329589619201765,0.021092179303075425,-3.924830884698163e-06,-3.924830884698163e-06,-1.988849016880513,-0.00018607991276301585
0.0848,89.99263219719525,90.0,-1.0037630153079657,1.6072654302787,0.003581165934818731,1.6730970021217922e-05,12.000000045558066,-0.0021867090601759395,0.02083407754616929,-3.7965054964712536e-06,-3.7965054964712536e-06,-1.9525752416639812,-0.00018222575432284054
0.085,89.99243328611209,90.0,-0.9853491674244962,1.5871094937079993,0.003537279969358027,1.7182661717941796e-05,12.000000044060316,-0.002141057580015849,0.020578763041273807,-3.671693036257778e-06,-3.671693036257778e-06,-1.9167556080127073,-0.00017842146434621193
0.0852,89.99223803470535,90.0,-0.9671662319625752,1.5671737742556633,0.0034938682638992616,1.7626042940138455e-05,12.000000042603688,-0.002095997889271591,0.020326207629321035,-3.5503073447247346e-06,-3.5503073447247346e-06,-1.881385157954007,-0.00017466649015251287
0.0854,89.99204639704485,90.0,-0.9492116860834866,1.5474560319870947,0.003450926025108832,1.8061217987099815e-05,12.000000041187171,-0.0020515234237844394,0.020076383424229793,-3.432264226526652e-06,-3.432264226526652e-06,-1.846458983922707,-0.00017096028472858907
0.08560000000000001,89.9918583277024,90.0,-0.9314830326093233,1.5279540487779393,0.003408448506133261,1.8488290018122663e-05,12.000000039809777,-0.0020076276867398587,0.019829262810325394,-3.3174814077985073e-06,-3.3174814077985073e-06,-1.8119722282704571,-0.00016730230667329925
0.0858,89.99167378174674,90.0,-0.91397779977313,1.5086656281083886,0.0033664310061622114,1.8907361064151224e-05,12.000000038470542,-0.0019643042480078214,0.019584818439797414,-3.2058784945353403e-06,-3.2058784945353403e-06,-1.7779200827796937,-0.00016369202014254172
0.08600000000000001,89.9914927147384,90.0,-0.8966935409714011,1.4895885948593595,0.0033248688699954723,1.9318532039304242e-05,12.000000037168522,-0.0019215467434893798,0.019343023230180542,-3.0973769318389934e-06,-3.0973769318389934e-06,-1.7442977881821844,-0.0001601288947948021
0.0862,89.99131508272478,90.0,-0.8796278345189141,1.4707207951087296,0.003283757487609669,1.9721902752141985e-05,12.0000000359028,-0.0018793488744705163,0.019103850361833853,-2.9918999640123357e-06,-2.9918999640123357e-06,-1.7111006336821175,-0.0001566124057373077
0.0864,89.99114084223513,90.0,-0.8627782834058976,1.4520600959319026,0.003243092293734682,2.011757191701998e-05,12.000000034672471,-0.0018377044069807212,0.018867273275476538,-2.8893725954892607e-06,-2.8893725954892607e-06,-1.6783239564837318,-0.0001531420334725757
0.08660000000000001,89.99096995027566,90.0,-0.8461425150574834,1.4336043852023652,0.0032028687674296482,2.050563716518269e-05,12.00000003347666,-0.001796607171158728,0.018633265669721216,-2.789721552578026e-06,-2.789721552578026e-06,-1.6459631413233873,-0.00014971726384555785
0.0868,89.99080236432467,90.0,-0.8297181810954437,1.415351571395433,0.0031630824316660113,2.0886195055857235e-05,12.000000032314503,-0.001756051060623507,0.018401801498648257,-2.6928752460054653e-06,-2.6928752460054653e-06,-1.6140136200060868,-0.00014633758799122338
0.08700000000000001,89.99063804232776,90.0,-0.813502957102177,1.3972995833922937,0.003123728852910879,2.125934108711597e-05,12.000000031185165,-0.0017160300318521116,0.018172854969381886,-2.598763734242444e-06,-2.598763734242444e-06,-1.5824708709463655,-0.0001430025022827129
0.0872,89.990476942693,90.0,-0.7974945423869384,1.3794463702882518,0.0030848036407198002,2.1625169706825724e-05,12.000000030087826,-0.0016765381035620576,0.017946400539721095,-2.50731868759911e-06,-2.50731868759911e-06,-1.5513304187135506,-0.00013971150827987017
0.0874,89.99031902428628,90.0,-0.7816906597542659,1.3617899011997767,0.003046302447326365,2.1983774323250416e-05,12.000000029021681,-0.001637569356101284,0.01772241291575206,-2.4184733530684183e-06,-2.4184733530684183e-06,-1.52058783358129,-0.00013646411267840552
0.0876,89.99016424642662,90.0,-0.7660890552746192,1.3443281650753458,0.0030082209672402877,2.2335247315711363e-05,12.000000027985951,-0.0015991179308427847,0.017500867049509927,-2.3321625199082666e-06,-2.3321625199082666e-06,-1.490238731081388,-0.00013325982725944846
0.0878,89.99001256888147,90.0,-0.7506874980571835,1.3270591705075405,0.0029705549368480334,2.267968004510323e-05,12.000000026979869,-0.0015611780295852638,0.017281738136655372,-2.248322485944391e-06,-2.248322485944391e-06,-1.4602787715618497,-0.00013009816883960269
0.08800000000000001,89.98986395186222,90.0,-0.7354837800248265,1.3099809455474343,0.00293330013401843,2.301716286435214e-05,12.000000026002692,-0.0015237439139591813,0.017065001614180186,-2.1668910245804717e-06,-2.1668910245804717e-06,-1.4307036597491154,-0.00012697865922144954
0.0882,89.98971835601961,90.0,-0.7204757156911825,1.293091537519108,0.0028964523777082036,2.3347785128642705e-05,12.000000025053687,-0.0014868099048393592,0.016850633158112412,-2.0878073524990664e-06,-2.0878073524990664e-06,-1.4015091443144314,-0.0001239008251445989
0.0884,89.9895757424392,90.0,-0.7056611419398604,1.2763890128378463,0.002860007527575741,2.3671635205702786e-05,12.000000024132145,-0.0014503703817620706,0.016638608681269318,-2.0110120980426874e-06,-2.0110120980426874e-06,-1.3726910174443538,-0.00012086419823711318
0.0886,89.989436072637,90.0,-0.6910379178057352,1.2598714568280376,0.002823961483593801,2.3988800485828313e-05,12.000000023237366,-0.0014144197823488009,0.016428904331004305,-1.9364472702575374e-06,-1.9364472702575374e-06,-1.344245114415305,-0.00011786831496748764
0.0888,89.98929930855503,90.0,-0.6766039242583247,1.243536973545059,0.002788310185671171,2.4299367391994725e-05,12.000000022368674,-0.0013789526017341908,0.016221496487005795,-1.8640562285901843e-06,-1.8640562285901843e-06,-1.3161673131721856,-0.0001149127165969788
0.08900000000000001,89.9891654125569,90.0,-0.6623570639872082,1.2273836855971658,0.002753049613273974,2.460342138973731e-05,12.000000021525404,-0.001343963392000344,0.016016361759094145,-1.7937836532204039e-06,-1.7937836532204039e-06,-1.2884535339109584,-0.00011199694913246371
0.0892,89.98903434742357,90.0,-0.6482952611894836,1.2114097339684533,0.002718175785049129,2.490104699688709e-05,12.000000020706906,-0.0013094467616168943,0.015813476985031032,-1.7255755160184037e-06,-1.7255755160184037e-06,-1.2610997386652012,-0.00010912056327977875
0.08940000000000001,89.98890607634898,90.0,-0.6344164613592546,1.1956132778457156,0.0026836847584565614,2.519232779339338e-05,12.000000019912548,-0.0012753973748850988,0.0156128192283798,-1.6593790521157271e-06,-1.6593790521157271e-06,-1.2341019308966001,-0.00010628311439739427
0.0896,89.98878056293594,90.0,-0.6207186310791,1.1799924944452345,0.002649572629400903,2.5477346430915232e-05,12.000000019141712,-0.0012418099513881852,0.015414365776362784,-1.595142732074251e-06,-1.595142732074251e-06,-1.2074561550893108,-0.0001034841624506101
0.0898,89.98865777119178,90.0,-0.6071997578135283,1.1645455788412695,0.0026158355318668214,2.5756184642326208e-05,12.000000018393795,-0.001208679265446887,0.015218094137739785,-1.5328162346425492e-06,-1.5328162346425492e-06,-1.181158496348169,-0.00010072327196618364
0.09000000000000001,89.98853766552432,90.0,-0.5938578497043963,1.1492707437972944,0.0025824696375604216,2.6028923251219137e-05,12.000000017668206,-0.0011760001455795115,0.01502398204072186,-1.472350420088257e-06,-1.472350420088257e-06,-1.1552050800007314,-9.800001198733559e-05
0.0902,89.98842021073766,90.0,-0.5806909353682616,1.1341662195967341,0.0025494711555491462,2.6295642181150902e-05,12.000000016964368,-0.0011437674739683398,0.01483200743087637,-1.4136973040925526e-06,-1.4136973040925526e-06,-1.1295920712030727,-9.531395602928323e-05
0.09040000000000001,89.9883053720282,90.0,-0.5676970636956735,1.1192302538774745,0.0025168363319101467,2.655642046497385e-05,12.00000001628172,-0.0011119761859298607,0.014642148469081323,-1.3568100321980495e-06,-1.3568100321980495e-06,-1.1043156745493565,-9.266468203509335e-05
0.0906,89.9881931149805,90.0,-0.554874303652361,1.1044611114668896,0.0024845614493795385,2.6811336253993912e-05,12.000000015619715,-0.0010806212693906304,0.014454383529484848,-1.3016428547966372e-06,-1.3016428547966372e-06,-1.0793721336850934,-9.005177233200394e-05
0.0908,89.9880834055634,90.0,-0.5422207440823092,1.0898570742177294,0.0024526428270033335,2.7060466826984202e-05,12.000000014977815,-0.0010496977643685316,0.014268691197474433,-1.2481511026466068e-06,-1.2481511026466068e-06,-1.054757730924076,-8.747481358819585e-05
0.091,89.98797621012594,90.0,-0.5297344935127171,1.0754164408469884,0.0024210768197950095,2.7303888599227616e-05,12.000000014355493,-0.0010192007624581483,0.014085050267684775,-1.19629116290936e-06,-1.19629116290936e-06,-1.0304687868689715,-8.49333967699073e-05
0.0912,89.98787149539355,90.0,-0.5174136799608001,1.0611375267755765,0.0023898598183946323,2.7541677131414876e-05,12.000000013752246,-0.0009891254063214379,0.01390343974201466,-1.1460204556937936e-06,-1.1460204556937936e-06,-1.0065016600355026,-8.242711709899e-05
0.09140000000000001,89.9877692284641,90.0,-0.5052564507424304,1.0470186639687755,0.0023589882487294912,2.7773907138398164e-05,12.000000013167568,-0.0009594668891836854,0.013723838827652653,-1.0972974110981191e-06,-1.0972974110981191e-06,-0.9828527464802054,-7.99555740109054e-05
0.0916,89.98766937680409,90.0,-0.49326097228260435,1.0330582007796063,0.002328458571681219,2.800065249797368e-05,12.000000012600978,-0.0009302204543334491,0.013546226935140501,-1.0500814467398625e-06,-1.0500814467398625e-06,-0.959518479431739,-7.751837111305348e-05
0.0918,89.98757190824489,90.0,-0.4814254299277042,1.0192545017922106,0.0022982672827526304,2.822198625946192e-05,12.000000012051995,-0.0009013813946281097,0.01337058367643491,-1.0043329457627102e-06,-1.0043329457627102e-06,-0.9364953289256873,-7.511511614356856e-05
0.092,89.98747679097885,90.0,-0.46974802775955465,1.0056059476677417,0.0022684109117401094,2.8437980652287967e-05,12.000000011520159,-0.0008729450520035475,0.0131968888630016,-9.600132353115387e-07,-9.600132353115387e-07,-0.9137798014428516,-7.274542093045905e-05
0.0922,89.98738399355567,90.0,-0.458226988411244,0.9921109349920066,0.002238886022409783,2.8648707094504037e-05,12.000000011005014,-0.0008449068169882998,0.013025122503931388,-9.170845654655678e-07,-9.170845654655678e-07,-0.8913684395509753,-7.040890135112074e-05
0.09240000000000001,89.98729348487875,90.0,-0.44686055288469173,0.978767876121996,0.002209689212170785,2.8854236201023078e-05,12.00000001050612,-0.0008172621282238447,0.012855264804039339,-8.755100886193384e-07,-8.755100886193384e-07,-0.8692578215498662,-6.810517729236029e-05
0.0926,89.98720523420138,90.0,-0.43564698036997324,0.9655751990380614,0.0021808171117614203,2.905463779211241e-05,12.000000010023047,-0.000790006471987028,0.012687296162038966,-8.352538393045979e-07,-8.352538393045979e-07,-0.8474445611199376,-6.583387261059766e-05
0.09280000000000001,89.98711921112329,90.0,-0.4245845480663386,0.9525313471927782,0.002152266384927273,2.9249980901425112e-05,12.000000009555368,-0.000763135381719762,0.012521197168669583,-7.962807144410258e-07,-7.962807144410258e-07,-0.8259253069740439,-6.359461509267433e-05
0.093,89.9870353855869,90.0,-0.4136715510049629,0.9396347793654191,0.0021240337281121366,2.9440333784291425e-05,12.000000009102678,-0.0007366444375608073,0.012356948604898211,-7.585564540098458e-07,-7.585564540098458e-07,-0.804696742512684,-6.138703641683507e-05
0.0932,89.98695372787395,90.0,-0.4029063018733628,0.9268839695148499,0.002096115870144956,2.9625763925692363e-05,12.000000008664571,-0.0007105292658837083,0.012194531440098327,-7.220476221393859e-07,-7.220476221393859e-07,-0.7837555854824482,-5.9210772114222694e-05
0.09340000000000001,89.98687420860185,90.0,-0.3922871308414995,0.9142774066351335,0.002068509571932809,2.9806338048262223e-05,12.000000008240658,-0.0006847855388383957,0.012033926830263721,-6.86721588595411e-07,-6.86721588595411e-07,-0.763098587637743,-5.706546153067823e-05
0.0936,89.98679679872022,90.0,-0.3818123853895355,0.9018135946123752,0.0020412116261564967,2.998212212020441e-05,12.000000007830558,-0.0006594089738972259,0.011875116116237535,-6.525465106674e-07,-6.525465106674e-07,-0.7427225344057335,-5.4950747788910906e-05
0.09380000000000001,89.9867214695075,90.0,-0.3714804301372305,0.8894910520824417,0.00201421885696789,3.0153181363091704e-05,12.000000007433897,-0.000634395333405635,0.011718080821951528,-6.194913154425736e-07,-6.194913154425736e-07,-0.7226242445544768,-5.2866277751052706e-05
0.094,89.98664819256753,90.0,-0.36128964667496855,0.8773083122898836,0.001987528119689801,3.0319580259579893e-05,12.000000007050307,-0.0006097404241371758,0.011562802652680023,-5.875256824597786e-07,-5.875256824597786e-07,-0.702800569864225,-5.0811701981578144e-05
0.0942,89.9865769398261,90.0,-0.35123843339640054,0.8652639229498316,0.001961136300522526,3.0481382561179114e-05,12.00000000667944,-0.0005854400968518502,0.011409263493332659,-5.566200267355867e-07,-5.566200267355867e-07,-0.6832483948018726,-4.878667471049855e-05
0.0944,89.98650768352769,90.0,-0.3413252053326693,0.8533564461085433,0.0019350403162469536,3.0638651295736384e-05,12.000000006320946,-0.0005614902458601896,0.011257445406727183,-5.267454821542815e-07,-5.267454821542815e-07,-0.663964636198482,-4.67908537970356e-05
0.0946,89.98644039623214,90.0,-0.33154839398823144,0.8415844580076078,0.0019092371139359397,3.07914487750336e-05,12.000000005974487,-0.0005378868085901644,0.011107330631910313,-4.97873885214956e-07,-4.97873885214956e-07,-0.6449462429299156,-4.482390069353039e-05
0.09480000000000001,89.98637505081132,90.0,-0.3219064471782362,0.8299465489478284,0.0018837236706646659,3.0939836602183386e-05,12.000000005639734,-0.0005146257651591519,0.010958901582472699,-4.699777591277753e-07,-4.699777591277753e-07,-0.6261901956004955,-4.2885480409774096e-05
0.095,89.98631162044593,90.0,-0.3123978288674622,0.8184413231552888,0.0018584969932258204,3.108387567902492e-05,12.000000005316362,-0.0004917031379494858,0.010812140844891934,-4.430302982524883e-07,-4.430302982524883e-07,-0.6076935062296944,-4.097526147763721e-05
0.0952,89.98625007862232,90.0,-0.3030210190107899,0.8070673986484931,0.0018335541178470228,3.122362621343301e-05,12.000000005004065,-0.0004691149911881727,0.010667031176888624,-4.170053528719457e-07,-4.170053528719457e-07,-0.5894532179418143,-3.9092915916045764e-05
0.0954,89.98619039912919,90.0,-0.29377451339519484,0.7958234071062091,0.0018088921099096251,3.1359147726511785e-05,12.000000004702528,-0.00044685743053094926,0.010523555505790465,-3.918774142937114e-07,-3.918774142937114e-07,-0.5714664046586225,-3.723811919631966e-05
0.0956,89.98613255605459,90.0,-0.2846568234832557,0.7847079937370721,0.0017845080636713642,3.149049905975931e-05,12.000000004411458,-0.00042492660265003367,0.010381696926918715,-3.676216002730097e-07,-3.676216002730097e-07,-0.5537301707949356,-3.541055020781846e-05
0.09580000000000001,89.9860765237827,90.0,-0.2756664762581561,0.7737198171502078,0.001760399101991131,3.1617738382145634e-05,12.000000004130563,-0.0004033186948259461,0.010241438701987,-3.442136407502944e-07,-3.442136407502944e-07,-0.5362416509571069,-3.360989122392653e-05
0.096,89.98602227699072,90.0,-0.26680201407016796,0.7628575492279241,0.001736562376058319,3.174092319719084e-05,12.000000003859558,-0.0003820299345427387,0.010102764257526741,-3.216298638968593e-07,-3.216298638968593e-07,-0.5189980096443996,-3.1835827868322204e-05
0.09620000000000001,89.98596979064595,90.0,-0.258061994484594,0.7521198749972433,0.0017129950651192038,3.1860110349783025e-05,12.000000003598167,-0.0003610565890884755,0.009965657183295326,-2.998471824622312e-07,-2.998471824622312e-07,-0.501996440953194,-3.008804908168447e-05
0.0964,89.98591904000259,90.0,-0.24944499013118157,0.741505492505974,0.001689694376213679,3.1975356033198594e-05,12.000000003346116,-0.00034039496515762526,0.009830101230744515,-2.7884308041684723e-07,-2.7884308041684723e-07,-0.48523416828406035,-2.836624708855904e-05
0.0966,89.98587000059884,90.0,-0.24094958855495632,0.7310131126968602,0.0016666575439072443,3.208671579580467e-05,12.000000003103146,-0.0003200414084590358,0.009696080311461238,-2.5859559988412677e-07,-2.5859559988412677e-07,-0.46870844405159173,-2.6670117364689545e-05
0.09680000000000001,89.98582264825394,90.0,-0.23257439206849767,0.7206414592848059,0.001643881830029934,3.2194244547848284e-05,12.000000002869001,-0.00029999230332659497,0.009563578495648766,-2.3908332835570296e-07,-2.3908332835570296e-07,-0.4524165493970423,-2.4999358604572648e-05
0.097,89.9857769590652,90.0,-0.2243180176056205,0.7103892686342901,0.0016213645234154403,3.229799656810095e-05,12.000000002643425,-0.00028024407233417817,0.009432580010609011,-2.202853861840606e-07,-2.202853861840606e-07,-0.43635579390370055,-2.3353672689370375e-05
0.09720000000000001,89.98573290940507,90.0,-0.2161790965764615,0.7002552896387403,0.0015991029396445718,3.239802551050347e-05,12.000000002426177,-0.00026079317591382793,0.00930306923925005,-2.021814143466443e-07,-2.021814143466443e-07,-0.42052351531499554,-2.17327646550917e-05
0.0974,89.9856904759183,90.0,-0.20815627472394735,0.690238283600062,0.0015770944207888291,3.249438441066607e-05,12.000000002217018,-0.00024163611197816674,0.009175030718594322,-1.8475156247598165e-07,-1.8475156247598165e-07,-0.40491707925529113,-2.013634266112701e-05
0.0976,89.98564963551908,90.0,-0.20024821198164286,0.6803370241100918,0.0015553363351582417,3.2587125692368675e-05,12.000000002015717,-0.0002227694155459826,0.009048449138311643,-1.6797647715005345e-07,-1.6797647715005345e-07,-0.38953387895336367,-1.8564117959046882e-05
0.0978,89.98561036538821,90.0,-0.19245358233295737,0.670550296932883,0.0015338260770509046,3.2676301173974455e-05,12.000000001822048,-0.0002041896583715725,0.008923309339262074,-1.518372904375942e-07,-1.518372904375942e-07,-0.37437133496852304,-1.7015804861714073e-05
0.098,89.98557264297028,90.0,-0.18477107367169934,0.6608768998881633,0.0015125610665050263,3.2761962074785594e-05,12.000000001635787,-0.0001858934485776077,0.00879959631205342,-1.3631560869295212e-07,-1.3631560869295212e-07,-0.35942689491935553,-1.549112071268896e-05
0.09820000000000001,89.98553644597095,90.0,-0.17719938766396667,0.6513156427355911,0.0014915387490526013,3.284415902131243e-05,12.000000001456723,-0.0001678774302917048,0.008677295195608175,-1.213935015953683e-07,-1.213935015953683e-07,-0.3446980332150653,-1.3989785855943797e-05
0.0984,89.98550175235415,90.0,-0.16973723961136228,0.6418653470605062,0.0014707565954763513,3.2922942053513635e-05,12.000000001284642,-0.00015013828328625575,0.008556391275749486,-1.0705349142741651e-07,-1.0705349142741651e-07,-0.3301822507893938,-1.2511523605848577e-05
0.09860000000000001,89.98546854033944,90.0,-0.16238335831551892,0.6325248461600896,0.0014502121015673847,3.299836063092092e-05,12.000000001119343,-0.00013267272262211234,0.008436869983791291,-9.327854258782973e-08,-9.327854258782973e-08,-0.3158770748370858,-1.1056060217478069e-05
0.0988,89.98543678839924,90.0,-0.1551364859439281,0.6232929849320524,0.0014299027878885461,3.307046363882143e-05,12.000000000960625,-0.00011547749829484929,0.008318716895161563,-8.005205133328778e-08,-8.005205133328778e-08,-0.3017800585528929,-9.623124857133756e-06
0.099,89.98540647525627,90.0,-0.1479953778970442,0.6141686197619093,0.0014098261995342297,3.31392993941802e-05,12.000000000808294,-9.854939488585711e-05,0.008201917728004982,-6.735783574533583e-08,-6.735783574533583e-08,-0.2878887808730564,-8.212449573268253e-06
0.09920000000000001,89.98537757988079,90.0,-0.14095880267667976,0.6051506184141856,0.0013899799058991623,3.3204915651735954e-05,12.000000000662162,-8.188523121514102e-05,0.008086458341837787,-5.5180125916371235e-08,-5.5180125916371235e-08,-0.274200846219303,-6.823769267551882e-06
0.0994,89.98535008148811,90.0,-0.13402554175564746,0.5962378599225233,0.0013703615004443939,3.32673596098657e-05,12.000000000522043,-6.54818599986735e-05,0.007972324736186384,-4.3503554351350643e-08,-4.3503554351350643e-08,-0.2607138842452652,-5.456821666318734e-06
0.09960000000000001,89.98532395953595,90.0,-0.12719438944866068,0.5874292344811896,0.0013509686004663434,3.33266779164205e-05,12.000000000387757,-4.9336167508852577e-05,0.007859503049243733,-3.231314658010806e-08,-3.231314658010806e-08,-0.24742554958534974,-4.111347292271531e-06
0.0998,89.9852991937219,90.0,-0.1204641527844771,0.5787236433383194,0.0013317988468696845,3.3382916674561304e-05,12.000000000259131,-3.344507323782e-05,0.00774797955654806,-2.159431197569052e-08,-2.159431197569052e-08,-0.23433352160602414,-2.7870894364248147e-06
0.1,89.98527576398087,90.0,-0.11383365137926542,0.5701199986901575,0.0013128499039423492,3.343612144853681e-05,12.000000000135994,-1.780552956401365e-05,0.00763774066967391,-1.1332834774550584e-08,-1.1332834774550584e-08,-0.22143550415948335,-1.4837941303176551e-06
0.10020000000000001,89.98525365048262,90.0,-0.10730171731118344,0.5616172235748583,0.001294119459129286,3.348633726928823e-05,12.00000000001818,-2.414521422771504e-06,0.007528772934915941,-1.5148652948757742e-09,-1.5148652948757742e-09,-0.2087292253396712,-2.012101185639872e-07
0.1004,89.98523283362925,90.0,-0.10086719499617298,0.5532142517697619,0.0012756052228141317,3.353360864019829e-05,11.999999999905523,1.2730934021318644e-05,0.007421063032018757,7.873088652451791e-09,7.873088652451791e-09,-0.19621243724067047,1.060911168451573e-06
0.10060000000000001,89.98521329405276,90.0,-0.09452894106493132,0.5449100276864052,0.0012573049280953808,3.3577979542522575e-05,11.99999999979787,2.763378769704561e-05,0.007314597772874738,1.6844170162358987e-08,1.6844170162358987e-08,-0.1838829157173806,2.3028156414592563e-06
0.1008,89.98519501261259,90.0,-0.08828582424108554,0.5367035062700538,0.0012392163305729124,3.3619493441051946e-05,11.999999999695067,4.2296958948119794e-05,0.00720936410028212,2.541118144995251e-08,2.541118144995251e-08,-0.17173846014853597,3.5247465790995505e-06
0.101,89.98517797039327,90.0,-0.08213672522051815,0.5285936528972902,0.0012213372081297709,3.365819328948607e-05,11.99999999959696,5.672333584996243e-05,0.007105349086675462,3.35865918823544e-08,3.35865918823544e-08,-0.15977689320196306,4.726944654322298e-06
0.1012,89.98516214870199,90.0,-0.07608053655186514,0.5205794432755921,0.0012036653607183933,3.3694121535835804e-05,11.999999999503409,7.091577552400806e-05,0.007002539932881993,4.1382545833226004e-08,4.1382545833226004e-08,-0.14799606060211903,5.909647960578561e-06
0.1014,89.98514752906627,90.0,-0.07011616251816537,0.512659863344876,0.0011861986101512287,3.372732012785453e-05,11.99999999941427,8.48771044495706e-05,0.006900923966903493,4.8810870363833564e-08,4.8810870363833564e-08,-0.13639383089986942,7.07309203780946e-06
0.10160000000000001,89.98513409323161,90.0,-0.06424251901963719,0.5048339091781258,0.0011689347998890202,3.3757830518267184e-05,11.999999999329404,9.861011877163956e-05,0.006800488642684592,5.5883082733149034e-08,5.5883082733149034e-08,-0.12496809524445879,8.21750989809585e-06
0.1018,89.98512182315915,90.0,-0.05845853345759385,0.4971005868846782,0.0011518717948351001,3.3785693670086096e-05,11.999999999248676,0.00011211758460669054,0.006701221538916041,6.261039774205309e-08,6.261039774205309e-08,-0.11371676715769646,9.343132051142522e-06
0.10200000000000001,89.98511070102346,90.0,-0.05276314461946672,0.4894589125125684,0.0011350074811272883,3.381095006172438e-05,11.999999999171955,0.00012540223834447045,0.006603110357824049,6.900373491365259e-08,6.900373491365259e-08,-0.10263778231029752,1.0450186529426973e-05
0.1022,89.98510070921016,90.0,-0.04715530256494712,0.4819079119542128,0.0011183397659374028,3.3833639692253954e-05,11.999999999099115,0.0001384667869482651,0.00650614292400389,7.507372551505351e-08,7.507372551505351e-08,-0.09172909830039949,1.1538898913221694e-05
0.1024,89.98509183031382,90.0,-0.04163396851320898,0.47444662085004913,0.0011018665772657985,3.385380208637464e-05,11.999999999030031,0.00015131390825057136,0.006410307183224609,8.083071942156919e-08,8.083071942156919e-08,-0.08098869443418162,1.2609492355233514e-05
0.10260000000000001,89.98508404713559,90.0,-0.036198114731235145,0.4670740844958488,0.0010855858637443014,3.387147629955651e-05,11.999999998964583,0.00016394625124749616,0.006315591201282542,8.62847918292737e-08,8.62847918292737e-08,-0.07041457150863116,1.3662187605136852e-05
0.1028,89.98507734268112,90.0,-0.030846724423205393,0.459789357749025,0.0010694955944366067,3.3886700922980085e-05,11.999999998902652,0.00017636643638923796,0.006221983162840104,9.144574981702471e-08,9.144574981702471e-08,-0.06000475159637466,1.4697203033780493e-05
0.10300000000000001,89.98507170015833,90.0,-0.025578791620958257,0.45259150493679484,0.0010535937586428226,3.3899514088505396e-05,11.999999998844121,0.00018857705586830802,0.006129471370288689,9.63231387624552e-08,9.63231387624552e-08,-0.049757277832598416,1.571475465720603e-05
0.1032,89.98506710297522,90.0,-0.020393321075504286,0.4454795997643895,0.0010378783657039423,3.390995347352548e-05,11.999999998788885,0.00020058067390449073,0.0060380442426111415,1.0092624861419219e-07,1.0092624861419219e-07,-0.03967021420401397,1.671505616039455e-05
0.1034,89.98506353473785,90.0,-0.01528932814959147,0.4384527252250871,0.0010223474448103924,3.39180563058488e-05,11.999999998736829,0.00021237982702759415,0.0059476903142679635,1.0526412002424114e-07,1.0526412002424114e-07,-0.02974164533987046,1.769831892082918e-05
0.10360000000000001,89.98506097924809,90.0,-0.010265838711300986,0.43150997351062087,0.0010069990448112764,3.392385936849493e-05,11.999999998687853,0.00022397702435719873,0.005858398234087548,1.0934555034282285e-07,1.0934555034282285e-07,-0.01996967630497125,1.866475203180747e-05
0.1038,89.98505942050163,90.0,-0.005321889028669327,0.4246504459223069,0.000991831234025122,3.392739900443255e-05,11.99999999864185,0.00023537474787962243,0.005770156764165167,1.1317909947874903e-07,1.1317909947874903e-07,-0.010352432394687014,1.961456232552183e-05
0.10400000000000001,89.98505884268586,90.0,-0.00045652566532863344,0.4178732527825301,0.0009768421000512857,3.3928711121230665e-05,11.999999998598723,0.00024657545272191217,0.005682954778765785,1.1677309562799659e-07,1.1677309562799659e-07,-0.0008880589319495644,2.054795439589213e-05
0.1042,89.98505923017788,90.0,0.004331194622839066,0.4111775133487109,0.0009620297495869779,3.3927831195796574e-05,11.999999998558373,0.00025758156742413524,0.005596781263259572,1.2013564087446858e-07,1.2013564087446858e-07,0.008425278933782022,2.146513062125666e-05
0.1044,89.98506056754238,90.0,0.009042204990061798,0.4045623557265158,0.0009473923082423504,3.3924794278940514e-05,11.999999998520703,0.0002683954942081383,0.005511625313046137,1.232746166639552e-07,1.232746166639552e-07,0.01758939642563762,2.236629118676872e-05
0.1046,89.98506283952969,90.0,0.013677428602043596,0.39802691678410235,0.0009329279203578233,3.39196349999113e-05,11.999999998485627,0.0002790196092438088,0.005427476132491798,1.2619768915492252e-07,1.2619768915492252e-07,0.026606089336518698,2.3251634106585038e-05
0.1048,89.98506603107381,90.0,0.018237778736347864,0.39157034206809005,0.0009186347488252779,3.3912387570960985e-05,11.999999998453053,0.0002894562629132879,0.005344323033889338,1.2891231444920276e-07,1.2891231444920276e-07,0.03547713422436959,2.412135524588353e-05
0.10500000000000001,89.98507012729038,90.0,0.02272415888181821,0.3851917857194543,0.0009045109749088977,3.39030857917939e-05,11.99999999842289,0.0002997077800721249,0.005262155436415718,1.3142574370415762e-07,1.3142574370415762e-07,0.044204288605576375,2.497564834262619e-05
0.1052,89.98507511347484,90.0,0.027137462837035747,0.37889041038970045,0.0008905547980664968,3.389176305392898e-05,11.99999999839506,0.00030977646030758404,0.0051809628650926155,1.3374502812900686e-07,1.3374502812900686e-07,0.05278929114649149,2.581470502908459e-05
0.10540000000000001,89.9850809751003,90.0,0.031478574807815914,0.3726653871601544,0.0008767644357779652,3.387845234520668e-05,11.999999998369475,0.00031966457819579527,0.005100734949788384,1.3587702386951714e-07,1.3587702386951714e-07,0.06123386185308984,2.6638714853269198e-05
0.1056,89.98508769781591,90.0,0.03574836950378098,0.3665158954586368,0.0008631381233674338,3.3863186253977916e-05,11.999999998346059,0.00032937438355446023,0.005021461424183459,1.3782839678007406e-07,1.3782839678007406e-07,0.06953970225882711,2.7447865299988115e-05
0.1058,89.98509526744472,90.0,0.039947712233977695,0.36044112298031167,0.0008496741138350326,3.3845996973524284e-05,11.999999998324732,0.0003389081016950485,0.004943132124791581,1.3960562708956691e-07,1.3960562708956691e-07,0.07770849561064036,2.82423418118635e-05
0.10600000000000001,89.98510366998197,90.0,0.04407745900158849,0.3544402656062488,0.0008363706776831432,3.3826916306189295e-05,11.99999999830542,0.0003482679336708005,0.004865736989948994,1.4121501395953476e-07,1.4121501395953476e-07,0.08574190705318557,2.902232780999843e-05
0.1062,89.9851128915931,90.0,0.04813845659770939,0.34851252732577553,0.0008232261027513474,3.380597566771185e-05,11.999999998288047,0.0003574560565240589,0.004789266058854222,1.4266267994056528e-07,1.4266267994056528e-07,0.09364158381125956,2.978800471458788e-05
0.10640000000000001,89.98512291861213,90.0,0.05213154269423858,0.34265712015616284,0.0008102386940449866,3.3783206091241964e-05,11.999999998272546,0.0003664746235292367,0.004713709470570689,1.4395457532518883e-07,1.4395457532518883e-07,0.10140915537049201,3.053955196516603e-05
0.1066,89.98513373753957,90.0,0.05605754593584492,0.33687326406679285,0.0007974067735740375,3.375863823161645e-05,11.999999998258843,0.0003753257644355646,0.004639057463089342,1.4509648240392952e-07,1.4509648240392952e-07,0.10904623365624766,3.127714704083525e-05
0.1068,89.98514533504084,90.0,0.05991728603106761,0.33116018690063226,0.0007847286801855354,3.373230236931683e-05,11.99999999824687,0.000384011585705522,0.004565300372353752,1.4609401962214136e-07,1.4609401962214136e-07,0.11655441321083837,3.200096548013532e-05
0.10700000000000001,89.98515769794442,90.0,0.06371157384251626,0.3255171242983823,0.0007722027694020985,3.370422841454282e-05,11.999999998236568,0.0003925341707520419,0.004492428631320693,1.4695264564311166e-07,1.4695264564311166e-07,0.12393527136898538,3.2711180900810484e-05
0.1072,89.98517081324005,90.0,0.0674412114762023,0.3199433196234867,0.0007598274132623042,3.367444591125695e-05,11.999999998227867,0.00040089558017350653,0.004420432769031506,1.4767766331838084e-07,1.4767766331838084e-07,0.13119036843159163,3.340796501939249e-05
0.10740000000000001,89.98518466807705,90.0,0.07110699237001085,0.3144380238862079,0.0007476010001587354,3.364298404105575e-05,11.999999998220709,0.0004090978519855007,0.004349303409669904,1.482742235660829e-07,1.482742235660829e-07,0.13832124783784208,3.409148767051328e-05
0.1076,89.98519924976259,90.0,0.07470970138130305,0.30900049567033855,0.0007355219346820377,3.360987162715659e-05,11.999999998215031,0.00041714300185140946,0.004279031271654742,1.487473291616352e-07,1.487473291616352e-07,0.14532943633561274,3.4761916826121534e-05
0.1078,89.9852145457599,90.0,0.07825011487367883,0.3036300010596645,0.0007235886374642443,3.357513713826894e-05,11.999999998210779,0.00042503302331024003,0.0042096071667285405,1.4910183844082178e-07,1.4910183844082178e-07,0.15221644415024627,3.5419418614467764e-05
0.108,89.9852305436867,90.0,0.08172900080289713,0.29832581356453747,0.0007117995450222134,3.35388086923789e-05,11.99999999820789,0.00043276988800187353,0.0041410219990466466,1.4934246891736248e-07,1.4934246891736248e-07,0.15898376515168877,3.606415733887537e-05
0.1082,89.98524723131344,90.0,0.08514711880195502,0.2930872140506894,0.0007001531096061545,3.350091406062051e-05,11.999999998206313,0.00044035554589101536,0.00407326676429601,1.4947380081828403e-07,1.4947380081828403e-07,0.1656328770199904,3.6696295496403085e-05
0.10840000000000001,89.98526459656166,90.0,0.08850522026535117,0.28791349066705235,0.0006886477990456891,3.3461480670973615e-05,11.999999998205997,0.0004477919254880033,0.004006332548799618,1.4950028053670376e-07,1.4950028053670376e-07,0.17216524140921943,3.731599379624569e-05
0.1086,89.98528262750243,90.0,0.09180404843252273,0.2828039387754445,0.0006772820966001284,3.3420535612019535e-05,11.999999998206885,0.00045508093406813644,0.003940210528645452,1.4942622400575135e-07,1.4942622400575135e-07,0.17858230410976805,3.7923411178011455e-05
0.10880000000000001,89.98530131235458,90.0,0.09504433847047622,0.27775786088067,0.0006660545008095763,3.337810563663905e-05,11.999999998208931,0.0004622244578887288,0.0038748919688202576,1.4925581999438833e-07,1.4925581999438833e-07,0.1848854952090907,3.851870482980987e-05
0.109,89.9853206394832,90.0,0.09822681755561832,0.27277456656031573,0.0006549635253451836,3.333421716559466e-05,11.999999998212083,0.0004692243624034786,0.0038103682223383692,1.4899313332629874e-07,1.4899313332629874e-07,0.19107622925088577,3.910203020611582e-05
0.1092,89.98534059739808,90.0,0.10135220495478164,0.2678533723970923,0.0006440076988652085,3.328889629122852e-05,11.999999998216296,0.0004760824924758298,0.003746630729404317,1.4864210802553975e-07,1.4864210802553975e-07,0.1971559053927115,3.967354104554964e-05
0.10940000000000001,89.98536117475197,90.0,0.10442121210547597,0.2629936019104805,0.0006331855648693179,3.324216878101595e-05,11.999999998221522,0.0004828006725894974,0.0036836710165651983,1.4820657038830815e-07,1.4820657038830815e-07,0.203125907562095,4.023338938842097e-05
0.1096,89.98538236033923,90.0,0.1074345426953562,0.2581945854880511,0.0006224956815519865,3.319406008100325e-05,11.999999998227718,0.000489380707056348,0.0036214806958578013,1.4769023198262957e-07,1.4769023198262957e-07,0.2089876046111177,4.078172559405206e-05
0.10980000000000001,89.98540414309416,90.0,0.1103928927409035,0.2534556603207238,0.0006119366216649678,3.3144595319476786e-05,11.99999999823484,0.0004958243802241572,0.0035600514640085016,1.4709669258064736e-07,1.4709669258064736e-07,0.21474235046947043,4.1318698358090947e-05
0.11,89.98542651208948,90.0,0.11329695066536483,0.2487761703348,0.0006015069723720914,3.3093799310285274e-05,11.999999998242846,0.0005021334566801311,0.003499375101588525,1.4642944301986084e-07,1.4642944301986084e-07,0.2203914842960655,4.184445472947152e-05
0.1102,89.98544945653487,90.0,0.116147397375914,0.24415546612721317,0.000591205335111447,3.3041696556335504e-05,11.999999998251699,0.0005083096814539017,0.003439443472212173,1.456918679994654e-07,1.456918679994654e-07,0.2259363306291347,4.235914012732986e-05
0.11040000000000001,89.98547296577544,90.0,0.11894490634007049,0.23959290490075,0.0005810303254573683,3.298831125300132e-05,11.999999998261352,0.0005143547802181837,0.0033802485217338933,1.448872488109321e-07,1.448872488109321e-07,0.23137819953488345,4.28628983577256e-05
0.1106,89.98549702929026,90.0,0.12169014366137655,0.2350878503992418,0.0005709805729822179,3.293366729144598e-05,11.999999998271775,0.0005202704594870914,0.0033217822774441862,1.4401876600423838e-07,1.4401876600423838e-07,0.23671838675470205,4.335587163016834e-05
0.11080000000000001,89.98552163669088,90.0,0.1243837681543319,0.23063967284414696,0.000561054721121294,3.287778826197336e-05,11.999999998282927,0.0005260584068129592,0.003264036847283675,1.4308950199221162e-07,1.4308950199221162e-07,0.2419581738509327,4.3838200574019385e-05
0.111,89.98554677771992,90.0,0.12702643141860165,0.2262477488710832,0.0005512514270374913,3.28206974572925e-05,11.999999998294772,0.0005317202909808588,0.0032070044190557474,1.4210244359329494e-07,1.4210244359329494e-07,0.24709882835122318,4.431002425470146e-05
0.11120000000000001,89.98557244224955,90.0,0.1296187779124973,0.22191146146843987,0.0005415693614906974,3.27624178758689e-05,11.999999998307274,0.0005372577622020753,0.0031506772596667457,1.4106048451569163e-07,1.4106048451569163e-07,0.2521416038914657,4.477148018982176e-05
0.1114,89.9855986202802,90.0,0.13216144502575447,0.21763019991342014,0.0005320072087010572,3.270297222498679e-05,11.999999998320403,0.0005426724523038582,0.0030950477143304816,1.3996642778068841e-07,1.3996642778068841e-07,0.25708774035736837,4.522270436498451e-05
0.1116,89.98562530193901,90.0,0.13465506315157774,0.21340335971301413,0.0005225636662236358,3.2642382924129244e-05,11.999999998334125,0.0005479659749198059,0.0030401082058390664,1.3882298809213064e-07,1.3882298809213064e-07,0.26193846402460097,4.566383124965634e-05
0.11180000000000001,89.98565247747854,90.0,0.13710025575800966,0.2092303425412967,0.0005132374448143717,3.2580672107982784e-05,11.999999998348407,0.0005531399256759541,0.002985851233783068,1.3763279414679461e-07,1.3763279414679461e-07,0.26669498769762545,4.6094993812673685e-05
0.112,89.98568013727537,90.0,0.13949763945858112,0.20511055618057233,0.000504027268304895,3.251786162967298e-05,11.999999998363219,0.0005581958823768992,0.0029322693738232453,1.3639839089260654e-07,1.3639839089260654e-07,0.2713585108471295,4.6516323537753026e-05
0.11220000000000001,89.98570827182867,90.0,0.14184782408228755,0.2010434144613275,0.0004949318734744422,3.245397306382683e-05,11.999999998378534,0.0005631354051891037,0.002879355276945388,1.3512224173209345e-07,1.3512224173209345e-07,0.2759302197461474,4.692795043876631e-05
0.1124,89.98573687175897,90.0,0.14415141274287732,0.1970283372027902,0.0004859500099230674,3.238902770960619e-05,11.999999998394319,0.0005679600368224116,0.0028271016687227,1.3380673067360806e-07,1.3380673067360806e-07,0.28041128760484463,4.7330003074867376e-05
0.1126,89.98576592780674,90.0,0.1464090019074591,0.19306475015479446,0.00047708043994778594,3.232304659377007e-05,11.999999998410551,0.0005726713027102058,0.0027755013485952435,1.324541644320417e-07,1.324541644320417e-07,0.28480287470397553,4.772260856550487e-05
0.11280000000000001,89.98579543083105,90.0,0.14862118146444314,0.18915208494021976,0.0004683219384199442,3.225605047370812e-05,11.9999999984272,0.0005772707111878233,0.002724547189156515,1.3106677447960903e-07,1.3106677447960903e-07,0.2891061285270475,4.8105892605290355e-05
0.113,89.98582537180832,90.0,0.1507885347908234,0.18528977899657487,0.00045967329266047416,3.218805984032961e-05,11.999999998444238,0.0005817597536684004,0.0026742321354277167,1.2964671904668735e-07,1.2964671904668735e-07,0.2933221838912011,4.8479979478651975e-05
0.11320000000000001,89.98585574183102,90.0,0.1529116388187902,0.18147727552064769,0.00045113330232219743,3.211909492112571e-05,11.999999998461647,0.0005861399048184427,0.0026245492041730386,1.2819608507687627e-07,1.2819608507687627e-07,0.29745216307678923,4.884499207446529e-05
0.1134,89.98588653210633,90.0,0.1549910641017088,0.17771402341084291,0.00044270077926661307,3.204917568297188e-05,11.999999998479396,0.0005904126227300391,0.00257549148318285,1.2671689013312926e-07,1.2671689013312926e-07,0.3014971759557219,4.920105190040453e-05
0.1136,89.98591773395495,90.0,0.15702737487943755,0.17399947721186346,0.00043437454744604787,3.1978321835045706e-05,11.999999998497467,0.0005945793490923998,0.0025270521305880873,1.2521108425964674e-07,1.2521108425964674e-07,0.30545832011852686,4.9548279097237306e-05
0.11380000000000001,89.98594933880977,90.0,0.15902112914301228,0.17033309705992092,0.0004261534427869328,3.19065528317159e-05,11.999999998515833,0.0005986415093617264,0.0024792243741811933,1.236805517991478e-07,1.236805517991478e-07,0.30933668100017736,4.9886792452980565e-05
0.114,89.98598133821467,90.0,0.16097287869870291,0.16671434862740164,0.00041803631307169644,3.183388787531574e-05,11.999999998534474,0.0006026005129287939,0.0024320015107290116,1.2212711316565704e-07,1.2212711316565704e-07,0.31313333200469856,5.0216709416865647e-05
0.11420000000000001,89.98601372382329,90.0,0.16288316923143634,0.16314270306912862,0.00041002201782427706,3.1760345918974265e-05,11.99999999855337,0.0006064577532854966,0.002385376905306732,1.2055252657548552e-07,1.2055252657548552e-07,0.31684933462854104,5.053814611321722e-05
0.1144,89.9860464873978,90.0,0.1647525403676033,0.15961763696806153,0.0004021094281942141,3.168594566933193e-05,11.999999998572498,0.0006102146081891351,0.002339343990623573,1.1895848973564872e-07,1.1895848973564872e-07,0.32048573858275625,5.0851217355143776e-05
0.11460000000000001,89.98607962080766,90.0,0.16658152573724383,0.15613863228293143,0.00039429742684515205,3.161070558934293e-05,11.99999999859184,0.0006138724398259041,0.0022938962663741308,1.1734664149265521e-07,1.1734664149265521e-07,0.3240435819139633,5.115603665816167e-05
0.1148,89.98611311602852,90.0,0.16837065303563215,0.15270517629529168,0.00038658490784187555,3.153464390096196e-05,11.999999998611377,0.0006174325949721579,0.0022490272985811878,1.1571856344057453e-07,1.1571856344057453e-07,0.3275238911241471,5.145271625363386e-05
0.115,89.98614696514093,90.0,0.1701204440842554,0.14931676155670562,0.00037897077653755617,3.145777858777319e-05,11.99999999863109,0.0006208964051538583,0.002204730718939749,1.1407578148984427e-07,1.1407578148984427e-07,0.33092768128927763,5.17413671020573e-05
0.11520000000000001,89.98618116032927,90.0,0.17183141489118722,0.14597288583819973,0.00037145394946619056,3.138012739773482e-05,11.999999998650964,0.0006242651868054745,0.002161000224191283,1.1241976739942515e-07,1.1241976739942515e-07,0.33425595617675186,5.202209890630451e-05
0.1154,89.9862156938805,90.0,0.1735040757108824,0.14267305207839404,0.0003640333542318432,3.130170784575025e-05,11.999999998670976,0.0006275402414262859,0.00211782957547937,1.1075194027027036e-07,1.1075194027027036e-07,0.33750970836170974,5.2295020124648936e-05
0.11560000000000001,89.98625055818307,90.0,0.17513893110337678,0.13941676833246203,0.0003567079293997251,3.122253721623933e-05,11.999999998691116,0.0006307228557353177,0.0020752125977160354,1.0907366800267747e-07,1.0907366800267747e-07,0.340689919342193,5.256023798367608e-05
0.1158,89.98628574572584,90.0,0.17673647999290332,0.13620354772297266,0.0003494766243915693,3.114263256579616e-05,11.999999998711365,0.0006338143018255654,0.0020331431789730736,1.0738626871921757e-07,1.0738626871921757e-07,0.3437975596531685,5.2817858491135696e-05
0.116,89.98632124909679,90.0,0.17829721572594415,0.1330329083893877,0.00034233839937776364,3.10620107256737e-05,11.999999998731708,0.0006368158373156573,0.001991615269854514,1.0569101215142485e-07,1.0569101215142485e-07,0.346833588979454,5.3067986448580256e-05
0.11620000000000001,89.9863570609821,90.0,0.17982162612870473,0.12990437343872074,0.0003352922251720979,3.098068830429714e-05,11.99999999875213,0.0006397287055003978,0.0019506228828842945,1.0398912099306572e-07,1.0398912099306572e-07,0.34979895626752067,5.331072546391022e-05
0.1164,89.98639317416497,90.0,0.1813101935640224,0.12681747089698742,0.00032833708312826143,3.089868168977733e-05,11.99999999877262,0.0006425541355000109,0.0019101600919041145,1.0228177222046736e-07,1.0228177222046736e-07,0.35269459983619383,5.354617796381104e-05
0.11660000000000001,89.98642958152448,90.0,0.18276339498771857,0.12377173366143046,0.00032147196503805434,3.08160070524242e-05,11.999999998793157,0.0006452933424081031,0.0018702210314812627,1.0057009838065387e-07,1.0057009838065387e-07,0.3555214474862733,5.377444520608336e-05
0.1168,89.98646627603459,90.0,0.18418170200440417,0.12076669945173374,0.000314695873027139,3.073268034711575e-05,11.999999998813738,0.000647947527437315,0.0018307998963021316,9.88551888465606e-08,9.88551888465606e-08,0.35828041660908855,5.399562729178067e-05
0.117,89.98650325076305,90.0,0.1855655809227258,0.11780191076308152,0.00030800781945500684,3.064871731575368e-05,11.999999998834344,0.0006505178780643186,0.0017918909405902571,9.713809104238998e-08,9.713809104238998e-08,0.3609724142939668,5.4209823177292385e-05
0.11720000000000001,89.98654049887037,90.0,0.18691549281007408,0.11487691481890382,0.00030140682681411765,3.056413348963234e-05,11.999999998854962,0.0006530055681729448,0.0017534884775195422,9.541981163805166e-08,9.541981163805166e-08,0.3635983374346551,5.44171306862712e-05
0.1174,89.98657801360872,90.0,0.18823189354675093,0.11199126352473204,0.0002948919276315384,3.047894419183662e-05,11.999999998875584,0.0006554117581962781,0.0017155868786420242,9.370131771454942e-08,9.370131771454942e-08,0.36615907283468857,5.461764652147425e-05
0.11760000000000001,89.98661578832096,90.0,0.18951523387960795,0.10914451342208255,0.00028846216437055527,3.0393164539582028e-05,11.999999998896197,0.000657737595257112,0.0016781805733154845,9.1983537900105e-08,9.1983537900105e-08,0.3686554973117317,5.4811466276467755e-05
0.1178,89.98665381643957,90.0,0.19076595947515676,0.10633622564272244,0.0002821165893330858,3.030680944652587e-05,11.999999998916792,0.0006599842133069799,0.0016412640481357132,9.026736347797135e-08,9.026736347797135e-08,0.37108847780089105,5.499868444721291e-05
0.11800000000000001,89.98669209148566,90.0,0.19198451097215513,0.10356596586331199,0.00027585426456288003,3.021989362504956e-05,11.999999998937355,0.0006621527332637684,0.001604831846373365,8.855364946658041e-08,8.855364946658041e-08,0.3734588714570088,5.517939444353371e-05
0.1182,89.986730607068,90.0,0.19317132403367368,0.10083330426077197,0.0002696742617503249,3.0132431588540912e-05,11.999999998957882,0.000664244263148137,0.0015688785674201418,8.68432156729498e-08,8.68432156729498e-08,0.3757675257559456,5.535368860048517e-05
0.1184,89.98676935688198,90.0,0.1943268293986511,0.09813781546801047,0.0002635756621379988,3.0044437653647564e-05,11.999999998978357,0.0006662598982185491,0.0015333988662393388,8.513684771967e-08,8.513684771967e-08,0.378015278594869,5.5521658189606034e-05
0.11860000000000001,89.98680833470864,90.0,0.19545145293294247,0.09547907852964654,0.0002575575564261303,2.9955925942472605e-05,11.999999998998778,0.0006682007211047169,0.0014983874528158336,8.34352980457781e-08,8.34352980457781e-08,0.38020295839155516,5.568339343003903e-05
0.1188,89.98684753441371,90.0,0.19654561567986012,0.09285667685950799,0.000251619044682115,2.9866910384856878e-05,11.999999999019128,0.00067006780194051,0.0014638390916296843,8.173928688358927e-08,8.173928688358927e-08,0.3823313841827036,5.583898349960674e-05
0.11900000000000001,89.98688694994671,90.0,0.19760973391022743,0.09027019819632313,0.0002457592362457246,2.9777404720459047e-05,11.999999999039407,0.0006718621984942686,0.0014297486011046663,8.004950320909844e-08,8.004950320909844e-08,0.3844013657213052,5.59885165456709e-05
0.1192,89.98692657533984,90.0,0.19864421917192562,0.08771923456189594,0.00023997724964003263,2.9687422500980123e-05,11.9999999990596,0.0006735849562990058,0.0013961108530900672,7.836660567007805e-08,7.836660567007805e-08,0.38641370357302257,5.61320796959827e-05
0.1194,89.98696640470722,90.0,0.19964947833896055,0.08520338221817549,0.00023427221247967111,2.959697709224354e-05,11.999999999079705,0.0006752371087804484,0.0013629207723269523,7.66912234894538e-08,7.66912234894538e-08,0.38836918921163804,5.626975906935276e-05
0.11960000000000001,89.98700643224386,90.0,0.20062591366003857,0.08272224162572128,0.00022864326138226417,2.9506081676333003e-05,11.999999999099714,0.0006768196773843741,0.0013301733359329145,7.502395734657958e-08,7.502395734657958e-08,0.3902686051135461,5.640163978626264e-05
0.1198,89.98704665222478,90.0,0.2015739228066658,0.08027541740283446,0.0002230895418813343,2.9414749253730338e-05,11.999999999119616,0.0006783336717028498,0.0012978635728953909,7.336538023634162e-08,7.336538023634162e-08,0.3921127248513185,5.652780597938467e-05
0.12000000000000001,89.98708705900401,90.0,0.20249389892077985,0.0778625182835645,0.00021761020833649841,2.932299264530889e-05,11.999999999139408,0.000679780089598341,0.001265986563549211,7.171603830512472e-08,7.171603830512472e-08,0.39390231318636015,5.664834080392434e-05
0.1202,89.98712764701386,90.0,0.2033862306619,0.07548315707745518,0.00021220442384764436,2.923082449441362e-05,11.999999999159083,0.0006811599173273454,0.0012345374390773049,7.007645166652818e-08,7.007645166652818e-08,0.3956381261606283,5.676332644792322e-05
0.12040000000000001,89.98716841076387,90.0,0.20425130225381646,0.07313695062886753,0.00020687136016803837,2.9138257268854482e-05,11.999999999178634,0.000682474129662336,0.0012035113810051888,6.84471151955377e-08,6.84471151955377e-08,0.39732091118745533,5.687284414242078e-05
0.1206,89.98720934484,90.0,0.20508949353081363,0.07082351977801965,0.0002016101976213638,2.90453032629865e-05,11.999999999198057,0.0006837236900132623,0.0011729036207183234,6.682849930342004e-08,6.682849930342004e-08,0.3989514071414641,5.697697417157955e-05
0.1208,89.98725044390372,90.0,0.20590117998344665,0.06854248932016305,0.00019642012501432533,2.895197459958762e-05,11.999999999217348,0.0006849095505465495,0.0011427094389536738,6.522105069084214e-08,6.522105069084214e-08,0.4005303444476161,5.707579588260166e-05
0.12100000000000001,89.98729170269121,90.0,0.20668673280385128,0.06629348796789797,0.0001913003395565092,2.885828323193877e-05,11.999999999236497,0.0006860326523044991,0.0011129241653334804,6.36251930838397e-08,6.36251930838397e-08,0.4020584451693495,5.716938769567901e-05
0.1212,89.98733311601241,90.0,0.20744651893062066,0.06407614831125069,0.0001862500467749356,2.876424094567284e-05,11.999999999255504,0.0006870939253220085,0.001083543177868154,6.204132794862522e-08,6.204132794862522e-08,0.4035364230958768,5.725782711371973e-05
0.12140000000000001,89.98737467875029,90.0,0.2081809010932259,0.061890106779453946,0.00018126846043251205,2.8669859360710254e-05,11.999999999274362,0.0006880942887428711,0.0010545619024818617,6.04698351889554e-08,6.04698351889554e-08,0.40496498382859386,5.7341190732040003e-05
0.1216,89.9874163858599,90.0,0.20889023785599814,0.059735003603339616,0.00017635480244784172,2.8575149933194654e-05,11.999999999293067,0.0006890346509350703,0.0010259758125459992,5.8911073825591986e-08,5.8911073825591986e-08,0.4063448248666363,5.7419554247971845e-05
0.1218,89.98745823236763,90.0,0.2095748836616801,0.05761048277762198,0.00017150830281469968,2.84801239573707e-05,11.999999999311616,0.0006899159096046596,0.0009977804284107279,5.736538265768364e-08,5.736538265768364e-08,0.4076766356915983,5.749299247035308e-05
0.12200000000000001,89.98750021337028,90.0,0.2102351888745454,0.055516192023428945,0.0001667281995220133,2.838479256743304e-05,11.999999999330004,0.0006907389519084394,0.0009699713169394472,5.5833080906784193e-08,5.5833080906784193e-08,0.40896109785141094,5.756157932891712e-05
0.1222,89.98754232403441,90.0,0.21087149982308884,0.053451782751432746,0.00016201373847516854,2.8289166739375257e-05,11.999999999348226,0.0006915046545656446,0.0009425440910509797,5.431446884420816e-08,5.431446884420816e-08,0.4101988850433851,5.762538788360028e-05
0.12240000000000001,89.98758455959538,90.0,0.21148415884229393,0.051416910024504825,0.00015736417341612982,2.8193257292752156e-05,11.999999999366281,0.0006922138839680306,0.000915494409254854,5.280982840123223e-08,5.280982840123223e-08,0.4113906631964335,5.768449033371553e-05
0.1226,89.98762691535666,90.0,0.21207350431547295,0.04941123252309921,0.00015277876584986322,2.8097074892615386e-05,11.999999999384166,0.0006928674962902372,0.0008888179752232581,5.131942376519177e-08,5.131942376519177e-08,0.41253709055245946,5.773895802714957e-05
0.1228,89.98766938668896,90.0,0.21263987071571025,0.04743441250799263,0.00014825678496451067,2.8000630051189064e-05,11.99999999940188,0.0006934663375973456,0.0008625105373266394,4.984350195740297e-08,4.984350195740297e-08,0.4136388177469749,5.778886146932586e-05
0.12300000000000001,89.98771196902958,90.0,0.2131835886468789,0.045486115785041144,0.00014379750755620348,2.790393312966092e-05,11.999999999419412,0.000694011243952296,0.0008365678881962926,4.838229339714538e-08,4.838229339714538e-08,0.4146964878888888,5.783427033215616e-05
0.1232,89.98775465788147,90.0,0.21370498488425313,0.043566011670146,0.0001394002179542939,2.780699433994462e-05,11.999999999436767,0.0006945030415221639,0.0008109858642893817,4.693601245057436e-08,4.693601245057436e-08,0.41571073663950786,5.7875253462896766e-05
0.12340000000000001,89.98779744881259,90.0,0.21420438241472017,0.04167377295442399,0.00013506420794699432,2.7709823746413117e-05,11.99999999945394,0.0006949425466833057,0.000785760345456332,4.550485796491881e-08,4.550485796491881e-08,0.41668219229075926,5.791187889291075e-05
0.1236,89.98784033745515,90.0,0.21468210047659234,0.03980907586922433,0.0001307887767065877,2.7612431267574308e-05,11.999999999470932,0.0006953305661251616,0.0007608872545057293,4.40890137880179e-08,4.40890137880179e-08,0.41761147584263536,5.794421384631817e-05
0.12380000000000001,89.9878833195048,90.0,0.21513845459901865,0.03797160005277189,0.00012657323071836935,2.7514826677833282e-05,11.999999999487736,0.0006956678969537714,0.0007363625567909251,4.26886492750094e-08,4.26886492750094e-08,0.4184992010798594,5.797232474862238e-05
0.124,89.98792639071993,90.0,0.21557375664101464,0.036161028515921456,0.00012241688370744384,2.741701960913906e-05,11.999999999504354,0.0006959553267935677,0.0007121822597841642,4.130391978042848e-08,4.130391978042848e-08,0.41934597464780793,5.799627723519278e-05
0.1242,89.98796954692098,90.0,0.21598831483009914,0.03437704760739524,0.0001183190565642444,2.7319019552544653e-05,11.999999999520782,0.0006961936338876316,0.0006883424126432816,3.9934967136353616e-08,3.9934967136353616e-08,0.42015239612767,5.8016136159619503e-05
0.12440000000000001,89.9880127839896,90.0,0.21638243380053346,0.03261934698277308,0.00011427907727875578,2.722083586002711e-05,11.999999999537017,0.0006963835871989343,0.0006648391058290309,3.85819201204346e-08,3.85819201204346e-08,0.4209190581108314,5.803196560215017e-05
0.1246,89.9880560978681,90.0,0.21675641463120493,0.030887619569715755,0.00011029628086586834,2.7122477745960934e-05,11.999999999553062,0.0006965259465082276,0.000641668470670819,3.724489490792711e-08,3.724489490792711e-08,0.42164654627256853,5.804382887784747e-05
0.12480000000000001,89.98809948455857,90.0,0.2171105548831124,0.029181561536231415,0.00010637000929777633,2.7023954288793642e-05,11.999999999568912,0.0006966214625124965,0.0006188266789734206,3.5923995513641824e-08,3.5923995513641824e-08,0.42233543944496643,5.80517885447935e-05
0.125,89.98814294012234,90.0,0.21744514863648767,0.027500872258383772,0.00010249961143500729,2.6925274432634766e-05,11.999999999584567,0.000696670876921941,0.0005963099426157294,3.4619314221146215e-08,3.4619314221146215e-08,0.42298630968913015,5.8055906412171617e-05
0.1252,89.98818646067915,90.0,0.2177604865275477,0.02584525428816136,9.868444295776302e-05,2.682644698881587e-05,11.999999999600028,0.0006966749225558984,0.000574114513151322,3.3330932000103835e-08,3.3330932000103835e-08,0.42359972236667676,5.8056243548259937e-05
0.1254,89.98823004240657,90.0,0.21805685578487782,0.02421441332150609,9.49238662975682e-05,2.6727480637421732e-05,11.999999999615294,0.0006966343234377053,0.0005522366814108112,3.205891891203645e-08,3.205891891203645e-08,0.4241762362105103,5.805286028833655e-05
0.12560000000000002,89.98827368153924,90.0,0.21833454026544966,0.022608058167207616,9.121725057087896e-05,2.6628383928850395e-05,11.999999999630361,0.0006965497948889311,0.0005306727771156022,3.080333450536652e-08,3.080333450536652e-08,0.42471640339488553,5.804581624253226e-05
0.1258,89.9883173743683,90.0,0.21859382049028198,0.021025900716295953,8.756397151379339e-05,2.652916528537321e-05,11.99999999964523,0.0006964220436227889,0.0005094191684980585,2.9564228199710688e-08,2.9564228199710688e-08,0.4252207696047775,5.803517030361484e-05
0.126,89.98836111724057,90.0,0.2188349736797512,0.019467655910857473,8.396341141535267e-05,2.6429833002608244e-05,11.9999999996599,0.0006962517678361099,0.0004884722619134704,2.8341639658816334e-08,2.8341639658816334e-08,0.42568987410456965,5.802098065465356e-05
0.1262,89.98840490655807,90.0,0.21905827378854464,0.017933041712994705,8.041495905111544e-05,2.6330395250964747e-05,11.999999999674372,0.0006960396573002827,0.0004678285014536111,2.7135599152992702e-08,2.7135599152992702e-08,0.4261242498060466,5.800330477659752e-05
0.1264,89.98844873877728,90.0,0.21926399154025814,0.01642177907570352,7.691800962115233e-05,2.623086007720322e-05,11.999999999688647,0.0006957863934522208,0.00044748436858600867,2.59461279127318e-08,2.59461279127318e-08,0.4265244233356952,5.798219945585614e-05
0.12660000000000002,89.98849261040843,90.0,0.21945239446165993,0.014933591912795195,7.347196468574889e-05,2.613123540587993e-05,11.999999999702721,0.0006954926494837166,0.00042743638177988674,2.4773238471432617e-08,2.4773238471432617e-08,0.42689091510135707,5.795772079174552e-05
0.1268,89.98853651801504,90.0,0.21962374691661032,0.013468207068233483,7.007623209968037e-05,2.6031529040704682e-05,11.999999999716596,0.0006951590904293723,0.00040768109612379595,2.361693499778005e-08,2.361693499778005e-08,0.42722423935821047,5.792992420381582e-05
0.127,89.98858045821311,90.0,0.21977831013962965,0.012025354288094316,6.673022595255612e-05,2.593174866607204e-05,11.999999999730274,0.0006947863732549875,0.0003882151029785567,2.2477213620612135e-08,2.2477213620612135e-08,0.42752490427406886,5.7898864439217026e-05
0.1272,89.98862442767062,90.0,0.219916342269145,0.010604766191197436,6.343336650600262e-05,2.5831901848448016e-05,11.99999999974375,0.0006943751469441515,0.0003690350296118102,2.1354062743309336e-08,2.1354062743309336e-08,0.4277934119940542,5.786459557991494e-05
0.1274,89.98866842310687,90.0,0.22003809838040125,0.009206178239496876,6.0185080130223746e-05,2.5731996037698993e-05,11.99999999975703,0.0006939260525836443,0.00035013753882894656,2.0247463348820242e-08,2.0247463348820242e-08,0.4280302587046168,5.7827171049807883e-05
0.12760000000000002,89.98871244129185,90.0,0.2201438305180316,0.007829328711432602,5.698479924742407e-05,2.5632038568622913e-05,11.999999999770111,0.0006934397234495294,0.0003315193286439593,1.91573892981204e-08,1.91573892981204e-08,0.4282359346968947,5.7786643621901156e-05
0.1278,89.98875647904569,90.0,0.22023378772832425,0.006473958671799839,5.3831962267037516e-05,2.5532036662162644e-05,11.999999999782993,0.0006929167850902262,0.0003131771319026266,1.8083807617139172e-08,1.8083807617139172e-08,0.4284109244294788,5.774306542522974e-05
0.128,89.98880053323799,90.0,0.22030821609114262,0.005139811944587679,5.072601352783695e-05,2.5431997426821577e-05,11.99999999979568,0.0006923578554102663,0.0002951077159457235,1.702667877755684e-08,1.702667877755684e-08,0.42855570659050723,5.76964879518379e-05
0.1282,89.98884460078732,90.0,0.22036735875153532,0.0038266350858968687,4.7666403240174264e-05,2.533192786005035e-05,11.999999999808168,0.0006917635447531199,0.0002773078822729931,1.5985956969351097e-08,1.5985956969351097e-08,0.4286707541591542,5.764696206368154e-05
0.12840000000000001,89.98888867866056,90.0,0.22041145595103542,0.0025341773558692493,4.465258742585542e-05,2.5231834849518004e-05,11.99999999982046,0.0006911344559824674,0.00025977446619335854,1.496159036444741e-08,1.496159036444741e-08,0.4287565344665151,5.759453799940066e-05
0.12860000000000002,89.98893276387233,90.0,0.22044074505863837,0.0012621906917773542,4.168402786067112e-05,2.5131725174440906e-05,11.999999999832557,0.0006904711845631536,0.00024250433649058542,1.3953521373391044e-08,1.3953521373391044e-08,0.42881350925586653,5.753926538106568e-05
0.1288,89.9889768534845,90.0,0.22045546060147114,1.0429680478151867e-05,3.8760192015386896e-05,2.5031605506825037e-05,11.999999999844459,0.0006897743186407973,0.00022549439507998042,1.296168689380236e-08,1.296168689380236e-08,0.42884213474232574,5.74811932208115e-05
0.129,89.98902094460553,90.0,0.22045583429514673,-0.001221348466560523,3.5880553002692184e-05,2.493148241288157e-05,11.999999999856168,0.0006890444391219433,0.00020874157669975848,1.1986018553353264e-08,1.1986018553353264e-08,0.4288428616718975,5.742036992751685e-05
0.1292,89.98906503438992,90.0,0.22044209507383147,-0.002433383941387257,3.304458951672635e-05,2.483136235415359e-05,11.999999999867683,0.0006882821197514462,0.00019224284855922413,1.1026442942904834e-08,1.1026442942904834e-08,0.4288161353799633,5.735684331325296e-05
0.12940000000000002,89.98910912003772,90.0,0.22041446911999113,-0.0036259143644020164,3.025178578024498e-05,2.4731251688873923e-05,11.999999999879005,0.0006874879271907997,0.0001759952100314022,1.0082881845101509e-08,1.0082881845101509e-08,0.42876239584914444,5.7290660599810966e-05
0.1296,89.98915319879394,90.0,0.2203731798938517,-0.004799174810925343,2.750163148768178e-05,2.4631156673149618e-05,11.999999999890136,0.0006866624210945478,0.00015999569232179005,9.155252454615378e-09,9.155252454615378e-09,0.4286820777666111,5.722186842506953e-05
0.1298,89.98919726794799,90.0,0.22031844816255616,-0.0059533978362769635,2.4793621751641794e-05,2.4531083462233092e-05,11.999999999901078,0.0006858061541866262,0.0001442413581570722,8.243467592764408e-09,8.243467592764408e-09,0.4285756105808002,5.715051284935664e-05
0.13,89.98924132483319,90.0,0.22025049202903407,-0.007088813501874179,2.2127257046960045e-05,2.443103811167774e-05,11.99999999991183,0.0006849196723352015,0.00012872930145967144,7.347435914695447e-09,7.347435914695447e-09,0.4284434185575727,5.707663936168616e-05
0.1302,89.9892853668262,90.0,0.22016952696057174,-0.008205649399491866,1.9502043159005508e-05,2.433102657860909e-05,11.999999999922395,0.0006840035146276651,0.00011345664704699791,6.467062111543246e-09,6.467062111543246e-09,0.4282859208357915,5.700029288600739e-05
0.13040000000000002,89.98932939134652,90.0,0.22007576581710508,-0.009304130676200286,1.691749113035164e-05,2.4231054722909268e-05,11.999999999932772,0.0006830582134443555,9.842055032119527e-05,5.602247105748547e-09,5.602247105748547e-09,0.4281035314823574,5.692151778734851e-05
0.1306,89.98937339585596,90.0,0.2199694188792262,-0.010384480059969503,1.4373117205838264e-05,2.413112830831484e-05,11.999999999942965,0.0006820842945309905,8.361819694952835e-05,4.752888239711963e-09,4.752888239711963e-09,0.42789665954668904,5.68403578778527e-05
0.1308,89.98941737785816,90.0,0.21985069387589698,-0.011446917883088048,1.186844278269191e-05,2.4031253003659067e-05,11.999999999952973,0.0006810822770714804,6.904680257419921e-05,3.918879460160404e-09,3.918879460160404e-09,0.4276657091146331,5.675685642284579e-05
0.131,89.98946133489801,90.0,0.2197197960118944,-0.0124916621059179,9.402994359812725e-06,2.393143438405639e-05,11.9999999999628,0.0006800526737597,5.4703612517314655e-05,3.100111496402479e-09,3.100111496402479e-09,0.4274110793618526,5.667105614681735e-05
0.1312,89.98950526456122,90.0,0.21957692799498343,-0.013518928342044934,6.976303483751155e-06,2.383167793194246e-05,11.999999999972442,0.0006789959908695827,4.058590146659583e-05,2.2964720318091476e-09,2.2964720318091476e-09,0.4271331646066846,5.658299923926184e-05
0.13140000000000002,89.98954916447377,90.0,0.21942229006280217,-0.014528929881607089,4.5879066988943e-06,2.373198903822975e-05,11.999999999981906,0.0006779127283253938,2.669097318557836e-05,1.5078458711602198e-09,1.5078458711602198e-09,0.4268323543624392,5.649272736053467e-05
0.1316,89.98959303230149,90.0,0.2192560800094794,-0.015521877713893238,2.2373454993101756e-06,2.3632373003492022e-05,11.99999999999119,0.0006768033797716007,1.3016160233457732e-05,7.341151031382807e-10,7.341151031382807e-10,0.4265090333891773,5.64002816476748e-05
0.1318,89.98963686574943,90.0,0.21907849321199363,-0.01649798055100221,-7.583372193186839e-08,2.3532835039033265e-05,12.000000000000298,0.0006756684326413039,-4.411763297483607e-07,-2.484074326995921e-11,-2.484074326995921e-11,0.4261635817449854,5.630570272010726e-05
0.132,89.98968066256163,90.0,0.2188897226562605,-0.017457444851833426,-2.3520797242637106e-06,2.343338026789884e-05,12.00000000000923,0.0006745083682236226,-1.3683647242825416e-05,-7.691445477582288e-10,-7.691445477582288e-10,0.4257963748367227,5.6209030685258645e-05
0.1322,89.98972442052032,90.0,0.21868995896294618,-0.018400474843207726,-4.591836464460063e-06,2.3334013726088853e-05,12.000000000017987,0.0006733236617319248,-2.6713835304236238e-05,-1.4989214504937458e-09,-1.4989214504937458e-09,0.42540778347023456,5.611030514424296e-05
0.13240000000000002,89.98976813744575,90.0,0.2184793904130381,-0.01932727254349126,-6.795543147374457e-06,2.3234740363540404e-05,12.00000000002657,0.0006721147823698136,-3.9534295667286665e-05,-2.214298710708617e-09,-2.214298710708617e-09,0.42499817390009365,5.600956519736045e-05
0.1326,89.98981181119552,90.0,0.2182582029731451,-0.020238037784776675,-8.963634273349892e-06,2.313556504519654e-05,12.000000000034984,0.0006708821933971229,-5.214755611594558e-05,-2.9154055689385944e-09,-2.9154055689385944e-09,0.42456790787881615,5.5906849449597254e-05
0.1328,89.98985543966425,90.0,0.21802658032054414,-0.02113296823506483,-1.1096539685675356e-05,2.3036492552046253e-05,12.00000000004323,0.0006696263521951194,-6.45561173409317e-05,-3.602373113894371e-09,-3.602373113894371e-09,0.424117342705583,5.5802196016058926e-05
0.133,89.98989902078303,90.0,0.21778470386797208,-0.0220122594193804,-1.3194684615594668e-05,2.2937527582222325e-05,12.000000000051305,0.0006683477103315406,-7.67624532015607e-05,-4.275334153039649e-09,-4.275334153039649e-09,0.4236468312744672,5.569564252739026e-05
0.1332,89.989942552519,90.0,0.21753275278817594,-0.022876104742681813,-1.5258489731552673e-05,2.2838674751925795e-05,12.000000000059213,0.0006670467136238105,-8.876901101224379e-05,-4.934423088921739e-09,-4.934423088921739e-09,0.4231567221221893,5.558722613504325e-05
0.13340000000000002,89.98998603287495,90.0,0.2172709040382008,-0.023724695510273286,-1.7288371182647777e-05,2.2739938596523766e-05,12.000000000066958,0.0006657238022029193,-0.00010057821179528057,-5.579775797895924e-09,-5.579775797895924e-09,0.42264735947536447,5.547698351660039e-05
0.1336,89.99002945988882,90.0,0.21699933238344363,-0.02455822095002158,-1.9284740646344812e-05,2.2641323571473904e-05,12.00000000007454,0.0006643794105754974,-0.0001121924505584374,-6.211529514381023e-09,-6.211529514381023e-09,0.4221190832972928,5.536495088094754e-05
0.1338,89.99007283163328,90.0,0.2167182104214526,-0.025376868232441067,-2.1248005371249033e-05,2.254283405339334e-05,12.000000000081958,0.0006630139676863599,-0.00012361409654379263,-6.829822717575412e-09,-6.829822717575412e-09,0.42157222933425526,5.525116397348597e-05
0.134,89.99011614621534,90.0,0.21642770860549654,-0.026180822492234246,-2.317856822332318e-05,2.2444474340983156e-05,12.000000000089218,0.0006616278969794666,-0.0001348454934966128,-7.4347950232215795e-09,-7.4347950232215795e-09,0.4210071291613623,5.51356580812123e-05
0.1342,89.99015940177584,90.0,0.21612799526788745,-0.026970266848776847,-2.5076827729680416e-05,2.2346248656010654e-05,12.000000000096318,0.000660221616458737,-0.00014588895992012594,-8.026587078431362e-09,-8.026587078431362e-09,0.42042411022792164,5.501846803778648e-05
0.13440000000000002,89.99020259648911,90.0,0.21581923664306832,-0.027745382426630546,-2.694317812248321e-05,2.22481611442627e-05,12.000000000103263,0.000658795538748114,-0.00015674678933091116,-8.605340460283845e-09,-8.605340460283845e-09,0.41982349590235085,5.489962822853708e-05
0.1346,89.9902457285625,90.0,0.215501596890466,-0.028506348375372585,-2.8778009381286368e-05,2.2150215876527994e-05,12.000000000110054,0.0006573500711512983,-0.00016742125050523687,-9.171197577570622e-09,-9.171197577570622e-09,0.4192056055166314,5.477917259543913e-05
0.1348,89.990288796236,90.0,0.21517523811711695,-0.02925334189052875,-3.058170727799964e-05,2.2052416849463765e-05,12.000000000116692,0.0006558856157101165,-0.00017791458774063892,-9.724301576912147e-09,-9.724301576912147e-09,0.41857075441032154,5.4657134641978206e-05
0.135,89.99033179778183,90.0,0.21484032040005305,-0.029986538232750822,-3.235465341778814e-05,2.195476798657803e-05,12.000000000123176,0.000654402569263181,-0.00018822902109386604,-1.026479625103792e-08,-1.026479625103792e-08,0.4179192539741026,5.453354743803865e-05
0.13520000000000001,89.990374731504,90.0,0.21449700180846787,-0.030706110747397933,-3.409722528095572e-05,2.1857273139154057e-05,12.000000000129514,0.0006529013235036235,-0.000198366746624544,-1.0792825950739575e-08,-1.0792825950739575e-08,0.41725141169289787,5.440844362471474e-05
0.13540000000000002,89.99041759573794,90.0,0.2141454384256585,-0.031412230884159786,-3.580979626496569e-05,2.1759936087145975e-05,12.000000000135703,0.0006513822650361015,-0.00020832993663963867,-1.1308535500135062e-08,-1.1308535500135062e-08,0.4165675311885554,5.428185541906127e-05
0.1356,89.9904603888501,90.0,0.21378578437074264,-0.03210506821707604,-3.749273572742708e-05,2.166276054001656e-05,12.000000000141746,0.0006498457754328646,-0.00021812073994353635,-1.1812070115410273e-08,-1.1812070115410273e-08,0.4158679122620925,5.4153814618765714e-05
0.1358,89.99050310923757,90.0,0.21341819182014618,-0.032784790462460245,-3.91464090242225e-05,2.1565750137719496e-05,12.000000000147644,0.0006482922312903496,-0.00022774128205985946,-1.2303575325141217e-08,-1.2303575325141217e-08,0.415152850935496,5.402435260686443e-05
0.136,89.99054575532769,90.0,0.21304281102888578,-0.03345156349902284,-4.077117755281294e-05,2.1468908451479415e-05,12.000000000153399,0.000646722004283826,-0.00023719366548339998,-1.2783196895240905e-08,-1.2783196895240905e-08,0.41442263949312036,5.3893500356296564e-05
0.13620000000000002,89.99058832557763,90.0,0.21265979035162064,-0.03410555138518612,-4.236739878901864e-05,2.137223898477413e-05,12.000000000159012,0.0006451354612229881,-0.00024647996989409887,-1.325108075481255e-08,-1.325108075481255e-08,0.41367756652264054,5.376128843453661e-05
0.1364,89.99063081847407,90.0,0.21226927626350592,-0.03474691637860872,-4.3935426329000096e-05,2.127574517411469e-05,12.000000000164487,0.0006435329641056137,-0.000255602252401278,-1.370737292646758e-08,-1.370737292646758e-08,0.4129179169556162,5.3627747008066054e-05
0.1366,89.99067323253279,90.0,0.21187141338082266,-0.03537581895468761,-4.5475609928887935e-05,2.1179430389883165e-05,12.000000000169827,0.000641914870171131,-0.0002645625477741942,-1.4152219458684342e-08,-1.4152219458684342e-08,0.4121439721076224,5.349290584683721e-05
0.1368,89.99071556629829,90.0,0.21146634448139565,-0.03599241782405316,-4.69882955420961e-05,2.1083297937228248e-05,12.000000000175028,0.0006402815319541195,-0.00027336286865911537,-1.4585766360156519e-08,-1.4585766360156519e-08,0.4113560097179674,5.335679432873171e-05
0.137,89.99075781834351,90.0,0.21105421052481063,-0.0365968699512057,-4.8473825359338934e-05,2.0987351056845256e-05,12.000000000180098,0.0006386332973365061,-0.0002820052058121271,-1.500815953759632e-08,-1.500815953759632e-08,0.410554303989021,5.321944144391012e-05
0.13720000000000002,89.99079998726931,90.0,0.2106351506724186,-0.03718933057214363,-4.993253784632795e-05,2.0891592925813974e-05,12.000000000185036,0.0006369705095996921,-0.0002904915283184404,-1.5419544735378102e-08,-1.5419544735378102e-08,0.40973912562512693,5.3080875799155853e-05
0.1374,89.9908420717043,90.0,0.2102093023071374,-0.037769953211709055,-5.1364767780843946e-05,2.079602665843644e-05,12.000000000189841,0.0006352935074762161,-0.00029882378380806536,-1.5820067477478087e-08,-1.5820067477478087e-08,0.4089107418711231,5.294112562218048e-05
0.1376,89.99088407030428,90.0,0.20977680105305532,-0.03833888970101151,-5.2770846290026445e-05,2.0700655307045862e-05,12.000000000194518,0.0006336026252007474,-0.00030700389867274926,-1.6209873011897087e-08,-1.6209873011897087e-08,0.4080694165504743,5.280021876587307e-05
0.1378,89.9909259817521,90.0,0.20933778079483456,-0.038896290195994554,-5.415110089037015e-05,2.060548186269998e-05,12.00000000019907,0.0006318981925597793,-0.0003150337782986631,-1.6589106258241755e-08,-1.6589106258241755e-08,0.4072154101030184,5.265818271244139e-05
0.138,89.99096780475718,90.0,0.2088923736969022,-0.03944230319286196,-5.55058555204169e-05,2.0510509256105535e-05,12.000000000203496,0.0006301805349425176,-0.00032291530725659295,-1.695791175538636e-08,-1.695791175538636e-08,0.40634897962229655,5.2515044577652585e-05
0.13820000000000002,89.99100953805517,90.0,0.20844071022246458,-0.03997707554610075,-5.6835430579549785e-05,2.0415740358311645e-05,12.000000000207798,0.0006284499733896777,-0.0003306503495276318,-1.7316433613194127e-08,-1.7316433613194127e-08,0.40547037889254134,5.2370831114899594e-05
0.1384,89.9910511804077,90.0,0.20798291915231482,-0.040500752485149005,-5.814014296365525e-05,2.0321177981489814e-05,12.000000000211978,0.0006267068246424375,-0.00033824074871065,-1.7664815465448966e-08,-1.7664815465448966e-08,0.4045798584252625,5.2225568719280574e-05
0.1386,89.99109273060195,90.0,0.20751912760344995,-0.041013477630797816,-5.9420306100197087e-05,2.0226824879713962e-05,12.000000000216037,0.0006249514011909535,-0.0003456883282263448,-1.8003200424710257e-08,-1.8003200424710257e-08,0.4036776654954616,5.207928343164187e-05
0.1388,89.99113418745037,90.0,0.2070494610474996,-0.04151539301168578,-6.067622998353983e-05,2.0132683749711574e-05,12.00000000021998,0.0006231840113222307,-0.00035299489152274037,-1.8331731039280367e-08,-1.8331731039280367e-08,0.4027640441774806,5.193200094256723e-05
0.139,89.99117554979036,90.0,0.206574043328966,-0.04200663908124014,-6.19082212113498e-05,2.0038757231557037e-05,12.000000000223807,0.0006214049591671395,-0.0003601622222869577,-1.8650549252466585e-08,-1.8650549252466585e-08,0.40183923538048355,5.178374659629583e-05
0.13920000000000002,89.9912168164839,90.0,0.20609299668326983,-0.04248735473328135,-6.311658301790514e-05,1.9945047909451694e-05,12.000000000227518,0.0006196145447476155,-0.00036719208463900123,-1.8959796362850747e-08,-1.8959796362850747e-08,0.4009034768835602,5.163454539465565e-05
0.1394,89.99125798641727,90.0,0.20560644175461745,-0.042957677317733256,-6.430161530768431e-05,1.9851558312474954e-05,12.000000000231115,0.0006178130640232401,-0.00037408622332716664,-1.9259612986515643e-08,-1.9259612986515643e-08,0.3999570033704822,5.148442200094511e-05
0.1396,89.99129905850072,90.0,0.20511449761368786,-0.04341774265714765,-6.546361469089045e-05,1.975829091524878e-05,12.000000000234602,0.0006160008089367732,-0.0003808463639347096,-1.9550139021651943e-08,-1.9550139021651943e-08,0.3990000464641092,5.133340074372752e-05
0.1398,89.99134003166816,90.0,0.20461728177513072,-0.043867685062254136,-6.660287451672965e-05,1.9665248138659918e-05,12.000000000237979,0.0006141780674596716,-0.0003874742130734484,-1.983151361426567e-08,-1.983151361426567e-08,0.39803283476042634,5.118150562062429e-05
0.14,89.99138090487686,90.0,0.20411491021488581,-0.04430763734690574,-6.771968490530849e-05,1.9572432350611054e-05,12.000000000241247,0.0006123451236374099,-0.0003939714585693337,-2.0103875125199946e-08,-2.0103875125199946e-08,0.3970555938622355,5.1028760302091616e-05
0.14020000000000002,89.99142167710713,90.0,0.20360749738733175,-0.044737730844562396,-6.881433278315662e-05,1.947984586662749e-05,12.000000000244409,0.0006105022576333524,-0.00040033976966910746,-2.0367361099869038e-08,-2.0367361099869038e-08,0.3960685464125137,5.0875188135076504e-05
0.1404,89.99146234736197,90.0,0.20309515624224536,-0.045158095422022926,-6.98871019123501e-05,1.9387490950666066e-05,12.000000000247464,0.0006086497457736666,-0.00040658079720973293,-2.0622108237754617e-08,-2.0622108237754617e-08,0.3950719121274036,5.072081214675959e-05
0.1406,89.99150291466691,90.0,0.2025779982416042,-0.04556885949649098,-7.093827292745656e-05,1.929536981563517e-05,12.00000000025042,0.0006067878605897666,-0.00041269617383333027,-2.0868252365723587e-08,-2.0868252365723587e-08,0.3940659078288982,5.056565504809199e-05
0.1408,89.99154337806954,90.0,0.20205613337619321,-0.04597015004845961,-7.196812336273933e-05,1.920348462423255e-05,12.000000000253271,0.0006049168708626267,-0.00041868751414544106,-2.1105928410063874e-08,-2.1105928410063874e-08,0.39305074747714625,5.0409739237488285e-05
0.14100000000000001,89.99158373663937,90.0,0.20152967018206408,-0.04636209263794238,-7.29769276872113e-05,1.911183748949423e-05,12.000000000256023,0.0006030370416646459,-0.0004245564149189607,-2.1335270372251306e-08,-2.1335270372251306e-08,0.3920266422024679,5.025308680431499e-05
0.14120000000000002,89.99162398946743,90.0,0.2009987157568084,-0.04674481141866859,-7.396495733496175e-05,1.902043047548785e-05,12.000000000258677,0.000601148634402139,-0.00043030445527057016,-2.1556411304790284e-08,-2.1556411304790284e-08,0.39099380033701214,5.0095719532431704e-05
0.1414,89.99166413566604,90.0,0.20046337577566817,-0.04711842915240677,-7.493248073581167e-05,1.8929265597977152e-05,12.000000000261235,0.0005992519068572444,-0.0004359331968390786,-2.1769483288542117e-08,-2.1769483288542117e-08,0.38995242744609465,4.993765890368325e-05
0.1416,89.99170417436854,90.0,0.19992375450748268,-0.04748306722376977,-7.587976334712382e-05,1.883834482502866e-05,12.000000000263697,0.0005973471132290307,-0.00044144418397048445,-2.1974617411726616e-08,-2.1974617411726616e-08,0.38890272635921913,4.9778926101325344e-05
0.1418,89.99174410472894,90.0,0.1993799548304652,-0.047838845653716655,-7.68070676825959e-05,1.8747670077705022e-05,12.000000000266063,0.0005954345041748467,-0.00044683894388548466,-2.2171943749380547e-08,-2.2171943749380547e-08,0.38784489720076637,4.9619542013470395e-05
0.14200000000000002,89.99178392592171,90.0,0.1988320782478252,-0.04818588311426014,-7.771465334389928e-05,1.865724323064284e-05,12.00000000026834,0.0005935143268504727,-0.00045211898686353875,-2.2361591344885866e-08,-2.2361591344885866e-08,0.3867791374203843,4.94595272364334e-05
0.1422,89.99182363714148,90.0,0.19828022490322225,-0.04852429694222842,-7.86027770501367e-05,1.856706611268822e-05,12.000000000270525,0.0005915868249503045,-0.0004572858064142441,-2.254368819211197e-08,-2.254368819211197e-08,0.3857056418230489,4.9298902078080665e-05
0.1424,89.99186323760279,90.0,0.19772449359606212,-0.04885420315316147,-7.947169266764186e-05,1.847714050750348e-05,12.000000000272621,0.0005896522387469659,-0.000462340879450701,-2.2718361218846117e-08,-2.2718361218846117e-08,0.3846246025988197,4.9137686561130824e-05
0.1426,89.99190272653979,90.0,0.19716498179663366,-0.049175716454985974,-8.032165123928978e-05,1.8387468154173812e-05,12.000000000274628,0.000587710805130553,-0.0004672856664600303,-2.28857362712422e-08,-2.28857362712422e-08,0.38353620935228466,4.897590042642524e-05
0.1428,89.991942103206,90.0,0.196601785661089,-0.049488950261115106,-8.115290101248973e-05,1.829805074784289e-05,12.00000000027655,0.0005857627576477303,-0.0004721216116662275,-2.304593809902724e-08,-2.304593809902724e-08,0.38244064913170017,4.881356313618591e-05
0.14300000000000002,89.99198136687406,90.0,0.19603500004627378,-0.04979401670476097,-8.196568747003976e-05,1.820888994023287e-05,12.000000000278389,0.000583808326539638,-0.0004768501432096648,-2.319909034258023e-08,-2.319909034258023e-08,0.38133810645784005,4.865069387717452e-05
0.1432,89.99202051683538,90.0,0.19546471852439348,-0.050091026650885884,-8.276025335548998e-05,1.8119987340337747e-05,12.000000000280144,0.0005818477387806866,-0.0004814726732946463,-2.3345315519553515e-08,-2.3345315519553515e-08,0.38022876335252526,4.8487311563925265e-05
0.1434,89.99205955240006,90.0,0.19489103339754246,-0.05038008971044927,-8.353683870389661e-05,1.8031344514914488e-05,12.000000000281815,0.0005798812181155615,-0.0004859905983683253,-2.348473501399306e-08,-2.348473501399306e-08,0.3791127993668862,4.83234348418286e-05
0.1436,89.99209847289644,90.0,0.1943140357120703,-0.05066131425300608,-8.429568086875084e-05,1.794296298908973e-05,12.00000000028341,0.0005779089850966951,-0.0004904052992773677,-2.3617469065394262e-08,-2.3617469065394262e-08,0.3779903916093093,4.8159082090253856e-05
0.1438,89.99213727767103,90.0,0.19373381527280337,-0.050934807420169204,-8.503701455095307e-05,1.7854844246879768e-05,12.000000000284924,0.0005759312571207747,-0.0004947181414365151,-2.3743636759268347e-08,-2.3743636759268347e-08,0.37686171477310176,4.799427142559166e-05
0.14400000000000002,89.99217596608813,90.0,0.19315046065711258,-0.05120067513707993,-8.576107182315725e-05,1.7766989731855058e-05,12.00000000028636,0.0005739482484659492,-0.0004989304749702119,-2.3863356017383645e-08,-2.3863356017383645e-08,0.3757269411638562,4.782902070435441e-05
0.1442,89.99221453752962,90.0,0.1925640592288493,-0.051459022126182474,-8.646808215952477e-05,1.7679400847602433e-05,12.00000000028772,0.0005719601703272584,-0.0005030436348857046,-2.3976743590364346e-08,-2.3976743590364346e-08,0.3745862407265602,4.7663347526128725e-05
0.1444,89.99225299139476,90.0,0.19197469715212379,-0.05170995191935657,-8.715827246166772e-05,1.7592078958302906e-05,12.000000000289006,0.0005699672308525424,-0.0005070589412239706,-2.4083915050124014e-08,-2.4083915050124014e-08,0.3734397810723989,4.7497269236567946e-05
0.1446,89.99229132709995,90.0,0.1913824594049444,-0.05195356687021124,-8.783186708499326e-05,1.7505025389280582e-05,12.000000000290221,0.0005679696351778199,-0.0005109776992129822,-2.418498478324836e-08,-2.418498478324836e-08,0.3722877275052862,4.7330802930340294e-05
0.1448,89.99232954407839,90.0,0.19078742979271635,-0.05218996816618243,-8.848908786461408e-05,1.741824142755156e-05,12.000000000291362,0.0005659675854623444,-0.0005148011994184445,-2.4280065985075138e-08,-2.4280065985075138e-08,0.37113024304812386,4.716396545405022e-05
0.14500000000000002,89.99236764178,90.0,0.19018969096160132,-0.05241925584150231,-8.91301541433213e-05,1.7331728322286172e-05,12.000000000292431,0.000563961280922706,-0.0005185307179065333,-2.436927065510104e-08,-2.436927065510104e-08,0.3699674884687889,4.699677340908022e-05
0.1452,89.99240561967109,90.0,0.18958932441172896,-0.05264152878818529,-8.975528279494665e-05,1.724548728541569e-05,12.000000000293433,0.0005619509178676488,-0.0005221675163798087,-2.4452709591927406e-08,-2.4452709591927406e-08,0.36879962230583374,4.68292431544923e-05
0.1454,89.99244347723413,90.0,0.18898641051028228,-0.05285688476825894,-9.036468825065721e-05,1.7159519492123414e-05,12.000000000294367,0.0005599366897317538,-0.0005257128423301896,-2.453049238971807e-08,-2.453049238971807e-08,0.3676268008939404,4.666139080983485e-05
0.1456,89.9924812139676,90.0,0.18838102850444302,-0.053065420426154974,-9.095858252564905e-05,1.707382608130695e-05,12.000000000295234,0.0005579187871085882,-0.000529167929194248,-2.460272743546288e-08,-2.460272743546288e-08,0.36644917838910246,4.649323225790515e-05
0.1458,89.99251882938567,90.0,0.1877732565341951,-0.05326723129948063,-9.15371752420793e-05,1.698840815615598e-05,12.000000000296033,0.0005558973977843733,-0.0005325339964866218,-2.4669521905943557e-08,-2.4669521905943557e-08,0.36526690679353135,4.632478314755497e-05
0.14600000000000002,89.99255632301806,90.0,0.18716317164500457,-0.05346241183103912,-9.210067365494016e-05,1.690326678461452e-05,12.000000000296772,0.0005538727067705237,-0.0005358122499505403,-2.473098176613089e-08,-2.473098176613089e-08,0.3640801359803218,4.6156058896402156e-05
0.1462,89.9925936944098,90.0,0.18655084980036193,-0.053651055380302064,-9.264928267667584e-05,1.6818402999872043e-05,12.000000000297447,0.0005518448963360807,-0.0005390038817010383,-2.478721176789014e-08,-2.478721176789014e-08,0.36288901371784993,4.5987074693533495e-05
0.1464,89.99263094312099,90.0,0.1859363658941929,-0.053833254234698924,-9.318320490139482e-05,1.6733817800854594e-05,12.000000000298058,0.0005498141460398444,-0.000542110070365815,-2.4838315449198107e-08,-2.4838315449198107e-08,0.36169368569391536,4.581784550218234e-05
0.1466,89.99266806872656,90.0,0.18531979376314,-0.0540090996203702,-9.370264062785117e-05,1.6649512152744824e-05,12.000000000298613,0.0005477806327624186,-0.0005451319812189323,-2.4884395133642238e-08,-2.4884395133642238e-08,0.3604942955396323,4.5648386062398955e-05
0.1468,89.99270507081619,90.0,0.18470120619872105,-0.054178681714170174,-9.42077878853688e-05,1.656548698738645e-05,12.000000000299107,0.0005457445307371277,-0.0005480707663316332,-2.4925551931244976e-08,-2.4925551931244976e-08,0.35929098485308036,4.547871089362706e-05
0.14700000000000002,89.99274194899395,90.0,0.1840806749593497,-0.05434208965370069,-9.469884245518663e-05,1.6481743203833142e-05,12.000000000299544,0.0005437060115816741,-0.000550927564696522,-2.4961885738672792e-08,-2.4961885738672792e-08,0.3580838932226881,4.5308834297341845e-05
0.1472,89.99277870287818,90.0,0.1834582707822416,-0.054499411548605936,-9.517599789477218e-05,1.6398281668781897e-05,12.000000000299922,0.0005416652443286863,-0.0005537035023690122,-2.499349524073868e-08,-2.499349524073868e-08,0.35687315825039323,4.513877035959568e-05
0.1474,89.99281533210127,90.0,0.1828340633951908,-0.05465073449168671,-9.563944556173562e-05,1.631510321700637e-05,12.000000000300247,0.0005396223954559682,-0.0005563996926064512,-2.5020477912312107e-08,-2.5020477912312107e-08,0.3556589155745508,4.496853295353888e-05
0.1476,89.99285183630947,90.0,0.18220812152821877,-0.054796144569125724,-9.608937463568819e-05,1.623220865184801e-05,12.000000000300515,0.0005375776289168803,-0.0005590172359952857,-2.5042930020207336e-08,-2.5042930020207336e-08,0.3544412988925938,4.479813574195148e-05
0.14780000000000001,89.99288821516261,90.0,0.18158051292510677,-0.05493572687090531,-9.652597214057084e-05,1.6149598745678292e-05,12.00000000030073,0.0005355311061702376,-0.0005615572205809621,-2.5060946625672515e-08,-2.5060946625672515e-08,0.35322043998346586,4.462759217973473e-05
0.14800000000000002,89.99292446833407,90.0,0.18095130435480816,-0.055069565502123774,-9.694942296910486e-05,1.6067274240274302e-05,12.000000000300895,0.0005334829862093021,-0.000564020722010173,-2.5074621587864076e-08,-2.5074621587864076e-08,0.351996468729822,4.44569155163271e-05
0.1482,89.99296059551041,90.0,0.1803205616227316,-0.05519774359199947,-9.735990990185938e-05,1.5985235847367627e-05,12.000000000301007,0.000531433425591742,-0.0005664088036417855,-2.5084047566426992e-08,-2.5084047566426992e-08,0.3507695131399766,4.428611879820096e-05
0.1484,89.99299659639128,90.0,0.17968834958192098,-0.05532034330521762,-9.775761363181416e-05,1.5903484248991028e-05,12.000000000301071,0.0005293825784678765,-0.0005687225166897395,-2.5089316025866714e-08,-2.5089316025866714e-08,0.3495396993696516,4.411521487121622e-05
0.1486,89.99303247068923,90.0,0.17905473214410533,-0.05543744585167454,-9.814271278519843e-05,1.5822020097940705e-05,12.000000000301085,0.0005273305966094679,-0.0005709629003442819,-2.5090517239405665e-08,-2.5090517239405665e-08,0.34830715174347127,4.394421638301974e-05
0.14880000000000002,89.99306821812945,90.0,0.1784197722906369,-0.0555491314967764,-9.851538394364588e-05,1.5740844018180743e-05,12.000000000301053,0.0005252776294378312,-0.0005731309819008569,-2.508774029355882e-08,-2.508774029355882e-08,0.34707199277623973,4.377313578538776e-05
0.149,89.9931038384497,90.0,0.17778353208331174,-0.055655479570863045,-9.88758016643249e-05,1.565995660530533e-05,12.000000000300972,0.0005232238240520974,-0.0005752277768772171,-2.508107309259462e-08,-2.508107309259462e-08,0.3458343431939893,4.36019853365812e-05
0.1492,89.9931393314,90.0,0.1771460726750817,-0.05575656847954661,-9.922413850222622e-05,1.557935842691437e-05,12.000000000300847,0.0005211693252565939,-0.0005772542891430865,-2.5070602363886226e-08,-2.5070602363886226e-08,0.34459432195481876,4.343077710362733e-05
0.1494,89.99317469674254,90.0,0.17650745432064857,-0.05585247571317423,-9.95605650304242e-05,1.549905002304678e-05,12.000000000300677,0.0005191142755883758,-0.0005792115110380333,-2.505641366311861e-08,-2.505641366311861e-08,0.343352046269501,4.325952296461405e-05
0.1496,89.99320993425148,90.0,0.1758677363869494,-0.05594327785685004,-9.988524986166392e-05,1.5419031906556094e-05,12.000000000300464,0.0005170588153440843,-0.0005811004234970578,-2.5038591380150933e-08,-2.5038591380150933e-08,0.34210763162188007,4.308823461092815e-05
0.14980000000000002,89.99324504371273,90.0,0.17522697736352733,-0.0560290505992312,-0.00010019835966710281,1.5339304563572692e-05,12.000000000300208,0.0005150030826071751,-0.0005829219961596242,-2.5017218744518666e-08,-2.5017218744518666e-08,0.34086119178904467,4.291692354952426e-05
0.15,89.99328002492386,90.0,0.17458523487280114,-0.056109868742958965,-0.00010050005919889255,1.5259868453821593e-05,12.00000000029991,0.0005129472132738601,-0.0005846771875010353,-2.4992377832163235e-08,-2.4992377832163235e-08,0.33961283886130583,4.274560110508669e-05
0.1502,89.99331487769383,90.0,0.17394256568021613,-0.056185806213147345,-0.00010079051130824046,1.5180724011084682e-05,12.000000000299568,0.0005108913410798283,-0.0005863669449375081,-2.496414957137724e-08,-2.496414957137724e-08,0.3383626832619419,4.25742784222562e-05
0.1504,89.99334960184291,90.0,0.17329902570429695,-0.05625693606751197,-0.00010106987696732298,1.51018716435185e-05,12.000000000299192,0.0005088355976256895,-0.0005879922049536588,-2.4932613749948524e-08,-2.4932613749948524e-08,0.3371108337667547,4.240296646775024e-05
0.1506,89.99338419720246,90.0,0.17265467002658472,-0.056323330504915614,-0.0001013383152875176,1.5023311734087608e-05,12.000000000298774,0.0005067801124029935,-0.0005895538932085711,-2.4897849021701934e-08,-2.4897849021701934e-08,0.33585739752339955,4.223167603253131e-05
0.15080000000000002,89.99341866361472,90.0,0.1720095529014764,-0.05638506087413265,-0.00010159598353816396,1.4945044640969029e-05,12.000000000298318,0.0005047250128198144,-0.0005910529246449415,-2.485993291343256e-08,-2.485993291343256e-08,0.3346024800705249,4.206041773393892e-05
0.151,89.99345300093279,90.0,0.17136372776596345,-0.056442197684249545,-0.00010184303716916763,1.4867070697812266e-05,12.000000000297828,0.0005026704242250485,-0.0005924902036205814,-2.4818941832979274e-08,-2.4818941832979274e-08,0.3333461853567175,4.18892020177144e-05
0.1512,89.99348720902033,90.0,0.1707172472492516,-0.056494810612056856,-0.0001020796298265908,1.4789390214230427e-05,12.000000000297298,0.000500616469934126,-0.0005938666239991188,-2.477495107589752e-08,-2.477495107589752e-08,0.33208861575921406,4.17180391601436e-05
0.1514,89.99352128775142,90.0,0.17007016318229576,-0.05654296851145447,-0.0001023059133729652,1.4712003476118013e-05,12.000000000296737,0.0004985632712532618,-0.000595183069268172,-2.4728034833463234e-08,-2.4728034833463234e-08,0.33082987210245,4.154693927007777e-05
0.1516,89.99355523701045,90.0,0.16942252660722718,-0.05658673942235131,-0.00010252203790644165,1.4634910745997599e-05,12.00000000029614,0.0004965109475036707,-0.0005964404126507556,-2.4678266200616564e-08,-2.4678266200616564e-08,0.3295700536763976,4.137591229095147e-05
0.15180000000000002,89.99358905669197,90.0,0.16877438778667883,-0.0566261905794227,-0.00010272815177962493,1.4558112263366513e-05,12.000000000295508,0.0004944596160455463,-0.000597639517214856,-2.462571718403552e-08,-2.462571718403552e-08,0.3283092582547056,4.120496800278083e-05
0.152,89.9936227467005,90.0,0.1681257962130104,-0.05666138842037216,-0.0001029244016172676,1.4481608245072397e-05,12.000000000294847,0.0004924093923020218,-0.0005987812359763681,-2.4570458710144364e-08,-2.4570458710144364e-08,0.32704758211264495,4.103411602416025e-05
0.1522,89.99365630695031,90.0,0.16747680061743847,-0.05669239859370598,-0.00010311093233284153,1.4405398885717686e-05,12.00000000029415,0.0004903603897831222,-0.0005998664119955034,-2.4512560633058973e-08,-2.4512560633058973e-08,0.3257851200448691,4.086336581425852e-05
0.1524,89.99368973736543,90.0,0.16682744897907767,-0.056719285968870166,-0.00010328788715064788,1.432948435786181e-05,12.000000000293426,0.0004883127201080374,-0.0006008958785054187,-2.4452091743959578e-08,-2.4452091743959578e-08,0.32452196538300077,4.069272667467476e-05
0.1526,89.99372303787936,90.0,0.1661777885338661,-0.05674211464302806,-0.00010345540762009389,1.4253864812483446e-05,12.000000000292669,0.00048626649302902457,-0.0006018704589952741,-2.4389119778855278e-08,-2.4389119778855278e-08,0.32325821001299515,4.0522207751430414e-05
0.15280000000000002,89.993756208435,90.0,0.16552786578341241,-0.056760947949505536,-0.00010361363363388183,1.4178540379298319e-05,12.000000000291884,0.0004842218164540778,-0.0006027909673160498,-2.4323711427399048e-08,-2.4323711427399048e-08,0.32199394439234885,4.035181803685831e-05
0.153,89.99378924898446,90.0,0.1648777265037468,-0.056775848466812044,-0.00010376270344756121,1.4103511167019185e-05,12.00000000029107,0.00048217879646895474,-0.0006036582077942955,-2.4255932342149953e-08,-2.4255932342149953e-08,0.32072925756712367,4.0181566371438254e-05
0.1532,89.99382215948893,90.0,0.1642274157539682,-0.05678687802574073,-0.00010390275369460842,1.4028777263760307e-05,12.00000000029023,0.0004801375373600176,-0.0006044729753198582,-2.418584714697833e-08,-2.418584714697833e-08,0.31946423718876665,4.0011461445700424e-05
0.1534,89.99385493991858,90.0,0.1635769778848104,-0.056794097718131265,-0.00010403391940540771,1.3954338737297466e-05,12.000000000289361,0.0004780981416358352,-0.0006052360554563079,-2.4113519446473884e-08,-2.4113519446473884e-08,0.3181989695307742,3.984151180202555e-05
0.15360000000000001,89.99388759025231,90.0,0.1629264565471075,-0.05679756790336121,-0.00010415633402093943,1.3880195635501298e-05,12.000000000288468,0.0004760607100498171,-0.0006059482245205715,-2.40390118343129e-08,-2.40390118343129e-08,0.31693353950515885,3.967172583653109e-05
0.15380000000000002,89.99392011047777,90.0,0.1622758947001855,-0.05679734821828619,-0.00010427012941454424,1.3806347986481747e-05,12.00000000028755,0.0004740253416205701,-0.0006066102497095494,-2.3962385903518177e-08,-2.3962385903518177e-08,0.31566803067877386,3.950211180076761e-05
0.154,89.99395250059105,90.0,0.16162533462013942,-0.05679349758311253,-0.00010437543590419805,1.3732795799050314e-05,12.000000000286605,0.00047199213365431013,-0.0006072228891715277,-2.388370225474657e-08,-2.388370225474657e-08,0.31440252528941337,3.933267780358643e-05
0.1542,89.99398476059667,90.0,0.1609748179080435,-0.056786074209663896,-0.00010447238227039547,1.3659539062980047e-05,12.000000000285636,0.00046996118176564563,-0.0006077868921102183,-2.3803020505915678e-08,-2.3803020505915678e-08,0.31313710426178426,3.91634318128716e-05
0.1544,89.99401689050742,90.0,0.16032438549806657,-0.05677513560986972,-0.00010456109577456855,1.3586577749236681e-05,12.000000000284643,0.0004679325798979299,-0.0006083029988919131,-2.3720399302032386e-08,-2.3720399302032386e-08,0.3118718472232918,3.899438165723587e-05
0.15460000000000002,89.99404889034417,90.0,0.15967407766549035,-0.05676073860163222,-0.00010464170217139404,1.3513911810411965e-05,12.000000000283631,0.0004659064203448682,-0.0006087719411170838,-2.363589632379613e-08,-2.363589632379613e-08,0.310606832519638,3.882553502782134e-05
0.15480000000000002,89.9940807601358,90.0,0.15902393403466028,-0.056742939317440684,-0.00010471432572753525,1.3441541180925914e-05,12.000000000282594,0.0004638827937702811,-0.0006091944417294161,-2.354956829767611e-08,-2.354956829767611e-08,0.3093421372302874,3.865689947994641e-05
0.155,89.99411249991904,90.0,0.15837399358683785,-0.056721793211072374,-0.00010477908923592791,1.3369465777373468e-05,12.000000000281538,0.0004618617892286971,-0.0006095712150989202,-2.3461471005107743e-08,-2.3461471005107743e-08,0.3080778371837423,3.848848243482176e-05
0.1552,89.99414410973837,90.0,0.15772429466797597,-0.05669735506596191,-0.00010483611403398039,1.3297685498726732e-05,12.00000000028046,0.00045984349418471256,-0.0006099029671278135,-2.337165929259357e-08,-2.337165929259357e-08,0.3068140069726677,3.832029118116377e-05
0.1554,89.99417558964588,90.0,0.15707487499639874,-0.05666967900095049,-0.00010488552001566506,1.3226200226739433e-05,12.000000000279362,0.0004578279945336087,-0.0006101903953208652,-2.3280187080576495e-08,-2.3280187080576495e-08,0.30555071996883026,3.815233287691253e-05
0.15560000000000002,89.9942069397011,90.0,0.1564257716704152,-0.05663881847807456,-0.00010492742564838911,1.3155009826178035e-05,12.000000000278245,0.00045581537462055104,-0.0006104341888835442,-2.31871073733911e-08,-2.31871073733911e-08,0.30428804833790907,3.7984614550831835e-05
0.1558,89.99423815997098,90.0,0.15577702117584374,-0.056604826309874456,-0.00010496194798875899,1.3084114145081757e-05,12.00000000027711,0.00045380571725979496,-0.0006106350288137323,-2.309247226903102e-08,-2.309247226903102e-08,0.30302606305413293,3.7817143104109624e-05
0.156,89.99426925052964,90.0,0.155128659393453,-0.05656775466623101,-0.00010498920269725584,1.301351301505146e-05,12.000000000275957,0.0004517991037539085,-0.0006107935879871013,-2.2996332968738366e-08,-2.2996332968738366e-08,0.301764833914754,3.764992531195989e-05
0.1562,89.99430021145838,90.0,0.1544807216063244,-0.05652765508109296,-0.00010500930405266955,1.2943206251538554e-05,12.000000000274785,0.0004497956139128165,-0.0006109105312410847,-2.289873978659136e-08,-2.289873978659136e-08,0.30050442955437046,3.748296782520973e-05
0.1564,89.99433104284546,90.0,0.15383324250713734,-0.05648457845945173,-0.00010502236496712454,1.2873193654105007e-05,12.000000000273598,0.0004477953260724557,-0.0006109865154622942,-2.2799742159256127e-08,-2.2799742159256127e-08,0.299244917459098,3.7316277171853835e-05
0.15660000000000002,89.99436174478602,90.0,0.15318625620537493,-0.0564385750842047,-0.00010502849700085899,1.2803475006683354e-05,12.000000000272394,0.0004457983171132462,-0.0006110221896724996,-2.2699388655722326e-08,-2.2699388655722326e-08,0.2979863639805865,3.71498597585939e-05
0.1568,89.99439231738198,90.0,0.1525397962344507,-0.0563896946229088,-0.00010502781037676143,1.2734050077836697e-05,12.000000000271172,0.0004438046624783818,-0.0006110181951131986,-2.2597726987019604e-08,-2.2597726987019604e-08,0.29672883434988356,3.6983721872362736e-05
0.157,89.9944227607419,90.0,0.1518938955587582,-0.05633798613407104,-0.0001050204139938383,1.2664918621047619e-05,12.000000000269939,0.000441814436192154,-0.000610975165323966,-2.2494804015745328e-08,-2.2494804015745328e-08,0.29547239269114783,3.681786968185129e-05
0.1572,89.9944530749809,90.0,0.15124858658064846,-0.05628349807440347,-0.00010500641544294895,1.2596080374920403e-05,12.000000000268688,0.0004398277108774768,-0.0006108937262339963,-2.2390665766074538e-08,-2.2390665766074538e-08,0.29421710203522144,3.665230923896906e-05
0.1574,89.99448326022048,90.0,0.15060390114732425,-0.05622627830418666,-0.0001049859210181333,1.2527535063527709e-05,12.000000000267423,0.0004378445577742753,-0.0006107744962280024,-2.2285357432899655e-08,-2.2285357432899655e-08,0.2929630243330418,3.6487046480376485e-05
0.15760000000000002,89.9945133165885,90.0,0.14995987055767296,-0.056166374095033555,-0.00010495903573356186,1.2459282396555037e-05,12.000000000266148,0.00043586504675625643,-0.0006106180862448273,-2.2178923392117884e-08,-2.2178923392117884e-08,0.2917102204689329,3.632208722888245e-05
0.1578,89.99454324421897,90.0,0.14931652556901065,-0.056103832135398074,-0.00010492586333522897,1.2391322069618498e-05,12.000000000264858,0.00043388924634874096,-0.0006104250998454705,-2.2071407209871693e-08,-2.2071407209871693e-08,0.2904587502737244,3.6157437194930364e-05
0.158,89.99457304325206,90.0,0.14867389640376283,-0.056038698537416165,-0.00010488650631577235,1.2323653764467057e-05,12.000000000263555,0.00043191722374550555,-0.0006101961332993038,-2.196285165242411e-08,-2.196285165242411e-08,0.2892086725377469,3.599310197800162e-05
0.1582,89.9946027138339,90.0,0.14803201275606678,-0.05597101884257194,-0.00010484106592655937,1.2256277149271424e-05,12.00000000026224,0.000429949044826079,-0.0006099317756543852,-2.1853298695495533e-08,-2.1853298695495533e-08,0.28796004502367606,3.582908706805693e-05
0.1584,89.9946322561165,90.0,0.1473909037983093,-0.055900838028339006,-0.00010478964219206495,1.218919187882629e-05,12.000000000260915,0.0004279847741722548,-0.0006096326088211051,-2.1742789534055852e-08,-2.1742789534055852e-08,0.2867129244792494,3.566539784691243e-05
0.15860000000000002,89.99466167025767,90.0,0.14675059818758807,-0.055828200514360035,-0.00010473233392318295,1.2122397594781438e-05,12.000000000259575,0.00042602447508464073,-0.0006092992076496275,-2.1631364591900427e-08,-2.1631364591900427e-08,0.2854673666498356,3.5502039589618774e-05
0.1588,89.99469095642091,90.0,0.14611112407210233,-0.055753150168527915,-0.00010466923873032006,1.205589392587287e-05,12.000000000258229,0.00042406820959904563,-0.0006089321400060662,-2.1519063531177586e-08,-2.1519063531177586e-08,0.28422342629086617,3.533901746582667e-05
0.159,89.99472011477525,90.0,0.14547250909747397,-0.055675730312258497,-0.00010460045303461206,1.1989680488211702e-05,12.000000000256872,0.0004221160385031264,-0.0006085319668377373,-2.1405925261546912e-08,-2.1405925261546912e-08,0.2829811571801313,3.517633654117422e-05
0.1592,89.99474914549526,90.0,0.144834780413008,-0.05559598372745605,-0.00010452607208310792,1.192375688542861e-05,12.000000000255504,0.0004201680213518434,-0.0006080992422614958,-2.1291987950093983e-08,-2.1291987950093983e-08,0.28174061212995816,3.5014001778574765e-05
0.15940000000000001,89.99477804876086,90.0,0.14419796467787344,-0.055513952661945386,-0.00010444618996038322,1.1858122708933852e-05,12.000000000254127,0.0004182242164835744,-0.0006076345136312981,-2.1177289030537147e-08,-2.1177289030537147e-08,0.2805018429992342,3.48520180395598e-05
0.15960000000000002,89.99480682475726,90.0,0.1435620880672218,-0.05542967883481809,-0.00010436089959996373,1.1792777538177259e-05,12.000000000252744,0.00041628468103608636,-0.0006071383216046613,-2.1061865212388165e-08,-2.1061865212388165e-08,0.27926490070530974,3.469039008560988e-05
0.1598,89.99483547367485,90.0,0.14292717627824453,-0.05534320344311325,-0.00010427029279887959,1.1727720940792695e-05,12.00000000025135,0.0004143494709615222,-0.0006066112002273345,-2.094575249068878e-08,-2.094575249068878e-08,0.27802983523578034,3.452912257940361e-05
0.16,89.99486399570912,90.0,0.14229325453615374,-0.05525456716697125,-0.00010417446022866319,1.1662952472858073e-05,12.000000000249948,0.0004124186410420555,-0.0006060536769972811,-2.0828986155046115e-08,-2.0828986155046115e-08,0.27679669566012144,3.4368220086122104e-05
0.1602,89.99489239106055,90.0,0.14166034760010401,-0.05516381017505963,-0.00010407349144699344,1.1598471679126455e-05,12.000000000248539,0.00041049224490519827,-0.0006054662729324214,-2.0711600798772122e-08,-2.0711600798772122e-08,0.2755655301412076,3.42076870747247e-05
0.16040000000000001,89.99492065993452,90.0,0.14102847976905175,-0.055070972130622925,-0.00010396747491080998,1.1534278093199408e-05,12.000000000247123,0.0004085703350385436,-0.0006048495026469265,-2.0593630328271837e-08,-2.0593630328271837e-08,0.2743363859467106,3.404752791917747e-05
0.16060000000000002,89.99494880254127,90.0,0.1403976748875458,-0.0549760921974361,-0.0001038564979892136,1.147037123770034e-05,12.000000000245702,0.00040665296280434994,-0.0006042038744262697,-2.0475107972356598e-08,-2.0475107972356598e-08,0.2731093094603635,3.3887746899668635e-05
0.1608,89.9949768190957,90.0,0.13976795635144926,-0.05487920904388577,-0.00010374064697200248,1.1406750624592284e-05,12.000000000244274,0.00040474017845502203,-0.0006035298902768864,-2.0356066290719533e-08,-2.0356066290719533e-08,0.271884346193091,3.372834820389859e-05
0.161,89.99500470981738,90.0,0.13913934711361498,-0.05478036084982887,-0.00010362000708470922,1.1343415755264564e-05,12.000000000242839,0.00040283203114679716,-0.0006028280460136559,-2.023653718358514e-08,-2.023653718358514e-08,0.27066154079404975,3.356933592822044e-05
0.1612,89.99503247493043,90.0,0.1385118696894822,-0.05467958531085433,-0.00010349466249758065,1.1280366120821711e-05,12.0000000002414,0.0004009285689547277,-0.0006020988313121424,-2.011655190020293e-08,-2.011655190020293e-08,0.26944093706151545,3.341071407888853e-05
0.16140000000000002,89.9950601146634,90.0,0.13788554616262447,-0.05457691964460828,-0.00010336469633939048,1.1217601202199006e-05,12.000000000239954,0.0003990298388862854,-0.0006013427297889527,-1.999614104819389e-08,-1.999614104819389e-08,0.2682225779536748,3.325248657319219e-05
0.16160000000000002,89.99508762924926,90.0,0.1372603981902252,-0.05447240059488684,-0.0001032301907060453,1.1155120470451383e-05,12.000000000238504,0.00039713588689606403,-0.000600560219051803,-1.9875334601907662e-08,-1.9875334601907662e-08,0.26700650559927674,3.3094657240680904e-05
0.1618,89.99511501892522,90.0,0.1366364470085061,-0.05436606443814963,-0.00010309122667485843,1.1092923386840106e-05,12.000000000237051,0.000395246757898899,-0.0005997517707825602,-1.975416191177065e-08,-1.975416191177065e-08,0.26579276130819235,3.29372298242576e-05
0.162,89.99514228393275,90.0,0.1360137134380813,-0.05425794698779812,-0.00010294788431361134,1.103100940309277e-05,12.000000000235591,0.0003933624957840799,-0.0005989178507899576,-1.96326517126458e-08,-1.96326517126458e-08,0.2645813855818299,3.27802079813631e-05
0.1622,89.9951694245174,90.0,0.1353922178892621,-0.05414808359945097,-0.00010280024269195433,1.096937796157664e-05,12.000000000234131,0.00039148314342881725,-0.0005980589190759208,-1.951083213257617e-08,-1.951083213257617e-08,0.2633724181234538,3.2623595285098256e-05
0.16240000000000002,89.99519644092877,90.0,0.1347719803673016,-0.054036509176135235,-0.00010264837989262136,1.0908028495471995e-05,12.000000000232664,0.0003896087427115719,-0.0005971754299008117,-1.9388730701448884e-08,-1.9388730701448884e-08,0.2621658978483872,3.2467395225334826e-05
0.1626,89.99522333342043,90.0,0.13415302047757977,-0.05392325817268373,-0.00010249237302079929,1.084696042900325e-05,12.000000000231196,0.00038773933452566727,-0.0005962678318379365,-1.926637435928747e-08,-1.926637435928747e-08,0.2609618628940976,3.2311611209849744e-05
0.1628,89.99525010224981,90.0,0.13353535743073808,-0.05380836460148347,-0.00010233229821666463,1.0786173177554506e-05,12.000000000229726,0.0003858749587919437,-0.0005953365678464794,-1.91437894650583e-08,-1.91437894650583e-08,0.2597603506301856,3.2156246565379715e-05
0.163,89.9952767476782,90.0,0.1329190100477482,-0.053691862037421184,-0.0001021682306660548,1.0725666147842896e-05,12.000000000228251,0.00038401565447168293,-0.0005943820753335855,-1.9021001805093533e-08,-1.9021001805093533e-08,0.2585613976682445,3.2001304538698215e-05
0.1632,89.99530326997055,90.0,0.13230399676492427,-0.05357378362168433,-0.00010200024460847352,1.0665438738178589e-05,12.000000000226777,0.00038216145958003397,-0.000593404786200933,-1.889803660100341e-08,-1.889803660100341e-08,0.2573650398716105,3.184678829773432e-05
0.16340000000000002,89.99532966939549,90.0,0.1316903356388913,-0.05345416206763254,-0.00010182841334994455,1.0605490338551472e-05,12.000000000225299,0.000380312411198074,-0.0005924051269195125,-1.877491851838591e-08,-1.877491851838591e-08,0.25617131236502766,3.169270093257781e-05
0.1636,89.99535594622522,90.0,0.13107804435148684,-0.05333302966515466,-0.00010165280927233623,1.0545820330833362e-05,12.000000000223821,0.0003784685454855594,-0.0005913835185838741,-1.8651671674866372e-08,-1.8651671674866372e-08,0.2549802495441828,3.153904545654169e-05
0.1638,89.99538210073543,90.0,0.13046714021461212,-0.053210418284955256,-0.0001014735038425305,1.0486428088980247e-05,12.00000000022234,0.0003766298976935594,-0.0005903403769654697,-1.8528319648063546e-08,-1.8528319648063546e-08,0.2537918850851419,3.138582480721509e-05
0.164,89.99540813320526,90.0,0.12985764017503446,-0.05308635938383922,-0.00010129056762393353,1.0427312979147843e-05,12.000000000220858,0.00037479650217634645,-0.0005892761125796181,-1.8404885483904243e-08,-1.8404885483904243e-08,0.25260625195369263,3.1233041847454034e-05
0.1642,89.99543404391717,90.0,0.1292495608191291,-0.052960884009200654,-0.00010110407028613695,1.036847435986493e-05,12.000000000219377,0.000372968392403568,-0.0005881911307417115,-1.8281391704563543e-08,-1.8281391704563543e-08,0.25142338241456796,3.10806993663958e-05
0.16440000000000002,89.99545983315694,90.0,0.12864291837756953,-0.05283402280308508,-0.00010091408061359039,1.030991158223559e-05,12.000000000217895,0.0003711456009725109,-0.0005870858316176689,-1.8157860316185797e-08,-1.8157860316185797e-08,0.25024330804057,3.092880008048097e-05
0.1646,89.99548550121354,90.0,0.12803772872997105,-0.05270580600725214,-0.00010072066651662153,1.0251623990054753e-05,12.000000000216412,0.00036932815961962593,-0.0005859606102880475,-1.8034312816947884e-08,-1.8034312816947884e-08,0.24906605972160342,3.077734663441378e-05
0.1648,89.99551104837906,90.0,0.127434007409477,-0.052576263467447176,-0.00010052389504061646,1.019361091998155e-05,12.000000000214929,0.000367516099232342,-0.0005848158568014512,-1.7910770204753308e-08,-1.7910770204753308e-08,0.24789166767359627,3.062634160214663e-05
0.165,89.99553647494871,90.0,0.12683176960729534,-0.05244542463760421,-0.0001003238323750485,1.0135871701712644e-05,12.000000000213447,0.00036570944986076575,-0.000583651956227057,-1.7787252984846674e-08,-1.7787252984846674e-08,0.246720161447325,3.0475787487855065e-05
0.1652,89.99556178122066,90.0,0.1262310301771875,-0.05231331858469232,-0.00010012054386401949,1.007840565809779e-05,12.000000000211966,0.0003639082407288507,-0.0005824692887159415,-1.76637811776216e-08,-1.76637811776216e-08,0.24555156993714672,3.032568672686856e-05
0.16540000000000002,89.99558696749605,90.0,0.12563180363990162,-0.05217997399241863,-9.991409401413797e-05,1.002121210534207e-05,12.000000000210484,0.00036211250024606977,-0.000581268229546913,-1.7540374325928925e-08,-1.7540374325928925e-08,0.2443859213896223,3.0176041686643182e-05
0.1656,89.99561203407887,90.0,0.12503410418756314,-0.05204541916593785,-9.97045465047577e-05,9.964290353121447e-06,12.000000000209004,0.0003603222560183579,-0.0005800491491860763,-1.741705150271798e-08,-1.741705150271798e-08,0.24322324341205787,3.002685466767351e-05
0.1658,89.99563698127592,90.0,0.12443794568801174,-0.051909682035776054,-9.949196419638902e-05,9.907639704756105e-06,12.000000000207525,0.000358537534859353,-0.0005788124133357669,-1.729383131831749e-08,-1.729383131831749e-08,0.2420635629809409,2.9878127904429382e-05
0.166,89.99566180939676,90.0,0.12384334168909329,-0.051772790162757515,-9.927640914146267e-05,9.851259457297125e-06,12.000000000206049,0.00035675836280090075,-0.0005775583829971723,-1.7170731928039065e-08,-1.7170731928039065e-08,0.24090690645028925,2.9729863566231246e-05
0.16620000000000001,89.9956865187536,90.0,0.12325030542289526,-0.051634770741076315,-9.905794259076675e-05,9.795148901757591e-06,12.000000000204572,0.000354984765104483,-0.0005762874145077791,-1.704777103901886e-08,-1.704777103901886e-08,0.23975329955989008,2.958206375820261e-05
0.16640000000000002,89.99571110966129,90.0,0.12265884980994693,-0.0514956506034504,-9.883662500475794e-05,9.739307323170387e-06,12.0000000002031,0.0003532167662713013,-0.0005749998596071788,-1.692496591778854e-08,-1.692496591778854e-08,0.23860276744347034,2.9434730522110258e-05
0.1666,89.9957355824372,90.0,0.12206898746336046,-0.05135545622406151,-9.8612516059707e-05,9.6837340008193e-06,12.000000000201627,0.0003514543900534885,-0.0005736960654728203,-1.6802333396954037e-08,-1.6802333396954037e-08,0.23745533463675236,2.9287865837298606e-05
0.1668,89.99575993740126,90.0,0.12148073069293873,-0.051214213723580176,-9.838567465872464e-05,9.628428208296809e-06,12.00000000020016,0.00034969765946397897,-0.0005723763747841542,-1.667988988259644e-08,-1.667988988259644e-08,0.23631102508544427,2.914147162151217e-05
0.167,89.99578417487574,90.0,0.120894091509225,-0.05107194887268848,-9.815615893928571e-05,9.573389213677422e-06,12.000000000198693,0.0003479465967870892,-0.0005710411257664073,-1.6557651361049977e-08,-1.6557651361049977e-08,0.23516986215311814,2.8995549731777335e-05
0.16720000000000002,89.99580829518534,90.0,0.12030908162751262,-0.05092868709590232,-9.792402628146043e-05,9.51861627966213e-06,12.000000000197229,0.00034620122358879415,-0.0005696906522384681,-1.6435633405734524e-08,-1.6435633405734524e-08,0.23403186862900935,2.8850101965258675e-05
0.16740000000000002,89.99583229865705,90.0,0.11972571247181081,-0.050784453475687635,-9.76893333168407e-05,9.464108663693955e-06,12.000000000195765,0.0003444615607266935,-0.000568325283664818,-1.6313851184035863e-08,-1.6313851184035863e-08,0.23289706673573143,2.8705130060089503e-05
0.1676,89.99585618562017,90.0,0.11914399517876334,-0.05063927275686611,-9.745213593815138e-05,9.409865618044633e-06,12.000000000194309,0.00034272762835965725,-0.0005669453452114462,-1.6192319464226653e-08,-1.6192319464226653e-08,0.2317654781368989,2.856063569617564e-05
0.1678,89.99587995640613,90.0,0.11856394060151673,-0.05049316934881871,-9.72124893037221e-05,9.355886390074615e-06,12.000000000192852,0.00034099944595862087,-0.0005655511577718656,-1.6071052621530286e-08,-1.6071052621530286e-08,0.23063712394465155,2.8416620496095057e-05
0.168,89.99590361134854,90.0,0.11798555931356318,-0.05034616733120667,-9.697044785018698e-05,9.302170222204178e-06,12.0000000001914,0.0003392770323152141,-0.0005641430380409955,-1.5950064645398754e-08,-1.5950064645398754e-08,0.22951202472713023,2.8273086025816887e-05
0.16820000000000002,89.99592715078306,90.0,0.11740886161251786,-0.050198290456048233,-9.672606529667574e-05,9.248716352173435e-06,12.000000000189953,0.00033756040555234674,-0.0005627212985395441,-1.5829369145412073e-08,-1.5829369145412073e-08,0.22839020051582457,2.8130033795583614e-05
0.16840000000000002,89.99595057504744,90.0,0.1168338575238726,-0.05004956215260442,-9.647939465557659e-05,9.19552401307123e-06,12.000000000188507,0.0003358495831330538,-0.0005612862476766237,-1.570897935812907e-08,-1.570897935812907e-08,0.2272716708128749,2.7987465260648166e-05
0.1686,89.99597388448139,90.0,0.11626055680469354,-0.049900005530765734,-9.623048823980388e-05,9.142592433479578e-06,12.000000000187068,0.0003341445818700546,-0.0005598381897920314,-1.558890815333587e-08,-1.558890815333587e-08,0.22615645459826497,2.784538182207047e-05
0.1688,89.99599707942649,90.0,0.11568896894727988,-0.04974964338367358,-9.59793976682839e-05,9.0899208376759e-06,12.00000000018563,0.000332445417935645,-0.0005583774251881638,-1.5469168039969743e-08,-1.5469168039969743e-08,0.2250445703369394,2.7703784827541862e-05
0.169,89.99602016022627,90.0,0.1151191031827928,-0.04959849819314265,-9.572617387799377e-05,9.037508445604133e-06,12.000000000184198,0.00033075210686983294,-0.0005569042502000559,-1.534977117296714e-08,-1.534977117296714e-08,0.22393603598586245,2.7562675572062998e-05
0.16920000000000002,89.99604312722603,90.0,0.114550968484822,-0.04944659213144337,-9.547086712750189e-05,8.985354473134738e-06,12.00000000018277,0.0003290646635904406,-0.000555418957215977,-1.5230729358770422e-08,-1.5230729358770422e-08,0.22283086900095653,2.7422055298785722e-05
0.1694,89.99606598077287,90.0,0.11398457357293207,-0.04929394706589804,-9.521352700709e-05,8.933458132093586e-06,12.000000000181345,0.00032738310240147136,-0.0005539218347363192,-1.5112054061762566e-08,-1.5112054061762566e-08,0.22172908634399993,2.7281925199710327e-05
0.1696,89.99608872121557,90.0,0.11341992691615599,-0.049140584561982587,-9.495420244539056e-05,8.881818630406422e-06,12.000000000179924,0.0003257074370022009,-0.0005524131674122104,-1.4993756410116753e-08,-1.4993756410116753e-08,0.22063070448942337,2.7142286416443116e-05
0.1698,89.99611134890462,90.0,0.11285703673645336,-0.048986525886733946,-9.469294171674517e-05,8.8304351722144e-06,12.00000000017851,0.00032403768049597424,-0.0005508932360883238,-1.487584720169384e-08,-1.487584720169384e-08,0.21953573943103669,2.7003140040929494e-05
0.17,89.99613386419213,90.0,0.1122959110121293,-0.04883179201245788,-9.442979244927215e-05,8.779306957960779e-06,12.0000000001771,0.00032237384539870247,-0.0005493623178498122,-1.475833690998121e-08,-1.475833690998121e-08,0.21844420668867937,2.6864487116162066e-05
0.17020000000000002,89.99615626743173,90.0,0.11173655748121099,-0.048676403619312116,-9.416480163031209e-05,8.728433184564242e-06,12.000000000175696,0.0003207159436478946,-0.0005478206860539885,-1.4641235689589127e-08,-1.4641235689589127e-08,0.21735612131478924,2.672632863693324e-05
0.1704,89.99617855897861,90.0,0.11117898364479473,-0.04852038109962411,-9.389801561593419e-05,8.6778130454478e-06,12.000000000174294,0.0003190639866105673,-0.0005462686103856312,-1.452455338227689e-08,-1.452455338227689e-08,0.21627149790091307,2.658866555049442e-05
0.1706,89.99620073918946,90.0,0.11062319677034342,-0.04836374456071921,-9.362948013696847e-05,8.627445730683232e-06,12.0000000001729,0.00031741798509188346,-0.0005447063568920765,-1.4408299522411008e-08,-1.4408299522411008e-08,0.2151903505841209,2.6451498757275834e-05
0.1708,89.99622280842239,90.0,0.11006920389495164,-0.048206513828413455,-9.335924030659787e-05,8.577330427077758e-06,12.00000000017151,0.0003157779493432955,-0.0005431341880273882,-1.4292483342589434e-08,-1.4292483342589434e-08,0.21411269305335764,2.6314829111565183e-05
0.171,89.99624476703683,90.0,0.10951701182857071,-0.048048708449385136,-9.30873406253358e-05,8.527466318347384e-06,12.000000000170125,0.0003141438890712281,-0.0005415523626813142,-1.417711377883403e-08,-1.417711377883403e-08,0.2130385385557167,2.6178657422231206e-05
0.17120000000000002,89.99626661539362,90.0,0.10896662715720673,-0.0478903476956401,-9.281382499090347e-05,8.477852585116886e-06,12.000000000168747,0.0003125158134444347,-0.0005399611362367509,-1.4062199476419706e-08,-1.4062199476419706e-08,0.21196789990266082,2.6042984453336672e-05
0.1714,89.99628835385491,90.0,0.10841805624606711,-0.047731450567128686,-9.25387367037949e-05,8.428488405064284e-06,12.000000000167372,0.00031089373110228897,-0.0005383607606021176,-1.3947748795027006e-08,-1.3947748795027006e-08,0.21090078947614285,2.5907810924829393e-05
0.1716,89.99630998278401,90.0,0.1078713052426775,-0.04757203579396623,-9.226211847192065e-05,8.379372953094156e-06,12.000000000166004,0.0003092776501632192,-0.0005367514842383726,-1.3833769813713967e-08,-1.3833769813713967e-08,0.20983721923466908,2.5773137513245063e-05
0.1718,89.99633150254554,90.0,0.10732638007997318,-0.047412121841460014,-9.198401242181659e-05,8.330505401279875e-06,12.000000000164643,0.000307667578231398,-0.0005351335522242225,-1.3720270336744412e-08,-1.3720270336744412e-08,0.2087772007193129,2.5638964852264725e-05
0.17200000000000001,89.99635291350523,90.0,0.10678328647933283,-0.04725172691114771,-9.170446010053878e-05,8.281884919123612e-06,12.000000000163286,0.0003060635224056174,-0.0005335072062671457,-1.3607257898056753e-08,-1.3607257898056753e-08,0.2077207450596161,2.5505293533454393e-05
0.17220000000000002,89.99637421602993,90.0,0.10624202995360016,-0.04709086894537162,-9.142350248582634e-05,8.233510673527446e-06,12.000000000161936,0.00030446548928602843,-0.0005318726847625168,-1.3494739766825664e-08,-1.3494739766825664e-08,0.20666786297946646,2.5372124106826646e-05
0.1724,89.9963954104876,90.0,0.10570261581005351,-0.046929565629648784,-9.114117999112048e-05,8.185381828937816e-06,12.000000000160593,0.00030287348498202605,-0.0005302302228228057,-1.3382722952249183e-08,-1.3382722952249183e-08,0.205618564802875,2.523945708149773e-05
0.1726,89.99641649724721,90.0,0.10516504915334826,-0.04676783439500293,-9.085753247049948e-05,8.137497547489969e-06,12.000000000159254,0.0003012875151200717,-0.0005285800523062877,-1.3271214208273789e-08,-1.3271214208273789e-08,0.20457286045969927,2.510729292633944e-05
0.1728,89.99643747667876,90.0,0.10462933488843229,-0.046605692422390405,-9.05725992285133e-05,8.089856988979069e-06,12.000000000157922,0.00029970758485018767,-0.0005269224018742582,-1.3160220038926305e-08,-1.3160220038926305e-08,0.2035307594913146,2.497563207052029e-05
0.17300000000000001,89.9964583491532,90.0,0.10409547772341074,-0.04644315664456869,-9.028641902404873e-05,8.042459311033537e-06,12.000000000156597,0.0002981336988538124,-0.000525257497013519,-1.3049746702774349e-08,-1.3049746702774349e-08,0.2024922710561871,2.4844474904160154e-05
0.17320000000000002,89.9964791150424,90.0,0.10356348217238982,-0.046280243748645866,-8.999903007578976e-05,7.99530366923061e-06,12.000000000155278,0.00029656586135118476,-0.0005235855600681447,-1.2939800217553545e-08,-1.2939800217553545e-08,0.2014574039354055,2.4713821778945604e-05
0.1734,89.99649977471911,90.0,0.10303335255829069,-0.046116970180009625,-8.971047007090876e-05,7.948389217096348e-06,12.000000000153964,0.0002950040761078164,-0.0005219068102900454,-1.2830386365168068e-08,-1.2830386365168068e-08,0.20042616653815468,2.4583673008669283e-05
0.1736,89.99652032855694,90.0,0.10250509301561907,-0.04595335214441798,-8.942077616946745e-05,7.90171510625007e-06,12.000000000152658,0.0002934483464419169,-0.0005202214638645701,-1.2721510696059122e-08,-1.2721510696059122e-08,0.19939856690710342,2.445402886984865e-05
0.1738,89.99654077693029,90.0,0.1019787074932103,-0.045789405611121554,-8.912998501123408e-05,7.855280486462144e-06,12.000000000151358,0.000291898675231129,-0.0005185297339501669,-1.2613178533841199e-08,-1.2613178533841199e-08,0.19837461272374435,2.432488960228727e-05
0.17400000000000002,89.99656112021435,90.0,0.10145419975693892,-0.0456251463148705,-8.883813271989914e-05,7.809084505798436e-06,12.000000000150065,0.00029035506491981573,-0.0005168318307029086,-1.2505394979541135e-08,-1.2505394979541135e-08,0.19735431131366452,2.419625540968206e-05
0.17420000000000002,89.99658135878502,90.0,0.10093157339240529,-0.045460589760020986,-8.854525491220368e-05,7.763126310591415e-06,12.000000000148777,0.00028881751752502926,-0.0005151279613295985,-1.2398164916424944e-08,-1.2398164916424944e-08,0.1963376696517717,2.4068126460120706e-05
0.1744,89.99660149301893,90.0,0.10041083180757507,-0.04529575122208912,-8.825138670110826e-05,7.717405045613497e-06,12.000000000147498,0.0002872860346438468,-0.0005134183301062059,-1.2291493013988707e-08,-1.2291493013988707e-08,0.19532469436742889,2.394050288669297e-05
0.1746,89.99662152329337,90.0,0.09989197823540076,-0.04513064575070053,-8.795656270222814e-05,7.671919854134821e-06,12.000000000146224,0.000285760617459823,-0.0005117031384153046,-1.2185383732325407e-08,-1.2185383732325407e-08,0.1943153917495539,2.381338478802841e-05
0.1748,89.99664144998621,90.0,0.09937501573640996,-0.04496528817213857,-8.766081703933573e-05,7.626669878009924e-06,12.000000000144958,0.000284241266749575,-0.0005099825847780838,-1.2079841326316164e-08,-1.2079841326316164e-08,0.19330976775165384,2.3686772228845116e-05
0.17500000000000002,89.996661273476,90.0,0.09885994720126363,-0.04479969309256118,-8.736418335143149e-05,7.581654257706624e-06,12.000000000143698,0.0002827279828888784,-0.0005082568648954847,-1.1974869849967067e-08,-1.1974869849967067e-08,0.19230782799680218,2.356066524045773e-05
0.1752,89.99668099414176,90.0,0.09834677535327838,-0.04463387489974599,-8.706669479638069e-05,7.536872132450476e-06,12.000000000142446,0.00028122076585952304,-0.0005065261716693581,-1.1870473160254852e-08,-1.1870473160254852e-08,0.19130957778254462,2.3435063821348734e-05
0.1754,89.9967006123631,90.0,0.09783550275092788,-0.044467847766227975,-8.676838405780919e-05,7.492322640253657e-06,12.000000000141199,0.0002797196152552775,-0.0005047906952425814,-1.1766654921336453e-08,-1.1766654921336453e-08,0.19031502208576556,2.3309967937665512e-05
0.1756,89.99672012852012,90.0,0.09732613179030931,-0.044301625652032633,-8.646928335105973e-05,7.448004917972749e-06,12.000000000139961,0.0002782245302879836,-0.0005030506230337107,-1.166341860858327e-08,-1.166341860858327e-08,0.1893241655674854,2.3185377523728214e-05
0.1758,89.99673954299337,90.0,0.0968186647075775,-0.04413522230594291,-8.616942442572623e-05,7.4039181014820785e-06,12.00000000013873,0.0002767355097944211,-0.0005013061397517247,-1.1560767512138585e-08,-1.1560767512138585e-08,0.18833701257759608,2.3061292482601816e-05
0.17600000000000002,89.99675885616382,90.0,0.09631310358136523,-0.043968651269589404,-8.586883857479069e-05,7.360061325615932e-06,12.000000000137504,0.00027525255224145284,-0.0004995574274491798,-1.1458704741248793e-08,-1.1458704741248793e-08,0.18735356715956883,2.29377126865249e-05
0.1762,89.99677806841288,90.0,0.09580945033515655,-0.04380192587898756,-8.55675566377999e-05,7.3164337243130124e-06,12.000000000136286,0.00027377565573253763,-0.0004978046655406915,-1.1357233227797631e-08,-1.1357233227797631e-08,0.18637383305507105,2.281463797745236e-05
0.1764,89.99679718012227,90.0,0.09530770673964227,-0.04363505926711608,-8.526560900647953e-05,7.273034430674212e-06,12.000000000135078,0.0002723048180135705,-0.0004960480308355953,-1.1256355730096359e-08,-1.1256355730096359e-08,0.18539781370854824,2.2692068167542112e-05
0.1766,89.99681619167411,90.0,0.09480787441504601,-0.0434680643660989,-8.496302562942653e-05,7.229862577049288e-06,12.000000000133873,0.0002708400364788653,-0.0004942876975652456,-1.1156074836510998e-08,-1.1156074836510998e-08,0.18442551227174883,2.2570003039653648e-05
0.1768,89.99683510345078,90.0,0.09430995483342551,-0.04330095390970787,-8.465983601755559e-05,7.18691729509464e-06,12.000000000132676,0.0002693813081768696,-0.0004925238374147017,-1.1056392969133106e-08,-1.1056392969133106e-08,0.18345693160820087,2.244844234782427e-05
0.17700000000000002,89.99685391583498,90.0,0.09381394932094478,-0.043133740436535256,-8.435606925111688e-05,7.144197715773308e-06,12.000000000131488,0.00026792862981539153,-0.0004907566195635542,-1.0957312387587973e-08,-1.0957312387587973e-08,0.1824920742976318,2.2327385817704646e-05
0.1772,89.99687262920962,90.0,0.09331985906011026,-0.04296643629098445,-8.4051753981619e-05,7.101702969528315e-06,12.000000000130306,0.000266481997768008,-0.0004889862106971125,-1.0858835192179972e-08,-1.0858835192179972e-08,0.18153094264031852,2.220683314709286e-05
0.1774,89.99689124395786,90.0,0.09282768509199578,-0.04279905362637654,-8.374691843870097e-05,7.0594321862826636e-06,12.00000000012913,0.00026504140807918246,-0.00048721277504638373,-1.0760963327589161e-08,-1.0760963327589161e-08,0.18057353866141518,2.2086784006360865e-05
0.1776,89.99690976046307,90.0,0.09233742831843136,-0.04263160440694061,-8.344159043440048e-05,7.01738449552601e-06,12.000000000127965,0.0002636068564699322,-0.0004854364744129043,-1.066369858620565e-08,-1.066369858620565e-08,0.17961986411521141,2.1967238038926764e-05
0.1778,89.99692817910874,90.0,0.09184908950416967,-0.042464100410128186,-8.313579736818414e-05,6.975559026372442e-06,12.000000000126803,0.0002621783383432332,-0.00048365746819800393,-1.056704261150899e-08,-1.056704261150899e-08,0.1786699204893463,2.1848194861705234e-05
0.17800000000000002,89.99694650027854,90.0,0.09136266927902593,-0.04229655322924592,-8.282956623272624e-05,6.933954907589365e-06,12.000000000125652,0.00026075584878915327,-0.00048187591343642474,-1.0470996901487314e-08,-1.0470996901487314e-08,0.17772370900897128,2.172965406553524e-05
0.1782,89.99696472435623,90.0,0.09087816813998743,-0.04212897427497972,-8.252292361710122e-05,6.892571267713068e-06,12.000000000124507,0.0002593393825905473,-0.00048009196481489425,-1.0375562811707133e-08,-1.0375562811707133e-08,0.17678123064085333,2.1611615215654706e-05
0.1784,89.99698285172568,90.0,0.09039558645330582,-0.04196137477796107,-8.221589571241584e-05,6.851407235077609e-06,12.000000000123368,0.00025792893422808117,-0.0004783057747048912,-1.028074155862508e-08,-1.028074155862508e-08,0.1758424860974455,2.1494077852119124e-05
0.1786,89.99700088277078,90.0,0.08991492445655987,-0.04179376579058136,-8.190850831568814e-05,6.810461937901486e-06,12.000000000122238,0.00025652449788560855,-0.00047651749318521227,-1.0186534222650023e-08,-1.0186534222650023e-08,0.17490747584089902,2.1377041490249623e-05
0.17880000000000001,89.99701881787549,90.0,0.08943618226069745,-0.04162615818984293,-8.160078683615418e-05,6.769734504287639e-06,12.000000000121116,0.00025512606745486835,-0.0004747272680786627,-1.0092941751439988e-08,-1.0092941751439988e-08,0.173976200087036,2.1260505621024446e-05
0.17900000000000002,89.99703665742375,90.0,0.08895935985204502,-0.04145856267874373,-8.129275629815188e-05,6.729224062339006e-06,12.00000000012,0.00025373363654094947,-0.00047293524496883353,-9.999964962760578e-09,-9.999964962760578e-09,0.1730486588092577,2.1144469711534346e-05
0.1792,89.99705440179955,90.0,0.08848445709430093,-0.041290989788705434,-8.098444134644745e-05,6.688929740187416e-06,12.000000000118892,0.00025234719846708737,-0.000471141567231089,-9.907604547581688e-09,-9.907604547581688e-09,0.17212485174242276,2.102893320538227e-05
0.1794,89.99707205138675,90.0,0.08801147373050122,-0.04112344988160743,-8.067586625064512e-05,6.6488506660513645e-06,12.00000000011779,0.000250966746279607,-0.0004693463760582209,-9.815861073025027e-09,-9.815861073025027e-09,0.17120477838667061,2.0913895523095296e-05
0.1796,89.9970896065692,90.0,0.08754040938496183,-0.04095595315178824,-8.036705490952475e-05,6.608985968293801e-06,12.000000000116696,0.00024959227275281196,-0.0004675498104856837,-9.724734985261123e-09,-9.724734985261123e-09,0.17028843801119994,2.0799356062532064e-05
0.17980000000000002,89.99710706773068,90.0,0.08707126356519826,-0.04078850962801539,-8.005803085531002e-05,6.5693347754799e-06,12.00000000011561,0.0002482237703938218,-0.00046575200741642516,-9.634226612356874e-09,-9.634226612356874e-09,0.16937582965800274,2.0685314199285865e-05
0.18000000000000002,89.99712443525482,90.0,0.08660403566382231,-0.04062112917542299,-7.97488172578647e-05,6.5298962164348445e-06,12.000000000114532,0.00024686123144735636,-0.000463953101645299,-9.544336167073823e-09,-9.544336167073823e-09,0.16846695214555382,2.0571769287083352e-05
0.1802,89.9971417095251,90.0,0.08613872496041672,-0.040453821497774184,-7.943943692965264e-05,6.490669420272722e-06,12.00000000011346,0.0002455046479002589,-0.00046215322588792065,-9.455063749709167e-09,-9.455063749709167e-09,0.16756180407245788,2.0458720658161472e-05
0.1804,89.99715889092492,90.0,0.08567533062338402,-0.040286596139687283,-7.91299123306172e-05,6.451653516425401e-06,12.000000000112397,0.00024415401148595943,-0.00046035251080905415,-9.366409350884276e-09,-9.366409350884276e-09,0.1666603838210455,2.0346167623639383e-05
0.1806,89.99717597983745,90.0,0.08521385171176969,-0.040119462487405,-7.882026556965928e-05,6.412847634786995e-06,12.00000000011134,0.0002428093136897223,-0.0004585510850312106,-9.278372853922725e-09,-9.278372853922725e-09,0.16576268956092002,2.0234109473955786e-05
0.18080000000000002,89.99719297664565,90.0,0.0847542871770767,-0.03995242977168326,-7.851051841107206e-05,6.374250905684959e-06,12.00000000011029,0.0002414705457526097,-0.00045674907517208405,-9.190954037732436e-09,-9.190954037732436e-09,0.1648687192524872,2.01225454791992e-05
0.18100000000000002,89.99720988173229,90.0,0.08429663586504682,-0.039785507069567905,-7.820069227838173e-05,6.335862459937882e-06,12.00000000010925,0.00024013769867599984,-0.0004549466058668948,-9.104152579361552e-09,-9.104152579361552e-09,0.16397847065042012,2.0011474889484465e-05
0.1812,89.99722669547991,90.0,0.08384089651742145,-0.039618703306498027,-7.789080825895529e-05,6.297681428884368e-06,12.000000000108216,0.0002388107632258487,-0.00045314379979519685,-9.017968056598022e-09,-9.017968056598022e-09,0.1630919413070846,1.9900896935307926e-05
0.1814,89.99724341827073,90.0,0.0833870677736787,-0.03945202725695493,-7.758088710521252e-05,6.259706944527489e-06,12.000000000107189,0.00023748972993773972,-0.00045134077768792827,-8.932399950169838e-09,-8.932399950169838e-09,0.16220912857591852,1.97908108279682e-05
0.1816,89.99726005048674,90.0,0.08293514817276285,-0.03928548754794281,-7.727094924245936e-05,6.221938139448114e-06,12.00000000010617,0.0002361745891202288,-0.0004495376583729837,-8.847447646614157e-09,-8.847447646614157e-09,0.16133002961479548,1.9681215759844937e-05
0.18180000000000002,89.99727659250964,90.0,0.08248513615477379,-0.03911909265992655,-7.696101477078359e-05,6.18437414692047e-06,12.000000000105157,0.00023486533085957426,-0.00044773455878624235,-8.763110440472901e-09,-8.763110440472901e-09,0.1604546413893117,1.957211090479301e-05
0.182,89.99729304472073,90.0,0.08203703006264602,-0.03895285092811022,-7.665110346774862e-05,6.147014100998812e-06,12.000000000104151,0.00023356194502423107,-0.00044593159398723987,-8.679387536542623e-09,-8.679387536542623e-09,0.15958296067605188,1.9463495418516994e-05
0.1822,89.99730940750106,90.0,0.0815908281438127,-0.03878677054547103,-7.634123479519409e-05,6.10985713645964e-06,12.000000000103157,0.00023226442126825702,-0.0004441288771987321,-8.596278052516462e-09,-8.596278052516462e-09,0.1587149840658262,1.935536843885503e-05
0.1824,89.99732568123126,90.0,0.08114652855183521,-0.03862085956361372,-7.603142790094693e-05,6.072902388917262e-06,12.000000000102165,0.00023097274903590383,-0.0004423265198166495,-8.513781021055493e-09,-8.513781021055493e-09,0.15785070796684036,1.9247729086161446e-05
0.1826,89.99734186629162,90.0,0.08070412934802272,-0.038455125895031625,-7.572170162382278e-05,6.036148994823792e-06,12.000000000101181,0.00022968691756534293,-0.00044052463143919366,-8.431895392168666e-09,-8.431895392168666e-09,0.1569901286078458,1.9140576463617187e-05
0.18280000000000002,89.99735796306199,90.0,0.08026362850302587,-0.038289577313911055,-7.54120744952266e-05,5.999596091584714e-06,12.000000000100208,0.00022840691589317454,-0.000438723319876149,-8.350620035207424e-09,-8.350620035207424e-09,0.15613324204124024,1.90339096576056e-05
0.183,89.99737397192185,90.0,0.0798250238984215,-0.038124221459054336,-7.51025647457077e-05,5.963242817501092e-06,12.00000000009924,0.0002271327328576507,-0.00043692269118701833,-8.269953741333845e-09,-8.269953741333845e-09,0.15528004414614988,1.892772773798103e-05
0.1832,89.99738989325022,90.0,0.07938831332826345,-0.03795906583497946,-7.479319030725815e-05,5.927088311856253e-06,12.000000000098279,0.00022586435710287555,-0.00043512284969439376,-8.189895225515875e-09,-8.189895225515875e-09,0.15443053063144643,1.8822029758418813e-05
0.1834,89.99740572742566,90.0,0.07895349450062117,-0.037794117813002515,-7.448396881557293e-05,5.891131715002446e-06,12.000000000097327,0.00022460177708297628,-0.00043332389799710576,-8.110443128490244e-09,-8.110443128490244e-09,0.15358469703874014,1.8716814756762886e-05
0.1836,89.99742147482631,90.0,0.0785205650391057,-0.03762938463443416,-7.41749176172547e-05,5.8553721682741775e-06,12.000000000096378,0.000223344981064981,-0.0004315259370121383,-8.031596019187512e-09,-8.031596019187512e-09,0.15274253874534788,1.86120817552656e-05
0.18380000000000002,89.99743713582978,90.0,0.07808952248435912,-0.037464873410527635,-7.386605376943052e-05,5.81980881416155e-06,12.00000000009544,0.00022209395713350963,-0.0004297290659723989,-7.953352396361502e-09,-7.953352396361502e-09,0.15190405096719087,1.8507829760978603e-05
0.184,89.99745271081322,90.0,0.07766036429554452,-0.03730059112491457,-7.35573940451846e-05,5.78444079628137e-06,12.00000000009451,0.00022084869319399046,-0.0004279333824583245,-7.87571069077173e-09,-7.87571069077173e-09,0.15106922876169282,1.8404057766020925e-05
0.1842,89.99746820015321,90.0,0.0772330878518081,-0.037136544634935736,-7.32489549364125e-05,5.749267259434932e-06,12.000000000093584,0.0002196091769764446,-0.0004261389824144867,-7.7986692670746e-09,-7.7986692670746e-09,0.15023806703062426,1.8300764747894328e-05
0.1844,89.99748360422585,90.0,0.0768076904537261,-0.03697274067401671,-7.29407526591208e-05,5.714287349579125e-06,12.000000000092665,0.0002183753960386035,-0.00042434596018042304,-7.722226425922147e-09,-7.722226425922147e-09,0.14941056052291704,1.8197949669743098e-05
0.18460000000000001,89.99749892340665,90.0,0.07638416932472444,-0.03680918585187369,-7.263280315365887e-05,5.679500213970883e-06,12.000000000091756,0.0002171473377702286,-0.00042255440849198585,-7.6463804055339e-09,-7.6463804055339e-09,0.1485867038374259,1.8095611480714017e-05
0.18480000000000002,89.9975141580706,90.0,0.07596252161249599,-0.03664588665684762,-7.232512208992657e-05,5.644905001138296e-06,12.000000000090854,0.00021592498939616034,-0.00042076441851163855,-7.571129383726605e-09,-7.571129383726605e-09,0.14776649142568551,1.799374911621046e-05
0.185,89.99752930859208,90.0,0.07554274439039116,-0.0364828494578459,-7.201772487166941e-05,5.610500860880608e-06,12.000000000089958,0.00021470833797951688,-0.00041897607985344384,-7.496471479819325e-09,-7.496471479819325e-09,0.14694991759461554,1.7892361498158943e-05
0.1852,89.99754437534489,90.0,0.07512483465878604,-0.036320080505186786,-7.171062663821224e-05,5.57628694435489e-06,12.00000000008907,0.00021349737042547344,-0.0004171894805931495,-7.4224047562621164e-09,-7.4224047562621164e-09,0.14613697650918192,1.7791447535324063e-05
0.1854,89.99755935870222,90.0,0.07470878934644136,-0.03615758593178629,-7.140384226699518e-05,5.542262404133817e-06,12.000000000088187,0.0002122920734848099,-0.0004154047072829419,-7.348927220316514e-09,-7.348927220316514e-09,0.14532766219504042,1.7691006123604147e-05
0.18560000000000001,89.99757425903665,90.0,0.07429460531184721,-0.03599537175539114,-7.109738637855766e-05,5.508426394176776e-06,12.000000000087311,0.00021109243375679303,-0.0004136218449804414,-7.276036825938421e-09,-7.276036825938421e-09,0.14452196854115248,1.759103614627143e-05
0.18580000000000002,89.9975890767201,90.0,0.07388227934454267,-0.03583344387971066,-7.079127333895288e-05,5.4747780698876546e-06,12.000000000086445,0.0002098984376926336,-0.00041184097726274866,-7.203731475386305e-09,-7.203731475386305e-09,0.1437198893023523,1.749153647426013e-05
0.186,89.99760381212386,90.0,0.0734718081664222,-0.03567180809588566,-7.048551726295202e-05,5.441316588143718e-06,12.000000000085585,0.00020871007159870212,-0.0004100621862450862,-7.132009020876822e-09,-7.132009020876822e-09,0.1429214181018879,1.7392505966434466e-05
0.1862,89.99761846561856,90.0,0.07306318843302535,-0.03551047008393396,-7.018013201719722e-05,5.408041107324513e-06,12.00000000008473,0.00020752732163970615,-0.00040828555259914107,-7.060867266207404e-09,-7.060867266207404e-09,0.14212654843393027,1.7293943469853402e-05
0.1864,89.99763303757413,90.0,0.0726564167348099,-0.035349435414172556,-6.987513122330271e-05,5.374950787340744e-06,12.000000000083883,0.00020635017384182952,-0.00040651115557110637,-6.990303968346203e-09,-6.990303968346203e-09,0.14133527366604948,1.719584782003226e-05
0.18660000000000002,89.99764752835986,90.0,0.07225148959840849,-0.03518870954861726,-6.9570528260906e-05,5.3420447896631756e-06,12.000000000083045,0.00020517861409583406,-0.0004047390729994321,-6.920316838990116e-09,-6.920316838990116e-09,0.14054758704165968,1.7098217841201178e-05
0.18680000000000002,89.99766193834428,90.0,0.0718484034878697,-0.03502829784200473,-6.92663362698393e-05,5.309322277380402e-06,12.00000000008221,0.00020401262816033535,-0.0004029693813274576,-6.850903546016315e-09,-6.850903546016315e-09,0.13976348168243283,1.700105234657814e-05
0.187,89.99767626789524,90.0,0.07144715480588683,-0.034868205543863606,-6.896256815475551e-05,5.276782415169963e-06,12.000000000081386,0.00020285220166441878,-0.0004012021556303245,-6.782061715130846e-09,-6.782061715130846e-09,0.13898295059068935,1.6904350138586916e-05
0.1872,89.99769051737988,90.0,0.07104773989500333,-0.034708437799487055,-6.865923658719013e-05,5.244424369356125e-06,12.000000000080565,0.00020169732011083365,-0.0003994374696269718,-6.713788931255986e-09,-6.713788931255986e-09,0.1382059866517428,1.6808110009123294e-05
0.1874,89.99770468716456,90.0,0.070650155038807,-0.034548999650889554,-6.83563540075882e-05,5.2122473079676534e-06,12.000000000079753,0.00020054796887916193,-0.0003976753956919281,-6.64608273989193e-09,-6.64608273989193e-09,0.13743258263622293,1.671233073981909e-05
0.18760000000000002,89.99771877761492,90.0,0.0702543964631133,-0.03438989603881448,-6.805393262978985e-05,5.180250400708932e-06,12.000000000078948,0.000199404133228329,-0.00039591600488140735,-6.578940648673376e-09,-6.578940648673376e-09,0.13666273120237765,1.6617011102251426e-05
0.18780000000000002,89.99773278909583,90.0,0.06986046033712537,-0.03423113180364323,-6.775198444295184e-05,5.148432819017734e-06,12.000000000078149,0.00019826579829969378,-0.00039415936694448727,-6.512360128670147e-09,-6.512360128670147e-09,0.13589642489832932,1.6522149858200216e-05
0.188,89.9977467219714,90.0,0.06946834277458407,-0.03407271168664566,-6.745052121426882e-05,5.11679373609412e-06,12.000000000077357,0.00019713294911990472,-0.0003924055503389413,-6.446338615736339e-09,-6.446338615736339e-09,0.13513365616431208,1.642774575988616e-05
0.1882,89.99776057660495,90.0,0.06907803983490343,-0.03391464033156552,-6.714955449248028e-05,5.085332326900431e-06,12.000000000076572,0.0001960055706035116,-0.0003906546222516406,-6.380873511903625e-09,-6.380873511903625e-09,0.13437441733488056,1.6333797550188406e-05
0.1884,89.99777435335899,90.0,0.06868954752428781,-0.033756922285825025,-6.684909561049048e-05,5.054047768190183e-06,12.000000000075792,0.0001948836475557459,-0.0003889066486137958,-6.31596218667155e-09,-6.31596218667155e-09,0.1336187006410829,1.6240303962876252e-05
0.18860000000000002,89.99778805259527,90.0,0.06830286179683565,-0.03359956200135544,-6.654915568711612e-05,5.0229392385658485e-06,12.000000000075019,0.00019376716467548157,-0.00038716169411112493,-6.251601978199982e-09,-6.251601978199982e-09,0.13286649821260804,1.6147263722855853e-05
0.1888,89.99780167467466,90.0,0.06791797855563325,-0.03344256383612429,-6.624974563046463e-05,4.992005918478847e-06,12.000000000074253,0.00019265610655775064,-0.00038541982220350674,-6.18779019462072e-09,-6.18779019462072e-09,0.1321178020799132,1.6054675546379875e-05
0.189,89.99781521995726,90.0,0.0675348936538316,-0.033285932055283546,-6.59508761404293e-05,4.961246990258443e-06,12.000000000073495,0.00019155045769643107,-0.0003836810951394967,-6.1245241152490315e-09,-6.1245241152490315e-09,0.1313726041763187,1.596253814127149e-05
0.1892,89.99782868880231,90.0,0.06715360289570951,-0.03312967083265417,-6.565255771197293e-05,4.930661638111748e-06,12.000000000072742,0.00019045020248669215,-0.00038194557397543035,-6.061800991839635e-09,-6.061800991839635e-09,0.13063089634007602,1.587085020712814e-05
0.1894,89.99784208156824,90.0,0.0667741020377199,-0.032973784251831686,-6.535480063752886e-05,4.9002490481526025e-06,12.000000000071996,0.0001893553252276119,-0.0003802133185893916,-5.9996180497443265e-09,-5.9996180497443265e-09,0.1298926703164031,1.5779610435539654e-05
0.18960000000000002,89.99785539861257,90.0,0.06639638678952368,-0.03281827630691914,-6.505761500853266e-05,4.870008408459363e-06,12.000000000071257,0.00018826581012497683,-0.00037848438769012366,-5.937972488976151e-09,-5.937972488976151e-09,0.12915791775949542,1.5688817510321573e-05
0.1898,89.99786864029201,90.0,0.066020452815015,-0.03266315090431393,-6.476101071941946e-05,4.839938909046004e-06,12.000000000070521,0.00018718164129342962,-0.00037675883884028417,-5.876861485459723e-09,-5.876861485459723e-09,0.12842663023452042,1.559847010769413e-05
0.19,89.99788180696237,90.0,0.06564629573332602,-0.03250841186340034,-6.446499746906635e-05,4.810039741919908e-06,12.000000000069797,0.00018610280275920156,-0.0003750367284648367,-5.816282192045148e-09,-5.816282192045148e-09,0.12769879921957214,1.5508566896509927e-05
0.1902,89.99789489897857,90.0,0.0652739111198238,-0.03235406291794114,-6.416958476387063e-05,4.780310101081857e-06,12.000000000069075,0.00018502927846240582,-0.000373318111868959,-5.756231739638631e-09,-5.756231739638631e-09,0.12697441610761023,1.541910653844506e-05
0.1904,89.99790791669469,90.0,0.06490329450709131,-0.03220010771709239,-6.387478191994976e-05,4.7507491825549286e-06,12.000000000068361,0.00018396105225950468,-0.00037160304325084163,-5.696707238239134e-09,-5.696707238239134e-09,0.12625347220836847,1.5330087688204724e-05
0.19060000000000002,89.99792086046384,90.0,0.06453444138589667,-0.032046549826401205,-6.35805980653039e-05,4.721356184413379e-06,12.000000000067653,0.00018289810792574977,-0.00036989157571426875,-5.637705777952713e-09,-5.637705777952713e-09,0.1255359587502399,1.5241508993726553e-05
0.1908,89.9979337306383,90.0,0.0641673472061511,-0.031893392729498815,-6.328704214360548e-05,4.692130306753761e-06,12.000000000066951,0.00018184042915717487,-0.0003681837612906649,-5.57922443011865e-09,-5.57922443011865e-09,0.12482186688214068,1.5153369096346694e-05
0.191,89.99794652756937,90.0,0.06380200737784732,-0.03174063982834488,-6.299412291460562e-05,4.6630707517815876e-06,12.000000000066255,0.00018078799957338667,-0.0003664796509414593,-5.521260248141136e-09,-5.521260248141136e-09,0.12411118767533524,1.5065666631032376e-05
0.1912,89.99795925160747,90.0,0.06343841727199537,-0.03158829444488942,-6.270184895785492e-05,4.634176723782443e-06,12.000000000065565,0.00017974080271950646,-0.0003647792945797321,-5.463810268571511e-09,-5.463810268571511e-09,0.12340391212525664,1.49784002265437e-05
0.19140000000000001,89.99797190310208,90.0,0.06307657222153923,-0.03143635982199737,-6.241022867470404e-05,4.605447429150876e-06,12.000000000064883,0.00017869882206848965,-0.0003630827410818533,-5.4068715120312324e-09,-5.4068715120312324e-09,0.12270003115328983,1.4891568505626952e-05
0.19160000000000002,89.99798448240175,90.0,0.06271646752226281,-0.03128483912435838,-6.211927029027129e-05,4.576882076419289e-06,12.000000000064205,0.00017766204102342016,-0.0003613900382989293,-5.350440984114687e-09,-5.350440984114687e-09,0.12199953560853392,1.48051700852058e-05
0.1918,89.99799698985404,90.0,0.06235809843368557,-0.031133735439737287,-6.182898185620877e-05,4.5484798762579325e-06,12.000000000063533,0.00017663044291957083,-0.0003597012330728959,-5.294515676337084e-09,-5.294515676337084e-09,0.12130241626954441,1.4719203576552973e-05
0.192,89.99800942580563,90.0,0.06200146017994403,-0.030983051779849637,-6.153937125259432e-05,4.520240041503803e-06,12.000000000062869,0.00017560401102664173,-0.0003580163712475246,-5.239092566994932e-09,-5.239092566994932e-09,0.12060866384604796,1.463366758547681e-05
0.1922,89.99802179060221,90.0,0.0616465479506628,-0.030832791081577965,-6.125044619062192e-05,4.492161787160636e-06,12.00000000006221,0.00017458272855076353,-0.00035633549768407456,-5.1841686220714596e-09,-5.1841686220714596e-09,0.11991826898063673,1.4548560712488205e-05
0.19240000000000002,89.99803408458847,90.0,0.06129335690181215,-0.03068295620781382,-6.096221421441955e-05,4.4642443304278e-06,12.000000000061558,0.0001735665786366812,-0.00035465865627186844,-5.129740796056265e-09,-5.129740796056265e-09,0.11923122225043667,1.446388155298257e-05
0.19260000000000002,89.99804630810817,90.0,0.06094188215655554,-0.030533549948641162,-6.0674682703666794e-05,4.4364868907002975e-06,12.00000000006091,0.00017255554436970333,-0.0003529858899435209,-5.075806032809939e-09,-5.075806032809939e-09,0.118547514168756,1.4379628697402289e-05
0.1928,89.9980584615041,90.0,0.06059211880608383,-0.03038457502179065,-6.038785887451044e-05,4.40888868962654e-06,12.000000000060268,0.00017154960877804252,-0.0003513172406802649,-5.022361266281514e-09,-5.022361266281514e-09,0.11786713518670816,1.4295800731431745e-05
0.193,89.99807054511801,90.0,0.060244061910444256,-0.030236034074152332,-6.0101749782955205e-05,4.381448951079465e-06,12.000000000059632,0.0001705487548345114,-0.00034965274953167825,-4.969403421399557e-09,-4.969403421399557e-09,0.11719007569482426,1.4212396236138658e-05
0.1932,89.99808255929074,90.0,0.05989770649935197,-0.0300879296829088,-5.981636232737018e-05,4.354166901156526e-06,12.000000000059003,0.00016955296545838962,-0.000347992456630265,-4.916929414876779e-09,-4.916929414876779e-09,0.11651632602463177,1.412941378812966e-05
0.19340000000000002,89.99809450436203,90.0,0.05955304757298875,-0.02994026435558452,-5.953170324846401e-05,4.3270417682663725e-06,12.000000000058378,0.00016856222351789295,-0.00034633640119131133,-4.864936155809038e-09,-4.864936155809038e-09,0.11584587645020823,1.4046851959756077e-05
0.19360000000000002,89.9981063806707,90.0,0.05921008010280104,-0.02979304053222602,-5.9247779134241415e-05,4.300072783042175e-06,12.00000000005776,0.0001675765118313768,-0.00034468462154172065,-4.81342054663348e-09,-4.81342054663348e-09,0.1151787171897336,1.3964709319214183e-05
0.1938,89.99811818855456,90.0,0.058868799032272975,-0.02964626058506007,-5.8964596419068396e-05,4.273259178457186e-06,12.000000000057149,0.0001665958131699576,-0.00034303715511457556,-4.76237948362912e-09,-4.76237948362912e-09,0.11451483840699402,1.3882984430763683e-05
0.194,89.99812992835034,90.0,0.058529199277703434,-0.029499926820644475,-5.868216138856384e-05,4.246600189738069e-06,12.000000000056541,0.00016562011025866754,-0.0003413940384775956,-4.711809857837063e-09,-4.711809857837063e-09,0.11385423021289333,1.3801675854823931e-05
0.1942,89.99814160039382,90.0,0.05819127572895831,-0.029354041479497456,-5.840048017860085e-05,4.220095054480458e-06,12.000000000055941,0.00016464938577902843,-0.0003397553073273271,-4.661708555529056e-09,-4.661708555529056e-09,0.11319688266691653,1.3720782148188407e-05
0.19440000000000002,89.9981532050197,90.0,0.05785502325022735,-0.02920860673822003,-5.811955878013567e-05,4.193743012562292e-06,12.000000000055344,0.0001636836223701598,-0.0003381209965172367,-4.6120724590911866e-09,-4.6120724590911866e-09,0.11254278577860194,1.3640301864117075e-05
0.19460000000000002,89.99816474256173,90.0,0.05752043668075616,-0.029063624709807712,-5.7839403039807725e-05,4.167543306201588e-06,12.000000000054754,0.00016272280263088454,-0.0003364911400612017,-4.562898447580868e-09,-4.562898447580868e-09,0.11189192950896512,1.3560233552511839e-05
0.1948,89.99817621335252,90.0,0.057187510835575106,-0.028919097444312897,-5.7560018661360026e-05,4.141495179985335e-06,12.00000000005417,0.00016176690912161627,-0.00033486577114177397,-4.5141833973322305e-09,-4.5141833973322305e-09,0.11124430377191691,1.3480575760073835e-05
0.195,89.99818761772373,90.0,0.05685624050622045,-0.028775026929851736,-5.728141120786646e-05,4.115597880869496e-06,12.000000000053591,0.00016081592436601803,-0.0003332449221231374,-4.465924182606225e-09,-4.465924182606225e-09,0.11059989843566596,1.3401327030441653e-05
0.1952,89.99819895600591,90.0,0.056526620461443904,-0.028631415093950226,-5.700358610475406e-05,4.089850658150114e-06,12.000000000053017,0.00015986983085242355,-0.0003316286245686905,-4.418117676282015e-09,-4.418117676282015e-09,0.10995870332409932,1.332248590430977e-05
0.19540000000000002,89.9982102285286,90.0,0.05619864544790671,-0.02848826380380267,-5.6726548640285226e-05,4.064252763521093e-06,12.000000000052449,0.00015892861103585548,-0.00033001690924385174,-4.370760750353507e-09,-4.370760750353507e-09,0.10932070821813235,1.3244050919596738e-05
0.1956,89.99822143562031,90.0,0.05587231019087105,-0.02834557486723717,-5.6450303967693474e-05,4.038803451074197e-06,12.000000000051887,0.00015799224733961567,-0.0003284098061284849,-4.323850276531872e-09,-4.323850276531872e-09,0.10868590285705379,1.316602061157771e-05
0.1958,89.99823257760842,90.0,0.055547609394880085,-0.02820335003366506,-5.61748571072836e-05,4.013501977299055e-06,12.00000000005133,0.0001570607221568494,-0.000326807344429117,-4.277383126831647e-09,-4.277383126831647e-09,0.10805427693984859,1.3088393513014797e-05
0.196,89.9982436548193,90.0,0.05522453774442716,-0.028061590995015345,-5.5900212948498526e-05,3.988347601083153e-06,12.000000000050775,0.00015613401785208482,-0.0003252095525909624,-4.231356174140916e-09,-4.231356174140916e-09,0.10742582012649975,1.3011168154285348e-05
0.1962,89.99825466757825,90.0,0.05490308990461457,-0.027920299386299193,-5.562637625112341e-05,3.963339583740734e-06,12.000000000050228,0.00015521211676295863,-0.0003236164583049282,-4.185766292719117e-09,-4.185766292719117e-09,0.1068005220392696,1.2934343063525747e-05
0.19640000000000002,89.99826561620951,90.0,0.05458326052180549,-0.027779476786875517,-5.535335164812971e-05,3.938477188983895e-06,12.000000000049688,0.00015429500120150543,-0.0003220280885241599,-4.140610358795667e-09,-4.140610358795667e-09,0.1061783722639682,1.2857916766738879e-05
0.1966,89.99827650103623,90.0,0.05426504422426171,-0.02763912472027565,-5.508114364515333e-05,3.913759683009271e-06,12.000000000049152,0.00015338265345625647,-0.0003204444694610056,-4.095885250925838e-09,-4.095885250925838e-09,0.10555936035119383,1.2781887787969018e-05
0.1968,89.99828732238046,90.0,0.053948435622783175,-0.027499244655806665,-5.4809756624130506e-05,3.8891863344402426e-06,12.000000000048619,0.0001524750557932896,-0.0003188656266081682,-4.0515878506204754e-09,-4.0515878506204754e-09,0.10494347581757692,1.2706254649389318e-05
0.197,89.99829808056323,90.0,0.053633429311329216,-0.027359838009063775,-5.4539194844386564e-05,3.8647564143558355e-06,12.000000000048093,0.00015157219045786862,-0.00031729158474503953,-4.007715042788446e-09,-4.007715042788446e-09,0.1043307081469887,1.263101587143843e-05
0.19720000000000001,89.99830877590445,90.0,0.053320019867634016,-0.02722090614314472,-5.426946244536687e-05,3.840469196261825e-06,12.00000000004757,0.0001506740396756483,-0.00031572236795358833,-3.964263716278334e-09,-3.964263716278334e-09,0.10372104679173823,1.2556169972920915e-05
0.19740000000000002,89.99831940872294,90.0,0.05300820185380796,-0.027082450368778998,-5.40005634468332e-05,3.816323956148518e-06,12.000000000047056,0.00014978058565447925,-0.0003141579996195024,-3.921230764238685e-09,-3.921230764238685e-09,0.10311448117374244,1.248171547115766e-05
0.1976,89.99832997933645,90.0,0.052697969816937744,-0.026944471945165763,-5.3732501750717295e-05,3.792319972490751e-06,12.000000000046544,0.0001488918105857883,-0.000312598502442972,-3.878613084579962e-09,-3.878613084579962e-09,0.10251100068569326,1.24076508821009e-05
0.1978,89.99834048806161,90.0,0.052389318289676544,-0.02680697208079781,-5.346528114294343e-05,3.7684565262478936e-06,12.000000000046036,0.00014800769664593592,-0.00031104389844929337,-3.836407580422975e-09,-3.836407580422975e-09,0.10191059469220576,1.2333974720447342e-05
0.198,89.998350935214,90.0,0.05208224179082524,-0.026669951934628403,-5.3198905296054105e-05,3.7447329008349553e-06,12.000000000045535,0.00014712822599734226,-0.00030949420900414353,-3.794611160588127e-09,-3.794611160588127e-09,0.10131325253094875,1.2260685499731998e-05
0.19820000000000002,89.99836132110806,90.0,0.05177673482589984,-0.02653341261579778,-5.293337776847109e-05,3.721148382209257e-06,12.000000000045038,0.00014625338079042504,-0.00030794945480928183,-3.753220739854721e-09,-3.753220739854721e-09,0.10071896351374858,1.2187781732489678e-05
0.19840000000000002,89.99837164605715,90.0,0.05147279188770219,-0.026397355185851054,-5.266870200958014e-05,3.69770225875487e-06,12.000000000044547,0.00014538314316406864,-0.0003064096559321308,-3.7122332395890514e-09,-3.7122332395890514e-09,0.10012771692769934,1.2115261930294078e-05
0.1986,89.99838191037352,90.0,0.05117040745686529,-0.02626178065772322,-5.2404881357262334e-05,3.674393821427067e-06,12.00000000004406,0.00014451749524793282,-0.00030487483179141467,-3.6716455878723594e-09,-3.6716455878723594e-09,0.09953950203622353,1.2043124603950182e-05
0.1988,89.99839211436831,90.0,0.05086957600241015,-0.026126689997582636,-5.2141919042105976e-05,3.651222363665652e-06,12.000000000043578,0.00014365641916310105,-0.0003033450011816624,-3.631454720052169e-09,-3.631454720052169e-09,0.09895430808015548,1.197136826354828e-05
0.199,89.9984022583516,90.0,0.050570291982281815,-0.025992084125579296,-5.187981818906176e-05,3.62818718139496e-06,12.0000000000431,0.00014279989702331328,-0.00030182018228283727,-3.5916575791160003e-09,-3.5916575791160003e-09,0.09837212427878383,1.18999914185667e-05
0.19920000000000002,89.99841234263228,90.0,0.05027254984387634,-0.025857963915514842,-5.1618581816578774e-05,3.6052875731105252e-06,12.000000000042627,0.0001419479109368108,-0.0003003003926553103,-3.552251115897823e-09,-3.552251115897823e-09,0.09779293983087683,1.1828992578025547e-05
0.19940000000000002,89.99842236751817,90.0,0.049976344024571934,-0.02572433019629486,-5.135821283990629e-05,3.582522839821305e-06,12.00000000004216,0.0001411004430071362,-0.0002987856492590689,-3.51323228954011e-09,-3.51323228954011e-09,0.0972167439157154,1.1758370250553373e-05
0.1996,89.998432333316,90.0,0.04968166895224343,-0.025591183753002244,-5.109871407351288e-05,3.5598922850207865e-06,12.000000000041695,0.0001402574753341059,-0.0002972759684677908,-3.4745980678873942e-09,-3.4745980678873942e-09,0.09664352569409397,1.1688122944468214e-05
0.1998,89.99844224033136,90.0,0.049388519045764176,-0.025458525326532436,-5.084008823014531e-05,3.5373952147736587e-06,12.000000000041236,0.000139418990015597,-0.0002957713660633685,-3.4363454276622124e-09,-3.4363454276622124e-09,0.09607327430929685,1.1618249167926492e-05
0.2,89.9984520888687,90.0,0.04909688871551247,-0.02532635561465557,-5.0582337923222856e-05,3.5150309376869197e-06,12.000000000040782,0.0001385849691485015,-0.00029427185724983923,-3.398471354841884e-09,-3.398471354841884e-09,0.09550597888808324,1.1548747429002544e-05
0.20020000000000002,89.9984618792314,90.0,0.0488067723638654,-0.025194675273061393,-5.032546566919323e-05,3.4927987648809897e-06,12.00000000004033,0.00013775539482965127,-0.0002927774566670907,-3.36097284502172e-09,-3.36097284502172e-09,0.09494162854164798,1.1479616235765691e-05
0.20040000000000002,89.99847161172168,90.0,0.04851816438568128,-0.025063484915677628,-5.006947388819225e-05,3.470698010018599e-06,12.000000000039886,0.00013693024915713864,-0.0002912881783946985,-3.3238469036652113e-09,-3.3238469036652113e-09,0.09438021236656,1.1410854096390291e-05
0.2006,89.99848128664067,90.0,0.04823105916877791,-0.02493278511462708,-4.9814364903859375e-05,3.4487279893625702e-06,12.000000000039446,0.00013610951423183797,-0.00028980403595085374,-3.2870905462972627e-09,-3.2870905462972627e-09,0.0938217194456925,1.1342459519282547e-05
0.2008,89.99849090428835,90.0,0.04794545109441162,-0.024802576402317783,-4.956014094814009e-05,3.426888021660255e-06,12.000000000039009,0.0001352931721576645,-0.00028832504232030094,-3.2507007989899643e-09,-3.2507007989899643e-09,0.09326613884915512,1.1274431013102058e-05
0.201,89.99850046496357,90.0,0.04766133453773234,-0.024672859270657113,-4.93068041593686e-05,3.4051774282590967e-06,12.000000000038575,0.0001344812050434641,-0.0002868512099431844,-3.214674698434262e-09,-3.214674698434262e-09,0.09271345963517894,1.1206767086919316e-05
0.20120000000000002,89.9985099689641,90.0,0.04737870386824744,-0.02454363417276538,-4.905435658619247e-05,3.3835955330199598e-06,12.000000000038149,0.000133673595003448,-0.00028538255073788004,-3.179009292355421e-09,-3.179009292355421e-09,0.09216367085101876,1.113946625025192e-05
0.20140000000000002,89.99851941658653,90.0,0.047097553450266325,-0.02441490152253073,-4.880280018645391e-05,3.362141662403799e-06,12.000000000037724,0.00013287032415884752,-0.0002839190760944876,-3.143701639619705e-09,-3.143701639619705e-09,0.09161676153381805,1.1072527013202484e-05
0.2016,89.99852880812635,90.0,0.04681787764334985,-0.024286661695947218,-4.855213683023906e-05,3.340815145413879e-06,12.000000000037305,0.00013207137463852657,-0.00028246079689256957,-3.108748810581612e-09,-3.108748810581612e-09,0.09107272071148315,1.1005947886509666e-05
0.2018,89.99853814387795,90.0,0.046539670802744404,-0.02415891503172085,-4.830236830121849e-05,3.319615313595777e-06,12.00000000003689,0.0001312767285799798,-0.00028100772350895083,-3.0741478873207617e-09,-3.0741478873207617e-09,0.09053153740352764,1.0939727381631352e-05
0.202,89.99854742413451,90.0,0.04626292727980923,-0.024031661831155782,-4.8053496296306097e-05,3.2985415010951603e-06,12.00000000003648,0.00013048636813073734,-0.0002795598658157334,-3.0398959637750364e-09,-3.0398959637750364e-09,0.08999320062190364,1.0873864010861723e-05
0.20220000000000002,89.99855664918817,90.0,0.045987641422444936,-0.02390490235946309,-4.7805522428643525e-05,3.2775930446000067e-06,12.00000000003607,0.00012970027544892876,-0.0002781172331976593,-3.005990146060161e-09,-3.005990146060161e-09,0.08945769937183531,1.0808356287378241e-05
0.2024,89.99856581932987,90.0,0.045713807575506894,-0.02377863684562749,-4.7558448227215924e-05,3.2567692833983845e-06,12.00000000003567,0.00012891843270465553,-0.00027667983454987473,-2.9724275525872686e-09,-2.9724275525872686e-09,0.08892502265262309,1.0743202725356027e-05
0.2026,89.99857493484944,90.0,0.04544142008122052,-0.023652865483697674,-4.7312275139795594e-05,3.2360695593206736e-06,12.000000000035271,0.0001281408220805247,-0.0002752476782950558,-2.939205314365048e-09,-2.939205314365048e-09,0.08839515945845142,1.0678401840012339e-05
0.2028,89.99858399603562,90.0,0.04517047327958136,-0.023527588433345015,-4.706700453417783e-05,3.2154932167395643e-06,12.000000000034877,0.00012736742577256892,-0.0002738207723905979,-2.9063205751954675e-09,-2.9063205751954675e-09,0.08786809877916713,1.061395214768323e-05
0.203,89.99859300317594,90.0,0.04490096150874899,-0.023402805819347658,-4.682263769690563e-05,3.1950396026567264e-06,12.000000000034486,0.0001265982259917854,-0.0002723991243211965,-2.873770491723348e-09,-2.873770491723348e-09,0.08734382960104559,1.0549852165951799e-05
0.20320000000000002,89.99860195655687,90.0,0.0446328791054469,-0.02327851773321474,-4.657917583699656e-05,3.1747080666161433e-06,12.000000000034099,0.00012583320496442277,-0.00027098274112052895,-2.8415522337619783e-09,-2.8415522337619783e-09,0.08682234090756864,1.04861004136721e-05
0.2034,89.99861085646371,90.0,0.04436622040534357,-0.023154724233363157,-4.63366200862891e-05,3.1544979607329967e-06,12.000000000033715,0.00012507234493306862,-0.00026957162937326935,-2.809662984420679e-09,-2.809662984420679e-09,0.08630362168016582,1.0422695411059769e-05
0.2036,89.99861970318062,90.0,0.04410097974343166,-0.023031425345647026,-4.609497150061377e-05,3.1344086396936693e-06,12.000000000033339,0.00012431562815752188,-0.0002681657952219019,-2.7780999402732917e-09,-2.7780999402732917e-09,0.0857876608989521,1.0359635679764708e-05
0.2038,89.99862849699068,90.0,0.043837151454401105,-0.022908621063878642,-4.585423106094555e-05,3.114439460755746e-06,12.000000000032962,0.0001235630369156507,-0.0002667652443734251,-2.74686031151963e-09,-2.74686031151963e-09,0.08527444754345345,1.0296919742942607e-05
0.20400000000000001,89.99863723817575,90.0,0.043574729873006084,-0.02278631134998558,-4.561439967370659e-05,3.094589783776901e-06,12.000000000032593,0.00012281455350444752,-0.00026536998210111305,-2.715941322095243e-09,-2.715941322095243e-09,0.08476397059332094,1.023454612534283e-05
0.20420000000000002,89.99864592701661,90.0,0.04331370933443057,-0.022664496135231634,-4.5375478173556454e-05,3.07485897115712e-06,12.000000000032223,0.00012207016024044827,-0.0002639800132607479,-2.6853402099107187e-09,-2.6853402099107187e-09,0.08425621902904162,1.0172513353343374e-05
0.2044,89.99865456379294,90.0,0.0430540841746395,-0.022543175320351865,-4.513746732364603e-05,3.0552463878675885e-06,12.00000000003186,0.0001213298394607508,-0.00026259534229209746,-2.655054226946375e-09,-2.655054226946375e-09,0.08375118183262172,1.0110819955035721e-05
0.2046,89.99866314878322,90.0,0.04279584873072856,-0.022422348775685753,-4.4900367815867445e-05,3.035751401479584e-06,12.000000000031502,0.00012059357352403049,-0.0002612159732203687,-2.6250806393432514e-09,-2.6250806393432514e-09,0.08324884798826712,1.0049464460309492e-05
0.2048,89.99867168226484,90.0,0.04253899734127254,-0.022302016342374123,-4.466418027359103e-05,3.016373382106695e-06,12.000000000031145,0.00011986134481091965,-0.0002598419096721307,-2.595416727621522e-09,-2.595416727621522e-09,0.08274920648306093,9.988445400884047e-06
0.20500000000000002,89.99868016451404,90.0,0.04228352434665978,-0.022182177832115534,-4.442890525103704e-05,2.9971117024625985e-06,12.000000000030791,0.00011913313572519858,-0.00025847315487165966,-2.5660597867138904e-09,-2.5660597867138904e-09,0.08225224630761394,9.927761310407741e-06
0.20520000000000002,89.99868859580592,90.0,0.04202942408942946,-0.022062833028347845,-4.419454323597873e-05,2.977965737803285e-06,12.000000000030443,0.00011840892869414964,-0.00025710971165666426,-2.537007126170842e-09,-2.537007126170842e-09,0.08175795645672107,9.867410724487436e-06
0.2054,89.99869697641448,90.0,0.04177669091459562,-0.021943981686345294,-4.396109464991236e-05,2.958934865955944e-06,12.000000000030099,0.00011768870616951353,-0.00025575158247927485,-2.508256070226332e-09,-2.508256070226332e-09,0.08126632592999129,9.807392180768195e-06
0.2056,89.99870530661256,90.0,0.04152531916996956,-0.021825623533313427,-4.3728559848222454e-05,2.940018467347856e-06,12.000000000029758,0.0001169724506284416,-0.0002543987694070049,-2.479803957860282e-09,-2.479803957860282e-09,0.08077734373247515,9.747704219012628e-06
0.2058,89.9987135866719,90.0,0.04127530320648155,-0.02170775826990406,-4.349693912366708e-05,2.921215924919723e-06,12.00000000002942,0.0001162601445736033,-0.0002530512741430272,-2.4516481430275616e-09,-2.4516481430275616e-09,0.08029099887529025,9.688345381109855e-06
0.20600000000000002,89.99872181686307,90.0,0.04102663737848518,-0.02159038556921919,-4.326623270399558e-05,2.9025266242412275e-06,12.000000000029086,0.00011555177053472955,-0.0002517090980123145,-2.4237859945793514e-09,-2.4237859945793514e-09,0.07980728037621343,9.629314211204123e-06
0.20620000000000002,89.99872999745553,90.0,0.04077931604407287,-0.021473505079027858,-4.303644075707591e-05,2.883949953366582e-06,12.000000000028756,0.00011484731106828445,-0.00025037224199146886,-2.3962148965657594e-09,-2.3962148965657594e-09,0.07932617726029456,9.570609255667436e-06
0.2064,89.99873812871765,90.0,0.04053333356536619,-0.02135711642039518,-4.280756338763845e-05,2.865485302978981e-06,12.000000000028427,0.00011414674875918707,-0.00024904070668977816,-2.368932248105097e-09,-2.368932248105097e-09,0.07884767856042123,9.512229063243056e-06
0.2066,89.9987462109166,90.0,0.0402886843088217,-0.02124121918917517,-4.257960064071227e-05,2.8471320663039293e-06,12.000000000028102,0.00011345006622088257,-0.00024771449236920715,-2.341935463591087e-09,-2.341935463591087e-09,0.07837177331791367,9.454172185051407e-06
0.2068,89.99875424431846,90.0,0.040045362645520104,-0.021125812956414452,-4.2352552502518166e-05,2.8288896391092418e-06,12.000000000027782,0.00011275724609600712,-0.00024639359894959275,-2.315221972764649e-09,-2.315221972764649e-09,0.07789845058308721,9.396437174645505e-06
0.20700000000000002,89.99876222918822,90.0,0.039803362951450094,-0.02101089726839342,-4.212641890051495e-05,2.8107574197339355e-06,12.000000000027466,0.00011206827105725181,-0.0002450780260089136,-2.288789220740023e-09,-2.288789220740023e-09,0.07742769941580459,9.339022588082942e-06
0.20720000000000002,89.99877016578968,90.0,0.03956267960779241,-0.02089647164737797,-4.190119970510704e-05,2.7927348090593375e-06,12.000000000027152,0.00011138312380780506,-0.00024376777279322398,-2.262634668109927e-09,-2.262634668109927e-09,0.07695950888602827,9.281926983962753e-06
0.2074,89.99877805438557,90.0,0.03932330700119483,-0.020782535592003618,-4.167689473049411e-05,2.7748212105090856e-06,12.00000000002684,0.00011070178708198521,-0.00024246283822159715,-2.23675579100342e-09,-2.23675579100342e-09,0.07649386807435563,9.225148923478134e-06
0.2076,89.99878589523746,90.0,0.039085239524042976,-0.020669088577298197,-4.145350373467657e-05,2.7570160300780193e-06,12.000000000026535,0.00011002424364607417,-0.00024116322088615683,-2.2111500810993207e-09,-2.2111500810993207e-09,0.07603076607254546,9.168686970485906e-06
0.2078,89.99879368860583,90.0,0.038848471574730814,-0.020556130055414946,-4.1231026421121894e-05,2.7393186763032875e-06,12.00000000002623,0.00010935047629872902,-0.00023986891906177177,-2.1858150457173905e-09,-2.1858150457173905e-09,0.07557019198404447,9.112539691540834e-06
0.20800000000000002,89.99880143475,90.0,0.038612997557922656,-0.020443659456353527,-4.100946244040421e-05,2.7217285602354616e-06,12.000000000025928,0.0001086804678713734,-0.00023857993071559397,-2.1607482079028814e-09,-2.1607482079028814e-09,0.07511213492449668,9.056705655928214e-06
0.2082,89.99880913392825,90.0,0.03837881188480721,-0.020331676187604217,-4.078881138932784e-05,2.7042450954963123e-06,12.000000000025633,0.00010801420122920393,-0.00023729625350196008,-2.1359471063868457e-09,-2.1359471063868457e-09,0.07465658402223779,9.001183435747766e-06
0.2084,89.99881678639763,90.0,0.038145908973355194,-0.020220179634862917,-4.056907281255361e-05,2.6868676982499226e-06,12.000000000025338,0.0001073516592715718,-0.00023601788477185237,-2.111409295664291e-09,-2.111409295664291e-09,0.07420352841879625,8.945971605945428e-06
0.2086,89.99882439241416,90.0,0.0379142832485692,-0.020109169163090503,-4.035024620503152e-05,2.669595787144906e-06,12.000000000025047,0.00010669282493213565,-0.0002347448215870516,-2.0871323461050364e-09,-2.0871323461050364e-09,0.07375295726937924,8.89106874432608e-06
0.2088,89.99883195223275,90.0,0.03768392914272135,-0.019998644115778882,-4.013233101024319e-05,2.652428783401076e-06,12.000000000024757,0.00010603768118004102,-0.00023347706070991187,-2.0631138438633033e-09,-2.0631138438633033e-09,0.07330485974333503,8.836473431651854e-06
0.20900000000000002,89.99883946610713,90.0,0.037454841095599066,-0.01988860381564947,-3.9915326621791564e-05,2.635366110780558e-06,12.000000000024471,0.0001053862110202746,-0.00023221459861260917,-2.0393513909439076e-09,-2.0393513909439076e-09,0.07285922502463116,8.78218425167164e-06
0.2092,89.99884693428996,90.0,0.03722701355474324,-0.019779047565696158,-3.969923238579739e-05,2.618407195530009e-06,12.00000000002419,0.00010473839749379051,-0.0002309574314910832,-2.0158426053007665e-09,-2.0158426053007665e-09,0.07241604231231755,8.728199791131615e-06
0.2094,89.99885435703278,90.0,0.037000440975674315,-0.019669974648790542,-3.9484047599936535e-05,2.6015514664383943e-06,12.00000000002391,0.00010409422367845186,-0.00022970555525943698,-1.9925851207759312e-09,-1.9925851207759312e-09,0.07197530082096641,8.674518639853703e-06
0.2096,89.99886173458606,90.0,0.036775117822122505,-0.01956138432871392,-3.9269771515812235e-05,2.584798354779213e-06,12.000000000023636,0.00010345367268913881,-0.00022845896556373746,-1.969576587190298e-09,-1.969576587190298e-09,0.0715369897811201,8.621139390744587e-06
0.20980000000000001,89.99886906719911,90.0,0.0365510385662469,-0.019453275849397295,-3.905640333713982e-05,2.5681472943971643e-06,12.000000000023363,0.00010281672767888487,-0.00022721765777145524,-1.9468146702396906e-09,-1.9468146702396906e-09,0.0711010984397172,8.568060639890392e-06
0.21000000000000002,89.99887635512016,90.0,0.036328197688862786,-0.019345648436660007,-3.884394222377141e-05,2.5515977215925876e-06,12.000000000023093,0.00010218337183855652,-0.00022598162699487888,-1.9242970516546044e-09,-1.9242970516546044e-09,0.0706676160605349,8.51528098652999e-06
0.2102,89.99888359859634,90.0,0.036106589679649075,-0.019238501297788695,-3.8632387290675155e-05,2.535149075179244e-06,12.000000000022824,0.00010155358839775205,-0.00022475086808517616,-1.9020214291263364e-09,-1.9020214291263364e-09,0.07023653192459234,8.462799033129908e-06
0.2104,89.99889079787367,90.0,0.03588620903736074,-0.019131833621478703,-3.842173760776094e-05,2.5188007965132053e-06,12.00000000002256,0.0001009273606255009,-0.0002235253756313804,-1.8799855162713727e-09,-1.8799855162713727e-09,0.06980783533056394,8.410613385442596e-06
0.2106,89.99889795319707,90.0,0.035667050270041835,-0.019025644579552595,-3.821199220386055e-05,2.502552329377295e-06,12.000000000022297,0.00010030467182991037,-0.00022230514398354574,-1.8581870427774248e-09,-1.8581870427774248e-09,0.06938151559519373,8.358722652477e-06
0.21080000000000002,89.99890506481037,90.0,0.035449107895218754,-0.01891993332545361,-3.800315006317167e-05,2.4864031201255365e-06,12.00000000002204,9.968550535966432e-05,-0.00022109016723205921,-1.83662375421167e-09,-1.83662375421167e-09,0.06895756205367133,8.307125446623436e-06
0.21100000000000002,89.9989121329563,90.0,0.03523237644011097,-0.018814698996316298,-3.779521013006166e-05,2.4703526175387062e-06,12.000000000021783,9.906984460345375e-05,-0.00021988043923558802,-1.8152934121974433e-09,-1.8152934121974433e-09,0.0685359640600419,8.25582038360616e-06
0.2112,89.99891915787651,90.0,0.03501685044181763,-0.018709940712516505,-3.7588171307982705e-05,2.4544002728821093e-06,12.00000000002153,9.845767299082764e-05,-0.00021867595361476776,-1.7941937943267976e-09,-1.7941937943267976e-09,0.06811671098756905,8.20480608255425e-06
0.2114,89.99892613981153,90.0,0.03480252444750992,-0.018605657577584644,-3.738203245923529e-05,2.4385455399344736e-06,12.00000000002128,9.784897399284615e-05,-0.0002174767037508267,-1.7733226941105676e-09,-1.7733226941105676e-09,0.06769979222910905,8.154081166056052e-06
0.2116,89.99893307900082,90.0,0.034589393014623826,-0.01850184867883021,-3.7176792406394276e-05,2.422787874959057e-06,12.000000000021032,9.724373112231344e-05,-0.00021628268279388213,-1.7526779209986682e-09,-1.7526779209986682e-09,0.06728519719748591,8.103644260178584e-06
0.21180000000000002,89.99893997568276,90.0,0.03437745071104603,-0.01839851308866708,-3.697244993537469e-05,2.4071267366169794e-06,12.000000000020787,9.664192793357244e-05,-0.00021509388368077615,-1.7322573004661479e-09,-1.7322573004661479e-09,0.06687291532585284,8.05349399445042e-06
0.21200000000000002,89.99894683009461,90.0,0.034166692115284746,-0.018295649863075684,-3.676900379180639e-05,2.3915615861116723e-06,12.000000000020545,9.604354802395212e-05,-0.00021391029911398457,-1.712058673811397e-09,-1.712058673811397e-09,0.06646293606802464,8.003629001982306e-06
0.2122,89.9989536424726,90.0,0.03395711181665778,-0.018193258043641997,-3.656645268576792e-05,2.376091887044427e-06,12.000000000020304,9.544857503314595e-05,-0.00021273192158915722,-1.6920798983094699e-09,-1.6920798983094699e-09,0.06605524889884358,7.95404791941537e-06
0.2124,89.99896041305183,90.0,0.033748704415457645,-0.018091336656366933,-3.636479528897408e-05,2.360717105529957e-06,12.00000000002007,9.48569926444349e-05,-0.0002115587433787557,-1.6723188470425798e-09,-1.6723188470425798e-09,0.06564984331450047,7.904749387023021e-06
0.2126,89.99896714206633,90.0,0.0335414645231301,-0.01798988471298154,-3.6164030237819194e-05,2.345436710109726e-06,12.000000000019833,9.426878458446569e-05,-0.00021039075654975857,-1.6527734089765978e-09,-1.6527734089765978e-09,0.0652467088328821,7.855732048692491e-06
0.21280000000000002,89.99897382974909,90.0,0.03333538676243758,-0.017888901211530327,-3.5964156134712205e-05,2.3302501717230597e-06,12.0000000000196,9.368393462341575e-05,-0.00020922795297142818,-1.6334414889611971e-09,-1.6334414889611971e-09,0.06484583499388902,7.806994551938561e-06
0.21300000000000002,89.998980476332,90.0,0.03313046576761613,-0.017788385135169428,-3.576517154523933e-05,2.3151569638227055e-06,12.000000000019373,9.310242657619772e-05,-0.00020807032429880418,-1.6143210075569825e-09,-1.6143210075569825e-09,0.06444721135974092,7.758535548003952e-06
0.2132,89.99898708204584,90.0,0.03292669618454588,-0.017688335453825657,-3.556707500201275e-05,2.300156562259271e-06,12.000000000019146,9.252424430200804e-05,-0.00020691786199509372,-1.5954099011377242e-09,-1.5954099011377242e-09,0.06405082751530819,7.710353691821701e-06
0.2134,89.9989936471204,90.0,0.03272407267090276,-0.017588751124053045,-3.536986500430858e-05,2.2852484453101157e-06,12.000000000018922,9.194937170488686e-05,-0.0002057705573295654,-1.5767061218156756e-09,-1.5767061218156756e-09,0.06365667306840704,7.662447642061823e-06
0.2136,89.99900017178435,90.0,0.03252258989631168,-0.01748963108924681,-3.5173540018540115e-05,2.2704320936793507e-06,12.000000000018698,9.137779273407039e-05,-0.00020462840138030252,-1.5582076374003595e-09,-1.5582076374003595e-09,0.06326473765009759,7.614816061160668e-06
0.21380000000000002,89.99900665626528,90.0,0.03232224254249723,-0.017390974279853644,-3.4978098478723036e-05,2.255706990497837e-06,12.000000000018478,9.080949138433737e-05,-0.00020349138503690937,-1.5399124313556371e-09,-1.5399124313556371e-09,0.06287501091497677,7.567457615349795e-06
0.21400000000000002,89.99901310078978,90.0,0.03212302530343213,-0.01729277961393439,-3.478353878776474e-05,2.2410726212942988e-06,12.000000000018261,9.024445169613995e-05,-0.00020235949900801215,-1.521818502787987e-09,-1.521818502787987e-09,0.062487482541467396,7.520370974666885e-06
0.2142,89.99901950558332,90.0,0.03192493288547918,-0.01719504599700688,-3.4589859317071985e-05,2.2265284740242103e-06,12.000000000018048,8.968265775614076e-05,-0.00020123273381897656,-1.5039238663660587e-09,-1.5039238663660587e-09,0.06210214223209406,7.47355481300049e-06
0.2144,89.99902587087035,90.0,0.03172796000753493,-0.017097772322957117,-3.439705840865587e-05,2.2120740390120185e-06,12.000000000017835,8.912409369712196e-05,-0.00020011107982415366,-1.4862265523378013e-09,-1.4862265523378013e-09,0.06171897971376273,7.427007808082458e-06
0.2146,89.99903219687425,90.0,0.03153210140116296,-0.017000957473159543,-3.4205134373051696e-05,2.1977088090378092e-06,12.000000000017625,8.856874369892408e-05,-0.00019899452719477834,-1.4687246063814177e-09,-1.4687246063814177e-09,0.061337984738019984,7.3807286415661665e-06
0.21480000000000002,89.99903848381734,90.0,0.031337351810737275,-0.01690460031845365,-3.401408549391483e-05,2.183432279192863e-06,12.000000000017417,8.801659198772184e-05,-0.00019788306594570676,-1.451416089716454e-09,-1.451416089716454e-09,0.060959147081331946,7.334715998966174e-06
0.215,89.99904473192089,90.0,0.031143705993563003,-0.016808699717536082,-3.382391002424042e-05,2.1692439470240996e-06,12.000000000017213,8.746762283735584e-05,-0.0001967766859134237,-1.4342990788862906e-09,-1.4342990788862906e-09,0.06058245654531906,7.288968569769197e-06
0.2152,89.99905094140516,90.0,0.03095115872001551,-0.016713254518931256,-3.363460619094603e-05,2.155143312389631e-06,12.000000000017009,8.692182056859837e-05,-0.0001956753767827028,-1.417371665864572e-09,-1.417371665864572e-09,0.060207902957026715,7.243485047372931e-06
0.2154,89.99905711248933,90.0,0.03075970477365706,-0.016618263559733237,-3.34461721919098e-05,2.14112987757432e-06,12.000000000016808,8.637916955026525e-05,-0.00019457912806937578,-1.4006319578686538e-09,-1.4006319578686538e-09,0.05983547616915221,7.198264129178688e-06
0.2156,89.99906324539153,90.0,0.030569338951367642,-0.016523725666854096,-3.3258606198865864e-05,2.1272031472031124e-06,12.000000000016609,8.5839654198884e-05,-0.00019348792913717678,-1.3840780773975365e-09,-1.3840780773975365e-09,0.059465166060299196,7.153304516563766e-06
0.21580000000000002,89.99906934032884,90.0,0.030380056063461818,-0.016429639656476626,-3.3071906356104524e-05,2.113362628298814e-06,12.000000000016414,8.530325897938445e-05,-0.00019240176919018057,-1.367708162108273e-09,-1.367708162108273e-09,0.059096962535205,7.108604914938982e-06
0.216,89.9990753975174,90.0,0.03019185093381152,-0.016336004335646824,-3.288607078417347e-05,2.099607830166532e-06,12.000000000016218,8.476996840453777e-05,-0.00019132063729433496,-1.3515203648795739e-09,-1.3515203648795739e-09,0.0587308555249795,7.064164033701933e-06
0.2162,89.99908141717219,90.0,0.030004718399950822,-0.016242818500999116,-3.270109757687922e-05,2.0859382645092376e-06,12.000000000016026,8.423976703604086e-05,-0.0001902445223600162,-1.3355128536224358e-09,-1.3355128536224358e-09,0.05836683498730892,7.019980586327363e-06
0.2164,89.99908739950723,90.0,0.029818653313195196,-0.016150080939633396,-3.251698480331658e-05,2.072353445369981e-06,12.000000000015836,8.371263948436892e-05,-0.0001891734131538357,-1.3196838112794767e-09,-1.3196838112794767e-09,0.05800489090668783,6.97605329035487e-06
0.21660000000000001,89.9990933447355,90.0,0.029633650538750823,-0.016057790429267707,-3.233373050820631e-05,2.0588528891318945e-06,12.00000000001565,8.318857040902687e-05,-0.00018810729830060448,-1.3040314357592707e-09,-1.3040314357592707e-09,0.057645013294631765,6.932380867409865e-06
0.21680000000000002,89.99909925306895,90.0,0.029449704955822165,-0.01596594573909888,-3.215133271388832e-05,2.0454361144604135e-06,12.000000000015461,8.266754451837524e-05,-0.00018704616629492887,-1.2885539399297941e-09,-1.2885539399297941e-09,0.05728719218988649,6.88896204318906e-06
0.217,89.9991051247185,90.0,0.02926681145770935,-0.015874545628872812,-3.196978941813099e-05,2.032102642389943e-06,12.00000000001528,8.214954657048655e-05,-0.00018599000548846605,-1.2732495514583612e-09,-1.2732495514583612e-09,0.056931417658617436,6.845795547531828e-06
0.2172,89.99911095989407,90.0,0.029084964951916713,-0.015783588849746476,-3.1789098596127346e-05,2.018851996266081e-06,12.000000000015097,8.163456137297324e-05,-0.00018493880410153687,-1.2581165128043494e-09,-1.2581165128043494e-09,0.05657767979462087,6.802880114405878e-06
0.2174,89.99911675880452,90.0,0.028904160360251258,-0.015693074144425424,-3.160925820079919e-05,2.0056837017456183e-06,12.000000000014918,8.11225737832144e-05,-0.00018389255022489538,-1.2431530811486657e-09,-1.2431530811486657e-09,0.05622596871951533,6.760214481926129e-06
0.21760000000000002,89.99912252165777,90.0,0.02872439261891931,-0.015603000248009313,-3.14302661647569e-05,1.9925972867387545e-06,12.00000000001474,8.061356870815606e-05,-0.00018285123183113026,-1.2283575283809737e-09,-1.2283575283809737e-09,0.055876274582929784,6.7177973923380866e-06
0.21780000000000002,89.99912824866067,90.0,0.02854565667861369,-0.015513365886692483,-3.125212039724618e-05,1.9795922815246636e-06,12.000000000014566,8.010753110535541e-05,-0.000181814836756902,-1.2137281409084136e-09,-1.2137281409084136e-09,0.05552858756267311,6.675627592104848e-06
0.218,89.99913394001905,90.0,0.028367947504615937,-0.015424169779327819,-3.107481878778623e-05,1.9666682186359297e-06,12.000000000014392,7.960444598237228e-05,-0.00018078335272410858,-1.1992632197017664e-09,-1.1992632197017664e-09,0.055182897864932946,6.633703831856401e-06
0.2182,89.99913959593779,90.0,0.02819126007688033,-0.015335410637188773,-3.089835920559859e-05,1.953824632887439e-06,12.00000000001422,7.910429839717343e-05,-0.00017975676733656272,-1.1849610801904905e-09,-1.1849610801904905e-09,0.05483919572443917,6.592024866423308e-06
0.2184,89.99914521662072,90.0,0.02801558939012076,-0.015247087164090664,-3.072273949987547e-05,1.9410610613763817e-06,12.000000000014051,7.860707345833223e-05,-0.00017873506808155286,-1.1708200521875156e-09,-1.1708200521875156e-09,0.054497471404632854,6.550589454853349e-06
0.21860000000000002,89.99915080227072,90.0,0.02784093045389617,-0.01515919805686524,-3.054795750087419e-05,1.928377043453356e-06,12.000000000013882,7.811275632501449e-05,-0.00017771824233621042,-1.1568384798418515e-09,-1.1568384798418515e-09,0.054157715197832516,6.509396360410344e-06
0.21880000000000002,89.99915635308962,90.0,0.027667278292690566,-0.015071742005117149,-3.0374011019333786e-05,1.9157721207512657e-06,12.000000000013717,7.762133220737319e-05,-0.0001767062773641155,-1.1430147215327135e-09,-1.1430147215327135e-09,0.05381991742538971,6.468444350607039e-06
0.219,89.99916186927827,90.0,0.02749462794599594,-0.014984717691339671,-3.0200897846731006e-05,1.9032458371853139e-06,12.000000000013554,7.713278636673932e-05,-0.00017569916031678654,-1.129347149792906e-09,-1.129347149792906e-09,0.053484068437850356,6.427732197221017e-06
0.2192,89.99916735103655,90.0,0.027322974468393685,-0.014898123792094292,-3.002861575802365e-05,1.8907977388663368e-06,12.00000000001339,7.664710411517658e-05,-0.00017469687824963993,-1.1158341513151282e-09,-1.1158341513151282e-09,0.0531501586151131,6.387258676257587e-06
0.2194,89.99917279856335,90.0,0.027152312929622526,-0.014811958977394901,-2.9857162510198995e-05,1.8784273741585826e-06,12.00000000001323,7.616427081605931e-05,-0.0001736994181135454,-1.1024741268147837e-09,-1.1024741268147837e-09,0.05281817836656152,6.347022567997945e-06
0.21960000000000002,89.99917821205655,90.0,0.026982638414653724,-0.014726221910457617,-2.9686535841675735e-05,1.8661342937086013e-06,12.00000000001307,7.568427188445629e-05,-0.0001727067667513465,-1.0892654909233373e-09,-1.0892654909233373e-09,0.05248811813121026,6.307022657031154e-06
0.21980000000000002,89.99918359171306,90.0,0.026813946023768867,-0.014640911249230448,-2.951673347586638e-05,1.8539180503296843e-06,12.000000000012914,7.520709278646638e-05,-0.00017171891091858566,-1.0762066722192607e-09,-1.0762066722192607e-09,0.05215996837785656,6.2672577321987865e-06
0.22,89.99918893772885,90.0,0.026646230872620125,-0.014556025645411615,-2.9347753118871674e-05,1.841778199088536e-06,12.00000000001276,7.473271903998959e-05,-0.000170735837270091,-1.0632961130624605e-09,-1.0632961130624605e-09,0.051833719605197316,6.227726586659177e-06
0.2202,89.99919425029884,90.0,0.026479488092302213,-0.0144715637449053,-2.917959246053344e-05,1.8297142972763825e-06,12.000000000012605,7.426113621468169e-05,-0.00016975753236610138,-1.0505322695411706e-09,-1.0505322695411706e-09,0.05150936234196913,6.18842801788364e-06
0.2204,89.99919952961704,90.0,0.026313712829418332,-0.014387524188268991,-2.9012249175468784e-05,1.8177259043800818e-06,12.000000000012456,7.379232993189523e-05,-0.00016878398267828324,-1.0379136114168532e-09,-1.0379136114168532e-09,0.05118688714707654,6.149360827651552e-06
0.22060000000000002,89.99920477587648,90.0,0.026148900246141943,-0.01430390561079976,-2.8845720923260975e-05,1.8058125820821245e-06,12.000000000012307,7.332628586482138e-05,-0.00016781517459084087,-1.0254386220408572e-09,-1.0254386220408572e-09,0.05086628460971225,6.110523822062182e-06
0.22080000000000002,89.99920998926919,90.0,0.02598504552027666,-0.01422070664261783,-2.868000534864427e-05,1.7939738942606323e-06,12.000000000012157,7.286298973862798e-05,-0.00016685109440159177,-1.0131057982708093e-09,-1.0131057982708093e-09,0.05054754534947359,6.07191581154618e-06
0.221,89.99921516998627,90.0,0.02582214384531579,-0.014137925909105037,-2.8515100082518506e-05,1.7822094069604704e-06,12.000000000012012,7.240242733038533e-05,-0.00016589172832786928,-1.000913650413213e-09,-1.000913650413213e-09,0.05023066001647833,6.033535610859405e-06
0.2212,89.99922031821787,90.0,0.025660190430496502,-0.014055562030269912,-2.8351002740455253e-05,1.7705186884510252e-06,12.000000000011866,7.194458446961274e-05,-0.00016493706249783168,-9.888607020861094e-10,-9.888607020861094e-10,0.0499156192914701,5.995382039128466e-06
0.2214,89.99922543415312,90.0,0.025499180500861602,-0.013973613621544425,-2.8187710924549617e-05,1.7589013091684257e-06,12.000000000011724,7.148944703799879e-05,-0.00016398708296123558,-9.76945490188476e-10,-9.76945490188476e-10,0.04960241388593849,5.957453919827412e-06
0.22160000000000002,89.99923051798028,90.0,0.025339109297311826,-0.01389207929456763,-2.80252222252431e-05,1.7473568416577632e-06,12.000000000011582,7.103700096909997e-05,-0.00016304177570004063,-9.651665648663657e-10,-9.651665648663657e-10,0.049291034542220835,5.919750080752617e-06
0.2218,89.99923556988661,90.0,0.025179972076649362,-0.01381095765582526,-2.786353421813553e-05,1.735884860688651e-06,12.000000000011443,7.058723224928416e-05,-0.00016210112660986235,-9.53522489322505e-10,-9.53522489322505e-10,0.04898147203358685,5.882269354101403e-06
0.222,89.99924059005843,90.0,0.025021764111636882,-0.01373024730815331,-2.770264446748982e-05,1.7244849431396648e-06,12.000000000011305,7.014012691702301e-05,-0.00016116512152036173,-9.420118398354133e-10,-9.420118398354133e-10,0.04867371716435346,5.845010576413078e-06
0.2222,89.99924557868113,90.0,0.024864480691039473,-0.013649946850085993,-2.754255052470024e-05,1.713156668056123e-06,12.000000000011166,6.969567106341012e-05,-0.00016023374618633413,-9.306332056208582e-10,-9.306332056208582e-10,0.048367760769966385,5.807972588612106e-06
0.22240000000000001,89.99925053593914,90.0,0.024708117119673818,-0.013570054876634971,-2.738324993010552e-05,1.7018996165923054e-06,12.000000000011031,6.92538508318524e-05,-0.00015930698629825727,-9.193851887967767e-10,-9.193851887967767e-10,0.04806359371709579,5.771154235982395e-06
0.22260000000000002,89.99925546201595,90.0,0.02455266871844862,-0.01349056997863525,-2.722474021145247e-05,1.6907133720692354e-06,12.0000000000109,6.881465241858482e-05,-0.00015838482747335315,-9.082664042455351e-10,-9.082664042455351e-10,0.047761206903714895,5.7345543682101935e-06
0.2228,89.99926035709416,90.0,0.0243981308244125,-0.013411490743877881,-2.7067018886535744e-05,1.6795975198880077e-06,12.000000000010768,6.837806207214806e-05,-0.00015746725527094528,-8.972754796031514e-10,-8.972754796031514e-10,0.04746059125919322,5.698171839340558e-06
0.223,89.99926522135537,90.0,0.02424449879078897,-0.013332815756448228,-2.691008346164459e-05,1.66855164758757e-06,12.000000000010637,6.794406609389046e-05,-0.00015655425518342243,-8.864110551210682e-10,-8.864110551210682e-10,0.04716173774436456,5.662005507819187e-06
0.2232,89.99927005498033,90.0,0.02409176798701861,-0.013254543597140171,-2.6753931432523825e-05,1.6575753448158326e-06,12.000000000010509,6.75126508378545e-05,-0.00015564581264182923,-8.756717836043945e-10,-8.756717836043945e-10,0.04686463735160907,5.626054236482948e-06
0.22340000000000002,89.99927485814878,90.0,0.023939933798797264,-0.013176672843509374,-2.659856028449163e-05,1.6466682033296678e-06,12.000000000010381,6.708380271086433e-05,-0.00015474191301655148,-8.650563303245906e-10,-8.650563303245906e-10,0.046569281104927474,5.590316892567191e-06
0.22360000000000002,89.99927963103961,90.0,0.023788991628112703,-0.013099202070635085,-2.6443967494214112e-05,1.6358298169371306e-06,12.000000000010255,6.665750817218864e-05,-0.00015384254162763996,-8.545633729804932e-10,-8.545633729804932e-10,0.04627566006001254,5.554792347677639e-06
0.2238,89.99928437383076,90.0,0.02363893689327333,-0.013022129850094365,-2.6290150527302117e-05,1.6250597815841283e-06,12.00000000001013,6.623375373423913e-05,-0.00015294768373082953,-8.441916015367919e-10,-8.441916015367919e-10,0.04598376530430477,5.519479477848601e-06
0.224,89.99928908669926,90.0,0.023489765028948107,-0.012945454751438906,-2.6137106841756827e-05,1.6143576952388613e-06,12.000000000010008,6.581252596181895e-05,-0.00015205732453758443,-8.339397182338466e-10,-8.339397182338466e-10,0.04569358795707015,5.484377163480339e-06
0.2242,89.99929376982124,90.0,0.023341471486189903,-0.01286917534116188,-2.5984833885550306e-05,1.6037231579784925e-06,12.000000000009885,6.5393811472809e-05,-0.00015117144920102264,-8.238064374262378e-10,-8.238064374262378e-10,0.045405119169445556,5.44948428939626e-06
0.22440000000000002,89.99929842337187,90.0,0.02319405173247063,-0.012793290183457462,-2.583332909839494e-05,1.5931557719313665e-06,12.000000000009766,6.497759693782697e-05,-0.0001502900428262101,-8.137904855435238e-10,-8.137904855435238e-10,0.045118350124507045,5.414799744814507e-06
0.22460000000000002,89.99930304752552,90.0,0.02304750125170742,-0.012717797840612721,-2.5682589912655067e-05,1.582655141248122e-06,12.000000000009646,6.45638690800768e-05,-0.00014941309047546405,-8.038906010249814e-10,-8.038906010249814e-10,0.04483327203732089,5.380322423335409e-06
0.2248,89.99930764245555,90.0,0.022901815544284596,-0.012642696871972432,-2.5532613750922967e-05,1.5722208721883588e-06,12.000000000009528,6.415261467603169e-05,-0.0001485405771542511,-7.941055341603717e-10,-7.941055341603717e-10,0.04454987615498622,5.346051222998396e-06
0.225,89.99931220833447,90.0,0.02275699012708739,-0.012567985835052005,-2.5383398028614802e-05,1.5618525730339707e-06,12.000000000009413,6.374382055487919e-05,-0.00014767248782628943,-7.844340470736825e-10,-7.844340470736825e-10,0.04426815375670065,5.311985046235765e-06
0.2252,89.99931674533391,90.0,0.022613020533522894,-0.012493663285921969,-2.5234940154865833e-05,1.5515498540602538e-06,12.000000000009297,6.333747359835839e-05,-0.00014680880741875702,-7.748749136570666e-10,-7.748749136570666e-10,0.04398809615380102,5.27812279985911e-06
0.22540000000000002,89.99932125362459,90.0,0.0224699023135367,-0.012419727778520717,-2.5087237530920736e-05,1.5413123275936863e-06,12.000000000009184,6.293356074122005e-05,-0.00014594952081292692,-7.654269194354388e-10,-7.654269194354388e-10,0.04370969468979577,5.244463395097657e-06
0.22560000000000002,89.99932573337631,90.0,0.022327631033637305,-0.012346177865043807,-2.4940287551039493e-05,1.5311396079830402e-06,12.000000000009074,6.253206897107179e-05,-0.00014509461284943742,-7.560888615020933e-10,-7.560888615020933e-10,0.04343294074041243,5.2110057475853755e-06
0.2258,89.99933018475804,90.0,0.02218620227691606,-0.012273012095971841,-2.479408760255905e-05,1.5210313115993793e-06,12.000000000008963,6.213298532842408e-05,-0.00014424406832865087,-7.468595484307975e-10,-7.468595484307975e-10,0.04315782571363642,5.177748777364806e-06
0.226,89.99933460793784,90.0,0.022045611643066912,-0.012200229020808567,-2.4648635067615397e-05,1.510987056778281e-06,12.000000000008853,6.173629690631385e-05,-0.00014339787202067208,-7.377378002329395e-10,-7.377378002329395e-10,0.042884341049749426,5.1446914088556915e-06
0.2262,89.9993390030829,90.0,0.021905854748397558,-0.012127827187385889,-2.4503927321516863e-05,1.5010064638776152e-06,12.000000000008743,6.134199085075181e-05,-0.00014255600865588477,-7.287224482235506e-10,-7.287224482235506e-10,0.04261247822135114,5.1118325708922595e-06
0.22640000000000002,89.99934337035953,90.0,0.021766927225848626,-0.01205580514260124,-2.4359961734464553e-05,1.4910891552197652e-06,12.000000000008637,6.095005436034501e-05,-0.00014171846293496037,-7.198123349786798e-10,-7.198123349786798e-10,0.04234222873339652,5.079171196691762e-06
0.22660000000000002,89.99934770993315,90.0,0.02162882472500449,-0.011984161431722087,-2.421673566992458e-05,1.4812347551494059e-06,12.000000000008532,6.0560474686743325e-05,-0.0001408852195193884,-7.110063142028442e-10,-7.110063142028442e-10,0.04207358412321689,5.046706223891689e-06
0.2268,89.99935202196836,90.0,0.021491542912111774,-0.011912894599832897,-2.4074246488007482e-05,1.4714428899179466e-06,12.000000000008427,6.017323913383865e-05,-0.00014005626305113657,-7.02303250730161e-10,-7.02303250730161e-10,0.04180653596055588,5.014436594483033e-06
0.227,89.99935630662887,90.0,0.021355077470081727,-0.011842003190417325,-2.3932491542153284e-05,1.4617131877990888e-06,12.000000000008324,5.97883350586137e-05,-0.00013923157813336583,-6.937020203476212e-10,-6.937020203476212e-10,0.04154107584757409,4.982361254881019e-06
0.2272,89.99936056407749,90.0,0.021219424098508292,-0.011771485746449296,-2.3791468181679033e-05,1.4520452790021572e-06,12.000000000008221,5.9405749870551095e-05,-0.00013841114934525086,-6.85201509774486e-10,-6.85201509774486e-10,0.04127719541888419,4.950479155875866e-06
0.22740000000000002,89.99936479447622,90.0,0.02108457851367418,-0.011701340810046187,-2.3651173750966964e-05,1.4424387957009892e-06,12.000000000008122,5.902547103185818e-05,-0.00013759496123725724,-6.768006165528234e-10,-6.768006165528234e-10,0.04101488634156277,4.91878925265152e-06
0.22760000000000002,89.99936899798621,90.0,0.02095053644856065,-0.011631566923193047,-2.3511605591155848e-05,1.4328933719761556e-06,12.000000000008022,5.864748605706778e-05,-0.00013678299834098107,-6.684982490034375e-10,-6.684982490034375e-10,0.040754140315169385,4.887290504752381e-06
0.2278,89.99937317476771,90.0,0.02081729365284908,-0.011562162627034231,-2.3372761038484753e-05,1.42340864387274e-06,12.000000000007923,5.8271782513463496e-05,-0.0001359752451595136,-6.602933260954021e-10,-6.602933260954021e-10,0.04049494907174957,4.855981876118752e-06
0.228,89.99937732498017,90.0,0.02068484589293043,-0.011493126462597161,-2.3234637425983322e-05,1.4139842493425599e-06,12.000000000007827,5.7898348020679854e-05,-0.00013517168617727462,-6.521847774024051e-10,-6.521847774024051e-10,0.04023730437585324,4.8248623350535075e-06
0.22820000000000001,89.99938144878217,90.0,0.02055318895190688,-0.01142445697043934,-2.3097232082646316e-05,1.4046198282730546e-06,12.00000000000773,5.752717025091684e-05,-0.00013437230585521028,-6.441715429946642e-10,-6.441715429946642e-10,0.0399811980245379,4.793930854239982e-06
0.22840000000000002,89.99938554633145,90.0,0.020422318629596994,-0.011356152691010845,-2.296054233428015e-05,1.3953150224583976e-06,12.000000000007635,5.715823692874097e-05,-0.000133577088635718,-6.362525733739121e-10,-6.362525733739121e-10,0.039726621847378726,4.763186410725384e-06
0.2286,89.99938961778493,90.0,0.0202922307425371,-0.011288212164656239,-2.2824565503507127e-05,1.3860694755994948e-06,12.000000000007542,5.679153583108845e-05,-0.00013278601894267097,-6.28426829387129e-10,-6.28426829387129e-10,0.039473567706471174,4.732627985921063e-06
0.2288,89.99939366329865,90.0,0.02016292112398249,-0.011220633931971521,-2.2689298910599694e-05,1.3768828332750964e-06,12.000000000007448,5.6427054787057134e-05,-0.00013199908118627176,-6.206932821611947e-10,-6.206932821611947e-10,0.03922202749643338,4.702254565585176e-06
0.229,89.99939768302788,90.0,0.02003438562390459,-0.011153416533444902,-2.255473987264115e-05,1.3677547429706843e-06,12.000000000007358,5.606478167811073e-05,-0.00013121625975816943,-6.130509129962937e-10,-6.130509129962937e-10,0.03897199314440058,4.672065139839696e-06
0.22920000000000001,89.99940167712701,90.0,0.019906620108992145,-0.011086558509813757,-2.242088570435994e-05,1.358684854049585e-06,12.000000000007265,5.570470443787088e-05,-0.00013043753903631326,-6.054987133013898e-10,-6.054987133013898e-10,0.03872345661002753,4.642058703153097e-06
0.22940000000000002,89.99940564574963,90.0,0.01977962046264849,-0.011020058402060762,-2.2287733718121092e-05,1.3496728177529678e-06,12.000000000007176,5.534681105211068e-05,-0.00012966290338490297,-5.980356845090012e-10,-5.980356845090012e-10,0.03847640988548307,4.612234254339799e-06
0.2296,89.99940958904851,90.0,0.019653382584988548,-0.010953914751765019,-2.215528122474762e-05,1.340718287170955e-06,12.000000000007088,5.4991089558537055e-05,-0.0001288923371591673,-5.906608380103947e-10,-5.906608380103947e-10,0.03823084499544437,4.582590796542048e-06
0.2298,89.99941350717559,90.0,0.01952790239283223,-0.010888126100737564,-2.2023525532669563e-05,1.3318209172715129e-06,12.000000000007,5.4637528046986384e-05,-0.00012812582470041347,-5.833731950506681e-10,-5.833731950506681e-10,0.03798675399708407,4.553127337246209e-06
0.23,89.99941740028201,90.0,0.019403175819701756,-0.010822690991728149,-2.18924639495768e-05,1.3229803648426707e-06,12.000000000006914,5.428611465899665e-05,-0.00012736335034564257,-5.761717866844608e-10,-5.761717866844608e-10,0.03774412898006505,4.523842888247115e-06
0.23020000000000002,89.99942126851809,90.0,0.019279198815810878,-0.010757607967699659,-2.1762093780724647e-05,1.3141962885503007e-06,12.000000000006828,5.393683758820434e-05,-0.00012660489841769237,-5.69055653651858e-10,-5.69055653651858e-10,0.0375029620665195,4.494736465681137e-06
0.23040000000000002,89.99942511203331,90.0,0.01915596734806241,-0.01069287557217994,-2.1632412329756814e-05,1.3054683489092297e-06,12.000000000006743,5.3589685080127886e-05,-0.00012585045323002463,-5.620238463153828e-10,-5.620238463153828e-10,0.03726324541104405,4.465807090008147e-06
0.2306,89.9994289309764,90.0,0.019033477400041847,-0.010628492350318701,-2.1503416901177372e-05,1.296796208196567e-06,12.000000000006661,5.32446454315205e-05,-0.00012509999910110658,-5.550754246348546e-10,-5.550754246348546e-10,0.037024971200687457,4.437053785957578e-06
0.2308,89.99943272549528,90.0,0.018911724971998813,-0.010564456847440536,-2.1375104796971242e-05,1.2881795305672655e-06,12.00000000000658,5.290170699117086e-05,-0.00012435352033474971,-5.482094580054941e-10,-5.482094580054941e-10,0.03678813165491442,4.408475582595155e-06
0.231,89.99943649573703,90.0,0.018790706080845012,-0.010500767610107858,-2.1247473319089497e-05,1.2796179819674517e-06,12.000000000006498,5.2560858159265876e-05,-0.00012361100123456871,-5.414250252342907e-10,-5.414250252342907e-10,0.03655271902560168,4.380071513269784e-06
0.23120000000000002,89.99944024184795,90.0,0.018670416760140186,-0.010437423185746022,-2.1120519768575447e-05,1.2711112301633163e-06,12.000000000006416,5.222208738756918e-05,-0.00012287242609889713,-5.347212144379843e-10,-5.347212144379843e-10,0.03631872559701061,4.351840615628438e-06
0.23140000000000002,89.99944396397359,90.0,0.018550853060082056,-0.010374422123339853,-2.099424144719476e-05,1.2626589446833323e-06,12.000000000006338,5.188538317897639e-05,-0.00012213777923027094,-5.280971229990404e-10,-5.280971229990404e-10,0.036086143685767735,4.323781931579082e-06
0.2316,89.99944766225867,90.0,0.018432011047488643,-0.010311762972698372,-2.086863565571964e-05,1.2542607968760371e-06,12.00000000000626,5.155073408789599e-05,-0.00012140704492544654,-5.215518574454727e-10,-5.215518574454727e-10,0.03585496564083027,4.295894507322425e-06
0.2318,89.99945133684713,90.0,0.01831388680578872,-0.010249444284796773,-2.0743699694729972e-05,1.2459164598811416e-06,12.000000000006182,5.121812872001672e-05,-0.0001206802074800614,-5.150845333890771e-10,-5.150845333890771e-10,0.03562518384346764,4.268177393332528e-06
0.232,89.99945498788213,90.0,0.018196476435008574,-0.010187464612113204,-2.0619430865402984e-05,1.2376256086006401e-06,12.000000000006104,5.088755573206611e-05,-0.00011995725119322818,-5.086942754631456e-10,-5.086942754631456e-10,0.03539679070723562,4.2406296443366855e-06
0.23220000000000002,89.99945861550607,90.0,0.01807977605175483,-0.010125822508960033,-2.0495826470290743e-05,1.2293879196699215e-06,12.000000000006029,5.055900383156018e-05,-0.00011923816037205792,-5.023802172596696e-10,-5.023802172596696e-10,0.035169778677942985,4.213250319294565e-06
0.23240000000000002,89.99946221986056,90.0,0.017963781789193257,-0.010064516530388472,-2.0372883810763016e-05,1.2212030715444369e-06,12.000000000005954,5.023246177738727e-05,-0.00011852291931678339,-4.961415011934768e-10,-4.961415011934768e-10,0.03494414023361027,4.186038481446862e-06
0.2326,89.99946580108642,90.0,0.017848489797040533,-0.010003545233242872,-2.0250600189473554e-05,1.2130707444130317e-06,12.00000000000588,4.990791837915652e-05,-0.00011781151233510719,-4.899772784785533e-10,-4.899772784785533e-10,0.034719867884453776,4.158993198261005e-06
0.2328,89.99946935932374,90.0,0.01773389624154359,-0.00994290717648717,-2.0128972911126833e-05,1.204990620169056e-06,12.000000000005807,4.958536249693947e-05,-0.00011710392374666234,-4.838867090657834e-10,-4.838867090657834e-10,0.03449695417284534,4.132113541409623e-06
0.233,89.99947289471181,90.0,0.017619997305455416,-0.009882600920105272,-2.0007999279911635e-05,1.1969623824970324e-06,12.000000000005734,4.926478304184703e-05,-0.0001164001378680818,-4.77868961509116e-10,-4.77868961509116e-10,0.03427539167326529,4.105398586818624e-06
0.23320000000000002,89.99947640738918,90.0,0.017506789188023435,-0.009822625026150653,-1.9887676601956853e-05,1.1889857167859877e-06,12.000000000005663,4.8946168975370156e-05,-0.00011570013902728539,-4.719232129417214e-10,-4.719232129417214e-10,0.034055172992279864,4.078847414612255e-06
0.23340000000000002,89.99947989749366,90.0,0.017394268104965648,-0.009762978058713043,-1.9768002185257825e-05,1.1810603101294531e-06,12.000000000005592,4.8629509309324964e-05,-0.00011500391156305137,-4.660486489967988e-10,-4.660486489967988e-10,0.03383629076849476,4.052459109108526e-06
0.2336,89.99948336516223,90.0,0.017282430288447455,-0.009703658583175515,-1.964897333794356e-05,1.1731858513832429e-06,12.000000000005523,4.8314793106221145e-05,-0.00011431143981493562,-4.602444636941936e-10,-4.602444636941936e-10,0.03361873767251006,4.026232758849909e-06
0.2338,89.99948681053121,90.0,0.017171271987066895,-0.00964466516725971,-1.9530587370722946e-05,1.1653620310787854e-06,12.000000000005453,4.8002009478595445e-05,-0.00011362270813750292,-4.5450985941646834e-10,-4.5450985941646834e-10,0.03340250640689153,4.000167456547802e-06
0.234,89.99949023373613,90.0,0.01706078946582763,-0.009585996380988077,-1.9412841596801187e-05,1.1575885414231232e-06,12.000000000005386,4.769114758894954e-05,-0.00011293770089984086,-4.48844046830711e-10,-4.48844046830711e-10,0.033187589706118084,3.974262299077344e-06
0.23420000000000002,89.99949363491173,90.0,0.016950979006112886,-0.00952765079558172,-1.9295733329307737e-05,1.1498650763855825e-06,12.000000000005318,4.7382196650322614e-05,-0.00011225640247059631,-4.432462447597665e-10,-4.432462447597665e-10,0.03297398033653102,3.948516387525135e-06
0.23440000000000003,89.9994970141921,90.0,0.016841836905671682,-0.009469626985217486,-1.917925988540651e-05,1.142191331553324e-06,12.000000000005253,4.7075145925205444e-05,-0.00011157879724188736,-4.377156801932049e-10,-4.377156801932049e-10,0.032761671096307295,3.922928827098737e-06
0.2346,89.99950037171052,90.0,0.016733359478584776,-0.009411923525914634,-1.9063418583699075e-05,1.134567004218011e-06,12.000000000005187,4.676998472609468e-05,-0.00011090486961419589,-4.322515881586018e-10,-4.322515881586018e-10,0.0325506548153933,3.8974987271728715e-06
0.2348,89.99950370759957,90.0,0.016625543055243892,-0.009354538995505812,-1.8948206744160463e-05,1.1269917933758126e-06,12.000000000005123,4.646670241544497e-05,-0.00011023460399599416,-4.2685321164700786e-10,-4.2685321164700786e-10,0.032340924355464394,3.8722252012854274e-06
0.23500000000000001,89.99950702199108,90.0,0.016518383982330572,-0.009297471975028615,-1.883362169139609e-05,1.119465399611841e-06,12.000000000005059,4.616528840477697e-05,-0.00010956798482269253,-4.215198016056412e-10,-4.215198016056412e-10,0.03213247260988377,3.847107367063126e-06
0.23520000000000002,89.99951031501614,90.0,0.01641187862277998,-0.009240721046898707,-1.8719660750377222e-05,1.111987525244602e-06,12.000000000004995,4.586573215564833e-05,-0.00010890499653182972,-4.1625061677821946e-10,-4.1625061677821946e-10,0.0319252925036321,3.8221443463024364e-06
0.2354,89.99951358680515,90.0,0.016306023355764553,-0.009184284796663313,-1.8606321250543167e-05,1.104557874181547e-06,12.000000000004931,4.556802317856184e-05,-0.00010824562358693817,-4.110449237154543e-10,-4.110449237154543e-10,0.031719376993275664,3.797335264878593e-06
0.2356,89.99951683748776,90.0,0.016200814576658704,-0.00912816181224144,-1.8493600524031314e-05,1.09717615197685e-06,12.00000000000487,4.5272151033305934e-05,-0.00010758985046724681,-4.0590199666683517e-10,-4.0590199666683517e-10,0.03151471906689775,3.7726792527739632e-06
0.2358,89.99952006719292,90.0,0.016096248697011182,-0.009072350683529979,-1.8381495904761027e-05,1.0898420658602998e-06,12.00000000000481,4.4978105329101956e-05,-0.00010693766166235159,-4.008211174912658e-10,-4.008211174912658e-10,0.03131131174404483,3.748175444090327e-06
0.23600000000000002,89.99952327604883,90.0,0.015992322144522828,-0.009016850003438475,-1.8270004730856772e-05,1.0825553246506295e-06,12.00000000000475,4.4685875723920486e-05,-0.00010628904168631233,-3.9580157563393975e-10,-3.9580157563393975e-10,0.031109148075683334,3.7238229769919e-06
0.23620000000000002,89.99952646418303,90.0,0.015889031363011744,-0.008961658367485206,-1.8159124343709862e-05,1.0753156387844062e-06,12.00000000000469,4.4395451924611995e-05,-0.0001056439750721944,-3.908426680367235e-10,-3.908426680367235e-10,0.03090822114413187,3.6996209937162205e-06
0.2364,89.9995296317223,90.0,0.015786372812383643,-0.008906774373400542,-1.8048852087056428e-05,1.0681227203449212e-06,12.000000000004633,4.4106823687049585e-05,-0.00010500244636670453,-3.859436990502774e-10,-3.859436990502774e-10,0.03070852406300358,3.675568640586046e-06
0.2366,89.99953277879274,90.0,0.015684342968606428,-0.008852196622157235,-1.7939185309390522e-05,1.0609762829755198e-06,12.000000000004572,4.381998081543791e-05,-0.00010436444014422949,-3.8110398041102595e-10,-3.8110398041102595e-10,0.03051004997715662,3.651665067951768e-06
0.2368,89.99953590551974,90.0,0.015582938323673112,-0.008797923717208118,-1.783012136218849e-05,1.0538760419373826e-06,12.000000000004515,4.353491316264959e-05,-0.00010372994099650612,-3.7632283113733e-10,-3.7632283113733e-10,0.03031279206262211,3.6279094302194338e-06
0.23700000000000002,89.99953901202798,90.0,0.015482155385573345,-0.008743954264446348,-1.7721657599821048e-05,1.0468217141095231e-06,12.000000000004459,4.3251610630159734e-05,-0.00010309893353210976,-3.7159957745948947e-10,-3.7159957745948947e-10,0.030116743526548702,3.6043008858453055e-06
0.23720000000000002,89.99954209844145,90.0,0.015381990678265635,-0.008690286873232426,-1.7613791381959146e-05,1.03981301790212e-06,12.000000000004402,4.2970063167349495e-05,-0.00010247140239045084,-3.6693355279691214e-10,-3.6693355279691214e-10,0.029921897607148543,3.580838597277811e-06
0.2374,89.99954516488349,90.0,0.015282440741637366,-0.008636920155627843,-1.750652007178941e-05,1.0328496733142964e-06,12.000000000004349,4.2690260771835806e-05,-0.00010184733223139283,-3.6232409765603185e-10,-3.6232409765603185e-10,0.029728247573619526,3.557521730985028e-06
0.2376,89.99954821147666,90.0,0.015183502131474161,-0.008583852726352287,-1.7399841035919457e-05,1.0259314019341197e-06,12.000000000004293,4.2412193489400866e-05,-0.00010122670773470145,-3.577705595614711e-10,-3.577705595614711e-10,0.029535786726085665,3.5343494574488075e-06
0.2378,89.99955123834292,90.0,0.015085171419429296,-0.008531083203451487,-1.7293751645944588e-05,1.019057926880821e-06,12.000000000004238,4.213585141350015e-05,-0.00010060951360915918,-3.532722930182129e-10,-3.532722930182129e-10,0.029344508395537604,3.5113209511237723e-06
0.23800000000000002,89.99955424560349,90.0,0.014987445192985609,-0.008478610207533491,-1.7188249276669035e-05,1.012228972862577e-06,12.000000000004185,4.1861224685596474e-05,-9.999573458221702e-05,-3.488286594121663e-10,-3.488286594121663e-10,0.029154405943758538,3.4884353904651564e-06
0.23820000000000002,89.99955723337892,90.0,0.014890320055426154,-0.008426432362438223,-1.7083331307676418e-05,1.0054442661187275e-06,12.000000000004132,4.1588303494670776e-05,-9.938535540913092e-05,-3.4443902697326944e-10,-3.4443902697326944e-10,0.02896547276326711,3.465691957888038e-06
0.2384,89.99956020178912,90.0,0.014793792625797242,-0.008374548295541157,-1.6978995124046184e-05,9.987035343908883e-07,12.000000000004082,4.1317078076926256e-05,-9.87783608771298e-05,-3.401027707224818e-10,-3.401027707224818e-10,0.02877770227724552,3.4430898397426834e-06
0.2386,89.99956315095328,90.0,0.014697859538867956,-0.008322956636630966,-1.687523811373685e-05,9.920065070096187e-07,12.000000000004029,4.1047538716327815e-05,-9.817473579019208e-05,-3.3581927235931757e-10,-3.3581927235931757e-10,0.028591087939460767,3.420628226359503e-06
0.2388,89.99956608098991,90.0,0.01460251744510248,-0.008271656018936716,-1.677205766999228e-05,9.853529148077529e-07,12.000000000003979,4.0779675743905876e-05,-9.757446498304465e-05,-3.315879202410283e-10,-3.315879202410283e-10,0.028405623234210833,3.3983063119910297e-06
0.23900000000000002,89.99956899201689,90.0,0.014507763010620654,-0.008220645078717503,-1.6669451190389245e-05,9.78742490149289e-07,12.00000000000393,4.051347953787646e-05,-9.697753331562184e-05,-3.2740810930124095e-10,-3.2740810930124095e-10,0.02822130167624795,3.3761232948219326e-06
0.23920000000000002,89.99957188415144,90.0,0.014413592917163404,-0.008169922455924742,-1.656741607839182e-05,9.721749668716111e-07,12.00000000000388,4.0248940523140006e-05,-9.638392568210847e-05,-3.23279241013723e-10,-3.23279241013723e-10,0.02803811681071134,3.3540783769272496e-06
0.2394,89.99957475751008,90.0,0.014320003862050323,-0.008119486793432381,-1.646594974155922e-05,9.656500803432666e-07,12.00000000000383,3.9986049171605474e-05,-9.579362700051357e-05,-3.1920072329731226e-10,-3.1920072329731226e-10,0.027856062213044718,3.3321707642993926e-06
0.2396,89.99957761220867,90.0,0.014226992558146296,-0.008069336737345584,-1.6365049592273305e-05,9.591675674350779e-07,12.000000000003782,3.972479600190274e-05,-9.520662221690271e-05,-3.1517197046629075e-10,-3.1517197046629075e-10,0.027675131488931352,3.310399666824185e-06
0.2398,89.99958044836247,90.0,0.014134555733824517,-0.008019470937659624,-1.626471304928545e-05,9.527271664623624e-07,12.000000000003734,3.9465171578875845e-05,-9.462289631439737e-05,-3.111924031947257e-10,-3.111924031947257e-10,0.027495318274222132,3.2887642982386304e-06
0.24000000000000002,89.99958326608603,90.0,0.014042690132921816,-0.007969888047131703,-1.6164937535086928e-05,9.46328617271602e-07,12.000000000003688,3.9207166514112766e-05,-9.404243429787643e-05,-3.0726144840901816e-10,-3.0726144840901816e-10,0.027316616234848656,3.26726387617506e-06
0.24020000000000002,89.99958606549329,90.0,0.013951392514707124,-0.007920586721947474,-1.6065720477472624e-05,9.399716611826631e-07,12.000000000003642,3.895077146545118e-05,-9.346522120307361e-05,-3.0337853925397144e-10,-3.0337853925397144e-10,0.027139019066761923,3.2458976221199464e-06
0.2404,89.99958884669749,90.0,0.013860659653842216,-0.007871565622021463,-1.59670593102503e-05,9.336560409599071e-07,12.000000000003595,3.8695977136677325e-05,-9.289124210070355e-05,-2.995431150437755e-10,-2.995431150437755e-10,0.026962520495855916,3.2246647613888108e-06
0.2406,89.99959160981129,90.0,0.013770488340338945,-0.007822823410226856,-1.586895147144749e-05,9.2738150086997e-07,12.00000000000355,3.8442774277849344e-05,-9.23204820860302e-05,-2.957546211712036e-10,-2.957546211712036e-10,0.026787114277884445,3.2035645231531646e-06
0.24080000000000001,89.99959435494665,90.0,0.013680875379525373,-0.007774358753769267,-1.5771394406529075e-05,9.211477865662027e-07,12.000000000003503,3.819115368437595e-05,-9.175292629758563e-05,-2.920125091017741e-10,-2.920125091017741e-10,0.02661279419839526,3.1825961403637335e-06
0.24100000000000002,89.99959708221496,90.0,0.013591817591996309,-0.0077261703226965996,-1.5674385564922257e-05,9.14954645204231e-07,12.00000000000346,3.794110619774608e-05,-9.118855989695337e-05,-2.883162362557366e-10,-2.883162362557366e-10,0.026439554072633834,3.1617588498112615e-06
0.2412,89.99959979172691,90.0,0.013503311813580393,-0.007678256790918905,-1.5577922402406653e-05,9.088018253552854e-07,12.000000000003416,3.769262270482064e-05,-9.062736808267332e-05,-2.846652659891781e-10,-2.846652659891781e-10,0.026267387745479317,3.1410518920674927e-06
0.2414,89.9996024835926,90.0,0.01341535489529627,-0.00763061683579191,-1.548200238014831e-05,9.02689077035091e-07,12.000000000003372,3.7445694137942504e-05,-9.006933608462189e-05,-2.810590675192793e-10,-2.810590675192793e-10,0.026096289091359307,3.120474511494332e-06
0.2416,89.99960515792148,90.0,0.013327943703312889,-0.007583249138416858,-1.538662296540767e-05,8.966161516749786e-07,12.000000000003329,3.720031147463439e-05,-8.951444916813075e-05,-2.7749711587782226e-10,-2.7749711587782226e-10,0.02592625201417259,3.1000259562186727e-06
0.24180000000000001,89.9996078148224,90.0,0.013241075118906705,-0.007536152383580758,-1.529178163140743e-05,8.905828021218829e-07,12.000000000003288,3.695646573750041e-05,-8.896269263321798e-05,-2.7397889185119995e-10,-2.7397889185119995e-10,0.02575727044720594,3.0797054781241904e-06
0.24200000000000002,89.99961045440355,90.0,0.013154746038419436,-0.007489325259342127,-1.5197475856371446e-05,8.845887826672343e-07,12.000000000003247,3.6714147994339725e-05,-8.841405180899695e-05,-2.7050388190782127e-10,-2.7050388190782127e-10,0.025589338353051886,3.059512332860816e-06
0.2422,89.99961307677255,90.0,0.0130689533732206,-0.007442766457689209,-1.5103703125070179e-05,8.786338489891778e-07,12.000000000003205,3.647334935763871e-05,-8.786851206266693e-05,-2.6707157816639054e-10,-2.6707157816639054e-10,0.02542244972353586,3.0394457798024144e-06
0.2424,89.99961568203634,90.0,0.012983694049662459,-0.007396474674121829,-1.5010460927851004e-05,8.727177581814634e-07,12.000000000003165,3.6234060984678156e-05,-8.732605879387199e-05,-2.636814783239928e-10,-2.636814783239928e-10,0.025256598579628583,3.0195050820557166e-06
0.2426,89.99961827030128,90.0,0.012898965009039873,-0.007350448608305849,-1.4917746762175325e-05,8.668402686956663e-07,12.000000000003123,3.599627407701922e-05,-8.678667744364332e-05,-2.603330856245361e-10,-2.603330856245361e-10,0.025091778971367922,2.9996895064174874e-06
0.24280000000000002,89.99962084167318,90.0,0.012814763207542535,-0.007304686963651218,-1.4825558131640478e-05,8.610011403700766e-07,12.000000000003084,3.575997988060439e-05,-8.625035348870896e-05,-2.5702590878753807e-10,-2.5702590878753807e-10,0.024927984977765986,2.9799983233829337e-06
0.24300000000000002,89.99962339625712,90.0,0.012731085616212147,-0.007259188446896901,-1.4733892545016905e-05,8.552001344585896e-07,12.000000000003045,3.552516968586991e-05,-8.57170724358925e-05,-2.5375946193835925e-10,-2.5375946193835925e-10,0.024765210706725865,2.960430807155075e-06
0.2432,89.99962593415768,90.0,0.012647929220904281,-0.007213951768768177,-1.4642747517791517e-05,8.494370135729254e-07,12.000000000003006,3.5291834827236235e-05,-8.518681983109171e-05,-2.5053326457797233e-10,-2.5053326457797233e-10,0.024603450294967372,2.940986235602283e-06
0.2434,89.99962845547878,90.0,0.012565291022242707,-0.007168975643912862,-1.4552120572026595e-05,8.437115416826295e-07,12.000000000002968,3.505996668300307e-05,-8.465958125845785e-05,-2.4734684152648243e-10,-2.4734684152648243e-10,0.024442697907938255,2.9216638902495334e-06
0.2436,89.99963096032377,90.0,0.012483168035574447,-0.007124258790838559,-1.4462009236221024e-05,8.380234841150722e-07,12.000000000002931,3.4829556675245994e-05,-8.41353423395882e-05,-2.441997228672663e-10,-2.441997228672663e-10,0.02428294773972674,2.9024630562697906e-06
0.24380000000000002,89.99963344879538,90.0,0.012401557290925532,-0.007079799931850881,-1.43724110451736e-05,8.323726075554493e-07,12.000000000002892,3.4600596269714594e-05,-8.361408873273096e-05,-2.410914438917182e-10,-2.410914438917182e-10,0.02412419401297547,2.883383022475521e-06
0.24400000000000002,89.9996359209958,90.0,0.012320455832957704,-0.007035597793348262,-1.4283323540679901e-05,8.267586800178919e-07,12.000000000002856,3.437307697552212e-05,-8.309580613683936e-05,-2.3802154505699686e-10,-2.3802154505699686e-10,0.02396643097879728,2.864423081292828e-06
0.2442,89.99963837702656,90.0,0.012239860720921281,-0.00699165110540087,-1.4194744270556101e-05,8.211814708743557e-07,12.00000000000282,3.414699034524789e-05,-8.258048028589252e-05,-2.349895719189702e-10,-2.349895719189702e-10,0.02380965291668351,2.8455825287699886e-06
0.2444,89.99964081698863,90.0,0.012159769028613307,-0.006947958601692201,-1.41066707885098e-05,8.156407508546219e-07,12.000000000002785,3.3922327974840996e-05,-8.206809694814399e-05,-2.3199507507877847e-10,-2.3199507507877847e-10,0.0236538541344226,2.826860664569427e-06
0.2446,89.99964324098244,90.0,0.01208017784433598,-0.006904519020526804,-1.4019100656503217e-05,8.101362919596274e-07,12.00000000000275,3.3699081502892194e-05,-8.155864193987004e-05,-2.2903761016635437e-10,-2.2903761016635437e-10,0.023499028968019215,2.8082567919070392e-06
0.24480000000000002,89.99964564910778,90.0,0.012001084270843862,-0.006861331104046059,-1.393203144292909e-05,8.046678675192439e-07,12.000000000002714,3.347724261093413e-05,-8.105210111475768e-05,-2.2611673776200776e-10,-2.2611673776200776e-10,0.02334517178159154,2.789770217577213e-06
0.24500000000000002,89.99964804146387,90.0,0.0119224854253,-0.006818393597811641,-1.3845460721644584e-05,7.992352522211683e-07,12.000000000002679,3.325680302355124e-05,-8.054846035828418e-05,-2.2323202333209872e-10,-2.2323202333209872e-10,0.023192276967285964,2.7714002519619846e-06
0.2452,89.99965041814939,90.0,0.011844378439236542,-0.006775705251816325,-1.3759386074341313e-05,7.938382220242533e-07,12.000000000002643,3.303775450765668e-05,-8.004770560150515e-05,-2.2038303721359327e-10,-2.2038303721359327e-10,0.023040338945200432,2.7531462089707835e-06
0.2454,89.9996527792624,90.0,0.011766760458504118,-0.006733264820058045,-1.3673805089558453e-05,7.884765541873963e-07,12.000000000002611,3.282008887258668e-05,-7.95498228153131e-05,-2.1756935454971092e-10,-2.1756935454971092e-10,0.02288935216328599,2.735007406048295e-06
0.2456,89.99965512490046,90.0,0.011689628643226035,-0.006691071060475947,-1.3588715362541296e-05,7.831500272695408e-07,12.000000000002577,3.260379796999526e-05,-7.905479800961457e-05,-2.1479055523864197e-10,-2.1479055523864197e-10,0.022739311097257693,2.7169831641656884e-06
0.24580000000000002,89.99965745516049,90.0,0.01161298016775295,-0.006649122735242367,-1.350411449593181e-05,7.778584211007851e-07,12.000000000002544,3.238887369353903e-05,-7.856261723734763e-05,-2.1204622389448042e-10,-2.1204622389448042e-10,0.022590210250506417,2.699072807794347e-06
0.24600000000000002,89.99965977013888,90.0,0.01153681222061459,-0.006607418610340133,-1.342000009878891e-05,7.726015168112732e-07,12.000000000002512,3.2175307978977034e-05,-7.807326658878207e-05,-2.0933594978485955e-10,-2.0933594978485955e-10,0.022442044154004942,2.6812756649141915e-06
0.2462,89.99966206993145,90.0,0.011461122004475938,-0.0065659574558566865,-1.333636978728379e-05,7.673790968023047e-07,12.00000000000248,3.196309280385911e-05,-7.758673219556464e-05,-2.0665932679287363e-10,-2.0665932679287363e-10,0.022294807366222736,2.663591066987709e-06
0.2464,89.9996643546335,90.0,0.01138590673609029,-0.006524738046273796,-1.3253221185385457e-05,7.621909447174442e-07,12.000000000002448,3.175222018720712e-05,-7.710300023470727e-05,-2.0401595337885068e-10,-2.0401595337885068e-10,0.022148494473034627,2.646018348933387e-06
0.2466,89.99966662433971,90.0,0.011311163646248953,-0.006483759159686764,-1.31705519230442e-05,7.570368455003021e-07,12.000000000002416,3.154268218982084e-05,-7.662205691801911e-05,-2.0140543250791279e-10,-2.0140543250791279e-10,0.022003100087622962,2.6285568491512074e-06
0.24680000000000002,89.99966887914424,90.0,0.01123688997973979,-0.006443019578457118,-1.308835963772477e-05,7.519165853367541e-07,12.000000000002386,3.1334470913761e-05,-7.614388850102601e-05,-1.9882737162463214e-10,-1.9882737162463214e-10,0.021858618850396958,2.611205909479564e-06
0.24700000000000003,89.99967111914073,90.0,0.011163082995298486,-0.006402518089499817,-1.3006641975086386e-05,7.468299516260518e-07,12.000000000002355,3.112757850202628e-05,-7.566848128692663e-05,-1.9628138261562108e-10,-1.9628138261562108e-10,0.02171504542889791,2.5939648751683476e-06
0.2472,89.9996733444222,90.0,0.01108973996555622,-0.006362253483144382,-1.292539658632942e-05,7.41776733067492e-07,12.000000000002325,3.0921997139065535e-05,-7.519582161115627e-05,-1.937670817274505e-10,-1.937670817274505e-10,0.02157237451769738,2.5768330949216286e-06
0.2474,89.99967555508121,90.0,0.0110168581770007,-0.006322224554501564,-1.2844621131397319e-05,7.367567195448571e-07,12.000000000002295,3.071771904984476e-05,-7.472589586001464e-05,-1.912840895646207e-10,-1.912840895646207e-10,0.021430600838321445,2.559809920819907e-06
0.24760000000000001,89.99967775120972,90.0,0.01094443492992134,-0.0062824301023209975,-1.276431327631559e-05,7.317697022130851e-07,12.000000000002267,3.0514736500353512e-05,-7.425869045518495e-05,-1.8883203100840477e-10,-1.8883203100840477e-10,0.02128971913914399,2.5428947083623125e-06
0.24780000000000002,89.99967993289917,90.0,0.010872467538367521,-0.0062428689299987225,-1.2684470695554572e-05,7.268154734116002e-07,12.000000000002238,3.031304179687638e-05,-7.379419186747974e-05,-1.864105352037676e-10,-1.864105352037676e-10,0.021149724195305565,2.526086816405894e-06
0.248,89.99968210024046,90.0,0.010800953330095515,-0.006203539844792555,-1.2605091070204428e-05,7.218938267220912e-07,12.000000000002208,3.0112627286292604e-05,-7.333238660622354e-05,-1.8401923549059325e-10,-1.8401923549059325e-10,0.021010610808610126,2.5093856071905884e-06
0.2482,89.99968425332398,90.0,0.010729889646524162,-0.006164441658470709,-1.2526172089499297e-05,7.170045569107334e-07,12.000000000002181,2.9913485355552396e-05,-7.287326122811995e-05,-1.8165776937985953e-10,-1.8165776937985953e-10,0.020872373807438793,2.4927904462955797e-06
0.2484,89.99968639223954,90.0,0.010659273842683222,-0.006125573186529172,-1.244771144899672e-05,7.121474599859673e-07,12.000000000002153,2.971560843197989e-05,-7.24168023266601e-05,-1.7932577848622798e-10,-1.7932577848622798e-10,0.020735008046649416,2.4763007026645466e-06
0.24860000000000002,89.99968851707648,90.0,0.010589103287170701,-0.006086933248842646,-1.2369706852106943e-05,7.073223331407195e-07,12.000000000002125,2.951898898275322e-05,-7.196299654101964e-05,-1.770229085049909e-10,-1.770229085049909e-10,0.020598508407493533,2.4599157485623328e-06
0.24880000000000002,89.99969062792357,90.0,0.010519375362102653,-0.006048520669949736,-1.2292156010768445e-05,7.02528974723512e-07,12.000000000002096,2.9323619514578272e-05,-7.151183055998873e-05,-1.747488091776445e-10,-1.747488091776445e-10,0.020462869797518744,2.4436349595477623e-06
0.249,89.99969272486909,90.0,0.010450087463059792,-0.006010334277912594,-1.221505664279137e-05,6.977671843251327e-07,12.000000000002071,2.9129492574198395e-05,-7.106329110651705e-05,-1.7250313421541914e-10,-1.7250313421541914e-10,0.020328087150464857,2.427457714516114e-06
0.2492,89.99969480800077,90.0,0.010381236999047154,-0.005972372905326398,-1.21384064742246e-05,6.930367626919654e-07,12.000000000002043,2.8936600747669067e-05,-7.061736495148455e-05,-1.7028554128776661e-10,-1.7028554128776661e-10,0.020194155426185384,2.4113833956386784e-06
0.2494,89.99969687740585,90.0,0.010312821392442098,-0.00593463538924676,-1.2062203239195194e-05,6.883375117259894e-07,12.000000000002018,2.8744936660238294e-05,-7.017403891276751e-05,-1.68095691978355e-10,-1.68095691978355e-10,0.020061069610546458,2.3954113883527886e-06
0.24960000000000002,89.99969893317105,90.0,0.010244838078943339,-0.0058971205707632895,-1.1986444678920382e-05,6.8366923451367e-07,12.000000000001991,2.855449297644024e-05,-6.97332998494905e-05,-1.6593325173132893e-10,-1.6593325173132893e-10,0.019928824715327604,2.379541081369625e-06
0.24980000000000002,89.99970097538255,90.0,0.010177284507524741,-0.005859827295290346,-1.1911128542395449e-05,6.790317352970683e-07,12.000000000001965,2.8365262399778084e-05,-6.929513466602832e-05,-1.6379788981912753e-10,-1.6379788981912753e-10,0.01979741577813194,2.3637718666477866e-06
0.25,89.99970300412608,90.0,0.010110158140385576,-0.005822754412142313,-1.1836252585409507e-05,6.744248195027313e-07,12.00000000000194,2.8177237672820455e-05,-6.885953030628013e-05,-1.6168927928987706e-10,-1.6168927928987706e-10,0.01966683786228936,2.348103139401325e-06
0.25020000000000003,89.99970501948681,90.0,0.010043456452906014,-0.005785900775537273,-1.1761814572899763e-05,6.69848293655022e-07,12.000000000001915,2.7990411576466482e-05,-6.842647376736574e-05,-1.5960709695621237e-10,-1.5960709695621237e-10,0.019537086056769962,2.3325342980385013e-06
0.2504,89.99970702154941,90.0,0.009977176933591007,-0.005749265243452831,-1.1687812276286455e-05,6.653019654627889e-07,12.00000000000189,2.780477693044933e-05,-6.799595208412117e-05,-1.5755102332268436e-10,-1.5755102332268436e-10,0.01940815547607491,2.317064744203746e-06
0.2506,89.99970901039809,90.0,0.009911317084027123,-0.005712846678276388,-1.161424347500071e-05,6.607856437615869e-07,12.000000000001865,2.7620326592815153e-05,-6.756795233798724e-05,-1.555207425652238e-10,-1.555207425652238e-10,0.019280041260152442,2.301693882734238e-06
0.2508,89.99971098611653,90.0,0.009845874418832216,-0.005676643946734875,-1.154110595632908e-05,6.562991385136765e-07,12.000000000001842,2.7437053459807316e-05,-6.714246165610508e-05,-1.5351594249011126e-10,-1.5351594249011126e-10,0.019152738574299968,2.286421121650259e-06
0.251,89.99971294878789,90.0,0.009780846465605356,-0.005640655919469564,-1.1468397514428337e-05,6.518422608369142e-07,12.000000000001819,2.725495046596215e-05,-6.671946720558463e-05,-1.5153631448360996e-10,-1.5153631448360996e-10,0.019026242609066688,2.271245872163168e-06
0.25120000000000003,89.99971489849489,90.0,0.009716230764882313,-0.005604881472039722,-1.1396115952679664e-05,6.474148229180827e-07,12.000000000001794,2.707401058337393e-05,-6.629895620720044e-05,-1.4958155350167674e-10,-1.4958155350167674e-10,0.01890054858016697,2.256167548614157e-06
0.2514,89.99971683531975,90.0,0.009652024870079219,-0.005569319484133418,-1.1324259081853566e-05,6.430166380706707e-07,12.000000000001773,2.6894226821987046e-05,-6.588091592471579e-05,-1.4765135800994193e-10,-1.4765135800994193e-10,0.018775651728370795,2.2411855684985894e-06
0.2516,89.99971875934416,90.0,0.009588226347445033,-0.005533968839501137,-1.1252824719963e-05,6.386475207348727e-07,12.000000000001748,2.6715592229486623e-05,-6.546533366402825e-05,-1.457454299446006e-10,-1.457454299446006e-10,0.01865154731941125,2.226299352456894e-06
0.2518,89.99972067064938,90.0,0.009524832776015353,-0.0054988284262465735,-1.1181810692951335e-05,6.343072864486996e-07,12.000000000001727,2.6538099890981428e-05,-6.505219677717196e-05,-1.4386347468334343e-10,-1.4386347468334343e-10,0.01852823064389469,2.211508324248134e-06
0.252,89.99972256931613,90.0,0.009461841747562297,-0.005463897136756648,-1.111121483453754e-05,6.299957518479778e-07,12.000000000001705,2.6361742928888656e-05,-6.464149266141704e-05,-1.420052010066397e-10,-1.420052010066397e-10,0.018405697017203286,2.1968119107404094e-06
0.25220000000000004,89.99972445542471,90.0,0.00939925086654546,-0.005429173867633022,-1.1041034986064698e-05,6.257127346663503e-07,12.000000000001682,2.618651450282103e-05,-6.423320875838823e-05,-1.4017032105950235e-10,-1.4017032105950235e-10,0.018283941779399553,2.1822095419014466e-06
0.2524,89.99972632905488,90.0,0.00933705775006371,-0.005394657519980075,-1.0971268997181725e-05,6.21458053706386e-07,12.00000000000166,2.6012407809265145e-05,-6.382733255803098e-05,-1.3835855032307157e-10,-1.3835855032307157e-10,0.01816296029513264,2.1677006507717957e-06
0.2526,89.99972819028598,90.0,0.009275260027803635,-0.0053603469993329204,-1.0901914725684122e-05,6.172315288395801e-07,12.000000000001638,2.5839416081462854e-05,-6.342385159768495e-05,-1.365696075767759e-10,-1.365696075767759e-10,0.018042747953538017,2.153284673454944e-06
0.2528,89.99973003919683,90.0,0.009213855341988746,-0.005326241215231203,-1.0832970036526536e-05,6.130329810352439e-07,12.000000000001616,2.5667532589505277e-05,-6.302275345633944e-05,-1.348032148517276e-10,-1.348032148517276e-10,0.01792330016813867,2.1389610491251515e-06
0.253,89.99973187586583,90.0,0.009152841347333674,-0.0052923390815104235,-1.0764432802511851e-05,6.088622323316146e-07,12.000000000001597,2.549675064001661e-05,-6.262402575864224e-05,-1.3305909740348882e-10,-1.3305909740348882e-10,0.017804612376756002,2.1247292200011014e-06
0.25320000000000004,89.99973370037088,90.0,0.009092215710994877,-0.0052586395165883735,-1.0696300904969502e-05,6.047191058069659e-07,12.000000000001577,2.5327063575829876e-05,-6.222765617884593e-05,-1.3133698368469222e-10,-1.3133698368469222e-10,0.017686680041413938,2.110588631318879e-06
0.2534,89.99973551278939,90.0,0.009031976112518153,-0.005225141442681329,-1.0628572231932287e-05,6.006034256373876e-07,12.000000000001556,2.5158464776287933e-05,-6.183363243020109e-05,-1.296366052904123e-10,-1.296366052904123e-10,0.017569498648236842,2.096538731357056e-06
0.2536,89.99973731319837,90.0,0.008972120243795265,-0.005191843787164544,-1.0561244681324594e-05,5.96515016981226e-07,12.000000000001535,2.4990947656300233e-05,-6.144194228350441e-05,-1.2795769695902354e-10,-1.2795769695902354e-10,0.017453063707365123,2.0825789713580864e-06
0.2538,89.99973910167432,90.0,0.008912645809004612,-0.005158745480713079,-1.0494316156626381e-05,5.924537061235331e-07,12.000000000001517,2.4824505667260704e-05,-6.10525735418731e-05,-1.2629999649090733e-10,-1.2629999649090733e-10,0.017337370752839837,2.068708805604797e-06
0.254,89.9997408782933,90.0,0.008853550524573756,-0.0051258454590258195,-1.0427784570910247e-05,5.884193203316177e-07,12.000000000001496,2.465913229590721e-05,-6.0665514064231297e-05,-1.2466324475907604e-10,-1.2466324475907604e-10,0.017222415342529784,2.0549276913253447e-06
0.25420000000000004,89.99974264313092,90.0,0.008794832119121512,-0.005093142662034087,-1.0361647845001472e-05,5.844116879128244e-07,12.000000000001478,2.449482106461011e-05,-6.0280751754605755e-05,-1.2304718565575568e-10,-1.2304718565575568e-10,0.01710819305801887,2.0412350887172576e-06
0.2544,89.99974439626232,90.0,0.008736488333409802,-0.00506063603347914,-1.0295903906498715e-05,5.804306382434248e-07,12.000000000001457,2.433156553147234e-05,-5.989827455642858e-05,-1.2145156604930727e-10,-1.2145156604930727e-10,0.01699469950451244,2.0276304609557825e-06
0.2546,89.9997461377622,90.0,0.008678516920299759,-0.005028324522271957,-1.0230550692960713e-05,5.764760016530562e-07,12.000000000001439,2.4169359289385063e-05,-5.951807047107642e-05,-1.1987613578551778e-10,-1.1987613578551778e-10,0.016881930310751882,2.0141132741151804e-06
0.2548,89.99974786770483,90.0,0.00862091564469276,-0.0049962070806345675,-1.0165586147571352e-05,5.725476095691726e-07,12.000000000001421,2.400819596694625e-05,-5.914012753265122e-05,-1.18320647609493e-10,-1.18320647609493e-10,0.016769881128899947,2.000682997245284e-06
0.255,89.99974958616399,90.0,0.008563682283492205,-0.004964282665823023,-1.010100822317442e-05,5.686452943725943e-07,12.000000000001402,2.384806922731855e-05,-5.87644338314532e-05,-1.1678485717637604e-10,-1.1678485717637604e-10,0.01665854763446637,1.9873391022763138e-06
0.25520000000000004,89.99975129321305,90.0,0.008506814625546142,-0.00493255023898149,-1.003681487960474e-05,5.647688894841778e-07,12.000000000001382,2.3688972768729864e-05,-5.839097749845413e-05,-1.1526852299168656e-10,-1.1526852299168656e-10,0.016547925526196296,1.974081064060595e-06
0.2554,89.99975298892494,90.0,0.008450310471602523,-0.004901008765790301,-9.973004085211073e-06,5.609182293070362e-07,12.000000000001364,2.3530900323948705e-05,-5.8019746714157156e-05,-1.1377140639595227e-10,-1.1377140639595227e-10,0.016438010525983194,1.960908360328836e-06
0.2556,89.99975467337214,90.0,0.00839416763425741,-0.004869657216038374,-9.909573815865596e-06,5.57093149255429e-07,12.000000000001346,2.337384566037593e-05,-5.7650729702834295e-05,-1.1229327152349566e-10,-1.1229327152349566e-10,0.01632879837876814,1.9478204716977756e-06
0.2558,89.99975634662667,90.0,0.008338383937907708,-0.004838494563912492,-9.846522055648511e-06,5.532934857258723e-07,12.000000000001329,2.321780257972517e-05,-5.728391473650917e-05,-1.1083388527882766e-10,-1.1083388527882766e-10,0.016220284852447878,1.93481688164355e-06
0.256,89.99975800876017,90.0,0.008282957218701027,-0.004807519787927282,-9.783846796693142e-06,5.495190760971384e-07,12.000000000001313,2.3062764917907505e-05,-5.691929013405592e-05,-1.0939301730464666e-10,-1.0939301730464666e-10,0.016112465737777245,1.921897076492082e-06
0.25620000000000004,89.99975965984382,90.0,0.008227885324485972,-0.004776731870855821,-9.72154603903245e-06,5.457697587302562e-07,12.000000000001297,2.2908726544917096e-05,-5.6556844260306236e-05,-1.079704399502233e-10,-1.079704399502233e-10,0.016005336848272524,1.909060545409552e-06
0.2564,89.99976129994836,90.0,0.008173166114763373,-0.004746129800016808,-9.659617791278951e-06,5.420453729396215e-07,12.000000000001279,2.27556813645082e-05,-5.6196565530004935e-05,-1.0656592824836341e-10,-1.0656592824836341e-10,0.015898894020116534,1.8963067803754812e-06
0.2566,89.99976292914411,90.0,0.00811879746063431,-0.00471571256613617,-9.598060067972474e-06,5.383457590796655e-07,12.000000000001261,2.2603623314708133e-05,-5.583844239238001e-05,-1.0517925985977125e-10,-1.0517925985977125e-10,0.015793133112057545,1.8836352762254799e-06
0.25680000000000003,89.999764547501,90.0,0.00806477724476092,-0.004685479165423979,-9.536870894442555e-06,5.346707583715174e-07,12.000000000001247,2.245254636646204e-05,-5.5482463359430545e-05,-1.03810215091918e-10,-1.03810215091918e-10,0.01568805000533303,1.8710455305383089e-06
0.257,89.99976615508847,90.0,0.008011103361303668,-0.004655428597355231,-9.476048301631253e-06,5.310202130763419e-07,12.00000000000123,2.2302444524753688e-05,-5.512861697580748e-05,-1.0245857681910122e-10,-1.0245857681910122e-10,0.015583640603547656,1.8585370437292836e-06
0.25720000000000004,89.99976775197558,90.0,0.007957773715884055,-0.0046255598660388635,-9.415590329300265e-06,5.273939663797807e-07,12.000000000001213,2.215331182767632e-05,-5.477689183747156e-05,-1.0112413048552355e-10,-1.0112413048552355e-10,0.015479900832600717,1.8461093189728401e-06
0.2574,89.999769338231,90.0,0.007904786225531384,-0.00459587198014343,-9.355495025866513e-06,5.237918623919523e-07,12.000000000001197,2.2005142346310185e-05,-5.442727659073692e-05,-9.980666407508687e-11,-9.980666407508687e-11,0.015376826640582604,1.8337618621923324e-06
0.2576,89.99977091392293,90.0,0.007852138818630543,-0.004566363952113638,-9.295760446579711e-06,5.202137462052312e-07,12.000000000001183,2.1857930185024124e-05,-5.407975992166863e-05,-9.850596806588185e-11,-9.850596806588185e-11,0.01527441399767321,1.821494182085164e-06
0.25780000000000003,89.99977247911917,90.0,0.007799829434878862,-0.004537034798820668,-9.236384655050283e-06,5.16659463836469e-07,12.000000000001165,2.171166948095465e-05,-5.3734330564971735e-05,-9.722183541724268e-11,-9.722183541724268e-11,0.01517265889605802,1.8093057900793787e-06
0.258,89.99977403388715,90.0,0.007747856025235369,-0.004507883541491306,-9.177365723092612e-06,5.131288622269941e-07,12.000000000001151,2.1566354403889228e-05,-5.339097730307926e-05,-9.595406154067523e-11,-9.595406154067523e-11,0.015071557349829392,1.7971962003239299e-06
0.2582,89.99977557829385,90.0,0.007696216551870794,-0.004478909205638147,-9.118701730570637e-06,5.096217892426112e-07,12.000000000001137,2.142197915615127e-05,-5.3049688965254e-05,-9.470244427115597e-11,-9.470244427115597e-11,0.014971105394889312,1.7851649296791034e-06
0.2584,89.99977711240584,90.0,0.007644908988118659,-0.004450110820636028,-9.060390764416232e-06,5.061380937024918e-07,12.000000000001123,2.1278537972698475e-05,-5.271045442187772e-05,-9.34667838311677e-11,-9.34667838311677e-11,0.01487129908885424,1.7732114977247071e-06
0.2586,89.9997786362893,90.0,0.007593931318430875,-0.004421487420370577,-9.002430920153193e-06,5.026776253213941e-07,12.000000000001107,2.1136025120599017e-05,-5.237326259331723e-05,-9.224688281833164e-11,-9.224688281833164e-11,0.014772134510968737,1.7613354267164223e-06
0.25880000000000003,89.99978015001003,90.0,0.007543281538326145,-0.004393038043166162,-8.944820301737877e-06,4.992402347096631e-07,12.000000000001092,2.099443489891285e-05,-5.20381024489973e-05,-9.104254617736099e-11,-9.104254617736099e-11,0.014673607762005112,1.7495362415759117e-06
0.259,89.9997816536334,90.0,0.007492957654339193,-0.004364761731359733,-8.887557020571828e-06,4.958257734021206e-07,12.000000000001078,2.0853761638785777e-05,-5.170496300165641e-05,-8.985358116489028e-11,-8.985358116489028e-11,0.014575714964164632,1.7378134698986587e-06
0.2592,89.99978314722438,90.0,0.007442957683974603,-0.004336657531236377,-8.83063919535922e-06,4.924340938580652e-07,12.000000000001064,2.0713999703343267e-05,-5.137383330651738e-05,-8.867979732255942e-11,-8.867979732255942e-11,0.01447845226098775,1.7261666419451193e-06
0.2594,89.99978463084757,90.0,0.007393279655661827,-0.0043087244936770245,-8.774064953629004e-06,4.89065049403492e-07,12.000000000001052,2.057514348716528e-05,-5.10447024701428e-05,-8.752100646522968e-11,-8.752100646522968e-11,0.01438181581726657,1.7145952905969563e-06
0.2596,89.99978610456715,90.0,0.007343921608702308,-0.004280961673374091,-8.71783242991049e-06,4.857184942888731e-07,12.000000000001037,2.043718741658633e-05,-5.071755963982109e-05,-8.637702263923573e-11,-8.637702263923573e-11,0.014285801818941998,1.703098951382047e-06
0.25980000000000003,89.99978756844693,90.0,0.007294881593226149,-0.004253368129836786,-8.661939768091216e-06,4.823942836024875e-07,12.000000000001023,2.0300125948963273e-05,-5.0392394017283815e-05,-8.52476621183798e-11,-8.52476621183798e-11,0.01419040647301945,1.691677162413462e-06
0.26,89.99978902255033,90.0,0.007246157670136542,-0.0042259429262476965,-8.606385118753584e-06,4.790922733570908e-07,12.000000000001009,2.016395357318002e-05,-5.0069194843211184e-05,-8.413274335541083e-11,-8.413274335541083e-11,0.014095626007460735,1.680329464431527e-06
0.2602,89.99979046694035,90.0,0.007197747911067991,-0.004198685130115015,-8.551166640707001e-06,4.7581232043213574e-07,12.000000000000997,2.0028664809129773e-05,-4.974795140614543e-05,-8.303208697120669e-11,-8.303208697120669e-11,0.01400145667110282,1.6690554007606759e-06
0.2604,89.99979190167966,90.0,0.007149650398336658,-0.004171593812847926,-8.49628250000394e-06,4.7255428260266156e-07,12.000000000000984,1.9894254207811637e-05,-4.942865303676665e-05,-8.194551572192299e-11,-8.194551572192299e-11,0.013907894733561214,1.6578545173175005e-06
0.2606,89.9997933268305,90.0,0.0071018632248956715,-0.004144668050760025,-8.44173087229361e-06,4.693180184526249e-07,12.00000000000097,1.9760716350595267e-05,-4.91112891215857e-05,-8.08728544953043e-11,-8.08728544953043e-11,0.013814936485143038,1.6467263625494726e-06
0.26080000000000003,89.99979474245475,90.0,0.007054384494278951,-0.004117906923569791,-8.387509939326177e-06,4.661033874904589e-07,12.00000000000096,1.9628045849935084e-05,-4.879584908260679e-05,-7.981393025665353e-11,-7.981393025665353e-11,0.013722578236737762,1.6356704874944596e-06
0.261,89.99979614861392,90.0,0.00700721232056225,-0.004091309515412015,-8.333617891324167e-06,4.6291025006240363e-07,12.000000000000945,1.9496237348648098e-05,-4.848232239112367e-05,-7.876857204591241e-11,-7.876857204591241e-11,0.013630816319741406,1.624686445720547e-06
0.2612,89.99979754536912,90.0,0.0069603448283124605,-0.004064874914767008,-8.280052926825883e-06,4.597384673525064e-07,12.000000000000933,1.93652855197973e-05,-4.817069856680861e-05,-7.773661095285556e-11,-7.773661095285556e-11,0.013539647085957932,1.6137737933163162e-06
0.2614,89.9997989327811,90.0,0.00691378015253797,-0.0040386022136807455,-8.226813250870923e-06,4.565879014404011e-07,12.00000000000092,1.9235185066999175e-05,-4.78609671671563e-05,-7.671788007881267e-11,-7.671788007881267e-11,0.013449066907502676,1.6029320889164751e-06
0.2616,89.99980031091026,90.0,0.006867516438647779,-0.0040124905091288784,-8.173897078196237e-06,4.5345841518574893e-07,12.00000000000091,1.9105930723486278e-05,-4.755311780607756e-05,-7.571221454071923e-11,-7.571221454071923e-11,0.013359072176722823,1.5921608936237359e-06
0.26180000000000003,89.99980167981658,90.0,0.0068215518423950065,-0.003986538901516748,-8.121302629739303e-06,4.5034987234379783e-07,12.000000000000895,1.8977517252820672e-05,-4.724714013355588e-05,-7.471945141924382e-11,-7.471945141924382e-11,0.01326965930608751,1.5814597710682714e-06
0.262,89.99980303955971,90.0,0.006775884529837656,-0.0039607464956904394,-8.069028135008714e-06,4.4726213747871287e-07,12.000000000000885,1.8849939448171133e-05,-4.6943023849438755e-05,-7.373942975632573e-11,-7.373942975632573e-11,0.013180824728111495,1.5708282873474786e-06
0.2622,89.99980439019893,90.0,0.006730512677287549,-0.003935112400865469,-8.017071831926429e-06,4.441950759635763e-07,12.000000000000874,1.8723192132195716e-05,-4.6640758702519945e-05,-7.277199053154973e-11,-7.277199053154973e-11,0.013092564895255843,1.560266011016196e-06
0.2624,89.99980573179316,90.0,0.006685434471260677,-0.003909635729846917,-7.965431965013295e-06,4.411485540381671e-07,12.000000000000862,1.8597270157349215e-05,-4.634033447998345e-05,-7.18169766255096e-11,-7.18169766255096e-11,0.013004876279831322,1.5497725131123232e-06
0.2626,89.99980706440093,90.0,0.006640648108435655,-0.0038843155996819705,-7.914106786921878e-06,4.381224387511815e-07,12.000000000000849,1.8472168405365935e-05,-4.604174101632099e-05,-7.087423281080544e-11,-7.087423281080544e-11,0.012917755373917601,1.539347367113719e-06
0.26280000000000003,89.99980838808044,90.0,0.006596151795605322,-0.0038591511315923285,-7.863094558286959e-06,4.351165979602327e-07,12.000000000000838,1.834788178714833e-05,-4.574496819246227e-05,-6.994360572934162e-11,-6.994360572934162e-11,0.012831198689269095,1.5289901489289206e-06
0.263,89.99980970288951,90.0,0.006551943749629096,-0.003834141450552433,-7.812393546747859e-06,4.3213090036074104e-07,12.000000000000828,1.822440524286831e-05,-4.545000593008716e-05,-6.902494386338491e-11,-6.902494386338491e-11,0.012745202757222289,1.5187004369055875e-06
0.2632,89.9998110088856,90.0,0.006508022197389648,-0.0038092856859394853,-7.762002028475696e-06,4.2916521542815396e-07,12.000000000000817,1.8101733741445825e-05,-4.515684420051078e-05,-6.811809752679521e-11,-6.811809752679521e-11,0.012659764128611445,1.5084778117870494e-06
0.2634,89.99981230612589,90.0,0.006464385375742715,-0.0037845829714633927,-7.711918288018432e-06,4.262194134179461e-07,12.000000000000806,1.797986228043349e-05,-4.486547302378208e-05,-6.722291884283762e-11,-6.722291884283762e-11,0.01257487937367099,1.49832185670269e-06
0.2636,89.9998135946671,90.0,0.006421031531467299,-0.003760032444031414,-7.662140615655335e-06,4.232933654522892e-07,12.000000000000796,1.785878588653453e-05,-4.457588245329291e-05,-6.633926170305307e-11,-6.633926170305307e-11,0.012490545081938635,1.4882321572111122e-06
0.26380000000000003,89.99981487456567,90.0,0.006377958921229219,-0.0037356332454736236,-7.612667311437253e-06,4.2038694337560215e-07,12.000000000000785,1.773849961446472e-05,-4.428806259928301e-05,-6.546698177855997e-11,-6.546698177855997e-11,0.012406757862184465,1.4782083012052967e-06
0.264,89.99981614587767,90.0,0.006335165811524669,-0.0037113845210430176,-7.563496681690017e-06,4.175000198701109e-07,12.000000000000774,1.761899854766596e-05,-4.4002003608498005e-05,-6.460593647270572e-11,-6.460593647270572e-11,0.01232351434230116,1.4682498789720686e-06
0.2642,89.99981740865884,90.0,0.006292650478640919,-0.003687285420071188,-7.514627040554201e-06,4.1463246839806865e-07,12.000000000000764,1.750027779779417e-05,-4.371769567314717e-05,-6.375598491328757e-11,-6.375598491328757e-11,0.012240811169227539,1.4583564831494214e-06
0.2644,89.99981866296454,90.0,0.0062504112086096625,-0.0036633350962584532,-7.466056710671604e-06,4.1178416317286604e-07,12.000000000000755,1.738233250440115e-05,-4.3435129034897195e-05,-6.291698793800867e-11,-6.291698793800867e-11,0.012158645008857818,1.4485277087000047e-06
0.2646,89.99981990884983,90.0,0.006208446297156939,-0.003639532706893393,-7.4177840213694486e-06,4.0895497921681055e-07,12.000000000000746,1.7265157835241057e-05,-4.315429397430843e-05,-6.208880806123173e-11,-6.208880806123173e-11,0.012077012545944177,1.4387631529366654e-06
0.26480000000000004,89.99982114636941,90.0,0.006166754049662192,-0.003615877413506227,-7.369807310195062e-06,4.061447923033472e-07,12.000000000000735,1.7148748985754578e-05,-4.287518081976315e-05,-6.127130946640937e-11,-6.127130946640937e-11,0.011995910484017144,1.4290624154794606e-06
0.265,89.99982237557764,90.0,0.006125332781109424,-0.0035923683814453435,-7.3221249219344584e-06,4.03353478985948e-07,12.000000000000725,1.7033101179167405e-05,-4.2597779941756015e-05,-6.046435797964952e-11,-6.046435797964952e-11,0.011915335545290565,1.4194250982638646e-06
0.2652,89.99982359652856,90.0,0.006084180816043649,-0.0035690047801717594,-7.274735209308382e-06,4.005809165692225e-07,12.000000000000716,1.691820966617921e-05,-4.2322081756943384e-05,-5.966782105609197e-11,-5.966782105609197e-11,0.011835284470576878,1.4098508055148501e-06
0.2654,89.99982480927584,90.0,0.0060432964885236765,-0.003545785782837935,-7.2276365319959495e-06,3.978269831378072e-07,12.000000000000707,1.6804069725065904e-05,-4.2048076722463216e-05,-5.888156775409591e-11,-5.888156775409591e-11,0.011755754019195297,1.4003391437554096e-06
0.2656,89.99982601387285,90.0,0.006002678142079983,-0.003522710566939492,-7.180827258165654e-06,3.950915574985863e-07,12.000000000000696,1.669067666116103e-05,-4.177575534484193e-05,-5.81054687280405e-11,-5.81054687280405e-11,0.011676740968889838,1.3908897217633384e-06
0.26580000000000004,89.99982721037264,90.0,0.005962324129664736,-0.003499778313534876,-7.134305762659852e-06,3.9237451923847106e-07,12.00000000000069,1.6578025807162515e-05,-4.1505108169432365e-05,-5.73393961968235e-11,-5.73393961968235e-11,0.011598242115732117,1.381502150596797e-06
0.266,89.9998283988279,90.0,0.005922232813611191,-0.0034769882078992285,-7.088070428530543e-06,3.896757486666201e-07,12.000000000000679,1.6466112522617568e-05,-4.123612578934842e-05,-5.6583223937015405e-11,-5.6583223937015405e-11,0.011520254274042352,1.3721760435513865e-06
0.2662,89.999829579291,90.0,0.005882402565585232,-0.0034543394387461664,-7.042119645228523e-06,3.869951268722193e-07,12.000000000000671,1.6354932194232928e-05,-4.096879883493016e-05,-5.583682725203452e-11,-5.583682725203452e-11,0.011442774276295115,1.362911016186001e-06
0.2664,89.999830751814,90.0,0.005842831766546078,-0.0034318311992387407,-6.996451810973753e-06,3.843325356378121e-07,12.00000000000066,1.6244480235151903e-05,-4.070311798753384e-05,-5.510008297145941e-11,-5.510008297145941e-11,0.011365798973042874,1.353706686262584e-06
0.2666,89.99983191644861,90.0,0.005803518806695372,-0.0034094626862077983,-6.951065330936965e-06,3.8168785749707915e-07,12.000000000000654,1.6134752085259018e-05,-4.043907396895307e-05,-5.4372869420539474e-11,-5.4372869420539474e-11,0.01128932523281698,1.3445626737715115e-06
0.26680000000000004,89.99983307324628,90.0,0.0057644620854350355,-0.0033872331004484286,-6.905958617940099e-06,3.7906097570594865e-07,12.000000000000643,1.6025743210872175e-05,-4.0176657545493745e-05,-5.3655066407933186e-11,-5.3655066407933186e-11,0.011213349942045679,1.335478600905943e-06
0.267,89.99983422225807,90.0,0.005725660011321906,-0.0033651416466565927,-6.8611300923161344e-06,3.7645177424259605e-07,12.000000000000636,1.591744910463833e-05,-3.991585952715858e-05,-5.294655520761717e-11,-5.294655520761717e-11,0.011137870004965847,1.3264540920531238e-06
0.2672,89.99983536353476,90.0,0.005687111002023081,-0.0033431875330115317,-6.816578180940669e-06,3.7386013783633424e-07,12.000000000000627,1.5809865285641624e-05,-3.965667076201316e-05,-5.2247218535369856e-11,-5.2247218535369856e-11,0.011062882343536152,1.3174887738033999e-06
0.2674,89.99983649712678,90.0,0.005648813484275993,-0.003321369971830544,-6.772301318769698e-06,3.7128595190983357e-07,12.000000000000618,1.5702987298889866e-05,-3.9399082145132236e-05,-5.155694054274151e-11,-5.155694054274151e-11,0.010988383897359389,1.3085822749074214e-06
0.2676,89.9998376230843,90.0,0.0056107658938409945,-0.003299688179502793,-6.728297948693202e-06,3.687291025791219e-07,12.000000000000611,1.559681071520544e-05,-3.914308461774792e-05,-5.0875606799354405e-11,-5.0875606799354405e-11,0.010914371623590206,1.2997342262670537e-06
0.26780000000000004,89.99983874145715,90.0,0.005572966675454801,-0.0032781413757137505,-6.684566519730191e-06,3.661894767113645e-07,12.000000000000602,1.5491331131539948e-05,-3.888866915674911e-05,-5.0203104264339556e-11,-5.0203104264339556e-11,0.010840842496844603,1.2909442609615976e-06
0.268,89.99983985229484,90.0,0.005535414282792632,-0.003256728784458152,-6.641105489403501e-06,3.6366696183819407e-07,12.000000000000593,1.5386544170254547e-05,-3.863582678849719e-05,-4.953932128629054e-11,-4.953932128629054e-11,0.01076779350912622,1.2822120141878155e-06
0.2682,89.99984095564658,90.0,0.005498107178418955,-0.003235449632905415,-6.597913321095953e-06,3.6116144624238085e-07,12.000000000000586,1.5282445479639234e-05,-3.838454857344508e-05,-4.8884147569517483e-11,-4.8884147569517483e-11,0.010695221669730578,1.2735371233032074e-06
0.2684,89.99984205156127,90.0,0.0054610438337508735,-0.00321430315276959,-6.554988487259539e-06,3.586728188422725e-07,12.000000000000579,1.5179030732985198e-05,-3.8134825624807255e-05,-4.823747417966273e-11,-4.823747417966273e-11,0.010623124005173817,1.2649192277487055e-06
0.2686,89.99984314008752,90.0,0.0054242227290064405,-0.0031932885791713934,-6.512329466764104e-06,3.562009692784645e-07,12.000000000000572,1.5076295629098522e-05,-3.7886649093135174e-05,-4.7599193510333003e-11,-4.7599193510333003e-11,0.010551497559092184,1.2563579690914836e-06
0.26880000000000004,89.99984422127362,90.0,0.005387642353165415,-0.003172405150938676,-6.469934745606685e-06,3.537457878849094e-07,12.000000000000565,1.4974235891999032e-05,-3.7640010170444035e-05,-4.696919927245376e-11,-4.696919927245376e-11,0.010480339392165668,1.2478529909998607e-06
0.269,89.99984529516759,90.0,0.005351301203926712,-0.0031516521109022835,-6.427802817610675e-06,3.5130716566002774e-07,12.000000000000556,1.4872847270611581e-05,-3.739490009428027e-05,-4.634738648349861e-11,-4.634738648349861e-11,0.010409646582035241,1.2394039392175743e-06
0.2692,89.99984636181709,90.0,0.0053151977876627786,-0.0031310287054770905,-6.385932183454352e-06,3.488849942955974e-07,12.000000000000549,1.4772125538871996e-05,-3.7151310142069846e-05,-4.573365144601659e-11,-4.573365144601659e-11,0.010339416223214125,1.23101046157261e-06
0.26940000000000003,89.99984742126954,90.0,0.005279330619378467,-0.0031105341846045633,-6.344321350543836e-06,3.4647916617675376e-07,12.000000000000542,1.4672066495632406e-05,-3.690923163037913e-05,-4.5127891731966425e-11,-4.5127891731966425e-11,0.010269645427007756,1.222672207969312e-06
0.2696,89.99984847357203,90.0,0.005243698222670449,-0.0030901678024066433,-6.302968834548884e-06,3.4408957432421006e-07,12.000000000000533,1.4572665964146258e-05,-3.6668655923849735e-05,-4.453000617770428e-11,-4.453000617770428e-11,0.01020033132143486,1.2143888303454676e-06
0.26980000000000004,89.99984951877138,90.0,0.005208299129679591,-0.0030699288164087084,-6.261873157594677e-06,3.417161124520368e-07,12.000000000000526,1.4473919792380441e-05,-3.642957442467882e-05,-4.3939894857777664e-11,-4.3939894857777664e-11,0.010131471051134799,1.2061599826983171e-06
0.27,89.9998505569141,90.0,0.005173131881051913,-0.0030498164878403245,-6.221032848971781e-06,3.393586749387725e-07,12.00000000000052,1.4375823852714622e-05,-3.6191978576749486e-05,-4.335745907504577e-11,-4.335745907504577e-11,0.010063061777291632,1.1979853210594998e-06
0.2702,89.9998515880464,90.0,0.005138195025895997,-0.0030298300815757868,-6.1804464450046315e-06,3.370171568274228e-07,12.000000000000513,1.427837404184331e-05,-3.595585986486563e-05,-4.278260134555259e-11,-4.278260134555259e-11,0.009995100677551256,1.1898645034868916e-06
0.27040000000000003,89.99985261221423,90.0,0.00510348712174133,-0.0030099688664312176,-6.140112489753415e-06,3.346914537965715e-07,12.000000000000508,1.418156628046917e-05,-3.572120981883527e-05,-4.2215225388694755e-11,-4.2215225388694755e-11,0.00992758494594039,1.1817971900390474e-06
0.2706,89.99985362946323,90.0,0.005069006734493262,-0.0029902321147464135,-6.100029534044412e-06,3.3238146218926985e-07,12.000000000000501,1.4085396513410266e-05,-3.54880200078294e-05,-4.165523610717443e-11,-4.165523610717443e-11,0.009860511792778926,1.1737830427841399e-06
0.27080000000000004,89.99985463983879,90.0,0.005034752438392488,-0.0029706191026835317,-6.060196136175396e-06,3.300870789841468e-07,12.000000000000494,1.3989860709296022e-05,-3.525628204448577e-05,-4.1102539577499167e-11,-4.1102539577499167e-11,0.009793878444601141,1.1658217257746206e-06
0.271,89.99985564338593,90.0,0.005000722815971324,-0.002951129109455509,-6.020610860119483e-06,3.2780820185318877e-07,12.000000000000487,1.3894954860888347e-05,-3.502598757445944e-05,-4.0557043025427525e-11,-4.0557043025427525e-11,0.00972768214407063,1.157912905073982e-06
0.2712,89.99985664014949,90.0,0.004966916458018783,-0.002931761418698376,-5.981272278739518e-06,3.2554472904618023e-07,12.00000000000048,1.3800674984157895e-05,-3.479712829512309e-05,-4.0018654831918244e-11,-4.0018654831918244e-11,0.009661920149912368,1.1500562486797786e-06
0.27140000000000003,89.99985763017396,90.0,0.0049333319635299164,-0.0029125153169794445,-5.9421789703093595e-06,3.232965595062631e-07,12.000000000000473,1.370701711901097e-05,-3.456969593532895e-05,-3.94872844987116e-11,-3.94872844987116e-11,0.009596589736814171,1.1422514265842025e-06
0.2716,89.99985861350359,90.0,0.0048999679396721126,-0.0028933900948160587,-5.903329520901478e-06,3.2106359278326725e-07,12.000000000000469,1.3613977328579409e-05,-3.434368226929905e-05,-3.8962842649512795e-11,-3.8962842649512795e-11,0.009531688195361133,1.1344981107149064e-06
0.2718,89.99985959018231,90.0,0.004866823001740081,-0.0028743850462574763,-5.864722523417367e-06,3.188457290626e-07,12.000000000000462,1.3521551699327949e-05,-3.4119079110984504e-05,-3.8445241011051624e-11,-3.8445241011051624e-11,0.009467212831948072,1.1267959749439523e-06
0.272,89.99986056025384,90.0,0.004833895773115144,-0.002855499469183296,-5.826356578292378e-06,3.166428691363568e-07,12.000000000000455,1.3429736340749679e-05,-3.389587831816602e-05,-3.793439240425717e-11,-3.793439240425717e-11,0.009403160968700315,1.1191446950624308e-06
0.2722,89.99986152376154,90.0,0.00480118488522152,-0.0028367326645318772,-5.788230291699562e-06,3.1445491446110054e-07,12.00000000000045,1.3338527385687228e-05,-3.367407178200438e-05,-3.743021072098718e-11,-3.743021072098718e-11,0.009339529943388688,1.1115439488072273e-06
0.27240000000000003,89.99986248074858,90.0,0.004768688977491279,-0.0028180839373172233,-5.7503422779331455e-06,3.12281767071192e-07,12.000000000000444,1.3247920989619594e-05,-3.345365144090678e-05,-3.6932610925282524e-11,-3.6932610925282524e-11,0.009276317109361326,1.103993415801592e-06
0.2726,89.9998634312578,90.0,0.004736406697317547,-0.0027995525954978267,-5.712691156772287e-06,3.101233296654598e-07,12.000000000000437,1.3157913331187052e-05,-3.323460926518999e-05,-3.644150902560168e-11,-3.644150902560168e-11,0.009213519835452653,1.096492777598881e-06
0.2728,89.99986437533178,90.0,0.004704336700020897,-0.0027811379513508275,-5.67527555669955e-06,3.0797950549164036e-07,12.000000000000432,1.3068500611270456e-05,-3.301693727580441e-05,-3.5956822080926064e-11,-3.5956822080926064e-11,0.009151135505918001,1.0890417176058322e-06
0.273,89.99986531301288,90.0,0.0046724776487998415,-0.002762839319981801,-5.6380941114257245e-06,3.058501984619379e-07,12.000000000000426,1.297967905372075e-05,-3.280062752411659e-05,-3.547846816863811e-11,-3.547846816863811e-11,0.009089161520337298,1.0816399211433574e-06
0.2732,89.99986624434311,90.0,0.004640828214698398,-0.002744656019990021,-5.601145461450796e-06,3.0373531309524434e-07,12.00000000000042,1.2891444904862684e-05,-3.2585672100990436e-05,-3.500636638148538e-11,-3.500636638148538e-11,0.009027595293551991,1.074287075405186e-06
0.27340000000000003,89.99986716936431,90.0,0.004609387076566141,-0.0027265873741232124,-5.564428255601684e-06,3.0163475445935965e-07,12.000000000000416,1.2803794432981204e-05,-3.2372063145733306e-05,-3.4540436824120145e-11,-3.4540436824120145e-11,0.008966434255587321,1.0669828694150634e-06
0.2736,89.99986808811796,90.0,0.004578152921010593,-0.0027086327081452728,-5.527941148393514e-06,2.995484282576616e-07,12.000000000000409,1.2716723928844515e-05,-3.215979283074471e-05,-3.4080600586449965e-11,-3.4080600586449965e-11,0.00890567585155972,1.0597269940703402e-06
0.2738,89.99986900064536,90.0,0.004547124442362742,-0.0026907913511433927,-5.491682800753674e-06,2.974762408002158e-07,12.000000000000403,1.26302297054139e-05,-3.1948853365728653e-05,-3.3626779736143776e-11,-3.3626779736143776e-11,0.008845317541609733,1.0525191421177895e-06
0.274,89.99986990698751,90.0,0.004516300342638992,-0.0026730626361854692,-5.455651881565432e-06,2.954180989459957e-07,12.000000000000398,1.25443080973345e-05,-3.1739237006673905e-05,-3.317889731550209e-11,-3.317889731550209e-11,0.008785356800827994,1.0453590081111736e-06
0.2742,89.99987080718515,90.0,0.004485679331495502,-0.0026554458991905443,-5.4198470650352215e-06,2.933739101895527e-07,12.000000000000393,1.2458955461462856e-05,-3.153093604053771e-05,-3.27368773156067e-11,-3.27368773156067e-11,0.00872579111916642,1.038246288455204e-06
0.27440000000000003,89.99987170127876,90.0,0.004455260126195523,-0.002637940479949001,-5.384267033083436e-06,2.9134358257434613e-07,12.000000000000387,1.23741681761592e-05,-3.132394279915466e-05,-3.230064467809319e-11,-3.230064467809319e-11,0.008666618001374657,1.0311806813465668e-06
0.2746,89.99987258930858,90.0,0.0044250414515650625,-0.002620545721350134,-5.348910473546399e-06,2.8932702475052314e-07,12.000000000000384,1.22899426416072e-05,-3.1118249648776345e-05,-3.187012527422187e-11,-3.187012527422187e-11,0.008607834966913846,1.0241618868005674e-06
0.2748,89.9998734713146,90.0,0.004395022039957483,-0.0026032609700432437,-5.313776081728133e-06,2.8732414591713896e-07,12.000000000000377,1.2206275279310819e-05,-3.091384899909902e-05,-3.1445245902169834e-11,-3.1445245902169834e-11,0.00854943954988775,1.017189606609203e-06
0.275,89.99987434733654,90.0,0.00436520063121027,-0.0025860855760220128,-5.278862559436272e-06,2.853348558510467e-07,12.000000000000373,1.2123162532205724e-05,-3.071073329765489e-05,-3.102593427089008e-11,-3.102593427089008e-11,0.008491429298958667,1.0102635443504457e-06
0.2752,89.99987521741387,90.0,0.004335575972606893,-0.0025690188922159784,-5.244168614033703e-06,2.8335906493578735e-07,12.000000000000366,1.204060086478241e-05,-3.0508895024294824e-05,-3.0612118984422406e-11,-3.0612118984422406e-11,0.008433801777273226,1.0033834053985036e-06
0.27540000000000003,89.99987608158584,90.0,0.004306146818843009,-0.002552060275509165,-5.209692960825904e-06,2.8139668407491997e-07,12.000000000000362,1.1958586762375929e-05,-3.0308326705077164e-05,-3.0203729543757474e-11,-3.0203729543757474e-11,0.008376554562396664,9.965488968646307e-07
0.2756,89.9998769398914,90.0,0.004276911931981364,-0.0025352090856112885,-5.175434320429922e-06,2.794476247786915e-07,12.000000000000359,1.1877116731694675e-05,-3.0109020896961258e-05,-2.980069632251937e-11,-2.980069632251937e-11,0.008319685246225075,9.897597276411933e-07
0.2758,89.99987779236928,90.0,0.004247870081419191,-0.0025184646860780587,-5.141391421165403e-06,2.77511799077367e-07,12.000000000000352,1.1796187300112872e-05,-2.991097020171769e-05,-2.94029505689622e-11,-2.94029505689622e-11,0.008263191434922008,9.830156083427106e-07
0.276,89.99987863905798,90.0,0.004219020043844239,-0.00250182644318397,-5.10756299642709e-06,2.755891196078994e-07,12.000000000000348,1.1715795016201972e-05,-2.9714167250642362e-05,-2.901042438213813e-11,-2.901042438213813e-11,0.00820707074883293,9.76316251350136e-07
0.2762,89.99987947999573,90.0,0.004190360603203806,-0.002485293727300139,-5.073947787911423e-06,2.7367949949836976e-07,12.000000000000345,1.163593644881602e-05,-2.9518604723327776e-05,-2.8623050718196042e-11,-2.8623050718196042e-11,0.008151320822424972,9.696613707346404e-07
0.27640000000000003,89.99988031522054,90.0,0.004161890550657594,-0.002468865911407407,-5.040544542148689e-06,2.7178285248354717e-07,12.000000000000338,1.1556608187826628e-05,-2.9324275327488214e-05,-2.8240763362643592e-11,-2.8240763362643592e-11,0.008095939304195244,9.630506823188585e-07
0.2766,89.99988114477014,90.0,0.004133608684547817,-0.002452542372120406,-5.007352012902392e-06,2.698990928182186e-07,12.000000000000334,1.1477806843421653e-05,-2.9131171812918496e-05,-2.786349693259988e-11,-2.786349693259988e-11,0.008040923856612666,9.564839036184444e-07
0.2768,89.99988196868209,90.0,0.004105513810357809,-0.0024363224892744945,-4.974368960210831e-06,2.680281353060792e-07,12.00000000000033,1.139952904622085e-05,-2.8939286965918197e-05,-2.7491186862074655e-11,-2.7491186862074655e-11,0.007986272156037462,9.499607538517114e-07
0.277,89.99988278699364,90.0,0.004077604740674853,-0.0024202056462291344,-4.941594151102891e-06,2.661698952708423e-07,12.000000000000327,1.1321771446979521e-05,-2.8748613613455884e-05,-2.7123769395755226e-11,-2.7123769395755226e-11,0.007931981892648854,9.434809539149344e-07
0.2772,89.99988359974185,90.0,0.004049880295149931,-0.00240419122910114,-4.909026357812561e-06,2.6432428861401907e-07,12.00000000000032,1.1244530716917618e-05,-2.8559144612781753e-05,-2.6761181570609016e-11,-2.6761181570609016e-11,0.00787805077036675,9.370442264097765e-07
0.27740000000000004,89.9998844069635,90.0,0.004022339300466221,-0.0023882786274312447,-4.876664359342814e-06,2.624912317571388e-07,12.000000000000316,1.1167803547225607e-05,-2.8370872860525782e-05,-2.6403361214138183e-11,-2.6403361214138183e-11,0.00782447650679049,9.306502956021094e-07
0.2776,89.9998852086952,90.0,0.0039949805902996585,-0.002372467234129024,-4.84450694134375e-06,2.60670641641749e-07,12.000000000000313,1.1091586648973736e-05,-2.8183791291988803e-05,-2.6050246934306428e-11,-2.6050246934306428e-11,0.007771256833122099,9.242988874144539e-07
0.2778,89.99988600497326,90.0,0.003967803005280649,-0.002356756445064171,-4.81255289516382e-06,2.588624357583052e-07,12.000000000000309,1.1015876753234818e-05,-2.799789287562284e-05,-2.5701778105677032e-11,-2.5701778105677032e-11,0.007718389494091825,9.179897294362111e-07
0.278,89.9998867958338,90.0,0.003940805392959886,-0.0023411456597293104,-4.780801019405359e-06,2.570665320883912e-07,12.000000000000306,1.0940670610583913e-05,-2.7813170622080686e-05,-2.5357894867678858e-11,-2.5357894867678858e-11,0.007665872247891645,9.117225508819695e-07
0.2782,89.9998875813127,90.0,0.003913986607766966,-0.0023256342804716702,-4.7492501181356465e-06,2.552828491624986e-07,12.0000000000003,1.0865964991424828e-05,-2.7629617573808437e-05,-2.5018538106954263e-11,-2.5018538106954263e-11,0.0076137028660947514,9.05497082618713e-07
0.27840000000000004,89.99988836144564,90.0,0.003887345510977702,-0.0023102217131579905,-4.717899002447094e-06,2.535113060022476e-07,12.000000000000295,1.0791756685493241e-05,-2.7447226814122154e-05,-2.4683649455795402e-11,-2.4683649455795402e-11,0.007561879133591986,8.993130571244147e-07
0.2786,89.999889136268,90.0,0.0038608809706738067,-0.002294907366052406,-4.686746487840994e-06,2.517518222070561e-07,12.000000000000291,1.0718042502396516e-05,-2.7265991451987357e-05,-2.4353171271031124e-11,-2.4353171271031124e-11,0.00751039884851339,8.931702085330213e-07
0.2788,89.999889905815,90.0,0.003834591861715367,-0.0022796906515543842,-4.655791398295386e-06,2.5000431780969047e-07,12.000000000000288,1.0644819270496127e-05,-2.7085904645684578e-05,-2.4027046644266404e-11,-2.4027046644266404e-11,0.007459259822174681,8.870682725413226e-07
0.279,89.9998906701216,90.0,0.003808477065693593,-0.0022645709843563816,-4.625032561966243e-06,2.4826871342071505e-07,12.000000000000284,1.057208383785324e-05,-2.690695957780022e-05,-2.370521937318545e-11,-2.370521937318545e-11,0.0074084598789853255,8.810069864877492e-07
0.2792,89.99989142922257,90.0,0.0037825354709044223,-0.002249547783183349,-4.594468815258811e-06,2.4654493008404263e-07,12.00000000000028,1.0499833071113731e-05,-2.6729149478912315e-05,-2.3387633971784944e-11,-2.3387633971784944e-11,0.0073579968563971965,8.749860892594571e-07
0.27940000000000004,89.99989218315244,90.0,0.003756765972302316,-0.002234620468951866,-4.564098998532058e-06,2.44832889421384e-07,12.000000000000277,1.0428063856456183e-05,-2.655246760260039e-05,-2.3074235642199543e-11,-2.3074235642199543e-11,0.007307868604814697,8.690053213713285e-07
0.2796,89.9998929319455,90.0,0.003731167471475396,-0.002219788466156508,-4.53392195934416e-06,2.4313251351668813e-07,12.000000000000274,1.035677309869127e-05,-2.637690724432666e-05,-2.2764970281225915e-11,-2.2764970281225915e-11,0.007258072987546388,8.630644248909195e-07
0.2798,89.99989367563586,90.0,0.003705738876604157,-0.0022050512024569214,-4.5039365514944075e-06,2.414437249450323e-07,12.00000000000027,1.0285957721377654e-05,-2.6202461735862145e-05,-2.2459784467590644e-11,-2.2459784467590644e-11,0.007208607880724683,8.571631434481186e-07
0.28,89.99989441425738,90.0,0.0036804791024253715,-0.0021904081082721643,-4.4741416340811645e-06,2.3976644680151203e-07,12.000000000000266,1.0215614666949815e-05,-2.6029124439806178e-05,-2.2158625449594996e-11,-2.2158625449594996e-11,0.007159471173235628,8.51301222245799e-07
0.2802,89.99989514784373,90.0,0.003655387070200405,-0.002175858617447,-4.444536073065137e-06,2.38100602643461e-07,12.000000000000263,1.0145740896223457e-05,-2.5856888758681008e-05,-2.1861441144003725e-11,-2.1861441144003725e-11,0.007110660766657266,8.454784080186029e-07
0.28040000000000004,89.99989587642834,90.0,0.003630461707676084,-0.00216140216648672,-4.415118739487383e-06,2.3644611654823122e-07,12.00000000000026,1.0076333388727205e-05,-2.568574812456474e-05,-2.1568180120165273e-11,-2.1568180120165273e-11,0.007062174575183518,8.396944490605823e-07
0.2806,89.99989660004445,90.0,0.003605701949054146,-0.0021470381952250284,-4.38588851103609e-06,2.3480291305541289e-07,12.000000000000256,1.0007389142210637e-05,-2.5515696008206353e-05,-2.127879159903884e-11,-2.127879159903884e-11,0.007014010525564754,8.339490951842019e-07
0.2808,89.99989731872505,90.0,0.0035811067349531467,-0.0021327661464155875,-4.356844271098358e-06,2.3317091719572452e-07,12.000000000000252,9.938905172767514e-06,-2.534672591350928e-05,-2.0993225441207706e-11,-2.0993225441207706e-11,0.0069661665570336945,8.282420977306088e-07
0.281,89.99989803250295,90.0,0.0035566750123749136,-0.0021185854656851737,-4.3279849086565935e-06,2.315500544910129e-07,12.000000000000249,9.870878514758609e-06,-2.517883137692865e-05,-2.0711432138770813e-11,-2.0711432138770813e-11,0.006918640621240151,8.225732095632003e-07
0.2812,89.99989874141077,90.0,0.0035324057346717455,-0.0021044956021984227,-4.29930931984833e-06,2.2994025089647316e-07,12.000000000000245,9.803306220314572e-06,-2.5012005976545837e-05,-2.043336281436767e-11,-2.043336281436767e-11,0.006871430682187221,8.169421850261977e-07
0.28140000000000004,89.99989944548088,90.0,0.003508297861505832,-0.002090496007535355,-4.270816405349197e-06,2.2834143288731868e-07,12.000000000000242,9.736185359875137e-06,-2.48462433168434e-05,-2.0158969202445108e-11,-2.0158969202445108e-11,0.006824534716152354,8.113487799895784e-07
0.2816,89.99990014474544,90.0,0.00348435035882165,-0.002076586136363379,-4.242505071948805e-06,2.267535274010011e-07,12.000000000000238,9.669513021703917e-06,-2.468153703787309e-05,-1.9888203648614722e-11,-1.9888203648614722e-11,0.006777950711633649,8.057927518086438e-07
0.2818,89.99990083923643,90.0,0.0034605621988105214,-0.002062765446387801,-4.2143742324412715e-06,2.2517646183721044e-07,12.000000000000234,9.603286311806892e-06,-2.4517880814618958e-05,-1.962101910179487e-11,-1.962101910179487e-11,0.006731676669280912,8.002738593172254e-07
0.28200000000000003,89.99990152898563,90.0,0.003436932359875851,-0.0020490333983032892,-4.186422805517863e-06,2.2361016405787508e-07,12.000000000000231,9.537502353852457e-06,-2.4355268356372775e-05,-1.9357369106467426e-11,-1.9357369106467426e-11,0.006685710601828039,7.947918628210228e-07
0.2822,89.9999022140246,90.0,0.00341345982659888,-0.0020353894557460558,-4.1586497156612205e-06,2.220545623871617e-07,12.00000000000023,9.47215828909263e-06,-2.419369340611867e-05,-1.9097207795044026e-11,-1.9097207795044026e-11,0.0066400505340263915,7.893465240910374e-07
0.28240000000000004,89.99990289438468,90.0,0.00339014358970498,-0.0020218330852468007,-4.131053893041271e-06,2.2050958561147537e-07,12.000000000000227,9.407251276285544e-06,-2.4033149739927606e-05,-1.884048988034094e-11,-1.884048988034094e-11,0.006594694502579236,7.839376063571138e-07
0.2826,89.99990357009705,90.0,0.0033669826460304957,-0.0020083637561844015,-4.103634273412786e-06,2.189751629794595e-07,12.000000000000224,9.342778491619154e-06,-2.387363116636136e-05,-1.8587170648160454e-11,-1.8587170648160454e-11,0.006549640556077234,7.785648743015816e-07
0.2828,89.99990424119265,90.0,0.00334397599849013,-0.001994980941095662,-4.076389798845259e-06,2.1745122417310592e-07,12.00000000000022,9.278737128425397e-06,-2.371513153071875e-05,-1.833720595329732e-11,-1.833720595329732e-11,0.006504886754935014,7.732280940354355e-07
0.28300000000000003,89.99990490770229,90.0,0.0033211226560408156,-0.0019816841152695847,-4.049319416780728e-06,2.159376993366448e-07,12.000000000000217,9.215124397307922e-06,-2.3557644709554336e-05,-1.8090552208843512e-11,-1.8090552208843512e-11,0.006460431171320879,7.679270331089797e-07
0.2832,89.99990556965646,90.0,0.00329842163365001,-0.0019684727563478357,-4.022422079105287e-06,2.1443451910543461e-07,12.000000000000213,9.151937526280016e-06,-2.340116460527679e-05,-1.7847166375807046e-11,-1.7847166375807046e-11,0.006416271889095137,7.626614605233211e-07
0.28340000000000004,89.99990622708557,90.0,0.0032758719522690094,-0.001955346345708567,-3.995696745388947e-06,2.129416144904024e-07,12.000000000000211,9.089173759859824e-06,-2.3245685164997328e-05,-1.76070059693044e-11,-1.76070059693044e-11,0.006372407003758189,7.57431146654972e-07
0.2836,89.99990688001978,90.0,0.003253472638790016,-0.0019423043669853889,-3.969142379430755e-06,2.114589169936035e-07,12.00000000000021,9.026830359814993e-06,-2.3091200360430368e-05,-1.737002903817501e-11,-1.737002903817501e-11,0.006328834622367016,7.522358633179029e-07
0.2838,89.99990752848909,90.0,0.0032312227260202224,-0.0019293463070969958,-3.942757951670467e-06,2.0998635852155182e-07,12.000000000000206,8.964904604470523e-06,-2.2937704201923832e-05,-1.7136194167983857e-11,-1.7136194167983857e-11,0.0062855528634847635,7.470753837058641e-07
0.28400000000000003,89.99990817252323,90.0,0.0032091212526442724,-0.0019164716551289393,-3.916542436580892e-06,2.085238714718894e-07,12.000000000000203,8.903393789254957e-06,-2.2785190723288663e-05,-1.6905460464392876e-11,-1.6905460464392876e-11,0.00624255985710772,7.419494824379005e-07
0.2842,89.99990881215186,90.0,0.003187167263199531,-0.001903679903720184,-3.890494815913793e-06,2.070713886178271e-07,12.000000000000199,8.842295225800103e-06,-2.2633654000682425e-05,-1.6677787559386857e-11,-1.6677787559386857e-11,0.006199853744617211,7.368579354833297e-07
0.2844,89.99990944740432,90.0,0.003165359808035129,-0.0018909705475848356,-3.864614075251115e-06,2.056288432237039e-07,12.000000000000197,8.781606242690232e-06,-2.2483088132545456e-05,-1.6453135591642716e-11,-1.6453135591642716e-11,0.006157432678699929,7.31800520224174e-07
0.2846,89.99991007830987,90.0,0.0031436979432883797,-0.0018783430849003023,-3.838899207254432e-06,2.0419616892942743e-07,12.000000000000195,8.721324184564435e-06,-2.2333487258505104e-05,-1.623146521277159e-11,-1.623146521277159e-11,0.00611529482330206,7.267770153803577e-07
0.2848,89.99991070489749,90.0,0.003122180730845079,-0.0018657970161860436,-3.813349209050611e-06,2.0277329983714374e-07,12.000000000000192,8.661446412657842e-06,-2.2184845544166384e-05,-1.6012737571157096e-11,-1.6012737571157096e-11,0.0060734383535520535,7.217872010548086e-07
0.28500000000000003,89.99991132719606,90.0,0.0031008072383126918,-0.0018533318449766771,-3.7879630838101464e-06,2.0136017045345743e-07,12.000000000000188,8.60197030431827e-06,-2.2037157190294173e-05,-1.579691431187511e-11,-1.579691431187511e-11,0.006031861455708468,7.168308586931779e-07
0.2852,89.9999119452342,90.0,0.003079576538985808,-0.001840947077418477,-3.7627398398099005e-06,1.9995671571832147e-07,12.000000000000188,8.542893253137595e-06,-2.1890416427360587e-05,-1.558395756713902e-11,-1.558395756713902e-11,0.005990562327092767,7.119077710947884e-07
0.2854,89.99991255904041,90.0,0.003058487711816172,-0.0018286422225827917,-3.737678491171097e-06,1.9856287097614738e-07,12.000000000000185,8.484212668671976e-06,-2.174461751983835e-05,-1.5373829953103026e-11,-1.5373829953103026e-11,0.005949539176031033,7.070177223893205e-07
0.2856,89.99991316864293,90.0,0.0030375398413791917,-0.0018164167917087473,-3.7127780560947583e-06,1.9717857203358515e-07,12.000000000000181,8.425925976786516e-06,-2.159975475593516e-05,-1.5166494557520783e-11,-1.5166494557520783e-11,0.005908790221788797,7.021604980655324e-07
0.2858,89.99991377406988,90.0,0.0030167320178491265,-0.0018042702992344124,-3.688037559276772e-06,1.958037550728533e-07,12.00000000000018,8.368030618965644e-06,-2.1455822461643757e-05,-1.496191494284359e-11,-1.496191494284359e-11,0.0058683136945227934,6.973358849137932e-07
0.28600000000000003,89.99991437534919,90.0,0.002996063336962461,-0.0017922022623903877,-3.663456030964202e-06,1.94438356680629e-07,12.000000000000178,8.310524052439715e-06,-2.1312814995251846e-05,-1.4760055136936308e-11,-1.4760055136936308e-11,0.005828107835209702,6.925436710366326e-07
0.2862,89.99991497250859,90.0,0.0029755328999858856,-0.0017802122007998253,-3.6390325060258195e-06,1.930823138769377e-07,12.000000000000174,8.253403750322211e-06,-2.1170726741934758e-05,-1.4560879624077376e-11,-1.4560879624077376e-11,0.0057881708955838645,6.877836458601743e-07
0.2864,89.99991556557565,90.0,0.002955139813688908,-0.0017682996371507361,-3.614766025528668e-06,1.9173556405737372e-07,12.000000000000172,8.196667201125043e-06,-2.1029552122927372e-05,-1.436435334502882e-11,-1.436435334502882e-11,0.005748501138084004,6.830556000937437e-07
0.2866,89.99991615457772,90.0,0.0029348831903087133,-0.0017564640960811017,-3.590655634137803e-06,1.9039804507976955e-07,12.00000000000017,8.140311909310278e-06,-2.0889285580396665e-05,-1.4170441682257001e-11,-1.4170441682257001e-11,0.005709096835784876,6.783593257758469e-07
0.2868,89.99991673954203,90.0,0.002914762147527872,-0.0017447051055688452,-3.5667003833697408e-06,1.890696951486366e-07,12.000000000000167,8.084335394395454e-06,-2.074992159636921e-05,-1.3979110466037993e-11,-1.3979110466037993e-11,0.005669956272353896,6.736946161996118e-07
0.28700000000000003,89.9999173204956,90.0,0.0028947758084360486,-0.0017330221961678158,-3.54289932981304e-06,1.8775045287294466e-07,12.000000000000165,8.028735191287213e-06,-2.0611454682379105e-05,-1.3790325962669703e-11,-1.3790325962669703e-11,0.0056310777419766615,6.690612659405918e-07
0.2872,89.9999178974653,90.0,0.0028749233015005625,-0.001721414900611412,-3.5192515342068087e-06,1.8644025729501207e-07,12.000000000000163,7.973508850424431e-06,-2.047387937410702e-05,-1.3604054865996857e-11,-1.3604054865996857e-11,0.005592459549299678,6.644590708686935e-07
0.2874,89.9999184704778,90.0,0.002855203760541292,-0.0017098827548433617,-3.4957560638549138e-06,1.8513904780383592e-07,12.00000000000016,7.918653937087946e-06,-2.033719024542528e-05,-1.3420264300520109e-11,-1.3420264300520109e-11,0.005554100009381546,6.598878280906534e-07
0.2876,89.9999190395596,90.0,0.002835616324694016,-0.0016984252969007199,-3.472411990021048e-06,1.8384676422176173e-07,12.00000000000016,7.864168031948781e-06,-2.020138189324322e-05,-1.3238921807169178e-11,-1.3238921807169178e-11,0.005515997447621649,6.55347335995723e-07
0.2878,89.99991960473703,90.0,0.0028161601383863088,-0.001687042067235479,-3.4492183886848373e-06,1.8256334677559358e-07,12.000000000000156,7.810048730801863e-06,-2.006644894190596e-05,-1.3059995340869248e-11,-1.3059995340869248e-11,0.005478150199713261,6.508373942334801e-07
0.28800000000000003,89.99992016603626,90.0,0.0027968343513101366,-0.0016757326097421278,-3.426174342948931e-06,1.8128873600992442e-07,12.000000000000155,7.756293643870421e-06,-1.9932386057198093e-05,-1.2883453273551247e-11,-1.2883453273551247e-11,0.005440556611590246,6.4635780365586e-07
0.2882,89.9999207234833,90.0,0.002777638118382078,-0.0016644964702810182,-3.40327893959385e-06,1.8002287290269562e-07,12.000000000000153,7.702900396557906e-06,-1.9799187926300892e-05,-1.2709264377418807e-11,-1.2709264377418807e-11,0.005403215039349669,6.419083663798173e-07
0.2884,89.99992127710398,90.0,0.002758570599720992,-0.0016533331973577281,-3.3805312706701604e-06,1.787656988074172e-07,12.00000000000015,7.649866628974908e-06,-1.9666849267055065e-05,-1.253739782542686e-11,-1.253739782542686e-11,0.0053661238492083594,6.37488885747901e-07
0.2886,89.99992182692392,90.0,0.002739630960617837,-0.0016422423420809193,-3.3579304334052496e-06,1.7751715545316794e-07,12.00000000000015,7.597189995869739e-06,-1.9535364827418416e-05,-1.236782318604391e-11,-1.236782318604391e-11,0.005329281417444197,6.330991663224704e-07
0.2888,89.99992237296865,90.0,0.002720818371505547,-0.0016312234577650114,-3.3354755292797345e-06,1.7627718497348498e-07,12.000000000000146,7.544868166770007e-06,-1.9404729380092666e-05,-1.2200510415387171e-11,-1.2200510415387171e-11,0.005292686130337525,6.287390138974929e-07
0.28900000000000003,89.9999229152635,90.0,0.002702132007934036,-0.0016202761009610851,-3.3131656664419454e-06,1.750457298196945e-07,12.000000000000146,7.4928988252925476e-06,-1.927493773657017e-05,-1.2035429860327655e-11,-1.2035429860327655e-11,0.005256336384122509,6.24408235441038e-07
0.2892,89.9999234538336,90.0,0.0026835710505330105,-0.0016093998299838816,-3.2909999562708157e-06,1.7382273287647106e-07,12.000000000000142,7.441279669901307e-06,-1.9145984727137892e-05,-1.1872552242524202e-11,-1.1872552242524202e-11,0.005220230584914812,6.201066391584349e-07
0.2894,89.99992398870397,90.0,0.002665134684991692,-0.0015985942059493024,-3.2689775158049534e-06,1.7260813737516794e-07,12.00000000000014,7.390008413228139e-06,-1.9017865215008977e-05,-1.1711848661712789e-11,-1.1711848661712789e-11,0.005184367148672143,6.158340344356711e-07
0.2896,89.99992451989945,90.0,0.0026468221020269672,-0.001587858792729936,-3.2470974676442707e-06,1.7140188689381722e-07,12.000000000000139,7.339082781999556e-06,-1.889057409575045e-05,-1.1553290590683949e-11,-1.1553290590683949e-11,0.005148744501132308,6.115902318332893e-07
0.2898,89.9999250474447,90.0,0.002628632497351511,-0.0015771931562000082,-3.2253589381903905e-06,1.7020392541490956e-07,12.000000000000137,7.288500517385093e-06,-1.876410628704648e-05,-1.1396849865117133e-11,-1.1396849865117133e-11,0.005113361077751189,6.073750431154176e-07
0.29000000000000004,89.99992557136427,90.0,0.002610565071651047,-0.0015665968652694446,-3.203761060068127e-06,1.690141972387244e-07,12.000000000000135,7.23825937431246e-06,-1.8638456742785774e-05,-1.1242498686765409e-11,-1.1242498686765409e-11,0.005078215323658518,6.031882811926982e-07
0.2902,89.9999260916825,90.0,0.002592619030549567,-0.0015560694904142268,-3.1823029686957916e-06,1.6783264709888973e-07,12.000000000000133,7.1883571222309475e-06,-1.8513620433108698e-05,-1.1090209608217985e-11,-1.1090209608217985e-11,0.0050433056935902274,5.990297601859057e-07
0.2904,89.99992660842356,90.0,0.0025747935845912427,-0.0015456106054274864,-3.160983806382158e-06,1.6665922001793242e-07,12.000000000000131,7.138791544015556e-06,-1.8389592368242138e-05,-1.093995554135821e-11,-1.093995554135821e-11,0.005008630651853245,5.948992953346231e-07
0.2906,89.99992712161152,90.0,0.002557087949202761,-0.001535219785945834,-3.1398027188878704e-06,1.6549386142283793e-07,12.00000000000013,7.089560436723778e-06,-1.826636757849485e-05,-1.0791709742262467e-11,-1.0791709742262467e-11,0.004974188672252241,5.907967030603085e-07
0.2908,89.99992763127025,90.0,0.0025395013446717386,-0.0015248966104850345,-3.118758857850479e-06,1.6433651705838057e-07,12.000000000000128,7.040661610913379e-06,-1.8143941128365552e-05,-1.0645445814429529e-11,-1.0645445814429529e-11,0.004939978238047634,5.86721800909442e-07
0.29100000000000004,89.9999281374235,90.0,0.002522032996114051,-0.001514640659683846,-3.0978513790223955e-06,1.631871330449033e-07,12.000000000000126,6.992092890988972e-06,-1.8022308106291912e-05,-1.0501137699101273e-11,-1.0501137699101273e-11,0.004905997841892042,5.826744075824082e-07
0.2912,89.99992864009482,90.0,0.0025046821334495854,-0.0015044515166254338,-3.0770794430265704e-06,1.6204565584942787e-07,12.000000000000124,6.9438521149353694e-06,-1.7901463629046823e-05,-1.0358759673416174e-11,-1.0358759673416174e-11,0.0048722459857831035,5.786543429112748e-07
0.2914,89.99992913930764,90.0,0.0024874479913739606,-0.0014943287667978894,-3.0564422152691617e-06,1.6091203228565476e-07,12.000000000000123,6.895937134252555e-06,-1.7781402841230363e-05,-1.0218286345995259e-11,-1.0218286345995259e-11,0.004838721181008483,5.746614278543738e-07
0.2916,89.99992963508524,90.0,0.002470329809331149,-0.001484271998055997,-3.0359388658549593e-06,1.597862095139632e-07,12.00000000000012,6.848345813892696e-06,-1.7662120914777737e-05,-1.0079692652598628e-11,-1.0079692652598628e-11,0.004805421948092597,5.706954844910522e-07
0.2918,89.99993012745072,90.0,0.00245332683148638,-0.0014742808002281347,-3.0155685686731446e-06,1.5866813507030108e-07,12.00000000000012,6.8010760324086835e-06,-1.754361304364053e-05,-9.942953849412898e-12,-9.942953849412898e-12,0.00477234681674392,5.667563360340513e-07
0.29200000000000004,89.99993061642705,90.0,0.00243643830670346,-0.0014643547661504137,-2.9953305038189307e-06,1.5755775677951532e-07,12.000000000000117,6.754125681269388e-06,-1.7425874457875045e-05,-9.808045516209081e-12,-9.808045516209081e-12,0.004739494325810847,5.628438067724436e-07
0.2922,89.99993110203705,90.0,0.00241966348851038,-0.0014544934909081226,-2.97522385582622e-06,1.564550228131315e-07,12.000000000000117,6.7074926652022805e-06,-1.7308900413360443e-05,-9.674943547110897e-12,-9.674943547110897e-12,0.0047068630232148115,5.589577221001845e-07
0.2924,89.99993158430338,90.0,0.0024030016350734752,-0.0014446965714443724,-2.9552478127572186e-06,1.5535988171824392e-07,12.000000000000114,6.661174902344826e-06,-1.7192686186502436e-05,-9.543624144118292e-12,-9.543624144118292e-12,0.004674451465900008,5.550979085287303e-07
0.2926,89.99993206324856,90.0,0.002386452009176213,-0.0014349636072410192,-2.9354015677980556e-06,1.5427228235973564e-07,12.000000000000114,6.615170323773999e-06,-1.7077227083516077e-05,-9.41406381793534e-12,-9.41406381793534e-12,0.00464225821979213,5.51264193647828e-07
0.2928,89.99993253889498,90.0,0.0023700138781900556,-0.0014252941999227144,-2.915684318338231e-06,1.531921739491687e-07,12.00000000000011,6.5694768736501145e-06,-1.696251843507029e-05,-9.286239381504749e-12,-9.286239381504749e-12,0.004610281859741693,5.474564061375046e-07
0.29300000000000004,89.99993301126484,90.0,0.002353686514050057,-0.0014156879539333703,-2.8960952675563753e-06,1.5211950598700386e-07,12.00000000000011,6.524092508738991e-06,-1.6848555605513303e-05,-9.160127950750056e-12,-9.160127950750056e-12,0.0045785209694765615,5.436743757282443e-07
0.2932,89.99993348038024,90.0,0.00233746919322234,-0.0014061444754249384,-2.8766336218281047e-06,1.5105422834927068e-07,12.000000000000108,6.479015198969697e-06,-1.673533397779239e-05,-9.035706933495826e-12,-9.035706933495826e-12,0.004546974141538688,5.399179332474699e-07
0.2934,89.9999339462631,90.0,0.0023213611966846517,-0.0013966633732960705,-2.85729859315766e-06,1.4999629120089762e-07,12.000000000000107,6.434242926757274e-06,-1.6622848967600356e-05,-8.912954032694675e-12,-8.912954032694675e-12,0.004515639977246282,5.361869105631014e-07
0.2936,89.99993440893522,90.0,0.0023053618098949637,-0.001387244258082466,-2.8380893965892313e-06,1.4894564508238184e-07,12.000000000000107,6.389773687563068e-06,-1.6511096008315462e-05,-8.7918472355634e-12,-8.7918472355634e-12,0.004484517086632739,5.324811406302509e-07
0.2938,89.99993486841826,90.0,0.002289470322772644,-0.0013778867433516674,-2.819005253471083e-06,1.479022407942295e-07,12.000000000000103,6.345605489008009e-06,-1.640007056999105e-05,-8.672364819087752e-12,-8.672364819087752e-12,0.004453604088410004,5.288004574173295e-07
0.29400000000000004,89.99993532473373,90.0,0.002273686029663698,-0.0013685904442334357,-2.8000453880259025e-06,1.4686602951251556e-07,12.000000000000103,6.301736351636066e-06,-1.6289768139402948e-05,-8.55448533698314e-12,-8.55448533698314e-12,0.0044228996099009606,5.251446959696676e-07
0.2942,89.99993577790299,90.0,0.0022580082293229137,-0.0013593549784606468,-2.7812090297873965e-06,1.4583696270221372e-07,12.000000000000101,6.258164308240635e-06,-1.618018423422478e-05,-8.43818762294854e-12,-8.43818762294854e-12,0.004392402287004704,5.215136923533818e-07
0.2944,89.99993622794726,90.0,0.002242436224884016,-0.0013501799656170654,-2.7624954118469446e-06,1.4481499217497667e-07,12.0000000000001,6.214887404217578e-06,-1.6071314392827584e-05,-8.323450782433666e-12,-8.323450782433666e-12,0.004362110764138478,5.179072836847938e-07
0.29460000000000003,89.99993667488765,90.0,0.002226969323838557,-0.0013410650278184197,-2.743903772449555e-06,1.4380007003135594e-07,12.0000000000001,6.1719036970949764e-06,-1.5963154183564553e-05,-8.210254193569866e-12,-8.210254193569866e-12,0.004332023694196612,5.143253080912438e-07
0.2948,89.9999371187451,90.0,0.002211606838006834,-0.0013320097893165187,-2.725433354073465e-06,1.427921486896919e-07,12.000000000000096,6.1292112566770765e-06,-1.5855699199416457e-05,-8.09857750129569e-12,-8.09857750129569e-12,0.004302139738493947,5.107676047230856e-07
0.29500000000000004,89.99993755954043,90.0,0.002196348083513415,-0.0013230138764650829,-2.707083403354555e-06,1.4179118088611388e-07,12.000000000000096,6.086808164988006e-06,-1.57489450575519e-05,-7.988400613854471e-12,-7.988400613854471e-12,0.0042724575667182334,5.072340137489964e-07
0.2952,89.99993799729431,90.0,0.0021811923807630302,-0.001314076918041355,-2.6888531718424647e-06,1.4079711964565006e-07,12.000000000000096,6.044692516005465e-06,-1.564288740372617e-05,-7.879703701501581e-12,-7.879703701501581e-12,0.004242975856883227,5.037243763337847e-07
0.2954,89.99993843202729,90.0,0.0021661390544129066,-0.001305198544496924,-2.670741914253992e-06,1.3980991834000752e-07,12.000000000000092,6.002862416018789e-06,-1.553752190212006e-05,-7.772467188692046e-12,-7.772467188692046e-12,0.004213693295274877,5.002385346682285e-07
0.29560000000000003,89.99993886375978,90.0,0.002151187433353483,-0.0012963783886413467,-2.6527488900746877e-06,1.3882953062979213e-07,12.000000000000092,5.9613159831628955e-06,-1.5432844244657446e-05,-7.666671755111602e-12,-7.666671755111602e-12,0.0041846085764138076,4.967763319302375e-07
0.2958,89.99993929251205,90.0,0.002136336850681592,-0.0012876160856046962,-2.6348733634760092e-06,1.3785591046450888e-07,12.00000000000009,5.920051347356591e-06,-1.5328850150523316e-05,-7.56229833225268e-12,-7.56229833225268e-12,0.004155720403003152,4.933376122797122e-07
0.29600000000000004,89.99993971830425,90.0,0.002121586643673553,-0.0012789112724447289,-2.6171146024016657e-06,1.3688901211145158e-07,12.000000000000089,5.87906665045154e-06,-1.5225535360848403e-05,-7.459328097936153e-12,-7.459328097936153e-12,0.004127027485876215,4.89922220870958e-07
0.2962,89.99994014115637,90.0,0.002106936153763332,-0.0012702635884716557,-2.5994718793307202e-06,1.359287901268129e-07,12.000000000000089,5.838360045971174e-06,-1.5122895643148678e-05,-7.357742475195844e-12,-7.357742475195844e-12,0.004098528543953984,4.865300038309276e-07
0.2964,89.9999405610883,90.0,0.0020923847265168338,-0.0012616726748569756,-2.581944470367623e-06,1.3497519938457457e-07,12.000000000000087,5.7979296992624e-06,-1.5020926786031455e-05,-7.257523126931438e-12,-7.257523126931438e-12,0.0040702223041951206,4.831608082718632e-07
0.29660000000000003,89.9999409781198,90.0,0.0020779317116103022,-0.001253138175313865,-2.5645316568366456e-06,1.3402819501872716e-07,12.000000000000085,5.7577737870242404e-06,-1.4919624608471306e-05,-7.158651956908106e-12,-7.158651956908106e-12,0.004042107501553946,4.798144822520166e-07
0.2968,89.99994139227044,90.0,0.002063576462801304,-0.001244659734990842,-2.5472327227005465e-06,1.330877325099402e-07,12.000000000000085,5.7178904978736176e-06,-1.4818984944792665e-05,-7.061111100330131e-12,-7.061111100330131e-12,0.004014182878923994,4.7649087482279806e-07
0.29700000000000004,89.99994180355978,90.0,0.0020493183379124242,-0.0012362370018700938,-2.5300469578324986e-06,1.3215376757000233e-07,12.000000000000083,5.6782780314644645e-06,-1.4719003663704872e-05,-6.96488292905498e-12,-6.96488292905498e-12,0.003986447187106302,4.7318983595536873e-07
0.2972,89.99994221200714,90.0,0.0020351566987986086,-0.001227869625300786,-2.512973654592941e-06,1.3122625625738082e-07,12.000000000000082,5.638934599256001e-06,-1.4619676648387385e-05,-6.8699500402105055e-12,-6.8699500402105055e-12,0.003958899184745872,4.6991121660466354e-07
0.2974,89.99994261763175,90.0,0.0020210909113316227,-0.0012195572570431797,-2.4960121102732893e-06,1.303051548905522e-07,12.000000000000082,5.59985842384444e-06,-1.4520999810706502e-05,-6.776295259385649e-12,-6.776295259385649e-12,0.003931537638301448,4.6665486865370015e-07
0.29760000000000003,89.99994302045272,90.0,0.0020071203453724,-0.001211299550874755,-2.47916162617997e-06,1.2939042007689184e-07,12.00000000000008,5.561047739110234e-06,-1.4422969085886577e-05,-6.68390163552715e-12,-6.68390163552715e-12,0.0039043613219917244,4.6342064492584974e-07
0.2978,89.99994342048905,90.0,0.001993244374748033,-0.001203096162558077,-2.4624215075633456e-06,1.2848200871267415e-07,12.000000000000078,5.522500790165147e-06,-1.4325580432096515e-05,-6.592752437985571e-12,-6.592752437985571e-12,0.0038773690177505843,4.602083991804259e-07
0.298,89.99994381775959,90.0,0.0019794623772288276,-0.001194946749808765,-2.4457910635468545e-06,1.275798779830724e-07,12.000000000000078,5.484215833299481e-06,-1.4228829830037539e-05,-6.502831153601277e-12,-6.502831153601277e-12,0.003850559515182472,4.570179861082871e-07
0.2982,89.99994421228304,90.0,0.0019657737345060784,-0.0011868509722644562,-2.429269607058367e-06,1.2668398536215902e-07,12.000000000000078,5.446191135930952e-06,-1.4132713282543845e-05,-6.414121483836952e-12,-6.414121483836952e-12,0.003823931611519152,4.5384926132757636e-07
0.2984,89.99994460407805,90.0,0.0019521778321700198,-0.0011788084921645638,-2.4128564564232215e-06,1.2579428855512536e-07,12.000000000000075,5.408424976132275e-06,-1.403722682385036e-05,-6.326607345812145e-12,-6.326607345812145e-12,0.0037974841115768236,4.507020813443534e-07
0.29860000000000003,89.9999449931631,90.0,0.001938674059680018,-0.0011708189728875714,-2.3965509319498878e-06,1.2491074561384173e-07,12.000000000000075,5.370915643405999e-06,-1.3942366499729246e-05,-6.24027286162459e-12,-6.24027286162459e-12,0.003771215827698132,4.475763036171638e-07
0.2988,89.99994537955654,90.0,0.0019252618103515187,-0.001162882080353895,-2.380352359211932e-06,1.2403331482129753e-07,12.000000000000075,5.333661437811089e-06,-1.3848128386583307e-05,-6.155102363448001e-12,-6.155102363448001e-12,0.0037451255797267846,4.4447178648425464e-07
0.299,89.99994576327661,90.0,0.0019119404813269748,-0.0011549974822747467,-2.3642600672970837e-06,1.2316195474938113e-07,12.000000000000073,5.29666067031775e-06,-1.3754508581259621e-05,-6.071080386825449e-12,-6.071080386825449e-12,0.0037192121949509932,4.413883891931432e-07
0.2992,89.99994614434146,90.0,0.0018987094735552533,-0.0011471648484786532,-2.348273389574208e-06,1.2229662422998995e-07,12.000000000000071,5.259911662549213e-06,-1.366150320551155e-05,-5.988191669885269e-12,-5.988191669885269e-12,0.003693474508063416,4.383259718790985e-07
0.2994,89.9999465227691,90.0,0.001885568191767425,-0.0011393838505223798,-2.332391662787954e-06,1.2143728238392043e-07,12.000000000000071,5.223412746936896e-06,-1.3569108400731683e-05,-5.90642114874583e-12,-5.90642114874583e-12,0.0036679113611140625,4.3528439557807206e-07
0.29960000000000003,89.99994689857738,90.0,0.0018725160444570143,-0.0011316541620186261,-2.316614227828333e-06,1.2058388859197802e-07,12.000000000000071,5.187162266464122e-06,-1.3477320332428999e-05,-5.825753956785415e-12,-5.825753956785415e-12,0.0036425216034718763,4.322635222053409e-07
0.2998,89.99994727178408,90.0,0.001859552443856344,-0.0011239754582477255,-2.300940428827086e-06,1.197364025238672e-07,12.000000000000068,5.151158574822568e-06,-1.3386135184971826e-05,-5.7461754201501095e-12,-5.7461754201501095e-12,0.0036173040917787174,4.292632145685449e-07
0.3,89.99994764240687,90.0,0.0018466768059174302,-0.001116347416841512,-2.2853696147598125e-06,1.1889478408041154e-07,12.000000000000068,5.115400035946607e-06,-1.3295549170908508e-05,-5.667671058899574e-12,-5.667671058899574e-12,0.003592257689912198,4.262833363288815e-07
0.3002,89.99994801046326,90.0,0.0018338885502852832,-0.0011087697170354986,-2.269901137702376e-06,1.1805899345133364e-07,12.000000000000068,5.079885024373607e-06,-1.3205558520823738e-05,-5.590226580701784e-12,-5.590226580701784e-12,0.003567381268933747,4.2332375203113154e-07
0.3004,89.99994837597069,90.0,0.0018211871002791194,-0.0011012420399979148,-2.2545343536034396e-06,1.1722899108636518e-07,12.000000000000068,5.044611924989859e-06,-1.3116159487832911e-05,-5.513827880199201e-12,-5.513827880199201e-12,0.0035426737070520624,4.203843270824859e-07
0.30060000000000003,89.99994873894644,90.0,0.001808571882870681,-0.0010937640691547085,-2.2392686230480815e-06,1.1640473766635693e-07,12.000000000000064,5.009579132769858e-06,-1.3027348352024609e-05,-5.438461038302161e-12,-5.438461038302161e-12,0.0035181338895809355,4.1746492773081925e-07
0.3008,89.99994909940773,90.0,0.0017960423286580026,-0.0010863354890871006,-2.224103308685058e-06,1.1558619418994858e-07,12.000000000000064,4.97478505334852e-06,-1.2939121405493224e-05,-5.3641123142924365e-12,-5.3641123142924365e-12,0.0034937607088882236,4.145654211123745e-07
0.301,89.99994945737161,90.0,0.0017835978718523703,-0.0010789559869344642,-2.209037778508808e-06,1.1477332185800914e-07,12.000000000000064,4.940228102147775e-06,-1.2851474971432627e-05,-5.290768150659992e-12,-5.290768150659992e-12,0.003469553064370479,4.116856751789791e-07
0.3012,89.99994981285506,90.0,0.0017712379502489864,-0.0010716252512875499,-2.1940714032771395e-06,1.1396608216030646e-07,12.000000000000064,4.905906704941649e-06,-1.2764405389113082e-05,-5.218415165253571e-12,-5.218415165253571e-12,0.003445509862395887,4.088255587451352e-07
0.3014,89.99995016587492,90.0,0.0017589620052102693,-0.0010643429728757095,-2.179203558120791e-06,1.131644368177277e-07,12.00000000000006,4.871819297396144e-06,-1.2677909023245165e-05,-5.147040152506515e-12,-5.147040152506515e-12,0.0034216300162717766,4.059849414496766e-07
0.30160000000000003,89.99995051644794,90.0,0.0017467694816415442,-0.0010571088438224132,-2.1644336208072092e-06,1.1236834784005888e-07,12.00000000000006,4.837964325435033e-06,-1.2591982253878976e-05,-5.076630077564766e-12,-5.076630077564766e-12,0.0033979124461973377,4.0316369378625073e-07
0.3018,89.99995086459074,90.0,0.001734659827974876,-0.0010499225586884896,-2.1497609741823296e-06,1.1157777743931535e-07,12.00000000000006,4.804340244570113e-06,-1.2506621490609637e-05,-5.007172079245086e-12,-5.007172079245086e-12,0.003374356079232166,4.0036168704750743e-07
0.302,89.99995121031985,90.0,0.0017226324961410948,-0.0010427838133672492,-2.1351850035924612e-06,1.1079268811641143e-07,12.00000000000006,4.7709455204694116e-06,-1.2421823157578647e-05,-4.938653462476062e-12,-4.938653462476062e-12,0.0033509598492418497,3.9757879337244897e-07
0.3022,89.99995155365167,90.0,0.00171068694155487,-0.0010356923057741915,-2.1207050984993343e-06,1.1001304260338059e-07,12.000000000000059,4.737778628501161e-06,-1.2337583702869702e-05,-4.871061699566668e-12,-4.871061699566668e-12,0.0033277226968689345,3.948148857084282e-07
0.3024,89.9999518946025,90.0,0.001698822623091201,-0.0010286477354589044,-2.106320651576915e-06,1.0923880389226532e-07,12.000000000000057,4.704838053890565e-06,-1.2253899593254265e-05,-4.804384426241375e-12,-4.804384426241375e-12,0.0033046435694871895,3.9206983782421185e-07
0.30260000000000004,89.99995223318854,90.0,0.0016870390030668647,-0.0010216498039344337,-2.092031059484679e-06,1.0846993520622741e-07,12.000000000000057,4.672122291466275e-06,-1.2170767318690216e-05,-4.738609441158459e-12,-4.738609441158459e-12,0.003281721421165521,3.8934352428885437e-07
0.3028,89.99995256942586,90.0,0.0016753355472178468,-0.0010146982142904973,-2.0778357219673317e-06,1.077064000284376e-07,12.000000000000057,4.639629845819339e-06,-1.2088183387084312e-05,-4.673724702037802e-12,-4.673724702037802e-12,0.0032589552126240664,3.866358204849431e-07
0.303,89.99995290333047,90.0,0.0016637117246814234,-0.0010077926718790133,-2.0637340434606146e-06,1.0694816204429599e-07,12.000000000000055,4.6073592308402735e-06,-1.200614433363426e-05,-4.609718326864183e-12,-4.609718326864183e-12,0.0032363439111993447,3.8394660257002104e-07
0.3032,89.99995323491821,90.0,0.0016521670079700716,-0.0010009328832118539,-2.0497254305190103e-06,1.0619518522810155e-07,12.000000000000053,4.57530897029161e-06,-1.1924646705863927e-05,-4.54657858674144e-12,-4.54657858674144e-12,0.0032138864907934996,3.812757475242991e-07
0.3034,89.99995356420489,90.0,0.0016407008729581798,-0.0009941185570081054,-2.0358092942664085e-06,1.0544743375638262e-07,12.000000000000053,4.543477597144778e-06,-1.1843687077880525e-05,-4.484293908828586e-12,-4.484293908828586e-12,0.0031915819318484506,3.7862313309539647e-07
0.30360000000000004,89.99995389120613,90.0,0.001629312798856978,-0.0009873494034485226,-2.0219850486575397e-06,1.0470487206567657e-07,12.000000000000053,4.5118636539441335e-06,-1.1763262040260188e-05,-4.4228528709392015e-12,-4.4228528709392015e-12,0.0031694292212971265,3.759886378286761e-07
0.3038,89.99995421593752,90.0,0.0016180022681976445,-0.0009806251345072115,-2.008252111256369e-06,1.0396746482363993e-07,12.000000000000053,4.4804656925572615e-06,-1.1683368204576429e-05,-4.362244201176566e-12,-4.362244201176566e-12,0.003147427352530603,3.733721410464368e-07
0.304,89.99995453841451,90.0,0.0016067687668106863,-0.000973945463922838,-1.9946099031724063e-06,1.0323517692904841e-07,12.000000000000052,4.449282274127538e-06,-1.1604002203029606e-05,-4.3024567759063585e-12,-4.3024567759063585e-12,0.003125575325357991,3.7077352284395996e-07
0.3042,89.99995485865244,90.0,0.0015956117838058675,-0.000967310107170605,-1.9810578489987225e-06,1.0250797351179691e-07,12.00000000000005,4.41831196902797e-06,-1.1525160688086315e-05,-4.243479617761849e-12,-4.243479617761849e-12,0.0031038721459673937,3.6819266408566266e-07
0.3044,89.99995517666659,90.0,0.001584530811552265,-0.000960718781434404,-1.967595376750347e-06,1.0178581993289947e-07,12.00000000000005,4.387553356815314e-06,-1.1446840332121015e-05,-4.18530189367719e-12,-4.18530189367719e-12,0.003082316826887112,3.6562944640127463e-07
0.30460000000000004,89.99995549247208,90.0,0.0015735253456587404,-0.0009541712052242744,-1.954221916973379e-06,1.0106868181337925e-07,12.00000000000005,4.357005026396011e-06,-1.1369037822233122e-05,-4.127912911396322e-12,-4.127912911396322e-12,0.0030609083869476495,3.630837521996661e-07
0.3048,89.99995580608399,90.0,0.0015625948849585989,-0.0009476670994208028,-1.940936905189327e-06,1.0035652494759874e-07,12.00000000000005,4.326665575358352e-06,-1.1291749874467382e-05,-4.071302122284568e-12,-4.071302122284568e-12,0.003039645851251882,3.605554646131945e-07
0.305,89.99995611751724,90.0,0.0015517389314825755,-0.0009412061861715868,-1.9277397793199567e-06,9.964931538992951e-08,12.000000000000048,4.2965336105428855e-06,-1.1214973218832481e-05,-4.015459114670991e-12,-4.015459114670991e-12,0.0030185282511224973,3.58044467545239e-07
0.3052,89.99995642678672,90.0,0.0015409569904443195,-0.00093478818958151,-1.9146299813035996e-06,9.894701939697242e-08,12.000000000000046,4.266607747587336e-06,-1.1138704608704191e-05,-3.960373615131991e-12,-3.960373615131991e-12,0.0029975546240737657,3.555506456322766e-07
0.3054,89.99995673390717,90.0,0.0015302485702178943,-0.0009284128349707861,-1.9016069553645283e-06,9.824960348533737e-08,12.000000000000046,4.236886611296547e-06,-1.1062940810757164e-05,-3.906035483555251e-12,-3.906035483555251e-12,0.0029767240137677695,3.5307388427471087e-07
0.30560000000000004,89.99995703889323,90.0,0.0015196131823239276,-0.0009220798495661607,-1.8886701496313132e-06,9.75570343738636e-08,12.000000000000046,4.207368835188922e-06,-1.0987678614380001e-05,-3.852434714434503e-12,-3.852434714434503e-12,0.0029560354699874622,3.5061406959907546e-07
0.3058,89.99995734175947,90.0,0.0015090503414077186,-0.0009157889621150731,-1.8758190152386362e-06,9.686927901250942e-08,12.000000000000046,4.17805306165692e-06,-1.0912914826449904e-05,-3.799561433520837e-12,-3.799561433520837e-12,0.0029354880485940793,3.4817108847140867e-07
0.306,89.99995764252034,90.0,0.0014985595652218869,-0.000909539903571972,-1.863053007934843e-06,9.618630452457263e-08,12.000000000000046,4.1489379415054505e-06,-1.0838646280684891e-05,-3.747405899040859e-12,-3.747405899040859e-12,0.00291508081149339,3.457448284587862e-07
0.3062,89.99995794119023,90.0,0.0014881403746010385,-0.0009033324056418583,-1.8503715846814214e-06,9.55080783222499e-08,12.000000000000044,4.120022134736986e-06,-1.0764869817860654e-05,-3.695958493928986e-12,-3.695958493928986e-12,0.0028948128265864105,3.4333517789474756e-07
0.3064,89.99995823778339,90.0,0.0014777922934530935,-0.0008971662021892586,-1.8377742069484883e-06,9.483456799107738e-08,12.000000000000043,4.091304309688231e-06,-1.0691582304982644e-05,-3.645209730146814e-12,-3.645209730146814e-12,0.0028746831677525387,3.4094202580735133e-07
0.30660000000000004,89.999958532314,90.0,0.0014675148487347618,-0.0008910410281381718,-1.8252603381473425e-06,9.416574137660016e-08,12.000000000000043,4.062783143606253e-06,-1.0618780620349493e-05,-3.5951502425007097e-12,-3.5951502425007097e-12,0.002854690914801848,3.3856526196718654e-07
0.3068,89.99995882479612,90.0,0.0014573075704391366,-0.0008849566208758325,-1.8128294469144256e-06,9.350156646881294e-08,12.000000000000043,4.034457321776547e-06,-1.0546461672658035e-05,-3.545770792840899e-12,-3.545770792840899e-12,0.002834835153450951,3.3620477681471104e-07
0.307,89.99995911524377,90.0,0.0014471699915677666,-0.0008789127187926272,-1.8004810037027815e-06,9.28420115177194e-08,12.000000000000043,4.006325538302195e-06,-1.047462238117352e-05,-3.4970622624805897e-12,-3.4970622624805897e-12,0.002815114975268674,3.3386046152518174e-07
0.30720000000000003,89.99995940367083,90.0,0.0014371016481188913,-0.0008729090623314844,-1.788214483237435e-06,9.218704494666263e-08,12.000000000000043,3.978386495444264e-06,-1.0403259690014212e-05,-3.4490156549460066e-12,-3.4490156549460066e-12,0.002795529477653172,3.315322079536875e-07
0.3074,89.99995969009109,90.0,0.001427102079064122,-0.0008669453925342293,-1.7760293611210898e-06,9.153663546788472e-08,12.00000000000004,3.950638904411556e-06,-1.0332370548404434e-05,-3.401622088610215e-12,-3.401622088610215e-12,0.002776077763786566,3.2921990870096187e-07
0.30760000000000004,89.99995997451826,90.0,0.0014171708263414566,-0.000861021453163458,-1.763925118795971e-06,9.089075190918727e-08,12.000000000000039,3.923081484079449e-06,-1.0261951939540973e-05,-3.3548728037105212e-12,-3.3548728037105212e-12,0.002756758942621358,3.269234570066197e-07
0.3078,89.99996025696599,90.0,0.001407307434824205,-0.0008551369888827954,-1.7519012392950072e-06,9.024936335838104e-08,12.000000000000039,3.895712961972671e-06,-1.0192000855874823e-05,-3.308759153555665e-12,-3.308759153555665e-12,0.0027375721288199796,3.2464274683105487e-07
0.308,89.99996053744778,90.0,0.0013975114523106173,-0.0008492917459529501,-1.7399572088709253e-06,8.961243910550597e-08,12.000000000000039,3.868532073819737e-06,-1.012251430858873e-05,-3.263272605872883e-12,-3.263272605872883e-12,0.0027185164427346183,3.223776728183104e-07
0.30820000000000003,89.99996081597705,90.0,0.0013877824295056328,-0.000843485472206238,-1.728092516939895e-06,8.897994864283135e-08,12.000000000000039,3.841537563510975e-06,-1.005348932726934e-05,-3.218404741255144e-12,-3.218404741255144e-12,0.002699591010371713,3.201281302925802e-07
0.3084,89.99996109256718,90.0,0.001378119920002851,-0.0008377179173766756,-1.7163066568564032e-06,8.83518616359658e-08,12.000000000000039,3.814728182846199e-06,-9.984922964415171e-06,-3.1741472529918866e-12,-3.1741472529918866e-12,0.0026807949633568836,3.178940152371822e-07
0.30860000000000004,89.99996136723142,90.0,0.0013685234802626924,-0.0008319888323589465,-1.7045991241846716e-06,8.772814798163717e-08,12.000000000000037,3.7881026919061867e-06,-9.916812285380268e-06,-3.130491942781435e-12,-3.130491942781435e-12,0.0026621274388924513,3.1567522432551457e-07
0.3088,89.99996163998293,90.0,0.001358992669599151,-0.0008262979691899032,-1.6929694166577384e-06,8.710877780769242e-08,12.000000000000037,3.7616598590221966e-06,-9.849154368136158e-06,-3.0874307193275665e-12,-3.0874307193275665e-12,0.0026435875797316626,3.134716549185154e-07
0.309,89.9999619108348,90.0,0.0013495270501667316,-0.0008206450820961429,-1.6814170366288212e-06,8.649372138642802e-08,12.000000000000036,3.7353984601133772e-06,-9.78194631753309e-06,-3.0449556009520597e-12,-3.0449556009520597e-12,0.002625174534153285,3.1128320500944717e-07
0.30920000000000003,89.99996217980002,90.0,0.0013401261869354097,-0.0008150299267485014,-1.669941489332841e-06,8.588294919236972e-08,12.000000000000036,3.709317279050871e-06,-9.715185255186147e-06,-3.0030587113535095e-12,-3.0030587113535095e-12,0.0026068874559128934,3.0910977325423833e-07
0.3094,89.9999624468915,90.0,0.0013307896476739143,-0.0008094522598834414,-1.6585422820042243e-06,8.527643193116245e-08,12.000000000000036,3.68341510783021e-06,-9.64886831434289e-06,-2.9617322768762252e-12,-2.9617322768762252e-12,0.002588725504210353,3.0695125898584994e-07
0.30960000000000004,89.99996271212206,90.0,0.001321517002937713,-0.0008039118399968178,-1.647218925500928e-06,8.467414048179047e-08,12.000000000000036,3.65769074612198e-06,-9.582992649331423e-06,-2.9209686278011997e-12,-2.9209686278011997e-12,0.002570687843666447,3.0480756217683077e-07
0.3098,89.99996297550445,90.0,0.0013123078260487571,-0.0007984084269603265,-1.6359709334113181e-06,8.40760459254674e-08,12.000000000000036,3.632143001436085e-06,-9.517555430364497e-06,-2.8807601955981923e-12,-2.8807601955981923e-12,0.0025527736442834763,3.026785834530062e-07
0.31,89.9999632370513,90.0,0.0013031616930796693,-0.0007929417823546963,-1.6247978228358958e-06,8.348211951674616e-08,12.000000000000036,3.6067706888745165e-06,-9.452553848087339e-06,-2.8410995128574444e-12,-2.8410995128574444e-12,0.002534982081414497,3.005642240728755e-07
0.31020000000000003,89.9999634967752,90.0,0.0012940781828343572,-0.0007875116687320789,-1.613699112666288e-06,8.289233274129888e-08,12.000000000000034,3.581572631508472e-06,-9.387985103565376e-06,-2.80197920932824e-12,-2.80197920932824e-12,0.002517312335725614,2.9846438595903846e-07
0.3104,89.9999637546886,90.0,0.001285056876836689,-0.0007821178503107785,-1.6026743252114078e-06,8.230665725813709e-08,12.000000000000032,3.5565476599306045e-06,-9.323846417744711e-06,-2.7633920132151844e-12,-2.7633920132151844e-12,0.0024997635931739495,2.9637897166088294e-07
0.3106,89.99996401080392,90.0,0.0012760973593115496,-0.0007767600929488033,-1.591722986138948e-06,8.172506489961161e-08,12.000000000000032,3.5316946122114443e-06,-9.260135031111751e-06,-2.725330749810645e-12,-2.725330749810645e-12,0.0024823350449707923,2.943078843509529e-07
0.3108,89.99996426513347,90.0,0.0012671992171658596,-0.0007714381637620882,-1.580844623586183e-06,8.114752770030266e-08,12.000000000000032,3.5070123340665913e-06,-9.19684819852014e-06,-2.6877883388956795e-12,-2.6877883388956795e-12,0.002465025887544674,2.9225102783888185e-07
0.311,89.9999645176895,90.0,0.0012583620399744793,-0.0007661518314600875,-1.5700387689470064e-06,8.057401786812973e-08,12.000000000000032,3.4824996786134446e-06,-9.133983193769493e-06,-2.6507577947302313e-12,-2.6507577947302313e-12,0.00244783532251395,2.902083065511196e-07
0.31120000000000003,89.99996476848416,90.0,0.001249585419961634,-0.0007609008659645675,-1.5593049559839947e-06,8.000450781324167e-08,12.000000000000032,3.458155506539325e-06,-9.071537304439658e-06,-2.614232223510402e-12,-2.614232223510402e-12,0.002430762556650668,2.88179625544943e-07
0.3114,89.9999650175295,90.0,0.001240868951987219,-0.0007556850387457558,-1.5486427216166747e-06,7.943897011912666e-08,12.000000000000032,3.4339786858591275e-06,-9.009507836476616e-06,-2.5782048233784498e-12,-2.5782048233784498e-12,0.0024138068018539276,2.861648904882599e-07
0.3116,89.99996526483753,90.0,0.0012322122335289621,-0.0007505041224421635,-1.538051605035863e-06,7.887737757150216e-08,12.000000000000032,3.4099680920851347e-06,-8.947892109039982e-06,-2.542668881937218e-12,-2.542668881937218e-12,0.002396967275115176,2.8416400767376045e-07
0.3118,89.99996551042014,90.0,0.001223614864669159,-0.0007453578911973372,-1.5275311484932706e-06,7.831970312942502e-08,12.00000000000003,3.386122607985667e-06,-8.886687459096676e-06,-2.5076177762791566e-12,-2.5076177762791566e-12,0.002380243198492414,2.8217688399880487e-07
0.312,89.99996575428918,90.0,0.0012150764480772832,-0.0007402461209908477,-1.517080898078359e-06,7.776591989640157e-08,12.000000000000028,3.3624411233342227e-06,-8.82589124594042e-06,-2.4730449729521268e-12,-2.4730449729521268e-12,0.002363633799076364,2.802034269445179e-07
0.31220000000000003,89.9999659964564,90.0,0.0012065965889891217,-0.0007351685885433445,-1.506700401162191e-06,7.721600120705731e-08,12.000000000000028,3.3389225354940405e-06,-8.765500836320889e-06,-2.438944023106967e-12,-2.438944023106967e-12,0.002347138308949878,2.782435446245027e-07
0.3124,89.99996623693346,90.0,0.0011981748951981363,-0.0007301250720150375,-1.4963892080318944e-06,7.666992056935712e-08,12.000000000000028,3.315565748976534e-06,-8.705513613952484e-06,-2.4053085638058096e-12,-2.4053085638058096e-12,0.0023307559651711447,2.7629714574804383e-07
0.3126,89.99996647573195,90.0,0.0011898109770390212,-0.0007251153513380074,-1.4861468726704385e-06,7.612765163571538e-08,12.000000000000028,3.2923696751926096e-06,-8.645926984050834e-06,-2.3721323180182e-12,-2.3721323180182e-12,0.0023144860097416937,2.743641395993835e-07
0.3128,89.99996671286341,90.0,0.001181504447367497,-0.0007201392074774554,-1.4759729510331018e-06,7.558916826077569e-08,12.000000000000028,3.269333232827902e-06,-8.586738363305827e-06,-2.3394090910628284e-12,-2.3394090910628284e-12,0.0022983276895670967,2.7244443606899117e-07
0.313,89.99996694833926,90.0,0.001173254921548305,-0.0007151964227702054,-1.4658670018409464e-06,7.505444447252112e-08,12.000000000000028,3.246455347604301e-06,-8.527945184497801e-06,-2.307132770690764e-12,-2.307132770690764e-12,0.00228228025643361,2.705379456336911e-07
0.31320000000000003,89.99996718217088,90.0,0.001165062017439638,-0.0007102867809029695,-1.455828586532743e-06,7.452345447227402e-08,12.000000000000028,3.2237349522441427e-06,-8.469544896217848e-06,-2.2752973259615335e-12,-2.2752973259615335e-12,0.002266342966977888,2.686445793536779e-07
0.3134,89.99996741436952,90.0,0.0011569253553775755,-0.0007054100668906144,-1.4458572692168954e-06,7.399617263469621e-08,12.000000000000027,3.2011709864344097e-06,-8.411534962588132e-06,-2.2438968061346428e-12,-2.2438968061346428e-12,0.002250515082656712,2.667642488695335e-07
0.3136,89.99996764494642,90.0,0.0011488445581609905,-0.0007005660674103575,-1.4359526174553895e-06,7.347257347889893e-08,12.000000000000027,3.1787623965811585e-06,-8.353912867822657e-06,-2.212925340712506e-12,-2.212925340712506e-12,0.00223479586971762,2.6489686638176263e-07
0.3138,89.99996787391272,90.0,0.0011408192510323793,-0.0006957545700644585,-1.4261142005434521e-06,7.295263172622269e-08,12.000000000000025,3.1565081361871325e-06,-8.296676106218864e-06,-2.1823771360490975e-12,-2.1823771360490975e-12,0.002219184599161623,2.630423446822605e-07
0.314,89.99996810127948,90.0,0.0011328490616673871,-0.0006909753637208667,-1.4163415903077707e-06,7.243632227134743e-08,12.000000000000025,3.1344071656168124e-06,-8.239822186801421e-06,-2.1522464754765593e-12,-2.1522464754765593e-12,0.0022036805467228284,2.612005971347338e-07
0.31420000000000003,89.99996832705766,90.0,0.0011249336201601093,-0.0006862282388479669,-1.4066343618916576e-06,7.192362015340255e-08,12.000000000000025,3.1124584518517615e-06,-8.183348637890062e-06,-2.1225277193708725e-12,-2.1225277193708725e-12,0.0021882829928398457,2.5937153765431293e-07
0.3144,89.99996855125819,90.0,0.0011170725590050005,-0.000681512986778778,-1.3969920920380445e-06,7.141450061374673e-08,12.000000000000025,3.09066096887071e-06,-8.127252997110592e-06,-2.0932153018589292e-12,-2.0932153018589292e-12,0.0021729912226205943,2.5755508073922527e-07
0.3146,89.99996877389192,90.0,0.0011092655130868934,-0.0006768294007628324,-1.3874143615503604e-06,7.09089390092982e-08,12.000000000000025,3.0690136969940494e-06,-8.071532825711491e-06,-2.0643037331537997e-12,-2.0643037331537997e-12,0.0021578045258228915,2.5575114141617027e-07
0.3148,89.9999689949696,90.0,0.0011015121196589444,-0.0006721772748695648,-1.377900752732706e-06,7.040691089920453e-08,12.000000000000025,3.0475156234656535e-06,-8.016185693671668e-06,-2.0357875951721846e-12,-2.0357875951721846e-12,0.0021427221968115476,2.539596352888039e-07
0.315,89.99996921450193,90.0,0.0010938120183333366,-0.0006675564043306048,-1.3684508501917118e-06,6.99083920159526e-08,12.000000000000025,3.0261657422206415e-06,-7.96120918436541e-06,-2.007661541698241e-12,-2.007661541698241e-12,0.0021277435345402815,2.5218047851838624e-07
0.31520000000000004,89.99996943249954,90.0,0.0010861648510678901,-0.0006629665862316251,-1.359064242456322e-06,6.941335820758892e-08,12.000000000000025,3.0049630534328827e-06,-7.906600903985774e-06,-1.979920299559686e-12,-1.979920299559686e-12,0.002112867842525675,2.5041358778607306e-07
0.3154,89.99996964897296,90.0,0.0010785702621449928,-0.0006584076180618343,-1.3497405185904406e-06,6.892178555327917e-08,12.000000000000025,2.983906564309932e-06,-7.85235846183804e-06,-1.9525586632994264e-12,-1.9525586632994264e-12,0.002098094428806188,2.4865888035916046e-07
0.3156,89.9999698639327,90.0,0.0010710278981667057,-0.0006538792994835028,-1.3404792723306653e-06,6.843365021885872e-08,12.000000000000023,2.9629952880275185e-06,-7.798479494411723e-06,-1.925571499643426e-12,-1.925571499643426e-12,0.002083422605932635,2.4691627400229273e-07
0.3158,89.99997007738915,90.0,0.0010635374080301358,-0.0006493814308764894,-1.331280098687944e-06,6.794892857239219e-08,12.000000000000021,2.9422282445163076e-06,-7.744961645610106e-06,-1.898953742200793e-12,-1.898953742200793e-12,0.002068851690920283,2.451856870430252e-07
0.316,89.99997028935265,90.0,0.0010560984429190672,-0.0006449138136818293,-1.3221425947523014e-06,6.74675971552836e-08,12.000000000000021,2.921604460231792e-06,-7.691802571431869e-06,-1.872700391659806e-12,-1.872700391659806e-12,0.002054381005232568,2.434670383526489e-07
0.31620000000000004,89.99997049983348,90.0,0.001048710656291852,-0.0006404762510953672,-1.313066361316574e-06,6.698963262449654e-08,12.000000000000021,2.9011229677047437e-06,-7.638999949417468e-06,-1.8468065169625294e-12,-1.8468065169625294e-12,0.0020400098747575413,2.417602473087282e-07
0.3164,89.99997070884183,90.0,0.0010413737038612555,-0.0006360685473290749,-1.3040510011530234e-06,6.651501181033402e-08,12.000000000000021,2.8807828059165534e-06,-7.586551468623024e-06,-1.8212672522508457e-12,-1.8212672522508457e-12,0.0020257376297686644,2.40065233826379e-07
0.3166,89.99997091638785,90.0,0.0010340872435828632,-0.0006316905075948636,-1.2950961189775336e-06,6.604371171643839e-08,12.000000000000021,2.860583020272566e-06,-7.534454829412027e-06,-1.79607779600222e-12,-1.79607779600222e-12,0.0020115636049022555,2.3838191835604674e-07
0.3168,89.99997112248158,90.0,0.0010268509356437469,-0.0006273419384440302,-1.2862013222451718e-06,6.55757094909015e-08,12.000000000000021,2.8405226623651567e-06,-7.4827077480836615e-06,-1.7712334111905792e-12,-1.7712334111905792e-12,0.0019974871391354432,2.3671022186376263e-07
0.317,89.99997132713304,90.0,0.0010196644424468738,-0.0006230226477454881,-1.2773662211020357e-06,6.511098242626465e-08,12.000000000000021,2.8206007899378746e-06,-7.431307956592664e-06,-1.7467294243864037e-12,-1.7467294243864037e-12,0.0019835075757558378,2.3505006582815581e-07
0.31720000000000004,89.99997153035216,90.0,0.0010125274285960586,-0.0006187324446647576,-1.2685904283387806e-06,6.464950795951868e-08,12.000000000000021,2.800816466850829e-06,-7.3802532022789616e-06,-1.7225612248726202e-12,-1.7225612248726202e-12,0.0019696242623322615,2.3340137223756867e-07
0.3174,89.99997173214878,90.0,0.0010054395608813777,-0.0006144711392883275,-1.2598735585149984e-06,6.419126370099377e-08,12.000000000000021,2.781168763257986e-06,-7.329541242773591e-06,-1.698724262784416e-12,-1.698724262784416e-12,0.001955836550686372,2.3176406360483174e-07
0.3176,89.9999719325327,90.0,0.0009984005082682994,-0.0006102385426084776,-1.2512152279256444e-06,6.373622743435947e-08,12.000000000000021,2.761656755582169e-06,-7.279169845803375e-06,-1.675214048307739e-12,-1.675214048307739e-12,0.0019421437968715181,2.3013806296518034e-07
0.3178,89.99997213151367,90.0,0.000991409941887501,-0.0006060344675748776,-1.2426150570613007e-06,6.328437702995506e-08,12.00000000000002,2.7422795258590864e-06,-7.2291368035039505e-06,-1.6520261538236042e-12,-1.6520261538236042e-12,0.0019285453611529364,2.2852329382159016e-07
0.318,89.99997232910135,90.0,0.0009844675350123447,-0.000601858727642048,-1.2340726672163248e-06,6.283569056034906e-08,12.00000000000002,2.723036162528923e-06,-7.179439912687065e-06,-1.629156209079195e-12,-1.629156209079195e-12,0.0019150406079639288,2.2691968021074323e-07
0.31820000000000004,89.99997252530532,90.0,0.0009775729630531666,-0.000597711137827204,-1.2255876829629263e-06,6.23901462136696e-08,12.00000000000002,2.703925759790652e-06,-7.130076989233958e-06,-1.6065999033733536e-12,-1.6065999033733536e-12,0.001901628905894759,2.2532714664922062e-07
0.3184,89.99997272013513,90.0,0.0009707259035392754,-0.0005935915139745754,-1.217159730434425e-06,6.194772235138416e-08,12.000000000000018,2.6849474179823294e-06,-7.081045858107911e-06,-1.5843529827784394e-12,-1.5843529827784394e-12,0.0018883096276576326,2.2374561816519378e-07
0.3186,89.99997291360026,90.0,0.0009639260361095977,-0.0005894996734528894,-1.2087884389574996e-06,6.150839745051984e-08,12.000000000000018,2.6661002431378782e-06,-7.032344362850144e-06,-1.5624112513020026e-12,-1.5624112513020026e-12,0.0018750821500685,2.2217502026148954e-07
0.31880000000000003,89.99997310571011,90.0,0.0009571730424951881,-0.0005854354344204068,-1.2004734393370322e-06,6.107215016144308e-08,12.000000000000018,2.647383347368557e-06,-6.983970355601593e-06,-1.540770568161274e-12,-1.540770568161274e-12,0.0018619458540130357,2.206152789473794e-07
0.319,89.999973296474,90.0,0.0009504666065101097,-0.0005813986161674594,-1.1922143646585076e-06,6.063895927896987e-08,12.000000000000018,2.6287958486311347e-06,-6.935921701771009e-06,-1.5194268480038497e-12,-1.5194268480038497e-12,0.0018489001244288961,2.190663207192609e-07
0.31920000000000004,89.99997348590124,90.0,0.000943806414038561,-0.0005773890394537482,-1.184010851078827e-06,6.02088037134757e-08,12.000000000000018,2.610336870487431e-06,-6.888196284635663e-06,-1.4983760610782483e-12,-1.4983760610782483e-12,0.0018359443502806794,2.1752807254061892e-07
0.3194,89.99997367400101,90.0,0.0009371921530179189,-0.0005734065257741242,-1.1758625361127965e-06,5.978166254867551e-08,12.000000000000018,2.5920055424870104e-06,-6.840791995372679e-06,-1.4776142305838945e-12,-1.4776142305838945e-12,0.0018230779245269407,2.1600046187391722e-07
0.3196,89.99997386078252,90.0,0.0009306235134304866,-0.0005694508980576083,-1.1677690602687778e-06,5.935751498384377e-08,12.000000000000018,2.5738009997265016e-06,-6.793706742574732e-06,-1.457137433823958e-12,-1.457137433823958e-12,0.0018103002441041379,2.1448341664387482e-07
0.31980000000000003,89.99997404625482,90.0,0.0009241001872869158,-0.0005655219802889735,-1.1597300661669185e-06,5.8936340362704486e-08,12.000000000000018,2.5557223830223163e-06,-6.746938447120193e-06,-1.4369418005149068e-12,-1.4369418005149068e-12,0.0017976107098943842,2.1297686525185937e-07
0.32,89.99997423042694,90.0,0.0009176218686142072,-0.0005616195971367187,-1.1517451976715208e-06,5.8518118202321006e-08,12.000000000000018,2.537768839093902e-06,-6.700485037125523e-06,-1.4170235111693394e-12,-1.4170235111693394e-12,0.0017850087267021074,2.1148073659115817e-07
0.32020000000000004,89.99997441330788,90.0,0.0009111882534477562,-0.0005577435750077767,-1.1438141023581836e-06,5.8102828106426373e-08,12.000000000000018,2.519939519912887e-06,-6.654344462298322e-06,-1.397378799138249e-12,-1.397378799138249e-12,0.0017724937032385741,2.0999495999274028e-07
0.3204,89.99997459490655,90.0,0.0009047990398116537,-0.0005538937409541953,-1.1359364289612526e-06,5.7690449852093026e-08,12.000000000000018,2.5022335832903276e-06,-6.608514679087407e-06,-1.3780039471399657e-12,-1.3780039471399657e-12,0.001760065052083572,2.0851946527419365e-07
0.3206,89.99997477523176,90.0,0.0008984539277110753,-0.0005500699233730523,-1.1281118290114518e-06,5.728096333195298e-08,12.000000000000018,2.4846501924374983e-06,-6.56299366021003e-06,-1.3588952884005756e-12,-1.3588952884005756e-12,0.0017477221896706043,2.0705418270312456e-07
0.32080000000000003,89.99997495429236,90.0,0.000892152619117042,-0.0005462719516299071,-1.1203399559582478e-06,5.6874348583087716e-08,12.000000000000016,2.467188516141689e-06,-6.517779389546074e-06,-1.3400492050527533e-12,-1.3400492050527533e-12,0.0017354645362572447,2.0559904301180712e-07
0.321,89.99997513209702,90.0,0.0008858948179551771,-0.0005424996560431017,-1.112620465135125e-06,5.647058578702823e-08,12.000000000000016,2.4498477287403442e-06,-6.472869861936032e-06,-1.3214621274746493e-12,-1.3214621274746493e-12,0.0017232915159032674,2.041539773950284e-07
0.32120000000000004,89.99997530865447,90.0,0.0008796802300948881,-0.0005387528682239272,-1.104953014556742e-06,5.606965524086508e-08,12.000000000000014,2.4326270098853293e-06,-6.4282630878186145e-06,-1.3031305345063678e-12,-1.3031305345063678e-12,0.0017112025564496028,2.0271891749044388e-07
0.3214,89.99997548397327,90.0,0.0008735085633346009,-0.000535031420700736,-1.0973372640427594e-06,5.5671537386138324e-08,12.000000000000014,2.4155255447198195e-06,-6.383957088133452e-06,-1.2850509518984577e-12,-1.2850509518984577e-12,0.001699197089489615,2.0129379539331805e-07
0.3216,89.99997565806203,90.0,0.000867379527391034,-0.0005313351469039653,-1.0897728751847107e-06,5.527621280883748e-08,12.000000000000014,2.3985425238536235e-06,-6.339949894128368e-06,-1.2672199516806792e-12,-1.2672199516806792e-12,0.0016872745503482367,1.998785436544684e-07
0.32180000000000003,89.99997583092919,90.0,0.0008612928338891547,-0.0005276638815073847,-1.0822595121455515e-06,5.488366221051167e-08,12.000000000000014,2.381677143129237e-06,-6.296239552010895e-06,-1.2496341523908831e-12,-1.2496341523908831e-12,0.0016754343780624307,1.9847309526076953e-07
0.322,89.99997600258322,90.0,0.0008552481963477401,-0.0005240174604079358,-1.0747968416150655e-06,5.44938664082696e-08,12.000000000000014,2.3649286035886253e-06,-6.252824122688845e-06,-1.232290218412982e-12,-1.232290218412982e-12,0.0016636760153531036,1.9707738363238521e-07
0.32220000000000004,89.99997617303251,90.0,0.0008492453301654591,-0.0005203957199957558,-1.0673845311057369e-06,5.4106806392559345e-08,12.000000000000014,2.348296111862914e-06,-6.209701671856235e-06,-1.2151848576540513e-12,-1.2151848576540513e-12,0.0016519989085980317,1.956913426552426e-07
0.3224,89.99997634228538,90.0,0.0008432839526151488,-0.0005167984982120005,-1.060022251426783e-06,5.372246324049869e-08,12.000000000000014,2.3317788795266703e-06,-6.166870284386423e-06,-1.1983148234927395e-12,-1.1983148234927395e-12,0.0016404025078207264,1.943149066272223e-07
0.3226,89.99997651035008,90.0,0.000837363782826093,-0.0005132256338135578,-1.0527096749682834e-06,5.334081817365487e-08,12.000000000000014,2.315376123478844e-06,-6.124328054349717e-06,-1.1816769124494136e-12,-1.1816769124494136e-12,0.001628886266655963,1.9294801028990343e-07
0.32280000000000003,89.99997667723486,90.0,0.000831484541774701,-0.000509676966715303,-1.0454464765029548e-06,5.296185252915475e-08,12.000000000000014,2.2990870657104736e-06,-6.0820730896778464e-06,-1.165267964432005e-12,-1.165267964432005e-12,0.001617449642331644,1.915905888092059e-07
0.323,89.99997684294785,90.0,0.000825645952271092,-0.0005061523376160971,-1.038232332314153e-06,5.258554778857464e-08,12.000000000000014,2.2829109334846815e-06,-6.040103507090953e-06,-1.1490848613097573e-12,-1.1490848613097573e-12,0.0016060920956427094,1.902425777903899e-07
0.32320000000000004,89.99997700749715,90.0,0.0008198477389504075,-0.0005026515879866567,-1.0310669201690392e-06,5.2211885577940345e-08,12.000000000000014,2.2668469593166898e-06,-5.998417431941487e-06,-1.1331245263590641e-12,-1.1331245263590641e-12,0.0015948130909342311,1.889039132763906e-07
0.3234,89.99997717089082,90.0,0.000814089628263723,-0.0004991745607674045,-1.0239499209516456e-06,5.184084760994736e-08,12.000000000000014,2.2508943805312136e-06,-5.957013007714853e-06,-1.1173839253180573e-12,-1.1173839253180573e-12,0.0015836120960837365,1.8757453171093424e-07
0.3236,89.99997733313685,90.0,0.0008083713484613306,-0.0004957210999898608,-1.0168810177806806e-06,5.1472415712850775e-08,12.000000000000014,2.235052439434863e-06,-5.915888390897089e-06,-1.1018600649582424e-12,-1.1018600649582424e-12,0.0015724885824686902,1.86254369952905e-07
0.32380000000000003,89.9999774942432,90.0,0.0008026926295800191,-0.0004922910504036066,-1.0098598951396653e-06,5.110657185935515e-08,12.000000000000014,2.2193203834977305e-06,-5.875041745914279e-06,-1.0865499917173033e-12,-1.0865499917173033e-12,0.0015614420249417458,1.8494336529147732e-07
0.324,89.99997765421772,90.0,0.000797053203435237,-0.000488884257465345,-1.0028862388527373e-06,5.0743298166614526e-08,12.000000000000014,2.2036974653353672e-06,-5.834471244991778e-06,-1.0714507911800376e-12,-1.0714507911800376e-12,0.0015504719018155058,1.8364145544461371e-07
0.3242,89.99997781306826,90.0,0.0007914528036126981,-0.0004855005680377208,-9.95959737719855e-07,5.038257683845265e-08,12.000000000000012,2.1881829422677745e-06,-5.794175077667322e-06,-1.0565595891220564e-12,-1.0565595891220564e-12,0.0015395776948461907,1.8234857852231436e-07
0.3244,89.9999779708026,90.0,0.0007858911654523217,-0.00048213983001162706,-9.89080082636633e-07,5.002439019425284e-08,12.000000000000012,2.1727760764933118e-06,-5.754151445670498e-06,-1.0418735501393542e-12,-1.0418735501393542e-12,0.0015287588892023975,1.8106467304110912e-07
0.3246,89.99997812742845,90.0,0.0007803680260365739,-0.000478801891579382,-9.822469648971917e-07,4.96687207267378e-08,12.000000000000012,2.1574761354835826e-06,-5.714398553049277e-06,-1.0273898755704764e-12,-1.0273898755704764e-12,0.0015180149734424224,1.7978967795696503e-07
0.32480000000000003,89.9999782829535,90.0,0.0007748831241868673,-0.0004754866026507893,-9.754600795053152e-07,4.931555098641002e-08,12.000000000000012,2.142282391131749e-06,-5.674914625433263e-06,-1.0131058061034742e-12,-1.0131058061034742e-12,0.0015073454395072548,1.7852353259431224e-07
0.325,89.99997843738538,90.0,0.0007694362004439078,-0.00047219381375988184,-9.68719122622046e-07,4.896486366822148e-08,12.00000000000001,2.1271941203398826e-06,-5.63569789518462e-06,-9.990186188873804e-13,-9.990186188873804e-13,0.0014967497826823505,1.7726617669499005e-07
0.3252,89.99997859073163,90.0,0.0007640269970606894,-0.00046892337641041173,-9.62023792374615e-07,4.861664158268375e-08,12.00000000000001,2.112210604791994e-06,-5.596746606104168e-06,-9.851256278122345e-13,-9.851256278122345e-13,0.0014862275015840015,1.7601755039933267e-07
0.3254,89.9999787429998,90.0,0.0007586552579912366,-0.00046567514306013305,-9.553737888216747e-07,4.827086765586797e-08,12.00000000000001,2.0973311309281426e-06,-5.5580590132291195e-06,-9.714241829984313e-13,-9.714241829984313e-13,0.001475778098137437,1.7477759424401173e-07
0.3256,89.99997889419734,90.0,0.0007533207288797234,-0.0004624489671056078,-9.487688139196917e-07,4.7927524929404894e-08,12.00000000000001,2.0825549899194092e-06,-5.519633382637562e-06,-9.579116702947994e-13,-9.579116702947994e-13,0.0014654010775556612,1.7354624915995062e-07
0.32580000000000003,89.99997904433167,90.0,0.0007480231570496681,-0.0004592447028671191,-9.422085714895745e-07,4.7586596560484816e-08,12.00000000000001,2.06788147764304e-06,-5.4814679912543085e-06,-9.44585510783998e-13,-9.44585510783998e-13,0.0014550959483184286,1.723234564702532e-07
0.326,89.99997919341016,90.0,0.0007427622914934716,-0.0004560622055740658,-9.356927671843641e-07,4.7248065821857664e-08,12.00000000000001,2.053309894658385e-06,-5.443561126662934e-06,-9.314431602962284e-13,-9.314431602962284e-13,0.0014448622221518988,1.711091578881986e-07
0.3262,89.99997934144012,90.0,0.0007375378828619292,-0.0004529013313503147,-9.292211084568355e-07,4.691191610183294e-08,12.00000000000001,2.0388395461827723e-06,-5.405911086917289e-06,-9.184821089295712e-13,-9.184821089295712e-13,0.00143469941400823,1.6990329551523087e-07
0.3264,89.99997948842882,90.0,0.000732349683453981,-0.0004497619371998931,-9.227933045278486e-07,4.65781309042797e-08,12.00000000000001,2.0244697420679295e-06,-5.368516180357378e-06,-9.056998805779664e-13,-9.056998805779664e-13,0.0014246070420456437,1.6870581183899397e-07
0.3266,89.99997963438348,90.0,0.0007271974472065309,-0.00044664388134804233,-9.164090671854669e-07,4.6246693819736737e-08,12.00000000000001,2.0101997965657222e-06,-5.331374730258371e-06,-8.930940331817501e-13,-8.930940331817501e-13,0.001414584627608618,1.6751664971381004e-07
0.32680000000000003,89.99997977931127,90.0,0.0007220809296807473,-0.0004435470225115474,-9.100681090815104e-07,4.5917588583192285e-08,12.00000000000001,1.996029028718338e-06,-5.294485064920503e-06,-8.806621568080841e-13,-8.806621568080841e-13,0.0014046316952012411,1.663357523931947e-07
0.327,89.9999799232193,90.0,0.000716999888056114,-0.00044047122024570357,-9.037701445437535e-07,4.55907990451942e-08,12.00000000000001,1.981956762133756e-06,-5.257845522394168e-06,-8.684018739469836e-13,-8.684018739469836e-13,0.0013947477724756373,1.6516306351114619e-07
0.3272,89.99998006611463,90.0,0.0007119540811210428,-0.00043741633528647896,-8.975148903774973e-07,4.526630914296e-08,12.00000000000001,1.967982324753301e-06,-5.2214544551432235e-06,-8.563108397688527e-13,-8.563108397688527e-13,0.001384932390213706,1.6399852706277493e-07
0.3274,89.99998020800432,90.0,0.0007069432692591998,-0.0004343822295314222,-8.913020658233371e-07,4.49441029003769e-08,12.00000000000001,1.9541050488201944e-06,-5.185310229799286e-06,-8.443867416458149e-13,-8.443867416458149e-13,0.0013751850823005242,1.6284208740168274e-07
0.3276,89.9999803488953,90.0,0.0007019672144362944,-0.0004313687649554029,-8.851313900246558e-07,4.4624164514671515e-08,12.00000000000001,1.9403242714817148e-06,-5.149411212428425e-06,-8.32627296609579e-13,-8.32627296609579e-13,0.0013655053856986457,1.6169368929014275e-07
0.32780000000000004,89.99998048879455,90.0,0.0006970256801991687,-0.00042837580538569796,-8.790025861776561e-07,4.430647821196032e-08,12.00000000000001,1.926639333732855e-06,-5.113755792674714e-06,-8.210302544392776e-13,-8.210302544392776e-13,0.001355892840446332,1.6055327781107113e-07
0.328,89.99998062770891,90.0,0.0006921184316545251,-0.00042540321469593104,-8.729153773128121e-07,4.3991028391699205e-08,12.00000000000001,1.9130495814216427e-06,-5.078342359218074e-06,-8.095933937181605e-13,-8.095933937181605e-13,0.0013463469896161707,1.5942079845180342e-07
0.3282,89.99998076564523,90.0,0.0006872452354684689,-0.00042245085787124913,-8.668694887851667e-07,4.3677799540013714e-08,12.00000000000001,1.899554364615535e-06,-5.0431693142620226e-06,-7.983145235334625e-13,-7.983145235334625e-13,0.0013368673793141858,1.5829619705129444e-07
0.3284,89.99998090261029,90.0,0.0006824058598537729,-0.0004195186006352693,-8.608646474044272e-07,4.336677625858901e-08,12.00000000000001,1.8861530377829787e-06,-5.008235068472849e-06,-7.871914823609416e-13,-7.871914823609416e-13,0.001327453558655065,1.5717941981524808e-07
0.3286,89.99998103861083,90.0,0.0006776000745613677,-0.00041660631014873837,-8.549005830698201e-07,4.3057943206890027e-08,12.00000000000001,1.8728449593521334e-06,-4.973538050490677e-06,-7.762221390006245e-13,-7.762221390006245e-13,0.0013181050797456042,1.560704132793443e-07
0.32880000000000004,89.99998117365355,90.0,0.000672827650863949,-0.0004137138539208327,-8.489770262277578e-07,4.27512851888312e-08,12.00000000000001,1.859629492305718e-06,-4.9390766921389824e-06,-7.654043901217845e-13,-7.654043901217845e-13,0.0013088214976528219,1.5496912435880968e-07
0.329,89.9999813077451,90.0,0.0006680883615518639,-0.0004108411001586832,-8.430937086896987e-07,4.244678712388652e-08,12.000000000000009,1.8465060039606991e-06,-4.904849433182643e-06,-7.547361605745813e-13,-7.547361605745813e-13,0.0012996023703959556,1.5387550033005815e-07
0.3292,89.99998144089209,90.0,0.0006633819809252607,-0.00040798791846695837,-8.372503652690406e-07,4.214443398930981e-08,12.000000000000009,1.8334738655285298e-06,-4.870854730850859e-06,-7.442154043167538e-13,-7.442154043167538e-13,0.0012904472589311913,1.5278948879404402e-07
0.3294,89.99998157310107,90.0,0.0006587082847780031,-0.00040515417875959005,-8.314467312397333e-07,4.184421090680435e-08,12.000000000000009,1.8205324527107053e-06,-4.837091045052174e-06,-7.338401020194847e-13,-7.338401020194847e-13,0.0012813557271203725,1.51711037725892e-07
0.3296,89.99998170437856,90.0,0.0006540670503941271,-0.00040233975196536935,-8.256825439864732e-07,4.154610308474312e-08,12.000000000000009,1.8076811452689094e-06,-4.80355684797478e-06,-7.236082620259464e-13,-7.236082620259464e-13,0.001272327341724109,1.5064009543907568e-07
0.32980000000000004,89.99998183473102,90.0,0.0006494580565362134,-0.0003995445100117109,-8.1995754296879e-07,4.125009581816878e-08,12.000000000000007,1.7949193269982707e-06,-4.770250623877586e-06,-7.135179199519527e-13,-7.135179199519527e-13,0.0012633616723791566,1.4957661058318912e-07
0.33,89.99998196416489,90.0,0.0006448810834339708,-0.0003967683254534408,-8.14271468855217e-07,4.095617451768358e-08,12.000000000000007,1.7822463859119518e-06,-4.737170864053097e-06,-7.035671376588353e-13,-7.035671376588353e-13,0.0012544582915762098,1.4852053215932923e-07
0.3302,89.99998209268654,90.0,0.0006403359127770465,-0.0003940110714627589,-8.086240635010881e-07,4.0664324709449356e-08,12.000000000000007,1.7696617142246137e-06,-4.704316066698244e-06,-6.937540029039667e-13,-6.937540029039667e-13,0.001245616774645916,1.4747180951871772e-07
0.3304,89.99998222030231,90.0,0.0006358223277079047,-0.00039127262252983727,-8.03015071587678e-07,4.037453197740775e-08,12.000000000000007,1.757164707914332e-06,-4.671684746450377e-06,-6.84076630247026e-13,-6.84076630247026e-13,0.0012368366997450228,1.4643039232619423e-07
0.3306,89.9999823470185,90.0,0.0006313401128068242,-0.0003885528537313298,-7.974442389147288e-07,4.0086782021059976e-08,12.000000000000007,1.7447547671097923e-06,-4.639275424453731e-06,-6.745331593959124e-13,-6.745331593959124e-13,0.0012281176478271935,1.453962305924826e-07
0.33080000000000004,89.99998247284138,90.0,0.0006268890540851288,-0.0003858516407209216,-7.919113123795452e-07,3.9801060655466824e-08,12.000000000000007,1.7324312960747167e-06,-4.607086628237812e-06,-6.65121754873877e-13,-6.65121754873877e-13,0.0012194592026298393,1.4436927467289298e-07
0.331,89.99998259777713,90.0,0.0006224689389785525,-0.00038316886007533493,-7.864160407870677e-07,3.9517353782358804e-08,12.000000000000007,1.7201937029817545e-06,-4.575116896430137e-06,-6.55840606303712e-13,-6.55840606303712e-13,0.0012108609506612132,1.4334947524847944e-07
0.3312,89.99998272183193,90.0,0.0006180795563366639,-0.0003805043892795637,-7.809581748172119e-07,3.9235647390136094e-08,12.000000000000007,1.7080413998881546e-06,-4.543364778566229e-06,-6.466879280487327e-13,-6.466879280487327e-13,0.0012023224811798369,1.423367833240128e-07
0.33140000000000003,89.99998284501191,90.0,0.0006137206964125327,-0.0003778581067124449,-7.755374669929523e-07,3.895592755386856e-08,12.000000000000007,1.6959738027119983e-06,-4.51182883490394e-06,-6.376619588598064e-13,-6.376619588598064e-13,0.0011938433861744,1.4133115022599977e-07
0.3316,89.99998296732315,90.0,0.0006093921508524402,-0.00037522989092174885,-7.701536699874044e-07,3.867818049307555e-08,12.000000000000007,1.683990331630232e-06,-4.480507626574593e-06,-6.287609603289273e-13,-6.287609603289273e-13,0.0011854232603437447,1.403325276358526e-07
0.33180000000000004,89.99998308877169,90.0,0.0006050937126938458,-0.0003726196220424258,-7.64806539939821e-07,3.840239245616633e-08,12.000000000000007,1.6720904102305873e-06,-4.449399734874388e-06,-6.199832189971648e-13,-6.199832189971648e-13,0.0011770617010929089,1.3934086751921552e-07
0.332,89.99998320936352,90.0,0.0006008251763474463,-0.00037002718035047017,-7.594958330779051e-07,3.812854983599964e-08,12.000000000000007,1.6602734663137187e-06,-4.4185037416141015e-06,-6.11327043584148e-13,-6.11327043584148e-13,0.001168758308498228,1.383561221928098e-07
0.3322,89.99998332910462,90.0,0.0005965863375954139,-0.0003674524473262747,-7.542213082040754e-07,3.7856639083213986e-08,12.000000000000007,1.648538931256596e-06,-4.3878182435833795e-06,-6.027907664854278e-13,-6.027907664854278e-13,0.0011605126853039079,1.373782442713829e-07
0.33240000000000003,89.9999834480009,90.0,0.0005923769935774987,-0.0003648953049246828,-7.489827249914045e-07,3.758664676400749e-08,12.000000000000007,1.6368862404022418e-06,-4.3573418426370574e-06,-5.943727422451287e-13,-5.943727422451287e-13,0.0011523244368949886,1.3640718670018673e-07
0.3326,89.99998356605825,90.0,0.000588196942785764,-0.0003623556359229091,-7.437798447979281e-07,3.7318559531247954e-08,12.000000000000007,1.6253148328367685e-06,-4.327073150432545e-06,-5.860713478473114e-13,-5.860713478473114e-13,0.0011441931712871049,1.354429027363973e-07
0.33280000000000004,89.99998368328251,90.0,0.0005840459850550661,-0.00035983332426251863,-7.386124314678114e-07,3.705236409558297e-08,12.000000000000007,1.613824151156633e-06,-4.297010793090756e-06,-5.77884982972548e-13,-5.77884982972548e-13,0.0011361184991079674,1.3448534592971933e-07
0.333,89.99998379967944,90.0,0.0005799239215498613,-0.0003573282536099197,-7.334802479683244e-07,3.678804734099953e-08,12.000000000000007,1.6024136422816893e-06,-4.267153391631113e-06,-5.698120673715225e-13,-5.698120673715225e-13,0.001128100033571697,1.335344701901407e-07
0.3332,89.99998391525484,90.0,0.0005758305547671618,-0.0003548403094921201,-7.283830613823876e-07,3.652559615148459e-08,12.000000000000007,1.5910827561968886e-06,-4.237499591016571e-06,-5.618510440548192e-13,-5.618510440548192e-13,0.0011201373904845772,1.3259022968307398e-07
0.33340000000000003,89.99998403001442,90.0,0.0005717656885152929,-0.00035236937749070834,-7.233206386901135e-07,3.6264997555474615e-08,12.000000000000007,1.5798309469576636e-06,-4.2080480356119864e-06,-5.540003760786847e-13,-5.540003760786847e-13,0.0011122301882037283,1.3165257891313855e-07
0.3336,89.99998414396386,90.0,0.0005677291279132906,-0.0003499153443068286,-7.182927492586589e-07,3.600623863918585e-08,12.000000000000007,1.5686576720559996e-06,-4.178797383669271e-06,-5.462585479883614e-13,-5.462585479883614e-13,0.0011043780476359393,1.307214726713332e-07
0.33380000000000004,89.9999842571088,90.0,0.0005637206793781491,-0.00034747809703283047,-7.132991631416952e-07,3.574930660439414e-08,12.000000000000007,1.5575623928127951e-06,-4.149746297434263e-06,-5.386240643831453e-13,-5.386240643831453e-13,0.001096580592212858,1.2979686606773286e-07
0.334,89.99998436945485,90.0,0.0005597401506201666,-0.0003450575238563142,-7.083396527261753e-07,3.5494188710655104e-08,12.000000000000007,1.5465445739454609e-06,-4.1208934527270806e-06,-5.310954507602032e-13,-5.310954507602032e-13,0.001088837447881939,1.28878714495455e-07
0.3342,89.99998448100756,90.0,0.0005557873506305683,-0.00034265351333230575,-7.034139910329665e-07,3.524087233308398e-08,12.000000000000007,1.5356036839611483e-06,-4.092237529055757e-06,-5.236712521051737e-13,-5.236712521051737e-13,0.0010811482430823666,1.2796697366342895e-07
0.33440000000000003,89.99998459177246,90.0,0.0005518620896772229,-0.00034026595473254787,-6.985219525341909e-07,3.498934493346564e-08,12.000000000000007,1.5247391949360477e-06,-4.063777214371262e-06,-5.163500331866573e-13,-5.163500331866573e-13,0.0010735126087367227,1.270615995780039e-07
0.3346,89.99998470175505,90.0,0.000547964179296407,-0.0003378947383892718,-6.936633139583577e-07,3.4739594031364805e-08,12.000000000000007,1.5139505822855949e-06,-4.0355112097515e-06,-5.091303788186105e-13,-5.091303788186105e-13,0.0010659301782349662,1.261625485237995e-07
0.33480000000000004,89.99998481096077,90.0,0.0005440934322806051,-0.000335539754967621,-6.888378525915466e-07,3.449160726190576e-08,12.000000000000007,1.503237325158109e-06,-4.007438219518146e-06,-5.02010892487069e-13,-5.02010892487069e-13,0.0010584005874107012,1.25269777096509e-07
0.335,89.99998491939505,90.0,0.0005402496626748919,-0.00033320089617114117,-6.840453479273695e-07,3.424537231799257e-08,12.000000000000007,1.4925989060047717e-06,-3.979556960835588e-06,-4.949901971772391e-13,-4.949901971772391e-13,0.0010509234745341388,1.2438324216706424e-07
0.3352,89.99998502706323,90.0,0.0005364326857648626,-0.00033087805401438677,-6.792855799685583e-07,3.400087700808891e-08,12.000000000000007,1.4820348109735644e-06,-3.951866153830115e-06,-4.880669340237032e-13,-4.880669340237032e-13,0.0010434984802886202,1.2350290091446362e-07
0.33540000000000003,89.9999851339707,90.0,0.0005326423180731443,-0.0003285711218838624,-6.745583317078934e-07,3.3758109169548344e-08,12.000000000000007,1.4715445292686933e-06,-3.9243645360231555e-06,-4.812397636534121e-13,-4.812397636534121e-13,0.0010361252477638276,1.2262871077239104e-07
0.3356,89.99998524012273,90.0,0.0005288783773436266,-0.00032627999309492103,-6.698633857572282e-07,3.35170567841739e-08,12.000000000000007,1.4611275539577198e-06,-3.897050842720032e-06,-4.745073637893656e-13,-4.745073637893656e-13,0.0010288034224251127,1.217606294964766e-07
0.33580000000000004,89.99998534552459,90.0,0.0005251406825423517,-0.00032400456195881875,-6.652005268419395e-07,3.3277707891548424e-08,12.000000000000005,1.4507833813410541e-06,-3.869923821521868e-06,-4.678684306099822e-13,-4.678684306099822e-13,0.0010215326521152241,1.2089861511175447e-07
0.336,89.99998545018151,90.0,0.0005214290538460785,-0.00032174472341147786,-6.605695409350435e-07,3.304005061792444e-08,12.000000000000005,1.4405115111365038e-06,-3.8429822272881525e-06,-4.613216779584651e-13,-4.613216779584651e-13,0.001014312587032064,1.2004262592804194e-07
0.3362,89.99998555409871,90.0,0.0005177433126350528,-0.00031950037335866166,-6.559702160654307e-07,3.280407314733426e-08,12.000000000000005,1.4303114462517923e-06,-3.8162248268387964e-06,-4.548658376081494e-13,-4.548658376081494e-13,0.0010071428797146238,1.1919262052098263e-07
0.33640000000000003,89.99998565728133,90.0,0.0005140832814820173,-0.00031727140830536027,-6.514023414533583e-07,3.256976375047991e-08,12.000000000000005,1.4201826929701313e-06,-3.7896503939246985e-06,-4.4849965848827456e-13,-4.4849965848827456e-13,0.0010000231850216053,1.1834855774751088e-07
0.3366,89.99998575973451,90.0,0.000510448784145273,-0.0003150577249908292,-6.468657066584476e-07,3.233711081362296e-08,12.000000000000005,1.4101247611451107e-06,-3.763257704271069e-06,-4.422219059468947e-13,-4.422219059468947e-13,0.0009929531601179252,1.175103967620925e-07
0.33680000000000004,89.99998586146332,90.0,0.0005068396455659706,-0.0003128592210953513,-6.423601032324585e-07,3.210610278080482e-08,12.000000000000005,1.4001371637727676e-06,-3.7370455451927456e-06,-4.3603136254465204e-13,-4.3603136254465204e-13,0.0009859324644694429,1.1667809698106392e-07
0.337,89.9999859624728,90.0,0.0005032556918575003,-0.00031067579487015,-6.378853238559484e-07,3.187672818273655e-08,12.000000000000005,1.3902194171780314e-06,-3.711012710571545e-06,-4.2992682730258643e-13,-4.2992682730258643e-13,0.0009789607598223238,1.1585161809816923e-07
0.3372,89.99998606276802,90.0,0.0004996967502986317,-0.0003085073454830833,-6.334411631476564e-07,3.164897560790903e-08,12.000000000000005,1.3803710407880946e-06,-3.6851580055650094e-06,-4.2390711596752907e-13,-4.2390711596752907e-13,0.0009720377101896931,1.150309200656745e-07
0.33740000000000003,89.99998616235392,90.0,0.0004961626493233303,-0.0003063537726491522,-6.290274168024795e-07,3.142283373148282e-08,12.000000000000004,1.370591557319839e-06,-3.6594802415914192e-06,-4.1797106027533025e-13,-4.1797106027533025e-13,0.0009651629818318278,1.1421596310998655e-07
0.3376,89.99998626123546,90.0,0.0004926532185143413,-0.0003042149766215432,-6.246438815716576e-07,3.1198291315288165e-08,12.000000000000004,1.3608804927650782e-06,-3.633978236214522e-06,-4.1211750773309893e-13,-4.1211750773309893e-13,0.0009583362432436737,1.1340670773042315e-07
0.3378,89.99998635941758,90.0,0.000489168288597024,-0.00030209085818301855,-6.2029035524373e-07,3.0975337207825e-08,12.000000000000004,1.3512373763763746e-06,-3.6086508130327404e-06,-4.0634532140506913e-13,-4.0634532140506913e-13,0.0009515571651428533,1.1260311469803118e-07
0.338,89.99998645690513,90.0,0.0004857076914333816,-0.0002999813193481235,-6.159666382872345e-07,3.075396028648318e-08,12.000000000000004,1.3416617402316065e-06,-3.583496811235872e-06,-4.0065338065642763e-13,-4.0065338065642763e-13,0.0009448254204580507,1.118051450193005e-07
0.3382,89.99998655370298,90.0,0.000482271260007802,-0.0002978862619221912,-6.11672530484391e-07,3.0534149573102e-08,12.000000000000004,1.3321531200445716e-06,-3.558515066020936e-06,-3.9504057899378363e-13,-3.9504057899378363e-13,0.0009381406843012757,1.1101276000371427e-07
0.33840000000000003,89.99998664981597,90.0,0.00047885882842955215,-0.00029580558928118223,-6.074078350916509e-07,3.031589408952079e-08,12.000000000000004,1.3227110541164727e-06,-3.5337044327969167e-06,-3.8950582627007175e-13,-3.8950582627007175e-13,0.000931502633972714,1.102259211763727e-07
0.3386,89.99998674524885,90.0,0.00047547023191475864,-0.0002937392045701679,-6.031723546311982e-07,3.0099183002028345e-08,12.000000000000004,1.3133350843487205e-06,-3.5090637627010693e-06,-3.840480460643372e-13,-3.840480460643372e-13,0.0009249109489256766,1.0944459036239334e-07
0.3388,89.99998684000636,90.0,0.0004721053067890774,-0.00029168701177287207,-5.989658933909025e-07,2.9884005534693263e-08,12.000000000000004,1.3040247556165255e-06,-3.4845919171428393e-06,-3.7866617693129245e-13,-3.7866617693129245e-13,0.0009183653107717919,1.0866872963471043e-07
0.339,89.99998693409324,90.0,0.0004687638904779874,-0.0002896489160533897,-5.94788258224908e-07,2.9670350940474038e-08,12.000000000000004,1.2947796155357197e-06,-3.46028777246144e-06,-3.733591726392145e-13,-3.733591726392145e-13,0.0009118654032621245,1.0789830129464328e-07
0.3392,89.99998702751418,90.0,0.00046544582149348645,-0.00028762482231652585,-5.906392551902699e-07,2.9458208616778633e-08,12.000000000000004,1.285599215275557e-06,-3.4361502003588735e-06,-3.681260000958596e-13,-3.681260000958596e-13,0.0009054109122612962,1.0713326793962972e-07
0.33940000000000003,89.99998712027381,90.0,0.0004621509394368911,-0.00028561463698806094,-5.865186937084436e-07,2.924756796101503e-08,12.000000000000004,1.2764831085109016e-06,-3.412178092110147e-06,-3.6296564148412973e-13,-3.6296564148412973e-13,0.0008990015257529307,1.0637359237590843e-07
0.3396,89.9999872123768,90.0,0.00045887908498133684,-0.00028361826656923166,-5.824263831889626e-07,2.903841848615078e-08,12.000000000000004,1.267430852225377e-06,-3.388370338920909e-06,-3.5787709219280965e-13,-3.5787709219280965e-13,0.0008926369338056144,1.0561923768544806e-07
0.3398,89.99998730382768,90.0,0.00045563009987115795,-0.00028163561799113637,-5.783621338580909e-07,2.883074979182314e-08,12.000000000000004,1.258442006499089e-06,-3.364725836748285e-06,-3.5285936110973634e-13,-3.5285936110973634e-13,0.0008863168285716872,1.0487016720825738e-07
0.34,89.99998739463103,90.0,0.00045240382691671814,-0.00027966659931806005,-5.743257584039959e-07,2.862455150655925e-08,12.000000000000004,1.2495161340750348e-06,-3.3412434958719673e-06,-3.479114713304412e-13,-3.479114713304412e-13,0.0008800409042771897,1.0412634450625287e-07
0.3402,89.99998748479139,90.0,0.00044920010998164713,-0.00027771111866383867,-5.703170694456202e-07,2.8419813374445846e-08,12.000000000000004,1.2406528009622967e-06,-3.3179222261689204e-06,-3.4303245860596074e-13,-3.4303245860596074e-13,0.0008738088571970332,1.033877334135247e-07
0.34040000000000004,89.99998757431324,90.0,0.0004460187939820776,-0.00027576908525660807,-5.663358820220319e-07,2.8216525168459548e-08,12.000000000000004,1.231851575801734e-06,-3.294760951595624e-06,-3.382213725094241e-13,-3.382213725094241e-13,0.0008676203856535154,1.0265429798347781e-07
0.3406,89.99998766320105,90.0,0.0004428597248739755,-0.0002738404087105719,-5.623820118921578e-07,2.8014676748246683e-08,12.000000000000004,1.2231120302585443e-06,-3.2717586002964657e-06,-3.3347727534370516e-13,-3.3347727534370516e-13,0.0008614751899916756,1.0192600252154533e-07
0.3408,89.99998775145927,90.0,0.0004397227496487174,-0.00027192499937509634,-5.584552763516901e-07,2.7814258031233354e-08,12.000000000000004,1.2144337388012379e-06,-3.2489141093562423e-06,-3.287992424057995e-13,-3.287992424057995e-13,0.000855372972570691,1.012028115667698e-07
0.341,89.99998783909228,90.0,0.00043660771632476485,-0.0002700227676125434,-5.545554925462359e-07,2.7615259050405262e-08,12.000000000000004,1.2058162791041878e-06,-3.2262264149866045e-06,-3.2418636093889917e-13,-3.2418636093889917e-13,0.0008493134377476812,1.0048468992534895e-07
0.3412,89.99998792610447,90.0,0.0004335144739472466,-0.00026813362521877285,-5.506824807923024e-07,2.74176698387481e-08,12.000000000000004,1.1972592312032714e-06,-3.2036944718464827e-06,-3.1963773169775744e-13,-3.1963773169775744e-13,0.0008432962918768953,9.977160260027258e-08
0.34140000000000004,89.99998801250017,90.0,0.0004304428725718525,-0.0002662574836242975,-5.468360603747086e-07,2.7221480573697056e-08,12.000000000000004,1.18876217851307e-06,-3.181317228592778e-06,-3.1515246660025936e-13,-3.1515246660025936e-13,0.0008373212432783817,9.906351487608915e-08
0.3416,89.9999880982837,90.0,0.0004273927632688237,-0.0002643942556762105,-5.430160537117519e-07,2.7026681432687298e-08,12.000000000000004,1.1803247067817991e-06,-3.1590936521119657e-06,-3.107296907187748e-13,-3.107296907187748e-13,0.0008313880022457503,9.836039223181657e-08
0.3418,89.99998818345935,90.0,0.0004243639981066736,-0.0002625438545496424,-5.392222838132256e-07,2.68332626798237e-08,12.000000000000004,1.1719464046864136e-06,-3.137022712731655e-06,-3.063685408004569e-13,-3.063685408004569e-13,0.0008254962810145052,9.766220039053444e-08
0.342,89.99998826803134,90.0,0.00042135643014862484,-0.0002607061933875139,-5.354545734388432e-07,2.664121469477072e-08,12.000000000000004,1.1636268640352626e-06,-3.115103379324569e-06,-3.020681647024247e-13,-3.020681647024247e-13,0.0008196457937551133,9.696890533627185e-08
0.3422,89.99998835200395,90.0,0.0004183699134529296,-0.0002588811867220692,-5.317127484215038e-07,2.6450527857192808e-08,12.000000000000004,1.1553656789254256e-06,-3.0933346386422443e-06,-2.9782772290986934e-13,-2.9782772290986934e-13,0.0008138362565736288,9.628047324378545e-08
0.34240000000000004,89.99998843538134,90.0,0.0004154043030567803,-0.0002570687493865972,-5.279966351258945e-07,2.6261192633424117e-08,12.000000000000004,1.1471624463382543e-06,-3.0717154805299872e-06,-2.9364638709165546e-13,-2.9364638709165546e-13,0.000808067387480394,9.559687052818783e-08
0.3426,89.99998851816768,90.0,0.00041245945497308086,-0.00025526879651092244,-5.243060604385164e-07,2.607319957646847e-08,12.000000000000004,1.1390167661319462e-06,-3.0502448978688527e-06,-2.89523339956754e-13,-2.89523339956754e-13,0.0008023389063837588,9.491806384432883e-08
0.3428,89.99998860036712,90.0,0.00040953522618687754,-0.000253481244226965,-5.206408534177994e-07,2.5886539268219604e-08,12.000000000000004,1.1309282406116355e-06,-3.0289218961754817e-06,-2.8545777591598293e-13,-2.8545777591598293e-13,0.0007966505350831387,9.42440200509696e-08
0.343,89.99998868198375,90.0,0.00040663147464404907,-0.0002517060085871349,-5.170008427674653e-07,2.5701202406130836e-08,12.000000000000004,1.1228964751359288e-06,-3.007745478902937e-06,-2.814488996971778e-13,-2.814488996971778e-13,0.0007910019972470132,9.357470626132737e-08
0.3432,89.99998876302168,90.0,0.00040374805925209525,-0.0002499430069865182,-5.133858601612384e-07,2.551717968765548e-08,12.000000000000004,1.1149210772753164e-06,-2.986714666782807e-06,-2.7749592781695615e-13,-2.7749592781695615e-13,0.0007853930184144603,9.291008977294301e-08
0.34340000000000004,89.99998884348494,90.0,0.0004008848398647291,-0.0002481921567202786,-5.097957368729823e-07,2.533446192580644e-08,12.000000000000004,1.1070016576201356e-06,-2.9658284782204156e-06,-2.735980868005836e-13,-2.735980868005836e-13,0.0007798233259651841,9.225013813501127e-08
0.3436,89.99998892337756,90.0,0.00039804167728316815,-0.00024645337569600284,-5.062303054418258e-07,2.5153039991376417e-08,12.000000000000004,1.0991378293618378e-06,-2.945085938981997e-06,-2.697546138547284e-13,-2.697546138547284e-13,0.000774292649122027,9.159481911348645e-08
0.3438,89.99998900270354,90.0,0.0003952184332489714,-0.0002447265827789706,-5.026894004806087e-07,2.4972904784047998e-08,12.000000000000004,1.0913292080656638e-06,-2.924486086897973e-06,-2.65964757101118e-13,-2.65964757101118e-13,0.0007688007189370352,9.094410067213862e-08
0.34400000000000003,89.99998908146685,90.0,0.00039241497043316406,-0.00024301169671115595,-4.991728561505864e-07,2.4794047319063364e-08,12.000000000000004,1.0835754122781786e-06,-2.9040279571715895e-06,-2.6222777424663007e-13,-2.6222777424663007e-13,0.0007633472682703043,9.029795102318152e-08
0.3442,89.99998915967143,90.0,0.00038963115243755285,-0.0002413086375341489,-4.956805094877678e-07,2.4616458611664693e-08,12.000000000000004,1.0758760626868968e-06,-2.8837106017304908e-06,-2.585429340098551e-13,-2.585429340098551e-13,0.0007579320317925374,8.965633855724138e-08
0.34440000000000004,89.9999892373212,90.0,0.0003868668437799825,-0.00023961732514748437,-4.922121970351034e-07,2.444012979265375e-08,12.000000000000004,1.0682307829297701e-06,-2.863533069633863e-06,-2.549095144100224e-13,-2.549095144100224e-13,0.0007525547459563649,8.901923191081415e-08
0.3446,89.99998931442005,90.0,0.00038412190989584076,-0.0002379376803765576,-4.887677573388409e-07,2.42650520217222e-08,12.000000000000004,1.0606391989660993e-06,-2.843494421595436e-06,-2.513268037987962e-13,-2.513268037987962e-13,0.0007472151489992732,8.838659991384158e-08
0.3448,89.99998939097183,90.0,0.0003813962171274998,-0.00023626962424733926,-4.853470292547773e-07,2.4091216545231386e-08,12.000000000000004,1.053100939473947e-06,-2.8235937201297977e-06,-2.477940999467855e-13,-2.477940999467855e-13,0.0007419129809230642,8.775841162282889e-08
0.34500000000000003,89.99998946698038,90.0,0.00037868963272194453,-0.00023461307869360594,-4.819498536020704e-07,2.3918614638432562e-08,12.000000000000004,1.045615635422984e-06,-2.8038300391737417e-06,-2.4431071066905844e-13,-2.4431071066905844e-13,0.0007366479834892431,8.713463628524864e-08
0.3452,89.99998954244953,90.0,0.00037600202482059177,-0.000232967966187454,-4.78576072301226e-07,2.374723763435677e-08,12.000000000000004,1.0381829202619188e-06,-2.7842024590713508e-06,-2.408759532965925e-13,-2.408759532965925e-13,0.0007314199001992129,8.651524335515988e-08
0.34540000000000004,89.99998961738302,90.0,0.00037333326245273126,-0.00023133420901959883,-4.752255266927037e-07,2.357707698159463e-08,12.000000000000004,1.0308024303251152e-06,-2.764710056792185e-06,-2.3748915380713925e-13,-2.3748915380713925e-13,0.0007262284762815163,8.59002025270929e-08
0.3456,89.99998969178465,90.0,0.0003706832155381172,-0.00022971173072407918,-4.718980608671962e-07,2.3408124128736772e-08,12.000000000000004,1.0234738039951491e-06,-2.7453519253057814e-06,-2.3414964819150946e-13,-2.3414964819150946e-13,0.0007210734586968766,8.52894836662624e-08
0.3458,89.99998976565811,90.0,0.000368051754872283,-0.0002281004549919375,-4.685935191285657e-07,2.3240370611043517e-08,12.000000000000004,1.0161966823015822e-06,-2.7261271588218275e-06,-2.308567811939149e-13,-2.308567811939149e-13,0.0007159545961096314,8.468305685846516e-08
0.34600000000000003,89.99998983900714,90.0,0.0003654387521249137,-0.00022650030602421994,-4.6531174681938686e-07,2.3073808021554964e-08,12.000000000000004,1.008970708706368e-06,-2.7070348575929085e-06,-2.276099065631965e-13,-2.276099065631965e-13,0.0007108716388845659,8.40808923921973e-08
0.3462,89.99998991183539,90.0,0.0003628440798340515,-0.00022491120852388496,-4.620525903030498e-07,2.2908428011091026e-08,12.000000000000004,1.001795529090523e-06,-2.688074127810387e-06,-2.2440838692536265e-13,-2.2440838692536265e-13,0.0007058243390756417,8.348296075754355e-08
0.34640000000000004,89.99998998414654,90.0,0.00036026761140032056,-0.00022333308804301142,-4.5881589777649296e-07,2.2744222259361498e-08,12.000000000000004,9.946707915299928e-07,-2.669244086332623e-06,-2.212515940116018e-13,-2.212515940116018e-13,0.0007008124504147624,8.288923262749937e-08
0.3466,89.99999005594418,90.0,0.00035770922107719854,-0.00022176586990340069,-4.5560151674844845e-07,2.2581182561635764e-08,12.000000000000004,9.875961469058269e-07,-2.6505438460142127e-06,-2.1813890746071556e-13,-2.1813890746071556e-13,0.00069583572829285,8.229967890881888e-08
0.3468,89.99999012723195,90.0,0.00035516878397345945,-0.0002202094806210733,-4.5240929736926343e-07,2.241930071318321e-08,12.000000000000004,9.805712480663945e-07,-2.631972535077823e-06,-2.1506971613314433e-13,-2.1506971613314433e-13,0.0006908939297645951,8.171427067219952e-08
0.34700000000000003,89.99999019801342,90.0,0.0003526461760397841,-0.0002186638468217591,-4.4923908989783893e-07,2.225856859594291e-08,12.000000000000004,9.7359575042914e-07,-2.6135292823776528e-06,-2.1204341691208352e-13,-2.1204341691208352e-13,0.0006859868135224129,8.113297920242832e-08
0.3472,89.99999026829214,90.0,0.00035014127406740575,-0.00021712889594954958,-4.4609074635858515e-07,2.209897812074384e-08,12.000000000000004,9.66669311555763e-07,-2.595213227039068e-06,-2.090594152935221e-13,-2.090594152935221e-13,0.0006811141398938067,8.055577596298023e-08
0.34740000000000004,89.99999033807164,90.0,0.0003476539556787091,-0.00021560455554322795,-4.4296411885124694e-07,2.194052128508465e-08,12.000000000000004,9.597915915522998e-07,-2.5770235086257077e-06,-2.061171245676299e-13,-2.061171245676299e-13,0.0006762756708230825,7.998263262935829e-08
0.3476,89.99999040735541,90.0,0.00034518409932612096,-0.00021409075358999269,-4.3985906037804875e-07,2.1783190144243803e-08,12.000000000000004,9.529622528557186e-07,-2.558959271951549e-06,-2.032159660637481e-13,-2.032159660637481e-13,0.000671471169869189,7.941352107130986e-08
0.3478,89.99999047614696,90.0,0.00034273158428697295,-0.0002125874188735547,-4.36775425658394e-07,2.1626976782389647e-08,12.000000000000004,9.461809600112526e-07,-2.5410196718205655e-06,-2.0035536937422166e-13,-2.0035536937422166e-13,0.0006667004021957259,7.884841333427103e-08
0.34800000000000003,89.99999054444972,90.0,0.0003402962906545461,-0.0002110944802510916,-4.3371306944007094e-07,2.1471873370360224e-08,12.000000000000004,9.394473800735027e-07,-2.523203863201866e-06,-1.9753477155636113e-13,-1.9753477155636113e-13,0.000661963134553523,7.828728167279187e-08
0.3482,89.99999061226713,90.0,0.00033787809933691186,-0.00020961186771744275,-4.3067184898737785e-07,2.1317872078993573e-08,12.000000000000004,9.327611819712207e-07,-2.505511015704809e-06,-1.947536180375609e-13,-1.947536180375609e-13,0.0006572591352783845,7.77300984976017e-08
0.34840000000000004,89.9999906796026,90.0,0.0003354768920441417,-0.0002081395109661653,-4.2765162071934437e-07,2.1164965194687313e-08,12.000000000000004,9.261220373212901e-07,-2.48794029402125e-06,-1.9201136115272408e-13,-1.9201136115272408e-13,0.0006525881742662102,7.717683644344082e-08
0.3486,89.99999074645952,90.0,0.0003330925512917346,-0.00020667734046013415,-4.246522427120245e-07,2.101314503272898e-08,12.000000000000004,9.195296198040581e-07,-2.4704908724830826e-06,-1.89307461058647e-13,-1.89307461058647e-13,0.0006479500229796616,7.662746831700483e-08
