time_s,angle_deg,reference_deg,velocity_deg_s,acceleration_rad_s2,output_em_torque_nm,gravity_load_nm,bus_v,terminal_v,stator_a,supply_a,battery_a,motor_rpm,duty
0.0,0.0,0.0,0.0,0.0,0.1301085272529697,0.1301085272529697,11.99996594219552,0.03855067474162066,0.8834529628288068,0.002838150373392077,0.002838150373392077,0.0,0.003212565346211925
0.0002,0.0,5.8591041009827684e-05,0.0,153.6876838930001,0.4769087487905451,0.1301085272529697,11.999542394712307,0.14130629593793934,3.2382692819111094,0.03813377397442332,0.03813377397442332,0.0,0.011775973723815256
0.0004,0.00017609950915709944,0.00046589078560500846,1.760927076276068,303.62889541709524,0.8153353198571952,0.13010852725235517,11.99863663699067,0.24623412198499614,5.53622748051182,0.11361358411091413,0.11361358411091413,2.934878460460114,0.020521841725407323
0.0006000000000000001,0.000876191133255017,0.00156283572816261,5.2398547921456835,449.8544709320772,1.145455864505156,0.13010852723775623,11.997251939417055,0.3532407556360988,7.777786734294271,0.22900504857881904,0.22900504857881904,8.733091320242805,0.029443472340155152
0.0008,0.002439617523884196,0.003681946281487323,10.39421002876326,592.3952386522407,1.4673380044692474,0.13010852713502621,11.99539280871025,0.4622337326076552,9.96340620318625,0.3839326074791729,0.3839326074791729,17.323683381272097,0.03853427228093873
0.001,0.0051972420326895745,0.0071473957381318004,17.18177289200503,731.2820187291205,1.7810493592577776,0.1301085267176954,11.993064921129381,0.5731215213600501,12.093545031997257,0.5779232392183072,0.5779232392183072,28.636288153341717,0.04778774442805898
0.0012000000000000001,0.009471519347097095,0.012275079231716985,25.560676620405637,866.5456233332784,2.0866575462011454,0.13010852547522334,11.990275058551713,0.6858135228687654,14.168662350748521,0.8104117873571612,0.8104117873571612,42.60112770067606,0.05719748041806839
0.0014,0.015576566107727584,0.01937268269825242,35.48940749412578,998.2168567351605,2.3842301804620125,0.1301085224448647,11.987031047268317,0.8002200703868401,16.189217274742063,1.0807460609734714,1.0807460609734714,59.149012490209635,0.0667571533961447
0.0016,0.02381823150770246,0.02873975183745664,46.92680474493092,1126.3265153850512,2.6738348750107566,0.130108516010816,11.983341699347552,0.9162524291997135,18.15566890439403,1.3881917210374177,1.3881917210374177,78.21134124155152,0.07646051094826078
0.0018000000000000002,0.03449416787404194,0.04066776107407744,59.83206046716165,1250.9053879921403,2.955539240569774,0.13010850367416243,11.97921675641907,1.0338227963734594,20.06847632485649,1.731936965077477,1.731936965077477,99.72010077860274,0.08630136822755835
0.002,0.047893901231352384,0.05544018251921222,74.164719529677,1371.9842556027245,3.2294108855300494,0.13010848179700243,11.974666835734318,1.1528443004973759,21.928098605450955,2.111097022140105,2.111097022140105,123.607865882795,0.09627360128777064
0.0022,0.06429890184799586,0.07333255493162838,89.88467948875244,1489.5938916775715,3.4955174158432922,0.13010844532398624,11.969703378363192,1.2732310014218544,23.73499479893594,2.524718469734059,2.524718469734059,149.80779914792075,0.10637114063522964
0.0024000000000000002,0.08398265476493144,0.09461255267908351,106.95219050191496,1603.7650621684527,3.7539264348927572,0.1301083874843679,11.96433859939073,1.3948978899924138,25.489623940629837,2.97178338410577,2.97178338410577,178.2536508365249,0.11658796500990429
0.0026000000000000003,0.10721073030741403,0.11954005469964586,125.32785524269845,1714.528525593872,4.004705543345765,0.13010829947753585,11.958585439982125,1.5177608877807414,27.19244504740952,3.451213334822901,3.451213334822901,208.87975873783074,0.12691809540502058
0.0028,0.13424085457973356,0.14836721346301465,144.97262881630243,1821.9150331140092,4.247922338990811,0.13010817014485557,11.952457521188943,1.6417368468135556,28.84391711660428,3.9618732342547585,3.9618732342547585,241.62104802717073,0.13735558933408765
0.003,0.16532297994317383,0.18133852393184044,165.8478186761387,1925.9553286048904,4.483644416561985,0.13010798563053036,11.94596909937438,1.7667435493000532,30.444499124803606,4.502575052134931,4.502575052134931,276.41303112689786,0.14789453535356784
0.0032,0.20069935547736686,0.21869089252304516,187.91508454125008,2026.6801487318012,4.711939367553313,0.13010772903405987,11.939135023140274,1.8926997073586804,31.994650026596577,5.072081404977277,5.072081404977277,313.1918075687501,0.15852904784896685
0.0034000000000000002,0.24060459742521678,0.260653706069143,211.13643831458631,2124.12022302197,4.932874780025568,0.1301073800567552,11.93197069164367,2.01952496274393,33.49482875326003,5.669109029694041,5.669109029694041,351.8940638576439,0.16925326209175706
0.0036000000000000003,0.2852657596215623,0.3074489007795601,235.47424400212324,2218.3062739365178,5.146518238407829,0.1301069146446488,11.924492014195962,2.147139886573818,34.94549421141119,6.292332150336444,6.292332150336444,392.45707333687204,0.18006132957426396
0.0038,0.33490240390574627,0.3592910312019553,260.89121763281037,2309.2690169417087,5.352937323296152,0.13010630463002307,11.916715371042649,2.275465979058688,36.347105281640545,6.94038574644592,6.94038574644592,434.81869605468387,0.19094741362943174
0.004,0.389726670518256,0.41638733918354054,287.350427179334,2397.0391605795053,5.552199611251406,0.1301055173736671,11.908657575227178,2.4044256692319266,37.70012081713918,7.611868731068549,7.611868731068549,478.91737863222335,0.20190568534220854
0.004200000000000001,0.44994334848159684,0.4789378228324012,314.81529247968314,2481.647406537439,5.744372674598351,0.13010451540986187,11.900335835447423,2.533942314683168,39.00499964233449,8.305347046048066,8.305347046048066,524.6921541328052,0.21293031975915647
0.0044,0.5157499459655583,0.5471353054788155,343.24958515950374,2563.124449717818,5.9295240812278704,0.13010325609598766,11.891767719818715,2.6639402012945146,40.262200551547274,9.019356681773804,9.019356681773804,572.0826419325061,0.2240154924027666
0.0046,0.5873367606370293,0.6211655046365762,372.61742855523204,2641.5009783062837,6.107721394404181,0.13010169126854332,11.88297112046256,2.794344542980292,41.472182307682715,9.75240662811995,9.75240662811995,621.0290475920533,0.23515537609684256
0.0048000000000000004,0.6648869499945175,0.7012071009643104,402.88329763799203,2716.807673839718,6.279032172578713,0.13009976690726663,11.873964218845547,2.9250814814308024,42.63540364096658,10.502981762871098,10.502981762871098,671.4721627299868,0.24634413810918449
0.005,0.7485766016875234,0.7874318072267988,434.0120189382483,2789.0752112735254,6.443523969212314,0.13009742280894765,11.864765451798156,3.0560780858605314,43.75232324773794,11.26954568348705,11.26954568348705,723.3533648970804,0.2575759376176602
0.005200000000000001,0.8385748038209222,0.8800044372562992,465.9687704712007,2858.3342590483,6.601264332607277,0.13009459227243192,11.855393478148606,3.1872623527612425,44.82339978930868,12.050543487616075,12.050543487616075,776.6146174520011,0.26884492350556555
0.0054,0.9350437152444968,0.9790829749138621,498.7190816629129,2924.6154791558697,6.752320805750607,0.13009120179621944,11.845867145912152,3.3185632056603214,45.84909189089919,12.84440450732077,12.84440450732077,831.1984694381882,0.2801452324919508
0.0056,1.0381386358277715,1.0848186430506548,532.2288332771616,2987.949527204766,6.8967609261699145,0.13008717078997623,11.836205459981585,3.4499104948847803,46.82985814065992,13.649545001534596,13.649545001534596,887.0480554619359,0.29147098760231793
0.0058000000000000005,1.1480080767202867,1.1973559724692815,566.4642573429984,3048.3670524850827,7.0346522258031365,0.13008241130118983,11.826427550270182,3.5812349973312356,47.766157088786734,14.46437081081823,14.46437081081823,944.1070955716641,0.3028162969847492
0.006,1.2647938305974593,1.3168328708851005,601.3919370830148,3105.8986980327695,7.16606223088328,0.13007682775811677,11.816552640263573,3.712468416242199,48.658447246738326,15.287279978035444,15.287279978035444,1002.319895138358,0.3141752530761282
0.006200000000000001,1.3886310418921644,1.4433806918875485,636.9788068422984,3160.5751006933588,7.291058461839292,0.13007031673009045,11.806600015942607,3.843543380988965,49.5071870865631,16.116665338115997,16.116665338115997,1061.631344737164,0.3255419321226245
0.0064,1.5196482770121809,1.5771243039014573,673.1921520180746,3212.4268911851195,7.409708433214019,0.1300627667061792,11.796588995044566,3.974393446861387,50.31283504034211,16.950917079619607,16.950917079619607,1121.9869200301243,0.3369103940580556
0.0066,1.657967594543633,1.7181821591483784,709.9996089900228,3261.4846941616747,7.522079653600241,0.1300540578931104,11.786538896635674,4.104953094864779,51.07584949975473,17.788425280360457,17.788425280360457,1183.332681650038,0.3482746827430815
0.0068000000000000005,1.803704615440563,1.8666663626078999,747.3691650512595,3307.7791282740654,7.628239625595609,0.1300440620333028,11.776469010973255,4.235157731524187,51.79668881577266,18.627582418895408,18.627582418895408,1245.6152750854326,0.35962882656744466
0.007,1.9569685932007694,2.0226827409789645,785.2691583399796,3351.3408062322756,7.7282558457772685,0.1300326422437797,11.766398569641318,4.3649436886962265,52.475811298487635,19.466785863223578,19.466785863223578,1308.7819305666326,0.3709668394166326
0.007200000000000001,2.117862484028041,2.1863309116412,823.6682777717483,3392.200334866249,7.822195804696957,0.1300196528766668,11.75634671594893,4.494248223388716,53.11367521707811,20.30444033758927,20.30444033758927,1372.780462952914,0.3822827220034023
0.0074,2.286483016980911,2.3577043516162273,862.5355629724356,3430.388315186354,7.910126986897099,0.13000493940191324,11.74633247558609,4.623009517588223,53.71073879991858,21.138960367825728,21.138960367825728,1437.559271620726,0.393570463563569
0.0076,2.46292076410807,2.536890466528986,901.8404042117869,3465.9353424433616,7.992116870948642,0.12998833831280912,11.736374727537273,4.751166678095725,54.26746023483647,21.96877270522726,21.96877270522726,1503.0673403529781,0.4048240439143422
0.0078000000000000005,2.647260210570553,2.723970659569059,941.5525423376207,3498.8720061879003,8.068232929511034,0.1299696770548121,11.726492175258127,4.878659736370509,54.784297669519376,22.792318728489462,22.792318728489462,1569.2542372293678,0.41603743587225983
0.008,2.839579824750833,2.919020400451986,981.6420687106478,3529.2288903294184,8.138542629414886,0.1299487739781333,11.716703318126193,5.005429648382416,55.26170921207639,23.60805682281727,23.60805682281727,1636.0701145177466,0.4272046080264593
0.0082,3.0399521283489372,3.1221092943805884,1022.0794251399054,3557.0365731946376,8.203113431767669,0.12992543831447503,11.707026423181588,5.1314182944725415,55.70015293175579,24.414464734867597,24.414464734867597,1703.465708566509,0.43831952786162665
0.008400000000000001,3.2484437664657206,3.3333011510062827,1062.8354038187983,3582.325627585531,8.26201279208285,0.12989947017825476,11.697479497178747,5.256568479222487,56.10008685982183,25.210041901770975,25.210041901770975,1771.3923396979972,0.4493761652234818
0.0086,3.4651155776734037,3.5526540533904107,1103.8811472617413,3605.1266208368093,8.315308160432695,0.12987066059259303,11.688080258975202,5.380823931332212,56.46196899059238,25.993311752066514,25.993311752066514,1839.8019121029022,0.4603684961181124
0.0088,3.6900226640735023,3.7802204269655597,1145.1881482413985,3625.4701148729364,8.363066981625055,0.12983879154028813,11.678846112288124,5.504129303506565,56.78625728263927,26.76282397598963,26.76282397598963,1908.6469137356642,0.4712905068348566
0.009000000000000001,3.9232144613422655,4.016047108496865,1186.7282497265103,3643.3866662646487,8.40535669540418,0.12980363603994668,11.669794118853913,5.626430172350494,57.073409660151846,27.517156762173926,27.517156762173926,1977.8804162108504,0.48213619838077004
0.0092,4.164734808763744,4.260175415043356,1228.4736448203043,3658.9068262850374,8.442244736675871,0.1297649582473845,11.660940972030321,5.74767303827301,57.3238840144658,28.254918997473297,28.254918997473297,2047.456074700507,0.49289959121302934
0.0094,4.414622019250592,4.512641212919258,1270.3968766994858,3672.061140965137,8.47379853575686,0.1297225135823608,11.652302970884703,5.86780532539985,57.53813820575646,28.974752426274776,28.974752426274776,2117.328127832476,0.5035747302538887
0.009600000000000001,4.672908949352735,4.773474986655321,1312.4708385537988,3682.8801511490715,8.500085518648575,0.12967604888065667,11.64389599481559,5.986775381494892,57.71663006489774,29.675333765367437,29.675333765367437,2187.451397589665,0.5141556901710979
0.0098,4.939623069254004,5.042701907960133,1354.6687735261557,3691.394392548734,8.521173107335176,0.12962530257145635,11.635735478758162,6.104532477890242,57.85981739548578,30.355376770153097,30.355376770153097,2257.7812892102593,0.5246365809049619
0.01,5.214786532756857,5.32034190468145,1396.9642746533304,3697.6343957980253,8.537128720105818,0.12957000487994014,11.62783638902712,6.221026809425011,57.968157976027165,31.01363424774003,31.01363424774003,2328.2737910888845,0.5350115534215487
0.0102,5.498416247255293,5.6064097297675115,1439.3312848072069,3701.630686506618,8.548019771900975,0.1295098780549463,11.620213199853012,6.336209494392666,58.042109562290584,31.64890001224908,31.64890001224908,2398.885474678678,0.5452748056699006
0.010400000000000001,5.790523943696076,5.900915030228354,1481.7440966365818,3703.4137853133197,8.553913674682713,0.12944463662150887,11.612879870670128,6.450032574496967,58.0821298898209,32.26001077748946,32.26001077748946,2469.573494394303,0.5554205887195459
0.0106,6.091116246528377,6.203862416097146,1524.177352509517,3703.014207938935,8.554877837828535,0.12937398765802863,11.605849824215673,6.562449014816311,58.08867667661352,32.845847982027244,32.845847982027244,2540.295587515862,0.5654432130531039
0.0108,6.400194743641941,6.515251529391493,1566.6060444562333,3700.462465238753,8.55097966854871,0.12929763109778328,11.599135925501031,6.673412703776494,58.06220762594804,33.40533954158081,33.40533954158081,2611.010074093723,0.5753370549874156
0.011000000000000001,6.717756056293888,6.835077113074776,1609.005514112547,3695.789063254537,8.542286572326525,0.12921526005443432,11.592750461716452,6.782878453131677,58.00318042937764,33.93746152362902,33.93746152362902,2681.6758568542446,0.5850965631953564
0.0112,7.0437919090242636,7.163329080017441,1651.3514526638394,3689.0245032661223,8.528865953381262,0.12912656117113624,11.58670512313056,6.890801997953512,57.91205276987277,34.44123973911991,34.44123973911991,2752.2524211063987,0.5947162652993897
0.0114,7.378289199560427,7.499992581958363,1693.6199007895618,3680.199281842572,8.510785215153373,0.12903121499280507,11.581010985045445,6.997139996628235,57.7892823251155,34.915751246212984,34.915751246212984,2822.699834649269,0.6041907745069613
0.011600000000000001,7.721230068710409,7.845048078466128,1735.7872486082656,3669.3438908928924,8.488111760811345,0.1289288963610524,11.575678490866995,7.10185003086161,57.63532677094124,35.36012576108366,35.36012576108366,2892.9787476804427,0.6135147962570698
0.0118,8.072591970245314,8.198471405900367,1777.8302356231593,3656.4888177163307,8.46091299377976,0.12881927483124153,11.570717436348467,7.2048906056915065,57.4506437849243,35.77354697096108,35.77354697096108,2963.0503927052655,0.622683134846758
0.012,8.432347740770902,8.560233846373087,1819.7259506681855,3641.6645450522506,8.42925631828798,0.12870201511107124,11.56613695506285,7.306221149507991,57.235691050103576,36.15525374476249,36.15525374476249,3032.876584446976,0.6316907000059199
0.0122,8.800465669588435,8.930302196709972,1861.451831854618,3624.9015511295697,8.393209139938728,0.12857677752004443,11.561945505156917,7.405802014080668,56.990926258843224,36.504541236923586,36.504541236923586,3102.419719757696,0.6405325133886416
0.012400000000000001,9.176909568544888,9.308638837411719,1902.9856665181703,3606.230309715794,8.352838866295977,0.12844321846912687,11.558150857436274,7.503594474593116,56.71680711682455,36.82076188031054,36.82076188031054,3171.6427775302836,0.6492037149493908
0.0126,9.561638841872645,9.695201801615346,1944.3055911666204,3585.68129016562,8.308212907491345,0.12830099095985356,11.554760084826889,7.599560729684143,56.41379134716347,37.10332626442599,37.10332626442599,3240.5093186110344,0.6576995691726644
0.0128,9.954608556018771,10.089944844055525,1985.3900914279423,3563.2849574691086,8.259398676848182,0.12814974510208885,11.551779553254104,7.693663901495646,56.082336694648156,37.3517038954914,37.3517038954914,3308.9834857132373,0.6660154711252573
0.013000000000000001,10.35576950946396,10.492817510025894,2026.218001998943,3539.071772299466,8.206463591522635,0.12798912864959877,11.549214913975227,7.785868035726827,55.722900930091974,37.565423835397716,37.565423835397716,3377.0300033315716,0.6741469523011014
0.0132,10.765068302531256,10.903765204340381,2066.768506594407,3513.0721910603775,8.14947507316061,0.12781878755254433,11.547071097396504,7.876138101694462,55.33594185479428,37.744075216957924,37.744075216957924,3444.6141776573445,0.6820896862296344
0.0134,11.18244740718467,11.322729260294514,2107.021137896738,3485.316665932939,8.088500548569874,0.1276383665259564,11.54535230839953,7.964439992398964,54.92191730510409,37.88730763337245,37.88730763337245,3511.701896494563,0.6898394938199189
0.013600000000000001,11.607845236817758,11.749647008626761,2146.955777506104,3455.835644922174,8.023607450406192,0.12744750963320575,11.544062023196172,8.050740524595952,54.48128515707909,37.99483140031905,37.99483140031905,3578.25962917684,0.6973923484141993
0.013800000000000002,12.041196216032294,12.18445184647983,2186.5526558910756,3424.6595719031184,7.954863217872516,0.12724586088343467,11.543202987724758,8.135007438872965,54.01450333123314,38.06641768960354,38.06641768960354,3644.2544264851263,0.7047443805262605
0.014,12.482430850407114,12.627073306362002,2225.7923523397626,3391.818886666518,7.882335297430179,0.12703306484187069,11.542777217593796,8.217209399731074,53.52202979736542,38.1018985338503,38.1018985338503,3709.653920566271,0.7118918822418397
0.0142,12.931475796257246,13.077437125108455,2264.6557949114413,3357.3440249640635,7.806091143520831,0.12680876725189835,11.542785999572839,8.297315995670957,53.00432257946244,38.10116670226341,38.10116670226341,3774.4263248524026,0.7188313112603849
0.014400000000000001,13.38825393038339,13.535465312842565,2303.124260388674,3321.265418553251,7.7261982192981575,0.1265726156677227,11.543229894623373,8.375297739283182,52.46183976066651,38.06417544805233,38.06417544805233,3838.5404339811234,0.7255592945596833
0.0146,13.852684419811913,14.001076221937247,2341.1793742299164,3283.613495241807,7.642723997367991,0.1263242600964139,11.5441087424559,8.451126067342265,51.89503948830118,37.990938128675005,37.990938128675005,3901.9656237165273,0.732072631667221
0.0148,14.324682791525378,14.474184615976261,2378.803110522617,3244.4186789316987,7.55573596053567,0.12606335364808482,11.545421667592679,8.524773340904172,51.30437997894592,37.88152770061008,37.88152770061008,3964.671850871028,0.7383682975246119
0.015000000000000001,14.804161002183758,14.954701738715537,2415.9777919367975,3203.711389662709,7.46530160255927,0.12578955319291354,11.547167086909004,8.596212845406829,50.690319523550606,37.736076090916285,37.736076090916285,4026.6296532279957,0.7444434449339816
0.0152,15.291027507836414,15.442535383044513,2452.6860896791227,3161.5220436556306,7.371488428907516,0.12550252002368653,11.549342718619556,8.665418790773323,50.05331649258191,37.55477344837038,37.55477344837038,4087.810149465204,0.7502954065778268
0.0154,15.785187333624942,15.937589959947418,2488.911023447449,3117.8810533549995,7.274363957520846,0.1252019205225049,11.551945592670176,8.732366311517303,49.39382934119094,37.33786727748533,37.33786727748533,4148.185039079082,0.7559216966065072
0.015600000000000001,16.286542143476957,16.439766567464623,2524.6359613858626,3072.8188274714394,7.173995719574386,0.12488742683026406,11.55497206248961,8.797031466850216,48.71231661439399,37.085661459199216,37.085661459199216,4207.726602309772,0.7613200117902169
0.0158,16.79499030979096,16.94896305965396,2559.8446200401877,3026.365771023556,7.070451260241301,0.12455871751748811,11.558417818050216,8.859391240789925,48.009236952255755,36.79851516248197,36.79851516248197,4266.407700066979,0.7664882322349212
0.016,17.310426983112347,17.465074115552003,2594.5210643139853,2978.55228537943,6.963798139455143,0.12421547825507456,11.56227790018161,8.919423542270323,47.285049095065794,36.47684165153247,36.47684165153247,4324.201773856642,0.7714244216643699
0.0162,17.832744161800626,17.987991308135452,2628.649707425025,2929.408768297679,6.854103932669728,0.1238574024834817,11.566546716076495,8.977107205251446,46.54021188849816,36.121106993625425,36.121106993625425,4381.082845708374,0.7761268272728322
0.0164,18.361830761688054,18.517603173282428,2662.215310862235,2878.9656139681015,6.741436231615018,0.12348419207887133,11.571218055923804,9.032421988829679,45.77518428874396,35.73182867301627,35.73182867301627,4437.0255181037255,0.7805938791556688
0.0166,18.897572685729642,19.053795278733723,2695.2029843431305,2827.2532130518734,6.6258626450474765,0.12309555801470316,11.576285110600592,9.085348577347588,44.99042536760633,35.309574116617306,35.309574116617306,4492.004973905217,0.784824189327195
0.016800000000000002,19.439852893644716,19.596450293054268,2727.598185771714,2774.301952721335,6.507450799493464,0.12269122101726423,11.581740490350942,9.135868580502946,44.18639431754822,34.854959137421545,34.854959137421545,4545.996976286189,0.7888165503375146
0.017,19.988551471550128,20.1454480545943,2759.386721196853,2720.1422166993543,6.386268339984094,0.1222709122136084,11.587576244377608,9.183964533456468,43.36355045668213,34.36864630186599,34.36864630186599,4598.977868661422,0.792569933502065
0.0172,20.54354570158514,20.70066564045079,2790.5547447711333,2664.804385298249,6.26238293078001,0.12183437377037507,11.593783881270033,9.229619896937825,42.52235323369143,33.85134322749723,33.85134322749723,4650.924574618556,0.7960834867595249
0.017400000000000002,21.104710131528176,21.26197743542871,2821.0887587101765,2608.3188354582703,6.13586225608453,0.12138135952195628,11.600354390190883,9.272819057349462,41.66326223267274,33.30380081742647,33.30380081742647,4701.814597850294,0.799356532175469
0.0176,21.671916644405446,21.82925520100239,2850.975613252439,2550.7159407856752,6.006774020743713,0.1209116355864839,11.60727826274232,9.31354732686777,40.786737177889414,32.726811438140096,32.726811438140096,4751.626022087398,0.8023885631106912
0.0178,22.2450345280916,22.40236814427676,2880.202506619472,2492.0260715903487,5.875185950931729,0.12042498096811696,11.614545515432823,9.351790943541165,39.89323793842533,32.12120704726482,32.12120704726482,4800.337511032453,0.8051792410744765
0.018000000000000002,22.823930544902463,22.981182986948774,2908.7569849766596,2432.279594923005,5.741165794820088,0.11992118814412067,11.622145712665473,9.387537071384605,38.983224532729,31.48785727787724,31.48785727787724,4847.928308294432,0.8077283922842529
0.0182,23.408469001179977,23.56556403426868,2936.626942394416,2371.506874611933,5.604781323229172,0.11940006363524605,11.630067990169252,9.42077380047013,38.0571571330376,30.827667485895574,30.827667485895574,4894.3782373240265,0.8100360039540087
0.0184,23.998511816869406,24.155373244001325,2963.800620809856,2309.7382712993344,5.466100330260687,0.11886142855793971,11.638301078795992,9.451490147012935,37.11549606967134,30.141576767000654,30.141576767000654,4939.66770134976,0.812102220334612
0.018600000000000002,24.59391859508895,24.750470295387508,2990.2666099889284,2247.0041424771935,5.325190633909474,0.11830511915693985,11.646833328607144,9.479676053452607,36.15870183518779,29.430555949404578,29.430555949404578,4983.777683314881,0.8139273385297333
0.0188,25.194546691691812,25.350712658105255,3016.013847489012,2183.3348425227377,5.182120076653395,0.11773098731684492,11.655652733176517,9.505322388529057,35.187235088387254,28.69560556862357,28.69560556862357,5026.68974581502,0.8155118041114262
0.019,25.800251284820828,25.955955661231233,3041.0316186219766,2118.7607227334406,5.036956526019782,0.11713890105127675,11.664746954037392,9.528420947352748,34.20155665815902,27.937753830217343,27.937753830217343,5068.386031036627,0.8168562065596099
0.019200000000000002,26.410885444455744,26.566052562201953,3065.3095564177033,2053.312131361593,4.889767875127218,0.11652874496830047,11.674103345205161,9.548964451468821,33.202127547160124,27.15805456623649,27.15805456623649,5108.849260696173,0.8179612745496907
0.0194,27.026300201953283,27.180854615775132,3088.8376415880657,1987.0194136484388,4.740622043201292,0.11590042071080744,11.68370897770953,9.56694654891473,32.189408935317424,26.357585190872435,26.357585190872435,5148.062735980109,0.8188278711124
0.0196,27.646344619580002,27.80021114299109,3111.606202491364,1919.912911857875,4.589586976063132,0.11525384737061799,11.693550664073548,9.582361814271014,31.16386218314473,25.53744466053757,25.53744466053757,5186.010337485606,0.8194569886896027
0.0198,28.270865860038086,28.423969600133947,3133.6059150972205,1852.0229653096824,4.436730646589415,0.11458896187511343,11.703614982680197,9.595205748704828,30.125948834866403,24.698751443316887,24.698751443316887,5222.6765251620345,0.8198497441093597
0.02,28.899709255984217,29.051975647693027,3154.827802951925,1783.3799104123793,4.282121055142956,0.11390571934526618,11.713888301970787,9.605474780005949,29.076130621341065,23.842641502434464,23.842641502434464,5258.046338253209,0.820007373502946
0.020200000000000003,29.53271837954148,29.684073219324176,3175.2632371442287,1714.0140806955744,4.125826229972509,0.11320409342399865,11.724356804423232,9.613166262614842,28.014869462776296,22.97026629806396,22.97026629806396,5292.105395240381,0.8199312271857928
0.0204,30.169735111804506,30.320104590811003,3194.903936271592,1643.955806841924,3.9679142275810197,0.11248407657386923,11.735006510262043,9.618278477642603,26.94262747122915,22.082790811496455,22.082790811496455,5324.839893785987,0.8196227645235304
0.0206,30.810599712337936,30.959910449026285,3213.7419664068752,1573.2354167186443,3.8084531330613074,0.11174568034315359,11.745823300855768,9.62081063288236,25.859866952885426,21.181391595352615,21.181391595352615,5356.2366106781255,0.8190835488033789
0.020800000000000003,31.455150888668197,31.603329960893298,3231.769741065472,1501.8832354085716,3.6475110603982595,0.11098893559946488,11.756792941761589,9.620762862811999,24.767050410111644,20.26725485320083,20.26725485320083,5386.282901775787,0.8183152421301777
0.021,32.103225865768806,32.250200842347056,3248.980021172882,1429.9295852408106,3.4851561527369013,0.11021389273013424,11.767901105380584,9.618136228587884,23.664640543275258,19.341574551617914,19.341574551617914,5414.966701954803,0.8173196003652875
0.0212,32.7546604555392,32.90035942729566,3265.365915032726,1357.4047858209735,3.3214565826156095,0.10942062180865464,11.779133393191124,9.612932718029437,22.553100252328218,18.405550567406344,18.405550567406344,5442.2765250545435,0.8160984681255202
0.021400000000000002,33.40928912627722,33.55364073658171,3280.9208782951873,1284.3391540609218,3.156480552163684,0.10860921272657566,11.790475357531637,9.605155245594283,21.432892638148473,17.46038687236351,17.46038687236351,5468.201463825311,0.8146537738581173
0.0216,34.0669450721453,34.20987854694342,3295.638713925887,1210.7630042081573,2.990296293263064,0.10777977529032451,11.801912522907688,9.59480765234393,20.30448100363809,16.50728975769265,16.50728975769265,5492.731189876478,0.8129875250066686
0.0218,34.727460282630524,34.868905459976204,3309.5135721751863,1136.7066478747408,2.8229720676735024,0.10693243928251812,11.813430406801912,9.581894705899723,19.16832885457317,15.547466099840655,15.547466099840655,5515.85595362531,0.8111018032816852
0.022000000000000002,35.39066561199851,35.53055297109378,3322.539950547911,1062.2003940658337,2.6545761671210473,0.10606735448742402,11.825014539968855,9.566422100389067,18.024899900204645,14.58212166926203,14.58212166926203,5537.566584246519,0.8089987600483968
0.0222,36.05639084874135,36.194651538489566,3334.7126937734924,987.2745492077672,2.4851769133493735,0.10518469068032098,11.836650486200064,9.548396456381731,16.87465805360686,13.612459483328012,13.612459483328012,5557.854489622488,0.8066806118431791
0.0224,36.724464785019556,36.861030652098044,3346.0269937765233,911.9594171757556,2.3148426581340917,0.10428463758060687,11.848323861547929,9.527825320816273,15.7180674317747,12.6396782043393,12.6396782043393,5576.711656294206,0.8041496360288979
0.022600000000000002,37.394715286098204,37.52951890255603,3356.4783896477243,836.2852993211651,2.1436417832597483,0.10336740476859752,11.860020352999825,9.50471716691652,14.555592355467429,11.664970583347882,11.664970583347882,5594.130649412873,0.8014081665983342
0.0228,38.06696935977726,38.19994405016395,3366.0627676153126,760.2824944984085,1.97164270045974,0.10243322156605812,11.871725736596865,9.479081394098094,13.387697348800707,10.689521950261213,10.689521950261213,5610.104612692188,0.7984585901337842
0.023,38.74105322581628,38.872133093847275,3374.776361016775,683.9812990913933,1.7989138513191139,0.10148233688060723,11.883425894994232,9.450928327865013,12.214847138586578,9.714508750480563,9.714508750480563,5624.6272683612915,0.7953033419298821
0.023200000000000002,39.416792385353425,39.545912340117816,3382.6157502710284,607.4120070396192,1.625523707140696,0.10051501901423125,11.89510683446251,9.42026921969649,11.037506653424481,8.741097128124121,8.741097128124121,5637.69291711838,0.7919449022857097
0.0234,40.09401169031901,40.22110747203488,3389.5778628509775,530.6049098638935,1.4515407687748318,0.09953155543624574,11.906754701331646,9.38711624692393,9.856141022545156,7.770441555696078,7.770441555696078,5649.296438084962,0.7883857929712854
0.0236,40.772535412843546,40.89754361816683,3395.659973256449,453.5902966916105,1.2770335664130348,0.09853225252113673,11.918355797881308,9.351482512598302,8.671215574409496,6.803683509891134,6.803683509891134,5659.433288760749,0.7846285738726384
0.0238,41.45218731466048,41.57504542155229,3400.859702987512,376.3984542816887,1.1020706593462901,0.09751743525181188,11.929896597683161,9.313382045347993,7.483195835067403,5.841950193069945,5.841950193069945,5668.099504979186,0.7806758398188206
0.024,42.13279071650353,42.253437108661366,3405.175020518159,299.0596670491467,0.9267206356885973,0.09648744688888615,11.941363760402405,9.272829799227372,6.2925475262806,4.886353299799565,4.886353299799565,5675.291700863598,0.7765302175934127
0.024200000000000003,42.81416856749887,42.93254255835721,3408.604241270367,221.60421708929258,0.751052112066407,0.09544264860671936,11.952744146067262,9.229841653556212,5.099736563413876,3.937987827728085,3.937987827728085,5681.007068783944,0.7721943631323398
0.0244,43.49614351455214,43.61218537085712,3411.146027588508,144.0623842015615,0.5751337332748412,0.09438341909701413,11.964024828816555,9.184434412750214,3.9052290531007743,2.9979309319536553,2.9979309319536553,5685.24337931418,0.7676709589091274
0.0246,44.17853797173034,44.292188936693925,3412.7993887141165,66.46444591299733,0.39903417190158436,0.09331015414087108,11.975193110136573,9.136625806142883,2.709491290689771,2.0672408219522413,2.0672408219522413,5687.998981190193,0.7629627115080971
0.024800000000000003,44.861174189638774,44.97237650567743,3413.5636807610053,-11.159322498604062,0.22282212791946532,0.09222326615028302,11.986236531599431,9.08643448779907,1.5129897574778512,1.1469557000473292,1.1469557000473292,5689.272801268343,0.7580723493854318
0.025,45.54387432479297,45.652571255855435,3413.438606690721,-88.77864798188128,0.04656632824881392,0.09112318368013268,11.997142887115961,9.03388003632042,0.31619111773886,0.2380927403365782,0.2380927403365782,5689.0643444845355,0.7530026208175061
0.0252,46.22646050898579,46.33259636247551,3412.4242162883306,-166.3632596894567,-0.1296644737093396,0.09001035091183633,12.007900234716784,8.978982954643099,-0.8804377844461332,-0.658352893065323,-0.658352893065323,5687.373693813885,0.7477562920354223
0.025400000000000002,46.90875491864969,47.01227506694579,3410.5209061385417,-243.88288895575892,-0.30580149856780325,0.08888522710985072,12.018496907875802,8.921764669828134,-2.0764299285468124,-1.5414089896501846,-1.5414089896501846,5684.201510230902,0.7423361455442603
0.0256,47.59057984421423,47.691430745796715,3407.7294196021344,-321.3072692752072,-0.48177594147441327,0.087748286052331,12.028921526390672,8.86224753284474,-3.27131812112256,-2.4101271992226256,-2.4101271992226256,5679.549032670224,0.7367449786251864
0.0258,48.27175775945895,48.36988697964215,3404.0508467927125,-398.60613628065283,-0.657518972658286,0.08660001543729286,12.039163006835091,8.800454818347001,-4.464634999531572,-3.2635839029242644,-3.2635839029242644,5673.418077987855,0.730985602018234
0.026000000000000002,48.95211139086153,49.04746762214078,3399.486624553758,-475.7492277221775,-0.8329617379999409,0.08544091626569392,12.049210572597888,8.736410724444326,-5.655913035802069,-4.100881049823999,-4.100881049823999,5665.811040922929,0.7250608387832913
0.0262,49.63146378694151,49.723996868957336,3394.0385364359836,-552.7062834461294,-1.0080353596235583,0.08427150220290452,12.059053763523856,8.670140372466124,-6.844684540653792,-4.9211469603213525,-4.9211469603213525,5656.730894059973,0.7189735233365909
0.0264,50.3096383875994,50.39929932672408,3387.7087126749807,-629.4470453744817,-1.182670936510038,0.08309229892009003,12.068682445171252,8.601669806721075,-8.030481667660753,-5.723537097604398,-5.723537097604398,5646.181187791634,0.7127265006597843
0.026600000000000002,50.98645909345141,51.07320008200191,3380.4996301691453,-705.9412574844038,-1.35679954512905,0.08190384341707112,12.07808681770063,8.531025994251545,-9.212836417542933,-6.507234808385703,-6.507234808385703,5634.166050281909,0.7063226256785297
0.0268,51.66175033515977,51.745524770241836,3372.414112457888,-782.158665788168,-1.530352240088741,0.08070668332826939,12.087257424409419,8.458236824583473,-10.391280642577874,-7.271452034118316,-7.271452034118316,5620.690187429814,0.6997647628073695
0.027,52.33533714275873,52.416099644746296,3363.455329700111,-858.0690183132876,-1.703260054801226,0.07950137621337892,12.096185159926325,8.383331109472344,-11.565346051119437,-8.015429993860415,-8.015429993860415,5605.758882833518,0.6930557856575837
0.027200000000000002,53.00704521497624,53.084751645630405,3353.626798652945,-933.642065082885,-1.8754540021621928,0.07828848883443314,12.104861278079047,8.306338582645612,-12.734564212212423,-8.738439839920595,-8.738439839920595,5589.377997754908,0.6861985769046142
0.0274,53.676700988551474,53.75130846878333,3342.932382650748,-1008.8475580962953,-2.046865075242937,0.07706859642095848,12.11327739944846,8.227289899542171,-13.898466560291551,-9.439783287371732,-9.439783287371732,5571.553971084581,0.6791960283116091
0.027600000000000003,54.34413170754811,54.4155986348296,3331.3762915843486,-1083.6552513099446,-2.2174242479932147,0.07584228192492282,12.121425518621663,8.14621663704924,-15.056584399953929,-10.11879321847187,-10.11879321847187,5552.293819307247,0.6720510409055876
0.027800000000000002,55.0091654926635,55.077451558090374,3318.9630818805326,-1158.0349006183767,-2.3870624759529004,0.07461013526719652,12.129298011155683,8.063151293237317,-16.2084489107913,-10.774834262973606,-10.774834262973606,5531.605136467554,0.6647665253027333
0.028,55.67163141053381,55.736697615544784,3305.697656481763,-1231.9562638356094,-2.5557106969711483,0.07337275257724855,12.136887640262952,7.978127287093467,-17.353591152273232,-11.407303355245963,-11.407303355245963,5509.4960941362715,0.6573454021792869
0.028200000000000003,56.331359543035056,56.393168215791356,3291.585264826129,-1305.389100676555,-2.7232998319307318,0.0721307354277979,12.144187563228762,7.891178958253756,-18.491542068665467,-12.015630269063587,-12.015630269063587,5485.9754413768815,0.6497906028845735
0.0284,56.98818105658017,57.046695868009216,3276.6315028275167,-1378.303172738743,-2.8897607854763825,0.07088469006613313,12.151191337570234,7.8023415667350235,-19.62183249397544,-12.599278130852792,-12.599278130852792,5461.0525047125275,0.6421050701926638
0.0286,57.641928271412155,57.69711425091941,3260.8423128559944,-1450.6682434841932,-3.0550244467451,0.06963522664379852,12.157892926945284,7.711651292666671,-20.743993156911177,-13.157743912106966,-13.157743912106966,5434.737188093323,0.6342917591892506
0.028800000000000003,58.29243473089332,58.34425828174632,3244.2239837184034,-1522.4540782214772,-3.2190216900968225,0.06838295844632637,12.164286706819286,7.619145236022872,-21.857554685842626,-13.690558901607227,-13.690558901607227,5407.039972864005,0.626353638290323
0.029,58.93953527079061,58.987964185178875,3226.783150639155,-1593.6304440879392,-3.3816833758437537,0.06712850112466896,12.170367469896028,7.524861416355743,-22.962047613753885,-14.197289158002409,-14.197289158002409,5377.971917731925,0.6182936903892868
0.0292,59.583066088557224,59.62806956233191,3208.526795241222,-1664.1671100321219,-3.542940350976818,0.06587247192995369,12.176130431318608,7.428838772529852,-24.057002383175927,-14.677535943217263,-14.677535943217263,5347.544658735371,0.6101149141291968
0.029400000000000003,60.22286481261029,60.26441345970751,3189.4622455273156,-1734.0338467962988,-3.7027234498874395,0.064615488953148,12.181571233644815,7.331117162458626,-25.141949351087558,-15.13093613706793,-15.13093613706793,5315.770409212192,0.6018203252968297
0.0296,60.85877057160498,60.89683643815639,3169.597175861255,-1803.2004268991968,-3.860963495083283,0.06335817037117965,12.186685951600472,7.23173736284305,-26.216418793775382,-15.557162633372638,-15.557162633372638,5282.661959768758,0.593412958335347
0.0298,61.490624063704736,61.525180641838936,3148.939606949506,-1871.6366246188816,-4.0175912978964075,0.062101133701011405,12.191471096612986,7.130741068913052,-27.279940911642278,-15.955924717748942,-15.955924717748942,5248.232678249177,0.5848958679723321
0.030000000000000002,62.11826762584797,62.14928986718705,3127.4979058229005,-1939.3122159756922,-4.172537659182104,0.06084499506311845,12.195923621126267,7.02817089417214,-28.33204583395256,-16.32696842718894,-16.32696842718894,5212.496509704834,0.5762721309600252
0.0302,62.741545303011044,62.76900963186483,3105.280785818519,-2006.1969787154435,-4.3257333700075575,0.059590368455760774,12.20004092269685,6.924070370145475,-29.37226362350811,-16.670076891404197,-16.670076891404197,5175.467976364198,0.5675448479245667
0.0304,63.36030291746766,63.38418724373039,3082.2973065617393,-2072.2606922926225,-4.477109212328343,0.05833786504138358,12.203820847869865,6.818483946131994,-30.40012428124184,-16.98507065582214,-16.98507065582214,5137.1621776029,0.5587171453211014
0.030600000000000002,63.9743881380447,63.99467186979699,3058.556873948442,-2137.4731378538004,-4.626595959652004,0.057088092446414745,12.20726169583213,6.711456988960763,-31.41515775072349,-17.271807986010877,-17.271807986010877,5097.59478991407,0.5497921774915521
0.0308,64.58365054937444,64.60031460519428,3034.069240127369,-2201.8040982211514,-4.774124377687278,0.05584165407566146,12.210362221838329,6.603035782752009,-32.416893922567944,-17.53018515319409,-17.53018515319409,5056.782066878948,0.5407731288218811
0.031,65.18794172114343,65.20096854212976,3008.8445034826327,-2265.223357875966,-4.919625224977566,0.05459914844243722,12.213121640404827,6.493267528683198,-33.40486263873657,-17.76013670040225,-17.76013670040225,5014.740839137721,0.531663215995609
0.031200000000000002,65.78711527733766,65.7964888388501,2982.893108616373,-2327.700702942477,-5.063029253518302,0.053361168515477515,12.21553962826428,6.382200344760277,-34.37859369672921,-17.961635688690002,-17.961635688690002,4971.4885143606225,0.5224656903402909
0.031400000000000004,66.38102696548448,66.38673278860236,2956.2258463315525,-2389.205921171575,-5.2042672093563125,0.052128301083625886,12.217616327072669,6.269883265594632,-35.33761685365398,-18.134693922722498,-18.134693922722498,4927.043077219255,0.513183840263618
0.0316,66.96953472589092,66.97155988859532,2928.8538536148912,-2449.7088019248185,-5.343269833171156,0.050901126139193814,12.219352345858951,6.1563662421857375,-36.28146183017452,-18.279362154912615,-18.279362154912615,4881.423089358152,0.5038209937756714
0.0318,67.55249876087885,67.5508319089609,2900.7886136199377,-2509.179136158319,-5.479967860836669,0.04968021628081781,12.220748763205883,6.041700141710041,-37.209658314323065,-18.395730267156992,-18.395730267156992,4834.647689366563,0.49438052109379216
0.032,68.12978160401637,68.1244129617154,2872.0419556502725,-2567.5867164069377,-5.614292023962978,0.048466136136555066,12.221807129149095,5.925936747315978,-38.12173596518072,-18.48392742909122,-18.48392742909122,4786.736592750454,0.48486583732634575
0.0322,68.70124818934639,68.69216956972086,2842.6260551428386,-2624.9013367684292,-5.7461730504174895,0.04725944180787559,12.222529466779726,5.809128757925557,-39.01722441641506,-18.544122231643847,-18.544122231643847,4737.710091904732,0.47528040523154413
0.0324,69.26676592061135,69.25397073564625,2812.553433651401,-2681.092792887699,-5.8755416648246594,0.0460606803351255,12.222918273534395,5.691329788042573,-39.89565327967362,-18.576522794532934,-18.576522794532934,4687.589056085669,0.465627738047279
0.032600000000000004,69.82620474047509,69.80968801092908,2781.8369588301307,-2736.130881941155,-6.002328589044002,0.04487038918495073,12.222976522154461,5.572594367567591,-40.75655214782965,-18.581376846205174,-18.581376846205174,4636.394931383551,0.4559114023877179
0.0328,70.37943719974112,70.35919556473645,2750.4898444173105,-2789.9854026211715,-6.12646454262599,0.04368909576008651,12.22270766129487,5.45297794161981,-41.599450598077716,-18.55897177457236,-18.55897177457236,4584.149740695518,0.446135021202178
0.033,70.9263385265679,70.90237025292636,2718.5256502191633,-2842.6261551205375,-6.247880243245227,0.042517316931832826,12.222115615761012,5.332536870365982,-42.423878194875,-18.509634646750992,-18.509634646750992,4530.876083698606,0.43630227679154143
0.0332,71.4667866956807,71.43909168700932,2685.9582820937976,-2894.0229411170867,-6.3665064071110935,0.041355558595452424,12.221204786350329,5.211328428856312,-43.22936449272965,-18.43373219586076,-18.43373219586076,4476.597136822996,0.4264169138771623
0.0334,72.00066249758038,71.9692423031094,2652.8019919352723,-2944.145563758359,-6.482273749355395,0.04020431524864467,12.219980049273394,5.0894108068674955,-44.01543903883294,-18.331670772782786,-18.331670772782786,4421.336653225454,0.41648274271692565
0.033600000000000005,72.52784960774893,72.49270743092555,2619.0713776577804,-2992.963827646296,-6.595112984396921,0.03906406959316614,12.218446755127477,4.966843108752897,-44.78163137553465,-18.20389626062304,-18.20389626062304,4365.118962762967,0.4065036422627581
0.033800000000000004,73.04823465585201,73.0093753626931,2584.7813831799435,-3040.4475388220762,-6.704954826283188,0.037935292159588706,12.21661072739363,4.8436853532998025,-45.527471042663635,-18.05089394946924,-18.05089394946924,4307.968971966573,0.3964835633535149
0.034,73.56170729493812,73.51913742214501,2549.9472984092295,-3086.5665047510097,-6.811729989009261,0.036818440955106814,12.214478260426434,4.719998473593764,-46.25248757969252,-17.87318836886951,-17.87318836886951,4249.912164015382,0.3864265319367786
0.0342,74.06816027063479,74.02188803347305,2514.5847592264768,-3131.2905343074567,-6.915369186813728,0.03571396113422877,12.21205611690362,4.595844316890021,-46.956210527747544,-17.67134307530165,-17.67134307530165,4190.974598710794,0.376336652312674
0.0344,74.56748949034186,74.5175247902894,2478.7097474705406,-3174.5894377598966,-7.015803134452382,0.03462228469211222,12.209351524700905,4.4712856444918305,-47.6381694314668,-17.445960391742023,-17.445960391742023,4131.182912450901,0.3662181103923424
0.0346,75.05959409242128,75.00594852458754,2442.338590923049,-3216.433026756011,-7.112962547449583,0.033543830180232596,12.20637217315539,4.346386131635705,-48.297893840707054,-17.197681096282455,-17.197681096282455,4070.5643182050817,0.3560751769632589
0.034800000000000005,75.54437651538437,75.4870633757041,2405.4879632932775,-3256.7911143078845,-7.206778142327935,0.03247900244400326,12.20312620867903,4.221210367383394,-48.93491331210327,-16.92718405658596,-16.92718405658596,4009.1466054887956,0.34591221095305985
0.035,76.02174256707568,75.96077685927983,2368.174884203134,-3295.6335147772215,-7.297180636816486,0.03142819238190089,12.199622229681777,4.0958238545205194,-49.54875741048232,-16.635185806814736,-16.635185806814736,3946.9581403385564,0.3357336626830417
0.0352,76.49160149385405,76.42699993622101,2330.4167191722636,-3332.930043860738,-7.3841007500383204,0.030391776725585982,12.195869280762139,3.97029300946163,-50.13895571013675,-16.32244006351159,-16.32244006351159,3884.0278652871057,0.32554407710194155
0.0354,76.95386604977068,76.88564708166051,2292.2311796032677,-3368.650518575536,-7.467469202677693,0.02937011784044936,12.191876846121186,3.844685162161617,-50.70503779595965,-15.989737176765466,-15.989737176765466,3820.3852993387795,0.3153480969900704
0.0356,77.40845256574424,77.33663635391987,2253.636322767038,-3402.7647572445817,-7.547216717127576,0.02836356354595935,12.187654842154188,3.7190685560332457,-51.24653326444651,-15.637903512849055,-15.637903512849055,3756.060537945063,0.30515046612330005
0.0358,77.855281018733,77.77988946346962,2214.650551788211,-3435.242579482357,-7.62327401761847,0.02737244695513233,12.183213609172547,3.5935123478705577,-51.762971724569866,-15.267800764378926,-15.267800764378926,3691.0842529803517,0.29495603238582796
0.036000000000000004,78.29427510090417,78.21533184189144,2175.292615630738,-3466.0538061804405,-7.695571830328668,0.026397086332401145,12.178563902207028,3.4680866077780546,-52.253882798528004,-14.880325183919076,-14.880325183919076,3625.4876927178966,0.2847697508200913
0.0362,78.7253622888004,78.64289271083899,2135.581609083576,-3495.168259493295,-7.764040883477335,0.025437784969111196,12.173716880841969,3.342862319105321,-52.71879612237698,-14.47640673683065,-14.47640673683065,3559.30268180596,0.27459668660161246
0.0364,79.14847391250314,79.06250515099951,2095.536972746497,-3522.5557628240886,-7.828611907400847,0.024494831075834604,12.168684098028738,3.2179113783868964,-53.15724134654897,-14.057008169061467,-14.057008169061467,3492.561621244162,0.2644420179260123
0.0366,79.56354522479364,79.47410617105466,2055.1784930160215,-3548.1861408106347,-7.88921563461342,0.023568497690655832,12.163477487825698,3.0933065952871477,-53.56874813626397,-13.623123985474832,-13.623123985474832,3425.297488360037,0.2543110387948847
0.0368,79.9705154703107,79.87763677664256,2014.5263020714733,-3572.029219311413,-7.9457827998528225,0.02265904260255145,12.158109352010843,2.969121692549861,-53.952846171840164,-13.175779334236859,-13.175779334236859,3357.5438367857887,0.2442091616867054
0.037000000000000005,80.369327954706,80.27304203931855,1973.6008778611545,-3594.0548253916627,-7.998244140112064,0.021766708288958353,12.152592345512623,2.8454313059523413,-54.309065148909085,-12.71602879271868,-12.71602879271868,3289.334796435257,0.23414192009847382
0.037200000000000004,80.75993011379634,80.66027116551686,1932.4230440886522,-3614.232787309593,-8.04653039465806,0.02089172186660219,12.14693946060391,2.7223109842636797,-54.63693477854239,-12.24495505032585,-12.24495505032585,3220.7050734810873,0.22411497094333377
0.0374,81.14227358271356,81.03927756551148,1891.0139701992675,-3632.532934502755,-8.090572305038378,0.020034295054638565,12.141164009803731,2.599837189206894,-54.93598478729764,-11.7636674836443,-11.7636674836443,3151.6899503321124,0.21413409678903778
0.0376,81.5163142650513,81.41001892237804,1849.3951713665706,-3648.9250975743416,-8.130300615076425,0.01919462414914512,12.135279607431507,2.4780872954248383,-55.20574491718561,-11.273300619292232,-11.273300619292232,3082.325285610951,0.2042052079218089
0.0378,81.88201240200954,81.7724572609549,1807.5885084790898,-3663.3791082798716,-8.165646070857152,0.01837289000799238,12.129300149758716,2.357139590449248,-55.445744925573266,-10.775012479893086,-10.775012479893086,3012.6475141318165,0.19433434421986312
0.038,82.2393326415361,82.12655901680401,1765.6161881271253,-3675.864799513633,-8.196539420702775,0.0175692580451151,12.123239793703648,2.2370732746731017,-55.65551458501886,-10.269982808637351,-10.269982808637351,2942.6936468785416,0.18452767682075816
0.038200000000000005,82.58824410746577,82.47229510517319,1723.5007625896976,-3686.3520052955796,-8.22291141514114,0.01678387823320433,12.117112934015804,2.1179684613255003,-55.83458368305714,-9.75941116798377,-9.75941116798377,2872.5012709828293,0.17479150956659212
0.038400000000000004,82.9287204686568,82.80964098995653,1681.2651298216285,-3694.8105607580806,-8.244692806866242,0.016016885113841955,12.11093417889797,1.9999061764492287,-55.98248202193128,-9.244514908164252,-9.244514908164252,2802.1085497027143,0.1651322802112041
0.0386,83.2607400081247,83.13857675265612,1638.9325334407552,-3701.2103021329335,-8.261814350692926,0.015268397814106703,12.104718324015654,1.8829683588803814,-56.09873941828531,-8.72652700130441,-8.72652700130441,2731.5542224012584,0.1555565613736413
0.0388,83.58428569217362,83.4590871613436,1596.5265627152771,-3705.5210667384304,-8.27420680350615,0.014538520068689945,12.09848032484585,1.7672378602299763,-56.18288570281955,-8.206693737154232,-8.206693737154232,2660.877604525462,0.14607106122251706
0.039,83.89934523952518,83.77116173962109,1554.0711525512447,-3707.7126929665806,-8.281800924206042,0.013827340246574168,12.09223526731971,1.6527984448671535,-56.234450719917575,-7.686272276642513,-7.686272276642513,2590.118587585408,0.13668262387633007
0.0392,84.20591119044477,84.07479483558237,1511.5905834801777,-3707.755020270403,-8.28452747364949,0.013134931381344259,12.085998336716713,1.5397347899037817,-56.252964327249636,-7.166528059726045,-7.166528059726045,2519.317639133629,0.12739822950547142
0.039400000000000004,84.50398097586546,84.36998569077498,1469.109481646828,-3705.617889151454,-8.282317214589515,0.01246135120422328,12.0797847847716,1.42813248518007,-56.23795639536091,-6.648732064300081,-6.648732064300081,2448.5158027447133,0.1182249941224489
0.0396,84.79355698650943,84.65673850916046,1426.6528187970766,-3701.271141147253,-8.275100911612565,0.01180664217894854,12.07360989495927,1.3180780332511755,-56.18895680724582,-6.134157913272522,-6.134157913272522,2377.754697995128,0.10917016904790611
0.0398,85.07464664200702,84.9350625260769,1384.2459122659732,-3694.6846188191307,-8.262809331075799,0.01117083153763193,12.067488945927334,1.2096588493741711,-56.105495457922096,-5.624078827277717,-5.624078827277717,2307.0765204432887,0.10024114004118644
0.04,85.34726246001331,85.20497207719889,1341.9144249659132,-3685.828165740007,-8.245373241044005,0.010553931316779057,12.061437173051047,1.1029632614955012,-55.987102254002515,-5.11976442092067,-5.11976442092067,2236.524041609855,0.09144542608569563
0.0402,85.61142212532253,85.46648666750032,1299.684365374958,-3674.671626482345,-8.22272341122758,0.009955938392674989,12.055469728090713,0.9980805102384922,-55.833307113273705,-4.622477340892821,-4.622477340892821,2166.1406089582633,0.08279067782094322
0.040400000000000005,85.86714855897996,85.71963104021405,1257.5820875252948,-3661.1848466062343,-8.194790612922175,0.009376834515381564,12.049601636937467,0.8951007488907381,-55.64363996428638,-4.13346974478886,-4.13346974478886,2095.970145875491,0.07428467561507182
0.040600000000000004,86.11446998739164,85.96443524579475,1215.6342909918387,-3645.3376726476567,-8.16150561895082,0.008816586340628721,12.043847755439705,0.7941150433911299,-55.41763074596236,-3.6539796199754306,-3.6539796199754306,2026.0571516530645,0.0659353272738325
0.0408,86.35342001143184,86.20093471087971,1173.8680208809753,-3627.0999521068366,-8.122799203609066,0.008275145458924124,12.038222723308984,0.6952153723163641,-55.15480940722206,-3.185226942415311,-3.185226942415311,1956.4467014682923,0.0577506653843723
0.041,86.58403767554815,86.42917030724928,1132.3106678194467,-3606.4415334366963,-8.078602142613734,0.0077524484212478095,12.032740916111162,0.598494626866759,-54.854705906636475,-2.7284096759301404,-2.7284096759301404,1887.1844463657446,0.049738844294852924
0.0412,86.80636753686456,86.64918842078973,1090.989967943378,-3583.3322660315844,-8.028845213056293,0.007248416760743222,12.02741639535583,0.5040466108510668,-54.51685021211064,-2.2846996129858916,-2.2846996129858916,1818.316613238963,0.041908136733812204
0.0414,87.02045973428217,86.8610410204535,1049.9340028874449,-3557.742000215939,-7.973459193360627,0.0067629570098622785,12.022262856704458,0.4119660406703689,-54.14077230059686,-1.8552380587049386,-1.8552380587049386,1749.890004812408,0.03426693007636476
0.041600000000000005,87.22637005757788,87.06478572722051,1009.1711997741853,-3529.64058723327,-7.912374863246558,0.006295960712469514,12.017293576325224,0.32234854530063384,-53.726002157847006,-1.4411313604353613,-1.4411313604353613,1681.9519996236425,0.026823722267689244
0.041800000000000004,87.4241600165009,87.26048588306023,968.7303312034477,-3498.9978792351826,-7.845523003698939,0.005847304430458655,12.01252135543009,0.23529066627399287,-53.27206977820268,-1.043446285840894,-1.043446285840894,1614.5505520057459,0.019587117417912688
0.042,87.61389690986718,87.44821061989231,928.6405152419833,-3465.783729270554,-7.77283439694298,0.0054168497444846,12.007958463037198,0.15088985765855378,-52.77850516442765,-0.6632052530999052,-0.6632052530999052,1547.734192069972,0.012565821086325518
0.0422,87.79565389465169,87.62803492854799,888.9312154131758,-3429.967991274826,-7.694239826426048,0.005004443248463118,12.003616577008955,0.06924448603664413,-52.24483832758428,-0.3013814174129998,-0.3013814174129998,1481.5520256886264,0.005768635276910717
0.0424,87.96951005507887,87.80003972773204,849.6322406869112,-3391.520520059557,-7.609670076806589,0.00460991653754078,11.999506723423261,-0.00954616951866516,-51.67059928695833,0.041106381394951666,0.041106381394951666,1416.0537344781856,-0.0007955468286067842
0.0426,88.1355504717108,87.96431193298322,810.7737454695847,-3350.4111713018933,-7.5190559339496295,0.004233086189287782,11.995639214341914,-0.0853819174686441,-51.055318070028356,0.3633988048405708,0.3633988048405708,1351.2895757826414,-0.007117746369577537
0.042800000000000005,88.29386629053359,88.12094452563606,772.3862295942442,-3306.609801534392,-7.422328184930047,0.003873753737915999,11.992023584046294,-0.1581616538359092,-50.398524712487976,0.664701329475493,0.664701329475493,1287.3103826570737,-0.013188904502015915
0.043000000000000003,88.44455479204167,88.27003662178218,734.5005383108711,-3260.086268134839,-7.31941761804294,0.003531705641373526,11.98866852381575,-0.22778336223318663,-49.69974925831627,0.9442896820207044,0.9442896820207044,1224.1675638514519,-0.01899988825120071
0.0432,88.58771946032032,88.41169354123114,697.1478622767937,-3210.8104293162723,-7.21025502282168,0.0032067132412160076,11.985581815328606,-0.2941441138939882,-48.9585217599003,1.2015153892828012,1.2015153892828012,1161.9131037946563,-0.02454149647685866
0.0434,88.72347005212607,88.54602687647304,660.3597375472348,-3158.7521441170784,-7.094771190063406,0.0028985327152016593,11.982770262769154,-0.35714006770514817,-48.17437227820832,1.4358114359038332,1.4358114359038332,1100.5995625787245,-0.029804465901745077
0.0436,88.85192266596546,88.67315456163823,624.1680455659899,-3103.8812723912547,-6.972896911862156,0.0026069050226038486,11.980239623726323,-0.41666647024126857,-47.34683088301465,1.6466980228063142,1.6466980228063142,1040.2800759433167,-0.03477947714969569
0.0438,88.97319981117167,88.79320094145963,588.6050131562378,-3046.167674798858,-6.844562981649676,0.0023315558422784665,11.97799453897061,-0.4726176558010984,-46.47542765317682,1.8337884191159146,1.8337884191159146,981.0083552603965,-0.03945716073449765
0.044000000000000004,89.08743047697968,88.90629684023351,553.7032125114756,-2985.5812127964277,-6.709700194243309,0.0020721955035669514,11.976038461195326,-0.5248870464456739,-45.55969267696075,1.9967949003894319,1.9967949003894319,922.838687519126,-0.04382810293624299
0.0442,89.19475020159928,89.0125796307813,519.4955611865845,-2922.0917486277885,-6.568239345901802,0.0018285189101558013,11.974373582806056,-0.573367152038464,-44.599156052419644,2.13553476616206,2.13553476616206,865.825935310974,-0.04788285149728075
0.0444,89.29530114128653,89.11219330341082,486.01532208901614,-2855.6691453146364,-6.420111234387473,0.001600205457051887,11.973000762838073,-0.6179495702870819,-43.593347887816186,2.2499364301607043,2.2499364301607043,810.0255368150268,-0.051611921065359015
0.0446,89.3892321394134,89.20528853487718,453.29610347010566,-2786.2832666475324,-6.265246659036019,0.0013869189408683186,11.97191945307559,-0.6585249867869205,-42.54179830209643,2.340045577034255,2.340045577034255,755.4935057835094,-0.05500579830728357
0.0448,89.47669879553563,89.29202275734472,421.37185891650313,-2713.9039771769008,-6.103576420832751,0.0011883074636490098,11.971127623438495,-0.6949831750663886,-41.44403742540758,2.406031380125482,2.406031380125482,702.2864315275051,-0.058054946612186145
0.045000000000000005,89.557863534459,89.37256022734759,390.27688734172466,-2638.501142204195,-5.9350313224954405,0.0010040033304896628,11.970621686691882,-0.7272129966337786,-40.299595399660404,2.4481927756765316,2.4481927756765316,650.4614789028744,-0.06074981029951387
0.045200000000000004,89.63289567530384,89.4470720947519,360.04583297782006,-2560.044627773066,-5.759542168563054,0.0008336229412397601,11.970396422520906,-0.7551024010255816,-39.108002379131854,2.4669647899244453,2.4669647899244453,600.0763882963668,-0.06308081824299021
0.0454,89.70197150056786,89.51573647171602,330.71368536715534,-2478.5043006607657,-5.577039765490648,0.0006767666765938368,11.970444900998153,-0.7785384258563162,-37.868788531109345,2.462924916820528,2.462924916820528,551.1894756119256,-0.06503838681813721
0.0456,89.76527432518746,89.57873850165359,302.3157793543078,-2393.8500283696935,-5.387454921749852,0.0005330187789002637,11.970758405452756,-0.7974071968697194,-36.58148403657308,2.4367995456036313,2.4367995456036313,503.85963225717967,-0.0666129220773928
0.0458,89.82299456559734,89.63627042819233,274.88779507807084,-2306.0516791188106,-5.190718447933992,0.0004019472280318888,11.971326354729776,-0.8115939279910219,-35.24561909090983,2.3894704391853123,2.3894704391853123,458.1463251301181,-0.06779482105342217
0.046,89.87532980878852,89.68853166413804,248.46575796356828,-2215.079121835516,-4.98676115686882,0.00028310361267620474,11.972136224804675,-0.8209829213805957,-33.86072390466483,2.321981266277067,2.321981266277067,414.10959660594716,-0.06857447208791595
0.046200000000000005,89.92248488136487,89.73572886043402,223.0860387144732,-2120.90222614731,-4.775513863726989,0.00017602299741070897,11.973173469691119,-0.8254575674884332,-32.42632870431906,2.235544192406835,2.235544192406835,371.810064524122,-0.06894225407975553
0.046400000000000004,89.96467191859794,89.77807597512314,198.7853533053319,-2023.490862373742,-4.5569073861469995,8.022378593511187e-05,11.9744214415505,-0.8249003451096758,-30.941963733096916,2.1315465374582434,2.1315465374582434,331.30892217555316,-0.0688885345430822
0.0466,90.00211043348051,89.81579434230888,175.60076297398922,-1922.814901518372,-4.330872544355648,-4.792419167428588e-06,11.97586130987856,-0.8191928214409097,-29.407159251797616,2.0115575101200402,2.0115575101200402,292.66793828998203,-0.06840366636219976
0.0468,90.03502738577833,89.84911274111721,153.56967421411392,-1818.844215260932,-4.097340161294013,-7.954095977036624e-05,11.977471979607872,-0.8082156521372481,-27.821445539650707,1.877335032677395,1.877335032677395,255.9494570235232,-0.06747798312642833
0.047,90.0636572510807,89.87826746465714,132.72983876782104,-1711.5486759494336,-3.8562410627460633,-0.00014455426828177543,11.979230007924954,-0.7918485813699339,-26.184352895189324,1.7308326729204313,1.7308326729204313,221.21639794636843,-0.06610179292375888
0.0472,90.08824208984926,89.90350238898313,113.11935361839092,-1600.8981565925087,-3.6075060774701755,-0.00020038201610707662,11.981109519556657,-0.7699704418845452,-24.49541163714317,1.5742067036119434,1.5742067036119434,188.53225603065155,-0.06426537046737862
0.047400000000000005,90.10903161646561,89.92506904205439,94.77666098308114,-1486.8625308517385,-3.3510660373326515,-0.000247591264157301,11.98308212023245,-0.742459155059553,-22.754152105345167,1.409823313962519,1.409823313962519,157.96110163846856,-0.06195894742354904
0.0476,90.1262832682773,89.9432266726992,77.74054830603109,-1369.411673034135,-3.086851777443312,-0.00028676661508012934,11.985116807976723,-0.7091917309652465,-20.960104661652124,1.2402660019397178,1.2402660019397178,129.56758051005184,-0.05917270080281922
0.0478,90.1402622746426,89.95824231957286,62.050148251256246,-1248.5154580847116,-2.8147941362927043,-0.0003185103669117181,11.987179881827785,-0.6700442684228982,-19.11279969087639,1.068343181017983,1.068343181017983,103.41691375209373,-0.055896739268813826
0.048,90.15124172597362,89.97039088012174,47.74493869573066,-1124.1437615790057,-2.534823955890336,-0.0003434426678695205,11.989234847517587,-0.624891955064005,-17.211767601724507,0.8970960402010885,0.8970960402010885,79.57489782621776,-0.0521210872096138
0.0482,90.15950264277834,89.97995517954348,34.86474272255744,-996.2664597159647,-2.2468720819046153,-0.00036220167203236404,11.991242319577555,-0.573609067389796,-15.25653882774739,0.7298067018704609,0.7298067018704609,58.10790453759573,-0.047835666405747684
0.048400000000000006,90.16533404470107,89.9872260397482,23.449728614222522,-864.8534293105561,-1.9508693638028203,-0.000375443695680475,11.993159919260531,-0.5160689708305335,-13.246643828290757,0.5700067282890156,0.5700067282890156,39.0828810237042,-0.04303027511554711
0.048600000000000004,90.1690330195617,89.99250234831986,13.54040984593441,-729.8745477868252,-1.6467466549925451,-0.00038384337409784946,11.99494216758594,-0.4521441198050228,-11.181613089455555,0.42148603450496636,0.42148603450496636,22.567349743224018,-0.0376945643828827
0.0488,90.1709047923935,89.99609112747817,5.177645079044182,-591.2996931706475,-1.3344348129627353,-0.0003880938186678135,11.996540372723555,-0.38170605777978767,-9.060977125055611,0.2883022730371227,0.2883022730371227,8.629408465073636,-0.03181801135331232
0.049,90.17126279447977,89.99830760303878,-1.597361845450951,-449.0987440829544,-1.0138646994259537,-0.00038890677412360187,11.997902510829531,-0.30462541732839077,-6.884266477583637,0.17479076420573214,0.17479076420573214,-2.6622697424182524,-0.02538988936219728
0.0492,90.17042873238907,89.99947527337585,-6.743061913326334,-303.2415797326462,-0.6849671804599738,-0.0003870127758440242,11.99897309933485,-0.2207719201903482,-4.651011719172662,0.08557505542924182,0.08557505542924182,-11.238436522210558,-0.018399234531377227
0.0494,90.16873265700922,89.99992597838308,-10.217560943467419,-153.69807991001545,-0.34767312665048933,-0.0003831613071129528,11.999693061559045,-0.13001437733016144,-2.3607434525650515,0.025578203412948225,0.025578203412948225,-17.029268239112366,-0.010834808579117897
0.049600000000000005,90.16651303258001,89.99999996843373,-11.97861959413217,-0.43812497969337205,-0.0019134132326499207,-0.0003781209562861614,11.999999581378738,-0.032220688995802056,-0.012992312073548846,3.488510510515569e-05,3.488510510515569e-05,-19.964365990220283,-0.0026850575099853515
0.049800000000000004,90.1641168057248,90.0,-11.983653369132968,12.14933082832082,0.026495717028276286,-0.0003726795738318175,12.00000428480043,-0.023816470773762526,0.17990918969817235,-0.0003570667023681884,-0.0003570667023681884,-19.97275561522161,-0.0019847051891414068
0.05,90.16173399516461,90.0,-11.84446218856017,12.021523900624421,0.02621908039614306,-0.00036726865662468596,12.000004189173755,-0.023530621589853876,0.1780307928133171,-0.0003490978128833705,-0.0003490978128833705,-19.74077031426695,-0.001960884447947351
0.0502,90.15937887640659,90.0,-11.70673523787147,11.894988122529426,0.025945182442514963,-0.00036192062169777313,12.000004095591908,-0.02324783020360989,0.17617099189362015,-0.00034129932571013826,-0.00034129932571013826,-19.511225396452453,-0.0019373185224286521
0.0504,90.15705115806114,90.0,-11.570457954135838,11.769711297480079,0.025673996971798754,-0.00035663480739043087,12.000004004012613,-0.022968065893839273,0.17432960906776934,-0.00033366771769216807,-0.00033366771769216807,-19.284096590226397,-0.0019140048525116418
0.0506,90.15475055163729,90.0,-11.43561591415155,11.645681343075216,0.02540549803303632,-0.0003514105586230306,12.000003914394439,-0.022691298236103878,0.17250646812555528,-0.00032619953658502256,-0.00032619953658502256,-19.05935985691925,-0.001890940902851277
0.050800000000000005,90.15247677151491,90.0,-11.30219483313838,11.5228862900185,0.025139659917658617,-0.00034624722683388,12.000003826696796,-0.02241749709992826,0.17070139450262026,-0.0003188913996596252,-0.0003188913996596252,-18.836991388563966,-0.0018681241625986263
0.051000000000000004,90.15022953491706,90.0,-11.170180563441827,11.401314281079046,0.024876457157261996,-0.0003411441699166585,12.000003740879908,-0.022146632646034444,0.16891421526535927,-0.0003117399923327684,-0.0003117399923327684,-18.61696760573638,-0.0018455521451704586
0.0512,90.14800856188278,90.0,-11.03955909324925,11.280953570060506,0.024615864521402398,-0.00033610075215851606,12.000003656904802,-0.021878675323602832,0.16714475909594223,-0.00030474206682410033,-0.00030474206682410033,-18.399265155415417,-0.0018232223880210105
0.0514,90.14581357523998,90.0,-10.910316545317805,11.161792520781315,0.024357857015413778,-0.00033111634417860375,12.00000357473329,-0.021613595867557185,0.165392856277501,-0.0002978944408391417,-0.0002978944408391417,-18.183860908863007,-0.001801132452415754
0.0516,90.14364430057873,90.0,-10.782439175714064,11.043819606061657,0.02410240987824039,-0.0003261903228673834,12.000003494327956,-0.021351365295876303,0.16365833867941007,-0.00029119399627775043,-0.00029119399627775043,-17.970731959523437,-0.001779279923207394
0.051800000000000006,90.14150046622463,90.0,-10.655913372565252,10.927023406721641,0.02384949858029338,-0.00032132207132634004,12.000003415652134,-0.02109195490692924,0.16194103974273286,-0.00028463767796763875,-0.00028463767796763875,-17.759855620942087,-0.0017576624086138234
0.052000000000000005,90.13938180321261,90.0,-10.530725654821957,10.811392610587017,0.023599098821323272,-0.0003165109788083871,12.00000333866991,-0.02083533627683607,0.16024079446577533,-0.0002782224924223948,-0.0002782224924223948,-17.551209424703263,-0.0017362775399982079
0.0522,90.13728804526086,90.0,-10.406862671032217,10.696916011505788,0.023351186528316033,-0.00031175644065867464,12.00000326334608,-0.020581481256851834,0.15855743938980024,-0.0002719455066236076,-0.0002719455066236076,-17.344771118387026,-0.0017151229716510005
0.0524,90.13521892874498,90.0,-10.284311198126893,10.583582508372047,0.02310573785340426,-0.00030705785825608985,12.000003189646161,-0.020330361970775746,0.15689081258484378,-0.0002658038468265661,-0.0002658038468265661,-17.14051866354482,-0.0016941963805740636
0.0526,90.13317419267247,90.0,-10.163058140216217,10.471381104159011,0.02286272917179813,-0.0003024146389552763,12.00000311753637,-0.020081950812384074,0.15524075363566633,-0.0002597946973891223,-0.0002597946973891223,-16.93843023369369,-0.001673495466266758
0.0528,90.13115357865743,90.0,-10.043090527397407,10.360300904962225,0.02262213707973828,-0.0002978261960290861,12.000003046983595,-0.01983622044288584,0.15360710362785254,-0.000253915299623295,-0.000253915299623295,-16.738484212329013,-0.0016530179505139385
0.053000000000000005,90.12915683089545,90.0,-9.924395514573268,10.250331119049157,0.02238393839246198,-0.0002932919486117528,12.000002977955408,-0.019593143788403516,0.15198970513400112,-0.00024816295066911126,-0.00024816295066911126,-16.54065919095545,-0.0016327615771760291
0.053200000000000004,90.12718369613879,90.0,-9.806960380281655,10.141461055919399,0.0221481101421923,-0.0002888113216424392,12.00000291042003,-0.01935269403747569,0.15038840220007121,-0.00024253500239034044,-0.00024253500239034044,-16.344933967136093,-0.0016127241119809276
0.0534,90.12523392367171,90.0,-9.690772525535726,10.033680125372083,0.021914629576142458,-0.00028438374580941935,12.000002844346323,-0.0191148446385837,0.14880304033183153,-0.00023702886029164139,-0.00023702886029164139,-16.151287542559544,-0.0015929033423179111
0.0536,90.12330726528619,90.0,-9.575819472674853,9.926977836582516,0.02168347415454002,-0.0002800086574947229,12.00000277970379,-0.018879569297700575,0.1472334664814446,-0.000231641982456751,-0.000231641982456751,-15.959699121124755,-0.001573297077033394
0.0538,90.12140347525768,90.0,-9.462088864226143,9.821343797186854,0.0214546215486682,-0.00027568549871932605,12.000002716462543,-0.01864684197586292,0.1456795290341668,-0.00022637187850729282,-0.00022637187850729282,-15.770148107043571,-0.0015539031462286023
0.054,90.11952231032124,90.0,-9.349568461776416,9.716767712375724,0.02122804963892643,-0.00027141371708880524,12.000002654593303,-0.01841663688676476,0.14414107779517948,-0.00022121610858182757,-0.00022121610858182757,-15.582614102960692,-0.0015347194010590763
0.054200000000000005,90.11766352964781,90.0,-9.238246144854587,9.613239383995227,0.02100373651290652,-0.00026719276573956683,12.00000259406739,-0.018188928494374226,0.1426179639765258,-0.00021617228233473325,-0.00021617228233473325,-15.397076908090979,-0.001515743713536074
0.054400000000000004,90.11582689482073,90.0,-9.128109909824333,9.510748709655958,0.020781660463485924,-0.000263022103285597,12.000002534856694,-0.017963691510572366,0.1411100401841637,-0.00021123805795454845,-0.00021123805795454845,-15.21351651637389,-0.0014969739763298216
0.0546,90.11401216981251,90.0,-9.019147868786984,9.40928568185092,0.02056179998694015,-0.00025890119376564304,12.000002476933695,-0.01774090089281328,0.13961716040514918,-0.00020641114120142126,-0.00020641114120142126,-15.031913114644974,-0.0014784081025745362
0.0548,90.11221912096178,90.0,-8.911348248494496,9.308840387081869,0.02034413378107336,-0.00025482950659085746,12.000002420271414,-0.017520531841805565,0.13813917999494257,-0.000201689284463291,-0.000201689284463291,-14.852247080824162,-0.0014600440256752288
0.055,90.11044751695042,90.0,-8.804699389272459,9.209403004991831,0.02012864074336167,-0.00025080651649307575,12.000002364843429,-0.017302559799216435,0.13667595566480148,-0.0001970702858304093,-0.0001970702858304093,-14.674498982120765,-0.001441879699116392
0.055200000000000006,90.10869712878103,90.0,-8.699189743953022,9.110963807506876,0.01991529996911664,-0.00024683170347346983,12.00000231062386,-0.017086960445396135,0.13522734546931053,-0.00019255198818790076,-0.00019255198818790076,-14.498649573255038,-0.00142391309627238
0.055400000000000005,90.10696772975452,90.0,-8.59480787681767,9.0135131579852,0.0197040907496642,-0.00024290455275172065,12.00000225758734,-0.016873709697123738,0.13379320879401618,-0.00018813227832598683,-0.00018813227832598683,-14.324679794696117,-0.0014061422102195737
0.055600000000000004,90.10525909544783,90.0,-8.49154246254972,8.917041510374876,0.019494992570542338,-0.00023902455471559443,12.000002205709034,-0.016662783705373194,0.13237340634318873,-0.0001838090860675557,-0.0001838090860675557,-14.152570770916201,-0.001388565053550226
0.0558,90.1035710036921,90.0,-8.38938228519651,8.821539408377605,0.019287985109711237,-0.00023519120487112518,12.000002154964601,-0.016454158853101114,0.13096780012766893,-0.00017958038341270763,-0.00017958038341270763,-13.982303808660848,-0.001371179658188124
0.056,90.10190323455076,90.0,-8.288316237141117,8.726997484620862,0.019083048235781577,-0.00023140400379320102,12.000002105330204,-0.016247811753054574,0.12957625345283788,-0.00017544418369998824,-0.00017544418369998824,-13.813860395235194,-0.0013539840752059171
0.0562,90.10025557029809,90.0,-8.188333318083604,8.633406459838675,0.018880162006261435,-0.00022766245707652531,12.000002056782488,-0.01604371924559838,0.12819863090671346,-0.0001713985407839904,-0.0001713985407839904,-13.647222196806004,-0.0013369763746440655
0.056400000000000006,90.09862779539777,90.0,-8.089422634031624,8.540757142057341,0.018679306665813307,-0.0002239660752872421,12.00000200929858,-0.015841858396564226,0.12683479834811506,-0.00016744154822896269,-0.00016744154822896269,-13.482371056719375,-0.0013201546453316144
0.056600000000000004,90.09701969648174,90.0,-7.991573396300367,8.449040425790953,0.018480462644532503,-0.00022031437391482057,12.000001962856063,-0.015642206495118084,0.1254846228949738,-0.0001635713385181841,-0.0001635713385181841,-13.319288993833945,-0.0013035169947084875
0.0568,90.09543106232927,90.0,-7.894774920521715,8.358247291243426,0.018283610556239373,-0.0002167068733244593,12.000001917432987,-0.01544474105164793,0.1241479729127365,-0.0001597860822787593,-0.0001597860822787593,-13.157958200869526,-0.0012870615486494717
0.057,90.09386168384614,90.0,-7.799016625662546,8.268368803517221,0.018088731196785605,-0.000213143098709981,12.00000187300785,-0.0152494397956714,0.12282471800286524,-0.00015608398752153972,-0.00015608398752153972,-12.99836104277091,-0.0012707864512898667
0.0572,90.09231135404413,90.0,-7.704288033052099,8.179396111829774,0.017895805542377224,-0.00020962258004713133,12.000001829559586,-0.015056280673762471,0.1215147289914503,-0.00015246329889589727,-0.00015246329889589727,-12.840480055086832,-0.0012546898648527168
0.0574,90.09077986802058,90.0,-7.610578765418313,8.091320448737118,0.017704814747912894,-0.00020614485204731043,12.000001787067564,-0.014865241847497343,0.12021787791792708,-0.00014892229695905748,-0.00014892229695905748,-12.684297942363857,-0.0012387699694776425
0.057600000000000005,90.08926702293826,90.0,-7.51787854593307,8.004133129364593,0.017515740145337407,-0.00020270945411173747,12.000001745511568,-0.014676301691419303,0.11893403802389599,-0.00014545929745971218,-0.00014545929745971218,-12.529797576555119,-0.0012230249630512569
0.057800000000000004,90.08777261800535,90.0,-7.426177197266241,7.917825550643836,0.017328563242008443,-0.00019931593028610587,12.000001704871806,-0.014489438791022963,0.11766308374203266,-0.0001420726506356279,-0.0001420726506356279,-12.376961995443734,-0.00120745306103919
0.058,90.08629645445565,90.0,-7.335464640648481,7.832389190557702,0.017143265719080494,-0.00019596382921558477,12.000001665128886,-0.014304631940756507,0.11640489068511449,-0.0001387607405250034,-0.0001387607405250034,-12.2257744010808,-0.0011920524963196218
0.0582,90.08483833552893,90.0,-7.2457308949426675,7.74781560739158,0.016959829429902335,-0.00019265270410028223,12.000001626263812,-0.01412186014204278,0.11515933563513933,-0.00013552198429129186,-0.00013552198429129186,-12.07621815823778,-0.0011768215190183775
0.0584,90.08339806645152,90.0,-7.1569660757239255,7.664096438991709,0.016778236398429514,-0.00018938211265111262,12.000001588257978,-0.013941102601318586,0.1139262965325461,-0.0001323548315612378,-0.0001323548315612378,-11.92827679287321,-0.0011617583963455453
0.058600000000000006,90.08197545441709,90.0,-7.069160394368139,7.581223402029686,0.016598468817649977,-0.00018615161704612577,12.000001551093165,-0.013762338728092557,0.11270565246552455,-0.00012925776377586626,-0.00012925776377586626,-11.781933990613567,-0.0011468614124336383
0.058800000000000005,90.08057030856747,90.0,-6.982304157148897,7.499188291274457,0.01642050904802582,-0.00018296078388718256,12.000001514751522,-0.013585548133020523,0.11149728365943459,-0.00012622929355418972,-0.00012622929355418972,-11.637173595248159,-0.0011321288681772164
0.059000000000000004,90.07918243997392,90.0,-6.896387764342771,7.417982978870292,0.016244339615947713,-0.00017980918415709218,12.00000147921557,-0.013410710625999144,0.11030107146631164,-0.0001232679640693721,-0.0001232679640693721,-11.493979607237952,-0.0011175590810740294
0.0592,90.07781166161826,90.0,-6.811401709342882,7.337599413622018,0.016069943212204996,-0.00017669639317709587,12.000001444468182,-0.01323780621427675,0.10911689835447838,-0.00012037234843712425,-0.00012037234843712425,-11.352336182238135,-0.0011031503850675933
0.0594,90.07645778837447,90.0,-6.727336577780629,7.258029620285678,0.01589730269046712,-0.00017362199056484133,12.00000141049259,-0.013066815100582503,0.10794464789823355,-0.00011754104911607672,-0.00011754104911607672,-11.21222762963438,-0.0010889011303912939
0.0596,90.07512063699019,90.0,-6.64418304665557,7.179265698867308,0.01572640106578279,-0.00017058556019261715,12.000001377272369,-0.01289771768127173,0.10678420476766094,-0.00011477269731992806,-0.00011477269731992806,-11.073638411092617,-0.0010748096834138376
0.059800000000000006,90.07380002606868,90.0,-6.561931883473319,7.101299823926201,0.015557221513088358,-0.00016758669014613526,12.000001344791428,-0.01273049454448979,0.1056354547185012,-0.0001120659524411038,-0.0001120659524411038,-10.936553139122198,-0.0010608744264862463
0.060000000000000005,90.07249577605072,90.0,-6.480573945391436,7.024124243885764,0.01538974736573261,-0.00016462497268360251,12.000001313034018,-0.012565126468352152,0.10449828458213502,-0.0001094195014857377,-0.0001094195014857377,-10.800956575652393,-0.0010470937577902024
0.060200000000000004,90.07120770919673,90.0,-6.400100178373205,6.947731280350407,0.01522396211401449,-0.00016170000419519614,12.000001281984702,-0.012401594419141515,0.10337258225565396,-0.00010683205851974172,-0.00010683205851974172,-10.66683363062201,-0.0010334660911878164
0.0604,90.06993564956917,90.0,-6.320501616349246,6.87211332742841,0.015059849403733495,-0.0001588113851629434,12.000001251628369,-0.012239879549521847,0.10225823669201757,-0.00010430236412574937,-0.00010430236412574937,-10.534169360582075,-0.0010199898560728005
0.0606,90.06867942301504,90.0,-6.241769380386866,6.797262851061333,0.014897393034754153,-0.00015595872012094775,12.000001221950217,-0.012079963196768745,0.10115513789030599,-0.00010182918487073076,-0.00010182918487073076,-10.402948967311442,-0.0010066634972230055
0.0608,90.06743885714843,90.0,-6.163894677867122,6.7231723883592025,0.014736576959582786,-0.00015314161761601926,12.000001192935754,-0.01192182688101648,0.10006317688605597,-9.941131278406497e-05,-9.941131278406497e-05,-10.273157796445203,-0.0009934854746543448
0.061000000000000006,90.06621378133345,90.0,-6.086868801669476,6.649834546941694,0.01457738528195707,-0.00015035969016867997,12.00000116457078,-0.011765452303521346,0.09898224574168382,-9.704756484587096e-05,-9.704756484587096e-05,-10.144781336115795,-0.00098045426347608
0.061200000000000004,90.06500402666711,90.0,-6.010683129364002,6.577242004285598,0.014419802255449088,-0.00014761255423451615,12.00000113684139,-0.011610821344940962,0.097912237537,-9.47367824854028e-05,-9.47367824854028e-05,-10.01780521560667,-0.000967568353747434
0.0614,90.06380942596259,90.0,-5.9353291224110825,6.505387507078829,0.014263812282082485,-0.00014489983016584772,12.000001109733972,-0.011457916063629201,0.09685304635981935,-9.247783108931725e-05,-9.247783108931725e-05,-9.892215204018472,-0.0009548262503355061
0.0616,90.0626298137324,90.0,-5.860798325368488,6.43426387057835,0.014109399910957606,-0.0001422211421739179,12.000001083235194,-0.011306718693948215,0.09580456729662573,-9.026959951959757e-05,-9.026959951959757e-05,-9.76799720894748,-0.0009422264727746116
0.0618,90.06146502617194,90.0,-5.787082365105821,6.363863977975889,0.013956549836893681,-0.00013957611829128427,12.000001057331996,-0.01115721164459493,0.09476669642335217,-8.811099964098653e-05,-8.811099964098653e-05,-9.645137275176367,-0.0009297675551268287
0.062,90.06031490114309,90.0,-5.71417295002623,6.294180779769551,0.013805246899083625,-0.00013696439033455688,12.000001032011589,-0.011009377496942974,0.09373933079624686,-8.600096585772502e-05,-8.600096585772502e-05,-9.52362158337705,-0.0009174480458438298
0.062200000000000005,90.05917927815794,90.0,-5.642061869295312,6.225207293138713,0.013655476079755379,-0.00013438559386768473,12.000001007261456,-0.010863199003401684,0.09272236844278345,-8.393845465939325e-05,-8.393845465939325e-05,-9.403436448825522,-0.0009052665076301352
0.062400000000000004,90.0580579983628,90.0,-5.570740992077192,6.156936601327865,0.01350722250285302,-0.00013183936816532868,12.00000098306933,-0.010718659085788194,0.0917157083527057,-8.192244417573224e-05,-8.192244417573224e-05,-9.284568320128653,-0.0008932215173074596
0.0626,90.05695090452214,90.0,-5.500202266777639,6.0893618530335525,0.013360471432723993,-0.0001293253561767833,12.000000959423204,-0.010575740833716353,0.09071925046911354,-7.995193374021708e-05,-7.995193374021708e-05,-9.167003777962732,-0.0008813116656804576
0.06280000000000001,90.05585784100298,90.0,-5.430437720294232,6.022476261798284,0.013215208272821527,-0.00012684320449012963,12.000000936311322,-0.01043442750299971,0.08973289567965236,-7.802594346224951e-05,-7.802594346224951e-05,-9.050729533823718,-0.0008695355574036435
0.063,90.05477865375914,90.0,-5.361439457273447,5.956273105409514,0.013071418564417793,-0.00012439256329676302,12.000000913722165,-0.010294702514069658,0.08875654580777516,-7.614351380778545e-05,-7.614351380778545e-05,-8.93573242878908,-0.0008578918108495746
0.0632,90.05371319031583,90.0,-5.293199659374646,5.890745725303978,0.012929087985328477,-0.00012197308635626778,12.000000891644461,-0.010156549450408399,0.08779010360408226,-7.430370518823758e-05,-7.430370518823758e-05,-8.821999432291078,-0.0008463790579782667
0.0634,90.05266129975428,90.0,-5.225710584540876,5.825887525977647,0.012788202348649434,-0.00011958443096160944,12.00000087006717,-0.010019952056996358,0.08683347273774308,-7.25055975574955e-05,-7.25055975574955e-05,-8.70951764090146,-0.0008349959442078166
0.0636,90.0516228326966,90.0,-5.158964566276437,5.7616919744008595,0.012648747601504317,-0.00011722625790467339,12.00000084897948,-0.009884894238774204,0.08588655778799228,-7.074829001690218e-05,-7.074829001690218e-05,-8.598274277127395,-0.0008237411282862407
0.06380000000000001,90.05059764129068,90.0,-5.092954012931155,5.698152599439966,0.012510709823806426,-0.00011489823144203447,12.000000828370805,-0.009751360059118377,0.08494926423572266,-6.903090042804472e-05,-6.903090042804472e-05,-8.488256688218591,-0.0008126132821644382
0.064,90.04958557919535,90.0,-5.027671406991261,5.635262991282181,0.012374075227026953,-0.0001126000192612177,12.00000080823078,-0.009619333738332209,0.0840214984551213,-6.735256503317997e-05,-6.735256503317997e-05,-8.379452344985436,-0.0008016110908704543
0.06420000000000001,90.0485865015656,90.0,-4.963109304376886,5.573016800867153,0.012238830152977912,-0.00011033129244716097,12.000000788549258,-0.009488799652150123,0.08310316770540559,-6.571243808317763e-05,-6.571243808317763e-05,-8.271848840628142,-0.0007907332523848337
0.0644,90.04760026503796,90.0,-4.899260333746043,5.511407739323008,0.012104961072604477,-0.00010809172544905317,12.000000769316298,-0.009359742330256254,0.082194180122623,-6.410969147281593e-05,-6.410969147281593e-05,-8.16543388957674,-0.000779978477517175
0.0646,90.046626727716,90.0,-4.836117195805093,5.450429577408932,0.011972454584791578,-0.00010588099604737446,12.000000750522172,-0.009232146454815893,0.08129444471154777,-6.254351438330402e-05,-6.254351438330402e-05,-8.06019532634182,-0.0007693454897837538
0.0648,90.04566574915604,90.0,-4.773672662625571,5.390076144960261,0.01184129741517536,-0.00010369878532145634,12.000000732157355,-0.009105996859022403,0.08040387133761048,-6.1013112931860254e-05,-6.1013112931860254e-05,-7.956121104375951,-0.0007588330252864353
0.065,90.04471719035291,90.0,-4.711919576967397,5.330341330341749,0.011711476414972726,-0.00010154477761709946,12.000000714212518,-0.008981278525655544,0.07952237071895063,-5.9517709828253094e-05,-5.9517709828253094e-05,-7.853199294945662,-0.0007484398325925372
0.06520000000000001,90.04378091372587,90.0,-4.650850851608332,5.271219079902833,0.011582978559814572,-9.941866051474021e-05,12.000000696678528,-0.00885797658565528,0.07864985441849402,-5.80565440381224e-05,-5.80565440381224e-05,-7.751418086013886,-0.0007381646726159834
0.0654,90.04285678310471,90.0,-4.5904594686796765,5.212703397440181,0.011455790948595035,-9.732012479773269e-05,12.000000679546446,-0.008736076316707309,0.07778623483613914,-5.662887045299004e-05,-5.662887045299004e-05,-7.650765781132794,-0.0007280063184994335
0.0656,90.04194466371592,90.0,-4.530738479008135,5.154788343663866,0.011329900802328256,-9.524886442103503e-05,12.000000662807516,-0.008615563141842648,0.07693142520099434,-5.523395956680233e-05,-5.523395956680233e-05,-7.551230798346891,-0.000717963555497584
0.0658,90.04104442216901,90.0,-4.4716810014637876,5.097468035669248,0.011205295463017512,-9.320457648012683e-05,12.000000646453167,-0.008496422628049735,0.07608533956369917,-5.3871097158893344e-05,-5.3871097158893344e-05,-7.452801669106313,-0.0007080351808615126
0.066,90.04015592644298,90.0,-4.4132802223141185,5.040736646412668,0.01108196239253228,-9.118696118030185e-05,12.000000630475007,-0.00837864048490013,0.07524789278879944,-5.253958398323041e-05,-5.253958398323041e-05,-7.3554670371901985,-0.0006982200037241557
0.06620000000000001,90.03927904587289,90.0,-4.355529394584045,4.984588404193055,0.010959889171498184,-8.91957218061631e-05,12.000000614864826,-0.008262202563186289,0.0744190005472099,-5.123873546383527e-05,-5.123873546383527e-05,-7.259215657640075,-0.0006885168449867916
0.0664,90.03841365113658,90.0,-4.2984218374218885,4.929017592137556,0.010839063498195411,-8.723056469146429e-05,12.000000599614577,-0.008147094853572545,0.07359857930873429,-4.996788139624748e-05,-4.996788139624748e-05,-7.164036395703149,-0.0006789245372066247
0.0666,90.03755961424156,90.0,-4.24195093547124,4.874018547691488,0.010719473187466265,-8.529119918926902e-05,12.000000584716389,-0.008033303485258906,0.07278654633464748,-4.872636565491483e-05,-4.872636565491483e-05,-7.0699182257854005,-0.0006694419244854368
0.0668,90.03671680851185,90.0,-4.186110138248666,4.819585662114672,0.010601106169636726,-8.337733764225442e-05,12.000000570162552,-0.007920814724656193,0.07198281967037284,-4.7513545906409674e-05,-4.7513545906409674e-05,-6.976850230414442,-0.0006600678623591847
0.067,90.03588510857519,90.0,-4.130892959527184,4.765713379979787,0.010483950489441835,-8.148869535350568e-05,12.000000555945519,-0.007809614974075252,0.07118731813818531,-4.632879332832881e-05,-4.632879332832881e-05,-6.884821599211975,-0.0006508012176887693
0.06720000000000001,90.0350643903502,90.0,-4.076292976725493,4.712396198677672,0.010367994304966358,-7.962499055739739e-05,12.000000542057908,-0.0076996907704268615,0.0703999613300185,-4.517149233379889e-05,-4.517149233379889e-05,-6.793821627875822,-0.0006416408685516962
0.0674,90.03425453103368,90.0,-4.022303830302857,4.659628667926295,0.010253225886593173,-7.778594439082115e-05,12.000000528492484,-0.007591028783934299,0.06962066960032402,-4.404104030145671e-05,-4.404104030145671e-05,-6.703839717171427,-0.0006325857041347924
0.06760000000000001,90.03345540908812,90.0,-3.968919223159627,4.607405389283655,0.010139633615959919,-7.597128086473121e-05,12.000000515242167,-0.007483615816858337,0.06884936405898712,-4.293684731079997e-05,-4.293684731079997e-05,-6.614865371932711,-0.0006236346246279568
0.0678,90.03266690422923,90.0,-3.9161329200433386,4.555721015665635,0.010027205984926353,-7.418072683592101e-05,12.000000502300031,-0.007377438802233812,0.06808596656431476,-4.185833588281052e-05,-4.185833588281052e-05,-6.52688820007223,-0.0006147865411188761
0.068,90.03188889741367,90.0,-3.8639387469603323,4.504570250868737,0.009915931594552223,-7.241401197903067e-05,12.00000048965929,-0.007272484802617681,0.06733039971609535,-4.080494072574658e-05,-4.080494072574658e-05,-6.4398979116005535,-0.0006060403754886985
0.0682,90.03112127082677,90.0,-3.812330590592842,4.453947849096167,0.009805799154082126,-7.067086875890127e-05,12.000000477313302,-0.007168741008849438,0.0665825868487058,-3.977610848599424e-05,-3.977610848599424e-05,-6.353884317654736,-0.0005973950603087358
0.0684,90.03036390787061,90.0,-3.761302397721514,4.403848614489039,0.009696797479941443,-6.895103240313117e-05,12.000000465255571,-0.007066194738822621,0.06584245202429376,-3.877129750389027e-05,-3.877129750389027e-05,-6.268837329535858,-0.000588849538738091
0.06860000000000001,90.02961669315185,90.0,-3.710848174653296,4.354267400661503,0.009588915494740623,-6.725424087492125e-05,12.000000453479732,-0.006964833436268008,0.0651099200260166,-3.778997757441229e-05,-3.778997757441229e-05,-6.184746957755494,-0.0005804027644222598
0.0688,90.02887951247008,90.0,-3.660961986654654,4.305199110240129,0.009482142226288534,-6.558023484618001e-05,12.000000441979557,-0.006864644669548237,0.0643849163513419,-3.683162971264341e-05,-3.683162971264341e-05,-6.1016033110910906,-0.000572053701392683
0.069,90.02815225280598,90.0,-3.611637957390058,4.256638694407801,0.009376466806615543,-6.392875767085968e-05,12.000000430748951,-0.006765616130463442,0.06366736720541419,-3.5895745923919536e-05,-3.5895745923919536e-05,-6.019396595650097,-0.0005638013239672177
0.0692,90.02743480230966,90.0,-3.5628702683657076,4.20858115245208,0.009271878471006212,-6.229955535852366e-05,12.000000419781948,-0.0066677356330678925,0.06295719949448664,-3.498182897856768e-05,-3.498182897856768e-05,-5.938117113942846,-0.0005556446166515261
0.0694,90.02672705028925,90.0,-3.514653158378418,4.161021531316163,0.009168366557037224,-6.069237654828909e-05,12.000000409072706,-0.0065709911124987325,0.06225434081938857,-3.408939219113579e-05,-3.408939219113579e-05,-5.857755263964029,-0.0005475825740414706
0.06960000000000001,90.02602888719942,90.0,-3.4669809229696553,4.113954925155964,0.00906592050362881,-5.910697248285635e-05,12.00000039861551,-0.006475370623814308,0.061558719469084526,-3.3217959204045176e-05,-3.3217959204045176e-05,-5.77830153828276,-0.0005396142007263098
0.0698,90.02534020463015,90.0,-3.419847913884651,4.067376474899299,0.0089645298501003,-5.754309698294278e-05,12.000000388404764,-0.006380862340844699,0.060870264414261306,-3.2367063775558114e-05,-3.2367063775558114e-05,-5.699746523141084,-0.0005317385111929106
0.07,90.02466089529545,90.0,-3.3732485385365565,4.021281367811422,0.008864184235239688,-5.600050642177422e-05,12.000000378434994,-0.0062874545550514315,0.06018890530101023,-3.153624957199797e-05,-3.153624957199797e-05,-5.622080897560927,-0.0005239545297307252
0.0702,90.02399085302238,90.0,-3.3271772594755857,3.9756648370621783,0.008764873396376225,-5.4478959700009785e-05,12.000000368700839,-0.006195135674399461,0.05951457244452993,-3.072506996411495e-05,-3.072506996411495e-05,-5.54529543245931,-0.0005162612903377909
0.0704,90.02332997274,90.0,-3.281628593863109,3.930522161298654,0.00866658716846503,-5.297821822078222e-05,12.000000359197053,-0.006103894222238666,0.05884719682291071,-2.993308782753578e-05,-2.993308782753578e-05,-5.469380989771848,-0.0005086578366275225
0.07060000000000001,90.02267815046854,90.0,-3.236597112950644,3.8858486642207613,0.008569315483177823,-5.1498045865055955e-05,12.000000349918505,-0.006013718836196514,0.05818671007096054,-2.915987534720507e-05,-2.915987534720507e-05,-5.3943285215844075,-0.0005011432217364356
0.0708,90.0220352833086,90.0,-3.1920774415637156,3.8416397141621874,0.00847304836800539,-5.003820896710064e-05,12.000000340860165,-0.00592459826708005,0.05753304447411069,-2.8405013825751494e-05,-2.8405013825751494e-05,-5.32012906927286,-0.0004937165082326466
0.07100000000000001,90.02140126943054,90.0,-3.1480642575905042,3.797890723673433,0.008377775945364204,-4.859847629034033e-05,12.000000332017123,-0.005836521377789368,0.056886132962349546,-2.766809349568673e-05,-2.766809349568673e-05,-5.24677376265084,-0.00048637676802532943
0.0712,90.02077600806388,90.0,-3.1045522914752848,3.7545971491093835,0.008283488431712848,-4.7178619003375793e-05,12.00000032338456,-0.005749477142240813,0.05624590910422305,-2.694871333537392e-05,-2.694871333537392e-05,-5.174253819125474,-0.00047912308227498384
0.0714,90.02015939948681,90.0,-3.0615363257165793,3.7117544902213444,0.008190176136678148,-4.5778410656180286e-05,12.00000031495777,-0.005663454644299749,0.055612307100901016,-2.6246480888690724e-05,-2.6246480888690724e-05,-5.1025605428609655,-0.00047195454130449994
0.0716,90.01955134501593,90.0,-3.0190111943699907,3.6693582897517074,0.008097829462186696,-4.439762715661296e-05,12.000000306732145,-0.005578443076724128,0.05498526178028004,-2.556101208830691e-05,-2.556101208830691e-05,-5.0316853239499855,-0.00046487024451112336
0.0718,90.01895174699585,90.0,-2.976971782555676,3.62740413303295,0.00800643890160577,-4.303604674710562e-05,12.000000298703174,-0.005494431740117503,0.0543647085911503,-2.4891931082513006e-05,-2.4891931082513006e-05,-4.9616196375927935,-0.0004578693002792075
0.07200000000000001,90.01836050878914,90.0,-2.935413025970416,3.5858876475898653,0.00791599503889109,-4.1693449981609505e-05,12.000000290866442,-0.0054114100418922,0.05375058359740865,-2.4238870065525785e-05,-2.4238870065525785e-05,-4.892355043284027,-0.0004509508258938115
0.0722,90.01777753476624,90.0,-2.8943299104042417,3.544804502746734,0.007826488547745375,-4.036961970265744e-05,12.000000283217629,-0.005329367495241291,0.05314282347234515,-2.3601469111209168e-05,-2.3601469111209168e-05,-4.8238831840070695,-0.00044411394745503266
0.0724,90.01720273029541,90.0,-2.853717471261558,3.5041504092361486,0.0077379101907800564,-3.906434101880172e-05,12.000000275752512,-0.005248293718121547,0.052541365492951006,-2.2979376010130195e-05,-2.2979376010130195e-05,-4.7561957854359305,-0.0004373577997932529
0.0726,90.01663600173296,90.0,-2.8135707930867544,3.4639211188126886,0.007650250818687641,-3.777740128216738e-05,12.000000268466954,-0.005168178432245071,0.051946147534298805,-2.23722461098979e-05,-2.23722461098979e-05,-4.689284655144591,-0.00043068152638510947
0.0728,90.01607725641341,90.0,-2.7738850090942373,3.424112423870284,0.007563501369421956,-3.650859006620769e-05,12.000000261356906,-0.005089011462080297,0.05135710806397625,-2.1779742158715464e-05,-2.1779742158715464e-05,-4.623141681823729,-0.00042408427927024514
0.07300000000000001,90.01552640263984,90.0,-2.734655300702847,3.3847201570617846,0.007477652867382879,-3.5257699143777504e-05,12.00000025441841,-0.005010782733863231,0.050774186136550416,-2.1201534152077003e-05,-2.1201534152077003e-05,-4.557758834504745,-0.0004175652189689126
0.0732,90.01498334967421,90.0,-2.695876897074634,3.345740190923915,0.007392696422612954,-3.402452246526419e-05,12.000000247647591,-0.004933482274616704,0.050197321388112656,-2.0637299182559524e-05,-2.0637299182559524e-05,-4.4931281617910575,-0.0004111235144002463
0.0734,90.01444800772799,90.0,-2.6575450746579294,3.307168437503955,0.007308623229997363,-3.28088561370654e-05,12.000000241040656,-0.004857100211179969,0.049626454030846305,-2.0086721292635012e-05,-2.0086721292635012e-05,-4.429241791096549,-0.00040475834280139606
0.0736,90.01392028795263,90.0,-2.6196551567346975,3.2690008479909825,0.007225424568473878,-3.161049840018218e-05,12.000000234593896,-0.004781626769246657,0.04906152484766214,-1.954949133045416e-05,-1.954949133045416e-05,-4.366091927891163,-0.00039846888964735727
0.0738,90.0134001024303,90.0,-2.5822025129721067,3.2312334123498045,0.007143091800248427,-3.042924960907226e-05,12.000000228303682,-0.004707052272412223,0.04850247518687204,-1.9025306808536325e-05,-1.9025306808536325e-05,-4.303670854953512,-0.00039225434857159257
0.07400000000000001,90.01288736416463,90.0,-2.545182558978298,3.193862158958267,0.007061616370017896,-2.9264912210705403e-05,12.000000222166461,-0.004633367141230332,0.04794924695691165,-1.8513871765310964e-05,-1.8513871765310964e-05,-4.2419709316304965,-0.0003861139212873974
0.0742,90.01238198707162,90.0,-2.5085907558623086,3.1568831542485873,0.006980989804201666,-2.811729072376323e-05,12.000000216178758,-0.004560561892277644,0.047401782621122435,-1.8014896629456805e-05,-1.8014896629456805e-05,-4.180984593103847,-0.0003800468175099662
0.07440000000000001,90.01188388597049,90.0,-2.472422609798102,3.120292502351579,0.0069012037101792625,-2.6986191718070163e-05,12.000000210337177,-0.0044886271372276305,0.04686002519257525,-1.7528098086979418e-05,-1.7528098086979418e-05,-4.120704349663503,-0.00037405225487921126
0.0746,90.01139297657478,90.0,-2.436673671592679,3.084086344744084,0.0068222497755348515,-2.5871423794226522e-05,12.000000204638386,-0.004417553581933159,0.04632391822894036,-1.7053198950974592e-05,-1.7053198950974592e-05,-4.061122785987798,-0.00036812945888331175
0.0748,90.01090917548346,90.0,-2.4013395362582206,3.0482608598988454,0.006744119767306807,-2.4772797563501685e-05,12.000000199079135,-0.004347332025518218,0.04579340582739191,-1.6589928034022076e-05,-1.6589928034022076e-05,-4.002232560430368,-0.0003622776627830245
0.075,90.0104324001721,90.0,-2.366415842588249,3.0128122629396255,0.006666805531248891,-2.369012562775603e-05,12.000000193656241,-0.004277953359476824,0.045268432619591244,-1.613802002316686e-05,-1.613802002316686e-05,-3.944026404313748,-0.00035649610753659403
0.0752,90.0099625689842,90.0,-2.331898272737735,2.977736805297581,0.006590298991093749,-2.262322255970962e-05,12.000000188366585,-0.00420940856678167,0.04474894376668596,-1.569721535742402e-05,-1.569721535742402e-05,-3.886497121229558,-0.00035078404172547316
0.07540000000000001,90.00949960112249,90.0,-2.297782551807145,2.9430307743713495,0.00651459214782446,-2.1571904883355262e-05,12.00000018320712,-0.004141688721000797,0.044234884954363625,-1.526726010776541e-05,-1.526726010776541e-05,-3.8296375863452417,-0.0003451407214807133
0.0756,90.00904341664047,90.0,-2.264064447430383,2.9086904931911666,0.006439677078954876,-2.0535991054487122e-05,12.00000017817487,-0.004074784985421957,0.043726202387965214,-1.4847905859539891e-05,-1.4847905859539891e-05,-3.7734407457173043,-0.0003395654104099945
0.0758,90.0085939364339,90.0,-2.2307397693665734,2.8747123200844324,0.006365545937812754,-1.9515301441547127e-05,12.000000173266915,-0.004008688612186296,0.04322284278761747,-1.4438909597271284e-05,-1.4438909597271284e-05,-3.717899615610955,-0.0003340573795254337
0.076,90.00815108223237,90.0,-2.197804369095686,2.8410926483459282,0.006292190952833141,-1.8509658306529123e-05,12.000000168480403,-0.003943390941429151,0.04272475338343491,-1.4040033591796768e-05,-1.4040033591796768e-05,-3.6630072818261437,-0.0003286159071719842
0.0762,90.00771477659109,90.0,-2.165254139417932,2.80782790590975,0.006219604426855164,-1.7518885786171893e-05,12.000000163812544,-0.003878883400429801,0.04223188191074495,-1.3651045289690643e-05,-1.3651045289690643e-05,-3.6087568990298866,-0.00032324027895658236
0.07640000000000001,90.0072849428826,90.0,-2.133085014056918,2.7749145550254273,0.006147778736428029,-1.6542809873238867e-05,12.000000159260606,-0.0038151575027684285,0.041744176605375514,-1.3271717204935581e-05,-1.3271717204935581e-05,-3.5551416900948634,-0.0003179297876778948
0.0766,90.00686150528865,90.0,-2.101292967266516,2.742349091936022,0.006076706331121029,-1.5581258398057805e-05,12.000000154821922,-0.0037522048474917065,0.04126158619896996,-1.290182681279053e-05,-1.290182681279053e-05,-3.5021549454441936,-0.00031268373325678414
0.07680000000000001,90.0064443887921,90.0,-2.0698740134414155,2.710128046560315,0.006006379732842547,-1.4634061010147127e-05,12.000000150493879,-0.003690017118285446,0.04078405991436298,-1.2541156445817614e-05,-1.2541156445817614e-05,-3.449790022402359,-0.0003075014226673637
0.077,90.006033519169,90.0,-2.038824206731321,2.6782479821761633,0.005936791535161197,-1.3701049160160048e-05,12.00000014627392,-0.0036285860826562547,0.0403115474609711,-1.2189493192017655e-05,-1.2189493192017655e-05,-3.3980403445522014,-0.0003023821698688025
0.0772,90.00562882298055,90.0,-2.0081396406587726,2.646705495108928,0.005867934402638255,-1.2782056081828667e-05,12.000000142159546,-0.0035679035911194163,0.039843999030259765,-1.1846628795042581e-05,-1.1846628795042581e-05,-3.346899401097954,-0.0002973252957376489
0.07740000000000001,90.00523022756543,90.0,-1.977816447740541,2.6154972144209725,0.005799801070162025,-1.187691677422586e-05,12.000000138148316,-0.003507961576395641,0.03938136529122363,-1.1512359556433361e-05,-1.1512359556433361e-05,-3.2963607462342353,-0.00029233012800089383
0.0776,90.00483766103194,90.0,-1.947850799112577,2.5846198016047115,0.005732384342289923,-1.09854679841427e-05,12.000000134237835,-0.0034487520526149265,0.03892359738591924,-1.1186486239849689e-05,-1.1186486239849689e-05,-3.2464179985209616,-0.0002873960011696258
0.07780000000000001,90.0044510522503,90.0,-1.9182389041584762,2.5540699502795006,0.005665677092599,-1.010754818855254e-05,12.000000130425768,-0.003390267114527209,0.03847064692505494,-1.0868813977252303e-05,-1.0868813977252303e-05,-3.1970648402641273,-0.00028252225647325225
0.078,90.00407033084507,90.0,-1.88897701014142,2.523844385888758,0.005599672263036441,-9.242997577450668e-06,12.000000126709825,-0.0033324989367221986,0.03802246598358078,-1.0559152176990881e-05,-1.0559152176990881e-05,-3.148295016902367,-0.00027770824179448633
0.0782,90.00369542718761,90.0,-1.8600614018395836,2.4939398654026403,0.00553436286328251,-8.391658036636152e-06,12.000000123087773,-0.0032754397728546984,0.03757900709636273,-1.0257314433772119e-05,-1.0257314433772119e-05,-3.1001023363993063,-0.00027295331160479024
0.0784,90.00332627238862,90.0,-1.831488401184951,2.4643531770219242,0.0054697419701157535,-7.553373130782584e-06,12.00000011955742,-0.0032190819548782532,0.03714022325387241,-9.963118440460469e-06,-9.963118440460469e-06,-3.052480668641585,-0.00026825682690051326
0.0786,90.00296279829072,90.0,-1.8032543669055232,2.435081139884489,0.00540580272678376,-6.727988086682155e-06,12.000000116116631,-0.003163417892286117,0.036706067897914425,-9.676385901678519e-06,-9.676385901678519e-06,-3.005423944842539,-0.00026361815513963873
0.07880000000000001,90.00260493746116,90.0,-1.775355694170888,2.4061206037757885,0.005342538342382708,-5.915349776547487e-06,12.00000011276331,-0.003108440071358503,0.03627649491741346,-9.396942449174228e-06,-9.396942449174228e-06,-2.9589261569514798,-0.0002590366701790559
0.079,90.0022526231845,90.0,-1.7477888142411073,2.3774684488407525,0.0052799420912397164,-5.115306701573487e-06,12.00000010949541,-0.003054141054417768,0.035851458644220305,-9.124617558914188e-06,-9.124617558914188e-06,-2.9129813570685124,-0.0002545117522124916
0.0792,90.00190578945553,90.0,-1.7205501941189056,2.349121585298168,0.005218007312300489,-4.327708975672516e-06,12.000000106310933,-0.0030005134790907512,0.03543091384895394,-8.859244469871245e-06,-8.859244469871245e-06,-2.8675836568648423,-0.00025004278770903907
0.0794,90.00156437097208,90.0,-1.6936363362051285,2.32107695315892,0.005156727408525433,-3.552408309267327e-06,12.00000010320792,-0.0029475500575772452,0.03501481573690109,-8.600660104475267e-06,-8.600660104475267e-06,-2.8227272270085475,-0.00024562916935219744
0.0796,90.00122830312796,90.0,-1.6670437779574325,2.2933315219466,0.005096095846290827,-2.7892579932573478e-06,12.00000010018446,-0.0028952435759255065,0.034603119943950066,-8.348704990690892e-06,-8.348704990690892e-06,-2.778406296595721,-0.0002412702959794977
0.07980000000000001,90.00089752200607,90.0,-1.6407690915521722,2.2658822904193983,0.005036106154792463,-2.0381128832449554e-06,12.000000097238678,-0.0028435868933154866,0.03419578253254142,-8.103223185687894e-06,-8.103223185687894e-06,-2.7346151525869535,-0.0002369655725227723
0.08,90.0005719643714,90.0,-1.6148088835494763,2.238726286295369,0.004976751925456666,-1.2988293838484135e-06,12.000000094368746,-0.002792572941348299,0.03379275998766872,-7.864062201076622e-06,-7.864062201076622e-06,-2.6913481392491274,-0.00023271440994894433
0.08020000000000001,90.00025156766422,90.0,-1.589159794561469,2.2118605659813824,0.00491802681135945,-5.712654330725875e-07,12.000000091572876,-0.002742194723341588,0.03339400921293454,-7.631072929677515e-06,-7.631072929677515e-06,-2.6485996576024484,-0.00022851622520130834
0.0804,89.99993626999336,90.0,-1.5638184989235993,2.1852822143021537,0.004859924526645335,1.4471951297367408e-07,12.000000088849315,-0.0026924453136332174,0.03299948752660413,-7.404109573787753e-06,-7.404109573787753e-06,-2.606364164872665,-0.00022437044114150478
0.0806,89.99962601012936,90.0,-1.53878170436907,2.158988344233954,0.004802438845956632,8.492644953890505e-07,12.000000086196355,-0.002643317856890038,0.03260915265773022,-7.183029574923381e-06,-7.183029574923381e-06,-2.5646361739484496,-0.00022027648649191732
0.08080000000000001,89.99932072749797,90.0,-1.5140461517063235,2.132976096639746,0.004745563603865571,1.542507067560149e-06,12.000000083612322,-0.002594805567423898,0.03222296274229709,-6.967693545001691e-06,-6.967693545001691e-06,-2.5234102528438727,-0.00021623379577867402
0.081,89.99902036217347,90.0,-1.4896086144995573,2.1072426400071302,0.004689292694312514,2.2245833101263507e-06,12.000000081095582,-0.0025469017285138502,0.031840876319405964,-6.757965198937471e-06,-6.757965198937471e-06,-2.482681024165929,-0.00021224180927516476
0.08120000000000001,89.9987248548722,90.0,-1.4654658987522438,2.081785170187644,0.004633620070046847,2.895627845713543e-06,12.000000078644536,-0.0024995996917355117,0.0314628523274786,-6.553711288622654e-06,-6.553711288622654e-06,-2.442443164587073,-0.00020829997294615475
0.0814,89.99843414694605,90.0,-1.4416148425936355,2.05660091014023,0.004578539742077157,3.5557738536678573e-06,12.000000076257617,-0.0024528928762955603,0.03108885010052391,-6.354801538266133e-06,-6.354801538266133e-06,-2.4026914043227254,-0.0002044077383923261
0.0816,89.99814818037616,90.0,-1.4180523159682108,2.0316871096763203,0.004524045779124712,4.205153084587184e-06,12.000000073933304,-0.002406774768373015,0.03071882936442706,-6.161108581062333e-06,-6.161108581062333e-06,-2.3634205266136847,-0.00020056456279538451
0.0818,89.9978668977665,90.0,-1.3947752203280397,2.0070410452061562,0.004470132307079358,4.843895874621569e-06,12.000000071670094,-0.0023612389204675215,0.030352750233254906,-5.972507897161744e-06,-5.972507897161744e-06,-2.3246253672133994,-0.0001967699088637503
0.082,89.99759024233764,90.0,-1.3717804883280538,1.9826600194888133,0.004416793508463627,5.4721311597447365e-06,12.000000069466534,-0.0023162789507528854,0.029990573205617224,-5.788877752920949e-06,-5.788877752920949e-06,-2.2863008138800893,-0.0001930232447786858
0.08220000000000001,89.99731815792047,90.0,-1.3490650835241835,1.9585413613851559,0.004364023621903232,6.089986489938924e-06,12.000000067321189,-0.0022718885424362796,0.02963225916107133,-5.610099141405159e-06,-5.610099141405159e-06,-2.248441805873639,-0.00018932404414089666
0.0824,89.9970505889502,90.0,-1.3266260000743224,1.9346824256104798,0.004311816941596386,6.697588043033076e-06,12.000000065232669,-0.0022280614431252756,0.029277769356518678,-5.436055724113797e-06,-5.436055724113797e-06,-2.211043333457204,-0.0001856717859177841
0.0826,89.99678748046014,90.0,-1.3044602624421278,1.9110805924918273,0.004260167816793585,7.295060638598787e-06,12.000000063199606,-0.0021847914641992695,0.028927065422672493,-5.266633773911627e-06,-5.266633773911627e-06,-2.1741004374035464,-0.00018206595439106441
0.0828,89.99652877807569,90.0,-1.2825649251036002,1.8877332677270464,0.004209070651281038,7.882527751672935e-06,12.000000061220666,-0.002142072480187168,0.028580109360550266,-5.101722119136965e-06,-5.101722119136965e-06,-2.137608208506,-0.0001785060391049091
0.083,89.99627442800836,90.0,-1.260937072256423,1.8646378821452223,0.004158519902866854,8.460111526278081e-06,12.000000059294546,-0.0020998984281515583,0.028236863537984814,-4.941212088863119e-06,-4.941212088863119e-06,-2.1015617870940386,-0.00017499153481462623
0.08320000000000001,89.99602437704995,90.0,-1.2395738175320479,1.8417918914698712,0.00410851008287326,9.027932788856193e-06,12.00000005741997,-0.0020582633070783344,0.027897290686176458,-4.78499745929173e-06,-4.78499745929173e-06,-2.065956362553413,-0.00017152194143579583
0.0834,89.99577857256656,90.0,-1.2184723037104925,1.8191927760845037,0.004059035755633917,9.58611106158683e-06,12.000000055595692,-0.0020171611772719943,0.02756135389627969,-4.632974401254683e-06,-4.632974401254683e-06,-2.030787172850821,-0.0001680967639938782
0.08360000000000001,89.99553696249289,90.0,-1.1976297024378235,1.7968380408001627,0.0040100915379954385,1.013476457556087e-05,12.000000053820497,-0.001976586159756777,0.027229016616018415,-4.485041428801846e-06,-4.485041428801846e-06,-1.996049504063039,-0.00016471551257430885
0.0838,89.9952994953264,90.0,-1.1770432139463036,1.774725214624898,0.003961672098822994,1.0674010283809794e-05,12.000000052093192,-0.0019365324356836351,0.026900242646328978,-4.341099348852878e-06,-4.341099348852878e-06,-1.9617386899105063,-0.00016137770227307962
0.084,89.99506612012172,90.0,-1.1567100667771795,1.7528518505362256,0.00391377215851249,1.12039638742772e-05,12.000000050412615,-0.0018969942457422331,0.026574996138047775,-4.201051211892727e-06,-4.201051211892727e-06,-1.9278501112952993,-0.0001580828531477386
0.08420000000000001,89.99483678648494,90.0,-1.1366275175060758,1.731215525254025,0.003866386488503339,1.1724739782530289e-05,12.000000048777627,-0.0018579658895796624,0.026253241588602923,-4.064802263687251e-06,-4.064802263687251e-06,-1.8943791958434595,-0.00015483049016894987
0.0844,89.99461144456806,90.0,-1.1167928504709919,1.7098138390177755,0.003819509910800984,1.2236451204529164e-05,12.000000047187118,-0.0018194417252231404,0.02593494383877212,-3.932259898002399e-06,-3.932259898002399e-06,-1.8613214174516528,-0.00015162014317238523
0.08460000000000001,89.99439004506348,90.0,-1.0972033775028498,1.688644415363461,0.003773137297498212,1.2739210109078329e-05,12.000000045640004,-0.0017814161685098106,0.025620068069432306,-3.8033336103020395e-06,-3.8033336103020395e-06,-1.8286722958380826,-0.00014845134681120754
0.0848,89.99417253919849,90.0,-1.0778564376585988,1.6677049009043836,0.003727263570305224,1.3233127250307061e-05,12.00000004413522,-0.001743883692520704,0.025308579798368806,-3.6779349524089853e-06,-3.6779349524089853e-06,-1.7964273960976647,-0.00014532364050890112
0.085,89.9939588787299,90.0,-1.0587493969568313,1.6469929651130069,0.0036818837000816987,1.3718312179947594e-05,12.00000004267173,-0.001706838827020746,0.025000444877097957,-3.5559774881069155e-06,-3.5559774881069155e-06,-1.7645823282613855,-0.00014223656841260546
0.0852,89.9937490159386,90.0,-1.0398796481158958,1.6265063001059272,0.0036369927063757777,1.4194873259584387e-05,12.000000041248521,-0.0016702761579033144,0.024695629487736764,-3.437376749666171e-06,-3.437376749666171e-06,-1.7331327468598265,-0.00013918967934682883
0.0854,89.99354290362434,90.0,-1.0212446102944768,1.6062426204287383,0.0035925856569624017,1.4662917672614499e-05,12.000000039864602,-0.0016341903266415014,0.024394100139868164,-3.3220501952720363e-06,-3.3220501952720363e-06,-1.7020743504907947,-0.00013618252676771993
0.08560000000000001,89.99334049510043,90.0,-1.0028417288346363,1.5861996628450412,0.0035486576673909556,1.5122551436265762e-05,12.000000038519005,-0.0015985760297431316,0.024095823667469457,-3.2099171673409245e-06,-3.2099171673409245e-06,-1.6714028813910606,-0.00013321466871765294
0.0858,89.99314174418842,90.0,-0.9846684750072751,1.5663751861270583,0.0035052039005362707,1.557387941347048e-05,12.000000037210786,-0.0015634280182111684,0.02380076722586357,-3.1008988517041944e-06,-3.1008988517041944e-06,-1.641114125012125,-0.00013028566778026138
0.08600000000000001,89.99294660521316,90.0,-0.9667223457599899,1.5467669708463938,0.00346221956614959,1.6017005324479148e-05,12.000000035939019,-0.0015287410970104733,0.02350889828867006,-2.9949182376412233e-06,-2.9949182376412233e-06,-1.611203909599983,-0.00012739509103600155
0.0862,89.99275503299751,90.0,-0.949000863467331,1.5273728191688583,0.0034196999204186567,1.6452031758531935e-05,12.0000000347028,-0.0014945101245381997,0.023220184644818044,-2.891900078747498e-06,-2.891900078747498e-06,-1.5816681057788853,-0.0001245425100180188
0.0864,89.99256698285733,90.0,-0.9315015756834076,1.5081905546500822,0.003377640265529266,1.687906018532795e-05,12.000000033501252,-0.0014607300120999553,0.022934594395569094,-2.791770854618283e-06,-2.791770854618283e-06,-1.5525026261390127,-0.0001217275006684943
0.08660000000000001,89.99238241059649,90.0,-0.914222054896836,1.4892180220340485,0.0033360359492332734,1.7298190966465605e-05,12.000000032333505,-0.00142739572339025,0.022652095951583958,-2.694458733332937e-06,-2.694458733332937e-06,-1.5237034248280599,-0.00011894964329534926
0.0868,89.99220127250189,90.0,-0.8971598982879962,1.470453087051291,0.003294882364415457,1.7709523366594094e-05,12.000000031198724,-0.0013945022739793732,0.0223726580299815,-2.5998935347215606e-06,-2.5998935347215606e-06,-1.4952664971466605,-0.00011620852252948463
0.08700000000000001,89.99202352533854,90.0,-0.8803127274886005,1.4518936362221013,0.0032541749486717096,1.811315556470933e-05,12.00000003009608,-0.0013620447308030324,0.022096249651474574,-2.5080066944015096e-06,-2.5080066944015096e-06,-1.4671878791476674,-0.00011350372728225126
0.0872,89.99184912634472,90.0,-0.863678188343514,1.433537576658261,0.00321390918388344,1.850918466507429e-05,12.000000029024775,-0.001330018211659062,0.021822840137480152,-2.418731228564152e-06,-2.418731228564152e-06,-1.4394636472391902,-0.00011083485070350879
0.0874,89.99167803322713,90.0,-0.8472539506748513,1.4153828358693696,0.0031740805958023442,1.8897706708254947e-05,12.00000002798402,-0.0012984178847070726,0.02155239910729987,-2.332001699500343e-06,-2.332001699500343e-06,-1.412089917791419,-0.00010820149013992999
0.0876,89.99151020415616,90.0,-0.8310377080482876,1.3974273615690722,0.0031346847536345935,1.9278816681896166e-05,12.000000026973051,-0.0012672389679741288,0.021284896475296626,-2.2477541818468568e-06,-2.2477541818468568e-06,-1.385062846747146,-0.00010560324709380725
0.0878,89.99134559776108,90.0,-0.8150271775415922,1.3796691214847412,0.0030957172696327445,1.9652608531526535e-05,12.000000025991115,-0.0012364767288640089,0.021020302448123578,-2.165926229541093e-06,-2.165926229541093e-06,-1.358378629235987,-0.00010303972718215763
0.08800000000000001,89.99118417312545,90.0,-0.7992200995153415,1.362106103167361,0.0030571737986877794,2.0019175171132014e-05,12.000000025037483,-0.0012061264836721861,0.020758587521954062,-2.086456843468012e-06,-2.086456843468012e-06,-1.332033499192236,-0.00010051054009630459
0.0882,89.99102588978245,90.0,-0.7836142373858103,1.344736313803743,0.0030190500379262404,2.0378608493671876e-05,12.000000024111436,-0.0011761835971050576,0.02049972247974608,-2.0092864397863642e-06,-2.0092864397863642e-06,-1.3060237289763506,-9.8015299561814e-05
0.0884,89.99087070771031,90.0,-0.7682073774000141,1.3275577800303235,0.002981341726310729,2.0730999381479034e-05,12.000000023212282,-0.0011466434818038574,0.020243678388529647,-1.934356818920025e-06,-1.934356818920025e-06,-1.2803456290000232,-9.555362329881997e-05
0.0886,89.99071858732772,90.0,-0.7529973284128856,1.3105685477502964,0.0029440446442478567,2.1076437716689293e-05,12.000000022339334,-0.0011175015978720068,0.019990426596744708,-1.8616111352015101e-06,-1.8616111352015101e-06,-1.2549955473548093,-9.312513298263777e-05
0.0888,89.99056948948936,90.0,-0.7379819216665445,1.2937666819494045,0.0029071546131927313,2.1415012391323903e-05,12.000000021491926,-0.0010887534524090152,0.019739938731555585,-1.7909938671526393e-06,-1.7909938671526393e-06,-1.2299698694442407,-9.072945420492204e-05
0.08900000000000001,89.99042337548147,90.0,-0.7231590105716793,1.277150266516103,0.002870667495263326,2.1746811317487688e-05,12.00000002066941,-0.001060394599047043,0.019492186696232462,-1.7224507883916238e-06,-1.7224507883916238e-06,-1.2052650176194655,-8.836621643504712e-05
0.0892,89.99028020701739,90.0,-0.7085264704909888,1.2607174040621096,0.0028345791928554237,2.2071921437364932e-05,12.000000019871148,-0.0010324206374927262,0.01924714266753683,-1.655928939152218e-06,-1.655928939152218e-06,-1.1808774508183146,-8.60350529819259e-05
0.08940000000000001,89.99013994623324,90.0,-0.694082198524679,1.2444662157447601,0.0027988856482614546,2.239042873312861e-05,12.000000019096518,-0.0010048272130732897,0.019004779093133337,-1.5913765984030786e-06,-1.5913765984030786e-06,-1.1568036642077983,-8.373560095618595e-05
0.0896,89.99000255568353,90.0,-0.6798241132979955,1.2283948410914962,0.0027635828432940007,2.2702418236791832e-05,12.00000001834492,-0.0009776100162866494,0.01876506868903334,-1.5287432565551088e-06,-1.5287432565551088e-06,-1.1330401888299926,-8.146750123267788e-05
0.0898,89.98986799833695,90.0,-0.6657501547507677,1.2125014378253827,0.0027286667989113774,2.300797403991484e-05,12.000000017615754,-0.0009507647823562146,0.018527984437052565,-1.4679795887445037e-06,-1.4679795887445037e-06,-1.1095835912512797,-7.923039841337595e-05
0.09000000000000001,89.98973623757206,90.0,-0.65185828392895,1.1967841816927072,0.0026941335748477714,2.3307179303254233e-05,12.000000016908448,-0.0009242872907896245,0.018293499582299685,-1.4090374286800222e-06,-1.4090374286800222e-06,-1.0864304732149168,-7.702394079060576e-05
0.0902,89.98960723717315,90.0,-0.6381464827781388,1.181241266291913,0.002659979269246182,2.3600116266296603e-05,12.000000016222437,-0.0008981733649418682,0.018061587630683953,-1.3518697430427675e-06,-1.3518697430427675e-06,-1.0635774712968982,-7.48477803106379e-05
0.09040000000000001,89.98948096132601,90.0,-0.624612753939051,1.1658709029038534,0.0026262000182941353,2.388686625667667e-05,12.000000015557166,-0.0008724188715827689,0.017832222346441662,-1.2964306064272403e-06,-1.2964306064272403e-06,-1.041021256565085,-7.270157253764486e-05
0.0906,89.98935737461392,90.0,-0.6112551205449444,1.150671320324399,0.002592791995864592,2.416750969956646e-05,12.000000014912104,-0.0008470197204680611,0.017605377749697847,-1.2426751768127327e-06,-1.2426751768127327e-06,-1.018758534241574,-7.058497661795755e-05
0.0908,89.98923644201342,90.0,-0.5980716260209575,1.135640764697951,0.0025597514131586686,2.4442126126920093e-05,12.000000014286716,-0.0008219718639150037,0.017381028114040346,-1.1905596715539697e-06,-1.1905596715539697e-06,-0.9967860433682625,-6.849765524469976e-05
0.091,89.98911812889042,90.0,-0.5850603338853572,1.1207774993529063,0.002527074518352619,2.4710794186660746e-05,12.000000013680495,-0.0007972712963817675,0.017159147964122722,-1.1400413438805302e-06,-1.1400413438805302e-06,-0.9751005564755952,-6.643927462273711e-05
0.0912,89.98900240099613,90.0,-0.5722193275526694,1.1060798046379756,0.0024947575962465042,2.49735916517232e-05,12.00000001309294,-0.0007729140540513052,0.016939712073278736,-1.0910784598945237e-06,-1.0910784598945237e-06,-0.953698879254449,-6.440950443399962e-05
0.09140000000000001,89.98888922446307,90.0,-0.5595467101386867,1.091545977761125,0.0024627969679187067,2.5230595429096366e-05,12.000000012523564,-0.0007488962144184441,0.016722695461176405,-1.0436302760564615e-06,-1.0436302760564615e-06,-0.9325778502311444,-6.240801780307278e-05
0.0916,89.98877856580118,90.0,-0.5470406042673208,1.077174332629311,0.0024311889903819964,2.5481881568721372e-05,12.000000011971885,-0.0007252138958813971,0.016508073391482695,-9.976570171491132e-07,-9.976570171491132e-07,-0.9117343404455347,-6.043449126315686e-05
0.0918,89.98867039189403,90.0,-0.5346991518792901,1.062963199688653,0.0023999300562403338,2.5727525272216317e-05,12.00000001143744,-0.0007018632573379026,0.016295821369533132,-9.531198547096562e-07,-9.531198547096562e-07,-0.8911652531321502,-5.848860472241189e-05
0.092,89.9885646699948,90.0,-0.5225205140426394,1.0489109257689355,0.0023690165933555004,2.5967600901745447e-05,12.00000001091977,-0.0006788404977832956,0.016085915140068217,-9.099808859205814e-07,-9.099808859205814e-07,-0.8708675234043992,-5.657004143046365e-05
0.0922,89.98846136772259,90.0,-0.510502870765041,1.0350158739266921,0.00233844506451013,2.6202181988570594e-05,12.000000010418436,-0.0006561418559143519,0.01587833068494533,-8.682031129497094e-07,-8.682031129497094e-07,-0.850838117941735,-5.4678487945390636e-05
0.09240000000000001,89.98836045305865,90.0,-0.49864442080789206,1.0212764232911526,0.0023082119670771515,2.6431341241631447e-05,12.000000009933004,-0.0006337636097359806,0.01567304422089424,-8.277504227302946e-07,-8.277504227302946e-07,-0.8310740346798202,-5.281363410094855e-05
0.0926,89.98826189434256,90.0,-0.4869433815021794,1.0076909689115896,0.0022783138326922157,2.6655150556039185e-05,12.00000000946305,-0.0006117020761716995,0.015470032197292824,-7.885875671720512e-07,-7.885875671720512e-07,-0.8115723025036324,-5.09751729741099e-05
0.09280000000000001,89.98816566026865,90.0,-0.47539798856609056,0.994257921605686,0.002248747226928236,2.6873681021454556e-05,12.000000009008161,-0.0005899536106781015,0.01526927129395716,-7.506801437942722e-07,-7.506801437942722e-07,-0.7923299809434843,-4.916280085293625e-05
0.093,89.98807171988224,90.0,-0.46400649592436394,0.9809757078096176,0.00221950874897366,2.7087002930408154e-05,12.000000008567934,-0.0005685146068628127,0.015070738418956951,-7.139945767723451e-07,-7.139945767723451e-07,-0.7733441598739399,-4.737621720474137e-05
0.0932,89.98798004257614,90.0,-0.4527671755293554,0.9678427694287575,0.002190595031311922,2.7295185786476287e-05,12.000000008141978,-0.0005473814961066311,0.014874410706438978,-6.784980983892286e-07,-6.784980983892286e-07,-0.7546119592155922,-4.5615124644602815e-05
0.09340000000000001,89.98789059808689,90.0,-0.44167831718381534,0.9548575636918318,0.0021620027394086915,2.7498298312543436e-05,12.000000007729906,-0.000526550747187881,0.014680265514503464,-6.441587308832496e-07,-6.441587308832496e-07,-0.7361305286396923,-4.387922890405822e-05
0.0936,89.98780335649136,90.0,-0.4307382283653374,0.9420185630031512,0.0021337285713943573,2.7696408458718143e-05,12.000000007331344,-0.0005060188659125916,0.014488280423048108,-6.10945268684613e-07,-6.10945268684613e-07,-0.7178970472755624,-4.216823880028681e-05
0.09380000000000001,89.98771828820315,90.0,-0.41994523405249923,0.9293242547996862,0.0021057692577575652,2.7889583410451036e-05,12.000000006945928,-0.0004857823947458761,0.014298433231687174,-5.788272610318766e-07,-5.788272610318766e-07,-0.699908723420832,-4.0481866205391e-05
0.094,89.98763536396915,90.0,-0.4092976765526408,0.9167731414068802,0.0020781215610355475,2.8077889596364e-05,12.0000000065733,-0.00046583791244858477,0.014110701957648781,-5.477749949612148e-07,-5.477749949612148e-07,-0.6821627942544014,-3.8819826016117534e-05
0.0942,89.98755455486607,90.0,-0.3987939153312954,0.9043637398974786,0.0020507822755112363,2.8261392696137133e-05,12.000000006213114,-0.000446182033716318,0.013925064833718274,-5.177594786602585e-07,-5.177594786602585e-07,-0.664656525552159,-3.718183612377525e-05
0.0944,89.98747583229701,90.0,-0.38843232684323625,0.892094581950485,0.0020237482269104177,2.8440157648222332e-05,12.00000000586503,-0.00042681140882269567,0.013741500306181851,-4.887524251793694e-07,-4.887524251793694e-07,-0.6473872114053939,-3.5567617384507545e-05
0.0946,89.9873991679881,90.0,-0.3782113043651413,0.8799642137120146,0.001997016272103069,2.8614248657528007e-05,12.000000005528715,-0.0004077227232656621,0.01355998703279862,-4.6072623649270787e-07,-4.6072623649270787e-07,-0.6303521739419021,-3.39768935898178e-05
0.09480000000000001,89.98732453398517,90.0,-0.3681292578298497,0.8679711956576702,0.001970583298807992,2.878372920304603e-05,12.000000005203848,-0.00038891269741702305,0.013380503880795008,-4.3365398790185523e-07,-4.3365398790185523e-07,-0.6135487630497495,-3.2409391437364124e-05
0.095,89.9872519026504,90.0,-0.35818461366219695,0.8561141024556909,0.0019444462252990113,2.8948662045363106e-05,12.000000004890113,-0.000370378086175687,0.013203029924869832,-4.0750941277507047e-07,-4.0750941277507047e-07,-0.5969743561036616,-3.086484050206287e-05
0.0952,89.98718124665903,90.0,-0.34837581461641676,0.8443915228312284,0.0019186020001135547,2.9109109234085453e-05,12.000000004587204,-0.00035211567862434396,0.013027544445215497,-3.8226688761519344e-07,-3.8226688761519344e-07,-0.5806263576940279,-2.934297320747848e-05
0.0954,89.98711253899619,90.0,-0.33870131961509803,0.8328020594327941,0.0018930476017660605,2.926513211526354e-05,12.000000004294817,-0.00033412229768882233,0.012854026925572018,-3.579014174490825e-07,-3.579014174490825e-07,-0.5645021993584967,-2.7843524797436625e-05
0.0956,89.98704575295356,90.0,-0.3291596035896722,0.82134432869942,0.0018677800384628127,2.9416791338701216e-05,12.000000004012662,-0.0003163947998010664,0.012682457051290705,-3.3438862153224643e-07,-3.3438862153224643e-07,-0.5485993393161204,-2.636623330793897e-05
0.09580000000000001,89.98698086212629,90.0,-0.3197491573224222,0.8100169607281692,0.0018427963478173481,2.9564146865120414e-05,12.000000003740457,-0.00029893007456596515,0.012512814707401749,-3.1170471936231605e-07,-3.1170471936231605e-07,-0.5329152622040371,-2.4910839539398935e-05
0.096,89.98691784040977,90.0,-0.31046848729000887,0.798818599144831,0.0018180935965730698,2.9707257973412504e-05,12.000000003477918,-0.000281725044430057,0.012345079976730722,-2.8982651699408974e-07,-2.8982651699408974e-07,-0.5174474788166815,-2.34770870290338e-05
0.09620000000000001,89.9868566619966,90.0,-0.3013161155084799,0.7877479009741983,0.001793668880324647,2.9846183267687442e-05,12.000000003224777,-0.0002647766643545102,0.012179233138006864,-2.687313936508977e-07,-2.687313936508977e-07,-0.5021935258474666,-2.206472202361303e-05
0.0964,89.98679730137339,90.0,-0.29229057937976366,0.7768035365117083,0.001769519323242365,2.998098068426512e-05,12.000000002980768,-0.0002480819214911538,0.012015254663991368,-2.4839728862567596e-07,-2.4839728862567596e-07,-0.48715096563293947,-2.0673493452460913e-05
0.0966,89.98673973331773,90.0,-0.28339043153963434,0.7659841891978486,0.0017456420778027074,3.011170749872451e-05,12.000000002745633,-0.0002316378348605503,0.011853125219648014,-2.288026884651702e-07,-2.288026884651702e-07,-0.4723173858993906,-1.9303152900629242e-05
0.09680000000000001,89.98668393289523,90.0,-0.2746142397071157,0.7552885554913729,0.0017220343245159255,3.0238420332692783e-05,12.00000000251912,-0.00021544145503476152,0.011692825660293324,-2.0992661443271332e-07,-2.0992661443271332e-07,-0.45769039951185947,-1.7953454582461218e-05
0.097,89.98662987545643,90.0,-0.2659605865353371,0.744715344745257,0.0016986932716597826,3.036117516069222e-05,12.000000002300983,-0.0001994898638221236,0.01153433702978865,-1.9174861024248377e-07,-1.9174861024248377e-07,-0.44326764422556186,-1.6624155315322644e-05
0.09720000000000001,89.98657753663385,90.0,-0.2574280694638116,0.7342632790839283,0.00167561615501605,3.0480027316929354e-05,12.000000002090985,-0.0001837801739549632,0.011377640558750958,-1.7424873005999536e-07,-1.7424873005999536e-07,-0.4290467824396859,-1.5315014493578312e-05
0.0974,89.98652689233907,90.0,-0.24901530057211868,0.723931093280326,0.0016528002376063832,3.059503150191072e-05,12.000000001888889,-0.00016830952878121202,0.011222717662759394,-1.5740752676385778e-07,-1.5740752676385778e-07,-0.4150255009535312,-1.4025794062893237e-05
0.0976,89.98647791875982,90.0,-0.24072090643499802,0.7137175346352855,0.0016302428094334075,3.0706241789087586e-05,12.000000001694474,-0.00015307510195820113,0.011069549940597213,-1.4120604046242063e-07,-1.4120604046242063e-07,-0.4012015107249967,-1.2756258494715499e-05
0.0978,89.98643059235705,90.0,-0.23254352797882244,0.7036213628581396,0.0016079411872244283,3.0813711631442804e-05,12.000000001507509,-0.0001380740971493287,0.010918119172511552,-1.256257872603272e-07,-1.256257872603272e-07,-0.38757254663137075,-1.1506174760998587e-05
0.098,89.98638488986214,90.0,-0.22448182033944059,0.6936413499470986,0.0015858927141744062,3.0917493867904406e-05,12.000000001327784,-0.00012330374772456028,0.010768407318468192,-1.1064874827039941e-07,-1.1064874827039941e-07,-0.374136367232401,-1.0275312309243073e-05
0.09820000000000001,89.986340788274,90.0,-0.21653445272138933,0.6837762800722557,0.001564094759694853,3.101764072981691e-05,12.000000001155088,-0.00010876131646279534,0.010620396516446536,-9.625735886453543e-08,-9.625735886453543e-08,-0.36089075453564884,-9.063443037693855e-06
0.0984,89.98629826485634,90.0,-0.20870010825844643,0.6740249494590411,0.001542544719163561,3.1114203847297136e-05,12.000000000989214,-9.444409525753066e-05,0.010474069080740231,-8.24344981594868e-08,-8.24344981594868e-08,-0.34783351376407734,-7.8703412708121e-06
0.09860000000000001,89.98625729713483,90.0,-0.20097748387551886,0.6643861662728299,0.0015212400136768195,3.120723425553216e-05,12.000000000829962,-8.03494048253131e-05,0.010329407500274702,-6.91634787323162e-08,-6.91634787323162e-08,-0.3349624731258648,-6.6957837349796546e-06
0.0988,89.9862178628944,90.0,-0.19336529015185253,0.6548587505039762,0.0015001780898024168,3.129678240096182e-05,12.000000000677137,-6.647459441745402e-05,0.010186394436929992,-5.642803656107681e-08,-5.642803656107681e-08,-0.3222754835864209,-5.539549534475249e-06
0.099,89.98617994017656,90.0,-0.18586225118555952,0.6454415338553958,0.0014793564193383885,3.138289814751886e-05,12.000000000530548,-5.281704153352123e-05,0.01004501272390264,-4.421232118497152e-08,-4.421232118497152e-08,-0.3097704186425992,-4.4014201275988385e-06
0.09920000000000001,89.98614350727655,90.0,-0.17846710445943312,0.6361333596298152,0.0014587724990707837,3.1465630782695856e-05,12.00000000039001,-3.9374151638525636e-05,0.009905245364060879,-3.25008860807217e-08,-3.25008860807217e-08,-0.2974451740990552,-3.2811793031038285e-06
0.0994,89.98610854274091,90.0,-0.17117860070805455,0.6269330826188246,0.0014384238505354423,3.15450290236121e-05,12.000000000255344,-2.614335788233234e-05,0.009767075528327078,-2.1278679249615972e-08,-2.1278679249615972e-08,-0.2852976678467576,-2.1786131568146704e-06
0.09960000000000001,89.98607502536464,90.0,-0.16399550378617067,0.61783956899264,0.0014183080197812258,3.162114102299378e-05,12.000000000126374,-1.3122120821999718e-05,0.009630486554070053,-1.0531034011318341e-08,-1.0531034011318341e-08,-0.2733258396436178,-1.0935100684884605e-06
0.0998,89.98604293418873,90.0,-0.1569165905383349,0.6088516961905628,0.0013984225771346797,3.1694014375067555e-05,12.000000000002924,-3.0792814703281806e-07,0.009495461943507087,-2.4366000012367215e-10,-2.4366000012367215e-10,-0.2615276508972248,-2.5660678919395254e-08
0.1,89.98601224849745,90.0,-0.14994065066980278,0.5999683528142574,0.0013787651169710844,3.176369612154075e-05,11.999999999884832,1.230170559394112e-05,0.00936198536214934,9.597365641754394e-09,9.597365641754394e-09,-0.2499010844496713,1.0251421328382654e-06
0.10020000000000001,89.9859829478159,90.0,-0.14306648661865035,0.5911884385188273,0.001359333257480163,3.183023275726377e-05,11.999999999771934,2.4709239261682823e-05,0.009230040637210984,1.900560687535301e-08,1.900560687535301e-08,-0.23844414436441727,2.0591032718460364e-06
0.1004,89.98595501190742,90.0,-0.13629291342914038,0.5825108639081219,0.001340124640441482,3.189367023609476e-05,11.99999999966407,3.691710539442547e-05,0.009099611756084139,2.7994277188092945e-08,2.7994277188092945e-08,-0.22715485571523397,3.076425449621578e-06
0.10060000000000001,89.9859284207711,90.0,-0.12961875862628802,0.5739345504292297,0.0013211369309977599,3.1954053976562036e-05,11.999999999561085,4.892771047216915e-05,0.008970682864799606,3.657624783021816e-08,3.657624783021816e-08,-0.2160312643771467,4.077309206163228e-06
0.1008,89.98590315463929,90.0,-0.1230428620916351,0.5654584302683049,0.0013023678174311,3.2011428867497595e-05,11.999999999462831,6.074343517864918e-05,0.00884323826650747,4.4764055869582695e-08,4.4764055869582695e-08,-0.20507143681939183,5.061952931780691e-06
0.101,89.98587919397511,90.0,-0.11656407594021799,0.5570814462477043,0.001283815010942095,3.206583927364178e-05,11.999999999369162,7.236663466100022e-05,0.00871726241997719,5.256991206864325e-08,5.256991206864325e-08,-0.1942734599003633,6.03055288873371e-06
0.1012,89.98585651947009,90.0,-0.11018126439871402,0.5488025517233492,0.0012654762454292737,3.211732904113234e-05,11.999999999279932,8.379963878640757e-05,0.008592739938100008,6.000570858679392e-08,6.000570858679392e-08,-0.18363544066452336,6.9833032326196685e-06
0.1014,89.98583511204167,90.0,-0.10389330368476346,0.5406207104840848,0.001247349277273025,3.2165941503022424e-05,11.999999999195005,9.504475239697986e-05,0.008469655586421777,6.708302651276305e-08,6.708302651276305e-08,-0.17315550614127245,7.920396033612978e-06
0.10160000000000001,89.98581495283092,90.0,-0.09769908188744458,0.5325348966508708,0.0012294318851189515,3.221171948465409e-05,11.999999999114241,0.00010610425556140313,0.008347994281671893,7.381314322941893e-08,7.381314322941893e-08,-0.16283180314574097,8.842021297436253e-06
0.1018,89.98579602320005,90.0,-0.09159749884890404,0.5245440945779436,0.0012117218696656384,3.225470530906074e-05,11.999999999037517,0.00011698040382485304,0.008227741090322238,8.020703961578583e-08,8.020703961578583e-08,-0.15266249808150675,9.748366986186307e-06
0.10200000000000001,89.98577830473018,90.0,-0.08558746604711885,0.5166472987548453,0.0011942170534542784,3.229494080231169e-05,11.999999998964695,0.0001276754284564646,0.00810888122715868,8.627540708911569e-08,8.627540708911569e-08,-0.14264577674519807,1.0639619038956654e-05
0.1022,89.98576177921896,90.0,-0.07966790647978153,0.5088435137075349,0.001176915280655966,3.233246729865466e-05,11.999999998895657,0.00013819153669314475,0.007991400053836807,9.202865448925162e-08,9.202865448925162e-08,-0.1327798441329692,1.1515961392155193e-05
0.1024,89.98574642867833,90.0,-0.07383775454931747,0.5011317539028586,0.0011598144168666678,3.236732564580257e-05,11.999999998830276,0.00014853091198266624,0.007875283077489722,9.747691481126899e-08,9.747691481126899e-08,-0.12306292424886245,1.2377575999762049e-05
0.10260000000000001,89.9857322353322,90.0,-0.06809595594899731,0.4935110436531238,0.001142912348902258,3.2399556210104836e-05,11.99999999876844,0.00015869571422388832,0.007760515949336321,1.0263005178768328e-07,1.0263005178768328e-07,-0.11349325991499552,1.3224642853347939e-05
0.1028,89.98571918161419,90.0,-0.062441467550142224,0.4859804170211381,0.0011262069845944696,3.242919888163203e-05,11.999999998710027,0.00016868808000436008,0.007647084463295782,1.0749766632360057e-07,1.0749766632360057e-07,-0.10406911258357038,1.4057340001874472e-05
0.10300000000000001,89.98570725016549,90.0,-0.05687325729041719,0.47853891772569707,0.0011096962525877214,3.24562930791738e-05,11.999999998654932,0.00017851012283530838,0.007534974554607986,1.1208910278789686e-07,1.1208910278789686e-07,-0.0947887621506953,1.487584357127645e-05
0.1032,89.98569642383262,90.0,-0.05139030406320706,0.47118559904929846,0.0010933781021409763,3.2480877755294596e-05,11.999999998603037,0.000188163933385255,0.007424172298488112,1.164134551646665e-07,1.164134551646665e-07,-0.08565050677201178,1.5680327783929986e-05
0.1034,89.98568668566517,90.0,-0.04599159760804998,0.4639195237459085,0.0010772505029295536,3.250299140127388e-05,11.999999998554244,0.00019765157971082673,0.00731466390878092,1.2047957306654195e-07,1.2047957306654195e-07,-0.0766526626800833,1.6470964977886643e-05
0.10360000000000001,89.98567801891377,90.0,-0.040676138402127235,0.45673976394985,0.0010613114448493964,3.252267205201739e-05,11.999999998508446,0.00020697510748550073,0.007206435736631705,1.2429606761350792e-07,1.2429606761350792e-07,-0.06779356400354539,1.724792562593558e-05
0.1038,89.98567040702785,90.0,-0.03544293755279723,0.4496454010854369,0.0010455589378229164,3.253995729091064e-05,11.999999998465544,0.00021613654022605805,0.0070994742691679515,1.2787131717984133e-07,1.2787131717984133e-07,-0.05907156258799538,1.8011378354474643e-05
0.10400000000000001,89.98566383365359,90.0,-0.030291016691164484,0.44263552577663257,0.0010299910116047324,3.2554884254556865e-05,11.999999998425437,0.0002251378795162711,0.0069937661281802834,1.3121347301148618e-07,1.3121347301148618e-07,-0.050485027818607475,1.876148996215102e-05
0.1042,89.98565828263177,90.0,-0.02521940786668384,0.43570923775957604,0.0010146057155939454,3.2567489637630546e-05,11.999999998388034,0.0002339811052297918,0.0068892980688477785,1.3433046471858413e-07,1.3433046471858413e-07,-0.04203234644447307,1.9498425438435215e-05
0.1044,89.9856537379958,90.0,-0.02022715344276653,0.428865645793663,0.0009994011186428766,3.257780969749977e-05,11.999999998353239,0.00024266817574934469,0.006786056978439287,1.3723000564291305e-07,1.3723000564291305e-07,-0.033711922404610885,2.0222347981887172e-05
0.1046,89.98565018396953,90.0,-0.015313305993405241,0.4221038675754724,0.000984375308872298,3.258588025896418e-05,11.999999998320966,0.0002512010281851508,0.006684029875058815,1.3991959810583075e-07,1.3991959810583075e-07,-0.0255221766556754,2.093341901835823e-05
0.1048,89.9856476049653,90.0,-0.010476928200785048,0.41542302965193717,0.0009695263934847348,3.259173671881959e-05,11.999999998291122,0.00025958157859017506,0.00658320390637783,1.4240653853682662e-07,1.4240653853682662e-07,-0.017461547001308413,2.163179821892843e-05
0.10500000000000001,89.9856459855819,90.0,-0.005717092753889245,0.4088222673352587,0.0009548524985816901,3.259541405045146e-05,11.999999998263625,0.00026781172217390674,0.006483566348394193,1.446979224869572e-07,1.446979224869572e-07,-0.009528487923148744,2.2317643517721542e-05
0.1052,89.98564531060262,90.0,-0.001032882248079937,0.4023007246177629,0.0009403517689805753,3.259694680831287e-05,11.999999998238392,0.00027589333351347723,0.006385104604189092,1.468006495283821e-07,1.468006495283821e-07,-0.0017214704134665615,2.2991111129498213e-05
0.10540000000000001,89.98564556499325,90.0,0.0035766109143460447,0.3958575540888269,0.0009260223680363275,3.2596369132460185e-05,11.999999998215344,0.00028382826676358894,0.006287806202715805,1.487214280439656e-07,1.487214280439656e-07,0.005961018190576741,2.3652355567150023e-05
0.1056,89.9856467339001,90.0,0.008112284622649325,0.3894919168513597,0.0009118624774618311,3.259371475294437e-05,11.999999998194397,0.0002916183558635742,0.006191658797580335,1.504667799075246e-07,1.504667799075246e-07,0.01352047437108221,2.4301529658954425e-05
0.1058,89.9856488026481,90.0,0.012575027155183455,0.38320298243961826,0.0008978702971513107,3.25890169942022e-05,11.999999998175483,0.00029926541474280727,0.0060966501658422335,1.5204304505833215e-07,1.5204304505833215e-07,0.020958378591972426,2.4938784565692376e-05
0.10600000000000001,89.98565175673893,90.0,0.016965717275988737,0.3769899287379826,0.0008840440450058149,3.258230877941868e-05,11.999999998158522,0.0003067712375242467,0.0060027682068296085,1.5345638597190907e-07,1.5345638597190907e-07,0.02827619545998123,2.556426979761023e-05
0.1062,89.98565558184904,90.0,0.02128522433045582,0.3708519418999649,0.0008703819567591012,3.257362263480277e-05,11.999999998143448,0.00031413759872563865,0.005910000940956861,1.5471279202880714e-07,1.5471279202880714e-07,0.03547537388409304,2.6178133231186645e-05
0.10640000000000001,89.98566026382781,90.0,0.025534408340060738,0.3647882162685143,0.0008568822858063985,3.256299069386299e-05,11.999999998130182,0.0003213662534591195,0.005818336508561966,1.558180837843604e-07,1.558180837843604e-07,0.042557347233434566,2.678052112576618e-05
0.1066,89.98566578869574,90.0,0.029714120096187725,0.3587979542965299,0.0008435433030335148,3.25504447015966e-05,11.999999998118664,0.00032845893762850945,0.0057277631687460894,1.5677791714074976e-07,1.5677791714074976e-07,0.049523533493646216,2.737157814000038e-05
0.1068,89.98567214264253,90.0,0.03382520125304082,0.35288036646900145,0.0008303632966496035,3.2536016018707385e-05,11.999999998108827,0.0003354173681252829,0.005638269298238049,1.5759778742455308e-07,1.5759778742455308e-07,0.056375335421734694,2.795144734817866e-05
0.10700000000000001,89.98567931202534,90.0,0.03786848441966371,0.34703467122461856,0.0008173405720185448,3.251973562567923e-05,11.999999998100604,0.0003422432430217717,0.005549843390249379,1.5828303337021116e-07,1.5828303337021116e-07,0.06311414069943952,2.8520270256328582e-05
0.1072,89.98568728336693,90.0,0.041844793251061635,0.3412600948793444,0.000804473451494778,3.250163412690736e-05,11.999999998093934,0.0003489382417633143,0.005462474053359604,1.588388410133152e-07,1.588388410133152e-07,0.06974132208510272,2.907818681822827e-05
0.10740000000000001,89.98569604335393,90.0,0.04575494253844733,0.3355558715497911,0.0007917602742585305,3.2481741754713976e-05,11.999999998088757,0.00035550402535791166,0.00537615001039743,1.5927024749405575e-07,1.5927024749405575e-07,0.07625823756407887,2.962533545121107e-05
0.1076,89.98570557883502,90.0,0.0495997382986094,0.32992124307782106,0.0007791993961537717,3.246008837336401e-05,11.999999998085014,0.0003619422365643712,0.005290860097340426,1.595821447738482e-07,1.595821447738482e-07,0.08266623049768235,3.0161853051844225e-05
0.1078,89.98571587681926,90.0,0.05337997786241695,0.324355458955643,0.0007667891895271886,3.243670348302304e-05,11.999999998082648,0.0003682545000784711,0.005206593262221651,1.5977928326647695e-07,1.5977928326647695e-07,0.08896662977069493,3.068787501144254e-05
0.108,89.98572692447428,90.0,0.05709644996246569,0.31885777625175205,0.0007545280430689952,3.241161622368631e-05,11.999999998081606,0.00037444242271739993,0.005123338564048734,1.598662753858816e-07,1.598662753858816e-07,0.09516074993744282,3.1203535231438386e-05
0.1082,89.9857387091246,90.0,0.06074993481987602,0.31342745953805345,0.0007424143616563761,3.238485537910771e-05,11.99999999808183,0.00038050759360273466,0.005041085171740826,1.5984759901267875e-07,1.5984759901267875e-07,0.10124989136646004,3.170896613862982e-05
0.10840000000000001,89.98575121824997,90.0,0.06434120423025613,0.3080637808163762,0.0007304465661953703,3.2356449380584434e-05,11.999999998083268,0.0003864515843407509,0.004959822363054984,1.5972760087978672e-07,1.5972760087978672e-07,0.10723534038376022,3.2204298700206495e-05
0.1086,89.98576443948366,90.0,0.06787102164882285,0.30276601944616227,0.0007186230934653688,3.232642631074149e-05,11.999999998085874,0.00039227594920128217,0.004879539523530283,1.595104998802781e-07,1.595104998802781e-07,0.11311836941470475,3.268966243865453e-05
0.10880000000000001,89.98577836061078,90.0,0.07134014227469462,0.297533462074378,0.000706942395968676,3.2294813907403e-05,11.999999998089596,0.00039798222529589073,0.00480022614546632,1.5920039030002826e-07,1.5920039030002826e-07,0.11890023712449103,3.3165185446604137e-05
0.109,89.98579296956667,90.0,0.0747493131343809,0.29236540256406024,0.0006954029417767513,3.2261639567261166e-05,11.999999998094385,0.0004035719327529323,0.004721871826879176,1.5880124497398855e-07,1.5880124497398855e-07,0.1245821885573015,3.363099440141834e-05
0.1092,89.98580825443531,90.0,0.07809927316445352,0.28726114192400454,0.0006840032143789907,3.222693034954532e-05,11.999999998100197,0.00040904657489121193,0.004644466270474629,1.5831691836968157e-07,1.5831691836968157e-07,0.1301654552740892,3.4087214579664246e-05
0.10940000000000001,89.9858242034476,90.0,0.08139075329341208,0.2822199882395796,0.0006727417125340122,3.219071297969094e-05,11.999999998106986,0.0004144076383922505,0.004567999282638355,1.5775114959952336e-07,1.5775114959952336e-07,0.13565125548902016,3.453396987146865e-05
0.1096,89.98584080497989,90.0,0.08462447652275713,0.277241256605002,0.0006616169501242306,3.215301385303754e-05,11.99999999811471,0.0004196565934714339,0.0044924607724484795,1.5710756536383074e-07,1.5710756536383074e-07,0.14104079420459523,3.4971382794780426e-05
0.10980000000000001,89.98585804755228,90.0,0.08780115800728704,0.272324269053498,0.0006506274560053673,3.2113859038266596e-05,11.999999998123325,0.00042479489404560945,0.004417840750653729,1.563896828231516e-07,1.563896828231516e-07,0.1463352633454784,3.539957450933691e-05
0.11,89.98587591982722,90.0,0.09092150513459492,0.26746835449142436,0.00063977177386509,3.207327428107053e-05,11.99999999813279,0.0004298239779012735,0.004344129328713575,1.5560091240631643e-07,1.5560091240631643e-07,0.15153584189099154,3.581866483067954e-05
0.1102,89.98589441060778,90.0,0.09398621760381105,0.26267284863095597,0.0006290484620781798,3.2031285007619514e-05,11.999999998143064,0.0004347452668597366,0.004271316717814801,1.5474456055135007e-07,1.5474456055135007e-07,0.15664369600635178,3.6228772243917596e-05
0.11040000000000001,89.98591350883625,90.0,0.09699598750357381,0.25793709392384995,0.0006184560935640936,3.198791632802828e-05,11.999999998154113,0.0004395601669409596,0.00419939322790434,1.5382383238269238e-07,1.5382383238269238e-07,0.16165997917262304,3.6630013917381204e-05
0.1106,89.98593320359257,90.0,0.09995149938924193,0.25326043949591504,0.0006079932556460551,3.194319303979398e-05,11.999999998165897,0.0004442700685258376,0.004128349266732474,1.5284183432584624e-07,1.5284183432584624e-07,0.1665858323154032,3.702250571614505e-05
0.11080000000000001,89.98595348409286,90.0,0.10285343035935593,0.2486422410821724,0.0005976585499116401,3.1897139631205215e-05,11.999999998178382,0.00044887634651694303,0.004058175338906199,1.518015766608247e-07,1.518015766608247e-07,0.17142238393225986,3.74063622154236e-05
0.111,89.9859743396879,90.0,0.10570245013135689,0.2440818609623446,0.0005874505920740144,3.184978028469326e-05,11.999999998191528,0.00045338036049749945,0.0039888620449470115,1.5070597601545136e-07,1.5070597601545136e-07,0.17617075021892814,3.778169671381888e-05
0.11120000000000001,89.98599575986172,90.0,0.10849922111656592,0.23957866789808616,0.0005773680118371214,3.180113888024108e-05,11.999999998205306,0.00045778345488957156,0.003920400080375516,1.495578578010057e-07,1.495578578010057e-07,0.1808320351942765,3.8148621246503054e-05
0.1114,89.98601773423006,90.0,0.11124439849444465,0.23513203706873123,0.0005674094527572929,3.1751238998590085e-05,11.999999998219682,0.00046208695910929655,0.0038527802347717425,1.4835995858885034e-07,1.4835995858885034e-07,0.18540733082407443,3.850724659815431e-05
0.1116,89.98604025253901,90.0,0.11393863028611957,0.23074135000949092,0.0005575735721104661,3.170010392456249e-05,11.999999998234621,0.00046629218772182977,0.003785993390873536,1.471149284325436e-07,1.471149284325436e-07,0.1898977171435326,3.8857682315869025e-05
0.11180000000000001,89.98606330466356,90.0,0.1165825574271985,0.2264059945492172,0.0005478590407582768,3.164775665026811e-05,11.999999998250097,0.0004704004405940884,0.0037200305236673122,1.4582533313431178e-07,1.4582533313431178e-07,0.1943042623786642,3.920003672189039e-05
0.112,89.98608688060618,90.0,0.11917681383987364,0.22212536474916325,0.0005382645430163672,3.159421987831108e-05,11.999999998266077,0.000474413003046265,0.003654882699493852,1.4449365645827158e-07,1.4449365645827158e-07,0.1986280230664561,3.953441692623455e-05
0.11220000000000001,89.98611097049542,90.0,0.12172202650432352,0.2178988608427225,0.0005287887765248713,3.153951602499669e-05,11.999999998282533,0.0004783311460021337,0.00359054107516888,1.4312230229158928e-07,1.4312230229158928e-07,0.20287004417387253,3.986092883921613e-05
0.1124,89.98613556458453,90.0,0.12421881552942424,0.2137258891747114,0.0005194304521177224,3.14836672234226e-05,11.999999998299437,0.0004821561261371832,0.003526996897095646,1.4171359675354125e-07,1.4171359675354125e-07,0.20703135921570706,4.0179677183792605e-05
0.1126,89.98616065325015,90.0,0.1266677942227652,0.20960586214197807,0.0005101882936949512,3.142669532659891e-05,11.999999998316763,0.0004858891860257965,0.0034642415003978176,1.402697902550989e-07,1.402697902550989e-07,0.21111299037127534,4.049076550782933e-05
0.11280000000000001,89.98618622699085,90.0,0.12906956915998444,0.20553819813460614,0.0005010610380962654,3.136862191053942e-05,11.999999998334484,0.0004895315542870131,0.003402266308061062,1.3879305950955262e-07,1.3879305950955262e-07,0.21511594859997407,4.0794296196246386e-05
0.113,89.98621227642589,90.0,0.1314247402534305,0.20152232147699284,0.000492047434974229,3.130946827726614e-05,11.999999998352575,0.0004930844457283936,0.0033410628300719254,1.372855094946601e-07,1.372855094946601e-07,0.2190412337557175,4.109037048300724e-05
0.11320000000000001,89.98623879229382,90.0,0.1337339008201489,0.19755766237022548,0.0004831462466703697,3.1249255457842785e-05,11.99999999837101,0.0004965490614889654,0.0032806226625765847,1.3574917536858065e-07,1.3574917536858065e-07,0.22288983470024817,4.137908846303096e-05
0.1134,89.98626576545122,90.0,0.13599763764920877,0.1936436568346686,0.00047435624809167307,3.118800421535038e-05,11.999999998389768,0.0004999265891805413,0.0032209374870422252,1.3418602433973617e-07,1.3418602433973617e-07,0.22666272941534796,4.1660549103968706e-05
0.1136,89.98629318687139,90.0,0.13821653106837156,0.18977974665347006,0.00046567622658912116,3.112573504786294e-05,11.999999998408825,0.000503218203027904,0.0031619990694323045,1.3259795749221798e-07,1.3259795749221798e-07,0.23036088511395256,4.193485025788581e-05
0.11380000000000001,89.98632104764303,90.0,0.14039115501011273,0.18596537931554888,0.00045710498183491584,3.106246819130759e-05,11.999999998428159,0.0005064250640068917,0.003103799259372886,1.3098681156652894e-07,1.3098681156652894e-07,0.2339852583501879,4.220208867276889e-05
0.114,89.98634933896905,90.0,0.14252207707699,0.18220000796020686,0.0004486413257033943,3.09982236223824e-05,11.999999998447748,0.0005095483199818503,0.003046329989344036,1.2935436069844766e-07,1.2935436069844766e-07,0.23753679512831666,4.246236000398022e-05
0.11420000000000001,89.98637805216516,90.0,0.14460985860637737,0.17848309132262474,0.0004402840821539124,3.093302106147432e-05,11.999999998467572,0.0005125891058419937,0.002989583273884591,1.2770231811636478e-07,1.2770231811636478e-07,0.24101643101062897,4.2715758825621046e-05
0.1144,89.9864071786588,90.0,0.14665505473457424,0.17481409367810008,0.0004320320871106855,3.086687997540366e-05,11.999999998487613,0.0005155485436352111,0.00293355120877626,1.260323377962103e-07,1.260323377962103e-07,0.2444250912242904,4.296237864168223e-05
0.11460000000000001,89.98643670998777,90.0,0.14865821446027633,0.17119248478859683,0.0004238841883479335,3.079981958028425e-05,11.999999998507848,0.0005184277427017574,0.0028782259702637464,1.2434601607791274e-07,1.2434601607791274e-07,0.2477636907671272,4.320231189718515e-05
0.1148,89.98646663779911,90.0,0.15061988070743368,0.16761773984837458,0.00041583924537277547,3.073185884423904e-05,11.99999999852826,0.0005212277998056615,0.002823599814259587,1.2264489324155834e-07,1.2264489324155834e-07,0.25103313451238946,4.343564998913229e-05
0.115,89.98649695384782,90.0,0.152540590387486,0.16408933943119783,0.00040789612931171985,3.066301649017356e-05,11.999999998548834,0.0005239497992655495,0.0027696650755734066,1.2093045504624828e-07,1.2093045504624828e-07,0.2542343173124767,4.366248327740925e-05
0.11520000000000001,89.98652764999567,90.0,0.15442087446099345,0.1606067694383889,0.00040005372279903063,3.0593310998549345e-05,11.99999999856955,0.0005265948130844301,0.002716414167153912,1.1920413423190232e-07,1.1920413423190232e-07,0.25736812410165577,4.38829010956002e-05
0.1154,89.98655871821005,90.0,0.1562612579986716,0.15716952104593698,0.0003923109198627917,3.05227606100129e-05,11.999999998590393,0.000529163901077222,0.0026638395793152528,1.1746731198332898e-07,1.1746731198332898e-07,0.260435429997786,4.409699176161512e-05
0.11560000000000001,89.98659015056279,90.0,0.15806226024182135,0.15377709065245176,0.0003846666258128496,3.0451383328024708e-05,11.999999998611344,0.000531658110997238,0.0026119338789761396,1.1572131935890334e-07,1.1572131935890334e-07,0.2634371004030356,4.430484258823019e-05
0.1158,89.98662193922898,90.0,0.15982439466216186,0.15042897982901632,0.00037711975713310147,3.0379196921574856e-05,11.99999999863239,0.0005340784786623813,0.0025606897089284673,1.1396743868556624e-07,1.1396743868556624e-07,0.2663739911036031,4.450653989360408e-05
0.116,89.98665407648583,90.0,0.1615481690210892,0.14712469526771016,0.00036966924137058285,3.0306218927725355e-05,11.999999998653518,0.0005364260280788743,0.002510099787084205,1.1220690491819106e-07,1.1220690491819106e-07,0.269246948368482,4.470216901158875e-05
0.11620000000000001,89.98668655471155,90.0,0.1632340854283454,0.14386374873166663,0.000362314017028048,3.0232466654210236e-05,11.99999999867471,0.0005387017715644646,0.0024601569057460053,1.1044090696652424e-07,1.1044090696652424e-07,0.27205680904724233,4.489181430199661e-05
0.1164,89.9867193663842,90.0,0.16488264040011513,0.1406456570059286,0.0003550530334583261,3.0157957182035628e-05,11.999999998695952,0.0005409067098706452,0.002410853930889869,1.0867058898983854e-07,1.0867058898983854e-07,0.2748044006668585,4.507555916078549e-05
0.11660000000000001,89.98675250408058,90.0,0.16649432491655963,0.13746994184695904,0.0003478852507554427,3.008270736790652e-05,11.999999998717236,0.0005430418323024284,0.0023621838014258457,1.068970516582109e-07,1.068970516582109e-07,0.2774905415275994,4.525348603003983e-05
0.1168,89.98678596047517,90.0,0.1680696244787718,0.1343361299354463,0.0003408096396533524,3.0006733846855747e-05,11.999999998738545,0.0005451081168388462,0.002314139528510418,1.0512135338510459e-07,1.0512135338510459e-07,0.280116040797953,4.5425676408012385e-05
0.117,89.98681972833899,90.0,0.16960901916519103,0.1312437528263111,0.00033382518141804194,2.993005303458405e-05,11.999999998759865,0.0005471065302500574,0.0022667141948138655,1.0334451152677732e-07,1.0334451152677732e-07,0.2826816986086517,4.5592210858883156e-05
0.11720000000000001,89.98685380053853,90.0,0.17111298368744485,0.128192346902001,0.00032693086774722945,2.98526811300024e-05,11.99999999878119,0.0005490380282151923,0.002219900953839213,1.0156750355439147e-07,1.0156750355439147e-07,0.28518830614574137,4.5753169022579726e-05
0.1174,89.9868881700347,90.0,0.17258198744565598,0.1251814533247541,0.000320125700667568,2.9774634117629875e-05,11.999999998802505,0.0005509035554380446,0.0021736930292242276,9.979126819583499e-08,9.979126819583499e-08,0.28763664574276,4.5908629624418325e-05
0.11760000000000001,89.98692282988178,90.0,0.17401649458320206,0.12221061798962841,0.0003134086924335515,2.9695927769991488e-05,11.9999999988238,0.0005527040457618204,0.00212808371405498,9.801670654944297e-08,9.801670654944297e-08,0.2900274909720034,4.605867048466622e-05
0.1178,89.98695777322635,90.0,0.17541696404093757,0.11927939147792525,0.0003067788654272575,2.9616577649987186e-05,11.999999998845063,0.0005544404222827161,0.002083066370185082,9.624468316995817e-08,9.624468316995817e-08,0.2923616067348959,4.62033685280065e-05
0.11800000000000001,89.98699299330622,90.0,0.17678384961088195,0.11638732901171454,0.0003002352520605796,2.9536599113289693e-05,11.999999998866286,0.0005561135974628214,0.002038634427571837,9.447602712797021e-08,9.447602712797021e-08,0.2946397493514699,4.634279979294674e-05
0.1182,89.98702848344952,90.0,0.17811759998938692,0.11353399040731019,0.0002937768946749239,2.945600731059794e-05,11.99999999888746,0.0005577244732408955,0.0019947813835951627,9.271153304162517e-08,9.271153304162517e-08,0.2968626666489782,4.647703944105025e-05
0.1184,89.98706423707355,90.0,0.17941865882977043,0.11071894003091132,0.0002874028454458828,2.9374817190006026e-05,11.999999998908576,0.000559273941143209,0.0019515008024103158,9.09519620839516e-08,9.09519620839516e-08,0.2990310980496174,4.660616176617301e-05
0.11860000000000001,89.9871002476839,90.0,0.18068746479444306,0.10794174675282109,0.0002811121662845032,2.9293043499198833e-05,11.999999998929624,0.000560762882392035,0.001908786314277491,8.919804296334918e-08,8.919804296334918e-08,0.3011457746574051,4.6730240203504495e-05
0.1188,89.98713650887333,90.0,0.18192445160650914,0.10520198390452976,0.0002749039287451669,2.9210700787821046e-05,11.999999998950594,0.0005621921680147115,0.0018666316149363186,8.74504728814685e-08,8.74504728814685e-08,0.30320741934418194,4.684934733865629e-05
0.11900000000000001,89.98717301432094,90.0,0.18313004810087688,0.10249922923328678,0.0002687772139275231,2.912780340958606e-05,11.999999998971482,0.0005635626589496434,0.001825030464939972,8.570991846448572e-08,8.570991846448572e-08,0.3052167468347948,4.6963554916495524e-05
0.1192,89.98720975779106,90.0,0.18430467827484756,0.09983306485953088,0.00026273111238501914,2.9044365524558312e-05,11.999999998992276,0.0005648752061528845,0.001783976689034081,8.397701667289104e-08,8.397701667289104e-08,0.3071744637914126,4.707293385002675e-05
0.1194,89.98724673313234,90.0,0.18544876133821736,0.09720307723429096,0.00025676472403328546,2.8960401101377803e-05,11.99999999901297,0.0005661306507033861,0.0017434641755346546,8.225237568788852e-08,8.225237568788852e-08,0.3090812688970289,4.7177554229162644e-05
0.11960000000000001,89.9872839342768,90.0,0.18656271176289094,0.0946088570947814,0.00025087715805422156,2.8875923919282376e-05,11.999999999033562,0.0005673298239056844,0.0017034868756768133,8.053657577343372e-08,8.053657577343372e-08,0.3109378529381515,4.727748532928127e-05
0.1198,89.9873213552389,90.0,0.18764693933198642,0.09204999942426012,0.0002450675328099671,2.879094757041893e-05,11.999999999054037,0.0005684735473941705,0.0016640388030306412,7.883017011957902e-08,7.883017011957902e-08,0.31274489888664403,4.737279561991528e-05
0.12000000000000001,89.9873589901146,90.0,0.1887018491884804,0.08952610340862138,0.00023933497574916556,2.87054854618368e-05,11.999999999074396,0.000569562633233862,0.0016251140328647046,7.713368566125978e-08,7.713368566125978e-08,0.3145030819808007,4.7463552773149536e-05
0.1202,89.9873968330804,90.0,0.1897278418833557,0.08703677239545854,0.00023367862331892346,2.861955081762561e-05,11.999999999094628,0.0005705978840215487,0.001586706701548246,7.544762387787903e-08,7.544762387787903e-08,0.31621306980559283,4.754982367204992e-05
0.12040000000000001,89.98743487839246,90.0,0.19072531342328017,0.08458161385307167,0.0002280976208765659,2.853315668099537e-05,11.999999999114731,0.0005715800929856385,0.0015488110059519908,7.377246157204398e-08,7.377246157204398e-08,0.3178755223721336,4.763167441898378e-05
0.1206,89.98747312038573,90.0,0.19169465531781577,0.08216023933013072,0.00022259112260285008,2.844631591635653e-05,11.999999999134698,0.0005725100440851934,0.0015114212028588588,7.210865162853477e-08,7.210865162853477e-08,0.31949109219635957,4.770917034387303e-05
0.1208,89.98751155347298,90.0,0.19263625462616565,0.07977226441420739,0.00021715829141246,2.8359041211255593e-05,11.999999999154522,0.0005733885121069398,0.00147453160835621,7.045662375246581e-08,7.045662375246581e-08,0.32106042437694277,4.778237601227824e-05
0.12100000000000001,89.98755017214395,90.0,0.19355049400344593,0.07741730869345781,0.00021179829887179254,2.8271345078512996e-05,11.999999999174198,0.0005742162627631826,0.001438136597277604,6.881678519071124e-08,6.881678519071124e-08,0.32258415667240986,4.78513552335582e-05
0.1212,89.9875889709645,90.0,0.19443775174651878,0.07509499571607514,0.00020651032511145883,2.818323985812981e-05,11.999999999193726,0.0005749940527869953,0.0014022306026086713,6.718952143250697e-08,6.718952143250697e-08,0.32406291957753125,4.79161710688024e-05
0.12140000000000001,89.98762794457569,90.0,0.1952984018393608,0.07280495295110201,0.00020129355874189196,2.8094737719252283e-05,11.999999999213099,0.0005757226300271008,0.0013668081149140815,6.557519689269333e-08,6.557519689269333e-08,0.3254973363989347,4.797688583873782e-05
0.1216,89.98766708769297,90.0,0.19613281399798255,0.07054681175058003,0.0001961471967720085,2.800585066219411e-05,11.99999999923231,0.0005764027335424726,0.001331863681785243,6.397415557800568e-08,6.397415557800568e-08,0.3268880233299709,4.803356113161229e-05
0.1218,89.9877063951053,90.0,0.19694135371491414,0.06832020730981803,0.00019107044452340273,2.7916590520256515e-05,11.999999999251358,0.0005770350936944651,0.001297391907257673,6.238672173413146e-08,6.238672173413146e-08,0.32823558952485693,4.808625781087204e-05
0.12200000000000001,89.98774586167436,90.0,0.1977243823032363,0.06612477863078242,0.00018606251555176807,2.7826968961750525e-05,11.99999999927024,0.0005776204322398833,0.0012633874512774377,6.081320047814142e-08,6.081320047814142e-08,0.3295406371720605,4.813503602291752e-05
0.1222,89.98778548233358,90.0,0.19848225694019112,0.06396016848358699,0.00018112263156380777,2.7736997491817047e-05,11.999999999288953,0.0005781594624216067,0.0012298450291369665,5.925387841248718e-08,5.925387841248718e-08,0.3308037615669852,4.817995520465541e-05
0.12240000000000001,89.98782525208753,90.0,0.19921533071035236,0.06182602336895326,0.00017625002233634488,2.7646687454275813e-05,11.99999999930749,0.0005786528890587002,0.0011967594109257987,5.7709024223363804e-08,5.7709024223363804e-08,0.3320255511839206,4.822107409100781e-05
0.1226,89.98786516601093,90.0,0.19992395264836546,0.05972199348198198,0.00017144392563842907,2.755605003353212e-05,11.999999999325853,0.0005791014086362755,0.001164125421001679,5.6178889264103534e-08,5.6178889264103534e-08,0.33320658774727574,4.825845072240073e-05
0.1228,89.98790521924793,90.0,0.20060846778127234,0.05764773267543872,0.00016670358715224092,2.7465096256396888e-05,11.999999999344034,0.0005795057093939005,0.0011319379374534878,5.46637081224758e-08,5.46637081224758e-08,0.3343474463021206,4.829214245213154e-05
0.12300000000000001,89.98794540701127,90.0,0.20126921717041554,0.05560289842327149,0.00016202826039447233,2.7373836993877836e-05,11.999999999362036,0.0005798664714130362,0.001100191891567405,5.316369917286178e-08,5.316369917286178e-08,0.3354486952840259,4.832220595365534e-05
0.1232,89.98798572458148,90.0,0.20190653795292493,0.05358715178471117,0.0001574172066390022,2.7282282962970655e-05,11.999999999379853,0.0005801843667037556,0.0010688822673018668,5.167906511395471e-08,5.167906511395471e-08,0.3365108965882082,4.834869722781157e-05
0.12340000000000001,89.98802616730622,90.0,0.20252076338279248,0.051600157368591915,0.00015286969484002168,2.7190444728421294e-05,11.999999999397481,0.0005804600592905073,0.0010380041007655794,5.0209993492035866e-08,5.0209993492035866e-08,0.33753460563798743,4.837167160997101e-05
0.1236,89.98806673059933,90.0,0.20311222287153843,0.04964158329859701,0.00014838500155725743,2.7098332704517125e-05,11.999999999414921,0.0005806942052974204,0.0010075524797097729,4.87566572107532e-08,4.87566572107532e-08,0.3385203714525641,4.839118377714442e-05
0.12380000000000001,89.9881074099402,90.0,0.20368124202847981,0.04771110117763976,0.0001439624108791093,2.700595715676257e-05,11.99999999943217,0.0005808874530319405,0.000977522543006298,4.7319215026258604e-08,4.7319215026258604e-08,0.3394687367141331,4.8407287754952305e-05
0.124,89.98814820087294,90.0,0.20422814270059014,0.045808386054590304,0.0001396012143512078,2.691332820369915e-05,11.999999999449226,0.0005810404430689918,0.0009479094801625223,4.589781203068407e-08,4.589781203068407e-08,0.34038023783431687,4.8420036924638356e-05
0.1242,89.98818909900568,90.0,0.20475324301197836,0.04393311638904807,0.00013530071090034172,2.682045581852333e-05,11.99999999946609,0.0005811538083327618,0.0009187085308047896,4.4492580120729577e-08,4.4492580120729577e-08,0.34125540501996393,4.84294840298849e-05
0.12440000000000001,89.98823010000979,90.0,0.20525685740296437,0.042084974017032706,0.00013106020676046865,2.6727349830733233e-05,11.999999999482757,0.0005812281741780353,0.0008899149841760218,4.310363845404995e-08,4.310363845404995e-08,0.34209476233827396,4.8435681183590694e-05
0.1246,89.98827119961916,90.0,0.20573929666876076,0.040263644119000686,0.00012687901540410019,2.6634019927919835e-05,11.999999999499227,0.0005812641584720819,0.0008615241786698163,4.173109389489667e-08,4.173109389489667e-08,0.3428988277812679,4.8438679874694885e-05
0.12480000000000001,89.9883123936295,90.0,0.20620086799778908,0.03846881518517531,0.0001227564574673479,2.6540475657298095e-05,11.999999999515499,0.0005812623716736991,0.0008335315013214982,4.03750414452029e-08,4.03750414452029e-08,0.3436681133296485,4.843853097476397e-05
0.125,89.98835367789756,90.0,0.20664187500959807,0.0367001789835637,0.00011869186068118776,2.6446726427411487e-05,11.999999999531575,0.0005812234169130457,0.0008059323873413985,3.903556466581176e-08,3.903556466581176e-08,0.3444031250159968,4.84352847446445e-05
0.1252,89.98839504834052,90.0,0.20706261779241614,0.0349574305263533,0.00011468455979887792,2.6352781509663157e-05,11.999999999547448,0.0005811478900693691,0.0007787223196220107,3.7712736084610283e-08,3.7712736084610283e-08,0.34510436298736025,4.8428990840940476e-05
0.1254,89.98843650093518,90.0,0.20746339294031826,0.033240268038622456,0.00011073389652872508,2.6258650039991532e-05,11.99999999956312,0.0005810363798492986,0.0007518968282814667,3.6406617595061533e-08,3.6406617595061533e-08,0.3457723215671971,4.841969832253768e-05
0.12560000000000002,89.98847803171732,90.0,0.20784449359003504,0.03154839292613037,0.00010683921946464143,2.6164341020430372e-05,11.999999999578593,0.0005808894678635382,0.0007254514901920098,3.5117260842770505e-08,3.5117260842770505e-08,0.34640748931672505,4.840745565699479e-05
0.1258,89.98851963678102,90.0,0.20820620945739218,0.029881509743266924,0.0001029998840170169,2.606986332063995e-05,11.999999999593864,0.0005807077287026772,0.0006993819285106087,3.3844707601236604e-08,3.3844707601236604e-08,0.34701034909565365,4.8392310726860915e-05
0.126,89.98856131227798,90.0,0.2085488268733831,0.02823932616187086,9.921525234556268e-05,2.5975225679467082e-05,11.999999999608931,0.0005804917300126131,0.0006736838122229565,3.258899013762841e-08,3.258899013762841e-08,0.3475813781223052,4.83743108359609e-05
0.1262,89.98860305441677,90.0,0.20887262881988433,0.026621552940546078,9.548469329326265e-05,2.5880436706505213e-05,11.9999999996238,0.0005802420325693623,0.0006483528556949934,3.1350131568533945e-08,3.1350131568533945e-08,0.3481210480331406,4.835350271562941e-05
0.1264,89.9886448594623,90.0,0.20917789496501904,0.02502790389304849,9.180758231809584e-05,2.578550488353887e-05,11.999999999638462,0.0005799591903522762,0.0006233848182092928,3.01281462047879e-08,3.01281462047879e-08,0.3486298249416984,4.832993253081244e-05
0.12660000000000002,89.98868672373503,90.0,0.209464901698159,0.0234580958585987,8.818330142920364e-05,2.569043856610377e-05,11.999999999652925,0.0005796437506176237,0.0005987755035316298,2.892303988792238e-08,2.892303988792238e-08,0.34910816949693174,4.830364588619906e-05
0.1268,89.98872864361039,90.0,0.2097339221645858,0.021911848671604783,8.461123912162356e-05,2.5595245984960145e-05,11.999999999667182,0.000579296253970844,0.0005745207594678144,2.7734810316451654e-08,2.7734810316451654e-08,0.3495565369409764,4.827468783224256e-05
0.127,89.98877061551813,90.0,0.20998522629980554,0.02038888513115794,8.109079031043707e-05,2.5499935247508396e-05,11.99999999968124,0.0005789172344377135,0.0005506164774165481,2.656344736252426e-08,2.656344736252426e-08,0.3499753771663425,4.824310287109095e-05
0.1272,89.98881263594167,90.0,0.21021908086351396,0.018888930972437826,7.76213562693261e-05,2.5404514339320222e-05,11.999999999695092,0.000578507219535893,0.0005270585919522143,2.5408933380877137e-08,2.5408933380877137e-08,0.35036513477252323,4.8208934962549354e-05
0.1274,89.98885470141747,90.0,0.21043574947323404,0.017411714836088107,7.420234456433222e-05,2.5308991125467592e-05,11.999999999708745,0.0005780667303441895,0.0005038430803750954,2.427124350717043e-08,2.427124350717043e-08,0.35072624912205674,4.817222752985166e-05
0.12760000000000002,89.98889680853435,90.0,0.21063549263760253,0.01595696824092435,7.083316899535039e-05,2.5213373352082754e-05,11.999999999722196,0.0005775962815731807,0.00048096596231410766,2.3150345950193867e-08,2.3150345950193867e-08,0.3510591543960042,4.813302346554602e-05
0.1278,89.988938953933,90.0,0.2108185677893443,0.014524425553169682,6.751324952945557e-05,2.5117668647600545e-05,11.999999999735445,0.000577096381632596,0.0004584232992740811,2.2046202272748443e-08,2.2046202272748443e-08,0.35136427964890715,4.80913651371099e-05
0.128,89.98898113430525,90.0,0.21098522931789368,0.0131138239597362,6.424201224363128e-05,2.502188452428952e-05,11.999999999748495,0.0005765675327005492,0.00043621119424687915,2.095876766737953e-08,2.095876766737953e-08,0.35164204886315614,4.804729439271945e-05
0.1282,89.98902334639351,90.0,0.21113572860170973,0.011724903439091607,6.1018889261804226e-05,2.492602837955202e-05,11.999999999761343,0.0005760102307902765,0.00041432579128385593,1.988799122204368e-08,1.988799122204368e-08,0.3518928810028496,4.800085256681102e-05
0.12840000000000001,89.98906558699017,90.0,0.21127031404025845,0.0103574067333016,5.784331869457467e-05,2.483010749728198e-05,11.999999999773994,0.0005754249658167915,0.0003927632750866182,1.883381617875541e-08,1.883381617875541e-08,0.3521171900670974,4.7952080485635745e-05
0.12860000000000002,89.98910785293701,90.0,0.21138923108567387,0.009011079320519923,5.47147445799421e-05,2.4734129049222782e-05,11.999999999786446,0.0005748122216629889,0.00037151987060454517,1.7796180184828767e-08,1.7796180184828767e-08,0.3523153851427898,4.79010184727682e-05
0.1288,89.98915014112463,90.0,0.21149272227410432,0.007685669388274199,5.1632616825841296e-05,2.4638100096353932e-05,11.9999999997987,0.0005741724762454497,0.0003505918426446014,1.6775015537173556e-08,1.6775015537173556e-08,0.35248787045684055,4.7847706354590125e-05
0.129,89.98919244849178,90.0,0.21158102725675254,0.006380927805046846,4.859639114864386e-05,2.454202759010446e-05,11.999999999810758,0.0005735062015782452,0.0003299754954537546,1.577024941788056e-08,1.577024941788056e-08,0.3526350454279209,4.779218346560746e-05
0.1292,89.98923477202494,90.0,0.21165438283059052,0.005096608094442234,4.5605529017654106e-05,2.444591837373963e-05,11.999999999822618,0.0005728138638376545,0.00030966717234209585,1.478180412463157e-08,1.478180412463157e-08,0.3527573047176509,4.773448865384348e-05
0.12940000000000002,89.9892771087576,90.0,0.21171302296877795,0.003832466408346558,4.2659497597203e-05,2.4349779183632096e-05,11.999999999834284,0.0005720959234253897,0.00028966325528965005,1.38095972933021e-08,1.38095972933021e-08,0.35285503828129655,4.767466028610751e-05
0.1296,89.98931945576983,90.0,0.21175717885077353,0.002588261499805621,3.975776968803364e-05,2.4253616650475277e-05,11.999999999845759,0.0005713528350307976,0.0002699601645483766,1.285354211350651e-08,1.285354211350651e-08,0.3529286314179559,4.761273625317845e-05
0.1298,89.98936181018757,90.0,0.21178707889213516,0.0013637546984691664,3.689982367463746e-05,2.415743730067007e-05,11.999999999857039,0.0005705850476940036,0.0002505543582845754,1.1913547539454009e-08,1.1913547539454009e-08,0.3529784648202253,4.754875397506677e-05
0.13,89.98940416918227,90.0,0.21180294877403946,0.0001587098828743073,3.4085143465156025e-05,2.4061247557422656e-05,11.999999999868127,0.0005697930048661106,0.00023144233217081255,1.0989518491856417e-08,1.0989518491856417e-08,0.35300491462339906,4.7482750406031025e-05
0.1302,89.98944652997015,90.0,0.21180501147248282,-0.0010271065432742598,3.1313218440576056e-05,2.3965053742131254e-05,11.999999999879023,0.0005689771444713104,0.00021262061904094855,1.0081356056571736e-08,1.0081356056571736e-08,0.35300835245413803,4.741476203975387e-05
0.13040000000000002,89.98948888981184,90.0,0.21179348728721162,-0.0021939256779977528,2.8583543396461583e-05,2.3868862075483874e-05,11.999999999889733,0.0005681378989660675,0.00019408578849449226,9.188957674620552e-09,9.188957674620552e-09,0.35298914547868604,4.734482491427401e-05
0.1306,89.98953124601171,90.0,0.2117685938703438,-0.003341976145374736,2.589561849062682e-05,2.3772678678729534e-05,11.999999999900254,0.0005672756953992478,0.00017583444654129324,8.31221732814026e-09,8.31221732814026e-09,0.35294765645057297,4.727297461699693e-05
0.1308,89.98957359591743,90.0,0.21173054625471194,-0.00447148412054943,2.3248949189182153e-05,2.3676509574862702e-05,11.999999999910589,0.0005663909554710299,0.00015786323523518748,7.451025719939334e-09,7.451025719939334e-09,0.3528842437578532,4.7199246289604176e-05
0.131,89.9896159369194,90.0,0.21167955688191942,-0.00558267335433943,2.0643046213471084e-05,2.3580360689807812e-05,11.999999999920735,0.0005654840955913212,0.00014016883231369258,6.605270447626965e-09,6.605270447626965e-09,0.3527992614698657,4.712367463292137e-05
0.1312,89.98965826645028,90.0,0.21161583563011546,-0.006675765197805884,1.8077425487050076e-05,2.3484237853574836e-05,11.9999999999307,0.0005645555269374444,0.00012274795083799437,5.774836172186302e-09,5.774836172186302e-09,0.3526930593835258,4.704629391172539e-05
0.13140000000000002,89.9897005819844,90.0,0.21153958984148766,-0.007750978625719163,1.5551608085205708e-05,2.3388146801472674e-05,11.999999999940485,0.0005636056555118296,0.00010559733885016223,4.959604781937137e-09,4.959604781937137e-09,0.3525659830691461,4.696713795955207e-05
0.1316,89.98974288103734,90.0,0.2114510243494865,-0.0088085302617818,1.3065120180320888e-05,2.3292093175149186e-05,11.999999999950088,0.0005626348821977675,8.871377900217889e-05,4.159455549868109e-09,4.159455549868109e-09,0.3524183739158109,4.688624018334231e-05
0.1318,89.98978516116541,90.0,0.21135034150576065,-0.009848634400604683,1.0617492994785384e-05,2.3196082523862346e-05,11.99999999995951,0.0005616436028166342,7.209408823619707e-05,3.3742652882412226e-09,3.3742652882412226e-09,0.3522505691762678,4.680363356821077e-05
0.132,89.98982741996512,90.0,0.21123774120684013,-0.010871503032885366,8.208262746380276e-06,2.31001203054625e-05,11.999999999968754,0.0005606322081822193,5.5735117413693244e-05,2.6039084957512892e-09,2.6039084957512892e-09,0.3520629020114002,4.671935068197326e-05
0.1322,89.98986965507275,90.0,0.2111134209205317,-0.011877345867696341,5.836970600372926e-06,2.300421188757685e-05,11.99999999997782,0.0005596010841562829,3.963375099018654e-05,1.8482575019441278e-09,1.8482575019441278e-09,0.3518557015342195,4.6633423679776435e-05
0.13240000000000002,89.98991186416377,90.0,0.21097757571205833,-0.012866370355127167,3.5031626207440855e-06,2.290836254873616e-05,11.999999999986713,0.0005585506117031778,2.378690668406478e-05,1.1071826065771253e-09,1.1071826065771253e-09,0.35162929285343064,4.6545884308649686e-05
0.1326,89.9899540449525,90.0,0.21083039826993952,-0.013838781709985759,1.2063897188974579e-06,2.2812577479385916e-05,11.999999999995435,0.0005574811669430417,8.191535128316073e-06,3.80552213532525e-10,3.80552213532525e-10,0.3513839971165659,4.645676391193782e-05
0.1328,89.98999619519151,90.0,0.21067207893159992,-0.014794782934054507,-1.053792394295253e-06,2.271686178298411e-05,12.000000000003983,0.0005563931212052604,-7.155380455091225e-06,-3.317670387348335e-10,-3.317670387348335e-10,0.3511201315526666,4.636609343375631e-05
0.133,89.99003831267122,90.0,0.2105028057087234,-0.015734574837990678,-3.277823255658354e-06,2.2621220477099084e-05,12.00000000001236,0.0005552868410814904,-2.2256824575457964e-05,-1.0299101509165172e-09,-1.0299101509165172e-09,0.35083800951453903,4.627390342340987e-05
0.1332,89.99008039521944,90.0,0.21032276431235566,-0.01665835606394206,-5.466137698588185e-06,2.2525658494420675e-05,12.000000000020568,0.0005541626884775128,-3.7115749805228424e-05,-1.7140136414074042e-09,-1.7140136414074042e-09,0.35053794052059273,4.618022403971358e-05
0.13340000000000002,89.99012244070087,90.0,0.21013213817774803,-0.017566323107445547,-7.619165900294075e-06,2.2430180683800228e-05,12.00000000002861,0.0005530210206648858,-5.173507710076224e-05,-2.3842154285309905e-09,-2.3842154285309905e-09,0.3502202302962467,4.6085085055297275e-05
0.1336,89.9901644470167,90.0,0.20993110848895044,-0.018458670338620364,-9.73733342743013e-06,2.233479181131956e-05,12.000000000036488,0.000551862190332411,-6.61176961121799e-05,-3.0406547163407827e-09,-3.0406547163407827e-09,0.3498851808149174,4.5988515860894414e-05
0.1338,89.99020641210407,90.0,0.2097198542031614,-0.019335590024087856,-1.1821061283464349e-05,2.223949656127316e-05,12.000000000044203,0.0005506865456364442,-8.026646550500486e-05,-3.683471884936259e-09,-3.683471884936259e-09,0.3495330903386023,4.589054546953464e-05
0.134,89.99024833393578,90.0,0.20949855207482715,-0.020197272348540962,-1.3870765955268632e-05,2.214429953715052e-05,12.000000000051752,0.0005494944302507729,-9.418421327651542e-05,-4.312808384397744e-09,-4.312808384397744e-09,0.34916425345804525,4.579120252070026e-05
0.1342,89.99029021051972,90.0,0.20926737667949313,-0.02104390543525747,-1.5886859457278973e-05,2.20492052626761e-05,12.000000000059146,0.0005482861834165604,-0.00010787373705559798,-4.928806631733657e-09,-4.928806631733657e-09,0.3487789611324886,4.5690515284488165e-05
0.13440000000000002,89.99033203989846,90.0,0.2090265004374213,-0.02187567536699675,-1.7869749376589432e-05,2.195421818279163e-05,12.000000000066379,0.0005470621399913932,-0.0001213378044089406,-5.531609911787081e-09,-5.531609911787081e-09,0.3483775007290355,4.5588511665697256e-05
0.1346,89.99037382014887,90.0,0.20877609363696717,-0.022692766207271457,-1.9819838918960956e-05,2.185934266458057e-05,12.000000000073456,0.0005458226304974234,-0.00013457915315343862,-6.121362281989653e-09,-6.121362281989653e-09,0.34796015606161196,4.548521920784019e-05
0.1348,89.99041554938167,90.0,0.2085163244577138,-0.02349536001985913,-2.17375269507541e-05,2.176458299830814e-05,12.000000000080378,0.0005445679811700765,-0.00014760049164092294,-6.698208479339148e-09,-6.698208479339148e-09,0.347527207429523,4.5380665097202406e-05
0.135,89.99045722574097,90.0,0.2082473589933818,-0.024283636889777083,-2.362320804431818e-05,2.1669943398316923e-05,12.000000000087148,0.0005432985140051426,-0.00016040449906635804,-7.26229383182156e-09,-7.26229383182156e-09,0.3470789316556363,4.527487616676641e-05
0.13520000000000001,89.99049884740393,90.0,0.20796936127449933,-0.025057774943211708,-2.5477272520974463e-05,2.1575428003980225e-05,12.000000000093765,0.0005420145468059465,-0.00017299382575970316,-7.813764172386644e-09,-7.813764172386644e-09,0.34661560212416553,4.516787890014261e-05
0.13540000000000002,89.99054041258027,90.0,0.2076824932908438,-0.02581795036712886,-2.7300106493289965e-05,2.1481040880655435e-05,12.000000000100233,0.0005407163932301249,-0.00018537109347295657,-8.35276575591535e-09,-8.35276575591535e-09,0.346137488818073,4.505969943546737e-05
0.1356,89.990581919512,90.0,0.2073869150136585,-0.02656433742963643,-2.9092091909145485e-05,2.1386786020550722e-05,12.000000000106553,0.0005394043628352772,-0.00019753889567938296,-8.879445179847977e-09,-8.879445179847977e-09,0.3456448583560975,4.49503635692073e-05
0.1358,89.99062336647279,90.0,0.2070827844176364,-0.027297108498599953,-3.0853606591756816e-05,2.12926673437073e-05,12.000000000112728,0.0005380787611252003,-0.00020949979784526236,-9.393949306624976e-09,-9.393949306624976e-09,0.34513797402939395,4.4839896760012136e-05
0.136,89.99066475176782,90.0,0.20677025750269049,-0.028016434061736983,-3.25850242831868e-05,2.119868869883724e-05,12.000000000118757,0.000536739889594524,-0.00022125633772534248,-9.89642519013448e-09,-9.89642519013448e-09,0.3446170958378175,4.472832413243435e-05
0.13620000000000002,89.99070607373322,90.0,0.20644948831549398,-0.028722482744613583,-3.428671468298971e-05,2.11048538643057e-05,12.000000000124643,0.0005353880457741817,-0.00023281102562523883,-1.038702000357374e-08,-1.038702000357374e-08,0.34408248052582335,4.461567048071838e-05
0.1364,89.99074733073576,90.0,0.20612062897081418,-0.029415421331195013,-3.595904349285961e-05,2.1011166548882093e-05,12.000000000130392,0.0005340235232745562,-0.0002441663447046023,-1.086588097190039e-08,-1.086588097190039e-08,0.3435343816180236,4.4501960272396125e-05
0.1366,89.9907885211724,90.0,0.20578382967261094,-0.03009541478122568,-3.76023724539036e-05,2.0917630392722323e-05,12.000000000135998,0.0005326466118301897,-0.0002553247512302097,-1.1333155304801331e-08,-1.1333155304801331e-08,0.3429730494543516,4.438721765201276e-05
0.1368,89.99082964347001,90.0,0.20543923873493633,-0.03076262624910736,-3.921705938744944e-05,2.0824248968206602e-05,12.000000000141469,0.0005312575973429191,-0.0002662886748530518,-1.1788990133366194e-08,-1.1788990133366194e-08,0.3423987312248939,4.427146644472134e-05
0.137,89.9908706960849,90.0,0.2050870026026175,-0.03141721710283063,-4.0803458236012e-05,2.073102578074836e-05,12.000000000146802,0.000529856761924394,-0.00027706051888650124,-1.2233532449374836e-08,-1.2233532449374836e-08,0.3418116710043625,4.4154730159826004e-05
0.13720000000000002,89.99091167750247,90.0,0.2047272658717231,-0.032059346941537725,-4.2361919101094714e-05,2.063796426968984e-05,12.000000000152003,0.000528444383938958,-0.00028764266056298886,-1.2666929046153837e-08,-1.2666929046153837e-08,0.34121210978620514,4.403703199435535e-05
0.1374,89.99095258623692,90.0,0.20436017130982823,-0.03268917361387047,-4.3892788282858475e-05,2.054506780911101e-05,12.000000000157073,0.0005270207380454465,-0.00029803745130336005,-1.308932646241872e-08,-1.308932646241872e-08,0.3406002855163804,4.3918394836545676e-05
0.1376,89.99099342083073,90.0,0.20398585987606935,-0.033306853235669,-4.5396408318306186e-05,2.045233970866736e-05,12.00000000016201,0.0005255860952388681,-0.0003082472169761532,-1.3500870928046432e-08,-1.3500870928046432e-08,0.3399764331267822,4.379884126931435e-05
0.1378,89.9910341798545,90.0,0.2036044707409962,-0.033912540207742925,-4.687311801966898e-05,2.0359783214398857e-05,12.000000000166821,0.0005241407228914897,-0.0003182742581582462,-1.3901708312208058e-08,-1.3901708312208058e-08,0.33934078456832706,4.3678393573683603e-05
0.138,89.99107486190638,90.0,0.20321614130622045,-0.03450638723335819,-4.832325251216026e-05,2.0267401509538796e-05,12.000000000171504,0.0005226848847935717,-0.0003281208503912117,-1.4291984073554012e-08,-1.4291984073554012e-08,0.3386935688437007,4.355707373217512e-05
0.13820000000000002,89.9911154656119,90.0,0.2028210072238638,-0.03508854533508915,-4.974714327027733e-05,2.017519771535168e-05,12.000000000176062,0.0005212188411940051,-0.0003377892444278091,-1.4671843212156506e-08,-1.4671843212156506e-08,0.33803501203977304,4.343490343219649e-05
0.1384,89.99115598962352,90.0,0.20241920241581282,-0.035659163873176636,-5.1145118157655005e-05,2.0083174891826516e-05,12.000000000180497,0.0005197428488393835,-0.00034728166650259575,-1.504143022458607e-08,-1.504143022458607e-08,0.33736533735968804,4.3311904069297147e-05
0.1386,89.99119643262031,90.0,0.20201085909276403,-0.03621839056146192,-5.2517501461285e-05,1.9991336038543558e-05,12.00000000018481,0.0005182571610141912,-0.0003566003185642809,-1.540088905941951e-08,-1.540088905941951e-08,0.33668476515460666,4.318809675051746e-05
0.1388,89.99123679330764,90.0,0.20159610777308581,-0.03676637148448586,-5.386461392848874e-05,1.9899684095425415e-05,12.000000000189004,0.0005167620275796915,-0.00036574737852677544,-1.575036307553971e-08,-1.575036307553971e-08,0.335993512955143,4.306350229762936e-05
0.139,89.99127707041679,90.0,0.20117507730148498,-0.03730325111431515,-5.518677280328327e-05,1.980822194348821e-05,12.00000000019308,0.0005152576950124782,-0.000374725000516121,-1.6089995002198298e-08,-1.6089995002198298e-08,0.33529179550247507,4.293814125034898e-05
0.13920000000000002,89.99131726270463,90.0,0.2007478948674801,-0.037829172326743654,-5.648429186131685e-05,1.9716952405621574e-05,12.000000000197039,0.0005137444064429403,-0.0003835353151077071,-1.6419926900556642e-08,-1.6419926900556642e-08,0.33457982477913356,4.2812033869542055e-05
0.1394,89.99135736895333,90.0,0.20031468602368938,-0.03834427641794552,-5.775748144589035e-05,1.962587824731094e-05,12.000000000200885,0.0005122224016929158,-0.0003921804295708605,-1.6740300127365227e-08,-1.6740300127365227e-08,0.3338578100394823,4.268520014036175e-05
0.1396,89.99139738797001,90.0,0.19987557470392794,-0.03884870312015126,-5.900664850172484e-05,1.9535002177417523e-05,12.000000000204615,0.0005106919173135079,-0.0004006624280981317,-1.7051255299785954e-08,-1.7051255299785954e-08,0.3331259578398799,4.2557659775399996e-05
0.1398,89.9914373185864,90.0,0.19943068324112537,-0.039342590618494044,-6.023209661149342e-05,1.944432684884282e-05,12.000000000208235,0.0005091531866216093,-0.00040898337205335045,-1.7352932262716756e-08,-1.7352932262716756e-08,0.3323844720685423,4.2429432217731166e-05
0.14,89.99147715965857,90.0,0.1989801323850502,-0.03982607556652079,-6.143412602926257e-05,1.9353854859279745e-05,12.000000000211745,0.0005076064397368298,-0.0004171453001986965,-1.7645470056922925e-08,-1.7645470056922925e-08,0.33163355397508365,4.23005366439894e-05
0.14020000000000002,89.99151691006655,90.0,0.19852404131985663,-0.040299293101455136,-6.261303371338144e-05,1.9263588751963735e-05,12.000000000215149,0.0005060519036181205,-0.0004251502289180222,-1.7929006888648953e-08,-1.7929006888648953e-08,0.330873402199761,4.2170991967420624e-05
0.1404,89.99155656871405,90.0,0.19806252768145668,-0.04076237685992656,-6.376911336048886e-05,1.917353101636615e-05,12.000000000218444,0.000504489802099602,-0.00043300015244776395,-1.8203680101124454e-08,-1.8203680101124454e-08,0.3301042128024278,4.2040816840868204e-05
0.1406,89.99159613452817,90.0,0.19759570757471184,-0.041215458993803744,-6.49026554397927e-05,1.9083684088858714e-05,12.000000000221636,0.0005029203559258385,-0.0004406970431097036,-1.8469626147675267e-08,-1.8469626147675267e-08,0.32932617929118635,4.191002965971248e-05
0.1408,89.99163560645907,90.0,0.19712369559044354,-0.04165867018541881,-6.601394722595421e-05,1.8994050353406884e-05,12.000000000224723,0.0005013437827870442,-0.00044824285153425707,-1.8726980565935624e-08,-1.8726980565935624e-08,0.32853949265073923,4.177864856480463e-05
0.14100000000000001,89.9916749834797,90.0,0.19664660482226906,-0.04209213966183762,-6.710327282976983e-05,1.890463214232098e-05,12.000000000227711,0.0004997602973544807,-0.00045563950686880754,-1.8975877952906932e-08,-1.8975877952906932e-08,0.3277443413704484,4.164669144541644e-05
0.14120000000000002,89.99171426458545,90.0,0.19616454688327392,-0.04251599521103372,-6.817091323332935e-05,1.881543173683398e-05,12.000000000230596,0.0004981701113140988,-0.00046288891701643393,-1.921645194264236e-08,-1.921645194264236e-08,0.3269409114721233,4.151417594204382e-05
0.1414,89.99175344879392,90.0,0.19567763192249926,-0.04293036319567156,-6.921714631961467e-05,1.8726451367852664e-05,12.000000000233385,0.0004965734334013352,-0.0004699929688368898,-1.9448835183773504e-08,-1.9448835183773504e-08,0.3261293865374988,4.138111944930645e-05
0.1416,89.99179253514457,90.0,0.19518596864127083,-0.043335368568445776,-7.024224690576135e-05,1.8637693216564316e-05,12.000000000236078,0.0004949704694344074,-0.00047695352837245366,-1.9673159319355497e-08,-1.9673159319355497e-08,0.3253099477354514,4.1247539118722484e-05
0.1418,89.99183152269845,90.0,0.19468966430935283,-0.04373113488575419,-7.124648677245275e-05,1.8549159415158938e-05,12.000000000238675,0.0004933614223482918,-0.00048377244104751875,-1.9889554966946817e-08,-1.9889554966946817e-08,0.32448277384892144,4.1113451861539916e-05
0.14200000000000002,89.99187041053794,90.0,0.19418882478094443,-0.04411778432328305,-7.223013469780944e-05,1.8460852047378185e-05,12.000000000241178,0.0004917464922269522,-0.0004904515318987062,-2.0098151701139725e-08,-2.0098151701139725e-08,0.32364804130157415,4.0978874351422413e-05
0.1422,89.99190919776647,90.0,0.19368355451049848,-0.0444954376895676,-7.31934564865739e-05,1.8372773149208707e-05,12.000000000243588,0.0004901258763364948,-0.0004969926057730327,-2.0299078036026757e-08,-2.0299078036026757e-08,0.32280592418416415,4.0843823027212146e-05
0.1424,89.99194788350819,90.0,0.19317395656838426,-0.04486421443969025,-7.41367149996414e-05,1.8284924709546626e-05,12.000000000245908,0.0004884997691578075,-0.0005033974475284293,-2.0492461408935662e-08,-2.0492461408935662e-08,0.32195659428064044,4.070831409564975e-05
0.1426,89.9919864669077,90.0,0.1926601326563935,-0.04522423268982545,-7.506017018559555e-05,1.819730867077534e-05,12.000000000248141,0.0004868683624181904,-0.000509667822247871,-2.0678428165827927e-08,-2.0678428165827927e-08,0.32110022109398917,4.057236353401023e-05
0.1428,89.99202494712989,90.0,0.19214218312307987,-0.04557560923084192,-7.59640791100664e-05,1.810992692940108e-05,12.000000000250285,0.0004852318451231921,-0.0005158054754387226,-2.0857103547213042e-08,-2.0857103547213042e-08,0.3202369718717998,4.0435987092755964e-05
0.14300000000000002,89.9920633233595,90.0,0.1916202069789425,-0.04591845954239731,-7.684869598626486e-05,1.802278133663072e-05,12.000000000252342,0.000483590403587686,-0.0005218121332400701,-2.1028611675434204e-08,-2.1028611675434204e-08,0.3193670116315709,4.02992002981264e-05
0.1432,89.992101594801,90.0,0.19109430191144827,-0.04625289780574188,-7.771427220252423e-05,1.7935873699036256e-05,12.000000000254317,0.0004819442214674053,-0.0005276895026097325,-2.119307554219834e-08,-2.119307554219834e-08,0.3184905031857471,4.016201845476595e-05
0.1434,89.99213976067824,90.0,0.19056456429990684,-0.046579036917738126,-7.85610563527084e-05,1.7849205779103685e-05,12.000000000256207,0.00048029347978924205,-0.0005334392715307361,-2.135061699785545e-08,-2.135061699785545e-08,0.31760760716651143,4.0024456648248954e-05
0.1436,89.9921778202342,90.0,0.19003108923018577,-0.04689698850394591,-7.938929426446041e-05,1.776277929583972e-05,12.000000000258016,0.00047863835698176124,-0.0005390631092031264,-2.150135674107637e-08,-2.150135674107637e-08,0.3167184820503096,3.988652974762249e-05
0.1438,89.99221577273082,90.0,0.18949397050927527,-0.047206862931853555,-8.019922902781625e-05,1.7676595925349582e-05,12.000000000259746,0.0004769790289052108,-0.0005445626662382586,-2.1645414309561223e-08,-2.1645414309561223e-08,0.31582328418212546,3.97482524079072e-05
0.14400000000000002,89.99225361744858,90.0,0.18895330067970148,-0.047508769323541755,-8.099110102251704e-05,1.759065730144367e-05,12.000000000261394,0.0004753156688815163,-0.0005499395748442516,-2.1782908071318183e-08,-2.1782908071318183e-08,0.31492216779950244,3.960963907259688e-05
0.1442,89.9922913536864,90.0,0.18840917103379468,-0.04780281556885563,-8.17651479465318e-05,1.7504965016186505e-05,12.000000000262968,0.000473648447723534,-0.0005551954490196605,-2.1913955217130834e-08,-2.1913955217130834e-08,0.3140152850563245,3.94707039760962e-05
0.1444,89.99232898076131,90.0,0.18786167162780676,-0.048089108338366104,-8.252160484411223e-05,1.7419520620445586e-05,12.000000000264464,0.0004719775337640436,-0.000560331884743972,-2.2038671753749153e-08,-2.2038671753749153e-08,0.3131027860463446,3.933146114613682e-05
0.1446,89.99236649800828,90.0,0.18731089129587977,-0.04836775309576857,-8.326070413255519e-05,1.733432562446924e-05,12.000000000265885,0.0004703030928847314,-0.0005653504601593254,-2.2157172497570466e-08,-2.2157172497570466e-08,0.31218481882646626,3.9191924406192575e-05
0.1448,89.99240390477985,90.0,0.18675691766387295,-0.0486388541100834,-8.398267562852465e-05,1.724938149846439e-05,12.000000000267235,0.0004686252885449288,-0.0005702527357492415,-2.226957106900601e-08,-2.226957106900601e-08,0.31126152943978824,3.905210737787439e-05
0.14500000000000002,89.99244120044601,90.0,0.18619983716304955,-0.048902514469082115,-8.468774657726148e-05,1.71646896730588e-05,12.00000000026851,0.0004669442818091259,-0.0005750402545369607,-2.2375979888340823e-08,-2.2375979888340823e-08,0.3103330619384159,3.8912023483223134e-05
0.1452,89.99247838439392,90.0,0.18563973504361006,-0.04915883609036725,-8.537614167633217e-05,1.708025153993666e-05,12.000000000269718,0.0004652602313756961,-0.0005797145422467,-2.2476510170957754e-08,-2.2476510170957754e-08,0.3093995584060168,3.877168594710322e-05
0.1454,89.99251545602766,90.0,0.18507669538809846,-0.04940791973440678,-8.604808310396728e-05,1.6996068452300802e-05,12.000000000270855,0.00046357329360392584,-0.0005842771074960742,-2.257127192443472e-08,-2.257127192443472e-08,0.3084611589801641,3.86311077994552e-05
0.1456,89.99255241476803,90.0,0.18451080112465895,-0.0496498650159387,-8.670379054361355e-05,1.691214172545053e-05,12.000000000271925,0.00046188362254177216,-0.0005887294419628081,-2.2660373945384658e-08,-2.2660373945384658e-08,0.3075180018744317,3.8490301877608806e-05
0.1458,89.99258926005226,90.0,0.18394213404016266,-0.04988477041625933,-8.734348121057235e-05,1.6828472637272736e-05,12.000000000272927,0.0004601913699526554,-0.0005930730205656148,-2.2743923817486853e-08,-2.2743923817486853e-08,0.3065702234002711,3.834928082851574e-05
0.14600000000000002,89.99262599133388,90.0,0.18337077479319255,-0.05011273329495931,-8.796736987736996e-05,1.674506242876189e-05,12.000000000273864,0.0004584966853422571,-0.0005973093016364628,-2.282202790984721e-08,-2.282202790984721e-08,0.3056179579886542,3.820805711098277e-05
0.1462,89.9926626080824,90.0,0.18279680292689485,-0.05033384990147232,-8.857566889871085e-05,1.6661912304540105e-05,12.000000000274738,0.0004567997159850852,-0.0006014397270900121,-2.2894791375881214e-08,-2.2894791375881214e-08,0.3046613382114914,3.806664299788557e-05
0.1464,89.99269910978315,90.0,0.18222029688169755,-0.05054821538643872,-8.91685882360196e-05,1.6579023433377114e-05,12.000000000275548,0.0004551006069508118,-0.0006054657225902566,-2.296231815270087e-08,-2.296231815270087e-08,0.3037004948028293,3.792505057836347e-05
0.1466,89.992735495937,90.0,0.18164133400789895,-0.05075592381395333,-8.974633548407057e-05,1.6496396948623652e-05,12.000000000276296,0.0004533995011296482,-0.0006093886977313435,-2.302471096158962e-08,-2.302471096158962e-08,0.3027355566798316,3.778329175993407e-05
0.1468,89.99277176606023,90.0,0.18105999057811606,-0.050957068172196585,-9.030911589386032e-05,1.641403394876035e-05,12.000000000276984,0.00045169653925846315,-0.0006132100461928788,-2.3082071308121027e-08,-2.3082071308121027e-08,0.30176665096352673,3.764137827066976e-05
0.14700000000000002,89.99280791968427,90.0,0.18047634179961056,-0.051151740384960565,-9.085713239759179e-05,1.6331935497859953e-05,12.000000000277613,0.0004499918599459519,-0.000616931145909574,-2.3134499483334514e-08,-2.3134499483334514e-08,0.30079390299935094,3.7499321661295135e-05
0.1472,89.99284395635544,90.0,0.1798904618264837,-0.051340031322281154,-9.139058563158925e-05,1.6250102626107375e-05,12.000000000278185,0.00044828559969807146,-0.0006205533592268407,-2.3182094564934013e-08,-2.3182094564934013e-08,0.2998174363774728,3.735713330730661e-05
0.1474,89.99287987563483,90.0,0.17930242377174838,-0.05152203081196505,-9.190967396132524e-05,1.616853633023302e-05,12.0000000002787,0.0004465778929425263,-0.0006240780330707271,-2.3224954419497395e-08,-2.3224954419497395e-08,0.298837372952914,3.721482441101288e-05
0.1476,89.99291567709803,90.0,0.17871229971927,-0.051697827650577656,-9.24145935052078e-05,1.608723757397504e-05,12.000000000279158,0.00044486887205327384,-0.0006275064991094358,-2.3263175704868275e-08,-2.3263175704868275e-08,0.29785383286545,3.7072406003577065e-05
0.14780000000000001,89.99295136033491,90.0,0.17812016073558073,-0.05186750961354452,-9.290553815631546e-05,1.600620728859933e-05,12.000000000279563,0.0004431586673753045,-0.0006308400739009076,-2.3296853872529323e-08,-2.3296853872529323e-08,0.29686693455930124,3.692988894708169e-05
0.14800000000000002,89.99298692494955,90.0,0.17752607688157865,-0.052031163466867404,-9.33826996079253e-05,1.5925446373275122e-05,12.000000000279913,0.0004414474072479924,-0.0006340800590661595,-2.3326083171323395e-08,-2.3326083171323395e-08,0.29587679480263107,3.67872839364746e-05
0.1482,89.99302237055986,90.0,0.17693011722409233,-0.052188874976521527,-9.384626737364157e-05,1.584495569562387e-05,12.000000000280211,0.0004397352180296913,-0.0006372277414259614,-2.3350956650330808e-08,-2.3350956650330808e-08,0.29488352870682055,3.664460150161859e-05
0.1484,89.99305769679746,90.0,0.17633234984733773,-0.0523407289194788,-9.429642881134252e-05,1.5764736092123727e-05,12.000000000280458,0.0004380222241209147,-0.000640284393163437,-2.337156616306701e-08,-2.337156616306701e-08,0.2938872497455629,3.650185200922312e-05
0.1486,89.99309290330756,90.0,0.17573284186424895,-0.05248680909455433,-9.47333691467342e-05,1.568478836851399e-05,12.000000000280657,0.0004363085479872975,-0.0006432512719839978,-2.3388002371979685e-08,-2.3388002371979685e-08,0.29288806977374826,3.635904566475776e-05
0.14880000000000002,89.99312798974861,90.0,0.17513165942768477,-0.052627198331659186,-9.515727149319825e-05,1.5605113300315128e-05,12.000000000280803,0.00043459431018333025,-0.0006461296212501117,-2.3400354752469823e-08,-2.3400354752469823e-08,0.2918860990461413,3.621619251443005e-05
0.149,89.99316295579229,90.0,0.17452886774152895,-0.05276197850303586,-9.556831687629169e-05,1.5525711633175457e-05,12.000000000280906,0.0004328796293744314,-0.0006489206701476597,-2.3408711598362578e-08,-2.3408711598362578e-08,0.2908814462358816,3.6073302447024854e-05
0.1492,89.99319780112313,90.0,0.17392453107166198,-0.052891230532182976,-9.596668425286508e-05,1.5446584083391154e-05,12.00000000028096,0.00043116462236027675,-0.0006516256338157507,-2.3413160026488832e-08,-2.3413160026488832e-08,0.28987421845276995,3.593038519584848e-05
0.1494,89.9932325254385,90.0,0.1733187127568305,-0.05301503440512386,-9.635255053567644e-05,1.5367731338224054e-05,12.000000000280966,0.00042944940409622836,-0.0006542457135138525,-2.3413785982871437e-08,-2.3413785982871437e-08,0.2888645212613842,3.578745034051444e-05
0.1496,89.99326712844831,90.0,0.1727114752193879,-0.05313346917900819,-9.6726090611791e-05,1.528915405642166e-05,12.000000000280927,0.0004277340877162652,-0.0006567820967467291,-2.3410674247813444e-08,-2.3410674247813444e-08,0.28785245869897985,3.564450730885431e-05
0.14980000000000002,89.99330160987485,90.0,0.17210287997593576,-0.053246612992351894,-9.70874773648266e-05,1.5210852868592715e-05,12.000000000280846,0.00042601878455451257,-0.0006592359574154893,-2.340390844218369e-08,-2.340390844218369e-08,0.28683813329322627,3.550156537871184e-05
0.15,89.99333596945266,90.0,0.17149298764784865,-0.053354543075469385,-9.743688169766721e-05,1.5132828377553884e-05,12.000000000280723,0.00042430360416632364,-0.0006616084559718145,-2.3393571034099187e-08,-2.3393571034099187e-08,0.28582164607974775,3.535863367969981e-05
0.1502,89.99337020692828,90.0,0.17088185797167899,-0.053457335758606256,-9.777447254981985e-05,1.5055081158849768e-05,12.000000000280558,0.000422588654350632,-0.0006639007395358139,-2.3379743344689138e-08,-2.3379743344689138e-08,0.28480309661946496,3.521572119506266e-05
0.1504,89.99340432206013,90.0,0.17026954980946896,-0.05355506648207453,-9.810041691946769e-05,1.4977611761099583e-05,12.00000000028035,0.00042087404117066693,-0.0006661139420457683,-2.336250555519802e-08,-2.336250555519802e-08,0.2837825830157816,3.5072836763402856e-05
0.1506,89.99343831461833,90.0,0.1696561211589461,-0.053647809806580175,-9.841487988599127e-05,1.490042070631495e-05,12.000000000280103,0.0004191598689742221,-0.000668249184411052,-2.33419367144441e-08,-2.33419367144441e-08,0.2827602019315768,3.492998908036984e-05
0.15080000000000002,89.99347218438447,90.0,0.16904162916360083,-0.053735639420899206,-9.871802462631001e-05,1.4823508490419918e-05,12.000000000279819,0.0004174462404154442,-0.0006703075746230928,-2.331811474515667e-08,-2.331811474515667e-08,0.2817360486060014,3.4787186700475844e-05
0.151,89.99350593115155,90.0,0.1684261301226757,-0.05381862815191732,-9.901001243676312e-05,1.474687558356874e-05,12.000000000279492,0.0004157332564747462,-0.0006722902079039472,-2.3291116451790206e-08,-2.3291116451790206e-08,0.2807102168711262,3.464443803875528e-05
0.1512,89.99353955472367,90.0,0.16780967950103992,-0.05389684797379868,-9.929100275297307e-05,1.4670522430521453e-05,12.000000000279133,0.0004140210164790157,-0.0006741981668411753,-2.326101752811496e-08,-2.326101752811496e-08,0.27968279916839983,3.450175137244876e-05
0.1514,89.993573054916,90.0,0.16719233193895877,-0.05397037001665306,-9.956115316855297e-05,1.4594449451048334e-05,12.000000000278735,0.00041230961812188774,-0.0006760325215148659,-2.3227892564774732e-08,-2.3227892564774732e-08,0.2786538865649313,3.4359134842692555e-05
0.1516,89.99360643155451,90.0,0.16657414126176362,-0.054039264575418966,-9.982061945433465e-05,1.4518657040305468e-05,12.000000000278302,0.0004105991574836009,-0.0006777943296281983,-2.31918150571705e-08,-2.31918150571705e-08,0.2776235687696061,3.4216596456173195e-05
0.15180000000000002,89.9936396844759,90.0,0.16595516048942033,-0.054103601119315635,-0.00010006955557894282,1.444314556915253e-05,12.000000000277833,0.00040888972905018584,-0.0006794846366471427,-2.3152857413831796e-08,-2.3152857413831796e-08,0.2765919341490339,3.407414408672658e-05
0.152,89.99367281352737,90.0,0.16533544184598914,-0.05416344830007803,-0.00010030811372654147,1.436791538455726e-05,12.000000000277332,0.00040718142573320515,-0.0006811044759209607,-2.3111090964362902e-08,-2.3111090964362902e-08,0.27555906974331523,3.39317854769829e-05
0.1522,89.9937058185665,90.0,0.16471503676899044,-0.05421887396077034,-0.00010053644431594774,1.4292966809942126e-05,12.000000000276799,0.0004054743388888394,-0.0006826548688119909,-2.3066585967867052e-08,-2.3066585967867052e-08,0.2745250612816507,3.378952823995721e-05
0.1524,89.99373869946105,90.0,0.16409399591866952,-0.05426994514410364,-0.0001007546960186024,1.4218300145559897e-05,12.000000000276234,0.0004037685583370445,-0.0006841368248176708,-2.3019411621296282e-08,-2.3019411621296282e-08,0.27348999319778255,3.3647379860645825e-05
0.1526,89.99377145608885,90.0,0.16347236918716573,-0.0543167281009752,-0.000100963015777074,1.4143915668840329e-05,12.000000000275636,0.00040206417238029894,-0.0006855513416961816,-2.2969636068078963e-08,-2.2969636068078963e-08,0.2724539486452762,3.350534769758864e-05
0.15280000000000002,89.99380408833767,90.0,0.16285020570758457,-0.05435928829922749,-0.00010116154882409192,1.406981363470794e-05,12.000000000275008,0.0004003612678219372,-0.000686899405595686,-2.2917326407010125e-08,-2.2917326407010125e-08,0.2714170095126409,3.336343898439683e-05
0.153,89.99383659610498,90.0,0.16222755386296836,-0.054397690431910346,-0.00010135043870043421,1.3995994275928706e-05,12.000000000274351,0.00039865992998455567,-0.000688181991175788,-2.2862548701041613e-08,-2.2862548701041613e-08,0.27037925643828054,3.322166083128677e-05
0.1532,89.99386897929786,90.0,0.16160446129517322,-0.05443199842470181,-0.00010152982727086327,1.3922457803514504e-05,12.000000000273666,0.0003969602427287475,-0.0006894000617157384,-2.280536798580433e-08,-2.280536798580433e-08,0.26934076882528873,3.308002022664122e-05
0.1534,89.99390123783287,90.0,0.1609809749136604,-0.05446227544534082,-0.00010169985474477863,1.3849204406954236e-05,12.000000000272951,0.000395262288470215,-0.0006905545692546699,-2.2745848279246323e-08,-2.2745848279246323e-08,0.26830162485610065,3.293852403843537e-05
0.15360000000000001,89.99393337163588,90.0,0.16035714090417985,-0.05448858391077833,-0.00010186065969155291,1.3776234254618297e-05,12.000000000272209,0.00039356614819817273,-0.0006916464546957297,-2.268405259027879e-08,-2.268405259027879e-08,0.26726190150696644,3.279717901577042e-05
0.15380000000000002,89.99396538064188,90.0,0.1597330047373719,-0.05451098549563422,-0.00010201237905893365,1.370354749404746e-05,12.000000000271442,0.000391871901492624,-0.0006926766479310311,-2.26200429281775e-08,-2.26200429281775e-08,0.2662216745622865,3.265599179031332e-05
0.154,89.99399726479493,90.0,0.1591086111772718,-0.05452954113945402,-0.00010215514818865452,1.3631144252328451e-05,12.000000000270646,0.00039017962654221,-0.0006936460679476543,-2.2553880311515335e-08,-2.2553880311515335e-08,0.26518101862878635,3.251496887778416e-05
0.1542,89.99402902404796,90.0,0.15848400428973122,-0.05454431105526955,-0.00010228910083510849,1.355902463635396e-05,12.000000000269829,0.00038848940016093016,-0.0006945556229544404,-2.2485624777825375e-08,-2.2485624777825375e-08,0.26414000714955205,3.237411667934956e-05
0.1544,89.99406065836264,90.0,0.157859227450742,-0.054555354737313315,-0.00010241436918205769,1.3487188733140425e-05,12.000000000268983,0.000386801297805187,-0.0006954062104954535,-2.241533539294993e-08,-2.241533539294993e-08,0.2630987124179033,3.223344148304306e-05
0.15460000000000002,89.99409216770925,90.0,0.1572343233546708,-0.054562730968253155,-0.00010253108385823616,1.3415636610174714e-05,12.000000000268116,0.00038511539359092374,-0.0006961987175559247,-2.2343070260254648e-08,-2.2343070260254648e-08,0.262057205591118,3.209294946519326e-05
0.15480000000000002,89.99412355206655,90.0,0.15660933402241173,-0.05456649782666705,-0.00010263937395352731,1.3344368315731917e-05,12.000000000267228,0.00038343176031037363,-0.0006969340206720992,-2.2268886530044872e-08,-2.2268886530044872e-08,0.2610155567040196,3.195264669181958e-05
0.155,89.99415481142161,90.0,0.15598430080945264,-0.05456671269510878,-0.00010273936703653583,1.3273383879135346e-05,12.000000000266315,0.00038175046944816956,-0.000697612986050552,-2.2192840409335608e-08,-2.2192840409335608e-08,0.25997383468242113,3.1812539119974784e-05
0.1552,89.99418594576974,90.0,0.15535926441384942,-0.05456343226768906,-0.00010283118917104225,1.3202683311045442e-05,12.00000000026538,0.0003800715911975404,-0.0006982364696799167,-2.2114987171460852e-08,-2.2114987171460852e-08,0.2589321073564157,3.167263259909459e-05
0.1554,89.9942169551143,90.0,0.15473426488411318,-0.05455671255646996,-0.00010291496492969627,1.313226660383534e-05,12.000000000264425,0.0003783951944770963,-0.0006988053174238637,-2.2035381165200433e-08,-2.2035381165200433e-08,0.25789044147352197,3.1532932872396514e-05
0.15560000000000002,89.9942478394666,90.0,0.15410934162702447,-0.05454660889988844,-0.0001029908174124662,1.3062133731793098e-05,12.000000000263448,0.0003767213469460106,-0.0006993203651463755,-2.1954075824911233e-08,-2.1954075824911233e-08,0.25684890271170746,3.139344557814501e-05
0.1558,89.99427859884577,90.0,0.15348453341535068,-0.05453317596891344,-0.0001030588682598045,1.299228465149727e-05,12.000000000262453,0.00037505011502051317,-0.0006997824388011417,-2.1871123679663605e-08,-2.1871123679663605e-08,0.2558075556922511,3.125417625102587e-05
0.156,89.99430923327866,90.0,0.15285987839549314,-0.05451646777523639,-0.00010311923767057888,1.2922719302019133e-05,12.000000000261439,0.00037338156388878473,-0.0007001923545533136,-2.17865763633659e-08,-2.17865763633659e-08,0.25476646399248853,3.11151303233875e-05
0.1562,89.99433974279962,90.0,0.1522354140950402,-0.054496537677553976,-0.00010317204441555817,1.2853437605269357e-05,12.000000000260407,0.00037171575752692015,-0.000700550918871074,-2.1700484624057527e-08,-2.1700484624057527e-08,0.25372569015840035,3.097631312657114e-05
0.1564,89.99437012745052,90.0,0.15161117743024852,-0.05447343838917168,-0.00010321740585399718,1.278443946622914e-05,12.000000000259355,0.0003700527587137836,-0.0007008589286382525,-2.1612898333847227e-08,-2.1612898333847227e-08,0.2526852957170808,3.0837729892148806e-05
0.15660000000000002,89.99440038728052,90.0,0.15098720471343702,-0.05444722198406493,-0.00010325543794662992,1.2715724773296877e-05,12.000000000258286,0.00036839262904669846,-0.0007011171712425489,-2.1523866498188964e-08,-2.1523866498188964e-08,0.25164534118906173,3.069938575323077e-05
0.1568,89.99443052234595,90.0,0.1503635316603116,-0.054417939904974046,-0.00010328625527342839,1.2647293398461499e-05,12.000000000257202,0.0003667354289555397,-0.0007013264246961188,-2.143343726610612e-08,-2.143343726610612e-08,0.25060588610051937,3.056128574563994e-05
0.157,89.99446053271028,90.0,0.14974019339719719,-0.05438564296888397,-0.00010330997104526207,1.2579145197678046e-05,12.000000000256101,0.00036508121771839134,-0.0007014874577147426,-2.1341657939267596e-08,-2.1341657939267596e-08,0.24956698899532867,3.0423434809216657e-05
0.1572,89.99449041844392,90.0,0.14911722446820655,-0.054350381375257495,-0.00010332669712200488,1.2511280011012111e-05,12.000000000254982,0.00036343005347512443,-0.000701601029840774,-2.1248574982318072e-08,-2.1248574982318072e-08,0.24852870744701092,3.0285837788950175e-05
0.1574,89.99452017962413,90.0,0.14849465884231533,-0.05431220471093981,-0.00010333654402287506,1.2443697663044307e-05,12.000000000253852,0.0003617819932430295,-0.0007016678915133493,-2.1154234031746934e-08,-2.1154234031746934e-08,0.24749109807052558,3.014849943628135e-05
0.15760000000000002,89.9945498163349,90.0,0.14787252992038052,-0.054271161958181935,-0.0001033396209440755,1.2376397963014706e-05,12.000000000252705,0.0003601370929301362,-0.0007016887841881671,-2.1058679906157214e-08,-2.1058679906157214e-08,0.24645421653396754,3.001142441021268e-05
0.1578,89.99457932866687,90.0,0.14725087054206729,-0.0542273015004044,-0.00010333603577116578,1.2309380705140639e-05,12.000000000251543,0.00035849540734985184,-0.0007016644404214961,-2.096195661554477e-08,-2.096195661554477e-08,0.24541811757011214,2.9874617278528092e-05
0.158,89.99460871671717,90.0,0.14662971299270933,-0.05418067112928929,-0.00010332589509455016,1.2242645668818914e-05,12.00000000025037,0.0003568569902345014,-0.0007015955839753407,-2.0864107371169475e-08,-2.0864107371169475e-08,0.2443828549878489,2.973808251892132e-05
0.1582,89.99463798058935,90.0,0.14600908901008866,-0.054131318050338384,-0.00010330930422139255,1.2176192618943612e-05,12.000000000249182,0.00035522189424971184,-0.0007014829298983446,-2.0765174594762792e-08,-2.0765174594762792e-08,0.24334848168348108,2.9601824520194633e-05
0.1584,89.99466712039323,90.0,0.14538902979115112,-0.054079288890118454,-0.00010328636719148588,1.2110021306079428e-05,12.000000000247983,0.0003535901710074571,-0.0007013271846335462,-2.0665199928469117e-08,-2.0665199928469117e-08,0.24231504965191852,2.9465847583345838e-05
0.15860000000000002,89.99469613624484,90.0,0.14476956599863905,-0.054024629701258764,-0.00010325718678787968,1.204413146680834e-05,12.000000000246771,0.00035196187108043546,-0.0007011290460905412,-2.056422424381609e-08,-2.056422424381609e-08,0.24128260999773177,2.9330155922766467e-05
0.1588,89.99472502826627,90.0,0.14415072776766694,-0.05396738597021128,-0.00010322186455397569,1.1978522823845182e-05,12.000000000245548,0.00035033704401438056,-0.0007008892037615634,-2.046228765186621e-08,-2.046228765186621e-08,0.24025121294611151,2.9194753667267655e-05
0.159,89.9947537965856,90.0,0.1435325447122078,-0.053907602622399686,-0.00010318050080453276,1.1913195086355423e-05,12.000000000244313,0.0003487157383419416,-0.0007006083387962102,-2.035942951223896e-08,-2.035942951223896e-08,0.23922090785367967,2.9059644861236828e-05
0.1592,89.99478244133677,90.0,0.14291504593152088,-0.05384532402870679,-0.00010313319463981043,1.1848147950157395e-05,12.00000000024307,0.000347098001595477,-0.0007002871240974783,-2.025568844269625e-08,-2.025568844269625e-08,0.23819174321920145,2.8924833465703856e-05
0.15940000000000001,89.9948109626595,90.0,0.14229826001650475,-0.053780594010792854,-0.000103080043956991,1.1783381098011205e-05,12.000000000241812,0.00034548388032045943,-0.0006999262243993217,-2.0151102328221124e-08,-2.0151102328221124e-08,0.23716376669417458,2.8790323359458134e-05
0.15960000000000002,89.99483936069917,90.0,0.14168221505598977,-0.053713455848104885,-0.00010302114546556452,1.171889419976317e-05,12.000000000240547,0.0003438734200875441,-0.0006995262963711172,-2.004570833079059e-08,-2.004570833079059e-08,0.2361370250933163,2.8656118340054246e-05
0.1598,89.99486763560674,90.0,0.14106693864294992,-0.05364395228299734,-0.0001029565946983115,1.165468691263472e-05,12.000000000239275,0.0003422666655057304,-0.0006990879886922387,-1.993954289833577e-08,-1.993954289833577e-08,0.23511156440491654,2.8522222124908814e-05
0.16,89.9948957875386,90.0,0.14045245788065638,-0.05357212552648205,-0.0001028864860237658,1.1590758881453521e-05,12.000000000237993,0.00034066366023492993,-0.0006986119421366815,-1.9832641773949582e-08,-1.9832641773949582e-08,0.23408742980109398,2.8388638352347805e-05
0.1602,89.99492381665658,90.0,0.13983879938876484,-0.05349801726530653,-0.00010281091266179359,1.1527109738769036e-05,12.0000000002367,0.00033906444699743606,-0.0006980987896788455,-1.972504000561402e-08,-1.972504000561402e-08,0.2330646656479414,2.8255370582562334e-05
0.16040000000000001,89.99495172312771,90.0,0.1392259893093219,-0.053421668665722066,-0.00010272996669144655,1.1463739105228084e-05,12.000000000235401,0.0003374690675914694,-0.0006975491565468594,-1.9616771954538894e-08,-1.9616771954538894e-08,0.2320433155155365,2.8122422298737445e-05
0.16060000000000002,89.99497950712427,90.0,0.13861405331272827,-0.05334312038038868,-0.00010264373906615536,1.140064658969041e-05,12.000000000234095,0.0003358775629024338,-0.0006969636603257464,-1.9507871304767057e-08,-1.9507871304767057e-08,0.23102342218788047,2.7989796907990127e-05
0.1608,89.99500716882359,90.0,0.13800301660362294,-0.053262412554104216,-0.00010255231962618675,1.1337831789430907e-05,12.000000000232781,0.0003342899729147743,-0.0006963429110420089,-1.939837107225939e-08,-1.939837107225939e-08,0.2300050276727049,2.7857497742357467e-05
0.161,89.99503470840799,90.0,0.13739290392670153,-0.053179584828375544,-0.00010245579710840422,1.1275294290428521e-05,12.00000000023146,0.0003327063367244605,-0.0006956875112299053,-1.9288303613482857e-08,-1.9288303613482857e-08,0.2289881732111692,2.772552805983693e-05
0.1612,89.99506212606472,90.0,0.13678373957248244,-0.0530946763480485,-0.00010235425916084983,1.1213033667481803e-05,12.000000000230132,0.0003311266925499029,-0.0006949980560304619,-1.9177700634797128e-08,-1.9177700634797128e-08,0.22797289928747075,2.7593891045296055e-05
0.16140000000000002,89.99508942198582,90.0,0.13617554738299703,-0.053007725765700175,-0.00010224779235210707,1.1151049484497817e-05,12.000000000228798,0.00032955107774421523,-0.0006942751332550481,-1.9066593200903944e-08,-1.9066593200903944e-08,0.22695924563832842,2.7462589811494318e-05
0.16160000000000002,89.99511659636808,90.0,0.13556835075742943,-0.05291877124773722,-0.00010213648218465992,1.1089341294636582e-05,12.000000000227459,0.00032797952880615945,-0.000693519323476086,-1.895501174394514e-08,-1.895501174394514e-08,0.22594725126238238,2.7331627399995217e-05
0.1618,89.99514364941287,90.0,0.13496217265768634,-0.052827850479330696,-0.00010202041310554314,1.1027908640542195e-05,12.000000000226116,0.00032641208139170874,-0.0006927312000993671,-1.8842986072095832e-08,-1.8842986072095832e-08,0.22493695442947725,2.7201006782129846e-05
0.162,89.99517058132618,90.0,0.13435703561391066,-0.052735000669982685,-0.00010189966851847869,1.0966751054516171e-05,12.000000000224766,0.0003248487703250209,-0.0006919113294464604,-1.873054537836859e-08,-1.873054537836859e-08,0.22392839268985112,2.7070730859911362e-05
0.1622,89.99519739231843,90.0,0.13375296172993098,-0.05264025855864851,-0.00010177433079498309,1.090586805871967e-05,12.000000000223412,0.0003232896296095481,-0.0006910602708301322,-1.8617718249198997e-08,-1.8617718249198997e-08,0.22292160288321833,2.6940802466960763e-05
0.16240000000000002,89.99522408260442,90.0,0.13314997268865258,-0.05254366041877703,-0.00010164448128529266,1.0845259165375723e-05,12.000000000222055,0.0003217346924390453,-0.0006901785766285305,-1.8504532672957442e-08,-1.8504532672957442e-08,0.22191662114775432,2.681122436942431e-05
0.1626,89.99525065240323,90.0,0.13254808975739057,-0.052445242063270225,-0.00010151020032910952,1.078492387697147e-05,12.000000000220691,0.0003201839912084794,-0.0006892667923581512,-1.83910160483867e-08,-1.83910160483867e-08,0.2209134829289843,2.668199926688258e-05
0.1628,89.99527710193819,90.0,0.13194733379314658,-0.0523450388500744,-0.00010137156726783293,1.0724861686402605e-05,12.000000000219327,0.0003186375575243489,-0.0006883254567568904,-1.827719519323656e-08,-1.827719519323656e-08,0.2199122229885776,2.655312979321042e-05
0.163,89.99530343143672,90.0,0.1313477252478205,-0.05224308568661523,-0.00010122866045409808,1.0665072077204492e-05,12.000000000217957,0.0003170954222156296,-0.0006873551018488143,-1.8163096352404838e-08,-1.8163096352404838e-08,0.21891287541303417,2.642461851748918e-05
0.1632,89.99532964113031,90.0,0.13074928417337267,-0.052139417034873514,-0.00010108155726282088,1.0605554523725511e-05,12.000000000216584,0.0003155576153441432,-0.0006863562530191542,-1.804874520627972e-08,-1.804874520627972e-08,0.2179154736222878,2.629646794487065e-05
0.16340000000000002,89.99535573125443,90.0,0.13015203022692684,-0.052034066917089485,-0.0001009303341037213,1.0546308491242609e-05,12.00000000021521,0.0003140241662143316,-0.0006853294290993423,-1.7934166879267104e-08,-1.7934166879267104e-08,0.2169200503782114,2.6168680517391656e-05
0.1636,89.99538170204843,90.0,0.12955598267580834,-0.05192706891924456,-0.00010077506642866131,1.0487333436250209e-05,12.000000000213833,0.00031249510338439597,-0.0006842751424168362,-1.781938594742593e-08,-1.781938594742593e-08,0.21592663779301388,2.6041258614902293e-05
0.1638,89.99540755375548,90.0,0.12896116040254196,-0.051818456196974054,-0.00010061582874467224,1.042862880654687e-05,12.000000000212452,0.0003109704546756439,-0.0006831938988835771,-1.770442644697421e-08,-1.770442644697421e-08,0.21493526733756996,2.5914204555844864e-05
0.164,89.99543328662247,90.0,0.1283675819097828,-0.05170826147960949,-0.0001004526946226203,1.0370194041466415e-05,12.00000000021107,0.00030945024718295175,-0.0006820861980548293,-1.7589311882036176e-08,-1.7589311882036176e-08,0.21394596984963804,2.578752059812573e-05
0.1642,89.99545890089998,90.0,0.12777526532520003,-0.05159651707522142,-0.00010028573670821844,1.0312028572022375e-05,12.000000000209688,0.0003079345072844068,-0.0006809525332039525,-1.747406523271364e-08,-1.747406523271364e-08,0.21295877554200005,2.566120893991883e-05
0.16440000000000002,89.99548439684216,90.0,0.12718422840630314,-0.051483254875581974,-0.00010011502673285984,1.0254131821052436e-05,12.000000000208304,0.000306423260650852,-0.0006797933913959619,-1.735870896306963e-08,-1.735870896306963e-08,0.21197371401050524,2.553527172046107e-05
0.1646,89.9955097747067,90.0,0.12659448854521166,-0.05136850636033727,-9.994063552261303e-05,1.0196503203420681e-05,12.000000000206919,0.00030491653225582326,-0.0006786092535486071,-1.7243265028765503e-08,-1.7243265028765503e-08,0.2109908142420194,2.5409711020880458e-05
0.1648,89.9955350347547,90.0,0.12600606277337648,-0.05125230260146854,-9.976263300789999e-05,1.013914212619091e-05,12.000000000205532,0.0003034143463851595,-0.0006774005944980865,-1.7127754884752923e-08,-1.7127754884752923e-08,0.21001010462229414,2.5284528864996895e-05
0.165,89.99556017725065,90.0,0.1254189677662508,-0.051134674268392466,-9.958108823467614e-05,1.0082047988742216e-05,12.000000000204146,0.0003019167266460321,-0.0006761678830749615,-1.7012199493141365e-08,-1.7012199493141365e-08,0.20903161294375136,2.5159727220074653e-05
0.1652,89.99558520246235,90.0,0.12483321984790183,-0.051015651631558384,-9.939606937210621e-05,1.0025220183000096e-05,12.00000000020276,0.0003004236959768575,-0.0006749115821562769,-1.6896619330462602e-08,-1.6896619330462602e-08,0.20805536641316968,2.5035307997648443e-05
0.16540000000000002,89.99561011066079,90.0,0.12424883499558195,-0.05089526456740978,-9.920764372343574e-05,9.968658093552016e-06,12.000000000201371,0.00029893527665615557,-0.0006736321487393785,-1.6781034395375618e-08,-1.6781034395375618e-08,0.20708139165930323,2.4911273054261597e-05
0.1656,89.99563490212016,90.0,0.12366582884424267,-0.050773542563265744,-9.901587773668454e-05,9.912361097762962e-06,12.000000000199986,0.0002974514903113092,-0.0006723300340145248,-1.6665464216278395e-08,-1.6665464216278395e-08,0.20610971474040443,2.4787624192196003e-05
0.1658,89.99565957711772,90.0,0.12308421669099259,-0.050650514720348094,-9.882083701101417e-05,9.85632856603546e-06,12.0000000001986,0.0002959723579284577,-0.000671005683408121,-1.654992785820091e-08,-1.654992785820091e-08,0.20514036115165435,2.466436316029661e-05
0.166,89.99568413593379,90.0,0.12250401349952134,-0.05052620975960299,-9.862258630963373e-05,9.800559861838455e-06,12.000000000197215,0.0002944978998603635,-0.0006696595366703525,-1.6434443930636815e-08,-1.6434443930636815e-08,0.20417335583253554,2.454149165462696e-05
0.16620000000000001,89.99570857885159,90.0,0.12192523390445578,-0.050400656024586155,-9.842118956585162e-05,9.745054341967335e-06,12.00000000019583,0.00029302813583613057,-0.0006682920279162765,-1.6319030594271508e-08,-1.6319030594271508e-08,0.203208723174093,2.4419011319279052e-05
0.16640000000000002,89.9957329061573,90.0,0.12134789221568397,-0.050273881486789344,-9.821670989483974e-05,9.689811356601686e-06,12.000000000194444,0.00029156308496914424,-0.0006669035857057021,-1.6203705568515656e-08,-1.6203705568515656e-08,0.20224648702613998,2.429692374703499e-05
0.1666,89.99575711813989,90.0,0.1207720024226178,-0.050145913748750326,-9.800920960022562e-05,9.63483024953644e-06,12.000000000193062,0.0002901027657663829,-0.0006654946330879518,-1.6088486138199412e-08,-1.6088486138199412e-08,0.20128667070436304,2.4175230480142965e-05
0.1668,89.9957812150911,90.0,0.12019757819842009,-0.050016780048888876,-9.779875018472535e-05,9.580110358268527e-06,12.00000000019168,0.00028864719613643685,-0.0006640655876740611,-1.5973389160812595e-08,-1.5973389160812595e-08,0.20032929699736682,2.4053933010985516e-05
0.167,89.99580519730539,90.0,0.11962463290417615,-0.04988650726555524,-9.758539235894428e-05,9.525651014141322e-06,12.000000000190301,0.0002871963933979249,-0.0006626168616965353,-1.5858431073406556e-08,-1.5858431073406556e-08,0.1993743881736269,2.3933032782780867e-05
0.16720000000000002,89.99582906507985,90.0,0.11905317959301899,-0.04975512192030307,-9.736919604837195e-05,9.471451542546892e-06,12.000000000188923,0.00028575037428832227,-0.0006611488620568467,-1.574362789917233e-08,-1.574362789917233e-08,0.198421965988365,2.3812531190318628e-05
0.16740000000000002,89.99585281871414,90.0,0.11848323101421723,-0.04962265018324183,-9.715022040524451e-05,9.417511262954866e-06,12.000000000187548,0.0002843091549712482,-0.0006596619904059814,-1.5628995254670417e-08,-1.5628995254670417e-08,0.19747205169036205,2.369242958056706e-05
0.1676,89.99587645851045,90.0,0.11791479961720144,-0.04948911787581664,-9.692852381440265e-05,9.363829489143568e-06,12.000000000186175,0.00028287275104537036,-0.0006581566431842157,-1.5514548356118074e-08,-1.5514548356118074e-08,0.1965246660286691,2.3572729253415142e-05
0.1678,89.99589998477346,90.0,0.11734789755555876,-0.04935455047496453,-9.670416390237236e-05,9.31040552931557e-06,12.000000000184805,0.0002814411775522695,-0.0006566332116827754,-1.5400302026090242e-08,-1.5400302026090242e-08,0.19557982925926462,2.3453431462327933e-05
0.168,89.9959233978102,90.0,0.1167825366909798,-0.049218973117559774,-9.647719754712931e-05,9.25723868618436e-06,12.000000000183435,0.00028001444898397655,-0.0006550920821101374,-1.5286270700252665e-08,-1.5286270700252665e-08,0.194637561151633,2.333453741497468e-05
0.16820000000000002,89.99594669793008,90.0,0.11621872859715483,-0.049082410603366905,-9.624768088438223e-05,9.204328257176581e-06,12.00000000018207,0.0002785925792914066,-0.0006535336356346943,-1.5172468433533113e-08,-1.5172468433533113e-08,0.19369788099525806,2.3216048273931638e-05
0.16840000000000002,89.99596988544477,90.0,0.11565648456363588,-0.04894488739936747,-9.60156693170735e-05,9.151673534518686e-06,12.000000000180707,0.0002771755818917494,-0.0006519582484492645,-1.5058908906694113e-08,-1.5058908906694113e-08,0.19276080760605982,2.3097965157297954e-05
0.1686,89.99599296066819,90.0,0.11509581559964946,-0.04880642764330726,-9.578121752306501e-05,9.099273805381405e-06,12.000000000179348,0.0002757634696762671,-0.000650366291823281,-1.4945605432582932e-08,-1.4945605432582932e-08,0.1918263593327491,2.298028913934547e-05
0.1688,89.99601592391642,90.0,0.11453673243786837,-0.048667055147896876,-9.554437946435826e-05,9.0471283519664e-06,12.000000000177991,0.0002743562550175301,-0.0006487581321653956,-1.4832570962535476e-08,-1.4832570962535476e-08,0.19089455406311392,2.2863021251121723e-05
0.169,89.99603877550767,90.0,0.11397924553813596,-0.04852679340352506,-9.530520839284464e-05,8.995236451708497e-06,12.000000000176637,0.0002729539497775541,-0.0006471341310625255,-1.4719818092231803e-08,-1.4719818092231803e-08,0.18996540923022662,2.2746162481128025e-05
0.16920000000000002,89.99606151576222,90.0,0.11342336509115854,-0.04838566558305865,-9.506375686093941e-05,8.943597377304584e-06,12.000000000175287,0.00027155656531440667,-0.0006454946453520579,-1.4607359068173781e-08,-1.4607359068173781e-08,0.18903894181859757,2.2629713775869996e-05
0.1694,89.99608414500234,90.0,0.11286910102214343,-0.04824369454443573,-9.482007672706492e-05,8.892210396915831e-06,12.000000000173943,0.00027016411249019634,-0.0006438400271590828,-1.4495205793381349e-08,-1.4495205793381349e-08,0.18811516837023906,2.2513676040523356e-05
0.1696,89.99610666355227,90.0,0.11231646299440688,-0.048100902834637166,-9.457421916436109e-05,8.841074774254368e-06,12.000000000172601,0.00026877660167802585,-0.0006421706239555383,-1.4383369833478705e-08,-1.4383369833478705e-08,0.18719410499067815,2.2398050139513324e-05
0.1698,89.99612907173818,90.0,0.11176546041293683,-0.04795731269359549,-9.432623466925674e-05,8.790189768669947e-06,12.000000000171262,0.00026739404276886674,-0.0006404867786184101,-1.4271862422695051e-08,-1.4271862422695051e-08,0.1862757673548947,2.2282836897087544e-05
0.17,89.99615136988807,90.0,0.1112161024279106,-0.04781294605661951,-9.407617306657805e-05,8.739554635352173e-06,12.000000000169928,0.0002660164451793417,-0.000638788829464419,-1.4160694469332595e-08,-1.4160694469332595e-08,0.1853601707131843,2.216803709796456e-05
0.17020000000000002,89.99617355833172,90.0,0.11066839793818493,-0.04766782455891222,-9.382408351955502e-05,8.6891686253594e-06,12.000000000168598,0.00026464381785798214,-0.0006370771103179662,-1.4049876561842389e-08,-1.4049876561842389e-08,0.18444732989697485,2.205365148785533e-05
0.1704,89.9961956374007,90.0,0.11012235559473439,-0.047521969538595166,-9.357001453634484e-05,8.639030985763168e-06,12.000000000167272,0.0002632761692923811,-0.000635351950555428,-1.3939418974361978e-08,-1.3939418974361978e-08,0.18353725932455733,2.1939680774059268e-05
0.1706,89.99621760742833,90.0,0.10957798380405484,-0.04737540204039481,-9.331401397810819e-05,8.58914095973489e-06,12.00000000016595,0.00026191350751579427,-0.000633613675159994,-1.3829331672402676e-08,-1.3829331672402676e-08,0.18262997300675804,2.182612562601435e-05
0.1708,89.9962394687495,90.0,0.10903529073152483,-0.047228142817849234,-9.305612906363312e-05,8.53949778674807e-06,12.000000000164636,0.00026055584011465264,-0.0006318626047530645,-1.3719624318017392e-08,-1.3719624318017392e-08,0.1817254845525414,2.1712986675923156e-05
0.171,89.99626122170072,90.0,0.10849428430474185,-0.04708021233761084,-9.2796406378863e-05,8.490100702607188e-06,12.000000000163324,0.0002592031742345551,-0.0006300990556589464,-1.3610306275564303e-08,-1.3610306275564303e-08,0.18082380717456975,2.1600264519252273e-05
0.17120000000000002,89.99628286662013,90.0,0.10795497221680901,-0.0469316307833251,-9.253489188544142e-05,8.440948939505491e-06,12.000000000162018,0.00025785551658642216,-0.0006283233399628739,-1.350138661727046e-08,-1.350138661727046e-08,0.1799249536946817,2.148795971524506e-05
0.1714,89.99630440384732,90.0,0.1074173619295775,-0.04678241805696037,-9.227163092330471e-05,8.392041726284998e-06,12.000000000160714,0.0002565128734542956,-0.0006265357655286124,-1.3392874127956563e-08,-1.3392874127956563e-08,0.17902893654929583,2.1376072787571682e-05
0.1716,89.99632583372339,90.0,0.10688146067687365,-0.04663259378402426,-9.200666822236356e-05,8.343378288378723e-06,12.000000000159417,0.0002551752507004055,-0.0006247366360777773,-1.3284777310896417e-08,-1.3284777310896417e-08,0.1781357677947894,2.1264604224751296e-05
0.1718,89.99634715659084,90.0,0.10634727546766634,-0.04648217731549925,-9.174004790652392e-05,8.294957848012893e-06,12.000000000158124,0.00025384265377234805,-0.0006229262512171378,-1.317710439261125e-08,-1.317710439261125e-08,0.17724545911277723,2.1153554480750264e-05
0.17200000000000001,89.99636837279357,90.0,0.10581481308921227,-0.04633118773152381,-9.147181350179217e-05,8.246779624264744e-06,12.000000000156838,0.0002525150877089959,-0.0006211049064936506,-1.306986332814017e-08,-1.306986332814017e-08,0.17635802181535376,2.1042923975474632e-05
0.17220000000000002,89.99638948267678,90.0,0.10528408011015886,-0.04617964384359327,-9.120200794092656e-05,8.198842833235846e-06,12.000000000155556,0.00025119255714731956,-0.0006192728934260447,-1.29630618058076e-08,-1.29630618058076e-08,0.1754734668502648,2.0932713095338613e-05
0.1724,89.996410486587,90.0,0.10475508288362217,-0.04602756419921253,-9.093067357382464e-05,8.151146688023225e-06,12.00000000015428,0.00024987506632744255,-0.0006174304995753526,-1.2856707252666143e-08,-1.2856707252666143e-08,0.17459180480603695,2.0822922193685834e-05
0.1726,89.99643138487198,90.0,0.10422782755021144,-0.0458749670836324,-9.065785217110103e-05,8.10369039892158e-06,12.000000000153008,0.0002485626190995744,-0.0006155780085692046,-1.2750806839009231e-08,-1.2750806839009231e-08,0.17371304591701908,2.071355159136709e-05
0.1728,89.99645217788071,90.0,0.10370232004103351,-0.0457218705233339,-9.038358493175493e-05,8.056473173481075e-06,12.000000000151744,0.0002472552189296775,-0.0006137157001538916,-1.2645367483350993e-08,-1.2645367483350993e-08,0.17283720006838918,2.0604601577212572e-05
0.17300000000000001,89.99647286596333,90.0,0.10317856608065779,-0.045568292289102426,-9.010791248988511e-05,8.009494216594004e-06,12.000000000150486,0.00024595286890531285,-0.0006118438502399607,-1.2540395857225315e-08,-1.2540395857225315e-08,0.1719642768010963,2.049607240851904e-05
0.17320000000000002,89.99649344947109,90.0,0.10265657119004565,-0.04541424989869669,-8.983087492046324e-05,7.962752730610347e-06,12.000000000149232,0.00024465557174167016,-0.0006099627309414171,-1.2435898389810591e-08,-1.2435898389810591e-08,0.17109428531674278,2.03879643115523e-05
0.1734,89.99651392875633,90.0,0.10213634068944906,-0.045259760619830336,-8.955251174584297e-05,7.916247915424438e-06,12.000000000147981,0.0002433633297872989,-0.0006080726106199215,-1.2331881272591237e-08,-1.2331881272591237e-08,0.17022723448241509,2.0280277482024817e-05
0.1736,89.99653430417246,90.0,0.10161787970127577,-0.045104841473461936,-8.927286194299535e-05,7.86997896853276e-06,12.000000000146741,0.00024207614502953624,-0.0006061737539339192,-1.2228350464050952e-08,-1.2228350464050952e-08,0.16936313283545962,2.0173012085548e-05
0.1738,89.99655457607386,90.0,0.10110119315291599,-0.0449495092359653,-8.899196394813281e-05,7.823945085178375e-06,12.000000000145505,0.00024079401910060593,-0.0006042664218700377,-1.2125311693988698e-08,-1.2125311693988698e-08,0.16850198858819332,2.0066168258140518e-05
0.17400000000000002,89.99657474481589,90.0,0.10058628577954484,-0.04479378044233201,-8.870985566375003e-05,7.778145458408714e-06,12.000000000144272,0.0002395169532829381,-0.0006023508717908953,-1.202277046807853e-08,-1.202277046807853e-08,0.16764380963257475,1.995974610667154e-05
0.17420000000000002,89.99659481075484,90.0,0.10007316212688765,-0.0446376713893219,-8.842657446554913e-05,7.732579279133359e-06,12.00000000014305,0.00023824494851442453,-0.0006004273574821238,-1.1920732072356274e-08,-1.1920732072356274e-08,0.16678860354481276,1.9853745709298704e-05
0.1744,89.9966147742479,90.0,0.09956182655394957,-0.04448119813749796,-8.814215720676246e-05,7.687245736268485e-06,12.000000000141831,0.00023697800539435073,-0.0005984961291817205,-1.1819201577337287e-08,-1.1819201577337287e-08,0.16593637758991597,1.9748167115962485e-05
0.1746,89.9966346356531,90.0,0.09905228323572136,-0.044324376514293884,-8.785664022489332e-05,7.642144016794645e-06,12.000000000140618,0.00023571612418854927,-0.0005965574336258189,-1.171818384237483e-08,-1.171818384237483e-08,0.1650871387262023,1.9643010348815593e-05
0.1748,89.99665439532929,90.0,0.09854453616585063,-0.04416722211703303,-8.757005934834868e-05,7.597273305814552e-06,12.000000000139412,0.0002344593048344926,-0.0005946115140937257,-1.1617683519948366e-08,-1.1617683519948366e-08,0.16424089360975103,1.9538275402647395e-05
0.17500000000000002,89.99667405363608,90.0,0.09803858915927804,-0.04400975031518861,-8.728244990130346e-05,7.552632786668627e-06,12.000000000138211,0.00023320754694681892,-0.0005926586104409496,-1.1517705059687695e-08,-1.1517705059687695e-08,0.16339764859879677,1.943396224534441e-05
0.1752,89.99669361093389,90.0,0.09753444585484784,-0.04385197625296228,-8.69938467093134e-05,7.508221641021684e-06,12.00000000013702,0.00023196084982256656,-0.0005906989591373134,-1.1418252712436017e-08,-1.1418252712436017e-08,0.16255740975807972,1.9330070818326497e-05
0.1754,89.99671306758377,90.0,0.09703210971788864,-0.04369391485253288,-8.670428410649925e-05,7.464039048891809e-06,12.000000000135831,0.00023071921244586586,-0.0005887327933157357,-1.1319330534443645e-08,-1.1319330534443645e-08,0.1617201828631477,1.9226601036937856e-05
0.1756,89.99673242394749,90.0,0.09653158404275727,-0.043535580815831615,-8.641379593929196e-05,7.4200841887948135e-06,12.000000000134651,0.00022948263349355116,-0.0005867603427976615,-1.1220942391106273e-08,-1.1220942391106273e-08,0.16088597340459543,1.912355279091468e-05
0.1758,89.99675168038745,90.0,0.09603287195536216,-0.04337698862771022,-8.612241557343771e-05,7.376356237773126e-06,12.000000000133477,0.00022825111133975359,-0.0005847818341406265,-1.11230919610344e-08,-1.11230919610344e-08,0.16005478659227027,1.9020925944767892e-05
0.17600000000000002,89.99677083726668,90.0,0.0955359764156503,-0.04321815255834752,-8.583017589922819e-05,7.332854371482457e-06,12.00000000013231,0.00022702464406092307,-0.0005827974906737717,-1.1025782739862778e-08,-1.1025782739862778e-08,0.15922662735941714,1.8918720338201662e-05
0.1762,89.99678989494878,90.0,0.09504090022006675,-0.043059086665973134,-8.55371093374767e-05,7.2895777642495815e-06,12.000000000131148,0.00022580322944055705,-0.0005808075325384221,-1.0929018044095318e-08,-1.0929018044095318e-08,0.15840150036677794,1.8816935786507437e-05
0.1764,89.99680885379786,90.0,0.09454764600398301,-0.04289980479848163,-8.524324784290524e-05,7.246525589216792e-06,12.000000000129994,0.00022458686497461375,-0.0005788121767110851,-1.0832801014605544e-08,-1.0832801014605544e-08,0.15757941000663836,1.871557208101507e-05
0.1766,89.99682771417855,90.0,0.09405621624410662,-0.04274032059644181,-8.494862291079623e-05,7.20369701837078e-06,12.000000000128846,0.00022337554787590897,-0.0005768116370486164,-1.07371346204626e-08,-1.07371346204626e-08,0.15676036040684438,1.8614628989459213e-05
0.1768,89.996846476456,90.0,0.09356661326085676,-0.04258064749641352,-8.465326558436847e-05,7.161091222542646e-06,12.000000000127704,0.00022216927507820786,-0.0005748061243383045,-1.0642021662783024e-08,-1.0642021662783024e-08,0.15594435543476126,1.8514106256320294e-05
0.17700000000000002,89.99686514099578,90.0,0.09307883922070144,-0.04242079873172433,-8.435720645622098e-05,7.1187073716101185e-06,12.000000000126569,0.00022096804324197368,-0.0005727958463076734,-1.0547464777866825e-08,-1.0547464777866825e-08,0.15513139870116907,1.8414003603303586e-05
0.1772,89.99688370816388,90.0,0.09259289613848581,-0.04226078733643068,-8.406047567722288e-05,7.076544634439784e-06,12.000000000125443,0.00021977184875788557,-0.0005707810076848468,-1.045346644112303e-08,-1.045346644112303e-08,0.15432149356414301,1.8314320729632348e-05
0.1774,89.99690217832665,90.0,0.09210878587971538,-0.042100626146019275,-8.376310295778965e-05,7.034602179089307e-06,12.00000000012432,0.00021858068775249486,-0.0005687618102072138,-1.0360028970096566e-08,-1.0360028970096566e-08,0.15351464313285895,1.8215057312519196e-05
0.1776,89.99692055185086,90.0,0.09162651016283094,-0.04194032780129381,-8.34651175766077e-05,6.9928791727496596e-06,12.000000000123205,0.00021739455609165069,-0.0005667384526806696,-1.0267154528276517e-08,-1.0267154528276517e-08,0.1527108502713849,1.8116213007451556e-05
0.1778,89.99693882910357,90.0,0.09114607056143902,-0.041779904749712965,-8.31665483834072e-05,6.951374781889563e-06,12.000000000122098,0.0002162134493855728,-0.000564711130998444,-1.017484512819661e-08,-1.017484512819661e-08,0.15191011760239836,1.8017787448614405e-05
0.17800000000000002,89.99695701045214,90.0,0.09066746850652713,-0.041619369248483556,-8.286742380584089e-05,6.910088172255491e-06,12.000000000120998,0.00021503736299266743,-0.0005626800381878086,-1.0083102634941644e-08,-1.0083102634941644e-08,0.15111244751087854,1.7919780249208263e-05
0.1782,89.9969750962642,90.0,0.09019070528864331,-0.04145873336547204,-8.256777185126805e-05,6.869018509045011e-06,12.000000000119904,0.00021386629202475778,-0.0005606453644221906,-9.99192876905374e-09,-9.99192876905374e-09,0.15031784214773888,1.782219100188507e-05
0.1784,89.99699308690764,90.0,0.08971578206006563,-0.04129800898294417,-8.226762011515191e-05,6.828164956849e-06,12.000000000118817,0.00021270023135032897,-0.000558607297078192,-9.901325110111413e-09,-9.901325110111413e-09,0.1495263034334427,1.7725019279018578e-05
0.1786,89.99701098275055,90.0,0.08924269983692835,-0.04113720779911288,-8.196699578433991e-05,6.787526679767209e-06,12.000000000117737,0.0002115391755991749,-0.0005565660207578636,-9.811293099706382e-09,-9.811293099706382e-09,0.14873783306154725,1.762826463309162e-05
0.17880000000000001,89.99702878416124,90.0,0.08877145950133083,-0.040976341330016736,-8.166592564111955e-05,6.747102841494927e-06,12.000000000116662,0.00021038311916676881,-0.0005545217173162439,-9.721834044464206e-09,-9.721834044464206e-09,0.14795243250221804,1.7531926597060292e-05
0.17900000000000002,89.99704649150816,90.0,0.08830206180342448,-0.04081542091243406,-8.136443606969898e-05,6.706892605322988e-06,12.000000000115595,0.00020923205621785834,-0.0005524745659053635,-9.632949119277866e-09,-9.632949119277866e-09,0.1471701030057075,1.7436004684653568e-05
0.1792,89.99706410515988,90.0,0.08783450736346679,-0.04065445770497447,-8.106255305843183e-05,6.666895134282214e-06,12.000000000114536,0.00020808598069123378,-0.000550424742989352,-9.5446393700472e-09,-9.5446393700472e-09,0.14639084560577798,1.734049839077064e-05
0.1794,89.99708162548512,90.0,0.08736879667386248,-0.04049346269163949,-8.076030220781653e-05,6.627109591085639e-06,12.000000000113484,0.0002069448863027522,-0.0005483724223987543,-9.456905716983483e-09,-9.456905716983483e-09,0.14561466112310414,1.7245407191732926e-05
0.1796,89.99709905285266,90.0,0.08690493010116396,-0.04033244668248392,-8.045770873172403e-05,6.5875351383018455e-06,12.000000000112436,0.00020580876655025917,-0.0005463177753388669,-9.369748957160026e-09,-9.369748957160026e-09,0.1448415501686066,1.7150730545694234e-05
0.17980000000000002,89.99711638763134,90.0,0.08644290788806414,-0.040171420316753775,-8.015479746441665e-05,6.548170938326079e-06,12.000000000111399,0.00020467761471677594,-0.0005442609704373971,-9.2831697676275e-09,-9.2831697676275e-09,0.14407151314677355,1.7056467892906322e-05
0.18000000000000002,89.99713363019005,90.0,0.08598273015535378,-0.040010394063842825,-7.985159286247262e-05,6.509016153524694e-06,12.000000000110365,0.00020355142387510104,-0.0005422021737575303,-9.197168707958765e-09,-9.197168707958765e-09,0.14330455025892297,1.6962618656102412e-05
0.1802,89.99715078089768,90.0,0.08552439690386693,-0.039849378226719454,-7.954811901248802e-05,6.470069946177374e-06,12.000000000109342,0.00020243018689066923,-0.0005401415488502274,-9.111746223347564e-09,-9.111746223347564e-09,0.14254066150644487,1.686918224073539e-05
0.1804,89.99716784012314,90.0,0.08506790801638815,-0.03968838294316864,-7.92443996336767e-05,6.431331478592694e-06,12.000000000108322,0.0002013138964258211,-0.0005380792567718789,-9.026902647139919e-09,-9.026902647139919e-09,0.14177984669398025,1.6776158035333656e-05
0.1806,89.99718480823525,90.0,0.08461326325954471,-0.0395274181870128,-7.89404580804232e-05,6.392799913223678e-06,12.000000000107311,0.00020020254494404664,-0.0005360154561016391,-8.942638203327701e-09,-8.942638203327701e-09,0.1410221054325745,1.6683545411854694e-05
0.18080000000000002,89.9972016856028,90.0,0.08416046228568533,-0.039366493771800855,-7.863631735060818e-05,6.354474412581126e-06,12.000000000106308,0.0001990961247124833,-0.0005339503029979569,-8.858953009583974e-09,-8.858953009583974e-09,0.1402674371428089,1.6591343725893293e-05
0.18100000000000002,89.99721847259454,90.0,0.08370950463471624,-0.039205619351595486,-7.833200008715665e-05,6.316354139378073e-06,12.00000000010531,0.00019799462780630884,-0.0005318839512090884,-8.77584707957235e-09,-8.77584707957235e-09,0.1395158410578604,1.6499552317047606e-05
0.1812,89.99723516957903,90.0,0.08326038973592857,-0.039044804422458876,-7.802752858122053e-05,6.278438256616448e-06,12.00000000010432,0.00019689804611262748,-0.0005298165520947074,-8.693320325389176e-09,-8.693320325389176e-09,0.13876731622654762,1.6408170509242982e-05
0.1814,89.99725177692477,90.0,0.0828131169098084,-0.03888405832604577,-7.772292478029053e-05,6.240725927500412e-06,12.000000000103338,0.00019580637133284937,-0.0005277482546809852,-8.611372560453188e-09,-8.611372560453188e-09,0.13802186151634735,1.6317197610930267e-05
0.1816,89.99726829500011,90.0,0.08236768536980606,-0.03872339024994229,-7.741821028870657e-05,6.203216315609692e-06,12.00000000010236,0.00019471959498721457,-0.000525679205664057,-8.530003501602726e-09,-8.530003501602726e-09,0.13727947561634343,1.62266329154628e-05
0.18180000000000002,89.9972847241732,90.0,0.08192409422410105,-0.038562809230130196,-7.7113406373138e-05,6.165908584899586e-06,12.000000000101391,0.00019363770841783357,-0.0005236095494472334,-8.449212771649993e-09,-8.449212771649993e-09,0.1365401570401684,1.613647570134979e-05
0.182,89.99730106481202,90.0,0.081482342477339,-0.038402324152346484,-7.680853396548557e-05,6.128801899787626e-06,12.000000000100428,0.00019256070279241716,-0.0005215394281607046,-8.368999901645013e-09,-8.368999901645013e-09,0.13580390412889834,1.6046725232567134e-05
0.1822,89.99731731728436,90.0,0.08104242903235329,-0.038241943755197405,-7.650361366988753e-05,6.0918954250958095e-06,12.000000000099472,0.00019148856910674962,-0.0005194689817091129,-8.28936433349948e-09,-8.28936433349948e-09,0.13507071505392215,1.5957380758763525e-05
0.1824,89.99733348195772,90.0,0.08060435269185043,-0.03808167663038049,-7.619866576297032e-05,6.0551883262239245e-06,12.000000000098524,0.00019042129818906879,-0.0005173983477732554,-8.210305421921138e-09,-8.210305421921138e-09,0.13434058781975072,1.5868441515625446e-05
0.1826,89.99734955919944,90.0,0.08016811216009331,-0.03792153122574511,-7.589371020073591e-05,6.0186797690917805e-06,12.000000000097582,0.0001893588807024729,-0.0005153276618568488,-8.131822436953484e-09,-8.131822436953484e-09,0.1336135202668222,1.5779906725077754e-05
0.18280000000000002,89.99736554937651,90.0,0.07973370604454942,-0.03776151584581748,-7.558876661952663e-05,5.982368920283656e-06,12.000000000096648,0.00018830130714899025,-0.0005132570572930821,-8.053914565912762e-09,-8.053914565912762e-09,0.13288951007424904,1.5691775595622807e-05
0.183,89.99738145285568,90.0,0.07930113285753254,-0.037601638654448225,-7.528385434195358e-05,5.946254947019402e-06,12.000000000095719,0.00018724856787216094,-0.00051118666528487,-7.976580915764507e-09,-7.976580915764507e-09,0.13216855476255424,1.560404732255561e-05
0.1832,89.99739727000336,90.0,0.07887039101781489,-0.037441907676708075,-7.497899238107184e-05,5.910337017183339e-06,12.000000000094797,0.00018620065306005978,-0.0005091166149332039,-7.899820515295055e-09,-7.899820515295055e-09,0.13145065169635814,1.5516721088215738e-05
0.1834,89.99741300118566,90.0,0.07844147885221689,-0.037282330799686514,-7.467419944199442e-05,5.87461429943982e-06,12.000000000093884,0.00018515755274901922,-0.0005070470332481104,-7.823632317011348e-09,-7.823632317011348e-09,0.13073579808702815,1.542979606229755e-05
0.1836,89.99742864676834,90.0,0.07801439459718806,-0.037122915775054374,-7.436949392763175e-05,5.839085963204327e-06,12.000000000092976,0.00018411925682610623,-0.0005049780451876231,-7.748015199393722e-09,-7.748015199393722e-09,0.13002399099531345,1.534327140205664e-05
0.18380000000000002,89.99744420711681,90.0,0.07758913640035857,-0.03696367022016439,-7.406489394101744e-05,5.803751178730153e-06,12.000000000092076,0.00018308575503253304,-0.0005029097736735754,-7.672967968796696e-09,-7.672967968796696e-09,0.12931522733393094,1.5257146252594018e-05
0.184,89.99745968259607,90.0,0.07716570232207805,-0.03680460161984461,-7.37604172892562e-05,5.768609117137288e-06,12.00000000009118,0.0001820570369665541,-0.0005008423396184064,-7.598489361469234e-09,-7.598489361469234e-09,0.1286095038701301,1.5171419747097563e-05
0.1842,89.99747507357075,90.0,0.07674409033693405,-0.036645717328518373,-7.345608148823819e-05,5.733658950412417e-06,12.000000000090296,0.00018103309208608137,-0.000498775861957173,-7.524578045610672e-09,-7.524578045610672e-09,0.12790681722822342,1.508609100705993e-05
0.1844,89.99749038040505,90.0,0.07632429833524598,-0.03648702457086936,-7.315190376395616e-05,5.698899851524482e-06,12.000000000089415,0.0001800139097122421,-0.0004967104576564925,-7.451232623086338e-09,-7.451232623086338e-09,0.12720716389207665,1.5001159142575065e-05
0.18460000000000001,89.99750560346276,90.0,0.07590632412455167,-0.03632853044427236,-7.28479010579514e-05,5.664330994395793e-06,12.00000000008854,0.00017899947903169346,-0.000494646241751522,-7.3784516314878526e-09,-7.3784516314878526e-09,0.12651054020758612,1.491662325253106e-05
0.18480000000000002,89.99752074310719,90.0,0.07549016543106588,-0.03617024192011925,-7.254409003018162e-05,5.629951553959803e-06,12.000000000087674,0.00017798978909962677,-0.0004925833273654309,-7.306233545927074e-09,-7.306233545927074e-09,0.12581694238510976,1.4832482424860528e-05
0.185,89.99753579970123,90.0,0.07507581990112362,-0.03601216584512375,-7.224048706184153e-05,5.595760706218893e-06,12.000000000086814,0.00017698482884274602,-0.0004905218257285536,-7.2345767807976074e-09,-7.2345767807976074e-09,0.1251263665018727,1.4748735736788803e-05
0.1852,89.99755077360724,90.0,0.07466328510260876,-0.03585430894331597,-7.193710825979829e-05,5.5617576282443706e-06,12.000000000085961,0.00017598458706172856,-0.000488461846208507,-7.163479691649823e-09,-7.163479691649823e-09,0.12443880850434794,1.4665382255038992e-05
0.1854,89.99756566518717,90.0,0.07425255852635956,-0.035696677817294575,-7.163396945929524e-05,5.527941498234248e-06,12.000000000085116,0.00017498905243413832,-0.00048640349632854803,-7.0929405768817316e-09,-7.0929405768817316e-09,0.12375426421059928,1.458242103607476e-05
0.18560000000000001,89.99758047480235,90.0,0.07384363758755987,-0.03553927894981382,-7.13310862274406e-05,5.494311495542135e-06,12.000000000084276,0.00017399821351706823,-0.00048434688179126346,-7.0229576794708835e-09,-7.0229576794708835e-09,0.12307272931259977,1.449985112632052e-05
0.18580000000000002,89.99759520281366,90.0,0.07343651962711231,-0.03538211870499046,-7.102847386581063e-05,5.460866800735012e-06,12.000000000083443,0.00017301205874999776,-0.0004822921064962451,-6.953529188600693e-09,-6.953529188600693e-09,0.12239419937852052,1.441767156239956e-05
0.186,89.99760984958144,90.0,0.07303120191299735,-0.03522520333055654,-7.07261474154997e-05,5.427606595564353e-06,12.000000000082615,0.0001720305764568878,-0.00048023927257438074,-6.884653241469868e-09,-6.884653241469868e-09,0.12171866985499558,1.4335881371308621e-05
0.1862,89.99762441546544,90.0,0.0726276816416069,-0.03506853895865575,-7.042412165877001e-05,5.39453006305278e-06,12.000000000081796,0.00017105375484921615,-0.0004781884803990557,-6.816327924778477e-09,-6.816327924778477e-09,0.12104613606934485,1.425447957067085e-05
0.1864,89.99763890082485,90.0,0.07222595593906864,-0.03491213160698181,-7.01224111215021e-05,5.361636387551853e-06,12.000000000080982,0.00017008158202875062,-0.00047613982860279206,-6.748551276259544e-09,-6.748551276259544e-09,0.12037659323178107,1.4173465168966901e-05
0.18660000000000002,89.99765330601832,90.0,0.07182602186255707,-0.03475598718167508,-6.98210300797578e-05,5.328924754655398e-06,12.000000000080176,0.00016911404598906934,-0.0004740934141218123,-6.681321286531282e-09,-6.681321286531282e-09,0.11971003643759512,1.4092837165661619e-05
0.18680000000000002,89.99766763140386,90.0,0.0714278764015718,-0.03460011147662034,-6.951999255793532e-05,5.296394351401735e-06,12.000000000079375,0.00016815113461948514,-0.0004720493321835115,-6.614635900208555e-09,-6.614635900208555e-09,0.11904646066928636,1.4012594551531074e-05
0.187,89.99768187733888,90.0,0.07103151647922362,-0.03444451017701884,-6.921931233691535e-05,5.2640443661292286e-06,12.000000000078582,0.0001671928357060302,-0.000470007676361771,-6.5484930178343334e-09,-6.5484930178343334e-09,0.11838586079870604,1.3932736308744612e-05
0.1872,89.99769604418017,90.0,0.0706369389534796,-0.03428918885899529,-6.891900295294398e-05,5.231873988649629e-06,12.000000000077794,0.00016623913693507758,-0.0004679685385693728,-6.482890497003147e-09,-6.482890497003147e-09,0.11772823158913268,1.3853261411166657e-05
0.1874,89.9977101322839,90.0,0.07024414061841297,-0.03413415299240864,-6.861907770400504e-05,5.1998824101614e-06,12.000000000077014,0.0001652900258947556,-0.0004659320091012689,-6.417826154087497e-09,-6.417826154087497e-09,0.11707356769735495,1.3774168824474566e-05
0.18760000000000002,89.99772414200558,90.0,0.0698531182054206,-0.03397940794077582,-6.831954964944793e-05,5.1680688233941725e-06,12.00000000007624,0.00016434549007827558,-0.0004638981766320539,-6.353297765377415e-09,-6.353297765377415e-09,0.11642186367570101,1.3695457506435955e-05
0.18780000000000002,89.99773807370005,90.0,0.06946386838444116,-0.033824958964038324,-6.80204316162616e-05,5.136432422522069e-06,12.00000000007547,0.0001634055168852918,-0.0004618671282585665,-6.289303068745147e-09,-6.289303068745147e-09,0.11577311397406861,1.361712640702201e-05
0.188,89.99775192772151,90.0,0.06907638776514204,-0.03367081121879842,-6.772173619943788e-05,5.104972403279269e-06,12.00000000007471,0.00016247009362493027,-0.00045983894950235604,-6.225839764797686e-09,-6.225839764797686e-09,0.1151273129419034,1.3539174468659897e-05
0.1882,89.99776570442343,90.0,0.06869067289810318,-0.033516969760327364,-6.742347576647784e-05,5.0736879629311115e-06,12.000000000073955,0.00016153920751758193,-0.0004578137243402817,-6.162905518345504e-09,-6.162905518345504e-09,0.11448445483017197,1.3461600626382198e-05
0.1884,89.99777940415862,90.0,0.06830672027597814,-0.03336343954347599,-6.712566245933587e-05,5.042578300331887e-06,12.000000000073207,0.0001606128456973946,-0.0004557915352177128,-6.100497959637876e-09,-6.100497959637876e-09,0.11384453379329691,1.3384403808034564e-05
0.18860000000000002,89.9977930272792,90.0,0.06792452633464456,-0.03321022542428104,-6.682830819799186e-05,5.011642615924825e-06,12.000000000072465,0.00015969099521425488,-0.0004537724630727843,-6.038614685706588e-09,-6.038614685706588e-09,0.11320754389107428,1.330758293444088e-05
0.1888,89.9978065741365,90.0,0.06754408745433635,-0.03305733216048025,-6.653142468147516e-05,4.98088011182877e-06,12.000000000071726,0.00015877364303647638,-0.0004517565873433499,-5.9772532614834225e-09,-5.9772532614834225e-09,0.11257347909056058,1.323113691962728e-05
0.189,89.9978200450812,90.0,0.06716539996076983,-0.03290476441379522,-6.623502339302241e-05,4.9502899917804e-06,12.000000000070997,0.00015786077605224746,-0.0004497439860020041,-5.916411221223953e-09,-5.916411221223953e-09,0.11194233326794971,1.315506467094279e-05
0.1892,89.99783344046318,90.0,0.06678846012624388,-0.0327525267504018,-6.593911560100196e-05,4.919871461220898e-06,12.000000000070273,0.00015695238107226456,-0.0004477347355623591,-5.856086069571789e-09,-5.856086069571789e-09,0.11131410021040648,1.3079365089278787e-05
0.1894,89.9978467606316,90.0,0.0664132641707346,-0.03260062364281356,-6.564371236314302e-05,4.889623727267062e-06,12.000000000069555,0.00015604844483137147,-0.00044572891110776134,-5.796275282861967e-09,-5.796275282861967e-09,0.11068877361789102,1.3004037069205581e-05
0.18960000000000002,89.99786000593487,90.0,0.0660398082629685,-0.03244905947031472,-6.53488245273769e-05,4.859545998797971e-06,12.000000000068844,0.0001551489539911464,-0.0004437265862970037,-5.7369763101372765e-09,-5.7369763101372765e-09,0.11006634710494752,1.2929079499188024e-05
0.1898,89.99787317672057,90.0,0.06566808852149042,-0.032297838520806366,-6.505446273598318e-05,4.829637486426098e-06,12.000000000068137,0.00015425389514149522,-0.0004417278333924784,-5.678186574401361e-09,-5.678186574401361e-09,0.10944681420248403,1.2854491261718279e-05
0.19,89.99788627333558,90.0,0.06529810101571074,-0.03214696499191336,-6.476063742801079e-05,4.799897402526202e-06,12.000000000067438,0.00015336325480270148,-0.0004397327232766165,-5.619903473714881e-09,-5.619903473714881e-09,0.1088301683595179,1.2780271233486634e-05
0.1902,89.99789929612594,90.0,0.06492984176693968,-0.03199644299171797,-6.446735884082854e-05,4.770324961293102e-06,12.000000000066745,0.00015247701942770013,-0.0004377413254624161,-5.5621243822057316e-09,-5.5621243822057316e-09,0.10821640294489947,1.2706418285571004e-05
0.1904,89.99791224543688,90.0,0.06456330674941306,-0.03184627654019215,-6.417463701331022e-05,4.7409193787416845e-06,12.00000000006606,0.00015159517540384434,-0.0004357537081150695,-5.5048466511846585e-09,-5.5048466511846585e-09,0.10760551124902179,1.2632931283584151e-05
0.19060000000000002,89.99792512161287,90.0,0.06419849189130196,-0.03169646957096242,-6.38824817898e-05,4.711679872678004e-06,12.000000000065377,0.0001507177090543986,-0.00043376993807888896,-5.448067610296859e-09,-5.448067610296859e-09,0.10699748648550325,1.2559809087798124e-05
0.1908,89.9979379249975,90.0,0.06383539307570188,-0.03154702593127015,-6.359090281986197e-05,4.682605662814853e-06,12.000000000064702,0.00014984460664122705,-0.000431790080875606,-5.3917845683366614e-09,-5.3917845683366614e-09,0.10639232179283645,1.2487050553368259e-05
0.191,89.99795065593358,90.0,0.06347400614162253,-0.0313979493837086,-6.329990956218366e-05,4.653695970742865e-06,12.00000000006403,0.0001489758543662521,-0.0004298142007308768,-5.335994814357373e-09,-5.335994814357373e-09,0.10579001023603755,1.2414654530454765e-05
0.1912,89.99796331476306,90.0,0.0631143268849577,-0.03124924360757719,-6.300951128758769e-05,4.624950019930517e-06,12.00000000006337,0.00014811143837312502,-0.00042784236059473127,-5.2806956186920195e-09,-5.2806956186920195e-09,0.10519054480826284,1.2342619864361906e-05
0.19140000000000001,89.99797590182705,90.0,0.06275635105943954,-0.031100912199503478,-6.271971708033395e-05,4.5963670357819085e-06,12.00000000006271,0.0001472513447493621,-0.0004258746221504158,-5.225884233828957e-09,-5.225884233828957e-09,0.10459391843239924,1.2270945395716049e-05
0.19160000000000002,89.9979884174658,90.0,0.06240007437758576,-0.030952958674765593,-6.24305358410604e-05,4.567946245636763e-06,12.000000000062059,0.00014639555952797607,-0.00042391104583436084,-5.171557895390819e-09,-5.171557895390819e-09,0.10400012396264294,1.2199629960601582e-05
0.1918,89.99800086201874,90.0,0.06204549251163154,-0.03080538646859345,-6.214197628967695e-05,4.539686878770426e-06,12.000000000061412,0.00014554406868908123,-0.0004219516908558312,-5.117713823090064e-09,-5.117713823090064e-09,0.10340915418605257,1.2128672390694699e-05
0.192,89.99801323582436,90.0,0.0616926010944469,-0.03065819893638383,-6.185404696572204e-05,4.511588166480537e-06,12.000000000060773,0.00014469685816221196,-0.0004199966151993472,-5.064349221483441e-09,-5.064349221483441e-09,0.10282100182407818,1.2058071513456597e-05
0.1922,89.99802553922031,90.0,0.061341395720451185,-0.030511399356043092,-6.156675623369416e-05,4.483649342000356e-06,12.000000000060137,0.00014385391382715982,-0.00041804587566088633,-5.0114612810682784e-09,-5.0114612810682784e-09,0.10223565953408531,1.1987826152203244e-05
0.19240000000000002,89.99803777254338,90.0,0.06099187194650103,-0.030364990928161154,-6.128011228331707e-05,4.455869640585438e-06,12.000000000059508,0.00014301522151624109,-0.00041609952784968385,-4.95904717899423e-09,-4.95904717899423e-09,0.10165311991083506,1.1917935126294322e-05
0.19260000000000002,89.99804993612942,90.0,0.06064402529277604,-0.030218976776537565,-6.099412313062886e-05,4.42824829957141e-06,12.000000000058886,0.0001421807670163146,-0.00041415762619562813,-4.9071040798217965e-09,-4.9071040798217965e-09,0.10107337548796005,1.184839725130141e-05
0.1928,89.99806203031342,90.0,0.060297851243658676,-0.030073359950831255,-6.0708796624036514e-05,4.400784558258411e-06,12.000000000058268,0.0001413505360693132,-0.0004122202239903715,-4.855629136614037e-09,-4.855629136614037e-09,0.10049641873943113,1.1779211339052238e-05
0.193,89.99807405542943,90.0,0.05995334524858384,-0.029928143425970246,-6.042414044280065e-05,4.373477658055544e-06,12.000000000057655,0.00014052451437493723,-0.0004102873733770415,-4.804619491475025e-09,-4.804619491475025e-09,0.09992224208097307,1.1710376197855172e-05
0.1932,89.9980860118106,90.0,0.05961050272289479,-0.029783330103702193,-6.0140162100524244e-05,4.346326842451982e-06,12.00000000005705,0.0001397026875918831,-0.0004083591253739301,-4.75407227642813e-09,-4.75407227642813e-09,0.09935083787149131,1.1641890632601578e-05
0.19340000000000002,89.99809789978917,90.0,0.059269319048681934,-0.029638922814120717,-5.985686894858741e-05,4.319331356988083e-06,12.000000000056449,0.00013888504133904186,-0.0004064355298978158,-4.703984614270666e-09,-4.703984614270666e-09,0.09878219841446988,1.1573753444865711e-05
0.19360000000000002,89.99810971969644,90.0,0.0589297895756034,-0.029494924316100592,-5.9574268177034245e-05,4.292490449313165e-06,12.000000000055852,0.00013807156119740474,-0.0004045166357699857,-4.654353619235326e-09,-4.654353619235326e-09,0.098216315959339,1.1505963433063509e-05
0.1938,89.9981214718628,90.0,0.05859190962170141,-0.02935133729772715,-5.929236681544667e-05,4.2658033692432904e-06,12.000000000055262,0.0001372622327119618,-0.0004026024907221688,-4.60517639763894e-09,-4.60517639763894e-09,0.09765318270283567,1.1438519392610805e-05
0.194,89.99813315661767,90.0,0.058255674474213155,-0.029208164378494238,-5.9011171737953924e-05,4.239269368674593e-06,12.000000000054676,0.00013645704139236015,-0.0004006931414305514,-4.55645004879787e-09,-4.55645004879787e-09,0.09709279079035525,1.13714201159782e-05
0.1942,89.99814477428954,90.0,0.05792107939035658,-0.02906540810933557,-5.873068966318068e-05,4.21288770166995e-06,12.000000000054097,0.00013565597271499575,-0.00039878863351542444,-4.508171665581249e-09,-4.508171665581249e-09,0.09653513231726096,1.130466439286535e-05
0.19440000000000002,89.99815632520593,90.0,0.05758811959811597,-0.028923070973366324,-5.8450927155855885e-05,4.186657624487869e-06,12.000000000053525,0.0001348590121246129,-0.00039688901155210794,-4.460338335066051e-09,-4.460338335066051e-09,0.09598019933019329,1.1238251010334281e-05
0.19460000000000002,89.99816780969343,90.0,0.057256790297019085,-0.02878115538803411,-5.8171890631717535e-05,4.1605783954958185e-06,12.000000000052957,0.00013406614503490424,-0.0003949943191042549,-4.412947139396716e-09,-4.412947139396716e-09,0.09542798382836513,1.1172178752859383e-05
0.1948,89.99817922807765,90.0,0.05692708665888937,-0.028639663704748075,-5.789358635652594e-05,4.1346492752857935e-06,12.000000000052392,0.00013327735683079118,-0.0003931045987171515,-4.36599515623517e-09,-4.36599515623517e-09,0.0948784777648156,1.1106446402517441e-05
0.195,89.99819058068324,90.0,0.05659900382860274,-0.02849859821029094,-5.761602044924434e-05,4.1088695266454175e-06,12.000000000051834,0.00013249263286948103,-0.0003912198919393135,-4.319479459477467e-09,-4.319479459477467e-09,0.09433167304767123,1.1041052739075727e-05
0.1952,89.9982018678339,90.0,0.05627253692482781,-0.028357961127852466,-5.733919888433717e-05,4.083238414557948e-06,12.00000000005128,0.00013171195848174228,-0.00038934023933809194,-4.273397119895936e-09,-4.273397119895936e-09,0.0937875615413797,1.0975996540098286e-05
0.19540000000000002,89.99821308985229,90.0,0.055947681040754725,-0.028217754617336607,-5.7063127492372134e-05,4.057755206260052e-06,12.000000000050733,0.00013093531897365206,-0.00038746568050376145,-4.22774520565739e-09,-4.22774520565739e-09,0.09324613506792455,1.0911276581091542e-05
0.1956,89.99822424706012,90.0,0.05562443124482009,-0.028077980777084247,-5.67878119639323e-05,4.032419171184032e-06,12.00000000005019,0.00013016269962735273,-0.00038559625407608356,-4.182520783043977e-09,-4.182520783043977e-09,0.09270738540803349,1.0846891635567362e-05
0.1958,89.99823533977813,90.0,0.055302782581412434,-0.027938641643792343,-5.6513257849314755e-05,4.007229581044488e-06,12.000000000049653,0.00012939408570300528,-0.0003837319977422607,-4.137720916886838e-09,-4.137720916886838e-09,0.09217130430235405,1.0782840475205823e-05
0.196,89.99824636832604,90.0,0.054982730071578396,-0.027799739194210596,-5.623947056238476e-05,3.982185709780547e-06,12.00000000004912,0.00012862946243951355,-0.00038187294826310644,-4.093342671256207e-09,-4.093342671256207e-09,0.09163788345263066,1.0719121869915586e-05
0.1962,89.99825733302258,90.0,0.054664268713709684,-0.027661275345034667,-5.596645538021678e-05,3.957286833642522e-06,12.000000000048594,0.00012786881505644584,-0.0003800191414706078,-4.0493831098681415e-09,-4.0493831098681415e-09,0.09110711452284946,1.0655734587994002e-05
0.19640000000000002,89.99826823418547,90.0,0.05434739348423102,-0.027523251954932687,-5.5694217447722615e-05,3.932532231105254e-06,12.00000000004807,0.0001271121287544816,-0.00037817061229935113,-4.005839296796975e-09,-4.005839296796975e-09,0.09057898914038504,1.0592677396164368e-05
0.1966,89.99827907213145,90.0,0.05403209933826499,-0.027385670824762946,-5.542276177805447e-05,3.90792118292588e-06,12.000000000047553,0.00012635938871704872,-0.00037632739478925877,-3.962708296905147e-09,-3.962708296905147e-09,0.09005349889710833,1.0529949059712333e-05
0.1968,89.99828984717622,90.0,0.053718381210294375,-0.02724853369743281,-5.515209325216979e-05,3.883452972230513e-06,12.00000000004704,0.00012561058011220283,-0.00037448952208263443,-3.919987176213076e-09,-3.919987176213076e-09,0.08953063535049062,1.0467548342642538e-05
0.197,89.99830055963449,90.0,0.05340623401482638,-0.027111842260602693,-5.4882216625046894e-05,3.859126884369784e-06,12.000000000046533,0.00012486568809254086,-0.00037265702646636787,-3.877673002671899e-09,-3.877673002671899e-09,0.08901039002471063,1.0405474007671389e-05
0.19720000000000001,89.99831120981989,90.0,0.053095652647025274,-0.026975598145792843,-5.461313652349612e-05,3.8349422070632994e-06,12.000000000046029,0.00012412469779752132,-0.00037082993935707247,-3.835762846399435e-09,-3.835762846399435e-09,0.0884927544117088,1.0343724816420434e-05
0.19740000000000002,89.99832179804513,90.0,0.052786631983355696,-0.026839802930347482,-5.434485745064929e-05,3.8108982303129655e-06,12.000000000045532,0.00012338759435383403,-0.0003690082913315693,-3.794253780320694e-09,-3.794253780320694e-09,0.08797771997225952,1.0282299529447155e-05
0.1976,89.99833232462181,90.0,0.052479166882203575,-0.026704458137591217,-5.407738378622649e-05,3.786994246460769e-06,12.000000000045038,0.00012265436287696186,-0.00036719211212869843,-3.753142880535201e-09,-3.753142880535201e-09,0.08746527813700596,1.0221196906375127e-05
0.1978,89.99834278986053,90.0,0.0521732521844948,-0.026569565237337583,-5.381071978762658e-05,3.7632295502176706e-06,12.00000000004455,0.00012192498847249256,-0.00036538143065672373,-3.712427226726541e-09,-3.712427226726541e-09,0.08695542030749132,1.0160415706003326e-05
0.198,89.99835319407083,90.0,0.051868882714308506,-0.02643512564710065,-5.354486959266201e-05,3.73960343863471e-06,12.000000000044064,0.00012119945623692895,-0.00036357627501190263,-3.6721039026607445e-09,-3.6721039026607445e-09,0.08644813785718083,1.009995468637366e-05
0.19820000000000002,89.99836353756127,90.0,0.051566053279476144,-0.026301140733286696,-5.327983722224948e-05,3.7161152110741206e-06,12.000000000043585,0.00012047775125847475,-0.0003617766724967558,-3.63216999666871e-09,-3.63216999666871e-09,0.08594342213246023,1.003981260483643e-05
0.19840000000000002,89.99837382063933,90.0,0.051264758672167246,-0.02616761181094633,-5.3015626579737185e-05,3.692764169295996e-06,12.000000000043112,0.00011975985861878191,-0.0003599826496154995,-3.5926226019176528e-09,-3.5926226019176528e-09,0.08544126445361207,9.979988218195972e-06
0.1986,89.99838404361144,90.0,0.050964993669477564,-0.02603454014495094,-5.27522414535615e-05,3.669549617429401e-06,12.000000000042641,0.00011904576339371751,-0.0003581942320920843,-3.55345881687309e-09,-3.55345881687309e-09,0.08494165611579595,9.920480282774541e-06
0.1988,89.998394206783,90.0,0.05066675303400427,-0.025901926950795795,-5.24896855190331e-05,3.6464708619723733e-06,12.000000000042176,0.00011833545065435449,-0.0003564114448823236,-3.514675745697596e-09,-3.514675745697596e-09,0.0844445883900071,9.861287554494882e-06
0.199,89.99840431045838,90.0,0.05037003151441141,-0.025769773395389675,-5.2227962340092725e-05,3.6235272117919214e-06,12.000000000041716,0.00011762890546794592,-0.00035463431218581484,-3.4762704986375187e-09,-3.4762704986375187e-09,0.08395005252401902,9.802408788961417e-06
0.19920000000000002,89.99841435494085,90.0,0.050074823845986896,-0.025638080597121887,-5.1967075369379465e-05,3.600717978181804e-06,12.000000000041258,0.00011692611289937619,-0.0003528628574464038,-3.4382401923027374e-09,-3.4382401923027374e-09,0.0834580397433115,9.743842741581182e-06
0.19940000000000002,89.99842434053265,90.0,0.04978112475119821,-0.02550684962770408,-5.170702795244801e-05,3.5780424747758623e-06,12.000000000040806,0.00011622705801138031,-0.0003510971033808199,-3.4005819501776148e-09,-3.4005819501776148e-09,0.08296854125199703,9.68558816758209e-06
0.1996,89.99843426753498,90.0,0.04948892894022716,-0.0253760815114958,-5.1447823326106846e-05,3.5555000176635792e-06,12.000000000040359,0.00011553172586644909,-0.00034933707196739224,-3.3632929027824184e-09,-3.3632929027824184e-09,0.08248154823371193,9.62764382217171e-06
0.1998,89.99844413624797,90.0,0.04919823111151259,-0.025245777227683355,-5.11894646234257e-05,3.5330899252745186e-06,12.000000000039917,0.00011484010152677991,-0.0003475827844800511,-3.3263701882097626e-09,-3.3263701882097626e-09,0.08199705185252099,9.570008460533159e-06
0.2,89.99845394697067,90.0,0.04890902595226781,-0.025115937709225905,-5.0931954871189284e-05,3.5108115185227747e-06,12.000000000039478,0.00011415217005639814,-0.0003458342614710384,-3.28981095222008e-09,-3.28981095222008e-09,0.08151504325377969,9.512680838001884e-06
0.20020000000000002,89.9984637000011,90.0,0.04862130813901043,-0.024986563845371595,-5.067529699569531e-05,3.4886641206625246e-06,12.000000000039044,0.00011346791652083952,-0.0003440915228102768,-3.253612348803167e-09,-3.253612348803167e-09,0.08103551356501737,9.455659710039194e-06
0.20040000000000002,89.99847339563617,90.0,0.04833507233806296,-0.02485765648058023,-5.0419493820156194e-05,3.4666470574324754e-06,12.000000000038614,0.00011278732598924287,-0.0003423545876677273,-3.2177715402557113e-09,-3.2177715402557113e-09,0.0805584538967716,9.398943832406662e-06
0.2006,89.99848303417177,90.0,0.048050313206066175,-0.024729216416305794,-5.0164548068784525e-05,3.4447596569691965e-06,12.000000000038188,0.000112110383534496,-0.00034062347454112956,-3.1822856976280952e-09,-3.1822856976280952e-09,0.08008385534344362,9.34253196117827e-06
0.2008,89.9984926159027,90.0,0.04776702539047167,-0.024601244411684264,-4.991046236832278e-05,3.4230012498071172e-06,12.000000000037765,0.00011143707423408429,-0.0003388982012663893,-3.1471520010167845e-09,-3.1471520010167845e-09,0.07961170898411944,9.286422852811131e-06
0.201,89.99850214112269,90.0,0.0474852035300269,-0.024473741183144992,-4.9657239247057484e-05,3.4013711689652e-06,12.00000000003735,0.00011076738317166424,-0.0003371787850108842,-3.112367639711714e-09,-3.112367639711714e-09,0.07914200588337816,9.230615264276623e-06
0.20120000000000002,89.99851161012435,90.0,0.04720484225526436,-0.024346707405804274,-4.940488113799934e-05,3.3798687498891572e-06,12.000000000036934,0.00011010129543741407,-0.0003354652422950573,-3.07792981256651e-09,-3.07792981256651e-09,0.07867473709210726,9.175107953089599e-06
0.20140000000000002,89.99852102319932,90.0,0.04692593618897493,-0.024220143714126313,-4.915339038035308e-05,3.3584933304514523e-06,12.000000000036525,0.00010943879612884906,-0.0003337575890023975,-3.0438357282648666e-09,-3.0438357282648666e-09,0.07820989364829155,9.11989967737633e-06
0.2016,89.99853038063806,90.0,0.04664847994667382,-0.024094050702573745,-4.8902769220964174e-05,3.337244250951301e-06,12.00000000003612,0.00010877987035162398,-0.00033205584038926294,-3.010082605577904e-09,-3.010082605577904e-09,0.07774746657778969,9.06498919594138e-06
0.2018,89.99853968273001,90.0,0.04637246813705866,-0.023968428925536717,-4.8653019814080054e-05,3.3161208541724482e-06,12.000000000035719,0.00010812450322081452,-0.00033036001108325966,-2.976667673524492e-09,-2.976667673524492e-09,0.07728744689509776,9.01037526837439e-06
0.202,89.99854892976353,90.0,0.04609789536246891,-0.023843278898684928,-4.84041442244379e-05,3.2951224853253925e-06,12.000000000035323,0.00010747267986121629,-0.000328670115104208,-2.9435881717033064e-09,-2.9435881717033064e-09,0.07682982560411485,8.956056655074995e-06
0.20220000000000002,89.99855812202587,90.0,0.045824756219329126,-0.02371860109923124,-4.8156144427810306e-05,3.2742484920762724e-06,12.00000000003493,0.00010682438540835458,-0.0003269861658678478,-2.910841350480455e-09,-2.910841350480455e-09,0.07637459369888189,8.90203211733697e-06
0.2024,89.99856725980322,90.0,0.04555304529859007,-0.02359439596654757,-4.7909022312374975e-05,3.253498224546867e-06,12.000000000034541,0.00010617960500924405,-0.0003253081761951388,-2.878424471214832e-09,-2.878424471214832e-09,0.07592174216431678,8.848300417411536e-06
0.2026,89.99857634338068,90.0,0.045282757186161836,-0.02347066390241442,-4.766277967922913e-05,3.2328710353434884e-06,12.000000000034156,0.00010553832382338096,-0.0003236361583157534,-2.8463348064321456e-09,-2.8463348064321456e-09,0.07547126197693639,8.794860318590047e-06
0.2028,89.99858537304227,90.0,0.045013886463344775,-0.023347405272688346,-4.741741824621915e-05,3.2123662794703075e-06,12.000000000033776,0.00010490052702274707,-0.0003219701238940807,-2.8145696401644305e-09,-2.8145696401644305e-09,0.07502314410557463,8.741710585204318e-06
0.203,89.99859434907093,90.0,0.04474642770724107,-0.023224620406100262,-4.7172939645065764e-05,3.191983314473808e-06,12.000000000033397,0.00010426619979374918,-0.00032031008400970585,-2.7831262679346357e-09,-2.7831262679346357e-09,0.07457737951206844,8.688849982788249e-06
0.20320000000000002,89.99860327174851,90.0,0.0444803754911801,-0.023102309596981035,-4.692934542766827e-05,3.1717215002694447e-06,12.000000000033024,0.00010363532733647515,-0.0003186560492002167,-2.7520019972101256e-09,-2.7520019972101256e-09,0.07413395915196684,8.636277278015828e-06
0.2034,89.99861214135576,90.0,0.04421572438511271,-0.022980473103325027,-4.668663706151472e-05,3.1515801993438724e-06,12.000000000032653,0.00010300789486709575,-0.0003170080294300383,-2.7211941472888104e-09,-2.7211941472888104e-09,0.07369287397518785,8.583991238901287e-06
0.2036,89.9986209581724,90.0,0.04395246895602728,-0.022859111149857968,-4.644481593678785e-05,3.131558776552718e-06,12.000000000032287,0.00010238388761685857,-0.000315366034138683,-2.690700049778536e-09,-2.690700049778536e-09,0.07325411492671213,8.531990634715257e-06
0.2038,89.99862972247696,90.0,0.043690603768331074,-0.022738223926437807,-4.6203883362565826e-05,3.1116565992939196e-06,12.000000000031926,0.00010176329083422165,-0.00031373007221495317,-2.6605170485138916e-09,-2.6605170485138916e-09,0.07281767294721846,8.480274236162575e-06
0.20400000000000001,89.99863843454699,90.0,0.04343012338424978,-0.022617811590033624,-4.5963840571385046e-05,3.091873037392165e-06,12.000000000031568,0.00010114608978455712,-0.0003121001520279232,-2.630642499892267e-09,-2.630642499892267e-09,0.07238353897374963,8.428840815357587e-06
0.20420000000000002,89.99864709465889,90.0,0.043171022364204274,-0.02249787426454119,-4.572468871874896e-05,3.072207463156676e-06,12.000000000031214,0.0001005322697512925,-0.0003104762814236041,-2.6010737729478984e-09,-2.6010737729478984e-09,0.07195170394034046,8.37768914591925e-06
0.2044,89.998655703088,90.0,0.042913295267189545,-0.022378412041667267,-4.548642888513513e-05,3.0526592513523125e-06,12.000000000030862,9.99218160363172e-05,-0.0003088584677385719,-2.571808249546085e-09,-2.571808249546085e-09,0.07152215877864924,8.326818003005018e-06
0.2046,89.99866426010857,90.0,0.04265693665114361,-0.022259424981089508,-4.524906207631028e-05,3.033227779228466e-06,12.000000000030514,9.931471396086416e-05,-0.0003072467178021069,-2.54284332448775e-09,-2.54284332448775e-09,0.07109489441857268,8.276226163384302e-06
0.2048,89.99867276599372,90.0,0.04240194107331441,-0.022140913110968656,-4.501258922446942e-05,3.013912426519062e-06,12.00000000003017,9.871094886614178e-05,-0.0003056410379439282,-2.5141764056501455e-09,-2.5141764056501455e-09,0.07066990178885735,8.225912405491135e-06
0.20500000000000002,89.99868122101553,90.0,0.042148303090620905,-0.022022876428808083,-4.477701119018776e-05,2.994712575413663e-06,12.000000000029829,9.811050611370983e-05,-0.00030404143400744783,-2.4858049141612222e-09,-2.4858049141612222e-09,0.07024717181770151,8.175875509455495e-06
0.20520000000000002,89.99868962544498,90.0,0.041896017260004484,-0.021905314901589108,-4.454232876268116e-05,2.975627610586365e-06,12.000000000029493,9.751337108633079e-05,-0.0003024479113515388,-2.457726284486316e-09,-2.457726284486316e-09,0.0698266954333408,8.12611425717426e-06
0.2054,89.99869797955193,90.0,0.04164507813877849,-0.02178822846661435,-4.4308542661722114e-05,2.956656919166905e-06,12.00000000002916,9.691952918832596e-05,-0.00030086047486354526,-2.4299379645900103e-09,-2.4299379645900103e-09,0.06940846356463082,8.07662743234087e-06
0.2056,89.99870628360523,90.0,0.04139548028496841,-0.0216716170319827,-4.407565353869599e-05,2.937799890740661e-06,12.00000000002883,9.632896584616122e-05,-0.0002992791289664543,-2.402437416050766e-09,-2.402437416050766e-09,0.06899246714161401,8.027413820494149e-06
0.2058,89.99871453787253,90.0,0.04114721825764639,-0.021555480476345833,-4.3843661975978604e-05,2.919055917406432e-06,12.000000000028503,9.574166650951565e-05,-0.0002977038776146696,-2.375222114092138e-09,-2.375222114092138e-09,0.06857869709607732,7.978472209107352e-06
0.20600000000000002,89.9987227426205,90.0,0.040900286617268744,-0.02143981865009005,-4.3612568489645395e-05,2.9004243937186576e-06,12.00000000002818,9.515761665137051e-05,-0.00029613472431240707,-2.3482895477677624e-09,-2.3482895477677624e-09,0.06816714436211457,7.929801387595588e-06
0.20620000000000002,89.99873089811464,90.0,0.04065467992599975,-0.021324631375788328,-4.338237353047673e-05,2.881904716687419e-06,12.00000000002786,9.45768017685671e-05,-0.00029457167212052106,-2.321637220059432e-09,-2.321637220059432e-09,0.06775779987666625,7.881400147362293e-06
0.2064,89.9987390046194,90.0,0.04041039274803037,-0.02120991844793485,-4.3153077483286556e-05,2.8634962858362186e-06,12.000000000027544,9.399920738284795e-05,-0.0002930147236519458,-2.2952626478936592e-09,-2.2952626478936592e-09,0.06735065458005061,7.833267281886015e-06
0.2066,89.99874706239815,90.0,0.040167419649899866,-0.02109567963481508,-4.2924680671243156e-05,2.84519850308642e-06,12.00000000002723,9.342481904042625e-05,-0.0002914638811010338,-2.2691633623852176e-09,-2.2691633623852176e-09,0.06694569941649978,7.785401586684521e-06
0.2068,89.99875507171316,90.0,0.03992575520079626,-0.020981914677504272,-4.269718335347993e-05,2.827010772872807e-06,12.000000000026919,9.285362231348804e-05,-0.0002899191462273329,-2.2433369087651078e-09,-2.2433369087651078e-09,0.06654292533466044,7.73780185943998e-06
0.20700000000000002,89.99876303282562,90.0,0.039685393972868105,-0.020868623291013272,-4.247058572772456e-05,2.8089325020858064e-06,12.000000000026613,9.228560280023681e-05,-0.00028838052037343843,-2.2177808465374766e-09,-2.2177808465374766e-09,0.06614232328811351,7.690466900002678e-06
0.20720000000000002,89.99877094599563,90.0,0.03944633054152285,-0.02075580516470516,-4.224488793122551e-05,2.790963100071485e-06,12.00000000002631,9.172074612540759e-05,-0.0002868480044712844,-2.192492749552731e-09,-2.192492749552731e-09,0.06574388423587141,7.643395510433875e-06
0.2074,89.99877881148221,90.0,0.03920855948572107,-0.02064345996235077,-4.2020090040835e-05,2.77310197866044e-06,12.00000000002601,9.115903794101976e-05,-0.0002853215990427068,-2.1674702060391805e-09,-2.1674702060391805e-09,0.06534759914286845,7.596586495068515e-06
0.2076,89.99878662954328,90.0,0.038972075388269425,-0.020531587322893015,-4.1796192074749244e-05,2.755348552138911e-06,12.000000000025713,9.060046392663567e-05,-0.0002838013042112603,-2.142710818705779e-09,-2.142710818705779e-09,0.06495345898044905,7.550038660536794e-06
0.2078,89.9987944004357,90.0,0.03873687283610541,-0.02042018686119973,-4.157319399422315e-05,2.737702237219888e-06,12.00000000002542,9.004500978960489e-05,-0.00028228711971386094,-2.118212204838344e-09,-2.118212204838344e-09,0.06456145472684235,7.503750815784512e-06
0.20800000000000002,89.99880212441523,90.0,0.03850294642057296,-0.020309258167382715,-4.13510957019345e-05,2.7201624531297835e-06,12.000000000025128,8.949266126627736e-05,-0.00028077904488967877,-2.093971996244024e-09,-2.093971996244024e-09,0.0641715773676216,7.457721772174163e-06
0.2082,89.99880980173658,90.0,0.03827029073770618,-0.02019880080861497,-4.1129897046187174e-05,2.702728621492869e-06,12.00000000002484,8.89434041215077e-05,-0.0002792770787086784,-2.069987839450723e-09,-2.069987839450723e-09,0.06378381789617697,7.411950343443631e-06
0.2084,89.99881743265334,90.0,0.038038900388492336,-0.020088814328076757,-4.090959781840535e-05,2.6854001664468392e-06,12.000000000024556,8.839722415009248e-05,-0.0002777812197546043,-2.046257395606967e-09,-2.046257395606967e-09,0.06339816731415389,7.366435345825966e-06
0.2086,89.99882501741803,90.0,0.03780876997914647,-0.019979298246760216,-4.069019775730872e-05,2.6681765145272482e-06,12.000000000024272,8.785410717625908e-05,-0.0002762914662533309,-2.0227783406714e-09,-2.0227783406714e-09,0.06301461663191078,7.3211755980067814e-06
0.2088,89.99883255628211,90.0,0.03757989412136587,-0.01987025206311406,-4.047169654804131e-05,2.6510570947252935e-06,12.000000000023995,8.731403905459602e-05,-0.0002748078160669472,-1.999548365377474e-09,-1.999548365377474e-09,0.06263315686894312,7.276169921201786e-06
0.20900000000000002,89.99884004949594,90.0,0.03735226743258834,-0.01976167525304892,-4.025409382214289e-05,2.6340413385167023e-06,12.000000000023718,8.677700567074396e-05,-0.00027333026669356286,-1.9765651752338655e-09,-1.9765651752338655e-09,0.0622537790543139,7.23141713921437e-06
0.2092,89.99884749730883,90.0,0.037125884536250355,-0.01965356727136366,-4.003738916084235e-05,2.617128679775063e-06,12.000000000023446,8.624299294110219e-05,-0.0002718588152896703,-1.9538264906631357e-09,-1.9538264906631357e-09,0.06187647422708392,7.18691607841114e-06
0.2094,89.998854899969,90.0,0.03690074006202902,-0.01954592755137262,-3.982158209414779e-05,2.6003185548296053e-06,12.000000000023176,8.571198681373745e-05,-0.0002703934586639665,-1.9313300469568333e-09,-1.9313300469568333e-09,0.061501233436715035,7.142665567797659e-06
0.2096,89.99886225772359,90.0,0.03667682864608826,-0.019438755505249386,-3.960667210161096e-05,2.5836104024652015e-06,12.000000000022908,8.518397326880808e-05,-0.0002689341932825436,-1.9090735943004102e-09,-1.9090735943004102e-09,0.061128047743480435,7.098664439053788e-06
0.20980000000000001,89.99886957081868,90.0,0.03645414493132095,-0.01933205052472014,-3.939265861390968e-05,2.5670036638934724e-06,12.000000000022645,8.465893831873504e-05,-0.00026748101527963365,-1.887054897829033e-09,-1.887054897829033e-09,0.060756908218868255,7.05491152654794e-06
0.21000000000000002,89.99887683949929,90.0,0.03623268356758339,-0.019225811981746322,-3.917954101440651e-05,2.5504977827239033e-06,12.000000000022382,8.413686800835951e-05,-0.0002660339204681924,-1.86527173767808e-09,-1.86527173767808e-09,0.06038780594597232,7.011405667350215e-06
0.2102,89.99888406400933,90.0,0.03601243921192166,-0.019120039227774832,-3.896731863735975e-05,2.534092205050509e-06,12.000000000022125,8.361774841607133e-05,-0.0002645929043277514,-1.8437219088928965e-09,-1.8437219088928965e-09,0.060020732019869426,6.96814570132643e-06
0.2104,89.99889124459168,90.0,0.03579340652880668,-0.01901473159513213,-3.875599077114524e-05,2.5177863793651653e-06,12.000000000021869,8.310156565347538e-05,-0.00026315796202629486,-1.8224032215435892e-09,-1.8224032215435892e-09,0.059655677548011134,6.925130471110329e-06
0.2106,89.99889838148813,90.0,0.035575580190353215,-0.018909888397329933,-3.854555665893619e-05,2.50157975655761e-06,12.000000000021615,8.258830586576897e-05,-0.0002617290884248754,-1.801313500730297e-09,-1.801313500730297e-09,0.05929263365058869,6.882358822135017e-06
0.21080000000000002,89.99890547493943,90.0,0.03535895487653569,-0.01880550892865604,-3.83360154977122e-05,2.485471789973222e-06,12.000000000021366,8.207795523260561e-05,-0.00026030627807088535,-1.7804505865191896e-09,-1.7804505865191896e-09,0.05893159146089281,6.8398296027049565e-06
0.21100000000000002,89.99891252518526,90.0,0.03514352527540823,-0.018701592465547437,-3.812736644143436e-05,2.469461935326352e-06,12.000000000021117,8.157049996773601e-05,-0.00025888952521961606,-1.7598123340447266e-09,-1.7598123340447266e-09,0.05857254212568039,6.797541663966039e-06
0.2112,89.99891953246421,90.0,0.03492928608330939,-0.01859813826545495,-3.7919608598358444e-05,2.453549650815881e-06,12.000000000020872,8.106592632034477e-05,-0.00025747882381601416,-1.7393966133734775e-09,-1.7393966133734775e-09,0.05821547680551564,6.755493860016981e-06
0.2114,89.99892649701385,90.0,0.03471623200507954,-0.018495145568923274,-3.7712741035862976e-05,2.4377343969807725e-06,12.00000000002063,8.056422057419463e-05,-0.0002560741675274647,-1.7192013096667054e-09,-1.7192013096667054e-09,0.05786038667513257,6.713685047838011e-06
0.2116,89.9989334190707,90.0,0.03450435775425471,-0.018392613599150932,-3.750676277938974e-05,2.4220156367578504e-06,12.00000000002039,8.006536904845242e-05,-0.000254675549736597,-1.6992243231036241e-09,-1.6992243231036241e-09,0.057507262923757844,6.672114087359697e-06
0.21180000000000002,89.99894029887014,90.0,0.034293658053265196,-0.018290541561557204,-3.730167281139965e-05,2.406392835539581e-06,12.000000000020155,7.956935809852338e-05,-0.0002532829635341952,-1.6794635688061475e-09,-1.6794635688061475e-09,0.057156096755442,6.630779841532478e-06
0.21200000000000002,89.99894713664659,90.0,0.03408412763363953,-0.01818892864513257,-3.709747007449745e-05,2.3908654610874017e-06,12.00000000001992,7.907617411566417e-05,-0.0002518964017404148,-1.6599169769251056e-09,-1.6599169769251056e-09,0.05680687938939921,6.589681176294409e-06
0.2122,89.99895393263336,90.0,0.03387576123619246,-0.018087774022346043,-3.6894153471185104e-05,2.3754329835606105e-06,12.000000000019686,7.858580352755293e-05,-0.0002505158569031088,-1.6405824925909982e-09,-1.6405824925909982e-09,0.05645960206032076,6.548816960618668e-06
0.2124,89.99896068706275,90.0,0.033668553611214375,-0.01798707685012013,-3.669172186611099e-05,2.360094875458587e-06,12.000000000019458,7.809823279812309e-05,-0.00024914132131309937,-1.621458075959239e-09,-1.621458075959239e-09,0.05611425601869062,6.508186066499704e-06
0.2126,89.99896740016598,90.0,0.03346249951864962,-0.017886836269014016,-3.64901740841319e-05,2.344850611707464e-06,12.00000000001923,7.761344842860908e-05,-0.0002477727869910191,-1.6025417020924487e-09,-1.6025417020924487e-09,0.055770832531082705,6.467787369040392e-06
0.21280000000000002,89.99897407217323,90.0,0.03325759372828359,-0.017787051403840022,-3.6289508911724466e-05,2.3296996696312334e-06,12.000000000019007,7.713143695762231e-05,-0.00024641024569689455,-1.583831360971012e-09,-1.583831360971012e-09,0.055429322880472635,6.427619746458345e-06
0.21300000000000002,89.99898070331363,90.0,0.03305383101992358,-0.017687721364982048,-3.6089725100038666e-05,2.3146415288650795e-06,12.000000000018783,7.665218496072452e-05,-0.00024505368895087987,-1.5653250575617748e-09,-1.5653250575617748e-09,0.055089718366539295,6.387682080050378e-06
0.2132,89.9989872938153,90.0,0.03285120618356385,-0.01758884524720481,-3.5890821362087736e-05,2.2996756714709394e-06,12.000000000018563,7.617567905169646e-05,-0.00024370310801417603,-1.5470208116633392e-09,-1.5470208116633392e-09,0.05475201030593975,6.347973254298219e-06
0.2134,89.99899384390528,90.0,0.03264971401956476,-0.017490422131325165,-3.569279637662699e-05,2.2848015818219394e-06,12.000000000018346,7.570190588186198e-05,-0.00024235849391536846,-1.5289166580019162e-09,-1.5289166580019162e-09,0.05441619003260794,6.308492156812187e-06
0.2136,89.9990003538096,90.0,0.03244934933881242,-0.017392451083369134,-3.549564878615759e-05,2.2700187466890697e-06,12.000000000018133,7.523085214110143e-05,-0.00024101983743687254,-1.511010646104855e-09,-1.511010646104855e-09,0.05408224889802069,6.2692376784156456e-06
0.21380000000000002,89.99900682375322,90.0,0.03225010696288837,-0.017294931155519423,-3.529937719911473e-05,2.2553266551833996e-06,12.00000000001792,7.476250455765167e-05,-0.00023968712912979142,-1.493300840329143e-09,-1.493300840329143e-09,0.053750178271480605,6.2302087131283355e-06
0.21400000000000002,89.99901325396009,90.0,0.032051981724228,-0.017197861385981325,-3.510398018952893e-05,2.2407247987849716e-06,12.00000000001771,7.429684989862512e-05,-0.0002383603593116162,-1.4757853197942804e-09,-1.4757853197942804e-09,0.053419969540379995,6.191404158209623e-06
0.2142,89.9990196446531,90.0,0.031854968466280914,-0.017101240799917143,-3.4909456299185035e-05,2.2262126712850193e-06,12.0000000000175,7.383387496979372e-05,-0.00023703951808088609,-1.4584621784048981e-09,-1.4584621784048981e-09,0.0530916141104682,6.152822914140503e-06
0.2144,89.99902599605419,90.0,0.031659062043660334,-0.017005068409299537,-3.4715804037255573e-05,2.2117897688148587e-06,12.000000000017295,7.337356661609233e-05,-0.00023572459531469837,-1.441329524779125e-09,-1.441329524779125e-09,0.05276510340610056,6.114463884665549e-06
0.2146,89.99903230838416,90.0,0.031464257322294104,-0.01690934321276715,-3.45230218799392e-05,2.197455589874776e-06,12.000000000017092,7.291591172212514e-05,-0.00023441558066625387,-1.4243854821772438e-09,-1.4243854821772438e-09,0.05244042887049017,6.076325976835107e-06
0.21480000000000002,89.99903858186285,90.0,0.03127054917957757,-0.016814064196548552,-3.43311082725964e-05,2.18320963527625e-06,12.000000000016891,7.246089721193658e-05,-0.0002331124635793583,-1.4076281885184511e-09,-1.4076281885184511e-09,0.05211758196596262,6.038408100986215e-06
0.215,89.99904481670907,90.0,0.031077932504515914,-0.016719230334660974,-3.4140061630191464e-05,2.1690514081419517e-06,12.000000000016692,7.200851004925657e-05,-0.00023181523329142355,-1.3910557963344172e-09,-1.3910557963344172e-09,0.05179655417419319,6.0007091707630335e-06
0.2152,89.99905101314062,90.0,0.030886402197863864,-0.016624840588750155,-3.3949880336895764e-05,2.1549804139346315e-06,12.000000000016495,7.155873723798738e-05,-0.00023052387883077375,-1.3746664726925254e-09,-1.3746664726925254e-09,0.051477336996439776,5.9632281031574184e-06
0.2154,89.99905717137423,90.0,0.030695953172267636,-0.016530893908999027,-3.376056274818963e-05,2.1409961603993447e-06,12.000000000016302,7.111156582195573e-05,-0.00022923838903091728,-1.358458399205752e-09,-1.358458399205752e-09,0.0511599219537794,5.925963818488261e-06
0.2156,89.99906329162567,90.0,0.030506580352396128,-0.0164373892332451,-3.357210718877796e-05,2.1270981576501146e-06,12.000000000016108,7.066698288587722e-05,-0.00022795875251639357,-1.3424297718950233e-09,-1.3424297718950233e-09,0.05084430058732688,5.888915240481864e-06
0.21580000000000002,89.99906937410968,90.0,0.030318278675082425,-0.01634432548895442,-3.338451195718254e-05,2.1132859180254907e-06,12.00000000001592,7.022497555436958e-05,-0.00022668495773395554,-1.3265788012824342e-09,-1.3265788012824342e-09,0.05053046445847071,5.852081296189702e-06
0.216,89.99907541903998,90.0,0.03013104308944289,-0.01625170159196672,-3.3197775322789444e-05,2.0995589562040997e-06,12.000000000015731,6.978553099314206e-05,-0.00022541699293252097,-1.3109037122210588e-09,-1.3109037122210588e-09,0.050218405149071485,5.815460916087547e-06
0.2162,89.99908142662926,90.0,0.02994486855700991,-0.016159516447036063,-3.301189552709187e-05,2.085916789175764e-06,12.000000000015545,6.93486364089781e-05,-0.00022415484617161147,-1.295402743870447e-09,-1.295402743870447e-09,0.049908114261683185,5.779053034074022e-06
0.2164,89.99908739708927,90.0,0.029759750051859393,-0.016067768949074704,-3.2826870786577706e-05,2.072358936154825e-06,12.000000000015362,6.891427904921671e-05,-0.00022289850534095977,-1.2800741497250466e-09,-1.2800741497250466e-09,0.04959958341976566,5.7428565874273746e-06
0.21660000000000001,89.99909333063067,90.0,0.029575682560723404,-0.0159764579818892,-3.2642699289756956e-05,2.058884918695707e-06,12.000000000015179,6.848244620293067e-05,-0.00022164795814032506,-1.2649161974429199e-09,-1.2649161974429199e-09,0.04929280426787234,5.70687051690367e-06
0.21680000000000002,89.99909922746319,90.0,0.02939266108311723,-0.015885582419779005,-3.245937920087867e-05,2.0454942605773564e-06,12.000000000015,6.805312520016125e-05,-0.0002204031921047317,-1.2499271688999793e-09,-1.2499271688999793e-09,0.04898776847186205,5.671093766673016e-06
0.217,89.99910508779553,90.0,0.029210680631448622,-0.015795141126623113,-3.227690865777832e-05,2.0321864878899115e-06,12.000000000014822,6.762630341284451e-05,-0.00021916419458985282,-1.2351053600455647e-09,-1.2351053600455647e-09,0.04868446771908104,5.635525284396748e-06
0.2172,89.9991109118354,90.0,0.029029736231136864,-0.015705132957112157,-3.209528577473932e-05,2.0189611289480316e-06,12.000000000014644,6.720196825427812e-05,-0.00021793095279143984,-1.2204490809247543e-09,-1.2204490809247543e-09,0.048382893718561436,5.600164021183009e-06
0.2174,89.99911669978951,90.0,0.02884982292071853,-0.015615556756185518,-3.1914508641160176e-05,2.005817714348678e-06,12.00000000001447,6.678010717979582e-05,-0.00021670345373627284,-1.2059566555602314e-09,-1.2059566555602314e-09,0.04808303820119755,5.565008931642942e-06
0.21760000000000002,89.99912245186358,90.0,0.028670935751958757,-0.015526411359541971,-3.173457532273064e-05,1.9927557769422258e-06,12.0000000000143,6.636070768671287e-05,-0.0002154816842901464,-1.191626421916826e-09,-1.191626421916826e-09,0.047784892919931266,5.530058973886149e-06
0.21780000000000002,89.99912816826235,90.0,0.02849306978995749,-0.015437695594143312,-3.15554838625922e-05,1.9797748518035696e-06,12.00000000001413,6.594375731426307e-05,-0.00021426563116574952,-1.177456731863746e-09,-1.177456731863746e-09,0.047488449649929154,5.495313109515452e-06
0.218,89.99913384918956,90.0,0.02831622011324937,-0.015349408277998522,-3.137723228081753e-05,1.9668744762610174e-06,12.000000000013962,6.552924364401683e-05,-0.00021305528091913138,-1.1634459510814972e-09,-1.1634459510814972e-09,0.047193700188748945,5.4607703036617155e-06
0.2182,89.999139494848,90.0,0.02814038181390635,-0.015261548221017635,-3.119981857639044e-05,1.9540541898385086e-06,12.000000000013795,6.511715429956575e-05,-0.00021185061996314498,-1.1495924590485764e-09,-1.1495924590485764e-09,0.04690063635651058,5.426429524957574e-06
0.2184,89.99914510543942,90.0,0.027965549997630776,-0.015174114224075852,-3.102324072500306e-05,1.9413135343422853e-06,12.000000000013632,6.47074769474213e-05,-0.00021065163455248994,-1.1358946488938644e-09,-1.1358946488938644e-09,0.046609249996051295,5.392289745612316e-06
0.21860000000000002,89.99915068116466,90.0,0.027791719783858547,-0.0150871050802234,-3.084749668186791e-05,1.9286520537742206e-06,12.000000000013468,6.430019929645413e-05,-0.00020945831080280682,-1.122350927408666e-09,-1.122350927408666e-09,0.046319532973097585,5.358349941365163e-06
0.21880000000000002,89.99915622222353,90.0,0.027618886305849008,-0.015000519574455804,-3.067258438116647e-05,1.9160692943607106e-06,12.000000000013308,6.389530909829508e-05,-0.00020827063468693285,-1.1089597149504094e-09,-1.1089597149504094e-09,0.046031477176415016,5.324609091518685e-06
0.219,89.99916172881491,90.0,0.027447044710777274,-0.014914356484553299,-3.0498501737996946e-05,1.903564804494893e-06,12.000000000013149,6.349279414700202e-05,-0.00020708859204812745,-1.0957194454241525e-09,-1.0957194454241525e-09,0.04574507451796212,5.291066178911037e-06
0.2192,89.99916720113669,90.0,0.027276190159816808,-0.014828614580485625,-3.032524664696964e-05,1.891138134794428e-06,12.000000000012992,6.309264227969426e-05,-0.00020591216859053464,-1.0826285661587193e-09,-1.0826285661587193e-09,0.04546031693302801,5.2577201899688294e-06
0.2194,89.99917263938579,90.0,0.027106317828228955,-0.014743292624536988,-3.0152816982484806e-05,1.8787888381014973e-06,12.000000000012836,6.26948413767067e-05,-0.0002047413498810697,-1.0696855378360619e-09,-1.0696855378360619e-09,0.0451771963803816,5.22457011471997e-06
0.21960000000000002,89.99917804375816,90.0,0.026937422905451074,-0.014658389372494994,-2.9981210601498144e-05,1.8665164693961353e-06,12.000000000012683,6.229937936100347e-05,-0.0002035761213681973,-1.0568888344954671e-09,-1.0568888344954671e-09,0.044895704842418456,5.191614946744802e-06
0.21980000000000002,89.99918341444884,90.0,0.026769500595170914,-0.014573903572688644,-2.9810425341259993e-05,1.8543205858828982e-06,12.00000000001253,6.190624419904434e-05,-0.00020241646836658024,-1.0442369433830472e-09,-1.0442369433830472e-09,0.04461583432528486,5.158853683248308e-06
0.22,89.99918875165183,90.0,0.026602546115412136,-0.01448983396717355,-2.964045902207255e-05,1.842200746904195e-06,12.000000000012381,6.151542390019355e-05,-0.0002012623760758013,-1.031728364954193e-09,-1.031728364954193e-09,0.04433757685902023,5.12628532501084e-06
0.2202,89.99919405556025,90.0,0.026436554698606254,-0.014406179291121882,-2.9471309445852192e-05,1.8301565139980663e-06,12.000000000012232,6.112690651733618e-05,-0.00020011382957060134,-1.0193616127479854e-09,-1.0193616127479854e-09,0.04406092449767709,5.09390887643949e-06
0.2204,89.99919932636624,90.0,0.02627152159167144,-0.014322938273642899,-2.9302974398035235e-05,1.8181874508404051e-06,12.000000000012086,6.07406801465215e-05,-0.00019897081381381953,-1.0071352133621768e-09,-1.0071352133621768e-09,0.04378586931945239,5.06172334553836e-06
0.22060000000000002,89.99920456426095,90.0,0.02610744205608201,-0.014240109637169467,-2.9135451646132607e-05,1.8062931233027369e-06,12.00000000001194,6.035673292757495e-05,-0.00019783331364657945,-9.95047706327657e-10,-9.95047706327657e-10,0.04351240342680334,5.029727743959575e-06
0.22080000000000002,89.99920976943466,90.0,0.02594431136794497,-0.014157692098630712,-2.8968738942459208e-05,1.7944730993655492e-06,12.000000000011799,5.997505304349172e-05,-0.0001967013138068218,-9.830976441064208e-10,-9.830976441064208e-10,0.043240518946574956,4.99792108695273e-06
0.221,89.99921494207666,90.0,0.025782124818063114,-0.014075684369184882,-2.8802834023499257e-05,1.782726949147182e-06,12.000000000011656,5.959562872079141e-05,-0.000195574798924995,-9.71283591988843e-10,-9.71283591988843e-10,0.04297020803010519,4.966302393394461e-06
0.2212,89.9992200823753,90.0,0.02562087771200115,-0.013994085153601109,-2.8637734608450493e-05,1.771054244961608e-06,12.000000000011514,5.9218448230124296e-05,-0.00019445375351417004,-9.596041279684317e-10,-9.596041279684317e-10,0.042701462853335245,4.934870685838956e-06
0.2214,89.99922519051802,90.0,0.02546056537015889,-0.01391289315213799,-2.8473438403604323e-05,1.7594545611739815e-06,12.000000000011376,5.884349988516678e-05,-0.00019333816199978247,-9.480578427851475e-10,-9.480578427851475e-10,0.042434275616931486,4.903624990425916e-06
0.22160000000000002,89.99923026669127,90.0,0.025301183127823042,-0.013832107059194791,-2.8309943099184294e-05,1.7479274743161995e-06,12.00000000001124,5.847077204369504e-05,-0.00019222800869816498,-9.36643339749442e-10,-9.36643339749442e-10,0.04216863854637174,4.872564336970022e-06
0.2218,89.99923531108064,90.0,0.025142726335234122,-0.013751725564115408,-2.8147246371215e-05,1.7364725630291215e-06,12.000000000011106,5.8100253107208115e-05,-0.0001911232778292377,-9.253592347123075e-10,-9.253592347123075e-10,0.04190454389205687,4.8416877589295285e-06
0.222,89.99924032387074,90.0,0.024985190357644724,-0.013671747351269746,-2.7985345881703054e-05,1.7250894080625696e-06,12.00000000001097,5.773193152102824e-05,-0.00019002395351773682,-9.142041559859172e-10,-9.142041559859172e-10,0.04164198392940787,4.8109942934146215e-06
0.2222,89.99924530524527,90.0,0.02482857057537634,-0.013592171100133082,-2.782423927881356e-05,1.7137775922753283e-06,12.00000000001084,5.736579577439873e-05,-0.0001889300197944131,-9.031767442641351e-10,-9.031767442641351e-10,0.04138095095896056,4.780482981195576e-06
0.22240000000000001,89.99925025538701,90.0,0.024672862383875387,-0.013512995486074764,-2.7663924198705073e-05,1.702536700577364e-06,12.000000000010708,5.70018344000883e-05,-0.00018784146060849127,-8.922756525888646e-10,-8.922756525888646e-10,0.04112143730645898,4.750152866669787e-06
0.22260000000000002,89.99925517447782,90.0,0.02451806119376044,-0.0134342191793584,-2.7504398263184682e-05,1.6913663200164968e-06,12.000000000010578,5.664003597521072e-05,-0.00018675825981174786,-8.814995461996519e-10,-8.814995461996519e-10,0.040863435322934065,4.720002997930066e-06
0.2228,89.99926006269865,90.0,0.02436416243088065,-0.013355840845933976,-2.7345659081550532e-05,1.6802660397206181e-06,12.00000000001045,5.62803891208332e-05,-0.00018568040117102215,-8.708471025007032e-10,-8.708471025007032e-10,0.04060693738480108,4.690032426732016e-06
0.223,89.99926492022954,90.0,0.024211161536365287,-0.013277859148217531,-2.718770425240672e-05,1.6692354508399127e-06,12.000000000010324,5.5922882501569635e-05,-0.00018460786838053948,-8.60317011025105e-10,-8.60317011025105e-10,0.04035193589394215,4.660240208460127e-06
0.2232,89.99926974724957,90.0,0.024059053966664173,-0.013200272743726552,-2.7030531360466624e-05,1.6582741466624176e-06,12.0000000000102,5.556750482663451e-05,-0.0001835406450402055,-8.499079732622134e-10,-8.499079732622134e-10,0.04009842327777362,4.630625402215606e-06
0.22340000000000002,89.99927454393698,90.0,0.023907835193603694,-0.013123080286934541,-2.687413798087966e-05,1.6473817224695725e-06,12.000000000010075,5.5214244848709e-05,-0.00018247871468498537,-8.396187026905028e-10,-8.396187026905028e-10,0.039846391989339494,4.601187070721886e-06
0.22360000000000002,89.99927931046906,90.0,0.02375750070442193,-0.013046280427898967,-2.6718521676018072e-05,1.6365577756517795e-06,12.000000000009955,5.486309136498582e-05,-0.0001814220607630857,-8.29447924605077e-10,-8.29447924605077e-10,0.039595834507369886,4.571924280411692e-06
0.2238,89.99928404702226,90.0,0.023608046001819254,-0.012969871813753017,-2.6563679998956354e-05,1.6258019055928443e-06,12.000000000009834,5.451403321627202e-05,-0.0001803706666595802,-8.193943761261188e-10,-8.193943761261188e-10,0.03934674333636542,4.542836101352279e-06
0.224,89.99928875377203,90.0,0.023459466603991622,-0.012893853087686251,-2.640961049108288e-05,1.615113713756644e-06,12.000000000009713,5.4167059287784593e-05,-0.00017932451568019242,-8.094568060495315e-10,-8.094568060495315e-10,0.0390991110066527,4.513921607311729e-06
0.2242,89.99929343089303,90.0,0.023311758044676032,-0.01281822288971863,-2.6256310683902213e-05,1.6044928036293492e-06,12.000000000009596,5.382215850873662e-05,-0.00017828359106353357,-7.996339748100509e-10,-7.996339748100509e-10,0.03885293007446006,4.485179875724465e-06
0.22440000000000002,89.99929807855898,90.0,0.023164915873186667,-0.01274297985675095,-2.610377809914729e-05,1.5939387807194236e-06,12.000000000009479,5.347931985239946e-05,-0.00017724787598186434,-7.899246543987556e-10,-7.899246543987556e-10,0.03860819312197778,4.4566099876964345e-06
0.22460000000000002,89.99930269694268,90.0,0.02301893565445083,-0.012668122622615062,-2.5952010248891073e-05,1.583451252557622e-06,12.000000000009365,5.313853233616473e-05,-0.000176217353541853,-7.803276282808183e-10,-7.803276282808183e-10,0.03836489275741805,4.428211028010272e-06
0.2248,89.9993072862161,90.0,0.022873812969044036,-0.012593649818478103,-2.5801004636486015e-05,1.573029828668104e-06,12.000000000009251,5.279978502135861e-05,-0.00017519200679095445,-7.708416913346384e-10,-7.708416913346384e-10,0.038123021615073395,4.399982085109825e-06
0.225,89.99931184655028,90.0,0.02272954341322047,-0.012519560072529782,-2.5650758755828123e-05,1.562674120597321e-06,12.000000000009138,5.246306701354039e-05,-0.0001741718187124132,-7.614656497477153e-10,-7.614656497477153e-10,0.03788257235536745,4.371922251125036e-06
0.2252,89.99931637811547,90.0,0.022586122598947312,-0.012445852010740818,-2.550127009312462e-05,1.5523837418562376e-06,12.000000000009027,5.212836746206946e-05,-0.00017315677223726596,-7.521983209769397e-10,-7.521983209769397e-10,0.037643537664912186,4.344030621835854e-06
0.22540000000000002,89.99932088108093,90.0,0.02244354615392998,-0.012372524256187678,-2.5352536125311244e-05,1.5421583079781108e-06,12.000000000008917,5.179567556064093e-05,-0.0001721468502335949,-7.430385336232417e-10,-7.430385336232417e-10,0.03740591025654996,4.31630629671687e-06
0.22560000000000002,89.99932535561511,90.0,0.022301809721645534,-0.01229957542945446,-2.52045543209865e-05,1.5319974364896004e-06,12.000000000008807,5.14649805470971e-05,-0.0001711420355128713,-7.339851273711716e-10,-7.339851273711716e-10,0.03716968286940922,4.288748378921611e-06
0.2258,89.99932980188558,90.0,0.022160908961370976,-0.012227004149382957,-2.505732214216066e-05,1.5219007468529903e-06,12.0000000000087,5.113627170298398e-05,-0.00017014231084183168,-7.250369529479295e-10,-7.250369529479295e-10,0.036934848268951624,4.261355975245575e-06
0.226,89.99933422005904,90.0,0.0220208395482035,-0.012154809032035134,-2.4910837041827002e-05,1.5118678605528558e-06,12.000000000008594,5.0809538354324506e-05,-0.00016914765892598585,-7.161928719781603e-10,-7.161928719781603e-10,0.03670139924700583,4.2341281961906765e-06
0.2262,89.99933861030134,90.0,0.02188159717309221,-0.012082988692513756,-2.4765096468213064e-05,1.5018984009516164e-06,12.00000000000849,5.048476987044269e-05,-0.00016815806243848378,-7.074517570050318e-10,-7.074517570050318e-10,0.036469328621820354,4.207064155867248e-06
0.22640000000000002,89.99934297277744,90.0,0.021743177542849164,-0.012011541743201432,-2.4620097860662097e-05,1.491991993433984e-06,12.000000000008384,5.016195566521306e-05,-0.00016717350399215008,-6.988124913038909e-10,-6.988124913038909e-10,0.03623862923808194,4.180162972098168e-06
0.22660000000000002,89.99934730765146,90.0,0.02160557638018055,-0.011940466794870024,-2.4475838652221693e-05,1.4821482653202935e-06,12.000000000008283,4.984108519637617e-05,-0.0001661939661570609,-6.902739688626677e-10,-6.902739688626677e-10,0.03600929396696759,4.153423766361814e-06
0.2268,89.9993516150867,90.0,0.021468789423705177,-0.011869762457061651,-2.4332316270531564e-05,1.4723668458376129e-06,12.000000000008182,4.9522147965324276e-05,-0.00016521943146657238,-6.818350943190644e-10,-6.818350943190644e-10,0.03578131570617529,4.1268456637742095e-06
0.227,89.99935589524553,90.0,0.021332812427968542,-0.011799427337042595,-2.418952813537573e-05,1.4626473662064135e-06,12.000000000008082,4.920513351786391e-05,-0.00016424988240069943,-6.734947828178681e-10,-6.734947828178681e-10,0.035554687379947575,4.100427793152563e-06
0.2272,89.99936014828954,90.0,0.02119764116346898,-0.0117294600416161,-2.404747166291638e-05,1.4529894594961198e-06,12.000000000007983,4.8890031443030364e-05,-0.00016328530141486433,-6.652519600293414e-10,-6.652519600293414e-10,0.03532940193911496,4.074169286916487e-06
0.22740000000000002,89.99936437437947,90.0,0.02106327141666295,-0.01165985917570873,-2.390614426238815e-05,1.4433927607406687e-06,12.000000000007885,4.857683137408129e-05,-0.00016232567091745042,-6.571055619863684e-10,-6.571055619863684e-10,0.03510545236110491,4.048069281170781e-06
0.22760000000000002,89.9993685736752,90.0,0.02092969898998666,-0.01159062334346634,-2.3765543338656883e-05,1.4338569068518412e-06,12.000000000007788,4.82655229877956e-05,-0.0001613709732871764,-6.49054535062509e-10,-6.49054535062509e-10,0.03488283164997776,4.022126915647023e-06
0.2278,89.99937274633574,90.0,0.020796919701864817,-0.01152175114720048,-2.3625666289755125e-05,1.4243815367059308e-06,12.000000000007693,4.7956096005226805e-05,-0.000160421190856362,-6.410978358312981e-10,-6.410978358312981e-10,0.034661532836441356,3.996341333766339e-06
0.228,89.99937689251934,90.0,0.020664929386731836,-0.011453241189194382,-2.348651051110085e-05,1.4149662909992942e-06,12.0000000000076,4.76485401905091e-05,-0.0001594763059395737,-6.332344310825742e-10,-6.332344310825742e-10,0.03444154897788639,3.97071168253991e-06
0.22820000000000001,89.99938101238337,90.0,0.020533723895032153,-0.0113850920702823,-2.334807339217611e-05,1.405610812363912e-06,12.000000000007507,4.734284535184231e-05,-0.00015853630081107237,-6.254632976622547e-10,-6.254632976622547e-10,0.03422287315838692,3.945237112651057e-06
0.22840000000000002,89.99938510608439,90.0,0.020403299093236744,-0.01131730239093839,-2.3210352319070056e-05,1.3963147452807176e-06,12.000000000007415,4.703900134078197e-05,-0.00015760115772208065,-6.177834224494301e-10,-6.177834224494301e-10,0.034005498488727914,3.919916778396076e-06
0.2286,89.9993891737781,90.0,0.020273650863847522,-0.011249870750217033,-2.307334467200087e-05,1.3870777361662674e-06,12.000000000007322,4.673699805298531e-05,-0.00015667085888395655,-6.101938022178788e-10,-6.101938022178788e-10,0.03378941810641253,3.894749837746399e-06
0.2288,89.9993932156194,90.0,0.02014477510541322,-0.011182795747551388,-2.2937047829517993e-05,1.3778994332282916e-06,12.000000000007233,4.6436825427008036e-05,-0.00015574538649672714,-6.026934436505044e-10,-6.026934436505044e-10,0.033574625175688703,3.869735452248337e-06
0.229,89.99939723176243,90.0,0.020016667732525556,-0.011116075981682188,-2.2801459165998403e-05,1.3687794865523636e-06,12.000000000007145,4.613847344503603e-05,-0.00015482472273208796,-5.952813632004378e-10,-5.952813632004378e-10,0.03336111288754259,3.844872787084047e-06
0.22920000000000001,89.99940122236042,90.0,0.01988932467582672,-0.011049710050312966,-2.266657605083939e-05,1.3597175481307901e-06,12.000000000007056,4.584193213314441e-05,-0.0001539088497279218,-5.87956586992797e-10,-5.87956586992797e-10,0.033148874459711195,3.8201610110931215e-06
0.22940000000000002,89.99940518756583,90.0,0.01976274188202153,-0.01098369655190334,-2.2532395852649085e-05,1.3507132717181613e-06,12.000000000006969,4.55471915600879e-05,-0.00015299774961675307,-5.807181508377142e-10,-5.807181508377142e-10,0.03293790313670255,3.7955992966717875e-06
0.2296,89.9994091275303,90.0,0.019636915313868866,-0.010918034083880722,-2.2398915935067017e-05,1.3417663129758006e-06,12.000000000006882,4.525424183851658e-05,-0.00015209140449736866,-5.735651000566352e-10,-5.735651000566352e-10,0.032728192189781444,3.7711868198742195e-06
0.2298,89.99941304240468,90.0,0.019511840950193305,-0.010852721244077643,-2.2266133660122565e-05,1.3328763293562047e-06,12.000000000006798,4.496307312401159e-05,-0.00015118979645762238,-5.664964894770544e-10,-5.664964894770544e-10,0.032519734916988834,3.7469227603321763e-06
0.23,89.99941693233905,90.0,0.019387514785880532,-0.01078775663037009,-2.213404638739013e-05,1.3240429801319347e-06,12.000000000006715,4.467367561532327e-05,-0.00015029290756869845,-5.595113833336701e-10,-5.595113833336701e-10,0.03231252464313422,3.7228063012748563e-06
0.23020000000000002,89.99942079748259,90.0,0.019263932831877044,-0.010723138840321791,-2.200265147315759e-05,1.315265926424504e-06,12.000000000006631,4.438603955461679e-05,-0.00014940071987946515,-5.526088551712082e-10,-5.526088551712082e-10,0.03210655471979507,3.6988366295493553e-06
0.23040000000000002,89.99942463798376,90.0,0.019141091115193565,-0.010658866471899543,-2.1871946272098095e-05,1.3065448311466002e-06,12.00000000000655,4.4100155226985774e-05,-0.00014851321542782658,-5.45787987801863e-10,-5.45787987801863e-10,0.03190181852532261,3.675012935580142e-06
0.2306,89.99942845399023,90.0,0.019018985678900476,-0.0105949381238221,-2.1741928138086414e-05,1.2978793589731947e-06,12.00000000000647,4.38160129601984e-05,-0.0001476303762462658,-5.390478732434884e-10,-5.390478732434884e-10,0.03169830946483413,3.6513344133478983e-06
0.2308,89.99943224564888,90.0,0.018897612582119222,-0.010531352394482371,-2.16125944216806e-05,1.2892691764282115e-06,12.000000000006388,4.353360312542087e-05,-0.00014675218434474484,-5.323876125874435e-10,-5.323876125874435e-10,0.031496020970198706,3.627800260449808e-06
0.231,89.99943601310572,90.0,0.0187769679000261,-0.010468107882663232,-2.148394247179482e-05,1.280713951826749e-06,12.00000000000631,4.3252916136731695e-05,-0.00014587862172206362,-5.258063159569255e-10,-5.258063159569255e-10,0.031294946500043504,3.604409678059079e-06
0.23120000000000002,89.9994397565061,90.0,0.018657047723847842,-0.010405203188597192,-2.135596963817741e-05,1.272213355188409e-06,12.000000000006231,4.297394245037589e-05,-0.00014500967038268614,-5.193031024808579e-10,-5.193031024808579e-10,0.031095079539746405,3.5811618708627976e-06
0.23140000000000002,89.99944347599452,90.0,0.01853784816084497,-0.010342636912166777,-2.1228673267206276e-05,1.2637670583817472e-06,12.000000000006153,4.2696672565966704e-05,-0.0001441453123081908,-5.128771001282231e-10,-5.128771001282231e-10,0.030896413601408282,3.5580560471620677e-06
0.2316,89.9994471717147,90.0,0.01841936533431577,-0.010280407654331185,-2.1102050705223595e-05,1.2553747350087124e-06,12.000000000006079,4.242109702550811e-05,-0.00014328552947991333,-5.065274457013022e-10,-5.065274457013022e-10,0.030698942223859615,3.5350914187905518e-06
0.2318,89.99945084380961,90.0,0.018301595383584016,-0.010218514017109125,-2.0976099298497617e-05,1.2470360604046474e-06,12.000000000006004,4.2147206413373666e-05,-0.00014243030387868754,-5.002532847576314e-10,-5.002532847576314e-10,0.030502658972640026,3.512267201112715e-06
0.232,89.99945449242145,90.0,0.018184534463986917,-0.010156954602496195,-2.08508163906936e-05,1.2387507117249591e-06,12.00000000000593,4.187499135702404e-05,-0.0001415796174676726,-4.940537714822192e-10,-4.940537714822192e-10,0.0303075574399782,3.4895826130836123e-06
0.23220000000000002,89.99945811769162,90.0,0.01806817874687545,-0.010095728014596937,-2.0726199327858162e-05,1.2305183677717778e-06,12.000000000005855,4.160444252553097e-05,-0.00014073345222619742,-4.87928068713461e-10,-4.87928068713461e-10,0.030113631244792414,3.4670368771258897e-06
0.23240000000000002,89.9994617197608,90.0,0.01795252441958994,-0.010034832857459167,-2.0602245453360176e-05,1.2223387091672975e-06,12.000000000005784,4.1335550631011866e-05,-0.00013989179011540863,-4.81875347764631e-10,-4.81875347764631e-10,0.0299208740326499,3.4446292192493286e-06
0.2326,89.99946529876888,90.0,0.01783756768546095,-0.009974267736851537,-2.0478952112046284e-05,1.2142114182093258e-06,12.000000000005711,4.106830642740077e-05,-0.00013905461310648713,-4.758947884331795e-10,-4.758947884331795e-10,0.029729279475768245,3.4223588689484354e-06
0.2328,89.99946885485501,90.0,0.017723304763789575,-0.009914031259170208,-2.0356316647688013e-05,1.206136178957955e-06,12.00000000000564,4.0802700711152737e-05,-0.0001382219031633137,-4.699855788746645e-10,-4.699855788746645e-10,0.029538841272982622,3.40022505926113e-06
0.233,89.99947238815756,90.0,0.01760973188984018,-0.009854122032494538,-2.0234336405450947e-05,1.1981126771488905e-06,12.00000000000557,4.053872432049305e-05,-0.00013739364225923484,-4.6414691557774834e-10,-4.6414691557774834e-10,0.029349553149733632,3.3782270267061863e-06
0.23320000000000002,89.99947589881417,90.0,0.01749684531482127,-0.009794538666205093,-2.0113008731004765e-05,1.1901406002223416e-06,12.0000000000055,4.027636813563039e-05,-0.00013656981237102002,-4.5837800327222094e-10,-4.5837800327222094e-10,0.029161408858035448,3.356364011300994e-06
0.23340000000000002,89.99947938696172,90.0,0.017384641305870394,-0.009735279770607293,-1.9992330969645778e-05,1.1822196373519122e-06,12.000000000005432,4.0015623078976816e-05,-0.00013575039547290344,-4.5267805483860714e-10,-4.5267805483860714e-10,0.02897440217645066,3.3346352565798917e-06
0.2336,89.99948285273638,90.0,0.017273116146043786,-0.0096763439576275,-1.987230046792592e-05,1.1743494793868191e-06,12.000000000005365,3.975648011463788e-05,-0.00013493537354764516,-4.4704629126714923e-10,-4.4704629126714923e-10,0.02878852691007298,3.313040009551676e-06
0.2338,89.99948629627352,90.0,0.017162266134297686,-0.009617729840786932,-1.9752914573594727e-05,1.1665298188518938e-06,12.000000000005297,3.949893024838035e-05,-0.00013412472858613707,-4.414819415837029e-10,-4.414819415837029e-10,0.028603776890496146,3.2915775206969092e-06
0.234,89.9994897177078,90.0,0.017052087585470107,-0.009559436034820935,-1.9634170634712186e-05,1.158760349976472e-06,12.000000000005233,3.924296452784692e-05,-0.00013331844258137907,-4.3598424276054784e-10,-4.3598424276054784e-10,0.02842014597578351,3.2702470439858173e-06
0.23420000000000002,89.99949311717316,90.0,0.016942576830266814,-0.009501461156725226,-1.9516066002096882e-05,1.1510407686077222e-06,12.000000000005166,3.898857404179382e-05,-0.00013251649754510232,-4.3055243969118224e-10,-4.3055243969118224e-10,0.02823762805044469,3.2490478368147534e-06
0.23440000000000003,89.9994964948028,90.0,0.016833730215235793,-0.00944380382465441,-1.9398598026754998e-05,1.1433707722973187e-06,12.000000000005102,3.873574992078507e-05,-0.00013171887549031175,-4.2518578506979776e-10,-4.2518578506979776e-10,0.028056217025392988,3.22797916006405e-06
0.2346,89.99949985072917,90.0,0.016725544102753568,-0.00938646265861345,-1.928176406149903e-05,1.1357500602436582e-06,12.000000000005038,3.848448333667673e-05,-0.0001309255584422774,-4.198835393512337e-10,-4.198835393512337e-10,0.027875906837922616,3.207040278055048e-06
0.2348,89.99950318508401,90.0,0.01661801487100438,-0.009329436280428562,-1.9165561460883046e-05,1.128178333291863e-06,12.000000000004976,3.823476550258106e-05,-0.00013013652843809478,-4.1464497067903855e-10,-4.1464497067903855e-10,0.02769669145167397,3.186230458547101e-06
0.23500000000000001,89.99950649799834,90.0,0.01651113891395912,-0.009272723313717823,-1.9049987581137352e-05,1.1206552939337779e-06,12.000000000004913,3.7986587672830204e-05,-0.0001293517675262413,-4.0946935481409204e-10,-4.0946935481409204e-10,0.027518564856598534,3.1655489727345544e-06
0.23520000000000002,89.99950978960246,90.0,0.016404912641354862,-0.009216322384217861,-1.893503978093547e-05,1.1131806462790833e-06,12.000000000004853,3.773994114269487e-05,-0.00012857125777178407,-4.043559750789516e-10,-4.043559750789516e-10,0.02734152106892477,3.144995095223301e-06
0.2354,89.99951306002595,90.0,0.016299332478670606,-0.009160232119394707,-1.8820715420488265e-05,1.1057540960841828e-06,12.000000000004793,3.7494817248588624e-05,-0.00012779498125022897,-3.9930412227185264e-10,-3.9930412227185264e-10,0.02716555413111768,3.124568104047804e-06
0.2356,89.99951630939765,90.0,0.016194394867107526,-0.009104451148771486,-1.8707011862313143e-05,1.0983753507233146e-06,12.000000000004732,3.725120736778775e-05,-0.0001270229200527436,-3.943130946120675e-10,-3.943130946120675e-10,0.026990658111845877,3.104267280647755e-06
0.2358,89.99951953784573,90.0,0.016090096263565397,-0.009048978103895516,-1.8593926471160918e-05,1.0910441191885515e-06,12.000000000004672,3.700910291839071e-05,-0.00012625505628566057,-3.893821976701171e-10,-3.893821976701171e-10,0.026816827105942333,3.084091909864692e-06
0.23600000000000002,89.99952274549766,90.0,0.015986433140619306,-0.008993811619016329,-1.8481456615604602e-05,1.0837601120320196e-06,12.000000000004615,3.676849535878578e-05,-0.00012549137208126584,-3.845107443279924e-10,-3.845107443279924e-10,0.026644055234365506,3.0640412798976365e-06
0.23620000000000002,89.99952593248017,90.0,0.015883401986488976,-0.00893895032997701,-1.836959966545244e-05,1.07652304145257e-06,12.000000000004556,3.6529376188336526e-05,-0.00012473184958023263,-3.7969805466513274e-10,-3.7969805466513274e-10,0.026472336644148293,3.0441146823602214e-06
0.2364,89.9995290989193,90.0,0.015780999305020284,-0.008884392874898964,-1.825835299335169e-05,1.0693326212379982e-06,12.0000000000045,3.629173694685774e-05,-0.00012397647094251148,-3.749434559203077e-10,-3.749434559203077e-10,0.026301665508367142,3.024311412237011e-06
0.2366,89.99953224494038,90.0,0.0156792216156592,-0.00883013789450076,-1.814771397553821e-05,1.0621885667361532e-06,12.000000000004443,3.605556921432451e-05,-0.00012322521835241997,-3.7024628243785705e-10,-3.7024628243785705e-10,0.02613203602609867,3.0046307678592636e-06
0.2368,89.99953537066811,90.0,0.015578065453422201,-0.008776184031701575,-1.803767999091408e-05,1.0550905948838294e-06,12.000000000004388,3.582086461106733e-05,-0.0001224780740123796,-3.656058755850108e-10,-3.656058755850108e-10,0.025963442422370336,2.985072050921186e-06
0.23700000000000002,89.9995384762264,90.0,0.015477527368870918,-0.008722529931585806,-1.7928248420968893e-05,1.0480384242067646e-06,12.000000000004333,3.5587614797728396e-05,-0.0001217350201423814,-3.610215836849344e-10,-3.610215836849344e-10,0.025795878948118196,2.9656345664762954e-06
0.23720000000000002,89.99954156173855,90.0,0.015377603928087345,-0.008669174242078966,-1.7819416651363845e-05,1.0410317747618616e-06,12.000000000004277,3.5355811474726786e-05,-0.00012099603899074217,-3.564927619786539e-10,-3.564927619786539e-10,0.025629339880145575,2.9463176228928488e-06
0.2374,89.99954462732715,90.0,0.015278291712641421,-0.008616115613547175,-1.771118207100057e-05,1.0340703681660776e-06,12.000000000004224,3.512544638244864e-05,-0.00012026111282778167,-3.52018772543697e-10,-3.52018772543697e-10,0.025463819521069034,2.9271205318696893e-06
0.2376,89.99954767311408,90.0,0.015179587319563126,-0.008563352698402908,-1.7603542071103883e-05,1.027153927625314e-06,12.00000000000417,3.489651130144521e-05,-0.00011953022393959429,-3.4759898421424e-10,-3.4759898421424e-10,0.025299312199271874,2.908042608452757e-06
0.2378,89.99955069922059,90.0,0.015081487361318703,-0.0085108841524929,-1.7496494048470255e-05,1.0202821778188569e-06,12.000000000004118,3.4668998051407606e-05,-0.0001188033546501067,-3.432327725719852e-10,-3.432327725719852e-10,0.025135812268864504,2.8890831709496427e-06
0.23800000000000002,89.99955370576723,90.0,0.014983988465771857,-0.008458708633267593,-1.7390035401194483e-05,1.0134548450438264e-06,12.000000000004068,3.444289849233029e-05,-0.00011808048729206132,-3.389195198103322e-10,-3.389195198103322e-10,0.02497331410961976,2.870241541026551e-06
0.23820000000000002,89.99955669287385,90.0,0.014887087276164866,-0.008406824801886405,-1.7284163533594424e-05,1.0066716570418384e-06,12.000000000004015,3.421820452300208e-05,-0.00011736160424045599,-3.3465861475385064e-10,-3.3465861475385064e-10,0.024811812126941443,2.8515170435825527e-06
0.2384,89.99955966065967,90.0,0.01479078045107649,-0.008355231321382592,-1.7178875851927494e-05,9.999323431434517e-07,12.000000000003965,3.3994908082164084e-05,-0.0001166466878834583,-3.3044945272381147e-10,-3.3044945272381147e-10,0.024651300751794152,2.832909006846071e-06
0.2386,89.99956260924326,90.0,0.014695064664400294,-0.008303926858054075,-1.707416976764561e-05,9.932366341526108e-07,12.000000000003915,3.377300114748799e-05,-0.00011593572064450724,-3.262914355300427e-10,-3.262914355300427e-10,0.02449177444066716,2.8144167622897477e-06
0.2388,89.99956553874244,90.0,0.014599936605307428,-0.008252910081056195,-1.6970042696449046e-05,9.865842623755343e-07,12.000000000003865,3.355247573575804e-05,-0.0001152286849758886,-3.221839713929637e-10,-3.221839713929637e-10,0.024333227675512378,2.7960396446456024e-06
0.23900000000000002,89.99956844927449,90.0,0.01450539297821382,-0.008202179662000642,-1.6866492057354034e-05,9.799749616496057e-07,12.000000000003817,3.333332390306063e-05,-0.00011452556335240396,-3.181264748670797e-10,-3.181264748670797e-10,0.0241756549636897,2.7777769919208357e-06
0.23920000000000002,89.99957134095591,90.0,0.014411430502751904,-0.00815173427527124,-1.676351527343551e-05,9.73408467314483e-07,12.00000000000377,3.311553774448951e-05,-0.00011382633827641398,-3.1411836679236954e-10,-3.1411836679236954e-10,0.02401905083791984,2.759628145373259e-06
0.2394,89.99957421390263,90.0,0.014318045913739154,-0.00810157259869056,-1.666110977339055e-05,9.668845161543188e-07,12.000000000003723,3.2899109393599374e-05,-0.00011313099228845438,-3.101590742585961e-10,-3.101590742585961e-10,0.023863409856231924,2.7415924494657637e-06
0.2396,89.99957706822991,90.0,0.014225235961138564,-0.0080516933127542,-1.655927298975454e-05,9.604028464555406e-07,12.000000000003674,3.2684031022830024e-05,-0.00011243950795512342,-3.062480305163227e-10,-3.062480305163227e-10,0.023708726601897608,2.723669251901668e-06
0.2398,89.99957990405235,90.0,0.01413299741002801,-0.008002095101298541,-1.6458002360467145e-05,9.539631979490707e-07,12.000000000003627,3.2470294842961345e-05,-0.0001117518678797152,-3.0238467494207646e-10,-3.0238467494207646e-10,0.023554995683380014,2.705857903579294e-06
0.24000000000000002,89.9995827214839,90.0,0.014041327040562011,-0.007952776650736827,-1.635729532709249e-05,9.475653118681058e-07,12.000000000003583,3.2257893103539684e-05,-0.0001110680546901342,-2.9856845295094823e-10,-2.9856845295094823e-10,0.023402211734270015,2.6881577586275043e-06
0.24020000000000002,89.99958552063788,90.0,0.013950221647942268,-0.007903736650373281,-1.6257149335558205e-05,9.412089309192276e-07,12.000000000003539,3.2046818092580974e-05,-0.00011038805104391375,-2.94798815949817e-10,-2.94798815949817e-10,0.02325036941323711,2.6705681743809605e-06
0.2404,89.99958830162697,90.0,0.01385967804238444,-0.007854973793422544,-1.6157561838543976e-05,9.348937991957324e-07,12.000000000003492,3.183706213577523e-05,-0.00010971183964443442,-2.9107522131575417e-10,-2.9107522131575417e-10,0.023099463403974067,2.6530885113138304e-06
0.2406,89.9995910645632,90.0,0.013769693049073545,-0.007806486775526317,-1.605853029202081e-05,9.286196622931917e-07,12.00000000000345,3.162861759739413e-05,-0.00010903940321742527,-2.873971322842516e-10,-2.873971322842516e-10,0.022949488415122572,2.6357181331154197e-06
0.24080000000000001,89.999593809558,90.0,0.013680263508135967,-0.007758274295424819,-1.5960052156825242e-05,9.223862672516715e-07,12.000000000003405,3.142147687975055e-05,-0.0001083707245216529,-2.8376401791649714e-10,-2.8376401791649714e-10,0.02280043918022661,2.618456406645136e-06
0.24100000000000002,89.9995965367221,90.0,0.013591386274604086,-0.007710335055617933,-1.5862124900210632e-05,9.161933624979527e-07,12.00000000000336,3.121563242264552e-05,-0.00010770578635945493,-2.801753530656493e-10,-2.801753530656493e-10,0.02265231045767348,2.6013027018863983e-06
0.2412,89.99959924616567,90.0,0.013503058218373295,-0.0076626677615946465,-1.576474599405255e-05,9.100406979033114e-07,12.000000000003318,3.101107670378633e-05,-0.00010704457156455437,-2.7663061829261854e-10,-2.7663061829261854e-10,0.022505097030622163,2.58425639198148e-06
0.2414,89.99960193799826,90.0,0.013415276224167506,-0.007615271122140187,-1.5667912915572298e-05,9.039280247546283e-07,12.000000000003277,3.080780223848102e-05,-0.00010638706300697241,-2.7312929982089425e-10,-2.7312929982089425e-10,0.022358793706945847,2.5673168532060505e-06
0.2416,89.99960461232874,90.0,0.013328037191501624,-0.007568143849283595,-1.5571623147220338e-05,8.978550957543891e-07,12.000000000003237,3.060580157957376e-05,-0.00010573324359223688,-2.69670889478989e-10,-2.69670889478989e-10,0.022213395319169372,2.5504834649637923e-06
0.24180000000000001,89.99960726926543,90.0,0.013241338034644341,-0.007521284658601063,-1.5475874177391343e-05,8.918216649917948e-07,12.000000000003194,3.0405067317134666e-05,-0.00010508309626623753,-2.66254884655587e-10,-2.66254884655587e-10,0.022068896724407233,2.533755609760548e-06
0.24200000000000002,89.99960990891596,90.0,0.013155175682577553,-0.007474692268448719,-1.538066349863705e-05,8.858274880005408e-07,12.000000000003155,3.0205592078882077e-05,-0.00010443660400309109,-2.6288078821835696e-10,-2.6288078821835696e-10,0.021925292804295924,2.517132673239511e-06
0.2422,89.9996125313874,90.0,0.013069547078964447,-0.007428365400983895,-1.5285988610058888e-05,8.79872321672148e-07,12.000000000003116,3.0007368529389296e-05,-0.00010379374982138753,-2.5954810849473343e-10,-2.5954810849473343e-10,0.021782578464940746,2.5006140441151253e-06
0.2424,89.99961513678619,90.0,0.012984449182105989,-0.0073823027817490755,-1.5191847016342265e-05,8.73955924284852e-07,12.000000000003075,2.9810389370255745e-05,-0.00010315451677763269,-2.562563592034184e-10,-2.562563592034184e-10,0.021640748636843312,2.4841991141873423e-06
0.2426,89.99961772521819,90.0,0.012899878964902061,-0.007336503139617677,-1.5098236227635957e-05,8.680780555036038e-07,12.000000000003036,2.9614647340040026e-05,-0.00010251888796542935,-2.530050593990413e-10,-2.530050593990413e-10,0.02149979827483677,2.4678872783360446e-06
0.24280000000000002,89.99962029678859,90.0,0.012815833414813555,-0.007290965207096341,-1.50051537602649e-05,8.62238476351179e-07,12.000000000002998,2.942013521394853e-05,-0.00010188684652031723,-2.4979373342915043e-10,-2.4979373342915043e-10,0.021359722358022595,2.4516779344950983e-06
0.24300000000000002,89.99962285160208,90.0,0.012732309533820534,-0.007245687720266553,-1.4912597136600323e-05,8.564369492081792e-07,12.00000000000296,2.9226845803763353e-05,-0.00010125837561889109,-2.466219108793459e-10,-2.466219108793459e-10,0.021220515889700888,2.4355704836463452e-06
0.2432,89.99962538976267,90.0,0.01264930433838142,-0.0072006694183723826,-1.4820563884102477e-05,8.506732378419201e-07,12.000000000002922,2.903477195801813e-05,-0.00010063345847230078,-2.4348912650743573e-10,-2.4348912650743573e-10,0.02108217389730237,2.419564329834255e-06
0.2434,89.99962791137378,90.0,0.012566814859396697,-0.00715590904412505,-1.4729051536038421e-05,8.449471073775432e-07,12.000000000002885,2.884390656168937e-05,-0.00010001207833112509,-2.403949202018864e-10,-2.403949202018864e-10,0.020944691432327824,2.403658880140203e-06
0.2436,89.9996304165383,90.0,0.012484838142169264,-0.007111405344358153,-1.4638057633020167e-05,8.392583242402349e-07,12.00000000000285,2.8654242535636025e-05,-9.939421849581597e-05,-2.373388369515362e-10,-2.373388369515362e-10,0.020808063570282108,2.3878535446357686e-06
0.24380000000000002,89.99963290535844,90.0,0.01240337124635712,-0.007067157068895743,-1.4547579720365926e-05,8.33606656241897e-07,12.000000000002812,2.846577283725622e-05,-9.8779862298781e-05,-2.343204267576576e-10,-2.343204267576576e-10,0.020672285410595202,2.3721477364374625e-06
0.24400000000000002,89.99963537793589,90.0,0.012322411245939191,-0.007023162971570455,-1.4457615350485806e-05,8.279918724944763e-07,12.000000000002775,2.8278490459690167e-05,-9.816899312058265e-05,-2.313392446164287e-10,-2.313392446164287e-10,0.02053735207656532,2.356540871640302e-06
0.2442,89.99963783437175,90.0,0.012241955229169444,-0.006979421809804157,-1.4368162081908725e-05,8.224137434388551e-07,12.000000000002741,2.8092388431987165e-05,-9.756159438333087e-05,-2.2839485045499017e-10,-2.2839485045499017e-10,0.020403258715282407,2.341032369331729e-06
0.2444,89.99964027476653,90.0,0.012162000298535725,-0.00693593234455048,-1.42792174791546e-05,8.168720408448509e-07,12.000000000002707,2.7907459819034735e-05,-9.695764954981521e-05,-2.2548680907990906e-10,-2.2548680907990906e-10,0.020270000497559542,2.3256216515857035e-06
0.2446,89.99964269922015,90.0,0.012082543570719355,-0.006892693340593677,-1.419077911343948e-05,8.113665377823263e-07,12.000000000002672,2.7723697721242926e-05,-9.635714212829278e-05,-2.2261469013725305e-10,-2.2261469013725305e-10,0.020137572617865595,2.310308143436396e-06
0.24480000000000002,89.99964510783195,90.0,0.012003582176551125,-0.006849703566131889,-1.410284456170828e-05,8.058970086500796e-07,12.000000000002636,2.7541095274714566e-05,-9.576005566592043e-05,-2.1977806805054212e-10,-2.1977806805054212e-10,0.020005970294251874,2.2950912728923763e-06
0.24500000000000002,89.99964750070073,90.0,0.01192511326097247,-0.006806961793078241,-1.4015411407344878e-05,8.004632291469539e-07,12.000000000002604,2.7359645650932366e-05,-9.516637375357635e-05,-2.1697652198178952e-10,-2.1697652198178952e-10,0.01987518876828745,2.279970470910536e-06
0.2452,89.9996498779247,90.0,0.011847133982992511,-0.006764466797711376,-1.3928477241699804e-05,7.950649762140584e-07,12.00000000000257,2.7179342056192675e-05,-9.457608003623325e-05,-2.1420963580317403e-10,-2.1420963580317403e-10,0.019745223304987517,2.2649451713489045e-06
0.2454,89.9996522396015,90.0,0.011769641515638527,-0.006722217359185219,-1.3842039660614185e-05,7.897020281503269e-07,12.000000000002537,2.7000177732504572e-05,-9.398915818935559e-05,-2.1147699800337933e-10,-2.1147699800337933e-10,0.019616069192730876,2.250014811041572e-06
0.2456,89.99965458582821,90.0,0.011692633045922643,-0.006680212260903564,-1.3756096267638614e-05,7.843741644969591e-07,12.000000000002505,2.6822145956548105e-05,-9.340559194075603e-05,-2.0877820168268407e-10,-2.0877820168268407e-10,0.019487721743204404,2.2351788297118757e-06
0.24580000000000002,89.99965691670134,90.0,0.011616105774793406,-0.0066384502900971734,-1.3670644673052181e-05,7.790811660663102e-07,12.000000000002473,2.6645240039836965e-05,-9.282536506393457e-05,-2.061128444927936e-10,-2.061128444927936e-10,0.01936017629132234,2.2204366699859564e-06
0.24600000000000002,89.99965923231687,90.0,0.011540056917091666,-0.006596930237762186,-1.3585682493725505e-05,7.738228149418905e-07,12.00000000000244,2.64694533286425e-05,-9.224846137714851e-05,-2.03480528588418e-10,-2.03480528588418e-10,0.019233428195152776,2.2057877773864263e-06
0.2462,89.9996615327702,90.0,0.011464483701507796,-0.006555650898600382,-1.35012073529879e-05,7.68598894478366e-07,12.00000000000241,2.6294779203920038e-05,-9.167486474251044e-05,-2.008808605794218e-10,-2.008808605794218e-10,0.019107472835846327,2.19123160032623e-06
0.2464,89.99966381815618,90.0,0.011389383370538925,-0.006514611070959471,-1.3417216880494567e-05,7.634091893015583e-07,12.00000000000238,2.6121211081235193e-05,-9.110455906508658e-05,-1.9831345148345948e-10,-1.9831345148345948e-10,0.018982305617564876,2.1767675901025007e-06
0.2466,89.99966608856911,90.0,0.011314753180447496,-0.006473809557485773,-1.3333708713759077e-05,7.582534852506641e-07,12.000000000002348,2.5948742410200315e-05,-9.053752830330238e-05,-1.957779166998462e-10,-1.957779166998462e-10,0.018857921967412494,2.162395200849603e-06
0.24680000000000002,89.99966834410274,90.0,0.0112405904012118,-0.006433245164344591,-1.3250680496338583e-05,7.531315694360361e-07,12.00000000000232,2.5777366674881458e-05,-8.997375645662003e-05,-1.9327387594152744e-10,-1.9327387594152744e-10,0.018734317335352996,2.1481138895730395e-06
0.24700000000000003,89.99967058485029,90.0,0.011166892316485674,-0.006392916701874515,-1.3168129879369912e-05,7.480432301814027e-07,12.00000000000229,2.5607077393236795e-05,-8.941322757596855e-05,-1.9080095320970701e-10,-1.9080095320970701e-10,0.018611487194142788,2.133923116102659e-06
0.2472,89.99967281090444,90.0,0.011093656223550862,-0.006352822984165597,-1.308605452059096e-05,7.42988257052757e-07,12.00000000000226,2.543786811728062e-05,-8.885592575709913e-05,-1.8835877673729503e-10,-1.8835877673729503e-10,0.018489427039251438,2.1198223431063194e-06
0.2474,89.9996750223573,90.0,0.01102087943327391,-0.0063129628293544585,-1.30044520850375e-05,7.379664408294689e-07,12.000000000002231,2.526973243276303e-05,-8.830183514531637e-05,-1.8594697895364005e-10,-1.8594697895364005e-10,0.018368132388789853,2.1058110360631946e-06
0.24760000000000001,89.99967721930048,90.0,0.010948559270059815,-0.006273335059204297,-1.2923320244068656e-05,7.329775735331729e-07,12.000000000002203,2.5102663959336185e-05,-8.775093992886126e-05,-1.8356519642914131e-10,-1.8356519642914131e-10,0.018247598783433024,2.0918886632776315e-06
0.24780000000000002,89.999679401825,90.0,0.010876693071810557,-0.006233938499402259,-1.284265667606873e-05,7.280214483988798e-07,12.000000000002174,2.4936656350236754e-05,-8.720322434367657e-05,-1.8121306984087239e-10,-1.8121306984087239e-10,0.018127821786350928,2.078054695852686e-06
0.248,89.99968157002144,90.0,0.010805278189880184,-0.006194771979851988,-1.2762459067138277e-05,7.230978598460857e-07,12.000000000002146,2.477170329196248e-05,-8.665867267809943e-05,-1.7889024393806589e-10,-1.7889024393806589e-10,0.01800879698313364,2.0643086076631708e-06
0.2482,89.99968372397977,90.0,0.010734311989026373,-0.006155834334606003,-1.268272511094373e-05,7.182066034787731e-07,12.00000000000212,2.460779850418874e-05,-8.611726927184015e-05,-1.765963674976694e-10,-1.765963674976694e-10,0.017890519981710623,2.0506498753487e-06
0.2484,89.99968586378947,90.0,0.010663791847363074,-0.00611712440108903,-1.2603452506909204e-05,7.133474761431892e-07,12.000000000002093,2.4444935740179168e-05,-8.557899850370448e-05,-1.7433109326096503e-10,-1.7433109326096503e-10,0.01777298641227179,2.037077978347909e-06
0.24860000000000002,89.99968798953948,90.0,0.010593715156321718,-0.0060786410211096445,-1.2524638962587734e-05,7.085202758411777e-07,12.000000000002064,2.428310878598052e-05,-8.504384480769451e-05,-1.7209407792024458e-10,-1.7209407792024458e-10,0.01765619192720286,2.0235923988313617e-06
0.24880000000000002,89.99969010131825,90.0,0.010524079320601155,-0.00604038304043512,-1.2446282192675315e-05,7.037248017590677e-07,12.00000000000204,2.412231146058259e-05,-8.451179266631388e-05,-1.698849820657214e-10,-1.698849820657214e-10,0.017540132201001927,2.0101926217148743e-06
0.249,89.99969219921368,90.0,0.010454881758122236,-0.006002349308727988,-1.2368379918869797e-05,6.989608542676744e-07,12.000000000002013,2.396253761583993e-05,-8.398282660960975e-05,-1.6770347014308322e-10,-1.6770347014308322e-10,0.017424802930203726,1.9968781346529925e-06
0.2492,89.99969428331319,90.0,0.010386119899983169,-0.005964538679838994,-1.2290929870562903e-05,6.942282348934084e-07,12.000000000001986,2.3803781136148886e-05,-8.345693121987158e-05,-1.6554921042101044e-10,-1.6554921042101044e-10,0.017310199833305284,1.983648428012079e-06
0.2494,89.99969635370363,90.0,0.010317791190411636,-0.005926950011384956,-1.2213929783860935e-05,6.895267463471666e-07,12.000000000001961,2.364603593861119e-05,-8.293409112498167e-05,-1.6342187493975428e-10,-1.6342187493975428e-10,0.01719631865068606,1.9705029948839438e-06
0.24960000000000002,89.9996984104714,90.0,0.010249893086721563,-0.005889582165398959,-1.2137377403111705e-05,6.848561924665513e-07,12.000000000001936,2.3489295972467344e-05,-8.241429100878319e-05,-1.6132113948883751e-10,-1.6132113948883751e-10,0.01708315514453594,1.9574413310386296e-06
0.24980000000000002,89.99970045370236,90.0,0.010182423059262652,-0.005852434007549327,-1.2061270479086657e-05,6.802163782736509e-07,12.000000000001911,2.333355521950182e-05,-8.189751559873658e-05,-1.5924668354690225e-10,-1.5924668354690225e-10,0.016970705098771084,1.9444629349581753e-06
0.25,89.99970248348187,90.0,0.010115378591378612,-0.005815504407791876,-1.1985606770512381e-05,6.756071099172598e-07,12.000000000001886,2.3178807693478988e-05,-8.138374967631865e-05,-1.5719819026011052e-10,-1.5719819026011052e-10,0.016858964318964352,1.931567307789612e-06
0.25020000000000003,89.9997044998948,90.0,0.010048757179358131,-0.005778792239946148,-1.1910384043087707e-05,6.710281947017682e-07,12.000000000001862,2.3025047440304713e-05,-8.087297807034864e-05,-1.5517534639235093e-10,-1.5517534639235093e-10,0.01674792863226355,1.9187539533584282e-06
0.2504,89.99970650302551,90.0,0.009982556332390539,-0.005742296381988808,-1.183560007017669e-05,6.66479441058272e-07,12.000000000001837,2.2872268537703922e-05,-8.036518566169359e-05,-1.5317784229470058e-10,-1.5317784229470058e-10,0.016637593887317562,1.9060223781417017e-06
0.2506,89.99970849295786,90.0,0.009916773572518354,-0.005706015716342643,-1.1761252633491798e-05,6.619606585156838e-07,12.000000000001815,2.2720465094892737e-05,-7.986035738790728e-05,-1.5120537187477768e-10,-1.5120537187477768e-10,0.01652795595419726,1.8933720912407749e-06
0.2508,89.99971046977522,90.0,0.009851406434586148,-0.005669949128739347,-1.1687339520443407e-05,6.57471657787401e-07,12.00000000000179,2.256963125322871e-05,-7.935847822523302e-05,-1.4925763253005182e-10,-1.4925763253005182e-10,0.016419010724310245,1.880802604435445e-06
0.251,89.99971243356049,90.0,0.009786452466202793,-0.005634095509587909,-1.1613858527344902e-05,6.530122506557483e-07,12.00000000000177,2.241976118516139e-05,-7.885953321036663e-05,-1.4733432514578857e-10,-1.4733432514578857e-10,0.01631075411033799,1.8683134320965071e-06
0.25120000000000003,89.99971438439603,90.0,0.009721909227687908,-0.005598453753189276,-1.154080745758521e-05,6.485822500297553e-07,12.000000000001744,2.22708490946323e-05,-7.836350742804774e-05,-1.4543515403799124e-10,-1.4543515403799124e-10,0.016203182046146514,1.8559040912190887e-06
0.2514,89.99971632236375,90.0,0.00965777429202706,-0.005563022758029088,-1.1468184122320276e-05,6.441814699162685e-07,12.000000000001723,2.2122889216751636e-05,-7.787038601575498e-05,-1.4355982692433216e-10,-1.4355982692433216e-10,0.016096290486711767,1.843574101395705e-06
0.2516,89.99971824754509,90.0,0.009594045244824064,-0.00552780142671107,-1.1395986340324966e-05,6.398097254199498e-07,12.000000000001702,2.1975875817716126e-05,-7.73801541627004e-05,-1.4170805488624937e-10,-1.4170805488624937e-10,0.015990075408040105,1.8313229848094176e-06
0.2518,89.99972016002097,90.0,0.009530719684253801,-0.00549278866553588,-1.132421193701597e-05,6.354668327721677e-07,12.000000000001679,2.1829803194973853e-05,-7.689279710319487e-05,-1.3987955232279706e-10,-1.3987955232279706e-10,0.01588453280708967,1.8191502662475667e-06
0.252,89.99972205987186,90.0,0.009467795221019685,-0.005457983385507544,-1.1252858746811464e-05,6.311526092443266e-07,12.000000000001656,2.168466567641271e-05,-7.640830013267044e-05,-1.3807403693997757e-10,-1.3807403693997757e-10,0.015779658701699475,1.807055473034143e-06
0.25220000000000004,89.99972394717771,90.0,0.009405269478300067,-0.00542338450154807,-1.1181924611303535e-05,6.268668732056469e-07,12.000000000001634,2.154045762076025e-05,-7.592664859527093e-05,-1.362912296960472e-10,-1.362912296960472e-10,0.015675449130500112,1.7950381350631096e-06
0.2524,89.99972582201808,90.0,0.009343140091703025,-0.005388990932434329,-1.1111407379117814e-05,6.226094441231651e-07,12.000000000001613,2.1397173417505845e-05,-7.544782788289875e-05,-1.3453085476535836e-10,-1.3453085476535836e-10,0.015571900152838375,1.7830977847919141e-06
0.2526,89.99972768447196,90.0,0.00928140470922247,-0.005354801601092033,-1.1041304906607735e-05,6.183801425328442e-07,12.000000000001593,2.1254807486578952e-05,-7.497182343992907e-05,-1.327926395111057e-10,-1.327926395111057e-10,0.015469007848704117,1.7712339572146774e-06
0.2528,89.99972953461793,90.0,0.009220060991190548,-0.005320815434884558,-1.0971615058537337e-05,6.141787900106832e-07,12.000000000001574,2.1113354278021056e-05,-7.449862076784612e-05,-1.3107631445793883e-10,-1.3107631445793883e-10,0.015366768318650914,1.7594461898348573e-06
0.253,89.9997313725341,90.0,0.00915910661022678,-0.005287031365186645,-1.0902335707092743e-05,6.100052092016072e-07,12.000000000001553,2.0972808272144146e-05,-7.402820541853098e-05,-1.2938161324779598e-10,-1.2938161324779598e-10,0.015265177683711302,1.7477340226784528e-06
0.25320000000000004,89.9997331982981,90.0,0.009098539251192153,-0.005253448327675574,-1.0833464732570179e-05,6.058592237905779e-07,12.000000000001531,2.083316397920553e-05,-7.356056299893333e-05,-1.2770827261327179e-10,-1.2770827261327179e-10,0.015164232085320258,1.7360969982669061e-06
0.2534,89.99973501198711,90.0,0.009038356611139735,-0.005220065261551681,-1.0765000021561523e-05,6.017406585603726e-07,12.000000000001513,2.0694415939814985e-05,-7.309567915875109e-05,-1.2605603232618915e-10,-1.2605603232618915e-10,0.01506392768523289,1.7245346616510312e-06
0.2536,89.99973681367783,90.0,0.008978556399274511,-0.005186881110548073,-1.069693946932127e-05,5.976493393049155e-07,12.000000000001492,2.055655872412728e-05,-7.263353960650246e-05,-1.244246351885089e-10,-1.244246351885089e-10,0.014964260665457519,1.713046560343727e-06
0.2538,89.99973860344653,90.0,0.008919136336901258,-0.005153894822857856,-1.0629280979604685e-05,5.935850928292765e-07,12.000000000001474,2.0419586931752378e-05,-7.217413010842688e-05,-1.2281382699770404e-10,-1.2281382699770404e-10,0.014865227228168765,1.701632244312489e-06
0.254,89.99974038136902,90.0,0.008860094157373655,-0.005121105350352535,-1.056202246284865e-05,5.895477470074526e-07,12.000000000001455,2.028349519215998e-05,-7.171743647613282e-05,-1.2122335649645855e-10,-1.2122335649645855e-10,0.014766823595622758,1.690291266013127e-06
0.25420000000000004,89.99974214752062,90.0,0.008801427606051987,-0.005088511648878236,-1.0495161836870918e-05,5.855371307534762e-07,12.000000000001435,2.014827816436058e-05,-7.126344457134575e-05,-1.1965297534781617e-10,-1.1965297534781617e-10,0.014669046010086643,1.6790231803631808e-06
0.2544,89.99974390197626,90.0,0.008743134440257642,-0.005056112678902706,-1.0428697028389938e-05,5.815530739636367e-07,12.000000000001418,2.001393053633488e-05,-7.081214031622798e-05,-1.1810243811816816e-10,-1.1810243811816816e-10,0.014571890733762735,1.6678275446943763e-06
0.2546,89.9997456448104,90.0,0.008685212429220244,-0.005023907405086226,-1.0362625972030134e-05,5.775954075453697e-07,12.0000000000014,1.988044702518884e-05,-7.036350968662438e-05,-1.165715022359279e-10,-1.165715022359279e-10,0.014475354048700404,1.6567039187655435e-06
0.2548,89.99974737609702,90.0,0.00862765935402964,-0.004991894795504036,-1.0296946608511699e-05,5.736639634750369e-07,12.000000000001382,1.9747822377563155e-05,-6.99175386997708e-05,-1.1505992794327606e-10,-1.1505992794327606e-10,0.014379432256716066,1.64565186479674e-06
0.255,89.9997490959097,90.0,0.008570473007596759,-0.0049600738230127575,-1.0231656887851306e-05,5.697585746823667e-07,12.000000000001364,1.9616051368581443e-05,-6.94742134360274e-05,-1.1356747829606247e-10,-1.1356747829606247e-10,0.01428412167932793,1.634670947381601e-06
0.25520000000000004,89.99975080432156,90.0,0.008513651194598687,-0.004928443464463182,-1.0166754767530474e-05,5.658790751082339e-07,12.000000000001346,1.948512880224786e-05,-6.903352002644149e-05,-1.1209391911563489e-10,-1.1209391911563489e-10,0.014189418657664477,1.6237607335204727e-06
0.2554,89.99975250140533,90.0,0.008457191731433117,-0.004897002700991911,-1.010223821318463e-05,5.620252996757698e-07,12.000000000001329,1.935504951112252e-05,-6.859544465742651e-05,-1.1063901896515065e-10,-1.1063901896515065e-10,0.014095319552388528,1.6129207925933649e-06
0.2556,89.99975418723321,90.0,0.008401092446169253,-0.004865750517597573,-1.0038105197620178e-05,5.581970843192518e-07,12.000000000001311,1.9225808356483015e-05,-6.815997356408763e-05,-1.0920254911049618e-10,-1.0920254911049618e-10,0.014001820743615424,1.6021506963734096e-06
0.2558,89.99975586187703,90.0,0.008345351178503449,-0.004834685903434105,-9.97435370150722e-06,5.543942659552143e-07,12.000000000001293,1.9097400228001928e-05,-6.772709303492559e-05,-1.0778428349724636e-10,-1.0778428349724636e-10,0.013908918630839082,1.5914500189999892e-06
0.256,89.9997575254082,90.0,0.008289965779711684,-0.004803807851744456,-9.910981713232111e-06,5.506166824824477e-07,12.000000000001275,1.8969820043664976e-05,-6.729678941083534e-05,-1.0638399871998578e-10,-1.0638399871998578e-10,0.013816609632852805,1.5808183369719133e-06
0.25620000000000004,89.99975917789766,90.0,0.00823493411260272,-0.004773115360150407,-9.847987229582487e-06,5.46864172753109e-07,12.000000000001261,1.8843062749444203e-05,-6.686904908975764e-05,-1.0500147399948629e-10,-1.0500147399948629e-10,0.013724890187671202,1.5702552291201852e-06
0.2564,89.99976081941595,90.0,0.008180254051467953,-0.004742607430227291,-9.785368254760999e-06,5.431365766016121e-07,12.000000000001243,1.8717123319457714e-05,-6.64438585199821e-05,-1.0363649114491477e-10,-1.0363649114491477e-10,0.01363375675244659,1.5597602766213145e-06
0.2566,89.99976245003319,90.0,0.00812592348203601,-0.004712283067795877,-9.723122801074922e-06,5.394337348157372e-07,12.000000000001227,1.8591996755645363e-05,-6.602120420482973e-05,-1.0228883453165574e-10,-1.0228883453165574e-10,0.013543205803393351,1.5493330629702885e-06
0.25680000000000003,89.99976406981904,90.0,0.00807194030142431,-0.0046821412824994664,-9.661248887955185e-06,5.35755489165521e-07,12.000000000001211,1.8467678087931425e-05,-6.5601072695992e-05,-1.0095829106437047e-10,-1.0095829106437047e-10,0.013453233835707184,1.53897317399413e-06
0.257,89.99976567884279,90.0,0.008018302418095185,-0.004652181088808421,-9.599744544311782e-06,5.321016823165868e-07,12.000000000001195,1.8344162373410706e-05,-6.518345060952445e-05,-9.964465017001622e-11,-9.964465017001622e-11,0.013363837363491974,1.5286801977840731e-06
0.25720000000000004,89.9997672771733,90.0,0.007965007751800627,-0.004622401504521961,-9.538607805040004e-06,5.284721579457048e-07,12.00000000000118,1.8221444697237788e-05,-6.47683246021235e-05,-9.834770373918526e-11,-9.834770373918526e-11,0.013275012919667711,1.5184537247696664e-06
0.2574,89.99976886487899,90.0,0.00791205423354407,-0.004592801551780586,-9.477836713393413e-06,5.248667606541214e-07,12.000000000001165,1.809952017182287e-05,-6.435568138723924e-05,-9.706724611996909e-11,-9.706724611996909e-11,0.013186757055906781,1.5082933476517594e-06
0.2576,89.99977044202788,90.0,0.007859439805530647,-0.004563380257351915,-9.41742932165999e-06,5.212853359386699e-07,12.000000000001151,1.7978383936500024e-05,-6.394550773966661e-05,-9.580307409650415e-11,-9.580307409650415e-11,0.013099066342551076,1.4981986613748583e-06
0.25780000000000003,89.99977200868761,90.0,0.0078071624211143754,-0.004534136651491112,-9.357383688506421e-06,5.177277302784402e-07,12.000000000001133,1.785803115817448e-05,-6.353779047751275e-05,-9.455498683907311e-11,-9.455498683907311e-11,0.013011937368523959,1.4881692631810662e-06
0.258,89.99977356492536,90.0,0.0077552200447580195,-0.0045050697685953996,-9.297697880514614e-06,5.141937910769989e-07,12.000000000001119,1.7738457030761332e-05,-6.31325164726301e-05,-9.332278589112305e-11,-9.332278589112305e-11,0.012925366741263366,1.4782047525633065e-06
0.2582,89.99977511080793,90.0,0.007703610651985706,-0.0044761786474931614,-9.238369972865134e-06,5.106833666334994e-07,12.000000000001105,1.7619656774857784e-05,-6.27296726552571e-05,-9.210627514872584e-11,-9.210627514872584e-11,0.012839351086642845,1.4683047312380136e-06
0.2584,89.99977664640173,90.0,0.007652332229332256,-0.004447462331017921,-9.179398048349284e-06,5.071963061715714e-07,12.00000000000109,1.7501625637902007e-05,-6.232924600730996e-05,-9.090526082604485e-11,-9.090526082604485e-11,0.012753887048887094,1.458468803158368e-06
0.2586,89.99977817177273,90.0,0.0076013827742970885,-0.004418919865943996,-9.120780197226022e-06,5.037324598393219e-07,12.000000000001076,1.738435889409371e-05,-6.193122356141127e-05,-8.971955142848578e-11,-8.971955142848578e-11,0.012668971290495146,1.4486965745076792e-06
0.25880000000000003,89.99977968698656,90.0,0.007550760295299273,-0.004390550303278992,-9.062514517912917e-06,5.002916786804443e-07,12.000000000001062,1.7267851844070636e-05,-6.153559240558154e-05,-8.854895773305051e-11,-8.854895773305051e-11,0.012584600492165452,1.4389876536724257e-06
0.259,89.99978119210839,90.0,0.007500462811629045,-0.004362352698196121,-9.004599116835631e-06,4.968738146342188e-07,12.000000000001048,1.7152099814825053e-05,-6.114233968221726e-05,-8.73932927617698e-11,-8.73932927617698e-11,0.012500771352715075,1.4293416512352962e-06
0.2592,89.99978268720302,90.0,0.007450488353399881,-0.004334326109611996,-8.947032107448513e-06,4.934787205644026e-07,12.000000000001034,1.7037098159867285e-05,-6.0751452581440527e-05,-8.6252371748703e-11,-8.6252371748703e-11,0.012417480588999802,1.4197581799888182e-06
0.2594,89.99978417233488,90.0,0.00740083496150593,-0.004306469600837755,-8.889811611763586e-06,4.901062502014494e-07,12.000000000001021,1.69228422586602e-05,-6.0362918351481146e-05,-8.512601212786778e-11,-8.512601212786778e-11,0.012334724935843215,1.41023685488823e-06
0.2596,89.99978564756798,90.0,0.007351500687571361,-0.0042787822391530585,-8.832935759362688e-06,4.867562581713998e-07,12.000000000001009,1.680932751677807e-05,-5.997672429196888e-05,-8.401403350059328e-11,-8.401403350059328e-11,0.012252501145952268,1.4007772930647213e-06
0.25980000000000003,89.99978711296593,90.0,0.007302483593905097,-0.0042512630960981485,-8.77640268808747e-06,4.834285999669915e-07,12.000000000000995,1.669654936558248e-05,-5.959285775861864e-05,-8.291625761690237e-11,-8.291625761690237e-11,0.01217080598984183,1.3913791137984246e-06
0.26,89.999788568592,90.0,0.007253781753452011,-0.00422391124669518,-8.720210542226756e-06,4.801231320054388e-07,12.00000000000098,1.658450326263047e-05,-5.921130615092243e-05,-8.183250833704203e-11,-8.183250833704203e-11,0.01208963625575335,1.3820419385524264e-06
0.2602,89.99979001450903,90.0,0.0072053932497529935,-0.00419672577081354,-8.66435747571479e-06,4.768397115128729e-07,12.00000000000097,1.64731846906214e-05,-5.883205693386586e-05,-8.076261163338729e-11,-8.076261163338729e-11,0.012008988749588324,1.3727653908850059e-06
0.2604,89.99979145077953,90.0,0.007157316176889333,-0.004169705751671096,-8.608841648636269e-06,4.7357819663990184e-07,12.000000000000956,1.636258915828545e-05,-5.84550976141969e-05,-7.970639553904165e-11,-7.970639553904165e-11,0.011928860294815555,1.3635490965236791e-06
0.2606,89.99979287746554,90.0,0.007109548639444547,-0.004142850276846735,-8.553661229599547e-06,4.7033844637494076e-07,12.000000000000945,1.625271219957967e-05,-5.808041575654014e-05,-7.86636901435754e-11,-7.86636901435754e-11,0.01184924773240758,1.3543926832981992e-06
0.26080000000000003,89.99979429462883,90.0,0.007062088752454295,-0.004116158438210407,-8.498814395581082e-06,4.6712032054421164e-07,12.00000000000093,1.614354937360164e-05,-5.770799898234069e-05,-7.76343275685915e-11,-7.76343275685915e-11,0.01177014792075716,1.3452957811333659e-06
0.261,89.99979570233072,90.0,0.0070149346413573045,-0.004089629331144082,-8.444299330111957e-06,4.639236798695234e-07,12.00000000000092,1.6035096264997186e-05,-5.7337834957550335e-05,-7.661814193089749e-11,-7.661814193089749e-11,0.011691557735595506,1.3362580220829963e-06
0.2612,89.99979710063218,90.0,0.006968084441955036,-0.00406326205555123,-8.390114225644313e-06,4.607483858816018e-07,12.000000000000906,1.5927348483152574e-05,-5.696991140869596e-05,-7.561496933838013e-11,-7.561496933838013e-11,0.01161347406992506,1.3272790402626143e-06
0.2614,89.9997984895938,90.0,0.006921536300359977,-0.00403705571471882,-8.3362572808991e-06,4.5759430100675974e-07,12.000000000000895,1.5820301662843754e-05,-5.660421610487044e-05,-7.462464784731518e-11,-7.462464784731518e-11,0.011535893833933296,1.3183584719035478e-06
0.2616,89.99979986927583,90.0,0.006875288372956992,-0.004011009416684441,-8.28272670406835e-06,4.544612884513371e-07,12.000000000000885,1.5713951463185403e-05,-5.624073687947646e-05,-7.364701746481744e-11,-7.364701746481744e-11,0.01145881395492832,1.3094959552653538e-06
0.26180000000000003,89.9998012397381,90.0,0.006829338826348576,-0.003985122272738766,-8.229520709322898e-06,4.513492123172605e-07,12.000000000000872,1.560829356852099e-05,-5.587946160651351e-05,-7.268192010044143e-11,-7.268192010044143e-11,0.011382231377247627,1.300691130709988e-06
0.262,89.99980260104013,90.0,0.0067836858373178715,-0.003959393399150287,-8.176637520850409e-06,4.482579374575941e-07,12.00000000000086,1.5503323687128635e-05,-5.552037822799661e-05,-7.172919957503159e-11,-7.172919957503159e-11,0.01130614306219645,1.2919436405939604e-06
0.2622,89.99980395324104,90.0,0.006738327592771637,-0.003933821914954044,-8.124075367694862e-06,4.4518732964987865e-07,12.000000000000849,1.5399037552599383e-05,-5.5163474718915735e-05,-7.078870156069916e-11,-7.078870156069916e-11,0.01123054598795273,1.2832531293831911e-06
0.2624,89.9998052963996,90.0,0.0066932622897084,-0.003908406944394054,-8.07183248947164e-06,4.4213725539390215e-07,12.000000000000838,1.5295430922059742e-05,-5.480873912604201e-05,-6.98602736022925e-11,-6.98602736022925e-11,0.011155437149514,1.2746192435048895e-06
0.2626,89.99980663057421,90.0,0.006648488135158945,-0.0038831476147085995,-8.019907131199342e-06,4.391075820850396e-07,12.000000000000828,1.5192499577545705e-05,-5.445615953283505e-05,-6.894376505810841e-11,-6.894376505810841e-11,0.01108081355859824,1.2660416314620547e-06
0.26280000000000003,89.99980795582293,90.0,0.006604003346151858,-0.0038580430575032056,-7.968297546515083e-06,4.3609817789869317e-07,12.000000000000817,1.509023932495904e-05,-5.410572408127526e-05,-6.803902710304898e-11,-6.803902710304898e-11,0.01100667224358643,1.257519943746501e-06
0.263,89.99980927220345,90.0,0.0065598061496636335,-0.003833092408680964,-7.91700199751954e-06,4.331089117902922e-07,12.000000000000806,1.498864599398134e-05,-5.37574209708117e-05,-6.714591270673925e-11,-6.714591270673925e-11,0.01093301024943939,1.2490538328316943e-06
0.2632,89.99981057977313,90.0,0.006515894782569413,-0.0038082948073079447,-7.866018752132306e-06,4.301396535819628e-07,12.000000000000796,1.4887715438727455e-05,-5.3411238440404554e-05,-6.626427659422596e-11,-6.626427659422596e-11,0.01085982463761569,1.2406429532272057e-06
0.2634,89.99981187858893,90.0,0.0064722674916067435,-0.00378364939733895,-7.815346088132198e-06,4.271902738180788e-07,12.000000000000785,1.4787443536452594e-05,-5.3067164795959375e-05,-6.539397525498523e-11,-6.539397525498523e-11,0.010787112486011238,1.232286961370969e-06
0.2636,89.99981316870752,90.0,0.006428922533319555,-0.0037591553257629393,-7.764982288830468e-06,4.242606439097106e-07,12.000000000000774,1.4687826188686311e-05,-5.272518838094763e-05,-6.453486689208765e-11,-6.453486689208765e-11,0.010714870888865925,1.2239855157237803e-06
0.26380000000000003,89.99981445018518,90.0,0.006385858174023408,-0.00373481174397558,-7.714925646285149e-06,4.2135063601906616e-07,12.000000000000764,1.4588859320188244e-05,-5.23852975982325e-05,-6.368681142556337e-11,-6.368681142556337e-11,0.010643096956705681,1.2157382766822764e-06
0.264,89.99981572307786,90.0,0.006343072689755068,-0.0037106178073535757,-7.665174460313926e-06,4.1846012308838045e-07,12.000000000000753,1.4490538879107358e-05,-5.204748090336617e-05,-6.284967046581483e-11,-6.284967046581483e-11,0.010571787816258445,1.207544906592204e-06
0.2642,89.99981698744115,90.0,0.0063005643662268915,-0.0036865726748357116,-7.615727037521937e-06,4.155889788688057e-07,12.000000000000744,1.439286083714949e-05,-5.171172679798847e-05,-6.202330728767466e-11,-6.202330728767466e-11,0.010500940610378151,1.1994050697623832e-06
0.2644,89.99981824333032,90.0,0.0062583314987858935,-0.0036626755095762343,-7.5665816928358044e-06,4.127370778626314e-07,12.000000000000735,1.4295821189014625e-05,-5.137802384024312e-05,-6.120758682208343e-11,-6.120758682208343e-11,0.010430552497976487,1.1913184324178124e-06
0.2646,89.9998194908003,90.0,0.006216372392365689,-0.0036389254785224815,-7.517736748523832e-06,4.0990429535217417e-07,12.000000000000725,1.4199415952560231e-05,-5.10463606381248e-05,-6.040237563042401e-11,-6.040237563042401e-11,0.010360620653942814,1.1832846627132812e-06
0.26480000000000004,89.99982072990568,90.0,0.00617468536144279,-0.0036153217527091323,-7.469190534890892e-06,4.0709050737088805e-07,12.000000000000714,1.4103641168479858e-05,-5.071672585419742e-05,-5.960754189064357e-11,-5.960754189064357e-11,0.010291142269071317,1.1753034307065849e-06
0.265,89.99982196070069,90.0,0.0061332687299899685,-0.003591863506482551,-7.420941388472465e-06,4.0429559076114405e-07,12.000000000000707,1.400849290071504e-05,-5.038910819333156e-05,-5.88229553666338e-11,-5.88229553666338e-11,0.010222114549983282,1.1673744083928513e-06
0.2652,89.99982318323926,90.0,0.006092120831438286,-0.00356854991886885,-7.372987655239016e-06,4.015194230586709e-07,12.000000000000696,1.3913967235405468e-05,-5.006349642446246e-05,-5.804848741164742e-11,-5.804848741164742e-11,0.01015353471906381,1.159497269617055e-06
0.2654,89.99982439757495,90.0,0.006051240008623473,-0.0035453801717226685,-7.3253276862766586e-06,3.9876188263700414e-07,12.000000000000687,1.3820060282027127e-05,-4.973987935126127e-05,-5.72840109212623e-11,-5.72840109212623e-11,0.010085400014372454,1.1516716901688612e-06
0.2656,89.99982560376102,90.0,0.006010624613753451,-0.003522353451813452,-7.277959842669719e-06,3.9602284853414695e-07,12.000000000000679,1.3726768171859781e-05,-4.941824584528822e-05,-5.652940034818382e-11,-5.652940034818382e-11,0.010017707689589084,1.1438973476549172e-06
0.26580000000000004,89.9998268018504,90.0,0.005970273008352189,-0.0034994689489707027,-7.230882491173558e-06,3.9330220059701984e-07,12.00000000000067,1.3634087059120726e-05,-4.909858481661059e-05,-5.57845316557712e-11,-5.57845316557712e-11,0.009950455013920315,1.1361739215933305e-06
0.266,89.99982799189567,90.0,0.005930183563224516,-0.0034767258571006625,-7.184094006597022e-06,3.9059981939479035e-07,12.00000000000066,1.3542013120165919e-05,-4.8780885229979784e-05,-5.504928231647148e-11,-5.504928231647148e-11,0.00988363927204086,1.1285010933470977e-06
0.2662,89.99982917394911,90.0,0.00589035465840944,-0.0034541233741211402,-7.1375927716575045e-06,3.879155862188737e-07,12.000000000000652,1.3450542553409548e-05,-4.846513610384726e-05,-5.432353129346229e-11,-5.432353129346229e-11,0.009817257764015734,1.1208785461174013e-06
0.2664,89.99983034806267,90.0,0.005850784683134303,-0.0034316607015422167,-7.0913771760080025e-06,3.8524938311182245e-07,12.000000000000643,1.3359671579491163e-05,-4.815132650375805e-05,-5.360715901725179e-11,-5.360715901725179e-11,0.009751307805223838,1.1133059649575373e-06
0.2666,89.99983151428796,90.0,0.00581147203577345,-0.003409337044763819,-7.045445616939373e-06,3.826010928384364e-07,12.000000000000636,1.3269396440958411e-05,-4.7839445547119205e-05,-5.290004737336114e-11,-5.290004737336114e-11,0.009685786726289083,1.1057830367464757e-06
0.26680000000000004,89.9998326726763,90.0,0.005772415123803861,-0.003387151613013766,-6.999796499242556e-06,3.799705988857628e-07,12.000000000000625,1.3179713402190572e-05,-4.752948240226428e-05,-5.2202079684689236e-11,-5.2202079684689236e-11,0.009620691873006435,1.0983094501824904e-06
0.267,89.99983382327868,90.0,0.0057336123637612086,-0.00336510361893114,-6.954428234241563e-06,3.773577854919864e-07,12.000000000000618,1.3090618749569002e-05,-4.7221426281887164e-05,-5.151314068891922e-11,-5.151314068891922e-11,0.009556020606268681,1.0908848957973606e-06
0.2672,89.99983496614577,90.0,0.005695062181200733,-0.003343192279577474,-6.909339242163695e-06,3.7476253755975923e-07,12.000000000000611,1.3002108790671431e-05,-4.691526645913621e-05,-5.0833116537083037e-11,-5.0833116537083037e-11,0.009491770302001223,1.0835090658892307e-06
0.2674,89.99983610132792,90.0,0.005656763010646662,-0.0033214168153003158,-6.864527949490789e-06,3.72184740742871e-07,12.000000000000602,1.2914179854923134e-05,-4.6610992249628825e-05,-5.016189476067539e-11,-5.016189476067539e-11,0.009427938351077771,1.0761816545768738e-06
0.2676,89.9998372288752,90.0,0.005618713295554612,-0.00329977645039127,-6.819992790503601e-06,3.696242813884687e-07,12.000000000000593,1.282682829303997e-05,-4.630859302193804e-05,-4.9499364265386564e-11,-4.9499364265386564e-11,0.009364522159257687,1.0689023577532779e-06
0.26780000000000004,89.9998383488373,90.0,0.005580911488266251,-0.003278270412667428,-6.775732206310468e-06,3.670810465659467e-07,12.000000000000586,1.2740050477196397e-05,-4.6008058190997015e-05,-4.884541530925521e-11,-4.884541530925521e-11,0.009301519147110419,1.061670873099648e-06
0.268,89.99983946126369,90.0,0.005543356049969025,-0.0032568979337704003,-6.731744645552816e-06,3.645549240380571e-07,12.000000000000579,1.2653842800709988e-05,-4.57093772228895e-05,-4.8199939491397463e-11,-4.8199939491397463e-11,0.009238926749948374,1.0544869000591148e-06
0.2682,89.99984056620349,90.0,0.005506045450652337,-0.003235658249460412,-6.68802856509968e-06,3.6204580223201954e-07,12.000000000000572,1.2568201677719874e-05,-4.541253963956574e-05,-4.75628297406236e-11,-4.75628297406236e-11,0.009176742417753896,1.0473501398099397e-06
0.2684,89.9998416637055,90.0,0.005468978169060407,-0.0032145505984846603,-6.644582427409601e-06,3.595535703261908e-07,12.000000000000563,1.248312354384381e-05,-4.51175350009294e-05,-4.6933980284189373e-11,-4.6933980284189373e-11,0.009114963615100679,1.0402602953202685e-06
0.2686,89.99984275381824,90.0,0.005432152692657903,-0.0031935742239504114,-6.601404703746194e-06,3.570781181345055e-07,12.000000000000556,1.2398604855134608e-05,-4.4824352926671696e-05,-4.631328665207277e-11,-4.631328665207277e-11,0.009053587821096505,1.0332170712611696e-06
0.26880000000000004,89.99984383658992,90.0,0.005395567517580149,-0.0031727283721896737,-6.558493871531845e-06,3.5461933619314586e-07,12.000000000000547,1.2314642088732658e-05,-4.4532983078302655e-05,-4.570064564607168e-11,-4.570064564607168e-11,0.00899261252930025,1.0262201740610081e-06
0.269,89.99984491206844,90.0,0.005359221148596209,-0.003152012293418183,-6.5158484158942e-06,3.5217711570276136e-07,12.00000000000054,1.2231231742310131e-05,-4.424341516965198e-05,-4.5095955334269045e-11,-4.5095955334269045e-11,0.008932035247660348,1.0192693118591316e-06
0.2692,89.99984598030142,90.0,0.005323112099064233,-0.003131425241317793,-6.473466828696961e-06,3.497513485573593e-07,12.000000000000533,1.2148370334240184e-05,-4.3955638960288015e-05,-4.449911503064261e-11,-4.449911503064261e-11,0.008871853498440389,1.0123641945199704e-06
0.26940000000000003,89.99984704133617,90.0,0.005287238890891847,-0.0031109664736917063,-6.431347610078023e-06,3.4734192728652455e-07,12.000000000000526,1.2066054403036518e-05,-4.3669644265961894e-05,-4.391002528952707e-11,-4.391002528952707e-11,0.00881206481815308,1.0055045335863325e-06
0.2696,89.99984809521972,90.0,0.005251600054489001,-0.0030906352513328248,-6.389489265811357e-06,3.4494874514208943e-07,12.000000000000519,1.1984280508010465e-05,-4.33854209406944e-05,-4.332858787594755e-11,-4.332858787594755e-11,0.008752666757481669,9.986900423341623e-07
0.26980000000000004,89.99984914199881,90.0,0.005216194128733668,-0.003070430839396941,-6.347890310522781e-06,3.4257169598257414e-07,12.000000000000512,1.1903045228227502e-05,-4.310295889861148e-05,-4.275470577004848e-11,-4.275470577004848e-11,0.008693656881222782,9.919204356855828e-07
0.27,89.99985018171985,90.0,0.0051810196609217525,-0.0030503525062669876,-6.306549265042716e-06,3.4021067435985624e-07,12.000000000000506,1.1822345163159273e-05,-4.2822248095969066e-05,-4.2188283137747075e-11,-4.2188283137747075e-11,0.00863503276820292,9.851954302632312e-07
0.2702,89.99985121442901,90.0,0.005146075206730313,-0.003030399523856953,-6.265464657122561e-06,3.3786557549028113e-07,12.000000000000501,1.1742176932374136e-05,-4.2543278536017394e-05,-4.1629225321097524e-11,-4.1629225321097524e-11,0.008576792011217188,9.785147443644704e-07
0.27040000000000003,89.99985224017213,90.0,0.005111359330176982,-0.0030105711675552215,-6.224635021308682e-06,3.3553629525466157e-07,12.000000000000494,1.1662537175467263e-05,-4.226604026814538e-05,-4.107743882391846e-11,-4.107743882391846e-11,0.008518932216961638,9.718780979555652e-07
0.2706,89.9998532589948,90.0,0.005076870603580326,-0.0029908667168797674,-6.184058900480465e-06,3.3322273014049843e-07,12.000000000000487,1.1583422551500169e-05,-4.1990523398324155e-05,-4.0532831306785315e-11,-4.0532831306785315e-11,0.00846145100596721,9.652852126249748e-07
0.27080000000000004,89.9998542709423,90.0,0.0050426076075122134,-0.0029712854543458406,-6.143734843210721e-06,3.3092477732864986e-07,12.00000000000048,1.1504829739656964e-05,-4.171671807118391e-05,-3.999531155885188e-11,-3.999531155885188e-11,0.008404346012520356,9.58735811638042e-07
0.271,89.99985527605962,90.0,0.005008568930763934,-0.0029518266664844642,-6.103661406152174e-06,3.28642334606662e-07,12.000000000000473,1.1426755438447688e-05,-4.144461448621847e-05,-3.946478949789551e-11,-3.946478949789551e-11,0.008347614884606556,9.522296198706032e-07
0.2712,89.9998562743915,90.0,0.004974753170299801,-0.002932489643422388,-6.063837153062838e-06,3.263753003976586e-07,12.000000000000467,1.1349196365874501e-05,-4.1174202891167425e-05,-3.8941176151683214e-11,-3.8941176151683214e-11,0.008291255283833003,9.457663638228383e-07
0.27140000000000003,89.99985726598239,90.0,0.004941158931216239,-0.0029132736781144184,-6.024260653017835e-06,3.241235738181211e-07,12.000000000000462,1.1272149259853402e-05,-4.0905473569874195e-05,-3.842438363538271e-11,-3.842438363538271e-11,0.008235264885360399,9.39345771654414e-07
0.2716,89.99985825087646,90.0,0.004907784826709092,-0.002894178068074127,-5.984930484460732e-06,3.218870545334387e-07,12.000000000000455,1.1195610876927426e-05,-4.06384168697951e-05,-3.7914325160714314e-11,-3.7914325160714314e-11,0.008179641377848487,9.329675730772502e-07
0.2718,89.99985922911758,90.0,0.004874629478021777,-0.0028752021135251054,-5.945845230889711e-06,3.1966564290235825e-07,12.000000000000448,1.1119577993407837e-05,-4.037302317270792e-05,-3.741091499988091e-11,-3.741091499988091e-11,0.008124382463369629,9.266314994506185e-07
0.272,89.99986020074935,90.0,0.004841691514413921,-0.0028563451184229855,-5.907003483251887e-06,3.174592398903146e-07,12.000000000000444,1.1044047404581799e-05,-4.0109282910969606e-05,-3.691406848604288e-11,-3.691406848604288e-11,0.008069485857356534,9.203372837151159e-07
0.2722,89.99986116581515,90.0,0.004808969573118763,-0.0028376063903959668,-5.868403839811048e-06,3.152677470694302e-07,12.000000000000437,1.0969015924639018e-05,-3.984718656661823e-05,-3.6423702000106784e-11,-3.6423702000106784e-11,0.00801494928853127,9.140846603865515e-07
0.27240000000000003,89.99986212435802,90.0,0.0047764622993010574,-0.00281898524033076,-5.830044905186361e-06,3.1309106664740524e-07,12.00000000000043,1.0894480386845315e-05,-3.9586724664845665e-05,-3.593973295338261e-11,-3.593973295338261e-11,0.007960770498835095,9.078733655704104e-07
0.2726,89.99986307642078,90.0,0.00474416834601971,-0.002800480983030963,-5.791925291897496e-06,3.1092910140973796e-07,12.000000000000426,1.0820437642986073e-05,-3.932788778448918e-05,-3.5462079783533643e-11,-3.5462079783533643e-11,0.007906947243366184,9.017031369154741e-07
0.2728,89.99986402204594,90.0,0.00471208637418295,-0.002782092936088657,-5.754043617733732e-06,3.0878175480639405e-07,12.00000000000042,1.0746884564027325e-05,-3.907066654016732e-05,-3.499066192889737e-11,-3.499066192889737e-11,0.007853477290304917,8.955737136689125e-07
0.273,89.99986496127579,90.0,0.004680215052516427,-0.0027638204212609447,-5.716398508977164e-06,3.0664893083624756e-07,12.000000000000416,1.06738180390764e-05,-3.8815051604165934e-05,-3.452539983335112e-11,-3.452539983335112e-11,0.007800358420860712,8.894848365896691e-07
0.2732,89.99986589415231,90.0,0.004648553057515415,-0.002745662762982129,-5.678988596932022e-06,3.045305341626397e-07,12.000000000000409,1.0601234976283984e-05,-3.856103368287176e-05,-3.406621491670925e-11,-3.406621491670925e-11,0.007747588429192358,8.834362480236353e-07
0.27340000000000003,89.99986682071722,90.0,0.0046170990734141415,-0.0027276192897419745,-5.641812521151704e-06,3.024264699978201e-07,12.000000000000403,1.0529132301806909e-05,-3.8308603538684416e-05,-3.361302957968858e-11,-3.361302957968858e-11,0.007695165122356903,8.77427691817213e-07
0.2736,89.99986774101201,90.0,0.004585851792139389,-0.0027096893333103814,-5.604868927633585e-06,3.0033664416072593e-07,12.000000000000398,1.0457506960220424e-05,-3.8057751977758916e-05,-3.316576718314528e-11,-3.316576718314528e-11,0.007643086320232316,8.714589133516731e-07
0.2738,89.99986865507788,90.0,0.004554809913273015,-0.002691872228329778,-5.568156467872042e-06,2.982609631058724e-07,12.000000000000393,1.038635591469972e-05,-3.78084698435756e-05,-3.272435203212955e-11,-3.272435203212955e-11,0.007591349855455025,8.655296595582818e-07
0.274,89.9998695629558,90.0,0.004523972144018716,-0.0026741673136898058,-5.531673802077558e-06,2.9619933380779264e-07,12.000000000000387,1.031567614597832e-05,-3.756074803879824e-05,-3.2288709380743375e-11,-3.2288709380743375e-11,0.007539953573364526,8.596396788314989e-07
0.2742,89.99987046468644,90.0,0.004493337199153757,-0.002656573931394103,-5.495419596535118e-06,2.941516638477075e-07,12.000000000000384,1.0245464653003195e-05,-3.731457750733722e-05,-3.185876540776328e-11,-3.185876540776328e-11,0.007488895331922928,8.537887210835722e-07
0.27440000000000003,89.99987136031024,90.0,0.004462903800993073,-0.0026390914261549105,-5.459392522662169e-06,2.921178614424159e-07,12.000000000000377,1.0175718453119046e-05,-3.706994922795301e-05,-3.143444720125464e-11,-3.143444720125464e-11,0.0074381730016551215,8.479765377598939e-07
0.2746,89.99987224986741,90.0,0.004432670679358355,-0.002621719147126263,-5.423591261065485e-06,2.900978352998447e-07,12.000000000000373,1.0106434580784561e-05,-3.6826854241802684e-05,-3.1015682767571304e-11,-3.1015682767571304e-11,0.0073877844655972575,8.422028817320205e-07
0.2748,89.99987313339786,90.0,0.004402636571527059,-0.00260445644605644,-5.388014497229985e-06,2.8809149476349856e-07,12.000000000000366,1.003761008871507e-05,-3.658528362316657e-05,-3.060240099953232e-11,-3.060240099953232e-11,0.007337727619211764,8.36467507392897e-07
0.275,89.99987401094124,90.0,0.004372800222202659,-0.002587302677956968,-5.352660923087509e-06,2.8609874975468017e-07,12.000000000000362,9.969242047339119e-06,-3.6345228490100374e-05,-3.019453167363712e-11,-3.019453167363712e-11,0.007288000370337764,8.307701706115681e-07
0.2752,89.99987488253703,90.0,0.004343160383477571,-0.0025702572017614013,-5.317529238562829e-06,2.841195107147102e-07,12.000000000000359,9.901327544242397e-06,-3.6106680014932794e-05,-2.9792005446915825e-11,-2.9792005446915825e-11,0.0072386006391292855,8.251106286868418e-07
0.27540000000000003,89.99987574822437,90.0,0.0043137158147878545,-0.00255331937919625,-5.2826181489412774e-06,2.821536886915973e-07,12.000000000000352,9.833863684828014e-06,-3.58696294063914e-05,-2.9394753833978427e-11,-2.9394753833978427e-11,0.007189526357979757,8.194886404023105e-07
0.2756,89.9998766080422,90.0,0.0042844652828814,-0.0025364885754471187,-5.247926366431134e-06,2.8020119528225814e-07,12.000000000000348,9.766847591769512e-06,-3.563406792021141e-05,-2.9002709204288163e-11,-2.9002709204288163e-11,0.0071407754714689995,8.139039659807691e-07
0.2758,89.99987746202922,90.0,0.004255407561778251,-0.0025197641591032903,-5.213452610040391e-06,2.7826194263251726e-07,12.000000000000345,9.700276404942507e-06,-3.5399986858298955e-05,-2.861580477140186e-11,-2.861580477140186e-11,0.007092345936297084,8.08356367078519e-07
0.276,89.99987831022383,90.0,0.0042265414327316295,-0.0025031455017480468,-5.179195604625183e-06,2.763358434659973e-07,12.000000000000338,9.634147281603662e-06,-3.516737756226977e-05,-2.8233974578555116e-11,-2.8233974578555116e-11,0.007044235721219383,8.028456068002826e-07
0.2762,89.99987915266428,90.0,0.004197865684193702,-0.0024866319786214044,-5.14515408244462e-06,2.744228110263389e-07,12.000000000000334,9.568457395839524e-06,-3.4936231424006686e-05,-2.785715349598239e-11,-2.785715349598239e-11,0.006996442806989502,7.973714496532715e-07
0.27640000000000003,89.99987998938849,90.0,0.004169379111773586,-0.0024702229678509463,-5.111326781369263e-06,2.725227591349808e-07,12.00000000000033,9.503203938986386e-06,-3.4706539873495006e-05,-2.7485277202864728e-11,-2.7485277202864728e-11,0.00694896518628931,7.91933661582177e-07
0.2766,89.99988082043417,90.0,0.004141080518204336,-0.002453917851116259,-5.077712446439747e-06,2.706356021333798e-07,12.000000000000327,9.438384119081218e-06,-3.447829438940569e-05,-2.711828218483041e-11,-2.711828218483041e-11,0.006901800863673895,7.865320099234135e-07
0.2768,89.99988164583883,90.0,0.004112968713302297,-0.00243771601288164,-5.04430982807942e-06,2.687612549407905e-07,12.00000000000032,9.37399516128386e-06,-3.425148648695903e-05,-2.675610571629374e-11,-2.675610571629374e-11,0.0068549478555038285,7.811662634403009e-07
0.277,89.99988246563969,90.0,0.004085042513935072,-0.0024216168414171917,-5.011117684486617e-06,2.6689963296759605e-07,12.000000000000316,9.31003430708355e-06,-3.40261077341684e-05,-2.6398685861801696e-11,-2.6398685861801696e-11,0.006808404189891788,7.758361922569421e-07
0.2772,89.99988327987374,90.0,0.004057300743977919,-0.0024056197276721173,-4.978134779007535e-06,2.650506522019771e-07,12.000000000000313,9.246498814962101e-06,-3.380214973400179e-05,-2.6045961454884243e-11,-2.6045961454884243e-11,0.006762167906629865,7.705415679134884e-07
0.27740000000000004,89.99988408857779,90.0,0.0040297422342833455,-0.0023897240662980887,-4.945359882533546e-06,2.6321422912324295e-07,12.000000000000309,9.183385959603253e-06,-3.357960414065989e-05,-2.569787209953028e-11,-2.569787209953028e-11,0.006716237057138909,7.652821633002514e-07
0.2776,89.99988489178834,90.0,0.004002365822638319,-0.0023739292545236802,-4.9127917708766116e-06,2.6139028078850064e-07,12.000000000000306,9.120693032557248e-06,-3.3358462641754775e-05,-2.5354358149455523e-11,-2.5354358149455523e-11,0.006670609704397199,7.600577527130846e-07
0.2778,89.99988568954168,90.0,0.00397517035373504,-0.002358234692824105,-4.880429226339678e-06,2.595787247748753e-07,12.0000000000003,9.058417341698286e-06,-3.3138716968973124e-05,-2.501536070611416e-11,-2.501536070611416e-11,0.006625283922891733,7.548681118081716e-07
0.278,89.99988648187394,90.0,0.003948154679133562,-0.002342639785579569,-4.8482710392617504e-06,2.5777947912173053e-07,12.000000000000295,8.996556210667969e-06,-3.292035890856745e-05,-2.4680821616356984e-11,-2.4680821616356984e-11,0.006580257798555937,7.497130175556457e-07
0.2782,89.99988726882091,90.0,0.003921317657217155,-0.0023271439392365855,-4.816316003726439e-06,2.5599246247511766e-07,12.000000000000291,8.935106980028872e-06,-3.270338027221656e-05,-2.43506834450678e-11,-2.43506834450678e-11,0.00653552942869526,7.445922483357213e-07
0.27840000000000004,89.99988805041825,90.0,0.003894658153168531,-0.002311746564406407,-4.784562922471547e-06,2.542175939144365e-07,12.000000000000288,8.874067005747027e-06,-3.248777293036236e-05,-2.402488948762693e-11,-2.402488948762693e-11,0.006491096921947551,7.395055838122345e-07
0.2786,89.99988882670131,90.0,0.003868175038922314,-0.002296447074022311,-4.753010602588667e-06,2.5245479309688494e-07,12.000000000000284,8.813433660340538e-06,-3.227352878300947e-05,-2.3703383742844845e-11,-2.3703383742844845e-11,0.006446958398203857,7.344528050283607e-07
0.2788,89.99988959770529,90.0,0.003841867193138322,-0.0022812448843680996,-4.721657857931897e-06,2.5070398017078876e-07,12.00000000000028,8.75320433209525e-06,-3.206063977608079e-05,-2.3386110914810753e-11,-2.3386110914810753e-11,0.006403111988563869,7.294336943412537e-07
0.279,89.99989036346511,90.0,0.0038157335011631205,-0.0022661394150244266,-4.690503508998486e-06,2.4896507577560235e-07,12.000000000000277,8.693376424998549e-06,-3.184909790060701e-05,-2.3073016403883445e-11,-2.3073016403883445e-11,0.006359555835271867,7.244480354165291e-07
0.2792,89.9998911240155,90.0,0.0037897728549924005,-0.0022511300884609873,-4.6595463819814186e-06,2.472380010707979e-07,12.000000000000274,8.633947358920646e-06,-3.1638895186293586e-05,-2.276404629440503e-11,-2.276404629440503e-11,0.006316288091654,7.194956132433707e-07
0.27940000000000004,89.99989187939096,90.0,0.00376398415323792,-0.0022362163299903676,-4.628785308666794e-06,2.4552267773586613e-07,12.00000000000027,8.574914569557623e-06,-3.143002370082391e-05,-2.2459147346144194e-11,-2.2459147346144194e-11,0.006273306922063199,7.145762141297859e-07
0.2796,89.99989262962575,90.0,0.003738366301094689,-0.0022213975684327652,-4.598219127993059e-06,2.438190279125358e-07,12.000000000000266,8.516275507882736e-06,-3.12224755604467e-05,-2.215826699257447e-11,-2.215826699257447e-11,0.006230610501824482,7.096896256568789e-07
0.2798,89.99989337475397,90.0,0.003712918210300952,-0.002206673235704841,-4.5678466850961725e-06,2.4212697423366393e-07,12.000000000000263,8.458027640323565e-06,-3.1016242923492536e-05,-2.186135332882369e-11,-2.186135332882369e-11,0.006188197017168254,7.04835636693615e-07
0.28,89.99989411480942,90.0,0.003687638799102707,-0.002192042766059641,-4.537666829538315e-06,2.404464398810157e-07,12.00000000000026,8.4001684491931e-06,-3.081131797834659e-05,-2.1568355096646464e-11,-2.1568355096646464e-11,0.006146064665171178,7.000140374327433e-07
0.2802,89.99989484982576,90.0,0.0036625269922270095,-0.0021775055974704027,-4.507678418547263e-06,2.3877734846970474e-07,12.000000000000256,8.342695431659371e-06,-3.0607692965444385e-05,-2.127922168970334e-11,-2.127922168970334e-11,0.006104211653711683,6.952246193049328e-07
0.28040000000000004,89.99989557983639,90.0,0.0036375817208392984,-0.0021630611705051577,-4.477880314392168e-06,2.3711962413486263e-07,12.000000000000252,8.285606100410224e-06,-3.0405360159453e-05,-2.099390313519404e-11,-2.099390313519404e-11,0.0060626362013988305,6.904671750341708e-07
0.2806,89.99989630487453,90.0,0.0036128019225135206,-0.002148708928995561,-4.448271385951943e-06,2.3547319147385957e-07,12.000000000000249,8.228897983109676e-06,-3.0204311879920606e-05,-2.0712350092490765e-11,-2.0712350092490765e-11,0.006021336537522535,6.857414985924588e-07
0.2808,89.99989702497312,90.0,0.0035881865411950017,-0.002134448319629778,-4.418850507769398e-06,2.3383797557519373e-07,12.000000000000245,8.172568622580054e-06,-3.0004540484853937e-05,-2.04345138417871e-11,-2.04345138417871e-11,0.00598031090199167,6.810473852149906e-07
0.281,89.99989774016501,90.0,0.003563734527167525,-0.002120278792261789,-4.389616560779585e-06,2.3221390198960186e-07,12.000000000000242,8.116615576499196e-06,-2.980603837566385e-05,-2.0160346279470095e-11,-2.0160346279470095e-11,0.005939557545279209,6.763846313749194e-07
0.2812,89.99989845048272,90.0,0.0035394448370172273,-0.002106199799150433,-4.3605684305365575e-06,2.3060089678783867e-07,12.000000000000238,8.061036417830444e-06,-2.9608797985124778e-05,-1.98897999038559e-11,-1.98897999038559e-11,0.005899074728362045,6.717530348191904e-07
0.28140000000000004,89.9998991559586,90.0,0.0035153164336048973,-0.002092210795986548,-4.3317050096190644e-06,2.2899888647400737e-07,12.000000000000234,8.005828734036647e-06,-2.94128117937097e-05,-1.9622827817240706e-11,-1.9622827817240706e-11,0.005858860722674828,6.671523945030408e-07
0.2816,89.99989985662485,90.0,0.003491348286026801,-0.002078311241482997,-4.303025196678331e-06,2.2740779801444956e-07,12.000000000000231,7.950990127258784e-06,-2.9218072323124473e-05,-1.9359383714890942e-11,-1.9359383714890942e-11,0.005818913810044667,6.625825106048859e-07
0.2818,89.9999005525134,90.0,0.003467539369579907,-0.0020645005969708455,-4.274527895499528e-06,2.2582755886663508e-07,12.00000000000023,7.896518214502145e-06,-2.902457212993507e-05,-1.9099421874346602e-11,-1.9099421874346602e-11,0.005779232282633179,6.580431845418328e-07
0.28200000000000003,89.99990124365598,90.0,0.0034438886657320368,-0.0020507783267129515,-4.246212015739636e-06,2.2425809695027205e-07,12.000000000000227,7.842410627338837e-06,-2.883230381057778e-05,-1.8842897151227746e-11,-1.8842897151227746e-11,0.005739814442886728,6.535342189448907e-07
0.2822,89.99990193008415,90.0,0.0034203951620882453,-0.0020371438978570248,-4.21807647282307e-06,2.2269934064730696e-07,12.000000000000224,7.788665011849862e-06,-2.864126000065048e-05,-1.85897649718631e-11,-1.85897649718631e-11,0.005700658603480408,6.49055417654143e-07
0.28240000000000004,89.99990261182923,90.0,0.00339705785235772,-0.0020235967803894144,-4.190120187838898e-06,2.2115121880192467e-07,12.00000000000022,7.735279028568105e-06,-2.845143337421474e-05,-1.8339981326021826e-11,-1.8339981326021826e-11,0.005661763087262868,6.446065857139969e-07
0.2826,89.99990328892235,90.0,0.003373875736321208,-0.0020101364474448893,-4.162342088270252e-06,2.1961366069165853e-07,12.000000000000217,7.68225035217613e-06,-2.826281664874863e-05,-1.809350276277789e-11,-1.809350276277789e-11,0.005623126227202013,6.401875293479994e-07
0.2828,89.9999039613945,90.0,0.003350847819795232,-0.001996762374901416,-4.1347411070526775e-06,2.1808659605628005e-07,12.000000000000213,7.629576671690649e-06,-2.8075402578752752e-05,-1.7850286380264306e-11,-1.7850286380264306e-11,0.0055847463663253865,6.357980559742095e-07
0.28300000000000003,89.99990462927637,90.0,0.0033279731146002955,-0.001983474041691022,-4.107316183305942e-06,2.165699550689094e-07,12.000000000000211,7.57725569016164e-06,-2.7889183960719362e-05,-1.7610289821693484e-11,-1.7610289821693484e-11,0.005546621857667159,6.314379741801256e-07
0.2832,89.99990529259853,90.0,0.0033052506385261586,-0.0019702709290407815,-4.080066260565104e-06,2.150636683937949e-07,12.00000000000021,7.52528512510474e-06,-2.770415362112108e-05,-1.7373471262386286e-11,-1.7373471262386286e-11,0.005508751064210264,6.271070937587174e-07
0.28340000000000004,89.99990595139133,90.0,0.0032826794153054425,-0.0019571525215017673,-4.052990289190248e-06,2.1356766709964343e-07,12.000000000000206,7.473662707717489e-06,-2.752030443277329e-05,-1.7139789412020543e-11,-1.7139789412020543e-11,0.005471132358842405,6.228052256431134e-07
0.2836,89.99990660568491,90.0,0.0032602584745755453,-0.001944118306185333,-4.026087224587092e-06,2.1208188271740017e-07,12.000000000000203,7.422386183305918e-06,-2.7337629302751862e-05,-1.690920350175675e-11,-1.690920350175675e-11,0.005433764124292576,6.185321819421494e-07
0.2838,89.99990725550923,90.0,0.003237986851849452,-0.0019311677727223578,-3.999356027116352e-06,2.1060624724024872e-07,12.000000000000199,7.371453311234271e-06,-2.7156121171777702e-05,-1.668167327766471e-11,-1.668167327766471e-11,0.005396644753082419,6.14287775936179e-07
0.28400000000000003,89.99990790089406,90.0,0.003215863588486573,-0.0019183004142883453,-3.972795664494908e-06,2.091406930369413e-07,12.000000000000199,7.320861864136499e-06,-2.6975773030520982e-05,-1.6457159002894973e-11,-1.6457159002894973e-11,0.0053597726474776215,6.100718220113648e-07
0.2842,89.99990854186898,90.0,0.003193887731652475,-0.0019055157261261056,-3.946405108348472e-06,2.0768515296735836e-07,12.000000000000195,7.27060962883125e-06,-2.6796577896193334e-05,-1.623562143931556e-11,-1.623562143931556e-11,0.005323146219420791,6.058841357359277e-07
0.2844,89.99990917846338,90.0,0.0031720583342949456,-0.0018928132069334271,-3.920183337459565e-06,2.0623956026694907e-07,12.000000000000192,7.220694405296297e-06,-2.6618528834601986e-05,-1.6017021852768804e-11,-1.6017021852768804e-11,0.005286763890491576,6.017245337746818e-07
0.2846,89.99990981070647,90.0,0.0031503744551046303,-0.0018801923573870272,-3.894129334322999e-06,2.048038486622907e-07,12.000000000000188,7.171114007585082e-06,-2.6441618936761106e-05,-1.580132199505263e-11,-1.580132199505263e-11,0.005250624091841051,5.975928339654141e-07
0.2848,89.99991043862721,90.0,0.003128835158492137,-0.0018676526811763957,-3.868242087566494e-06,2.033779522844192e-07,12.000000000000188,7.1218662630490064e-06,-2.6265841335328052e-05,-1.5588484106389e-11,-1.5588484106389e-11,0.005214725264153563,5.934888552540746e-07
0.28500000000000003,89.99991106225448,90.0,0.003107439514553736,-0.0018551936849559086,-3.842520591844187e-06,2.019618056688291e-07,12.000000000000185,7.072949012278365e-06,-2.6091189203880283e-05,-1.5378470909062512e-11,-1.5378470909062512e-11,0.00517906585758956,5.894124176898546e-07
0.2852,89.9999116816169,90.0,0.0030861865990372173,-0.0018428148782971517,-3.816963847730602e-06,2.0055534375547328e-07,12.000000000000181,7.024360109043502e-06,-2.591765575619545e-05,-1.5171245601144856e-11,-1.5171245601144856e-11,0.005143644331728696,5.85363342420283e-07
0.2854,89.99991229674289,90.0,0.003065075493308638,-0.0018305157725766776,-3.7915708591256977e-06,1.991585019754331e-07,12.00000000000018,6.976097420975852e-06,-2.5745234228631284e-05,-1.496677184206427e-11,-1.496677184206427e-11,0.005108459155514397,5.81341451747979e-07
0.2856,89.99991290766077,90.0,0.003044105284331469,-0.001818295882723249,-3.7663406373429642e-06,1.977712161064685e-07,12.000000000000178,6.928158828301519e-06,-2.557391790788433e-05,-1.4765013760647042e-11,-1.4765013760647042e-11,0.0050735088072191145,5.77346569025118e-07
0.2858,89.99991351439861,90.0,0.003023275064626043,-0.0018061547260953968,-3.741272198491788e-06,1.96393422359688e-07,12.000000000000174,6.88054222450973e-06,-2.540370011321585e-05,-1.456593594064681e-11,-1.456593594064681e-11,0.005038791774376738,5.733785187091359e-07
0.28600000000000003,89.99991411698431,90.0,0.003002583932241687,-0.001794091822442518,-3.71636456339094e-06,1.9502505737954846e-07,12.000000000000172,6.83324551630482e-06,-2.5234574195864412e-05,-1.436950341497911e-11,-1.436950341497911e-11,0.005004306553736146,5.694371263587268e-07
0.2862,89.99991471544561,90.0,0.0029820309907292097,-0.0017821066945769941,-3.69161675914426e-06,1.9366605818607546e-07,12.00000000000017,6.786266623066657e-06,-2.506653354974498e-05,-1.4175681665384377e-11,-1.4175681665384377e-11,0.0049700516512153495,5.6552221858888e-07
0.2864,89.99991530981005,90.0,0.002961615349106022,-0.0017701988676149603,-3.6670278173712484e-06,1.9231636223264303e-07,12.000000000000167,6.7396034772827545e-06,-2.4899571599434407e-05,-1.3984436611199725e-11,-1.3984436611199725e-11,0.0049360255818433705,5.616336231068884e-07
0.2866,89.99991590010501,90.0,0.002941336121829697,-0.0017583678696499164,-3.6425967757860715e-06,1.9097590734819379e-07,12.000000000000167,6.69325402401053e-06,-2.4733681810893082e-05,-1.3795734609112823e-11,-1.3795734609112823e-11,0.004902226869716163,5.577711686675364e-07
0.2868,89.99991648635768,90.0,0.0029211924287637302,-0.0017466132309943852,-3.618322676430127e-06,1.896446317950189e-07,12.000000000000163,6.647216221310531e-06,-2.456885767946383e-05,-1.360954244216663e-11,-1.360954244216663e-11,0.00486865404793955,5.539346851092033e-07
0.28700000000000003,89.99991706859507,90.0,0.002901183395152212,-0.0017349344848550932,-3.594204567254542e-06,1.883224742109781e-07,12.00000000000016,6.601488039710603e-06,-2.4405092740617263e-05,-1.3425827319600897e-11,-1.3425827319600897e-11,0.004835305658587021,5.501240033092096e-07
0.2872,89.99991764684403,90.0,0.0028813081515866455,-0.0017233311669313583,-3.5702415011865508e-06,1.870093736383897e-07,12.00000000000016,6.556067462394838e-06,-2.4242380563612385e-05,-1.3244556868674172e-11,-1.3244556868674172e-11,0.004802180252644409,5.463389551995626e-07
0.2874,89.99991822113124,90.0,0.002861565833977455,-0.0017118028157305908,-3.5464325368716167e-06,1.8570526949514074e-07,12.000000000000156,6.510952484908401e-06,-2.4080714756535672e-05,-1.3065699131869526e-11,-1.3065699131869526e-11,0.0047692763899624254,5.425793737423597e-07
0.2876,89.99991879148318,90.0,0.0028419555835217675,-0.0017003489718127559,-3.522776736912239e-06,1.8441010163246658e-07,12.000000000000155,6.466141115594222e-06,-2.3920088954342368e-05,-1.2889222556361866e-11,-1.2889222556361866e-11,0.004736592639202945,5.388450929661782e-07
0.2878,89.99991935792622,90.0,0.002822476546679915,-0.0016889691788233869,-3.499273170286709e-06,1.831238102482814e-07,12.000000000000153,6.421631374814237e-06,-2.3760496835280128e-05,-1.2715095996550609e-11,-1.2715095996550609e-11,0.004704127577799858,5.351359479011796e-07
0.28800000000000003,89.99991992048646,90.0,0.002803127875139986,-0.0016776629827335403,-3.475920910577893e-06,1.8184633594495797e-07,12.00000000000015,6.377421295380519e-06,-2.3601932108862242e-05,-1.2543288703598455e-11,-1.2543288703598455e-11,0.0046718797918999765,5.314517746150366e-07
0.2882,89.99992047918994,90.0,0.0027839087257913986,-0.001666429932158171,-3.4527190367217475e-06,1.8057761970043763e-07,12.00000000000015,6.333508922263662e-06,-2.344438852095014e-05,-1.237377032287097e-11,-1.237377032287097e-11,0.004639847876318997,5.27792410188632e-07
0.2884,89.99992103406247,90.0,0.002764818260694436,-0.0016552695783135978,-3.4296666329127276e-06,1.7931760286823048e-07,12.000000000000146,6.289892312540304e-06,-2.3287859853111116e-05,-1.2206510888799817e-11,-1.2206510888799817e-11,0.004608030434490727,5.241576927116857e-07
0.2886,89.99992158512968,90.0,0.002745855647050491,-0.0016441814746206802,-3.406762787680816e-06,1.7806622720630507e-07,12.000000000000146,6.246569535587971e-06,-2.3132339916351222e-05,-1.2041480817361949e-11,-1.2041480817361949e-11,0.004576426078417486,5.205474612989912e-07
0.2888,89.99992213241707,90.0,0.0027270200571768524,-0.0016331651770248915,-3.384006594643816e-06,1.7682343484819866e-07,12.000000000000142,6.20353867279555e-06,-2.2977822556223445e-05,-1.1878650903680363e-11,-1.1878650903680363e-11,0.0045450334286280866,5.169615560662897e-07
0.28900000000000003,89.99992267594996,90.0,0.002708310668477757,-0.0016222202439558958,-3.3613971524174563e-06,1.7558916830301714e-07,12.00000000000014,6.1607978175134286e-06,-2.28243016522173e-05,-1.1717992317103903e-11,-1.1717992317103903e-11,0.004513851114129595,5.13399818126113e-07
0.2892,89.99992321575353,90.0,0.002689726663415901,-0.001611346236998313,-3.3389335661880696e-06,1.743633703976553e-07,12.000000000000139,6.118345074512229e-06,-2.2671771128437513e-05,-1.1559476601178551e-11,-1.1559476601178551e-11,0.0044828777723598355,5.098620895426798e-07
0.2894,89.99992375185275,90.0,0.0026712672294764124,-0.0016005427194203308,-3.316614944278453e-06,1.7314598439235633e-07,12.000000000000137,6.076178560905134e-06,-2.2520224930285794e-05,-1.1403075659013526e-11,-1.1403075659013526e-11,0.004452112049127354,5.063482134087553e-07
0.2896,89.99992428427245,90.0,0.002652931559147366,-0.0015898092568570389,-3.294440399748497e-06,1.719369539229321e-07,12.000000000000135,6.034296405622132e-06,-2.2369657035329303e-05,-1.1248761753607161e-11,-1.1248761753607161e-11,0.004421552598578943,5.028580338018387e-07
0.2898,89.99992481303732,90.0,0.0026347188498928595,-0.001579145418338655,-3.2724090528033045e-06,1.7073622291409348e-07,12.000000000000133,5.99269674862536e-06,-2.2220061469652072e-05,-1.1096507510286512e-11,-1.1096507510286512e-11,0.004391198083154766,4.993913957187744e-07
0.29000000000000004,89.99992533817186,90.0,0.002616628304114039,-0.0015685507741044736,-3.250520025688745e-06,1.6954373575278962e-07,12.000000000000131,5.951377742318534e-06,-2.2071432273195188e-05,-1.0946285897648613e-11,-1.0946285897648613e-11,0.004361047173523398,4.959481451932057e-07
0.2902,89.99992585970044,90.0,0.0025986591291352213,-0.0015580248980703896,-3.2287724484623537e-06,1.6835943708597874e-07,12.00000000000013,5.9103375498003815e-06,-2.192376353894191e-05,-1.0798070239762622e-11,-1.0798070239762622e-11,0.004331098548558702,4.925281291500265e-07
0.2904,89.99992637764724,90.0,0.0025808105371618426,-0.0015475673656385552,-3.2071654538793387e-06,1.671832719939676e-07,12.000000000000128,5.869574346268782e-06,-2.1777049378193044e-05,-1.0651834197305755e-11,-1.0651834197305755e-11,0.0043013508952697375,4.891311955223933e-07
0.2906,89.9999268920363,90.0,0.0025630817452634022,-0.0015371777547393802,-3.1856981798313363e-06,1.6601518590374157e-07,12.000000000000126,5.8290863182530955e-06,-2.163128393712636e-05,-1.0507551770345824e-11,-1.0507551770345824e-11,0.004271802908772337,4.857571931877528e-07
0.2908,89.99992740289152,90.0,0.002545471975344496,-0.0015268556461463588,-3.1643697700870334e-06,1.6485512456007508e-07,12.000000000000124,5.788871663318183e-06,-2.148646140182554e-05,-1.0365197296167206e-11,-1.0365197296167206e-11,0.004242453292240826,4.824059719431769e-07
0.29100000000000004,89.9999279102366,90.0,0.002527980454112216,-0.0015166006223647343,-3.143179371699229e-06,1.6370303411220085e-07,12.000000000000123,5.748928590746524e-06,-2.134257598067378e-05,-1.022474543795619e-11,-1.022474543795619e-11,0.004213300756853694,4.790773825622054e-07
0.2912,89.99992841409511,90.0,0.0025106064130564075,-0.0015064122690250192,-3.1221261382658115e-06,1.6255886099825082e-07,12.00000000000012,5.709255320519842e-06,-2.1199621926496256e-05,-1.0086171189738053e-11,-1.0086171189738053e-11,0.00418434402176068,4.7577127670998206e-07
0.2914,89.9999289144905,90.0,0.0024933490884137596,-0.0014962901734117719,-3.101209226495981e-06,1.6142255206081532e-07,12.00000000000012,5.669850084241621e-06,-2.1057593513244318e-05,-9.949449862916074e-12,-9.949449862916074e-12,0.004155581814022933,4.724875070201303e-07
0.2916,89.99992941144602,90.0,0.002476207721148928,-0.001486233925858325,-3.0804277994739123e-06,1.6029405443138375e-07,12.000000000000117,5.630711124120217e-06,-2.09164850581562e-05,-9.814557091204438e-12,-9.814557091204438e-12,0.004127012868581547,4.692259270100135e-07
0.2918,89.99992990498478,90.0,0.0024591815569195556,-0.0014762431182768557,-3.0597810232278597e-06,1.5917331564590394e-07,12.000000000000117,5.5918366938929815e-06,-2.077629089846078e-05,-9.681468817417219e-12,-9.681468817417219e-12,0.0040986359281992586,4.659863911577439e-07
0.29200000000000004,89.99993039512977,90.0,0.0024422698460582525,-0.0014663173451990447,-3.0392680691659193e-06,1.580602835581127e-07,12.000000000000114,5.553225058056937e-06,-2.063700540791674e-05,-9.550161296208223e-12,-9.550161296208223e-12,0.004070449743430421,4.627687548380737e-07
0.2922,89.99993088190378,90.0,0.0024254718435424874,-0.0014564562037340306,-3.0188881139825273e-06,1.569549063395357e-07,12.000000000000114,5.514874491816914e-06,-2.049862299617766e-05,-9.420611089915893e-12,-9.420611089915893e-12,0.004042453072570812,4.5957287431807186e-07
0.2924,89.99993136532949,90.0,0.0024087868089651752,-0.0014466592931720772,-2.998640338736578e-06,1.558571325083772e-07,12.00000000000011,5.476783281280994e-06,-2.0361138102532323e-05,-9.292795062316786e-12,-9.292795062316786e-12,0.004014644681608625,4.5639860677341203e-07
0.2926,89.9999318454294,90.0,0.0023922140065097616,-0.0014369262145945078,-2.978523927943477e-06,1.547669109584103e-07,12.00000000000011,5.438949723663667e-06,-2.0224545189739662e-05,-9.16669037257974e-12,-9.16669037257974e-12,0.003987023344182936,4.5324581030530144e-07
0.2928,89.99993232222593,90.0,0.0023757527049293827,-0.0014272565722656975,-2.9585380728327195e-06,1.536841908434171e-07,12.000000000000108,5.401372126265576e-06,-2.0088838766148098e-05,-9.042274480042891e-12,-9.042274480042891e-12,0.003959587841548972,4.501143438554606e-07
0.29300000000000004,89.99993279574126,90.0,0.0023594021775106863,-0.001417649971806197,-2.9386819670826957e-06,1.5260892172163831e-07,12.000000000000107,5.364048807641656e-06,-1.9954013356734358e-05,-8.919525129487971e-12,-8.919525129487971e-12,0.003932336962517811,4.4700406730346734e-07
0.2932,89.99993326599748,90.0,0.002343161702058198,-0.0014081060215919905,-2.918954810094429e-06,1.5154105344021348e-07,12.000000000000107,5.32697809658984e-06,-1.9820063525332547e-05,-8.79842035603873e-12,-8.79842035603873e-12,0.00390526950343033,4.4391484138248275e-07
0.2934,89.99993373301656,90.0,0.0023270305608628934,-0.0013986243323553449,-2.8993558060634243e-06,1.5048053616407112e-07,12.000000000000103,5.2901583323430075e-06,-1.9686983868331896e-05,-8.678938479146456e-12,-8.678938479146456e-12,0.003878384268104822,4.4084652769524685e-07
0.2936,89.99993419682028,90.0,0.0023110080406748856,-0.0013892045167913994,-2.8798841630642834e-06,1.4942732040481846e-07,12.000000000000103,5.253587864768041e-06,-1.9554769008461188e-05,-8.561058096766083e-12,-8.561058096766083e-12,0.0038516800677914757,4.3779898873066634e-07
0.2938,89.99993465743027,90.0,0.0022950934326812743,-0.0013798461898825117,-2.8605390938125026e-06,1.4838135699185163e-07,12.000000000000101,5.217265054081572e-06,-1.942341359996144e-05,-8.44475808383756e-12,-8.44475808383756e-12,0.003825155721135457,4.347720878401274e-07
0.29400000000000004,89.99993511486807,90.0,0.0022792860324798193,-0.0013705489685062252,-2.8413198147521516e-06,1.4734259710124544e-07,12.0000000000001,5.181188271050734e-06,-1.9292912322391157e-05,-8.330017586598534e-12,-8.330017586598534e-12,0.003798810054133033,4.317656892542242e-07
0.2942,89.99993556915504,90.0,0.0022635851400571025,-0.0013613124724705923,-2.822225548479773e-06,1.463109921690839e-07,12.0000000000001,5.145355896217252e-06,-1.9163259897084884e-05,-8.216816025184043e-12,-8.216816025184043e-12,0.0037726419000951705,4.287796580181008e-07
0.2944,89.9999360203124,90.0,0.0022479900597551943,-0.0013521363230465477,-2.803255520318608e-06,1.4528649400701956e-07,12.000000000000096,5.109766320824417e-06,-1.9034451063891785e-05,-8.105133081804497e-12,-8.105133081804497e-12,0.0037466500995919903,4.2581386006869797e-07
0.29460000000000003,89.99993646836128,90.0,0.0022325001002547473,-0.001343020144365388,-2.784408961588373e-06,1.4426905468671406e-07,12.000000000000096,5.074417945803577e-06,-1.8906480603377843e-05,-7.994948705480584e-12,-7.994948705480584e-12,0.0037208335004245787,4.228681621502947e-07
0.2948,89.9999369133226,90.0,0.0022171145745422216,-0.0013339635619519221,-2.7656851061812164e-06,1.432586266553977e-07,12.000000000000096,5.039309182702063e-06,-1.8779343313576163e-05,-7.886243100434849e-12,-7.886243100434849e-12,0.0036951909575703695,4.1994243189183524e-07
0.29500000000000004,89.99993735521718,90.0,0.002201832799893968,-0.0013249662041233334,-2.7470831938345687e-06,1.422551626203099e-07,12.000000000000092,5.004438452671396e-06,-1.8653034032210036e-05,-7.778996730814947e-12,-7.778996730814947e-12,0.0036697213331566125,4.170365377226131e-07
0.2952,89.99993779406573,90.0,0.0021866540978442064,-0.0013160277012339299,-2.728602468370586e-06,1.4125861560647883e-07,12.000000000000092,4.96980418690432e-06,-1.852754762473855e-05,-7.673190313207844e-12,-7.673190313207844e-12,0.0036444234964070105,4.1415034890869015e-07
0.2954,89.99993822988878,90.0,0.002171577794161835,-0.0013071476856427577,-2.710242177624127e-06,1.4026893895672169e-07,12.00000000000009,4.9354048265948515e-06,-1.840287898386753e-05,-7.568804813351673e-12,-7.568804813351673e-12,0.0036192963236030577,4.1128373554956785e-07
0.29560000000000003,89.99993866270674,90.0,0.0021566032188271894,-0.001298325791681156,-2.6920015733705993e-06,1.3928608633164438e-07,12.000000000000089,4.901238822898251e-06,-1.827902302905963e-05,-7.465821442889797e-12,-7.465821442889797e-12,0.003594338698045316,4.084365685748512e-07
0.2958,89.99993909253989,90.0,0.0021417297060097383,-0.0012895616559768825,-2.673879912087265e-06,1.3831001168075184e-07,12.000000000000089,4.867304636646503e-06,-1.8155974711703655e-05,-7.3642216580926e-12,-7.3642216580926e-12,0.0035695495100162306,4.0560871972053896e-07
0.29600000000000004,89.99993951940839,90.0,0.002126956594041527,-0.001280854917417034,-2.6558764548707844e-06,1.37340669242448e-07,12.000000000000087,4.833600738302582e-06,-1.8033729014554712e-05,-7.263987156591643e-12,-7.263987156591643e-12,0.003544927656735878,4.0280006152521225e-07
0.2962,89.99993994333222,90.0,0.002112283225391461,-0.00127220521675687,-2.6379904665267955e-06,1.3637801357292554e-07,12.000000000000085,4.800125608162244e-06,-1.7912280945552318e-05,-7.165099872278473e-12,-7.165099872278473e-12,0.0035204720423191015,4.0001046734685083e-07
0.2964,89.99994036433131,90.0,0.0020977089466438278,-0.0012636121969450934,-2.6202212163337918e-06,1.3542199951727625e-07,12.000000000000085,4.766877736070937e-06,-1.779162554300723e-05,-7.06754197412263e-12,-7.06754197412263e-12,0.0034961815777397125,3.972398113392419e-07
0.29660000000000003,89.99994078242537,90.0,0.00208323310847319,-0.0012550755027335228,-2.602567977134593e-06,1.344725822383807e-07,12.000000000000083,4.733855621626647e-06,-1.7671757869432427e-05,-6.971295861186421e-12,-6.971295861186421e-12,0.0034720551807886496,3.9448796846888453e-07
0.2968,89.99994119763406,90.0,0.0020688550656238706,-0.0012465947813589933,-2.585030026933787e-06,1.3352971715912852e-07,12.000000000000082,4.701057773652382e-06,-1.7552673022389915e-05,-6.876344163356999e-12,-6.876344163356999e-12,0.003448091776039785,3.917548144710292e-07
0.29700000000000004,89.99994160997684,90.0,0.0020545741768811404,-0.0012381696821478511,-2.5676066479776876e-06,1.3259335999130834e-07,12.000000000000082,4.668482710392618e-06,-1.743436612824356e-05,-6.782669736363266e-12,-6.782669736363266e-12,0.0034242902948019007,3.8904022586604885e-07
0.2972,89.99994201947311,90.0,0.0020403898050476645,-0.0012297998557725303,-2.550297125020075e-06,1.3166346679338755e-07,12.000000000000082,4.636128959964937e-06,-1.731683233038323e-05,-6.690255655145521e-12,-6.690255655145521e-12,0.003400649675079441,3.8634407999707544e-07
0.2974,89.99994242614208,90.0,0.0020263013169277895,-0.0012214849556506913,-2.533100748595666e-06,1.3073999385495267e-07,12.000000000000078,4.603995059348571e-06,-1.7200066811452056e-05,-6.59908521836584e-12,-6.59908521836584e-12,0.0033771688615463155,3.8366625494571177e-07
0.29760000000000003,89.9999428300029,90.0,0.0020123080832962557,-0.0012132246368357301,-2.516016812431274e-06,1.2982289778337914e-07,12.000000000000078,4.572079555068802e-06,-1.7084064775767914e-05,-6.5091419398965876e-12,-6.5091419398965876e-12,0.0033538468054937595,3.8100662958906435e-07
0.2978,89.99994323107451,90.0,0.0019984094788793867,-0.001205018556701047,-2.499044615048523e-06,1.289121354460514e-07,12.000000000000078,4.5403810026723604e-06,-1.6968821460206024e-05,-6.420409549638166e-12,-6.420409549638166e-12,0.003330682464798978,3.7836508355602755e-07
0.298,89.99994362937582,90.0,0.001984604882328602,-0.0011968663745477981,-2.4821834588510433e-06,1.2800766399925293e-07,12.000000000000075,4.5088979669279e-06,-1.6854332128000915e-05,-6.332871988822536e-12,-6.332871988822536e-12,0.0033076748038810035,3.757414972439893e-07
0.2982,89.99994402492554,90.0,0.001970893676198354,-0.0011887677512188157,-2.4654326492253903e-06,1.2710944091705603e-07,12.000000000000075,4.477629022034095e-06,-1.674059206264154e-05,-6.2465134054764096e-12,-6.2465134054764096e-12,0.003284822793663923,3.731357518361723e-07
0.2984,89.9999444177423,90.0,0.00195727524692817,-0.0011807223501393506,-2.4487914969769956e-06,1.2621742390465218e-07,12.000000000000075,4.446572750850418e-06,-1.6627596584411702e-05,-6.161318157031509e-12,-6.161318157031509e-12,0.0032621254115469496,3.705477292375325e-07
0.29860000000000003,89.9999448078446,90.0,0.0019437489848133825,-0.0011727298365656587,-2.4322593165781434e-06,1.2533157095613183e-07,12.000000000000073,4.415727745338911e-06,-1.6515341038493568e-05,-6.077270803950829e-12,-6.077270803950829e-12,0.003239581641355637,3.6797731211157365e-07
0.2988,89.9999451952508,90.0,0.0019303142839841494,-0.0011647898775557085,-2.4158354261028215e-06,1.2445184035448436e-07,12.000000000000071,4.385092606528048e-06,-1.6403820794525333e-05,-5.994356107073638e-12,-5.994356107073638e-12,0.0032171904733069158,3.654243838773352e-07
0.299,89.99994557997915,90.0,0.0019169705423846867,-0.001156902141940184,-2.3995191471622413e-06,1.2357819067159815e-07,12.000000000000071,4.354665944476969e-06,-1.629303124616337e-05,-5.9125590249971956e-12,-5.9125590249971956e-12,0.0031949509039744775,3.628888287064119e-07
0.2992,89.9999459620478,90.0,0.0019037171617529585,-0.0011490663010046715,-2.3833098065029156e-06,1.2271058071048076e-07,12.000000000000071,4.324446377748298e-06,-1.618296782193338e-05,-5.831864714898055e-12,-5.831864714898055e-12,0.003172861936254931,3.603705314790227e-07
0.2994,89.99994634147475,90.0,0.0018905535475925246,-0.0011412820273845339,-2.3672067334275277e-06,1.218489695919286e-07,12.00000000000007,4.294432534097944e-06,-1.6073625967717785e-05,-5.752258524724034e-12,-5.752258524724034e-12,0.0031509225793208747,3.578693778414932e-07
0.29960000000000003,89.99994671827788,90.0,0.0018774791091572941,-0.0011335489961094394,-2.351209262239306e-06,1.2099331666785725e-07,12.000000000000068,4.264623049710544e-06,-1.5965001163353312e-05,-5.673725995824317e-12,-5.673725995824317e-12,0.00312913184859549,3.553852541425433e-07
0.2998,89.999947092475,90.0,0.0018644932594238483,-0.001125866884209445,-2.335316731325509e-06,1.2014358155019137e-07,12.000000000000068,4.235016569397895e-06,-1.585708891640778e-05,-5.5962528586168565e-12,-5.5962528586168565e-12,0.0031074887657064135,3.529180474498226e-07
0.3,89.99994746408375,90.0,0.0018515954150687154,-0.0011182353699727239,-2.3195284814257317e-06,1.1929972416864444e-07,12.000000000000068,4.205611747051992e-06,-1.574988475042164e-05,-5.519825026757325e-12,-5.519825026757325e-12,0.0030859923584478596,3.50467645587664e-07
0.3002,89.99994783312167,90.0,0.001838784996453736,-0.0011106541339909429,-2.3038438580781586e-06,1.1846170468404917e-07,12.000000000000064,4.1764072448815385e-06,-1.5643384221518363e-05,-5.444428599767873e-12,-5.444428599767873e-12,0.0030646416607562265,3.480339370734597e-07
0.3004,89.9999481996062,90.0,0.0018260614275999382,-0.00110312285912279,-2.2882622115384584e-06,1.1762948348835741e-07,12.000000000000064,4.1474017333669445e-06,-1.5537582917853734e-05,-5.370049860486572e-12,-5.370049860486572e-12,0.003043435712666564,3.4561681111391023e-07
0.30060000000000003,89.99994856355463,90.0,0.0018134241361613926,-0.0010956412293916503,-2.272782894206884e-06,1.1680302129130985e-07,12.000000000000064,4.1185938919535785e-06,-1.5432476442145513e-05,-5.296675267694805e-12,-5.296675267694805e-12,0.0030223735602689875,3.4321615766279635e-07
0.3008,89.99994892498418,90.0,0.0018008725534119146,-0.0010882089306775851,-2.257405262248128e-06,1.1598227906265633e-07,12.000000000000064,4.089982408536672e-06,-1.5328060422672477e-05,-5.224291457143107e-12,-5.224291457143107e-12,0.0030014542556865247,3.4083186737805416e-07
0.301,89.99994928391192,90.0,0.0017884061142237919,-0.0010808256513981707,-2.2421286771864013e-06,1.1516721797437586e-07,12.00000000000006,4.061565978932485e-06,-1.5224330524105197e-05,-5.152885242394061e-12,-5.152885242394061e-12,0.002980676857039653,3.384638315777054e-07
0.3012,89.99994964035484,90.0,0.0017760242570386854,-0.0010734910814020559,-2.226952503323379e-06,1.143577994873465e-07,12.00000000000006,4.033343307566474e-06,-1.5121282429973564e-05,-5.082443607563007e-12,-5.082443607563007e-12,0.002960040428397809,3.361119422972045e-07
0.3014,89.99994999432978,90.0,0.001763726423851404,-0.0010662049123015761,-2.2118761085183817e-06,1.1355398532245536e-07,12.00000000000006,4.005313107199241e-06,-1.5018911847964322e-05,-5.012953706710097e-12,-5.012953706710097e-12,0.0029395440397523404,3.337760922666017e-07
0.30160000000000003,89.99995034585352,90.0,0.001751512060189451,-0.0010589668377994684,-2.196898864955436e-06,1.1275573743170865e-07,12.00000000000006,3.977474098645212e-06,-1.4917214515129506e-05,-4.944402863155143e-12,-4.944402863155143e-12,0.002919186766982418,3.314561748870994e-07
0.3018,89.99995069494268,90.0,0.001739380615089171,-0.0010517765533002948,-2.1820201482386476e-06,1.1196301802712175e-07,12.000000000000059,3.949825010977648e-06,-1.4816186191743906e-05,-4.876778565620955e-12,-4.876778565620955e-12,0.002898967691815285,3.291520842481357e-07
0.302,89.99995104161377,90.0,0.001727331541076324,-0.0010446337555280465,-2.1672393365013047e-06,1.1117578960960897e-07,12.000000000000057,3.92236458174127e-06,-1.4715822655255775e-05,-4.810068464513396e-12,-4.810068464513396e-12,0.0028788859017938734,3.268637151451043e-07
0.3022,89.99995138588325,90.0,0.0017153642941509682,-0.0010375381439261203,-2.1525558136812123e-06,1.1039401485342397e-07,12.000000000000057,3.8950915559418474e-06,-1.4616119722526752e-05,-4.7442603759873984e-12,-4.7442603759873984e-12,0.0028589404902516135,3.245909629951524e-07
0.3024,89.9999517277674,90.0,0.0017034783337561777,-0.0010304894188372877,-2.1379689652707283e-06,1.096176567506093e-07,12.000000000000057,3.868004687222787e-06,-1.4517073220974084e-05,-4.679342271956992e-12,-4.679342271956992e-12,0.0028391305562602957,3.2233372393523074e-07
0.30260000000000004,89.99995206728244,90.0,0.0016916731227679348,-0.0010234872832659346,-2.1234781824382056e-06,1.0884667846654686e-07,12.000000000000057,3.8411027366172474e-06,-1.441867901655572e-05,-4.615302285741466e-12,-4.615302285741466e-12,0.002819455204613225,3.2009189471810245e-07
0.3028,89.99995240444444,90.0,0.001679948127464413,-0.001016531441058816,-2.1090828577797775e-06,1.080810434844075e-07,12.000000000000053,3.8143844737257024e-06,-1.4320932984924417e-05,-4.552128702246811e-12,-4.552128702246811e-12,0.0027999135457740217,3.178653728104738e-07
0.303,89.99995273926943,90.0,0.001668302817516472,-0.0010096215983128728,-2.0947823886121222e-06,1.0732071548959121e-07,12.000000000000053,3.787848675715191e-06,-1.4223831033786017e-05,-4.4898099620768965e-12,-4.4898099620768965e-12,0.002780504695860787,3.1565405630959784e-07
0.3032,89.99995307177326,90.0,0.0016567366659618998,-0.0010027574629839922,-2.080576176061906e-06,1.0656565839861726e-07,12.000000000000053,3.761494127521043e-06,-1.4127369096716648e-05,-4.4283346578851414e-12,-4.4283346578851414e-12,0.0027612277766031665,3.134578439600855e-07
0.3034,89.99995340197174,90.0,0.0016452491491840157,-0.000995938744501863,-2.0664636241687834e-06,1.0581583638801393e-07,12.000000000000053,3.735319622056119e-06,-1.4031543127071988e-05,-4.367691530856537e-12,-4.367691530856537e-12,0.0027420819153066924,3.112766351713419e-07
0.30360000000000004,89.99995372988053,90.0,0.0016338397468948565,-0.000989165154457041,-2.0524441414943246e-06,1.0507121383653882e-07,12.000000000000052,3.7093239596896584e-06,-1.3936349108912082e-05,-4.3078694716905824e-12,-4.3078694716905824e-12,0.002723066244824761,3.091103299741369e-07
0.3038,89.99995405551519,90.0,0.0016225079421104186,-0.0009824364055005651,-2.0385171385534265e-06,1.0433175541184846e-07,12.00000000000005,3.6835059489429153e-06,-1.3841783039560305e-05,-4.24885751418311e-12,-4.24885751418311e-12,0.0027041799035173644,3.06958829078575e-07
0.304,89.9999543788912,90.0,0.0016112532211385064,-0.0009757522123928058,-2.024682030268297e-06,1.0359742598382867e-07,12.00000000000005,3.6578644057299485e-06,-1.3747840946266217e-05,-4.190644837748643e-12,-4.190644837748643e-12,0.0026854220352308437,3.0482203381082776e-07
0.3042,89.99995470002392,90.0,0.0016000750735545638,-0.0009691122912591781,-2.0109382342322713e-06,1.0286819068237433e-07,12.00000000000005,3.6323981538081776e-06,-1.3654518874416659e-05,-4.133220762547482e-12,-4.133220762547482e-12,0.0026667917892576063,3.0269984615068023e-07
0.3044,89.99995501892863,90.0,0.0015889729921860103,-0.0009625163606340821,-1.9972851731528766e-06,1.0214401481071971e-07,12.00000000000005,3.6071060240131167e-06,-1.3561812904124473e-05,-4.076574751917167e-12,-4.076574751917167e-12,0.002648288320310017,3.0059216866775847e-07
0.30460000000000004,89.99995533562046,90.0,0.0015779464730846628,-0.0009559641400013123,-1.9837222714439263e-06,1.0142486396099806e-07,12.000000000000048,3.581986855195252e-06,-1.3469719127088391e-05,-4.0206964047002074e-12,-4.0206964047002074e-12,0.002629910788474438,2.9849890459960316e-07
0.3048,89.99995565011452,90.0,0.0015669950155158578,-0.000949455351199955,-1.9702489585140195e-06,1.0071070389868196e-07,12.000000000000046,3.557039493216925e-06,-1.3378233668922358e-05,-3.965575459153417e-12,-3.965575459153417e-12,0.002611658359193096,2.9641995776807593e-07
0.305,89.99995596242572,90.0,0.0015561181219315384,-0.000942989716965726,-1.956864665360702e-06,1.00001500678143e-07,12.000000000000046,3.5322627918903573e-06,-1.3287352666029462e-05,-3.911201785411735e-12,-3.911201785411735e-12,0.0025935302032192306,2.9435523265752866e-07
0.3052,89.99995627256897,90.0,0.0015453152979598831,-0.0009365669623375724,-1.9435688278605313e-06,9.929722052709215e-08,12.000000000000046,3.507655611975397e-06,-1.319707228794188e-05,-3.857565389370346e-12,-3.857565389370346e-12,0.0025755254965998055,2.9230463433128196e-07
0.3054,89.99995658055899,90.0,0.001534586052378867,-0.0009301868135549447,-1.9303608841952802e-06,9.859782993324941e-08,12.000000000000046,3.4832168218722736e-06,-1.3107388719844497e-05,-3.804656406648422e-12,-3.804656406648422e-12,0.0025576434206314447,2.90268068489355e-07
0.30560000000000004,89.99995688641047,90.0,0.0015239298971027988,-0.0009238489987495446,-1.9172402764712756e-06,9.790329558656408e-08,12.000000000000046,3.4589452971062157e-06,-1.3018298173570392e-05,-3.7524651036497976e-12,-3.7524651036497976e-12,0.002539883161837998,2.882454414255169e-07
0.3058,89.999957190138,90.0,0.0015133463471602997,-0.0009175532479145705,-1.9042064506510092e-06,9.721358437921474e-08,12.000000000000044,3.4348399202895117e-06,-1.2929796887136485e-05,-3.700981875764274e-12,-3.700981875764274e-12,0.0025222439119338327,2.8623666002412494e-07
0.306,89.99995749175604,90.0,0.001502834920673119,-0.0009112992921646039,-1.8912588548262339e-06,9.652866346338907e-08,12.000000000000043,3.4108995815772223e-06,-1.2841881113017639e-05,-3.650197242921345e-12,-3.650197242921345e-12,0.002504724867788532,2.8424163179810086e-07
0.3062,89.99995779127894,90.0,0.0014923951388433362,-0.0009050868644282762,-1.8783969408393533e-06,9.584850019350394e-08,12.000000000000043,3.387123178152935e-06,-1.2754547129156105e-05,-3.6001018506673722e-12,-3.6001018506673722e-12,0.0024873252314055604,2.822602648460769e-07
0.3064,89.99995808872102,90.0,0.0014820265259325996,-0.0008989156990640133,-1.8656201633883938e-06,9.517306215509544e-08,12.000000000000043,3.3635096144391027e-06,-1.2667791232884158e-05,-3.550686467126091e-12,-3.550686467126091e-12,0.002470044209887666,2.8029246786992426e-07
0.30660000000000004,89.99995838409643,90.0,0.001471728609245548,-0.0008927855325474292,-1.8529279816366613e-06,9.450231710703908e-08,12.000000000000043,3.3400578015762998e-06,-1.2581609751853876e-05,-3.5019419840056537e-12,-3.5019419840056537e-12,0.0024528810154092464,2.7833815013135734e-07
0.3068,89.99995867741929,90.0,0.0014615009191058217,-0.0008866961023720156,-1.8403198566465496e-06,9.383623306821939e-08,12.000000000000043,3.3167666581201797e-06,-1.2495999026612375e-05,-3.4538594109474996e-12,-3.4538594109474996e-12,0.002435834865176369,2.76397221510014e-07
0.307,89.99995896870358,90.0,0.0014513429888441804,-0.0008806471480983691,-1.8277952538343532e-06,9.317477823086026e-08,12.00000000000004,3.293635109282729e-06,-1.2410955427270302e-05,-3.4064298779166966e-12,-3.4064298779166966e-12,0.0024189049814069678,2.7446959244022647e-07
0.30720000000000003,89.99995925796321,90.0,0.0014412543547749398,-0.0008746384106107424,-1.8153536412359576e-06,9.25179210183048e-08,12.000000000000039,3.270662087383867e-06,-1.232647534172564e-05,-3.3596446309378347e-12,-3.3596446309378347e-12,0.0024020905912915664,2.725551739486547e-07
0.3074,89.99995954521201,90.0,0.0014312345561809038,-0.0008686696320960111,-1.8029944894600602e-06,9.186563008501529e-08,12.000000000000039,3.2478465318254903e-06,-1.224255517534609e-05,-3.3134950305774898e-12,-3.3134950305774898e-12,0.0023853909269681735,2.706538776521233e-07
0.30760000000000004,89.99995983046368,90.0,0.0014212831352981457,-0.0008627405567329633,-1.7907172733020487e-06,9.121787425879335e-08,12.000000000000039,3.22518738857307e-06,-1.2159191361927492e-05,-3.2679725529779194e-12,-3.2679725529779194e-12,0.0023688052254969096,2.687656157144216e-07
0.3078,89.99996011373187,90.0,0.0014113996372934787,-0.0008568509303055736,-1.7785214708434787e-06,9.057462256966991e-08,12.000000000000039,3.2026836103629412e-06,-1.2076380357579179e-05,-3.2230687869773055e-12,-3.2230687869773055e-12,0.0023523327288224646,2.6689030086357757e-07
0.308,89.9999603950301,90.0,0.001401583610245868,-0.0008510004994665039,-1.766406561733215e-06,8.993584430768494e-08,12.000000000000039,3.1803341571624715e-06,-1.1994118629052696e-05,-3.1787754300862404e-12,-3.1787754300862404e-12,0.0023359726837431133,2.650278464302051e-07
0.30820000000000003,89.99996067437183,90.0,0.0013918346051366498,-0.0008451890131445346,-1.7543720304793402e-06,8.930150890732795e-08,12.000000000000039,3.158137995168836e-06,-1.1912402676094287e-05,-3.1350842920936805e-12,-3.1350842920936805e-12,0.002319724341894416,2.631781662640688e-07
0.3084,89.99996095177042,90.0,0.001382152175823401,-0.0008394162214422655,-1.742417363876314e-06,8.867158603420754e-08,12.000000000000037,3.1360940975022927e-06,-1.1831229013974973e-05,-3.0919872897437222e-12,-3.0919872897437222e-12,0.0023035869597056685,2.613411747918569e-07
0.30860000000000004,89.99996122723914,90.0,0.0013725358790263207,-0.0008336818759723699,-1.730542051793248e-06,8.804604555616163e-08,12.000000000000036,3.114201443936627e-06,-1.1750594178843044e-05,-3.0494764465721854e-12,-3.0494764465721854e-12,0.0022875597983772014,2.5951678699471814e-07
0.3088,89.99996150079117,90.0,0.0013629852743112694,-0.0008279857298339149,-1.718745587121247e-06,8.742485754325746e-08,12.000000000000036,3.092459020869941e-06,-1.1670494727366494e-05,-3.007543891471624e-12,-3.007543891471624e-12,0.0022716421238521156,2.5770491840582766e-07
0.309,89.99996177243959,90.0,0.0013534999240723468,-0.000822327537588036,-1.7070274657193132e-06,8.680799226779144e-08,12.000000000000036,3.0708658212946405e-06,-1.159092723636571e-05,-2.966181857272375e-12,-2.966181857272375e-12,0.002255833206787245,2.5590548510788595e-07
0.30920000000000003,89.99996204219744,90.0,0.0013440793935155556,-0.0008167070555903961,-1.6953871871941837e-06,8.619542017539944e-08,12.000000000000036,3.0494208445232027e-06,-1.1511888308108656e-05,-2.9253826805474477e-12,-2.9253826805474477e-12,0.002240132322525926,2.541184037102661e-07
0.3094,89.99996231007762,90.0,0.001334723250637849,-0.0008111240416066616,-1.6838242540047086e-06,8.558711191394662e-08,12.000000000000036,3.0281230963981802e-06,-1.1433374564229505e-05,-2.8851387989762288e-12,-2.8851387989762288e-12,0.0022245387510630814,2.523435913665143e-07
0.30960000000000004,89.99996257609297,90.0,0.0013254310662112925,-0.0008055782544351157,-1.672338170582102e-06,8.498303836241723e-08,12.000000000000036,3.0069715895110128e-06,-1.1355382639755015e-05,-2.8454427488141498e-12,-2.8454427488141498e-12,0.002209051777018821,2.505809657925837e-07
0.3098,89.99996284025623,90.0,0.0013162024137709882,-0.00080006945460034,-1.6609284449535813e-06,8.438317057313496e-08,12.000000000000034,2.98596534268904e-06,-1.1277909194129257e-05,-2.806287165971996e-12,-2.806287165971996e-12,0.002193670689618314,2.4883044522408597e-07
0.31,89.99996310258007,90.0,0.0013070368695955895,-0.0007945974043260072,-1.6495945886818648e-06,8.378747977176287e-08,12.000000000000032,2.965103380961934e-06,-1.1200950910802788e-05,-2.7676647846341595e-12,-2.7676647846341595e-12,0.0021783947826593156,2.4709194841349385e-07
0.31020000000000003,89.99996336307707,90.0,0.0012979340126874639,-0.0007891618671519154,-1.6383361159730133e-06,8.319593738619329e-08,12.000000000000032,2.9443847357736324e-06,-1.1124504491174783e-05,-2.729568434738347e-12,-2.729568434738347e-12,0.0021632233544791064,2.4536539464780206e-07
0.3104,89.99996362175973,90.0,0.0012888934247579338,-0.0007837626075581036,-1.6271525428000218e-06,8.260851507543772e-08,12.000000000000032,2.923808445203e-06,-1.1048566648642125e-05,-2.69199103955733e-12,-2.69199103955733e-12,0.0021481557079298897,2.43650703766916e-07
0.3106,89.99996387864046,90.0,0.0012799146902163305,-0.0007783993923706572,-1.6160433901911145e-06,8.202518461406724e-08,12.000000000000032,2.903373552960603e-06,-1.0973134130927322e-05,-2.654925619068636e-12,-2.654925619068636e-12,0.002133191150360551,2.419477960800496e-07
0.3108,89.99996413373158,90.0,0.0012709973961432851,-0.0007730719889480582,-1.6050081799939663e-06,8.144591803666203e-08,12.000000000000032,2.8830791095731723e-06,-1.0898203691317056e-05,-2.618365282859113e-12,-2.618365282859113e-12,0.0021183289935721417,2.4025659246443037e-07
0.311,89.99996438704535,90.0,0.001262141132284311,-0.000767780166593309,-1.59404643817805e-06,8.08706875222517e-08,12.000000000000032,2.8629241713881747e-06,-1.0823772111085526e-05,-2.5823032335353236e-12,-2.5823032335353236e-12,0.002103568553807185,2.3857701428234724e-07
0.31120000000000003,89.99996463859392,90.0,0.0012533454910279632,-0.0007625236961681657,-1.5831576939362491e-06,8.029946542320531e-08,12.000000000000032,2.842907800782281e-06,-1.0749836193394287e-05,-2.5467327642776866e-12,-2.5467327642776866e-12,0.002088909151713272,2.3690898339852277e-07
0.3114,89.9999648883894,90.0,0.0012446100673876614,-0.0007573023493572164,-1.5723414779672836e-06,7.973222432301102e-08,12.00000000000003,2.82302906662225e-06,-1.0676392751629705e-05,-2.5116472553771406e-12,-2.5116472553771406e-12,0.0020743501123127693,2.3525242221852025e-07
0.3116,89.99996513644378,90.0,0.0012359344589922617,-0.0007521158997205297,-1.561597324938136e-06,7.91689369496065e-08,12.000000000000028,2.8032870435104034e-06,-1.0603438626123148e-05,-2.4770401764390586e-12,-2.4770401764390586e-12,0.0020598907649871027,2.336072536258664e-07
0.3118,89.99996538276896,90.0,0.0012273182660647872,-0.0007469641219534165,-1.5509247717568767e-06,7.860957623315873e-08,12.000000000000028,2.7836808122401796e-06,-1.0530970672423239e-05,-2.4429050829240467e-12,-2.4429050829240467e-12,0.002045530443441312,2.3197340102001442e-07
0.312,89.99996562737682,90.0,0.0012187610914093485,-0.0007418467922234362,-1.5403233583626139e-06,7.805411527717402e-08,12.000000000000028,2.7642094595275057e-06,-1.0458985766659726e-05,-2.4092356161053574e-12,-2.4092356161053574e-12,0.0020312684856822476,2.3035078829395825e-07
0.31220000000000003,89.99996587027911,90.0,0.0012102625403940294,-0.0007367636877912307,-1.5297926268417874e-06,7.750252738738798e-08,12.000000000000028,2.7448720782274164e-06,-1.0387480799543002e-05,-2.3760255008157432e-12,-2.3760255008157432e-12,0.0020171042339900487,2.2873933985228416e-07
0.3124,89.99996611148751,90.0,0.0012018222209387534,-0.0007317145877041267,-1.5193321230516317e-06,7.69547860139857e-08,12.000000000000028,2.725667766820965e-06,-1.0316452687387624e-05,-2.3432685464954918e-12,-2.3432685464954918e-12,0.0020030370348979223,2.271389805684132e-07
0.3126,89.99996635101363,90.0,0.0011934397434946432,-0.0007266992724120418,-1.5089413957255131e-06,7.641086478049163e-08,12.000000000000028,2.706595629625761e-06,-1.0245898366037437e-05,-2.3109586449255488e-12,-2.3109586449255488e-12,0.0019890662391577386,2.2554963580214621e-07
0.3128,89.99996658886899,90.0,0.0011851147210278,-0.0007217175230342965,-1.4986199947614295e-06,7.587073754154945e-08,12.000000000000028,2.687654777260224e-06,-1.0175814779244275e-05,-2.279089766995917e-12,-2.279089766995917e-12,0.0019751912017130003,2.2397123143835147e-07
0.313,89.99996682506506,90.0,0.0011768467690118818,-0.0007167691227703336,-1.4883674745212365e-06,7.533437826736234e-08,12.000000000000028,2.668844325646418e-06,-1.0106198901070127e-05,-2.247655965914584e-12,-2.247655965914584e-12,0.0019614112816864694,2.2240369380386765e-07
0.31320000000000003,89.99996705961321,90.0,0.001168635505404046,-0.0007118538558003192,-1.4781833912642498e-06,7.480176113036281e-08,12.000000000000027,2.650163396706898e-06,-1.0037047718460956e-05,-2.2166513728721375e-12,-2.2166513728721375e-12,0.001947725842340077,2.2084694972557434e-07
0.3134,89.99996729252473,90.0,0.0011604805506340579,-0.000706971507625199,-1.4680673039439816e-06,7.427286047632276e-08,12.000000000000025,2.631611118099852e-06,-9.968358236656666e-06,-2.1860701970656554e-12,-2.1860701970656554e-12,0.001934134251056763,2.1930092650832052e-07
0.3136,89.99996752381087,90.0,0.0011523815275887397,-0.0007021218654002633,-1.4580187749904358e-06,7.374765079546354e-08,12.000000000000025,2.6131866229462254e-06,-9.90012748450296e-06,-2.155906725663779e-12,-2.155906725663779e-12,0.0019206358793145662,2.17765551912185e-07
0.3138,89.99996775348275,90.0,0.0011443380615932118,-0.000697304717198408,-1.4480373685907146e-06,7.322610678023578e-08,12.000000000000025,2.5948890502895927e-06,-9.832352502776458e-06,-2.1261553206701708e-12,-2.1261553206701708e-12,0.0019072301026553527,2.1624075419079895e-07
0.314,89.99996798155146,90.0,0.0011363497804005498,-0.0006925198523509671,-1.438122651487477e-06,7.270820329642953e-08,12.000000000000025,2.5767175448322496e-06,-9.765030349606326e-06,-2.0968104189708304e-12,-2.0968104189708304e-12,0.001893916300667583,2.147264620693537e-07
0.31420000000000003,89.999968208028,90.0,0.0011284163141770727,-0.0006877670617824396,-1.4282741937638207e-06,7.219391535428426e-08,12.000000000000025,2.558671256663778e-06,-9.698158105803722e-06,-2.0678665323250633e-12,-2.0678665323250633e-12,0.001880693856961788,2.1322260472198105e-07
0.3144,89.99996843292328,90.0,0.0011205372954843085,-0.0006830461376300398,-1.4184915679567217e-06,7.168321813737886e-08,12.000000000000025,2.5407493414760734e-06,-9.631732868841939e-06,-2.0393182453152966e-12,-2.0393182453152966e-12,0.001867562159140514,2.1172911178967233e-07
0.3146,89.99996865624817,90.0,0.0011127123592649271,-0.000678356872868784,-1.4087743481827815e-06,7.117608703152147e-08,12.000000000000025,2.5229509607852125e-06,-9.565751746920123e-06,-2.011160213377075e-12,-2.011160213377075e-12,0.0018545205987748785,2.1024591339876727e-07
0.3148,89.99996887801346,90.0,0.0011049411428333622,-0.0006736990627194808,-1.3991221134313856e-06,7.067249750918998e-08,12.000000000000025,2.5052752809309194e-06,-9.500211881324225e-06,-1.9833871658239797e-12,-1.9833871658239797e-12,0.001841568571388937,2.0877294007757618e-07
0.315,89.99996909822983,90.0,0.0010972232858498347,-0.0006690725024808336,-1.389534442500628e-06,7.017242530287125e-08,12.000000000000025,2.487721474508388e-06,-9.435110412041303e-06,-1.9559938988660657e-12,-1.9559938988660657e-12,0.001828705476416391,2.0731012287569857e-07
0.31520000000000004,89.99996931690792,90.0,0.0010895584303196547,-0.0006644769896600937,-1.3800109189785604e-06,6.967584623172191e-08,12.000000000000023,2.470288718890512e-06,-9.370444511582819e-06,-1.9289752806627087e-12,-1.9289752806627087e-12,0.0018159307171994245,2.058573932408756e-07
0.3154,89.99996953405831,90.0,0.0010819462205677712,-0.0006599123228717112,-1.3705511286724593e-06,6.918273628823794e-08,12.000000000000023,2.452976196922332e-06,-9.306211367529045e-06,-1.9023262473397273e-12,-1.9023262473397273e-12,0.0018032437009462853,2.0441468307686063e-07
0.3156,89.9999697496915,90.0,0.0010743863032262068,-0.000655378301464519,-1.3611546587392404e-06,6.86930716671446e-08,12.000000000000021,2.435783097145486e-06,-9.242408176624474e-06,-1.8760418011284238e-12,-1.8760418011284238e-12,0.0017906438387103444,2.0298192476212348e-07
0.3158,89.99996996381789,90.0,0.0010668783272256934,-0.0006508747262205976,-1.3518210993206273e-06,6.820682870761663e-08,12.000000000000021,2.418708613291612e-06,-9.179032155880804e-06,-1.8501170114257946e-12,-1.8501170114257946e-12,0.0017781305453761556,2.0155905110763397e-07
0.316,89.99997017644785,90.0,0.001059421943779005,-0.0006464013993320013,-1.342550043491394e-06,6.772398389327824e-08,12.000000000000021,2.401751944253637e-06,-9.116080542225516e-06,-1.824547013855237e-12,-1.824547013855237e-12,0.001765703239631675,2.001459953544694e-07
0.31620000000000004,89.99997038759165,90.0,0.0010520168063650475,-0.0006419581243785448,-1.3333410872099654e-06,6.724451385220317e-08,12.000000000000021,2.384912294058375e-06,-9.053550592166433e-06,-1.799327009344764e-12,-1.799327009344764e-12,0.0017533613439417457,1.987426911715309e-07
0.3164,89.99997059725952,90.0,0.0010446625707129324,-0.0006375447055950243,-1.3241938276078305e-06,6.676839541469436e-08,12.000000000000021,2.3681888723312842e-06,-8.991439570176629e-06,-1.7744522613609534e-12,-1.7744522613609534e-12,0.0017411042845215544,1.9734907269427333e-07
0.3166,89.99997080546159,90.0,0.001037358894794303,-0.0006331609489263135,-1.3151078654574132e-06,6.629560552661441e-08,12.000000000000021,2.3515808935449587e-06,-8.929744765451573e-06,-1.7499180978890823e-12,-1.7499180978890823e-12,0.0017289314913238386,1.9596507446207955e-07
0.3168,89.99997101220795,90.0,0.0010301054388039343,-0.0006288066612897369,-1.306082803450704e-06,6.582612130716525e-08,12.000000000000021,2.3350875774779058e-06,-8.86846348022083e-06,-1.7257199086650083e-12,-1.7257199086650083e-12,0.0017168423980065569,1.945906314564918e-07
0.317,89.9999712175086,90.0,0.0010229018651484937,-0.0006244816509146467,-1.297118246994928e-06,6.535992001999833e-08,12.000000000000021,2.3187081489490943e-06,-8.807593035150747e-06,-1.701853145269274e-12,-1.701853145269274e-12,0.0017048364419141562,1.9322567907909084e-07
0.31720000000000004,89.99997142137352,90.0,0.0010157478384315334,-0.0006201857273214663,-1.2882138041659394e-06,6.489697907321453e-08,12.000000000000021,2.3024418377920955e-06,-8.747130769027984e-06,-1.6783133202707118e-12,-1.6783133202707118e-12,0.0016929130640525555,1.9187015314934094e-07
0.3174,89.99997162381253,90.0,0.0010086430254386955,-0.0006159187009457652,-1.2793690848317229e-06,6.443727604825416e-08,12.000000000000021,2.286287879075703e-06,-8.687074032807996e-06,-1.6550960054868475e-12,-1.6550960054868475e-12,0.0016810717090644924,1.905239899229749e-07
0.3176,89.99997182483548,90.0,0.0010015870951272771,-0.0006116803834789574,-1.270583701450554e-06,6.3980788671007e-08,12.00000000000002,2.270245512839856e-06,-8.627420195034628e-06,-1.6321968320967739e-12,-1.6321968320967739e-12,0.0016693118252121286,1.8918712606998768e-07
0.3178,89.99997202445209,90.0,0.0009945797186117673,-0.0006074705874928371,-1.2618572681955244e-06,6.35274948407022e-08,12.00000000000002,2.2543139843168272e-06,-8.568166635895537e-06,-1.6096114889380118e-12,-1.6096114889380118e-12,0.0016576328643529454,1.8785949869306864e-07
0.318,89.99997222267206,90.0,0.0009876205691537346,-0.0006032891274912729,-1.2531894034148495e-06,6.307737254323859e-08,12.000000000000018,2.238492543175517e-06,-8.509310763927993e-06,-1.587335724384662e-12,-1.587335724384662e-12,0.0016460342819228908,1.8654104526462615e-07
0.31820000000000004,89.99997241950499,90.0,0.0009807093221399356,-0.0005991358184585557,-1.2445797262416162e-06,6.263039996674432e-08,12.000000000000018,2.222780444468126e-06,-8.45084999299863e-06,-1.5653653419642436e-12,-1.5653653419642436e-12,0.0016345155368998924,1.8523170370567687e-07
0.3184,89.99997261496041,90.0,0.0009738456550764172,-0.0005950104765617085,-1.236027858236611e-06,6.218655544379694e-08,12.000000000000018,2.2071769481278033e-06,-8.392781753458472e-06,-1.5436962014084297e-12,-1.5436962014084297e-12,0.001623076091794029,1.8393141234398333e-07
0.3186,89.99997280904783,90.0,0.0009670292475753095,-0.0005909129194873135,-1.2275334241778746e-06,6.174581742253369e-08,12.000000000000018,2.1916813186998062e-06,-8.335103497504087e-06,-1.5223242187424248e-12,-1.5223242187424248e-12,0.001611715412625516,1.8264010989165025e-07
0.31880000000000003,89.99997300177668,90.0,0.0009602597813372912,-0.0005868429660617618,-1.2190960511756925e-06,6.130816449554122e-08,12.000000000000018,2.176292825557393e-06,-8.277812693168284e-06,-1.5012453646208358e-12,-1.5012453646208358e-12,0.0016004329688954853,1.813577354631158e-07
0.319,89.9999731931563,90.0,0.0009535369401385059,-0.0005828004358777114,-1.2107153678013983e-06,6.087357542874558e-08,12.000000000000018,2.1610107431253743e-06,-8.220906818404558e-06,-1.4804556627337386e-12,-1.4804556627337386e-12,0.0015892282335641767,1.8008422859378092e-07
0.31920000000000004,89.99997338319596,90.0,0.000946860409821758,-0.000578785149637066,-1.202391004890603e-06,6.04420291325223e-08,12.000000000000018,2.1458343506188594e-06,-8.164383366541132e-06,-1.4599511899620986e-12,-1.4599511899620986e-12,0.0015781006830362634,1.78819529218238e-07
0.3194,89.99997357190492,90.0,0.0009402298782839742,-0.0005747969294887401,-1.1941225963348342e-06,6.001350463280648e-08,12.000000000000018,2.130762931775562e-06,-8.108239851656283e-06,-1.43972807648788e-12,-1.43972807648788e-12,0.001567049797139957,1.7756357764796323e-07
0.3196,89.99997375929235,90.0,0.0009336450354594033,-0.00057083559864993,-1.185909778198801e-06,5.9587981099982764e-08,12.000000000000018,2.115795775072956e-06,-8.052473802584452e-06,-1.4197825041994848e-12,-1.4197825041994848e-12,0.0015560750590990055,1.7631631458941272e-07
0.31980000000000003,89.99997394536736,90.0,0.0009271055733074997,-0.0005669009813891938,-1.1777521886827676e-06,5.916543784888521e-08,12.000000000000018,2.100932173707406e-06,-7.997082762660769e-06,-1.4001107059895742e-12,-1.4001107059895742e-12,0.0015451759555124994,1.750776811422836e-07
0.32,89.99997413013897,90.0,0.0009206111858009487,-0.0005629929026544643,-1.1696494672548087e-06,5.874585436768727e-08,12.000000000000018,2.0861714258196344e-06,-7.94206428382895e-06,-1.3807089642455507e-12,-1.3807089642455507e-12,0.0015343519763349146,1.7384761881830262e-07
0.32020000000000004,89.99997431361619,90.0,0.0009141615689176639,-0.0005591111891276859,-1.1616012571176618e-06,5.8329210231232126e-08,12.000000000000018,2.071512833742653e-06,-7.887415943391532e-06,-1.3615736126501625e-12,-1.3615736126501625e-12,0.001523602614862773,1.7262606947855415e-07
0.3204,89.99997449580793,90.0,0.0009077564206211377,-0.0005552556681315659,-1.1536072026560104e-06,5.791548518770229e-08,12.000000000000016,2.0569557047062012e-06,-7.833135326676615e-06,-1.3427010329952597e-12,-1.3427010329952597e-12,0.0015129273677018963,1.714129753921832e-07
0.3206,89.99997467672306,90.0,0.0009013954408530764,-0.0005514261683298336,-1.1456669510747519e-06,5.7504659100839866e-08,12.000000000000016,2.0424993503318725e-06,-7.779220038161897e-06,-1.3240876561695281e-12,-1.3240876561695281e-12,0.0015023257347551273,1.7020827919432248e-07
0.32080000000000003,89.99997485637037,90.0,0.0008950783315178386,-0.0005476225193502416,-1.1377801515201096e-06,5.7096711978836484e-08,12.000000000000014,2.0281430868523997e-06,-7.725667695506918e-06,-1.3057299606634372e-12,-1.3057299606634372e-12,0.0014917972191963976,1.6901192390436643e-07
0.321,89.99997503475863,90.0,0.000888804796471683,-0.0005438445517695523,-1.129946455046248e-06,5.6691623974333216e-08,12.000000000000014,2.013886235093139e-06,-7.672475929326377e-06,-1.2876244719294842e-12,-1.2876244719294842e-12,0.001481341327452805,1.6782385292442804e-07
0.32120000000000004,89.99997521189651,90.0,0.0008825745415116757,-0.0005400920974533202,-1.1221655154113933e-06,5.628937535553072e-08,12.000000000000014,1.999728120206865e-06,-7.619642388595882e-06,-1.2697677625329475e-12,-1.2697677625329475e-12,0.0014709575691861263,1.6664401001723855e-07
0.3214,89.99997538779263,90.0,0.0008763872743609954,-0.0005363649891801043,-1.114436988201642e-06,5.588994653507917e-08,12.000000000000014,1.9856680718945543e-06,-7.567164734702508e-06,-1.2521564507054315e-12,-1.2521564507054315e-12,0.0014606454572683259,1.65472339324546e-07
0.3216,89.99997556245557,90.0,0.0008702427046584979,-0.0005326630609821675,-1.106760531629122e-06,5.549331804118828e-08,12.000000000000014,1.971705424141317e-06,-7.51504064686441e-06,-1.2347872005054177e-12,-1.2347872005054177e-12,0.0014504045077641634,1.6430878534510958e-07
0.32180000000000003,89.99997573589384,90.0,0.0008641405439443998,-0.0005289861474149452,-1.0991358048264054e-06,5.509947057540718e-08,12.000000000000014,1.9578395156839253e-06,-7.463267810549668e-06,-1.2176567196354979e-12,-1.2176567196354979e-12,0.0014402342399073332,1.6315329297366025e-07
0.322,89.9999759081159,90.0,0.0008580805056540395,-0.0005253340846141479,-1.0915624703188398e-06,5.4708384925954685e-08,12.000000000000014,1.9440696892617813e-06,-7.411843934263728e-06,-1.2007617611784073e-12,-1.2007617611784073e-12,0.0014301341760900657,1.6200580743848158e-07
0.32220000000000004,89.99997607913012,90.0,0.0008520623051000887,-0.0005217067095603812,-1.0840401923081788e-06,5.4320042025499066e-08,12.000000000000014,1.930395292078469e-06,-7.360766737895042e-06,-1.1840991214100302e-12,-1.1840991214100302e-12,0.0014201038418334814,1.6086627433987223e-07
0.3224,89.99997624894486,90.0,0.0008460856594627497,-0.0005181038600654577,-1.0765686366421394e-06,5.3934422951158106e-08,12.000000000000014,1.916815675784866e-06,-7.310033952508355e-06,-1.1676656392239667e-12,-1.1676656392239667e-12,0.0014101427657712492,1.5973463964873865e-07
0.3226,89.9999764175684,90.0,0.0008401502877801577,-0.0005145253754695409,-1.0691474724457453e-06,5.355150886671926e-08,12.000000000000014,1.903330195970424e-06,-7.259643331421728e-06,-1.151458197055857e-12,-1.151458197055857e-12,0.0014002504796335963,1.586108496642018e-07
0.32280000000000003,89.99997658500897,90.0,0.000834255910930992,-0.0005109710955510493,-1.0617763695756191e-06,5.317128110930938e-08,12.000000000000014,1.8899382128715e-06,-7.209592632920871e-06,-1.1354737180161655e-12,-1.1354737180161655e-12,0.0013904265182183202,1.574948510726248e-07
0.323,89.99997675127473,90.0,0.0008284022516294052,-0.0005074408612301207,-1.054455000265381e-06,5.279372113161488e-08,12.000000000000014,1.8766390908704315e-06,-7.159879631431601e-06,-1.1197091668559586e-12,-1.1197091668559586e-12,0.0013806704193823423,1.563865909058691e-07
0.32320000000000004,89.9999769163738,90.0,0.0008225890344118931,-0.0005039345145502784,-1.047183039084875e-06,5.241881050188178e-08,12.000000000000014,1.8634321984729224e-06,-7.110502117242979e-06,-1.1041615493817032e-12,-1.1041615493817032e-12,0.001370981724019822,1.5528601653941002e-07
0.3234,89.99997708031424,90.0,0.0008168159856244961,-0.000500451898660561,-1.03996016290043e-06,5.2046530903915675e-08,12.000000000000014,1.8503169082859943e-06,-7.061457896237489e-06,-1.0888279118798215e-12,-1.0888279118798215e-12,0.0013613599760408266,1.5419307569049934e-07
0.3236,89.99997724310408,90.0,0.0008110828334100836,-0.0004969928577977687,-1.032786050835379e-06,5.167686413708176e-08,12.000000000000014,1.8372925969960875e-06,-7.012744789622945e-06,-1.0737053405497588e-12,-1.0737053405497588e-12,0.0013518047223501394,1.5310771641634044e-07
0.32380000000000003,89.99997740475123,90.0,0.0008053893076959889,-0.0004935572365586545,-1.025660382570521e-06,5.130979217408459e-08,12.000000000000012,1.8243586458399476e-06,-6.964360622392427e-06,-1.0587909595174076e-12,-1.0587909595174076e-12,0.0013423155128266483,1.520298871533288e-07
0.324,89.99997756526363,90.0,0.0007997351401897861,-0.0004901448809598427,-1.018582840822721e-06,5.094529707429842e-08,12.000000000000012,1.81151443985907e-06,-6.91630324015428e-06,-1.0440819324986284e-12,-1.0440819324986284e-12,0.0013328919003163103,1.5095953665492234e-07
0.3242,89.9999777246491,90.0,0.0007941200643629735,-0.00048675563805977517,-1.0115531104636742e-06,5.058336101265709e-08,12.000000000000012,1.7987593681176876e-06,-6.868570503148406e-06,-1.0295754615095834e-12,-1.0295754615095834e-12,0.0013235334406049562,1.4989661400980714e-07
0.3244,89.99997788291545,90.0,0.0007885438154392566,-0.0004833893555870787,-1.004570877652953e-06,5.022396630854393e-08,12.000000000000012,1.786092823928684e-06,-6.821160280359558e-06,-1.0152687856347969e-12,-1.0152687856347969e-12,0.0013142396923987612,1.488410686607235e-07
0.3246,89.99997804007039,90.0,0.0007830061303867219,-0.00048004588264018264,-9.976358314748482e-07,4.9867095368011946e-08,12.00000000000001,1.7735142043479236e-06,-6.774070460631687e-06,-1.0011591819319974e-12,-1.0011591819319974e-12,0.0013050102173112032,1.4779285036232683e-07
0.32480000000000003,89.99997819612162,90.0,0.00077750674790202,-0.0004767250685994184,-9.907476613975476e-07,4.9512730770453534e-08,12.00000000000001,1.7610229108852899e-06,-6.727298935415448e-06,-9.87243962803401e-13,-9.87243962803401e-13,0.0012958445798367,1.4675190924044068e-07
0.325,89.99997835107678,90.0,0.0007720454084073805,-0.00047342676454393694,-9.8390606058614e-07,4.916085515304087e-08,12.00000000000001,1.7486183485151652e-06,-6.6808436212639145e-06,-9.735204783085475e-13,-9.735204783085475e-13,0.001286742347345634,1.4571819570959696e-07
0.3252,89.99997850494346,90.0,0.0007666218540310734,-0.0004701508221586152,-9.77110723350246e-07,4.881145129739563e-08,12.00000000000001,1.7362999263810616e-06,-6.634702442501671e-06,-9.599861135396576e-13,-9.599861135396576e-13,0.001277703090051789,1.44691660531755e-07
0.3254,89.99997865772917,90.0,0.0007612358286003468,-0.0004668970940794645,-9.70361345952651e-07,4.846450210069906e-08,12.00000000000001,1.724067057537357e-06,-6.588873336715533e-06,-9.46638288843124e-13,-9.46638288843124e-13,0.001268726381000578,1.4367225479477963e-07
0.3256,89.99997880944142,90.0,0.0007558870776307243,-0.0004636654338786889,-9.636576265760794e-07,4.811999057569202e-08,12.00000000000001,1.7119191589308656e-06,-6.543354254528935e-06,-9.334744593333222e-13,-9.334744593333222e-13,0.0012598117960512074,1.4265992991090533e-07
0.32580000000000003,89.9999789600876,90.0,0.0007505753483150342,-0.00046045569604936503,-9.569992652891225e-07,4.77778998506749e-08,12.00000000000001,1.6998556513819348e-06,-6.498143159370586e-06,-9.204921144120785e-13,-9.204921144120785e-13,0.0012509589138583902,1.416546376151611e-07
0.326,89.99997910967514,90.0,0.0007453003895131756,-0.0004572677359911555,-9.503859640144698e-07,4.7438213169507746e-08,12.00000000000001,1.687875959566822e-06,-6.453238027258747e-06,-9.076887772977044e-13,-9.076887772977044e-13,0.0012421673158552926,1.4065632996390172e-07
0.3262,89.99997925821133,90.0,0.0007400619517414623,-0.0004541014099954275,-9.438174264958138e-07,4.710091389161014e-08,12.00000000000001,1.6759795119993375e-06,-6.408636846576514e-06,-8.950620045588558e-13,-8.950620045588558e-13,0.0012334365862357705,1.3966495933327801e-07
0.3264,89.99997940570346,90.0,0.0007348597871626015,-0.0004509565752312619,-9.372933582667366e-07,4.6765985491961264e-08,12.00000000000001,1.664165741013582e-06,-6.364337617860558e-06,-8.826093856572935e-13,-8.826093856572935e-13,0.001224766311937669,1.3868047841779837e-07
0.3266,89.99997955215875,90.0,0.000729693649575441,-0.00044783308973113785,-9.308134666188748e-07,4.6433411561099895e-08,12.00000000000001,1.6524340827462888e-06,-6.320338353584953e-06,-8.703285424960277e-13,-8.703285424960277e-13,0.0012161560826257352,1.3770284022885727e-07
0.32680000000000003,89.9999796975844,90.0,0.0007245632944052238,-0.00044473081273259537,-9.24377461402225e-07,4.610317577623449e-08,12.00000000000001,1.6407839768739387e-06,-6.276637083595356e-06,-8.582171296180016e-13,-8.582171296180016e-13,0.001207605490675373,1.367319980728281e-07
0.327,89.99997984198752,90.0,0.0007194684786897563,-0.000441649603948382,-9.179850533210618e-07,4.577526195902299e-08,12.00000000000001,1.6292148670811278e-06,-6.2332318435380754e-06,-8.462728324546442e-13,-8.462728324546442e-13,0.0011991141311495936,1.3576790559009387e-07
0.3272,89.99997998537522,90.0,0.0007144089610739135,-0.00043858932462459334,-9.116359564085803e-07,4.5449653988903136e-08,12.00000000000001,1.6177262003128181e-06,-6.1901206916632006e-06,-8.344933688335045e-13,-8.344933688335045e-13,0.0011906816017898559,1.3481051669273472e-07
0.3274,89.99998012775453,90.0,0.0007093845017922184,-0.0004355498360952637,-9.053298846505262e-07,4.512633591865204e-08,12.00000000000001,1.6063174277287067e-06,-6.1473016858986355e-06,-8.228764859637524e-13,-8.228764859637524e-13,0.001182307502987031,1.3385978564405878e-07
0.3276,89.99998026913241,90.0,0.0007043948626676136,-0.00043253100120173673,-8.990665553036609e-07,4.4805291858826604e-08,12.00000000000001,1.5949880037167328e-06,-6.104772906382884e-06,-8.114199625913019e-13,-8.114199625913019e-13,0.001173991437779356,1.3291566697639428e-07
0.32780000000000004,89.99998040951584,90.0,0.0006994398070943368,-0.0004295326832029422,-8.92845686350882e-07,4.448650606443322e-08,12.00000000000001,1.583737386601866e-06,-6.062532438185002e-06,-8.001216066533455e-13,-8.001216066533455e-13,0.0011657330118238947,1.319781155501554e-07
0.328,89.9999805489117,90.0,0.0006945191000331376,-0.00042655474647925763,-8.866669981475048e-07,4.416996287714798e-08,12.00000000000001,1.5725650381456765e-06,-6.020578382483058e-06,-7.889792561423747e-13,-7.889792561423747e-13,0.0011575318333885626,1.310470865121396e-07
0.3282,89.99998068732681,90.0,0.0006896325079983782,-0.00042359705615922837,-8.805302125506453e-07,4.385564675420654e-08,12.00000000000001,1.5614704237702104e-06,-5.978908850652531e-06,-7.779907780593217e-13,-7.779907780593217e-13,0.0011493875133306304,1.301225353141841e-07
0.3284,89.99998082476799,90.0,0.000684779799049535,-0.0004206594781077002,-8.744350528928278e-07,4.354354226840415e-08,12.00000000000001,1.5504530125433513e-06,-5.937521964087104e-06,-7.671540680217632e-13,-7.671540680217632e-13,0.0011412996650825584,1.2920441771194583e-07
0.3286,89.999980961242,90.0,0.000679960742782566,-0.0004177418796243096,-8.683812456163209e-07,4.3233634050315866e-08,12.000000000000009,1.539512276671763e-06,-5.896415865296007e-06,-7.564670510821128e-13,-7.564670510821128e-13,0.00113326790463761,1.2829268972264683e-07
0.32880000000000004,89.99998109675553,90.0,0.0006751751103138383,-0.0004148441279999563,-8.623685169009548e-07,4.29259069038561e-08,12.000000000000009,1.5286476924575819e-06,-5.855588695006484e-06,-7.459276788835299e-13,-7.459276788835299e-13,0.001125291850523064,1.2738730770479838e-07
0.329,89.99998123131527,90.0,0.0006704226742798616,-0.0004119660922927877,-8.563965968161365e-07,4.262034566182918e-08,12.000000000000009,1.517858739067483e-06,-5.815038620356483e-06,-7.355339323269167e-13,-7.355339323269167e-13,0.0011173711237997693,1.2648822825562347e-07
0.3292,89.99998136492782,90.0,0.0006657032088171858,-0.000409107641523775,-8.504652151055894e-07,4.2316935330378805e-08,12.000000000000009,1.507144899728531e-06,-5.774763806272521e-06,-7.252838181467119e-13,-7.252838181467119e-13,0.0011095053480286428,1.2559540831071083e-07
0.3294,89.99998149759975,90.0,0.0006610164895629737,-0.0004062686460985969,-8.445741045114039e-07,4.201566097342847e-08,12.000000000000007,1.4965056607447842e-06,-5.734762438040398e-06,-7.151753709628341e-13,-7.151753709628341e-13,0.001101694149271623,1.2470880506206527e-07
0.3296,89.99998162933758,90.0,0.0006563622936388664,-0.00040344897707456973,-8.38722999062803e-07,4.171650777046125e-08,12.000000000000007,1.4859405119616936e-06,-5.6950327096857e-06,-7.052066516890796e-13,-7.052066516890796e-13,0.0010939371560647773,1.2382837599680772e-07
0.32980000000000004,89.99998176014782,90.0,0.0006517403996436883,-0.00040064850615046104,-8.329116340534887e-07,4.141946101651982e-08,12.000000000000007,1.4754489467535376e-06,-5.655572823819986e-06,-6.953757471827603e-13,-6.953757471827603e-13,0.001086233999406147,1.2295407889612806e-07
0.33,89.99998189003686,90.0,0.0006471505876460969,-0.00039786710636677,-8.271397476799588e-07,4.112450606442663e-08,12.000000000000007,1.4650304615185718e-06,-5.616381002765153e-06,-6.856807710454305e-13,-6.856807710454305e-13,0.0010785843127434948,1.2208587179321425e-07
0.3302,89.99998201901114,90.0,0.0006425926391691366,-0.0003951046510183462,-8.214070785018382e-07,4.083162841145362e-08,12.000000000000007,1.454684556390706e-06,-5.5774554713087786e-06,-6.761198615058102e-13,-6.761198615058102e-13,0.001070987731948561,1.2122371303255875e-07
0.3304,89.999982147077,90.0,0.0006380663371873976,-0.0003923610147162364,-8.157133679247619e-07,4.054081361265253e-08,12.000000000000007,1.4444107344963273e-06,-5.538794473563199e-06,-6.666911828153011e-13,-6.666911828153011e-13,0.0010634438953123296,1.203675612080272e-07
0.3306,89.99998227424075,90.0,0.0006335714661118863,-0.00038963607230074645,-8.100583576616931e-07,4.025204736752457e-08,12.000000000000007,1.434208502666522e-06,-5.500396255727547e-06,-6.573929231666288e-13,-6.573929231666288e-13,0.0010559524435198105,1.195173752222101e-07
0.33080000000000004,89.99998240050863,90.0,0.0006291078117873737,-0.00038692969954828057,-8.04441791385825e-07,3.996531546224066e-08,12.000000000000007,1.4240773709403225e-06,-5.462259077311158e-06,-6.482232955176819e-13,-6.482232955176819e-13,0.0010485130196456229,1.186731142450268e-07
0.331,89.99998252588688,90.0,0.0006246751614818416,-0.0003842417735118778,-7.98863415528381e-07,3.968060374075149e-08,12.000000000000007,1.4140168523004285e-06,-5.424381216550736e-06,-6.391805377920531e-13,-6.391805377920531e-13,0.0010411252691364026,1.178347376917023e-07
0.3312,89.9999826503817,90.0,0.0006202733038716097,-0.0003815721717899024,-7.933229775712945e-07,3.939789816256735e-08,12.000000000000007,1.4040264631397827e-06,-5.386760958817432e-06,-6.302629113989917e-13,-6.302629113989917e-13,0.0010337888397860162,1.1700220526164848e-07
0.33140000000000003,89.99998277399918,90.0,0.0006159020290352839,-0.00037892077216232213,-7.878202251978489e-07,3.9117184831648e-08,12.000000000000007,1.3941057234972376e-06,-5.349396590849592e-06,-6.214687003800019e-13,-6.214687003800019e-13,0.0010265033817254733,1.1617547695810307e-07
0.3316,89.99998289674546,90.0,0.0006115611284515772,-0.00037628745436402383,-7.823549104387576e-07,3.883844985195321e-08,12.000000000000007,1.3842541558233305e-06,-5.312286428905145e-06,-6.127962138446518e-13,-6.127962138446518e-13,0.0010192685474192955,1.1535451298527748e-07
0.33180000000000004,89.99998301862657,90.0,0.0006072503949769105,-0.0003736720975666372,-7.769267837886282e-07,3.8561679529672034e-08,12.000000000000007,1.3744712866643639e-06,-5.275428778811674e-06,-6.042437817766243e-13,-6.042437817766243e-13,0.001012083991628184,1.1453927388869692e-07
0.332,89.99998313964853,90.0,0.0006029696228519397,-0.0003710745828745493,-7.715356000402143e-07,3.828686017099351e-08,12.000000000000007,1.364756644950985e-06,-5.238821975581703e-06,-5.958097585741976e-13,-5.958097585741976e-13,0.0010049493714198996,1.1372972041258201e-07
0.3322,89.99998325981731,90.0,0.0005987186076793622,-0.000368494791517558,-7.661811140626556e-07,3.8013978226556166e-08,12.000000000000007,1.3551097631904298e-06,-5.202464354746428e-06,-5.8749251998059e-13,-5.8749251998059e-13,0.0009978643461322702,1.1292581359920242e-07
0.33240000000000003,89.99998337913885,90.0,0.00059449714642243,-0.0003659326055593411,-7.608630824580036e-07,3.7743020233668215e-08,12.000000000000007,1.3455301769717756e-06,-5.1663542636037295e-06,-5.792904638838008e-13,-5.792904638838008e-13,0.0009908285773707166,1.1212751474764789e-07
0.3326,89.99998349761904,90.0,0.0005903050373955675,-0.0003633879078843535,-7.555812635320831e-07,3.747397281630757e-08,12.000000000000007,1.3360174249497765e-06,-5.130490061020318e-06,-5.712020100045652e-13,-5.712020100045652e-13,0.0009838417289926124,1.113347854124813e-07
0.33280000000000004,89.9999836152637,90.0,0.0005861420802548194,-0.00036086058218449214,-7.503354172648375e-07,3.7206822685121825e-08,12.000000000000007,1.3265710488284121e-06,-5.0948701172303795e-06,-5.632255995882363e-13,-5.632255995882363e-13,0.0009769034670913655,1.1054758740236761e-07
0.333,89.99998373207869,90.0,0.0005820080759886001,-0.0003583505129461788,-7.451253052816028e-07,3.694155663742825e-08,12.000000000000007,1.3171905933449537e-06,-5.059492813640514e-06,-5.553596951019729e-13,-5.553596951019729e-13,0.0009700134599810002,1.0976588277874608e-07
0.3332,89.99998384806973,90.0,0.0005779028269086142,-0.0003558575850824113,-7.399506899943457e-07,3.667816158610374e-08,12.000000000000007,1.3078756065004176e-06,-5.024356536998645e-06,-5.476027794251197e-13,-5.476027794251197e-13,0.0009631713781810238,1.0898963387503474e-07
0.33340000000000003,89.9999839632426,90.0,0.0005738261366450177,-0.00035338168463655,-7.348113362477773e-07,3.6416624501804943e-08,12.000000000000007,1.2986256390590425e-06,-4.989459690571328e-06,-5.399533566022934e-13,-5.399533566022934e-13,0.000956376894408363,1.0821880325492015e-07
0.3336,89.99998407760295,90.0,0.0005697778101334668,-0.00035092269805369193,-7.297070096180009e-07,3.6156932470748125e-08,12.000000000000007,1.2894402450181694e-06,-4.9548006825913655e-06,-5.324099505147333e-13,-5.324099505147333e-13,0.000949629683555778,1.0745335375151405e-07
0.33380000000000004,89.99998419115646,90.0,0.0005657576536104652,-0.00034848051288471806,-7.246374780592048e-07,3.589907263692931e-08,12.000000000000007,1.2803189811080399e-06,-4.920377937439045e-06,-5.249711056273694e-13,-5.249711056273694e-13,0.0009429294226841089,1.0669324842566992e-07
0.334,89.99998430390875,90.0,0.0005617654746006955,-0.00034605501705805967,-7.196025102031826e-07,3.564303225990413e-08,12.000000000000007,1.271261407262161e-06,-4.886189884095685e-06,-5.17635385683801e-13,-5.17635385683801e-13,0.0009362757910011593,1.0593845060518002e-07
0.3342,89.99998441586536,90.0,0.0005578010819127166,-0.0003436460992289642,-7.146018761765482e-07,3.538879868589793e-08,12.000000000000007,1.2622670863638013e-06,-4.852234961692612e-06,-5.104013739540251e-13,-5.104013739540251e-13,0.0009296684698545278,1.0518892386365004e-07
0.33440000000000003,89.99998452703187,90.0,0.0005538642856306367,-0.0003412536491231387,-7.096353484054435e-07,3.513635931891579e-08,12.000000000000007,1.2533355839855522e-06,-4.818511624975234e-06,-5.032676734524587e-13,-5.032676734524587e-13,0.0009231071427177279,1.0444463199879595e-07
0.3346,89.99998463741376,90.0,0.0005499548971019208,-0.00033887755680918417,-7.047026999165468e-07,3.488570167852243e-08,12.000000000000007,1.244466468860516e-06,-4.7850183327666766e-06,-4.962329056675813e-13,-4.962329056675813e-13,0.000916591495169868,1.0370553907170961e-07
0.33480000000000004,89.99998474701648,90.0,0.0005460727289332914,-0.00033651771304814233,-6.998037051549092e-07,3.463681337095223e-08,12.000000000000007,1.235659312629151e-06,-4.751753553520989e-06,-4.892957108105722e-13,-4.892957108105722e-13,0.000910121214888819,1.0297160938576252e-07
0.335,89.99998485584548,90.0,0.0005422175949828923,-0.0003341740096378256,-6.949381407901933e-07,3.438968206021936e-08,12.000000000000007,1.2269136895796762e-06,-4.71871577079761e-06,-4.824547480355915e-13,-4.824547480355915e-13,0.0009036959916381538,1.0224280746497295e-07
0.3352,89.99998496390614,90.0,0.00053838931034858,-0.0003318463386859272,-6.901057840191804e-07,3.4144295525897607e-08,12.000000000000007,1.2182291771200963e-06,-4.685903471735176e-06,-4.757086942030119e-13,-4.757086942030119e-13,0.0008973155172476334,1.0151909809334129e-07
0.33540000000000003,89.99998507120381,90.0,0.0005345876913639586,-0.00032953459331502594,-6.853064142145938e-07,3.3900641605340535e-08,12.000000000000007,1.2096053552791792e-06,-4.653315158247242e-06,-4.690562446014701e-13,-4.690562446014701e-13,0.0008909794856065975,1.0080044627326487e-07
0.3356,89.9999851777438,90.0,0.0005308125555871903,-0.0003272386672916929,-6.805398120597882e-07,3.365870822257137e-08,12.000000000000005,1.2010418069332796e-06,-4.620949341146711e-06,-4.624961122031659e-13,-4.624961122031659e-13,0.0008846875926453173,1.0008681724443992e-07
0.33580000000000004,89.99998528353139,90.0,0.000527063721793373,-0.00032495845466057587,-6.75805758694511e-07,3.341848341717296e-08,12.000000000000005,1.192538118039301e-06,-4.588804534345446e-06,-4.560270269532105e-13,-4.560270269532105e-13,0.0008784395363222883,9.937817650327505e-08
0.336,89.99998538857183,90.0,0.0005233410099714274,-0.0003226938508058679,-6.71104038196944e-07,3.3179955257618035e-08,12.000000000000005,1.184093876891053e-06,-4.5568792717076454e-06,-4.496477369467318e-13,-4.496477369467318e-13,0.0008722350166190458,9.867448974092104e-08
0.3362,89.99998549287032,90.0,0.0005196442413087726,-0.0003204447513640961,-6.664344350444138e-07,3.294311192793892e-08,12.000000000000005,1.1757086748311364e-06,-4.525172089807749e-06,-4.433570067575592e-13,-4.433570067575592e-13,0.0008660737355146212,9.797572290259466e-08
0.33640000000000003,89.99998559643203,90.0,0.00051597323818824,-0.0003182110525750836,-6.617967349343773e-07,3.270794169883762e-08,12.000000000000005,1.167382105999534e-06,-4.493681533505031e-06,-4.371536176895264e-13,-4.371536176895264e-13,0.0008599553969804,9.72818421666278e-08
0.3366,89.9999856992621,90.0,0.0005123278241815271,-0.00031599265162808154,-6.571907255946645e-07,3.247443289879594e-08,12.000000000000005,1.1591137670762396e-06,-4.4624061614452535e-06,-4.31036368001419e-13,-4.31036368001419e-13,0.0008538797069692118,9.659281392301992e-08
0.33680000000000004,89.99998580136563,90.0,0.0005087078240380016,-0.0003137894462908642,-6.526161959181458e-07,3.2242573942965364e-08,12.000000000000005,1.150903257508069e-06,-4.431344540184942e-06,-4.2500407220328694e-13,-4.2500407220328694e-13,0.0008478463733966695,9.590860479233903e-08
0.337,89.99998590274768,90.0,0.0005051130636782192,-0.00031160133490067924,-6.480729359426045e-07,3.2012353333167075e-08,12.000000000000004,1.142750179497492e-06,-4.400495244054722e-06,-4.1905556083511605e-13,-4.1905556083511605e-13,0.0008418551061303654,9.522918162479098e-08
0.3372,89.99998600341328,90.0,0.0005015433701873745,-0.00030942821671037354,-6.435607376609684e-07,3.178375962900205e-08,12.000000000000004,1.1346541377452589e-06,-4.3698568606608975e-06,-4.1318968069194944e-13,-4.1318968069194944e-13,0.0008359056169789575,9.455451147877154e-08
0.33740000000000003,89.99998610336745,90.0,0.0004979985718047608,-0.00030726999116313517,-6.390793933274477e-07,3.155678150563085e-08,12.000000000000004,1.1266147399244341e-06,-4.339427979383905e-06,-4.074052937012008e-13,-4.074052937012008e-13,0.0008299976196746014,9.388456166036948e-08
0.3376,89.99998620261512,90.0,0.000494478497921688,-0.0003051265586001273,-6.346286971122039e-07,3.1331407695993816e-08,12.000000000000004,1.1186315961846191e-06,-4.30920720261373e-06,-4.0170127761250443e-13,-4.0170127761250443e-13,0.0008241308298694801,9.321929968205157e-08
0.3378,89.99998630116123,90.0,0.0004909829790711926,-0.00030299782024612184,-6.302084450694007e-07,3.11076269908111e-08,12.000000000000004,1.11070431913423e-06,-4.279193145532969e-06,-3.960765257627549e-13,-3.960765257627549e-13,0.0008183049651186543,9.255869326118581e-08
0.338,89.99998639901068,90.0,0.00048751184691771856,-0.00030088367748454806,-6.258184334440246e-07,3.088542829636244e-08,12.000000000000004,1.1028325243149102e-06,-4.24938442461992e-06,-3.9052994598233734e-13,-3.9052994598233734e-13,0.0008125197448628643,9.190271035957583e-08
0.3382,89.99998649616833,90.0,0.0004840649342555439,-0.0002987840329211096,-6.214584611587046e-07,3.0664800547817466e-08,12.000000000000004,1.095015829460537e-06,-4.219779674534415e-06,-3.850604617042513e-13,-3.850604617042513e-13,0.0008067748904259065,9.125131912171139e-08
0.33840000000000003,89.99998659263899,90.0,0.00048064207499467793,-0.0002966987889430082,-6.171283264476486e-07,3.0445732824795276e-08,12.000000000000004,1.087253855457308e-06,-4.190377525261812e-06,-3.796670100135464e-13,-3.796670100135464e-13,0.0008010701249911299,9.060448795477563e-08
0.3386,89.99998668842748,90.0,0.00047724310416343853,-0.00029462784949889885,-6.128278310174887e-07,3.022821420691499e-08,12.000000000000004,1.0795462251177082e-06,-4.161176630365665e-06,-3.743485436132731e-13,-3.743485436132731e-13,0.0007954051736057308,8.996218542647565e-08
0.3388,89.99998678353855,90.0,0.0004738678578902922,-0.0002925711186524485,-6.085567766686194e-07,3.001223388935531e-08,12.000000000000004,1.0718925641336067e-06,-4.132175644046182e-06,-3.691040288789249e-13,-3.691040288789249e-13,0.000789779763150487,8.93243803444672e-08
0.339,89.99998687797692,90.0,0.00047051617340292736,-0.0002905285012915843,-6.043149669534558e-07,2.9797781125074714e-08,12.000000000000004,1.064292500582472e-06,-4.1033732324000095e-06,-3.639324465278488e-13,-3.639324465278488e-13,0.0007841936223382123,8.869104171520597e-08
0.3392,89.99998697174729,90.0,0.0004671878890185169,-0.00028849990240435556,-6.001022054850623e-07,2.9584845282591284e-08,12.000000000000004,1.0567456654027878e-06,-4.074768061935609e-06,-3.5883279058101437e-13,-3.5883279058101437e-13,0.0007786464816975281,8.806213878356562e-08
0.33940000000000003,89.99998706485435,90.0,0.000463882844142742,-0.0002864852284986559,-5.959182992563964e-07,2.9373415730423104e-08,12.000000000000004,1.0492516914079944e-06,-4.046358822111335e-06,-3.5380406984533137e-13,-3.5380406984533137e-13,0.0007731380735712367,8.743764095066618e-08
0.3396,89.99998715730268,90.0,0.0004606008792523538,-0.00028448438580151763,-5.917630544333168e-07,2.916348198153772e-08,12.000000000000004,1.041810214486922e-06,-4.018144196769436e-06,-3.488453056229788e-13,-3.488453056229788e-13,0.0007676681320872564,8.681751787391015e-08
0.3398,89.99998724909693,90.0,0.00045734183589824445,-0.0002824972816844857,-5.876362796863947e-07,2.8955033577792597e-08,12.000000000000004,1.034420872624705e-06,-3.990122886759471e-06,-3.4395553320012815e-13,-3.4395553320012815e-13,0.0007622363931637406,8.620173938539205e-08
0.34,89.99998734024165,90.0,0.00045410555669245586,-0.00028052382393493544,-5.835377844894381e-07,2.8748060147714876e-08,12.000000000000004,1.027083306372591e-06,-3.962293598385075e-06,-3.3913380082069106e-13,-3.3913380082069106e-13,0.0007568425944874264,8.559027553104923e-08
0.3402,89.99998743074136,90.0,0.00045089188530348853,-0.00027856392110479396,-5.794673799354934e-07,2.8542551377611502e-08,12.000000000000004,1.0197971585937682e-06,-3.934655048944709e-06,-3.3437916991336976e-13,-3.3437916991336976e-13,0.0007514864755058142,8.498309654948065e-08
0.34040000000000004,89.9999875206006,90.0,0.00044770066644737053,-0.0002766174821427984,-5.754248778785449e-07,2.8338497040459093e-08,12.000000000000004,1.0125620746940737e-06,-3.9072059609037e-06,-3.296907145024751e-13,-3.296907145024751e-13,0.0007461677774122842,8.438017289117278e-08
0.3406,89.9999876098238,90.0,0.000444531745883306,-0.0002746844163884209,-5.714100909200045e-07,2.8135886995903972e-08,12.000000000000004,1.0053777026145003e-06,-3.879945061802501e-06,-3.250675210421227e-13,-3.250675210421227e-13,0.0007408862431388433,8.3781475217875e-08
0.3408,89.99998769841544,90.0,0.00044138497040895427,-0.0002727646342758187,-5.674228340551898e-07,2.7934711132482354e-08,12.000000000000004,9.982436923308743e-07,-3.852871095436474e-06,-3.205086890319504e-13,-3.205086890319504e-13,0.000735641617348257,8.318697436090617e-08
0.341,89.99998778637993,90.0,0.0004382601878481312,-0.00027085804660612,-5.634629229739976e-07,2.7734959425400136e-08,12.000000000000004,9.91159696324861e-07,-3.8259828103172685e-06,-3.1601333003485006e-13,-3.1601333003485006e-13,0.000730433646413552,8.259664136040504e-08
0.3412,89.99998787372165,90.0,0.0004351572470465313,-0.0002689645648967221,-5.595301748781909e-07,2.7536621907643027e-08,12.000000000000004,9.841253693305004e-07,-3.7992789652222848e-06,-3.1158056790324846e-13,-3.1158056790324846e-13,0.0007252620784108856,8.201044744420835e-08
0.34140000000000004,89.99998796044494,90.0,0.00043207599786342316,-0.0002670841006591528,-5.556244067944741e-07,2.7339688727756297e-08,12.000000000000004,9.771403688120933e-07,-3.7727583177402564e-06,-3.0720953783630046e-13,-3.0720953783630046e-13,0.0007201266631057053,8.142836406767442e-08
0.3416,89.99998804655415,90.0,0.00042901629117176536,-0.00026521656682031863,-5.517454388971287e-07,2.7144150034285236e-08,12.000000000000004,9.70204353980021e-07,-3.746419646832356e-06,-3.0289938776608695e-13,-3.0289938776608695e-13,0.0007150271519529422,8.08503628316684e-08
0.3418,89.99998813205356,90.0,0.0004259779788420872,-0.000263361876278912,-5.478930911356865e-07,2.6949996091334714e-08,12.000000000000004,9.633169867473596e-07,-3.7202617299336744e-06,-2.986492766326021e-13,-2.986492766326021e-13,0.0007099632980701454,8.027641556227995e-08
0.342,89.99998821694741,90.0,0.0004229609137427144,-0.0002615199426162689,-5.440671848967673e-07,2.675721722078939e-08,12.000000000000004,9.564779312380778e-07,-3.6942833542373093e-06,-2.944583750056806e-13,-2.944583750056806e-13,0.0007049348562378574,7.970649426983979e-08
0.3422,89.99998830123998,90.0,0.0004199649497319959,-0.00025969068008551614,-5.402675429799441e-07,2.6565803802313718e-08,12.000000000000004,9.496868537736505e-07,-3.668483316530485e-06,-2.903258649164135e-13,-2.903258649164135e-13,0.0006999415828866599,7.914057114780419e-08
0.34240000000000004,89.99998838493543,90.0,0.00041698994165046045,-0.00025787400324534806,-5.364939887428184e-07,2.6375746302241846e-08,12.000000000000004,9.429434231056398e-07,-3.6428604173895083e-06,-2.862509393224418e-13,-2.862509393224418e-13,0.0006949832360841007,7.857861859213663e-08
0.3426,89.99998846803797,90.0,0.00041403574531755956,-0.0002560698276660216,-5.327463477520459e-07,2.618703521579781e-08,12.000000000000004,9.362473099178975e-07,-3.6174134723904356e-06,-2.8223280269885876e-13,-2.8223280269885876e-13,0.0006900595755292659,7.802060915982477e-08
0.3428,89.99998855055173,90.0,0.0004111022175199795,-0.00025427806920249414,-5.290244460859051e-07,2.5999661124875347e-08,12.000000000000004,9.295981872986215e-07,-3.592141300583307e-06,-2.782706701285628e-13,-2.782706701285628e-13,0.0006851703625332992,7.746651560821844e-08
0.343,89.99998863248086,90.0,0.00040818921600830607,-0.0002524986443450377,-5.253281111545112e-07,2.5813614669147976e-08,12.000000000000004,9.229957304885158e-07,-3.5670427300614964e-06,-2.74363767526405e-13,-2.74363767526405e-13,0.0006803153600138435,7.691631087404296e-08
0.3432,89.99998871382941,90.0,0.00040529659948984284,-0.0002507314698539406,-5.216571708469477e-07,2.5628886574958914e-08,12.000000000000004,9.164396171145149e-07,-3.542116592170633e-06,-2.7051133112531866e-13,-2.7051133112531866e-13,0.0006754943324830714,7.636996809287621e-08
0.34340000000000004,89.99998879460146,90.0,0.0004024242276253708,-0.0002489764634655253,-5.180114551823421e-07,2.544546759754127e-08,12.000000000000004,9.099295266920127e-07,-3.517361732719607e-06,-2.667126080548457e-13,-2.667126080548457e-13,0.0006707070460422846,7.582746055766771e-08
0.3436,89.99998887480106,90.0,0.0003995719610182583,-0.00024723354316640034,-5.143907946149131e-07,2.526334857879784e-08,12.000000000000004,9.034651410982942e-07,-3.4927770004716324e-06,-2.6296685546299827e-13,-2.6296685546299827e-13,0.0006659532683637638,7.528876175819117e-08
0.3438,89.9999889544322,90.0,0.000396739661211227,-0.0002455026275442161,-5.107950208544988e-07,2.5082520418411224e-08,12.000000000000004,8.970461443208696e-07,-3.468361252715733e-06,-2.5927334073837905e-13,-2.5927334073837905e-13,0.0006612327686853784,7.475384536007244e-08
0.34400000000000003,89.99998903349885,90.0,0.00039392719067973375,-0.0002437836354231529,-5.072239660154369e-07,2.4902974102733698e-08,12.000000000000004,8.906722226921692e-07,-3.4441133494875346e-06,-2.5563134101598613e-13,-2.5563134101598613e-13,0.0006565453177995563,7.422268522434741e-08
0.3442,89.999989112005,90.0,0.0003911344128291874,-0.00024207648692584917,-5.036774650996307e-07,2.4724700618117547e-08,12.000000000000004,8.843430641464667e-07,-3.4200321704295917e-06,-2.520401440897663e-13,-2.520401440897663e-13,0.0006518906880486457,7.369525534553887e-08
0.34440000000000004,89.99998918995452,90.0,0.00038836119197999775,-0.00024038110167616856,-5.001553517972789e-07,2.4547691095364534e-08,12.000000000000004,8.780583594245969e-07,-3.3961165862778202e-06,-2.484990465134804e-13,-2.484990465134804e-13,0.0006472686532999962,7.317152995204972e-08
0.3446,89.99998926735137,90.0,0.0003856073933734373,-0.00023869740093901315,-4.966574634884919e-07,2.437193663638653e-08,12.000000000000004,8.718178006074872e-07,-3.3723654928230935e-06,-2.4500735556646777e-13,-2.4500735556646777e-13,0.0006426789889557289,7.265148338395724e-08
0.3448,89.99998934419936,90.0,0.00038287288315264274,-0.00023702530546216823,-4.931836362008856e-07,2.4197428487544884e-08,12.000000000000004,8.656210825599987e-07,-3.348777776672681e-06,-2.415643870246892e-13,-2.415643870246892e-13,0.0006381214719210712,7.21350902133332e-08
0.34500000000000003,89.99998942050239,90.0,0.00038015752836876015,-0.00023536473726123931,-4.897337087815079e-07,2.402415789520095e-08,12.000000000000004,8.594679017110395e-07,-3.3253523435781406e-06,-2.3816946676541593e-13,-2.3816946676541593e-13,0.0006335958806146003,7.162232514258661e-08
0.3452,89.99998949626423,90.0,0.00037746119696632075,-0.000233715618178147,-4.863075195291519e-07,2.3852116221275662e-08,12.000000000000004,8.53357957012751e-07,-3.302088095568316e-06,-2.3482192925919195e-13,-2.3482192925919195e-13,0.0006291019949438679,7.111316308439589e-08
0.34540000000000004,89.9999895714887,90.0,0.0003747837577851331,-0.00023207787130485554,-4.829049095225103e-07,2.3681294827689954e-08,12.000000000000004,8.47290948959391e-07,-3.2789839535479096e-06,-2.315211188020186e-13,-2.315211188020186e-13,0.0006246395963085551,7.060757907994923e-08
0.3456,89.99998964617956,90.0,0.00037212508054608245,-0.00023045141989772998,-4.795257200843719e-07,2.351168516303446e-08,12.000000000000004,8.412665803011559e-07,-3.2560388400790694e-06,-2.2826638836008834e-13,-2.2826638836008834e-13,0.0006202084675768041,7.010554835842964e-08
0.3458,89.99998972034055,90.0,0.00036948503584929626,-0.000228836187730246,-4.761697936064946e-07,2.3343278733679595e-08,12.000000000000004,8.352845557949257e-07,-3.233251684982371e-06,-2.2505709978864119e-13,-2.2505709978864119e-13,0.0006158083930821605,6.960704631624378e-08
0.34600000000000003,89.99998979397539,90.0,0.00036686349516809667,-0.00022723209872927536,-4.7283697270026005e-07,2.3176067132665473e-08,12.000000000000004,8.293445824399421e-07,-3.2106214195696675e-06,-2.2189262338214494e-13,-2.2189262338214494e-13,0.0006114391586134945,6.911204853666182e-08
0.3462,89.99998986708775,90.0,0.0003642603308472432,-0.00022563907803844577,-4.695271026829223e-07,2.3010041953032198e-08,12.000000000000004,8.234463687364982e-07,-3.188146993526016e-06,-2.187723387347651e-13,-2.187723387347651e-13,0.0006071005514120719,6.86205307280415e-08
0.34640000000000004,89.9999899396813,90.0,0.00036167541608913775,-0.0002240570505777943,-4.6624002821249883e-07,2.2845194903379468e-08,12.000000000000004,8.175896256465553e-07,-3.165827352060178e-06,-2.1569563330270878e-13,-2.1569563330270878e-13,0.0006027923601485629,6.813246880387958e-08
0.3466,89.99999001175968,90.0,0.00035910862495619115,-0.00022248594211288545,-4.6297559578682456e-07,2.2681517721196875e-08,12.000000000000004,8.117740658595334e-07,-3.1436614528735006e-06,-2.1266190327375073e-13,-2.1266190327375073e-13,0.0005985143749269854,6.764783882162776e-08
0.3468,89.9999900833265,90.0,0.00035655983236130634,-0.00022092567888625186,-4.5973365288343293e-07,2.2519002201753804e-08,12.000000000000004,8.059994040220155e-07,-3.1216482603196068e-06,-2.0967055311533033e-13,-2.0967055311533033e-13,0.0005942663872688438,6.71666170018346e-08
0.34700000000000003,89.99999015438534,90.0,0.00035402891406224196,-0.00021937618760952513,-4.5651404794205577e-07,2.2357640198099432e-08,12.000000000000004,8.002653567280379e-07,-3.0997867452855645e-06,-2.0672099545806626e-13,-2.0672099545806626e-13,0.0005900481901037366,6.668877972733647e-08
0.3472,89.9999902249398,90.0,0.00035151574665648235,-0.000217837395811543,-4.5331663117926043e-07,2.2197423592172836e-08,12.000000000000004,7.945716422641589e-07,-3.078075890723374e-06,-2.038126512921487e-13,-2.038126512921487e-13,0.0005858595777608039,6.621430352201322e-08
0.34740000000000004,89.99999029499337,90.0,0.0003490202075716539,-0.00021630923075915522,-4.501412520669879e-07,2.203834438147268e-08,12.000000000000004,7.889179813312356e-07,-3.0565146745289305e-06,-2.0094494891155515e-13,-2.0094494891155515e-13,0.0005817003459527566,6.574316511093629e-08
0.3476,89.99999036454957,90.0,0.0003465421750685513,-0.00021479162052726245,-4.4698776183365474e-07,2.1880394592387508e-08,12.000000000000004,7.833040963113511e-07,-3.0351020865248166e-06,-1.981173247581681e-13,-1.981173247581681e-13,0.0005775702917809189,6.527534135927924e-08
0.3478,89.99999043361193,90.0,0.00034408152823207466,-0.00021328449398616203,-4.438560134360124e-07,2.172356628019579e-08,12.000000000000004,7.777297112522062e-07,-3.0138371282692204e-06,-1.9532922329416652e-13,-1.9532922329416652e-13,0.0005734692137201245,6.481080927101716e-08
0.34800000000000003,89.99999050218388,90.0,0.00034163814696184716,-0.00021178778007790547,-4.40745859868877e-07,2.1567851586845662e-08,12.000000000000004,7.721945523431451e-07,-2.992718801578795e-06,-1.9258009627283756e-13,-1.9258009627283756e-13,0.0005693969116030786,6.434954602859541e-08
0.3482,89.99999057026886,90.0,0.00033921191197156377,-0.00021030140852593138,-4.3765715582424466e-07,2.141324268317516e-08,12.000000000000004,7.666983474218464e-07,-2.9717461197942543e-06,-1.8986940325029485e-13,-1.8986940325029485e-13,0.000565353186619273,6.389152895182051e-08
0.34840000000000004,89.9999906378703,90.0,0.00033680270478001417,-0.00020882530911198858,-4.345897560022789e-07,2.1259731826692024e-08,12.000000000000004,7.612408264510471e-07,-2.950918096311771e-06,-1.871966108688102e-13,-1.871966108688102e-13,0.0005613378413000235,6.343673553758724e-08
0.3486,89.9999907049916,90.0,0.0003344104077104387,-0.00020735941238577977,-4.315435167704497e-07,2.1107311303793874e-08,12.000000000000004,7.558217210252465e-07,-2.930233755848733e-06,-1.8456119336265504e-13,-1.8456119336265504e-13,0.0005573506795173978,6.298514341877053e-08
0.3488,89.9999907716361,90.0,0.0003320349038816319,-0.00020590364894199623,-4.2851829447476947e-07,2.0955973487548022e-08,12.000000000000004,7.504407648475689e-07,-2.90969212297683e-06,-1.8196263185313987e-13,-1.8196263185313987e-13,0.0005533915064693865,6.253673040396405e-08
0.34900000000000003,89.99999083780718,90.0,0.0003296760772074755,-0.00020445795048548102,-4.2551394793005253e-07,2.080571075102179e-08,12.000000000000004,7.450976929906773e-07,-2.889292239031221e-06,-1.794004151398359e-13,-1.794004151398359e-13,0.0005494601286791259,6.209147441588976e-08
0.3492,89.99999090350815,90.0,0.0003273338123842678,-0.00020302224910299352,-4.2253033671943136e-07,2.0656515525062286e-08,12.000000000000004,7.39792242367136e-07,-2.8690331505640407e-06,-1.768740389901183e-13,-1.768740389901183e-13,0.0005455563539737798,6.164935353059464e-08
0.34940000000000004,89.9999909687423,90.0,0.00032500799488632294,-0.00020159647654652304,-4.1956731951955615e-07,2.0508380356076203e-08,12.000000000000004,7.345241522140203e-07,-2.8489138979722954e-06,-1.743830054699033e-13,-1.743830054699033e-13,0.0005416799914772049,6.121034601783501e-08
0.3496,89.99999103351294,90.0,0.0003226985109698069,-0.0002001805660150013,-4.166247582653497e-07,2.0361297761580338e-08,12.000000000000002,7.292931628690512e-07,-2.8289335437770663e-06,-1.7192682430729414e-13,-1.7192682430729414e-13,0.0005378308516163448,6.077443023908759e-08
0.3498,89.9999910978233,90.0,0.00032040524765606065,-0.00019877445035466017,-4.137025139453796e-07,2.021526037465108e-08,12.000000000000002,7.240990169723415e-07,-2.8090911440735656e-06,-1.6950501133411488e-13,-1.6950501133411488e-13,0.0005340087460934343,6.034158474769512e-08
