time_s,angle_deg,reference_deg,velocity_deg_s,acceleration_rad_s2,output_em_torque_nm,gravity_load_nm,bus_v,terminal_v,stator_a,supply_a,battery_a,motor_rpm,duty
0.0,0.0,0.0,0.0,0.0,0.1301085272529697,0.1301085272529697,11.999930494071247,0.05507239248802952,1.2620756611840096,0.0057921607293188425,0.0057921607293188425,0.0,0.00458939262316885
0.0002,0.0,4.583750904960974e-05,0.0,120.29195151798409,0.4015504175782115,0.1301085272529697,11.999337917758385,0.16996843072093612,3.895109870688119,0.05517352013453137,0.05517352013453137,0.0,0.014164817416250261
0.0004,0.00013783920505895913,0.00036465511052974646,1.3783659634878942,237.8821959291966,0.6669266584330186,0.1301085272525932,11.998156956725463,0.284846650813378,6.469306210549563,0.15358693954476782,0.15358693954476782,1.6080936240692099,0.023740867188248416
0.0006000000000000001,0.0006860949967655656,0.0012238298480250925,4.104140365287155,352.79124159461213,0.9262828351989779,0.13010852724364147,11.996407855276562,0.3996690840314732,8.985106867009486,0.2993453936198966,0.2993453936198966,4.788163759501681,0.03331572991290728
0.0008,0.0019111767516387294,0.0028846679568617626,8.146600675460578,465.03959100580215,1.179664525230726,0.13010852718058744,11.994110875017721,0.5143981929295582,11.442953948446197,0.49076041518985714,0.49076041518985714,9.504367454704006,0.04288756359598003
0.001,0.004073372833458302,0.005602450633637903,13.475259292187847,574.647740844509,1.4271172979324669,0.13010852692416439,11.991286286825535,0.6289968712584162,13.843289486117405,0.7261427645388566,0.7261427645388566,15.721135840885822,0.052454495390496694
0.0012000000000000001,0.007426897572243909,0.009626479805754271,20.059863475390284,681.6361820415491,1.6686867148079438,0.13010852615990626,11.987954362833815,0.7434284438636501,16.18655543464496,1.0038030971821466,1.0038030971821466,23.403174054622,0.062014620790390815
0.0014,0.012219938230030189,0.015200123900944834,27.8703952810895,786.0253998350594,1.904418329486071,0.1301085242938092,11.984135368416108,0.857656666575112,18.473193672263477,1.3220526319909163,1.3220526319909163,32.515461161271084,0.07156600290375932
0.0016,0.018694701953584112,0.02256086361680737,36.87707149648715,887.8358738281036,2.134357687724343,0.1301085203272073,11.97984955414314,0.9716457260882576,20.703646000853418,1.6792038214049436,1.6792038214049436,43.023250079235005,0.08110667180726167
0.0018000000000000002,0.027087462714207512,0.031940337690334046,47.05034357575321,987.0880780456471,2.3585503273920723,0.13010851271287802,11.975117147695666,1.0853602398382753,22.87835414577848,2.073571025361145,2.073571025361145,54.89206750504542,0.09063462398337604
0.002,0.03762860823476551,0.04356438866744201,58.360897576510716,1083.8024809909186,2.5770417784354267,0.13010849919431816,11.969958345714502,1.1987652558677995,24.99775975554647,2.503471190458074,2.503471190458074,68.0877138392625,0.10014782184241959
0.0022,0.05054268690407906,0.05765310867250399,70.779654097005,1177.9995457011678,2.789877562826156,0.13010847663005767,11.96439330557075,1.311826252688984,27.062304401311923,2.9672245357708147,2.9672245357708147,82.57626311317249,0.1096441933314064
0.0024000000000000002,0.06604845467881752,0.07442088517787887,84.27776821394602,1269.6997298028302,2.9971031944958284,0.13010844080480566,11.958442137040478,1.4245091391406892,29.072429576238196,3.463155246626854,3.463155246626854,98.32406291627036,0.11912163163196375
0.0026000000000000003,0.084358921973025,0.09407644677344233,98.8266294210127,1358.9234855661198,3.198764179257348,0.13010838622915297,11.952124893869392,1.536780254241511,31.02857669473618,3.989592177550581,3.989592177550581,115.2977343245148,0.12857799494964886
0.0028,0.10568140053541167,0.11682290893611733,114.39786156800811,1445.6912599590448,3.3949060147153967,0.130108305929486,11.945461565214226,1.6486063670393207,32.93118709159556,4.544869565481198,4.544869565481198,133.4641718293428,0.13801110639710598
0.003,0.13021755031453972,0.1428578197994049,130.96332280065528,1530.0234947008748,3.5855741901674496,0.13010819122969833,11.938472066948808,1.7599546764580065,34.780702021024645,5.127327754265895,5.127327754265895,152.79054326743116,0.14741875397358192
0.0032,0.15816342631203067,0.1723732059229145,148.49510550102323,1611.9406263150602,3.7708141864968874,0.13010803152622055,11.93117623282409,1.8707928111420307,36.57756265561355,5.735313931325779,5.735313931325779,173.24428975119378,0.1567986906433631
0.0034000000000000002,0.18970952542391967,0.20555561806189482,166.9655362285731,1691.4630861816142,3.9506714760596777,0.13010781405782335,11.923593805472562,1.9810888292994127,38.32221008523497,6.367182877286501,6.367182877286501,194.79312560000196,0.16614863451572412
0.0036000000000000003,0.22504083327027966,0.24258617693676396,186.34717566181496,1768.6113005889738,4.125191522566071,0.13010752367158593,11.915744427248903,2.0908112185437338,40.01508531589664,7.021297729257995,7.021297729257995,217.40503827211745,0.17546626912897448
0.0038,0.26433687101323683,0.2836406190026407,206.6128185405659,1843.4056907853426,4.294419780958627,0.13010714258635894,11.90764763089995,2.199928895735697,41.65662926855811,7.696030758337473,7.696030758337473,241.04828829732688,0.18474924384115587
0.004,0.30777174216349673,0.3288893422188749,227.7354936087997,1915.8666730295301,4.4584016972878775,0.1301066501549912,11.89932283005843,2.3084112068247866,43.247282777924745,8.38976416179742,8.38976416179742,265.69140921026633,0.19399517432988675
0.004200000000000001,0.35551417937549884,0.37849745181857725,249.68846355807992,1986.014658641292,4.617182708586867,0.13010602262653004,11.890789309556348,2.4162279266915223,44.78748659123064,9.100890870304319,9.100890870304319,291.3032074844266,0.20320164320375744
0.0044,0.4077275912313149,0.4326248060781508,272.4452249715675,2053.8700540511836,4.770808242745713,0.13010523290954723,11.882066215555259,2.523349258990797,46.27768136702191,9.827815370395154,9.827815370395154,317.8527624668287,0.2123662007275625
0.0046,0.46457010901340606,0.49142606208682155,295.9795082685941,2119.4532608499367,4.919323718387337,0.1301042503376872,11.873172545492205,2.6297458359967436,47.718307673951244,10.568954542316277,10.568954542316277,345.3094263133597,0.22148636566350235
0.0048000000000000004,0.52619463346635,0.5550507215161687,320.2652776497935,2182.7846758373635,5.062774544745404,0.130103040438478,11.864127137841557,2.7353887184495815,49.109805989593866,11.322738513203612,11.322738513203612,373.6428239247591,0.23055962623030618
0.005,0.5927488815476508,0.6236431763896549,345.2767310427834,2243.8846910707925,5.201206121545467,0.1301015647063942,11.854948661694554,2.840249395404826,50.45261669929466,12.087611525453875,12.087611525453875,402.8228528832473,0.23958344118200836
0.005200000000000001,0.6643754331677392,0.6973427548521582,370.9883000483885,2302.773693913059,5.334663838890304,0.13009978038110706,11.845655606159951,2.9442997840852807,51.74718009505586,12.86203282000412,12.86203282000412,432.8196833897866,0.24855524100786727
0.0054,0.7412117779192706,0.7762837669395002,397.37464988739947,2359.472067080038,5.463193077150313,0.13009764023180925,11.836266269590787,3.0475122297361636,52.99393637447395,13.644477534101046,13.644477534101046,463.60375820196606,0.2574724292546288
0.0056,0.8233903617958303,0.8605955503479791,424.4106793478586,2414.000188687747,5.586839206859859,0.13009509234845046,11.826798748643968,3.1498595054837186,54.19332563973409,14.433437613002685,14.433437613002685,495.14579257250165,0.26633238397202574
0.0058000000000000005,0.9110386339001463,0.9504025162039001,452.07152073286636,2466.3784322990036,5.705647588620324,0.13009207994067418,11.817270927181035,3.2513148121976365,55.34578789666981,15.227422734913704,15.227422734913704,527.416774188344,0.275132459282054
0.006,1.0042790931419172,1.045824194833103,480.3325398089011,2516.627166969662,5.819663573010672,0.13008854114519974,11.807700465020261,3.3518517783576023,56.45176305389541,16.024961248311666,16.024961248311666,560.3879631103846,0.28386998707219074
0.006200000000000001,1.103229334925355,1.1469752815304977,509.1693357546463,2564.766757294434,5.928932500506222,0.13008440884234826,11.798104786551887,3.451444459924253,57.51169092201803,16.824601120676114,16.824601120676114,594.0308917137539,0.29254227881230505
0.0064,1.2080020978265433,1.25396568232959,538.5577411103172,2610.8175634522804,6.033499701406272,0.1300796104823687,11.788501069230179,3.550067340214812,58.52601121293562,17.624910897485005,17.624910897485005,628.3173646287033,0.30114662749457094
0.0066,1.3187053102607118,1.3669005597720147,568.4738217274826,2654.7999412514137,6.133410495771263,0.13007406792217804,11.778906231957647,3.647695329783672,59.49516353922742,18.42448067019607,18.42448067019607,663.2194586820631,0.30968030969522603
0.0068000000000000005,1.4354421371395265,1.485880378677068,598.8938767193733,2696.734242173887,6.2287101933700155,0.1300676972730882,11.769336923378612,3.744303766308145,60.419587413642134,19.221923051782344,19.221923051782344,698.7095228392689,0.31814058775651666
0.007,1.5583110265184867,1.6110009519112314,629.7944384116737,2736.6408134197786,6.319444093637575,0.13006040876005415,11.759809510101064,3.839868414479591,61.299722248689,20.015874158244753,20.015874158244753,734.7601781469527,0.32652471208664935
0.007200000000000001,1.6874057562345344,1.7423534861577108,661.1522722937887,2774.5399979510094,6.405657485644267,0.13005210659293773,11.750340064867439,3.934365465900182,62.13600735633769,20.804994594380073,20.804994594380073,771.3443176760867,0.3348299235750304
0.0074,1.8228154805339587,1.8800246276859613,692.9443769705807,2810.4521345347493,6.4873956480762995,0.13004268885024595,11.740944354696733,4.0277715389854105,62.92888194783007,21.58797044193892,21.58797044193892,808.4351064656776,0.3430534561194969
0.0076,1.9646247766907026,2.0240965081212203,725.1479841145733,2844.3975577864558,6.56470384922845,0.1300320473757655,11.731637829021947,4.120063678872582,63.67878513360931,22.36351424817107,22.36351424817107,846.0059814670022,0.3511925392616784
0.0078000000000000005,2.1129136916151507,2.1746467902140383,757.740558418612,2876.396598212534,6.637627347009184,0.13002006768848073,11.722435607848556,4.211219357335421,64.38615592336951,23.130366012620307,23.130366012620307,884.0306514883807,0.3592444009260218
0.008,2.2677577884534994,2.331748713609804,790.6997975489812,2906.4695822526255,6.706211388958592,0.13000662890612774,11.713352469961162,4.301216472704931,65.05143322622973,23.887294169903175,23.887294169903175,922.4830971404781,0.36720627025741615
0.0082,2.4292281931777975,2.495471140618284,824.0036320989698,2934.636832321527,6.770501212279444,0.12999160368270496,11.704402841206988,4.39003334979666,65.67505585103518,24.63309656608426,24.63309656608426,961.3375707821315,0.375075380551747
0.008400000000000001,2.5973916411667406,2.6658786019831497,857.6302255428807,2960.9186668507596,6.830542043881728,0.1299748581602269,11.695600782886228,4.477648739844466,66.25746250678925,25.366601426147778,25.366601426147778,1000.5685964666942,0.38284897227310083
0.0086,2.7723105237773202,2.8430313426515013,891.5579741904806,2985.3354003297513,6.886379100440807,0.1299562519349782,11.686959980280477,4.564041820440888,66.7990918032177,26.086668309960196,26.086668309960196,1040.150969888894,0.390524296150739
0.0088,2.9540429349073993,3.0269853675434097,925.7655071418842,3007.907343346709,6.938057588469615,0.1299356380384922,11.678493731351683,4.649192195484249,67.30038225146893,26.792189054026355,26.792189054026355,1080.0597583321983,0.3980986163483726
0.009000000000000001,3.142642717549315,3.2177924873214394,960.2316862428686,3028.6548026290907,6.985622704404897,0.1299128629334501,11.670214935644907,4.733079895132494,67.76177226495051,27.482088696257634,27.482088696257634,1120.27030061668,0.40556921369768584
0.0092,3.3381595103345862,3.41550036416018,994.9356060406133,3047.59808108378,7.029119634707843,0.12988776652466635,11.662136083429163,4.81568537576393,68.18370016030536,28.155326380903123,28.155326380903123,1160.7582070473823,0.41293338898751
0.0094,3.5406387940698103,3.6201525575157794,1029.8565937398619,3064.7574778368744,7.068593555979111,0.12986018218529718,11.654269245111152,4.89698951994481,68.56660415852754,28.810896240737335,28.810896240737335,1201.499359363172,0.4201884662995106
0.009600000000000001,3.7501219382638395,3.8317885698954752,1064.9742091595017,3080.153288273172,7.104089635088492,0.12982993679838084,11.646626060957294,4.9769736364039066,68.91092238621995,29.447828253558804,29.447828253558804,1242.4699106860853,0.4273317963807644
0.0098,3.9666462476463127,4.050443892627115,1100.2682446895553,3093.805804075293,7.135653029319185,0.1297968508137908,11.639217731159674,5.055619460014023,69.21709287699386,30.065189070027166,30.065189070027166,1283.646285471148,0.4343607600431328
0.01,4.1902450086776275,4.276150051628707,1135.7187252485824,3105.7353132624903,7.1633288865268385,0.12976073832065468,11.63205500628169,5.132909151780517,69.48555357301167,30.662082809859246,30.662082809859246,1325.0051794566793,0.4412727715789324
0.0102,4.4209475360504396,4.50893465317793,1171.305908241485,3115.9621002291183,7.187162345313325,0.12972140713526498,11.625148178119053,5.208825298836803,69.71674232667247,31.237651823412243,31.237651823412243,1366.5235596150656,0.44806528218202807
0.010400000000000001,4.6587792191827555,4.748821429681674,1207.0102835177177,3124.506445782776,7.207198535215277,0.12967865890448135,11.618507071011486,5.283350914446858,69.91109690244097,31.791077415709506,31.791077415709506,1408.1786641040042,0.45473578336316317
0.0106,4.903761568702718,4.995830285445569,1242.812573329892,3131.3886271821407,7.2234825769074,0.1296322892245964,11.612141033639887,5.356469438014708,70.06905497881958,32.321580530009506,32.321580530009506,1449.9480022182074,0.4612818103480865
0.0108,5.155912262925144,5.24997734244352,1278.6937322927768,3136.628918174463,7.236059582420444,0.1295820877756116,11.60605893134302,5.428164735100847,70.19105415046288,32.82842238808168,32.82842238808168,1491.809354341573,0.4677009454468378
0.011000000000000001,5.415245194319914,5.5112749860872325,1314.63494734269,3140.2475890327505,7.244974655373803,0.1295278384708425,11.600269138986766,5.498421097445579,70.27753193043372,33.31090508443616,33.31090508443616,1533.740771899805,0.473990821382429
0.0112,5.681770515972269,5.779731910995735,1350.617637697276,3142.2649065926466,7.2502728912226635,0.12946931962174812,11.594779534417729,5.56722324299923,70.3289257526008,33.768372131856026,33.768372131856026,1575.7205773134883,0.4801491245671026
0.0114,5.955494688035107,6.055353166764938,1386.623454815668,3142.7011342889787,7.251999377519504,0.12940630411785045,11.589597492531603,5.634556315959143,70.34567297417509,34.20020895569975,34.20020895569975,1617.7273639516127,0.4861735983143574
0.011600000000000001,6.236420524173355,6.338140203737128,1422.6342823590326,3141.5765321920126,7.2501991941898805,0.12933855962158733,11.584729879985026,5.700405886813433,70.3282108783851,34.60584333458115,34.60584333458115,1659.7399960855382,0.4920620459750246
0.0118,6.5245472380004825,6.628090918770516,1458.6322361514895,3138.9113570433838,7.244917413822224,0.1292658487779129,11.58018305057773,5.764757952391356,70.27697667728789,34.98474578518908,34.98474578518908,1701.7376088434041,0.4978123339858393
0.012,6.819870489507243,6.92519970100878,1494.5996641414079,3134.725862291736,7.236199101971539,0.12918792943843618,11.575962841329806,5.827598935920274,70.19240751471511,35.3364298891828,35.3364298891828,1743.6996081649759,0.5034223948191958
0.0122,7.122382431482706,7.2294574776505796,1530.5191463630752,3129.04029812805,7.224089317476704,0.1291045548998607,11.572074569276555,5.888915687089053,70.07494046935075,35.660452560287084,35.660452560287084,1785.605670756921,0.5088902298230875
0.012400000000000001,7.432071755927672,7.540851759719075,1566.3734948987321,3121.874911520659,7.208633112791119,0.12901547415646353,11.568523029001023,5.948695482117799,69.92501255793856,35.95641424991476,35.95641424991476,1827.4357440485205,0.5142139119406228
0.0126,7.748923740460521,7.859366687831498,1602.1457538409772,3113.249946249993,7.189875534326488,0.1289204321663246,11.565312490921652,6.006926023833822,69.74306073861673,36.22395908986233,36.22395908986233,1869.170046147807,0.5193915882989794
0.0128,8.072920294715589,8.18498307796863,1637.8191992555337,3103.185642942986,7.167861622809299,0.12881917013099284,11.562446700349778,6.063595441753666,69.52952191437592,36.46277497085177,36.46277497085177,1910.7890657981227,0.5244214826581847
0.013000000000000001,8.404040006734125,8.517678467244385,1673.3773391443763,3091.7022391072182,7.142636413649803,0.12871142578824812,11.559928877328808,6.118692292171077,69.28483293663831,36.67259355593277,36.67259355593277,1952.2735623351057,0.5293018977107188
0.0132,8.742258189347917,8.857427159675295,1708.8039134092185,3078.819969164744,7.114244937323023,0.12859693371759362,11.557761717263919,6.1722055582507345,69.0094306089535,36.853190228006746,36.853190228006746,1993.6045656440883,0.5340312172235964
0.0134,9.087546926555655,9.204200271950082,1744.0828938153554,3064.5590644856375,7.08273221976147,0.12847542565808548,11.555947392348127,6.224124650127607,68.70375169080792,37.0043839709894,37.0043839709894,2034.763376117915,0.5386079080153104
0.013600000000000001,9.439875119892093,9.557965779199145,1779.1984839558597,3048.939753421231,7.048143282759102,0.12834663083808304,11.55448755378734,6.274439405011702,68.36823290154332,37.12603718438833,37.12603718438833,2075.7315646151696,0.5430305217607907
0.013800000000000002,9.799208534790084,9.918688560764119,1814.1351192161299,3031.982261337068,7.0105231443861085,0.12821027631647522,11.553383334823977,6.3231400872980625,68.00331092438024,37.218055431335195,37.218055431335195,2116.4909724188183,0.5472976966183559
0.014,10.165509846935572,10.286330445967417,1848.8774667387881,3013.706810645582,6.969916819414107,0.12806608733491406,11.552635354555488,6.370217388681818,67.60942241054249,37.2803871203761,37.2803871203761,2157.023711195253,0.5514081586734999
0.0142,10.538738688615584,10.660850259881709,1883.410425388925,2994.133620838452,6.9263693197511165,0.12791378768056155,11.552243722540982,6.415662428278001,67.18700398347644,37.31302312158477,37.31302312158477,2197.312162953746,0.5553607231952373
0.014400000000000001,10.918851695059319,11.042203869099533,1917.71912571969,2973.282908518692,6.879925654885946,0.12775310005882898,11.552208044186102,6.459466752746009,66.73649224316175,37.31599631782485,37.31599631782485,2237.338980006305,0.5591542957016667
0.0146,11.305802550772382,11.43034422750273,1951.7889299382257,2951.1748874324526,6.83063083234138,0.12758374647556578,11.552527426893121,6.501622336418405,66.25832377050722,37.28938109223999,37.28938109223999,2277.08708492793,0.5627878728323364
0.0148,11.699542035864251,11.825221422032067,1985.6054318719416,2927.8297685005186,6.778529858135563,0.12740544862812778,11.553200486960424,6.54212158143384,65.75293513182646,37.23329275329789,37.23329275329789,2316.539670517265,0.5662605430259465
0.015000000000000001,12.10001807236902,12.22678271845669,2019.154456935131,2903.2677598495475,6.723667737251102,0.12721792830473289,11.554225357212562,6.580957317873851,65.22076288338812,37.147886898953104,37.147886898953104,2355.6801997576526,0.5695714870028722
0.0152,12.507175770559495,12.634972607143705,2052.4220620959222,2877.5090668429834,6.666089474111119,0.12702090779148734,11.555599695339367,6.61812280390324,64.66224357603379,37.033358721719466,37.033358721719466,2394.492405778576,0.5727199780529328
0.0154,12.92095747525475,13.049732848827702,2085.3945358435694,2850.5738921117213,6.60584007306176,0.12681411028644324,11.55732069292009,6.6536117259138035,64.07781375985834,36.889942256659175,36.889942256659175,2432.960291817498,0.5757053821297652
0.015600000000000001,13.341302812121128,13.471002520380258,2118.0583981560762,2822.482435584462,6.542964538860399,0.12659726032002583,11.559385085106056,6.687418198671093,63.46790998894568,36.71790957449533,36.71790957449533,2471.068131182089,0.5785271577540612
0.0158,13.76814873396683,13.898718060579496,2150.400400468152,2793.254894517799,6.477507877168937,0.12637008418114706,11.5617891609331,6.719536765463943,62.83296882615372,36.51756992224161,36.51756992224161,2508.8004672128436,0.5811848557288203
0.016,14.201429567030125,14.332813315879589,2182.407525639502,2762.911463525998,6.4095150950513675,0.1261323103483016,11.564528774233072,6.749962398256427,62.17342684794096,36.28926881391061,36.28926881391061,2546.1421132460855,0.5836781186706042
0.0162,14.641077057261239,14.77321958618034,2214.0669879234474,2731.472334610516,6.339031201475057,0.12588366992492112,11.567599355111803,6.778690497841991,61.48972064922896,36.03338707401646,36.03338707401646,2583.0781525773555,0.5860066803615946
0.0164,15.087020416598023,15.219865670596649,2245.366232935871,2698.957697189218,6.2661012078148435,0.12562389707824387,11.57099592195937,6.805716893999391,60.78228684829214,35.75033983671914,35.75033983671914,2619.593938425183,0.5881703649280129
0.0166,15.539186369235418,15.6726779132281,2276.2929376244942,2665.3877381253265,6.190770128359293,0.12535272948093945,11.574713093957108,6.831037845650146,60.05156209166863,35.44057550357439,35.44057550357439,2655.675093895243,0.5901690858511623
0.016800000000000002,15.997499197888828,16.131580248928433,2306.8350102384793,2630.7826417560527,6.113082980818237,0.1250699087547105,11.578745104044621,6.854650041017143,59.29798305908343,35.104574662948174,35.104574662948174,2691.307511944892,0.5920028448180206
0.017,16.461880790051435,16.59649424907513,2336.980590298356,2595.162589920984,6.033084786830938,0.12477518091507876,11.583085812309207,6.876550597784104,58.52198646837771,34.74284897423268,34.74284897423268,2726.4773553480823,0.5936717304188902
0.0172,16.932250684245535,17.067339167338925,2366.718048566272,2558.5477619901594,5.950820572473943,0.12446829681654867,11.587728719759326,6.896737063255518,57.72400908043508,34.35594002005626,34.35594002005626,2761.1710566606507,0.5951759167001591
0.017400000000000002,17.408526116267954,17.544031985453337,2396.035987016565,2520.9583348918827,5.866335368767909,0.1241490125973284,11.592666982443362,6.915207414516738,56.90448770409789,33.94441812971977,33.94441812971977,2795.3753181859925,0.5965156615806827
0.0176,17.890622065429625,18.02648745898415,2424.923238806659,2482.414483140207,5.779674212182414,0.12381709012277742,11.597893425874698,6.931960058593827,56.063859201063984,33.50888117710854,33.50888117710854,2829.077111941102,0.5976913051407029
0.0178,18.37845130078935,18.514618163099055,2453.3688682482784,2442.9363788621763,5.690882145138125,0.12347229742674004,11.603400559723998,6.946993832612862,55.20256049075783,33.04995335633358,33.04995335633358,2862.2636796229913,0.5987032677925673
0.018000000000000002,18.871924427381852,19.00833453833709,2481.3621707789825,2402.5441918247852,5.600004216505362,0.1231144091499164,11.609180592739968,6.960308003958312,54.321028555166656,32.568283938335945,32.568283938335945,2894.9225325754796,0.5995520483427641
0.0182,19.370949932440183,19.507544936378167,2508.8926729340174,2361.258089461604,5.507085482098106,0.12274320697441583,11.615225447860142,6.971902270430078,53.41970044363243,32.064546011654826,32.064546011654826,2927.0414517563527,0.6002382219550033
0.0184,19.875434231612477,20.012155665812667,2535.9501323184827,2319.0982368991727,5.41217100516281,0.12235848005363384,11.621526777473846,6.981776760398916,52.4990132775934,31.539435210512774,31.539435210512774,2958.608487704896,0.6007624380242176
0.018600000000000002,20.385281715173242,20.52207103791093,2562.52453757982,2276.0847969830625,5.315305856860931,0.12196002543659053,11.62807597880036,6.989932032959782,51.55940425526477,30.993668433303384,30.993668433303384,2989.6119605097897,0.6011254179714188
0.0188,20.900394794229133,21.037193412392778,2588.606108380611,2232.2379303036946,5.216535116744524,0.12154764848586859,11.634864209346098,6.996369078082832,50.601310656252,30.42798255449186,30.42798255449186,3020.0404597773795,0.6013279529693834
0.019,21.42067394691931,21.557423243197068,2614.1852953716902,2187.577795221835,5.115903873223839,0.12112116328828995,11.641882402405866,7.001089316761613,49.62516984608663,29.843133132844486,29.843133132844486,3049.8828446003054,0.6013709016090727
0.019200000000000002,21.946017764610488,22.08265912425121,2639.2527801655706,2142.1245478938176,5.013457224026212,0.12068039305747373,11.64912128257436,7.004094601158143,48.63141928067754,29.23989311880334,29.23989311880334,3079.128243526499,0.6012551875166241
0.0194,22.476322998086662,22.612797835240688,2663.7994753101816,2095.89834229649,4.909240276645345,0.12022517052742407,11.656571381235498,7.0053872147445055,47.62049651066914,28.61905156370845,28.61905156370845,3107.766054528545,0.600981796930582
0.0196,23.011484603733635,23.147734387378634,2687.8165242629175,2048.919330251845,4.803298148780096,0.11975533833630407,11.664223051998626,7.004969872440572,46.592839185697585,27.981412333447768,27.981412333447768,3135.7859449734037,0.6005517762488514
0.0198,23.551395789718377,23.687362069175308,2711.2953013649912,2001.2076614513987,4.69567596876202,0.11927074939956205,11.672066486052145,7.002845720747539,45.54888505853812,27.327792828987846,27.327792828987846,3163.1778515924893,0.5999662295546192
0.02,24.095948062163295,24.231572492207636,2734.2274118161013,1952.7834834802502,4.586418875970773,0.11877126727158849,11.680091727406792,6.999018337876898,44.48907198913449,26.65902271610072,26.65902271610072,3189.9319804521183,0.5992263161302088
0.020200000000000003,24.645031271315442,24.78025563688878,2756.6046916494033,1903.6669418408696,4.475572021236601,0.11825676649509695,11.688288688002439,6.993491733874501,43.413837948503186,25.975942666463407,25.975942666463407,3216.038806924304,0.5983332479675182
0.0204,25.198533657710765,25.33329989823762,2778.419207706784,1853.8781799765995,4.363180567229128,0.11772713293743832,11.69664716265406,6.986270350739393,42.323621022504774,25.279403112161805,25.279403112161805,3241.489075657915,0.5972882872833581
0.0206,25.756341898333453,25.8905921316483,2799.6632576144457,1803.4373392948653,4.249289688831675,0.11718226411307717,11.705156843814194,6.977359062537088,41.21885941547481,24.570263015483835,24.570263015483835,3266.273800550186,0.5960927440476291
0.020800000000000003,26.3183411527704,26.45201769865981,2820.329369758785,1752.3645591900902,4.133944573500305,0.11662206949148028,11.713807336131143,6.966763175506935,40.099991453706664,23.849388655737975,23.849388655737975,3290.384264718583,0.5947479735318858
0.021,26.884415109360884,27.017460512725414,2840.4103032625812,1700.6799770663458,4.017190421606979,0.11604647078969033,11.72258817078377,6.954488428163309,38.967455588780226,23.117652434685915,23.117652434685915,3313.812020473011,0.5932553738854355
0.0212,27.454446031341533,27.586803084982265,2859.899047961479,1648.4037283596929,3.8990724467660054,0.11545540224888406,11.731488819575665,6.9405409913903044,37.82169040072845,22.375931702027902,22.375931702027902,3336.5488892883923,0.5916163837456863
0.021400000000000002,28.028314802986582,28.15992657002092,2878.788824380772,1595.5559465602496,3.7796358761431823,0.11484881089424162,11.740498708773188,6.924927468529633,36.66313460103616,21.62510760223443,21.62510760223443,3358.586961777567,0.5898324798890291
0.0216,28.60590097574353,28.736710811654845,2897.07308371248,1542.1567632339606,3.6589259507469487,0.11422665677748362,11.74960723267353,6.907654895461467,35.49222703546423,20.86606394387264,20.86606394387264,3379.9185976645604,0.5879051749281057
0.0218,29.187082814364263,29.317034388689937,2914.7455077927257,1488.2263080441119,3.5369879257010166,0.11358891320146514,11.758803766890773,6.888730740677987,34.30940668669417,20.09968609243553,20.09968609243553,3400.53642575818,0.5858360150608657
0.022000000000000002,29.77173734303163,29.900774660694143,2931.800009079398,1433.784708772526,3.413867070497778,0.11293556692624897,11.768077681349482,6.868162905349331,33.11511267678621,19.326859887543264,19.326859887543264,3420.433343925964,0.583626577876374
0.0222,30.35974039148163,30.487807813766835,2948.2307306301145,1378.852091340499,3.289608669232064,0.11226661835611734,11.777418352976941,6.845959723381773,31.90978426944683,18.548470585254922,18.548470585254922,3439.602519068467,0.5812784702219006
0.0224,30.950966641121187,31.0780089063085,2964.0320460804664,1323.4485798294413,3.1642580208146818,0.11158208170701818,11.786815178086806,6.8221299614678665,30.693860872100093,17.765401826099467,17.765401826099467,3458.0373870938774,0.5787933261353819
0.022600000000000002,31.545289671141603,31.671251914790183,2979.1985596225545,1267.5942965012428,3.03786043916531,0.1108819851539826,11.79625758444824,6.796682819128389,29.46778203775874,16.978534629313376,16.978534629313376,3475.73165289298,0.5761728048469279
0.0228,32.14258200462778,32.26740977952303,2993.7251059838068,1211.309361818373,2.910461253384345,0.11016637095809054,11.805735043036135,6.769627928745909,28.231987466691177,16.188746413655398,16.188746413655398,3492.679290314442,0.5734185888526373
0.023,32.74271515466317,32.866354450427814,3007.6067504060866,1154.6138944636841,2.782105807903251,0.10943529557260519,11.815237079459308,6.740975355589761,26.986917007879864,15.396910045057625,15.396910045057625,3508.874542140434,0.570532382063572
0.023200000000000002,33.34555967043063,33.46795693280451,3020.8387886250694,1097.5280113599395,2.652839462613139,0.1086888297279402,11.824753285064771,6.710735597832347,25.733010660268548,14.603892911269098,14.603892911269098,3524.311920062581,0.5675159080323754
0.0234,33.95098518330914,34.07208733310172,3033.4167468499095,1040.071827689075,2.5227075929712823,0.10792705849517024,11.834273327717405,6.678919586556589,24.47070857379551,13.810556023549694,13.810556023549694,3538.9862046582275,0.5643709082596302
0.0236,34.558860452966535,34.67861490468638,3045.3363817431755,982.2654569112034,2.3917555900853613,0.10715008132784128,11.843786962255422,6.645538685754486,23.200451050210738,13.017753145381487,13.017753145381487,3552.8924453670384,0.5610991405817191
0.0238,35.16905341344814,35.2874080936131,3056.5936804010607,924.1290107833113,2.2600288607751295,0.10635801208188525,11.853284040623048,6.610604692316608,21.9226785436741,12.226329948079352,12.226329948079352,3566.025960467904,0.5577023776415918
0.024,35.78143121926162,35.89833458439379,3067.1848603338644,865.6825993777186,2.127572827611499,0.1055509790134928,11.86275452168272,6.5741298360125295,20.637831661134474,11.437123193106645,11.437123193106645,3578.382337056175,0.5541824054435542
0.024200000000000003,36.39586029145782,36.51126134576726,3077.1063694467402,806.9463311002793,1.9944329289329197,0.10472912475484648,11.872188480710046,6.53612677946216,19.34635116248864,10.650959940829564,10.650959940829564,3589.957431021197,0.5505410219928761
0.0244,37.012206363707854,37.126054676468534,3086.35488602071,747.9403127082641,1.8606546188388497,0.10389260626766787,11.881576118575456,6.496608618097854,18.048677960517946,9.868656785378741,9.868656785378741,3600.747367024162,0.5467800360207402
0.0246,37.630334528376395,37.742580250998635,3094.9273186939367,688.6846493280748,1.726283367160675,0.10304159477458151,11.89090777061722,6.45558888011746,16.745253120606197,9.091019115231637,9.091019115231637,3610.74853847626,0.5429012657948125
0.024800000000000003,38.250109282591254,38.36070316539397,3102.8208064432597,629.1994444725982,1.5913646594096926,0.10217627566835055,11.900173915211125,6.413081526428158,15.436517860235115,8.318840399072926,8.318840399072926,3619.9576075171362,0.5389065380154473
0.025,38.871394574309285,38.98028798299586,3110.032718565984,569.504800058402,1.455943996702717,0.10129684839908927,11.909365182042603,6.369100950581269,14.122913548262689,7.552901496449822,7.552901496449822,3628.371504993648,0.5347976867973487
0.0252,39.49405384837866,39.60119878022013,3116.5606546619188,509.62081642260665,1.320066895665098,0.1004035263396087,11.918472360087662,6.3236619786979915,12.804881703982433,6.79396999269491,6.79396999269491,3635.987430438905,0.5305765527362837
0.025400000000000002,40.11795009259761,40.22329919232656,3122.40244461567,449.56759233954085,1.1837788883115927,0.09949653662910235,11.927486405309295,6.27677986938622,11.482863995967833,6.042799557558724,6.042799557558724,3642.8028520516145,0.5262449820602797
0.0256,40.742945883769586,40.846452459188534,3127.556148579173,389.3652250371643,1.0471255219053164,0.09857611999542942,11.936398448076428,6.228470313648529,10.157302240704128,5.300129326964326,5.300129326964326,3648.815506675702,0.5218048258645603
0.0258,41.368903433755015,41.47052147106245,3132.0200569544722,329.0338102132204,0.9101523587949955,0.09764253055630283,11.945199800312725,6.178749434781429,8.828638401009657,4.566683307272929,4.566683307272929,3654.023399780218,0.5172579394293321
0.026000000000000002,41.99568463551961,42.09536881435736,3135.7926903767334,268.5934420511743,0.7729049762309995,0.09669603559973786,11.953881962382809,6.127633788266081,7.497314584251319,3.8431698014325137,3.8431698014325137,3658.424805439522,0.5126061816194007
0.0262,42.623151109179254,42.72085681740433,3138.872799697492,208.06421323591272,0.6354289661605099,0.09573691534416646,11.962436629723593,6.075140361650607,6.163773040357681,3.1302808563673077,3.1302808563673077,3662.0182663137407,0.5078514143644814
0.0264,43.251164248041654,43.34684759622622,3141.2593659681374,147.46621496920903,0.4977699350022767,0.09476546267866831,11.970855699228512,6.02128657442419,4.828456159634078,2.428691730957392,2.428691730957392,3664.802593629494,0.5029955022189637
0.026600000000000002,43.879585264644625,43.973203100307,3142.9516004236148,86.81953698496407,0.3599735034014926,0.09378198288381634,11.97913127539256,5.966090277883177,3.4918064703848493,1.7390603839534213,1.7390603839534213,3666.7768671608837,0.49804031199980875
0.0268,44.50827523679117,44.59978515836136,3143.948944466356,26.14426756424026,0.22208530596536036,0.09278679333367902,11.98725567622595,5.9095697549894295,2.154266636348293,1.0620269811709586,1.0620269811709586,3667.9404352107485,0.4929877125011811
0.027,45.137095153581406,45.22645552410422,3144.251069650428,-34.53950644993689,0.08415099097988211,0.09178022317956427,11.99522143894426,5.851743720221115,0.8162794539494739,0.3982134213117756,0.3982134213117756,3668.2929145921657,0.48783957428435326
0.027200000000000002,45.76590596144123,45.85307592202042,3143.8578776658946,-95.21169963799639,-0.05378377989147247,0.09076261301613193,12.003021325442798,5.792631319416236,-0.5217121506227489,-0.2517771202331718,-0.2517771202331718,3667.8341906102105,0.48259776954137357
0.0274,46.394568610148,46.47950809313383,3142.769500323391,-155.85222798940495,-0.1916733319264323,0.08973431453054036,12.010648327562805,5.732252129609216,-1.859265124506839,-0.8873606302337836,-0.8873606302337836,3666.564417043957,0.4772641720309533
0.027600000000000003,47.02294409885308,47.10561384077748,3140.986299538903,-216.44100888850448,-0.32947197767942205,0.08869569013533153,12.01809567215696,5.67062615886072,-3.1959362914229654,-1.5079726797467528,-1.5079726797467528,3664.48401612872,0.4718406570849821
0.027800000000000002,47.65089352210139,47.73125507636258,3138.5088673187474,-276.95796110051504,-0.467134017332951,0.08764711258579355,12.025356825961465,5.60777384608116,-4.531282355081536,-2.1130688301221063,-2.1130688301221063,3661.593678538539,0.46632910168408254
0.028,48.27827811584791,48.35629386514826,3135.3380257447534,-337.3830047577492,-0.6046137390642247,0.0865889645825732,12.03242550028173,5.5437160608480855,-5.8648599027393935,-2.7021250234775227,-2.7021250234775227,3657.894363368879,0.46073138460057644
0.028200000000000003,48.904959303471344,48.9805924720111,3131.4748269596384,-397.69606134598723,-0.7418654194260592,0.08552163836034223,12.03929565549846,5.478474103217902,-7.196225408894755,-3.2746379582050635,-3.2746379582050635,3653.3872981195786,0.45504938660724986
0.0284,49.53079874178477,49.60401340721464,3126.9205531525677,-457.87705369108073,-0.8788433237414248,0.08444553526334976,12.045961505400626,5.412069703532161,-8.52493523911435,-3.8301254500522353,-3.8301254500522353,3648.073978677996,0.449284990750281
0.0286,50.15565836704349,50.226419472179046,3121.676716544906,-517.9059059456921,-1.0155017065105427,0.0833610653087191,12.052417521351499,5.344525022218889,-9.850545653982337,-4.368126779291546,-4.368126779291546,3641.95616930239,0.443440082684721
0.028800000000000003,50.779400440950056,50.84767380525024,3115.745059376146,-577.7625435762109,-1.1517948118297554,0.08226864673837053,12.058658436293591,5.275862649589252,-11.172612813163413,-4.888203024465865,-4.888203024465865,3635.035902605503,0.43751655107090565
0.029,51.401887596656394,51.46763992746988,3109.1275538900145,-637.4268933498882,-1.2876768738213522,0.08116870556047331,12.064679248597999,5.206105605629926,-12.490692779572202,-5.38993738316655,-5.38993738316655,3627.3154795383502,0.4315162880301946
0.0292,52.022982884763294,52.08618178834472,3101.826402320754,-696.87888332207,-1.4231021170731668,0.08006167508134725,12.070475225763214,5.13527733979164,-13.804341523637422,-5.872935480267948,-5.872935480267948,3618.7974693742126,0.42544118965845745
0.029400000000000003,52.64254981931711,52.7031638116161,3093.8440368795655,-756.0984428236259,-1.5580247570872257,0.07894799542875003,12.076041907968118,5.0634017307742045,-15.113114927653866,-6.33682566400995,-6.33682566400995,3609.484709692826,0.4192931565957242
0.0296,53.26045242380376,53.31845094102941,3085.183119741224,-815.0655024485282,-1.6923990007363974,0.07782811306749893,12.081375111483403,4.990503086308454,-16.41656879021197,-6.781259290283598,-6.781259290283598,3599.380306364761,0.4130740946504473
0.0298,53.87655527714008,53.931908686103824,3075.8465430308465,-873.7599940415568,-1.8261790467280308,0.07670248030838515,12.086470931945255,4.916606142935525,-17.714258830695186,-7.205910995437978,-7.205910995437978,3588.487633535988,0.40678591547683657
0.030000000000000002,54.49072355966254,54.543403167901744,3065.8374288108207,-932.1618506862054,-1.9593190860737844,0.07557155481134538,12.091325747494665,4.841736065783807,-19.005740693837417,-7.61047895788883,-7.61047895788883,3576.810333612624,0.40043053730373773
0.0302,55.10282309911339,55.15280116479823,3055.159129067881,-990.251006692637,-2.0917733025643392,0.07443579908385951,12.095936221785212,4.765918448344103,-20.290569954327808,-7.9946851487676955,-7.9946851487676955,3564.352317245862,0.3940098857135601
0.0304,55.712720416624144,55.7599701582506,3043.815225700338,-1048.0073975858609,-2.2234958732484125,0.0732956799755443,12.100299306861737,4.689179312243244,-21.568302121457265,-8.35827557181145,-8.35827557181145,3551.117763317061,0.3875258944697461
0.030600000000000002,56.32028277269668,56.36477837856818,3031.8095305054426,-1105.410960094003,-2.3544409689148154,0.07215166816991024,12.104412245911766,4.611545107016674,-22.838492643794506,-8.701020492647107,-8.701020492647107,3537.1111189230164,0.380980506391313
0.0308,56.92537821318166,56.96709485068125,3019.1460851668994,-1162.4416321366589,-2.4845627545765656,0.07100423767424498,12.108272575891004,4.533042709880435,-24.100696913882032,-9.02271465758373,-9.02271465758373,3522.337099361383,0.3743756742729972
0.031,57.527875615254565,57.566789439911304,3005.8291612425087,-1219.079352813474,-2.613815389956431,0.06985386530857833,12.111878130023747,4.4536994255027915,-25.35447027294598,-9.323177501978854,-9.323177501978854,3506.8006881162605,0.36771336184952674
0.031200000000000002,58.127644733389275,58.16373289774004,2991.8632601519444,-1275.30406239271,-2.7421530299724095,0.06870103019467387,12.115227040178373,4.3735429857761225,-26.599368015605386,-9.602253348197747,-9.602253348197747,3490.5071368439353,0.3609955448025785
0.031400000000000004,58.72455624532916,58.757796907579134,2977.253113164657,-1331.0957023000215,-2.8695298252227266,0.06754621324597873,12.118317739117666,4.292601549589255,-27.834945394576717,-9.859811593138831,-9.859811593138831,3473.461965358766,0.35422421180894037
0.0316,59.3184817980558,59.34885413053974,2962.0036813879046,-1386.4342151073074,-2.9958999224691194,0.06638989665944782,12.121148962622968,4.210903702600765,-29.06075762536183,-10.095746885247316,-10.095746885247316,3455.670961619222,0.3474013656284233
0.0318,59.90929405375531,59.93677825120188,2946.1201557549025,-1441.2995445216393,-3.121217465117522,0.06523256341013992,12.123719751490672,4.128478457013588,-30.27635989091071,-10.30997929088936,-10.30997929088936,3437.1401817140527,0.34052902423004056
0.032,60.49686673578237,60.52144402338426,2929.607957013092,-1495.6716353743168,-3.245436593695389,0.06407469674946246,12.126029453398893,4.045355251351276,-31.481307346251572,-10.502454449907804,-10.502454449907804,3417.8759498486065,0.33360922195495524
0.0322,61.081074674621796,61.10272731591349,2912.4727357125216,-1549.5304336100446,-3.3685114463247823,0.06291677970791881,12.128077724641525,3.961563950236264,-32.675155123079904,-10.673143720127106,-10.673143720127106,3397.884858331275,0.3266440107146788
0.0324,61.66179385384789,61.68050515839383,2894.720372194343,-1602.8558862760908,-3.490396159190088,0.06175929460318571,12.129864531726245,3.8771348441706053,-33.85745833429539,-10.822044310520392,-10.822044310520392,3377.173767560067,0.3196354612229817
0.032600000000000004,62.23890145608151,62.25465578697657,2876.3569765794114,-1655.627941511715,-3.611044867000208,0.06060272255432134,12.131390152832378,3.7920986493192554,-35.02777207848527,-10.949179402698093,-10.949179402698093,3355.749806009313,0.3125856642599113
0.0328,62.81227590894479,62.825058690129744,2857.388888756992,-1707.8265485374727,-3.730411703443567,0.059447543002874595,12.132655179123812,3.7064865072965856,-36.18565144433796,-11.054598260317634,-11.054598260317634,3333.620370216491,0.30549673196632116
0.033,63.38179693101374,63.39159465440753,2837.822678373572,-1759.4316576447457,-3.84845080163599,0.05829423324163426,12.133660515911512,3.620329984956106,-37.330651514987565,-11.138376325959355,-11.138376325959355,3310.793124769168,0.29837079916720727
0.0332,63.947345577768445,63.95414581021971,2817.6651448217667,-1810.4232201853154,-3.9651162945603264,0.05714326795172309,12.134407383659422,3.5336610741838603,-38.4623273722783,-11.200615304951834,-11.200615304951834,3287.2760022920615,0.29121002472213026
0.0334,64.50880428754122,64.51259567760133,2796.9233172293275,-1860.781188560989,-4.0803623154971795,0.055995118748707044,12.134897318826848,3.4465121916957804,-39.58023410094266,-11.241443235570772,-11.241443235570772,3263.0772034342153,0.28401659290092574
0.033600000000000005,65.06605692746253,65.06682921198228,2775.60445444824,-1910.4855162132783,-4.194142998446105,0.054850253738352596,12.135132174539683,3.3589161788392294,-40.68392679268709,-11.261014544973518,-11.261014544973518,3238.2051968562805,0.2767927147828237
0.033800000000000004,65.6189888394046,65.61673284995663,2753.71604504392,-1959.5161576132157,-4.306412478536862,0.05370913708262723,12.13511412108203,3.2709063013989415,-41.7729605501812,-11.259510090169137,-11.259510090169137,3212.668719217907,0.2695406296770195
0.034,66.16748688592314,66.16219455505232,2731.2658072844933,-2007.853068251169,-4.417124892429885,0.05257222857649861,12.13484564619911,3.1825162494076853,-42.84689049094245,-11.237137183259277,-11.237137183259277,3186.476775165242,0.2622626065626567
0.0342,66.7114394961967,66.70310386350071,2708.261689130168,-2055.476204626762,-4.5262343787056505,0.05143998323604736,12.13432955520145,3.093780136961789,-43.90527175111302,-11.194129600120947,-11.194129600120947,3159.63863731853,0.25496094554607035
0.0344,67.25073671196404,67.23935193000597,2684.71186822269,-2102.3655242388054,-4.6336950782423045,0.05031285089836709,12.133568970859633,3.0047325020417954,-44.94765948912289,-11.130747571636089,-11.130747571636089,3132.1638462598053,0.2476379793330435
0.0346,67.7852702334593,67.77083157351458,2660.6247518748837,-2148.500985575345,-4.739461134581307,0.04919127583368283,12.132567333078079,2.9154083063383456,-45.97360888923667,-11.047277756506512,-11.047277756506512,3104.0622105206976,0.24029607471370162
0.034800000000000005,68.31493346534523,68.2974373229851,2636.0089770602754,-2193.862548103786,-4.843486694280668,0.048075696370076276,12.1313283983355,2.825842935083464,-46.98267516498003,-10.944033194624959,-10.944033194624959,3075.3438065703217,0.2329376340575521
0.035,68.83962156264418,68.81906546315754,2610.873410402797,-2238.430172260912,-4.945725907254968,0.04696654453116273,12.12985623887886,2.7360721968875907,-47.97441356243797,-10.821353239904987,-10.821353239904987,3046.018978803263,0.22556509681605927
0.0352,69.35923147666726,69.33561408032283,2585.2271481665716,-2282.183819443195,-5.046132927102797,0.04586424568702089,12.128155241656856,2.6461323235820884,-48.948379363431016,-10.679603471404668,-10.679603471404668,3016.098339527667,0.21818094102995617
0.0354,69.87366200094115,69.84698310809264,2559.0795162457707,-2325.103451996988,-5.14466191142041,0.04476921821863302,12.126230106978106,2.5560599700677145,-49.90412788855778,-10.519175581508922,-10.519175581508922,2985.592768953399,0.2107876848384079
0.0356,70.38281381713327,70.35307437316844,2532.440070154558,-2367.169033208767,-5.241267022101764,0.043681873196048666,12.124085846878412,2.465892214169023,-50.841214500105295,-10.34048723986771,-10.34048723986771,2954.5134151803177,0.20338788798694596
0.0358,70.88658954097457,70.85379164111158,2505.318595017101,-2408.3605272955724,-5.335902425625119,0.042602614070441656,12.121727783180614,2.375666556494573,-51.759194604829204,-10.143981931717905,-10.143981931717905,2922.8716941866182,0.19598415333092253
0.036000000000000004,71.38489376818069,71.34904066211216,2477.7251055576617,-2448.6578993953312,-5.42852229332535,0.041531836380186385,12.11916154522978,2.2854209203033364,-52.657623656595106,-9.930128769148327,-9.930128769148327,2890.679289817272,0.1885791283311097
0.0362,71.87763312037086,71.83872921675932,2449.6698460907614,-2488.041115557336,-5.519080801652492,0.04046992747103652,12.116393067285602,2.1951936513770662,-53.53605715888661,-9.699422273800144,-9.699422273800144,2857.948153772555,0.18117550653784203
0.0364,72.36471629098497,72.32276716181013,2421.1632905114184,-2526.4901427326768,-5.607532132416054,0.039417266230446446,12.113428585553134,2.1050235178988252,-54.39405066717514,-9.452382129427935,-9.452382129427935,2824.690505596655,0.17377602905995948
0.0366,72.84605409119871,72.80106647595949,2392.2161422854583,-2563.9849487648557,-5.693830473015597,0.03837422283603412,12.11027463483218,2.0149497103374676,-55.231159791156585,-9.189552902681594,-9.189552902681594,2790.918832666368,0.16638348601459194
0.0368,73.32155949583672,73.27354130560951,2362.839334439898,-2600.5055023803307,-5.77793001665704,0.037341158518142806,12.10693804476487,1.9250118413382862,-56.0469401968496,-8.911503730405817,-8.911503730405817,2756.645890179881,0.1590007179536758
0.037000000000000005,73.79114768928386,73.74010801063925,2333.0440295534013,-2636.0317731791483,-5.8597849625551675,0.03631842533641955,12.103425935660312,1.8352499456196458,-56.84094760855983,-8.618827971692582,-8.618827971692582,2721.8847011456346,0.15163061726287355
0.037200000000000004,74.2547361113946,74.20068521017362,2302.8416197468073,-2670.543731625589,-5.939349516122251,0.03530636597028838,12.099745713874363,1.7457044798756223,-57.61273781070967,-8.31214282286361,-8.31214282286361,2686.6485563712754,0.14427612952839852
0.0374,74.71224450340048,74.65519382835396,2272.243726673729,-2704.021349038986,-6.016577889143337,0.03430531352315941,12.095905066722047,1.6564163226844135,-58.36186664953854,-7.992088893503894,-7.992088893503894,2650.9510144526835,0.136940254867038
0.0376,75.1635949538157,75.10355714010652,2241.2622015112256,-2736.4445975844023,-6.091424299937667,0.033315591340177766,12.091911956899398,1.5674267744227603,-59.08789003466873,-7.659329741616486,-7.659329741616486,2614.8059017630962,0.12962604921452628
0.0378,75.60871194434088,75.54570081691273,2209.9091249505454,-2767.793450263515,-6.163842973507259,0.03233751283928145,12.087774616391044,1.478777557185936,-59.790363940546605,-7.314551365920278,-7.314551365920278,2578.2273124423027,0.12233662556718347
0.038,76.047522395765,75.98155297257821,2178.1968071879414,-2798.047880905455,-6.233788141672337,0.0313713813553036,12.083501539839247,1.390510814713426,-60.46884440775636,-6.958461653270686,-6.958461653270686,2541.2296083859314,0.115075155171613
0.038200000000000005,76.47995571386541,76.41104420900281,2146.137787915558,-2827.1878641577655,-6.301214043194288,0.030417489996822453,12.079101477349747,1.302669112320027,-61.122887544212674,-6.591789779145582,-6.591789779145582,2503.8274192348176,0.10784486865705536
0.038400000000000004,76.90594383530616,76.83410766194973,2113.744836312391,-2855.193375477322,-6.366074923886099,0.02947612151543189,12.074583426709303,1.2152954368323825,-61.752049526232014,-6.215285559108491,-6.215285559108491,2466.0356423644557,0.10064905710487008
0.0386,77.32542127353445,77.2506790468151,2081.0309510353186,-2882.0443911213947,-6.428325036711053,0.02854754818707694,12.069956624989635,1.1284331965306165,-62.355886599489935,-5.829718749136224,-5.829718749136224,2427.8694428745384,0.09349107304945145
0.0388,77.73832516467522,77.66069670439782,2048.0093602102093,-2907.7208881387214,-6.487918641869773,0.02763203170507174,12.065230539512191,1.0421262210950317,-62.93395507986553,-5.4358782926825375,-5.4358782926825375,2389.3442535785775,0.08637433140479103
0.039,78.14459531342422,78.06410164666875,2014.6935214230975,-2932.2028443606127,-6.544810006876049,0.02672982308439198,12.060414858148093,0.9564187615577024,-63.485811354176846,-5.034571512341102,-5.034571512341102,2350.475774993614,0.07930231031078834
0.0392,78.54417423893904,78.46083760254024,1981.0971217114393,-2955.47023839217,-6.598953406622082,0.025841162576811582,12.05551947892766,0.8713554902586775,-64.01101188081385,-4.626623243971723,-4.626623243971723,2311.2799753300123,0.07227855189332619
0.039400000000000004,78.9370072207285,78.85085106363606,1947.2340775554371,-2977.503049603474,-6.650303123433266,0.02496627959643138,12.050554498933984,0.7869815008067458,-64.50911319026979,-4.212874911165437,-4.212874911165437,2271.7730904813434,0.06530666293209691
0.0396,79.32304234454048,79.23409133006051,1913.118534869443,-2998.2812581209473,-6.698813447113442,0.024105392655128875,12.045530202455335,0.7033423080443773,-64.97967188558013,-3.7941835379445785,-3.7941835379445785,2231.9716240143503,0.05839031543011776
0.0398,79.70223054824775,79.61051055616807,1878.764868993436,-3017.7848448186287,-6.744438674980509,0.023258709307440978,12.04045704837154,0.620483848016887,-65.42224464266809,-3.3714206976283427,-3.3714206976283427,2191.8923471590088,0.05153324707892271
0.04,80.07452566773227,79.98006379633304,1844.1876846845767,-3035.993791309638,-6.787133111893553,0.022426426104376274,12.03534565675005,0.5384524779453308,-65.83638821060767,-2.9454713958373424,-2.9454713958373424,2151.552298798673,0.044739261613424335
0.0402,80.43988448276788,80.3427090507188,1809.4018161088372,-3052.888079937651,-6.82685107027156,0.02160872855564056,12.030206794628043,0.457294976203098,-66.22165941180526,-2.517232885670229,-2.517232885670229,2110.96878546031,0.03801222905056778
0.040400000000000005,80.7982667629011,80.6984073110479,1774.4223268327094,-3068.447693768407,-6.86354687010433,0.020805791099748342,12.025051360957871,0.37705854229595914,-66.5776151421055,-2.0876134131558515,-2.0876134131558515,2070.159381304828,0.03135608580601722
0.040600000000000004,81.14963531333049,81.04712260637078,1739.2645098149924,-3082.6526165813043,-6.89717483895624,0.02001777708148381,12.019890370694034,0.29779079684527465,-66.90381237082774,-1.6575308911694469,-1.6575308911694469,2029.1419281174913,0.02477483468329504
0.0408,81.49395602078432,81.38882204883602,1703.943887398656,-3095.482832861051,-6.927689311963309,0.019244838736168533,12.01473493800122,0.2195397815741953,-67.19980814073757,-1.2279115001016978,-1.2279115001016978,1987.9345352984321,0.018272544730039468
0.041,81.83119789939653,81.72347587945967,1668.4762113027866,-3106.9183277894595,-6.955044631824342,0.01848711718018738,12.009596258564201,0.1423539592965053,-67.465159567961,-0.7996882136833754,-0.7996882136833754,1946.555579853251,0.011853350956323016
0.0412,82.16133313658116,82.05105751389415,1632.8774626146114,-3116.9390872371564,-6.979195148786172,0.01774474240722232,12.004485590982004,0.06628221390811939,-67.69942384184118,-0.37379924850026686,-0.37379924850026686,1905.0237063837133,0.005521453910354296
0.0414,82.48433713890526,82.37154358819922,1597.1638517816036,-3125.5250977554997,-7.000095220624193,0.01701783328964224,11.999414237230512,-0.008626149619280987,-67.90215822474967,0.04881356412394096,0.04881356412394096,1863.3578270785374,-0.0007188808927453044
0.041600000000000005,82.80018857796009,82.68491400460984,1561.3518186036695,-3132.6563465684767,-7.017699212618274,0.016306497584498245,11.994393522179575,-0.08232140524250608,-68.07292005185275,0.46720648503543316,0.46720648503543316,1821.577121704281,-0.006863323692880385
0.041800000000000004,83.10886943623082,82.99115197730679,1525.4580322254158,-3138.3128215647034,-7.031961497524813,0.015610831943577257,11.989434772152816,-0.15475340584933095,-68.21126673084035,0.8804356539319398,0.8804356539319398,1779.7010375963184,-0.012907481360903516
0.042,83.41036505296482,83.29024407818603,1489.4993911285028,-3142.4745112895826,-7.042836455545649,0.014930921926971104,11.984549292520686,-0.22587158325948042,-68.31675574162446,1.287558956609405,1.287558956609405,1737.7492896499202,-0.018846898431169396
0.0422,83.70466417003817,83.58218028262775,1453.493023124077,-3145.121404937281,-7.050278474293574,0.014266842019625732,11.979748344319734,-0.2956249482240354,-68.3889446360047,1.687637973355387,1.687637973355387,1695.741860311423,-0.02467705829264833
0.0424,83.9917589778209,83.86695401526651,1417.4562853452887,-3146.2334923431554,-7.054241948756413,0.013618655650343077,11.97504311989374,-0.363962090424057,-68.42739103731971,2.0797400088550377,2.0797400088550377,1653.6989995695035,-0.030393384539836765
0.0426,84.27164516104064,84.14456219576056,1381.4067642398948,-3145.790763975876,-7.0546812812584765,0.012986415212718696,11.9704447175552,-0.43083117846796615,-68.43165264007341,2.462940203733277,2.462940203733277,1611.641224946544,-0.035991242483759414
0.042800000000000005,84.54432194464479,84.41500528456096,1345.3622755629438,-3143.773210929945,-7.051550881421468,0.01237016208751026,11.965964115268585,-0.49617995988852037,-68.40128720955569,2.8363237276178905,2.8363237276178905,1569.589321490101,-0.04146594082255304
0.043000000000000003,84.80979213966127,84.67828732868195,1309.340864369546,-3140.1608249180304,-7.044805166124047,0.011769926665945207,11.961612143359883,-0.5599557611390713,-68.3358525814502,3.198988053343209,3.198988053343209,1527.5643417644703,-0.046812733470037594
0.0432,85.06806218905783,84.9344160074696,1273.360805007731,-3134.93359826359,-7.034398559461569,0.011185728373490826,11.957399456260164,-0.6221054875897374,-68.2349066614438,3.5500453116529322,3.5500453116529322,1485.5876058423528,-0.05202682153969866
0.0434,85.3191422135999,85.18340267837173,1237.440601111388,-3128.0715238933967,-7.020285492705607,0.010617575693626688,11.953336503294231,-0.6825756235233293,-68.09800742483394,3.888624725480815,3.888624725480815,1443.6807012966194,-0.05710335548030608
0.0436,85.56304605770714,85.42526242270793,1201.598985593293,-3119.5545953303167,-7.002420404264478,0.01006546619117673,11.94943349852865,-0.7413122321315369,-67.92471291614574,4.213875122612458,4.213875122612458,1401.8654831921751,-0.06203743735824929
0.0438,85.7997913353084,85.66001409143804,1165.8549206382206,-3109.362806686036,-6.980757739644514,0.00952938653477746,11.945700389697068,-0.798260955511279,-67.71458124875632,4.524967525244379,4.524967525244379,1360.1640740779242,-0.0668241232803531
0.044000000000000004,86.02939947569556,85.88768035093254,1130.2275976961437,-3097.4761526539005,-6.955251951412863,0.009009312518078688,11.942146826223883,-0.8533670146615373,-67.46717060453395,4.821097814676324,4.821097814676324,1318.5988639788343,-0.0714584259496475
0.0442,86.25189576937586,86.10828772874184,1094.736437475517,-3083.874628501879,-6.925857499162204,0.008505209079294527,11.938782126370905,-0.9065752094808457,-67.18203923349581,5.101489469091321,5.101489469091321,1277.1925103881033,-0.07593531734517231
0.0444,86.46730941392292,86.32186665936551,1059.401089936648,-3068.538230065595,-6.892528849477626,0.00801703031874436,11.935615243534764,-0.9578299187655293,-66.85874545348668,5.365396372102971,5.365396372102971,1235.967938259423,-0.08024973151546275
0.0446,86.67567355982648,86.52845153002234,1024.2414342851525,-3051.446953741376,-6.855220475905908,0.007544719514046458,11.932654731726187,-1.0070751002088107,-66.49684764988095,5.612105689484433,5.612105689484433,1194.9483399993446,-0.0843965674738941
0.0448,86.87702535634081,86.72808072641921,989.2775789654963,-3032.580796479517,-6.813886858927921,0.007088209132651027,11.929908710265085,-1.0542542904010723,-66.09590427531494,5.840940811242889,5.840940811242889,1154.1571754597458,-0.08837069218257636
0.045000000000000005,87.07140599733181,86.92079667852147,954.5298616546236,-3011.9197557774673,-6.768482485933815,0.006647420841423105,11.927384827728421,-1.0993106048311416,-65.65547384944618,6.051264355964929,6.051264355964929,1113.618171930394,-0.09216694360992678
0.045200000000000004,87.25886076712295,87.1066459063218,920.0188492556675,-2989.4438296732446,-6.718961851201929,0.006222265513011397,11.925090225190221,-1.1421867378889967,-65.17511495874888,6.242481234148171,6.242481234148171,1073.3553241316122,-0.09578013384555145
0.0454,87.43943908633983,87.28567906560998,885.7653378917489,-2965.1330167388282,-6.665279455881108,0.005812643228764137,11.923031498795503,-1.1828249628697514,-64.65438625634232,6.414041767041408,6.414041767041408,1033.3928942070404,-0.09920505225447435
0.0456,87.61319455775357,87.45795099374209,851.7903528998576,-2938.9673160737266,-6.607389807977071,0.00541844327797857,11.921214661711687,-1.2211671319792057,-64.09284646185873,6.565444857359326,6.565444857359326,993.7554117165005,-0.10243646865124618
0.0458,87.78018501212301,87.62352075541068,818.1151488248174,-2910.9267272984976,-6.545247422342535,0.005039544153296937,11.919645105502692,-1.2571546763408263,-63.49005436134735,6.696241208108934,6.696241208108934,954.4676736289537,-0.10546913647290239
0.046,87.94047255403565,87.7824516884139,784.7612094133367,-2880.991250548562,-6.478806820671999,0.004675813542087547,11.918327560971822,-1.2907286060045469,-62.845568807223984,6.806036585681556,6.806036585681556,915.5547443155594,-0.10829779592828213
0.046200000000000005,88.09412360774745,87.93481144942498,751.7502476081384,-2849.140886467836,-6.408022531500282,0.00432710831367514,11.91726605852024,-1.3218295099570028,-62.15894871825671,6.894495123313369,6.894495123313369,877.0419555428281,-0.11091717709968904
0.046400000000000004,88.24120896302145,88.08067205976205,719.1042055421756,-2815.3556362026998,-6.33284909020607,0.003993274502311359,11.916463888067678,-1.3503975561337376,-61.42975307960033,6.961342661026834,6.961342661026834,838.9549064658715,-0.11332200297153018
0.0466,88.38180382096527,88.22010995115723,686.8452545329264,-2779.6155013958205,-6.253241039019478,0.0036741472858007225,11.915923558581465,-1.3763724914329527,-60.65754094286972,7.006370118211191,7.006370118211191,801.3194636217476,-0.11550699235912214
0.0468,88.51598783986742,88.35320601152648,654.9957950767704,-2741.9004841802625,-6.169152927034667,0.0033695509597232785,11.915646757258614,-1.3996936417312529,-59.84187142626221,7.029436895115608,7.029436895115608,764.1617609228988,-0.11746686270962223
0.047,88.64384518103252,88.48004563073927,623.5784568434447,-2702.1905871735194,-6.08053931022671,0.00307929890721947,11.915634308403718,-1.4202999119010387,-58.982303714721176,7.03047429969017,7.03047429969017,727.5081996506852,-0.11919633274573946
0.0472,88.76546455461542,88.60071874638787,592.6160986705787,-2660.4658134716938,-5.987354751473248,0.002803193564326778,11.915886132042658,-1.4381297858297823,-58.07839706014615,7.009488996445039,7.009488996445039,691.3854484490085,-0.12069012492176724
0.047400000000000005,88.8809392654543,88.7153198895565,562.1318085583084,-2616.706166643808,-5.889553820580868,0.002541026380881239,11.916401202308482,-1.4531213264411575,-57.12971078164864,6.96656647429316,6.96656647429316,655.8204433180265,-0.12194296766037505
0.0476,88.99036725890255,88.82394823059192,532.1489036639646,-2570.8916507260174,-5.78709109431567,0.002292577777019107,11.917177505631516,-1.4652121757178,-56.135804265848655,6.901874530707011,6.901874530707011,620.8403876079586,-0.12294959733757489
0.0478,89.09385116665972,88.92670762487182,502.6909302968409,-2523.0022702161828,-5.679921156438968,0.0020576170953356086,11.918211998760434,-1.4743395547261007,-55.09623696722103,6.815666769963888,6.815666769963888,586.4727520129811,-0.12370475998240683
0.048,89.1914983526014,89.02370665857501,473.7816639130337,-2473.018030068157,-5.56799859774662,0.001835902548778378,11.91950056663487,-1.4804402636423957,-54.01056840847692,6.7082861137608445,6.7082861137608445,552.7452745652059,-0.12420321265695075
0.0482,89.28342095860806,89.11505869445105,445.4451091103578,-2420.9189356865018,-5.45127801611351,0.0016271811643719647,11.92103798012301,-1.483450681781198,-52.87835818099525,6.580168323082414,6.580168323082414,519.6859606287508,-0.12443972448160011
0.048400000000000006,89.3697359503929,89.20088191758931,417.7054996233341,-2366.6849929210202,-5.329714016541628,0.0014311887228887256,11.9228178536296,-1.4833067676248266,-51.69916594528916,6.431845530866796,6.431845530866796,487.3230828938898,-0.12440907726970529
0.048600000000000004,89.4505651633286,89.2812993811884,390.5872983182488,-2310.296208061572,-5.203261211212754,0.001247649694597122,11.924832602570657,-1.4799440588548392,-50.472551431517026,6.263949785778667,6.263949785778667,455.6851813712903,-0.12410606573511188
0.0488,89.52603534827335,89.35643905232628,364.11519718828237,-2251.732587832664,-5.071874219544378,0.0010762771712345747,11.92707340070126,-1.4732976723847144,-49.19807444002483,6.077216608228199,6.077216608228199,424.8010633863294,-0.12352549723539816
0.049,89.59627821739564,89.4264338577299,338.31411734870966,-2190.9741393884474,-4.935507668250155,0.0009167727943654515,11.929530137271495,-1.4633023043943232,-47.87529484193273,5.872488560708806,5.872488560708806,394.6998035734946,-0.12266219101308273
0.0492,89.66143048999814,89.49142172954367,313.2092090321657,-2128.0008703075964,-4.794116191403555,0.0007688266802968545,11.932191373973629,-1.4498922303656214,-46.5037725797523,5.650718835530949,5.650718835530949,365.41074387086,-0.12151097689634037
0.0494,89.72163393834084,89.55154565110033,288.82585158397933,-2062.7927885882636,-4.6476544305049075,0.0006321173417355375,11.935044301630347,-1.4330013051196677,-45.083067668037025,5.412974864137733,5.412974864137733,336.96349351464255,-0.12006669342014234
0.049600000000000005,89.77703543346301,89.60695370268911,265.18965345757164,-1995.32990264309,-4.496077034551671,0.0005063116063782022,11.938074696559402,-1.4125629628548722,-43.61274019406384,5.160441953383119,5.160441953383119,309.38792903383364,-0.11832418532797236
0.049800000000000004,89.82778699100442,89.65779910732671,242.32645220991978,-1925.5922212943726,-4.339338660111896,0.0003910645326339881,11.941266876534641,-1.3885102171864863,-42.09235031854573,4.8944269554466695,4.8944269554466695,282.7141942449064,-0.11627830041341747
0.05,89.87404581702555,89.70424027652562,220.26231449708197,-1853.5597537692252,-4.177393971400351,0.0002860193226839237,11.944603656246603,-1.3607756611871027,-40.52145827637025,4.616361979449753,4.616361979449753,256.97270024659565,-0.11392388565990345
0.0502,89.915974353827,89.74644085606431,199.02353606978556,-1779.2125096947416,-4.010197640357101,0.00019080723308474652,11.948066302147968,-1.329291467428078,-38.899624377361654,4.32780815433608,4.32780815433608,232.1941254147498,-0.11125578263564742
0.0504,89.95374032576794,89.78456977175652,178.63664176907517,-1702.5304990934253,-3.8377043467289376,0.00010504748312662897,11.95163448654974,-1.2939893880220474,-37.22640900707083,4.030459454188358,4.030459454188358,208.40941539725438,-0.1082688220994619
0.0506,89.9875167850838,89.81880127522058,159.12838552201916,-1623.4937323783688,-3.659868778152271,2.8347161153614336e-05,11.955286240813521,-1.2548007546659559,-35.50137262757935,3.7261465988732847,3.7261465988732847,185.64978310902234,-0.10495781777120967
0.050800000000000005,90.01748215770297,89.8493149896501,140.52575033747564,-1542.0822203487992,-3.476645630238688,-3.969887094606619e-05,11.958997907462818,-1.211656478685105,-33.72407577832943,3.4168410447652153,3.4168410447652153,163.9467087270549,-0.10131755921865246
0.051000000000000004,90.04382028906277,89.87629595558163,122.85594830191415,-1458.2759741854504,-3.287989606661737,-9.950807487718508e-05,11.96274409101262,-1.1644870510776142,-31.894079076965706,3.104659082281529,3.104659082281529,143.3319396855665,-0.09734280380974386
0.0512,90.06672048992452,89.8999346766655,106.1464205752937,-1372.0550054461225,-3.093855419245567,-0.00015151033450461418,11.9664976072907,-1.1132225425595674,-30.0109432201951,2.791866059108368,2.791866059108368,123.837490671176,-0.09302826767636056
0.0514,90.08637758218788,89.92042716543514,90.42483738699516,-1283.3993260612567,-2.8941977880548424,-0.00019614805566064782,11.97022943099639,-1.0577926036105945,-28.07422898465897,2.4808807503007486,2.4808807503007486,105.49564361816103,-0.08836861563166754
0.0516,90.1029919447043,89.93797498907642,75.719098031807,-1192.28894832952,-2.6889714414857346,-0.00023387626701132244,11.973908641212741,-0.9981264645198116,-26.08349722781577,2.174279898938265,2.174279898938265,88.33894770377482,-0.08335844997884662
0.051800000000000006,90.11676955908968,89.95278531519736,62.05733086596397,-1098.7038849135477,-2.478131116358157,-0.00026516272181123496,11.977502364555285,-0.9341529354321909,-24.038308888835743,1.8748029537262705,1.8748029537262705,72.40021934362464,-0.07799229814361011
0.052000000000000005,90.12792205553622,89.96507095759716,49.4678933032366,-1002.624148835568,-2.2616315580084674,-0.00029048800038811536,11.980975715605446,-0.8658004063950329,-21.938224989500128,1.5853570328796072,1.5853570328796072,57.71254218710937,-0.07226459905659532
0.0522,90.13666675862365,89.97505042203677,37.97937181107216,-904.0297534732636,-2.039427520383279,-0.0003103456132111435,11.984291734237766,-0.7929968474048124,-19.782806635111175,1.3090221468527983,1.3090221468527983,44.309267112917524,-0.06616968820437757
0.0524,90.14322673312948,89.98294795200701,27.620581906784434,-802.9007125555712,-1.8114737661335922,-0.0003252421044110139,11.987411319407775,-0.7156698084540715,-17.571615015405218,1.0490567160187356,1.0490567160187356,32.22401222458184,-0.05970178125909409
0.0526,90.1478308298386,89.98899357449972,18.42056815379241,-699.2170401584748,-1.577725066709238,-0.0003356971556345409,11.990293158920334,-0.633746419578353,-15.3042114054688,0.8089034233054057,0.8089034233054057,21.490662846091144,-0.05285495618652736
0.0528,90.15071373135214,89.9934231457755,10.408604157907845,-592.9587507010377,-1.338136202454095,-0.0003422436901318635,11.992893654646444,-0.5471533909033708,-12.980157166662298,0.5921954461295805,0.5921954461295805,12.143371517559155,-0.04562313372064176
0.053000000000000005,90.15211599789562,89.99647839713508,3.6141925636687,-484.10585894128167,-1.0926619627011054,-0.0003454279769894126,11.995166842598575,-0.45581701269201075,-10.599013747541587,0.40276311678540605,0.40276311678540605,4.216557990946817,-0.038000056078691835
0.053200000000000004,90.15228411312619,89.99840698068721,-1.93293494928001,-372.63837997219764,-0.8412571458676622,-0.00034580973543778124,11.997064307209904,-0.35966315539140065,-8.16034268478332,0.24464106584145456,0.24464106584145456,-2.255090774160012,-0.029979263774993107
0.0534,90.15147052993942,89.99946251511932,-6.20281766975956,-258.5363292178174,-0.5838765595511513,-0.00034396223917830136,11.998535089090062,-0.25861726967996135,-5.663705604111697,0.12207590916146953,0.12207590916146953,-7.236620614719488,-0.02155407037273366
0.0536,90.14993371627519,89.99990463146685,-9.165265858585911,-141.77972242932356,-0.320475020624555,-0.0003404724206863788,11.999525585447877,-0.1526043865144004,-3.1086642212258426,0.03953454601028123,0.03953454601028123,-10.692810168350231,-0.012717534991505625
0.0538,90.14793820092292,89.99999901888194,-10.789860752053645,-22.348575681069175,-0.05100735533180064,-0.00033594097546274857,11.999979442278345,-0.041549117176515736,-0.4947803427246976,0.0017131434712359761,0.0017131434712359761,-12.58817087739592,-0.0034624323630197086
0.054,90.14575461932617,90.0,-11.045954565374464,11.35282528374663,0.02503995681192881,-0.0003309824662149153,12.00000238847603,-0.009833491967518423,0.24289199729384212,-0.0001990396690801687,-0.0001990396690801687,-12.886946992936872,-0.0008194575008553187
0.054200000000000005,90.14355843645349,90.0,-10.915880844141705,11.232537102646594,0.024776419193280115,-0.00032599534131925876,12.000002332321468,-0.009704436520218667,0.24033563591365192,-0.00019436012241334455,-0.00019436012241334455,-12.735194318165323,-0.0008087028861719637
0.054400000000000004,90.14138813050015,90.0,-10.787185296208381,11.113450594577168,0.024515503601613847,-0.00032106697764828796,12.00000227741258,-0.00957682051637964,0.23780470865762993,-0.00018978438171222793,-0.00018978438171222793,-12.58504951224311,-0.0007980682249040855
0.0546,90.13924342720834,90.0,-10.659854153781563,10.995554194796046,0.024257184871424003,-0.00031619675243678175,12.000002223722905,-0.009450629140891708,0.2352989714159295,-0.00018531024200054992,-0.00018531024200054992,-12.436496512745157,-0.0007875522824661382
0.0548,90.13712405506057,90.0,-10.533873781567165,10.878836447039461,0.02400143807280446,-0.00031138404914140844,12.000002171226523,-0.009325847724012076,0.23281818236406446,-0.0001809355436047073,-0.0001809355436047073,-12.289519411828358,-0.0007771538363862545
0.055,90.13502974525328,90.0,-10.409230675527086,10.763286002525085,0.023748238509286763,-0.0003066282573807255,12.000002119898054,-0.009202461739981014,0.23036210194193513,-0.00017665817124707924,-0.00017665817124707924,-12.144102454781597,-0.0007668716761909367
0.055200000000000006,90.13296023167071,90.0,-10.285911461647785,10.648891618960949,0.02349756171569045,-0.0003019287728759869,12.000002069712638,-0.009080456805653966,0.22793049283297617,-0.00017247605315711618,-0.00017247605315711618,-12.000230038589082,-0.0007567046032910738
0.055400000000000005,90.13091525085902,90.0,-10.16390289472022,10.535642159565233,0.023249383455997287,-0.00029728499739235424,12.000002020645923,-0.00895981867914446,0.22552311994353633,-0.0001683871601998504,-0.0001683871601998504,-11.857886710506925,-0.0007466514308688576
0.055600000000000004,90.12889454200067,90.0,-10.043191857130997,10.423526592094632,0.02300367972124396,-0.00029269633868068365,12.00000197267406,-0.008840533258480048,0.22313975038243702,-0.00016438950502149652,-0.00016438950502149652,-11.71705716665283,-0.0007367109837657834
0.0558,90.12689784688898,90.0,-9.923765357664662,10.31253398788116,0.022760426727433027,-0.00028816221041989094,12.000001925773695,-0.008722586580271066,0.2207801534407084,-0.00016048114121181248,-0.00016048114121181248,-11.577726250608771,-0.0007268820983717202
0.056,90.12492490990299,90.0,-9.805610530317033,10.202653520877618,0.02251960091346264,-0.0002836820321598633,12.00000187992195,-0.008605964818391878,0.21844410057150712,-0.00015666016248289742,-0.00015666016248289742,-11.439878952036537,-0.0007171636225150202
0.0562,90.12297547798256,90.0,-9.688714633119458,10.093874466711927,0.022281178939075438,-0.00027925522926489104,12.000001835096423,-0.008490654282674232,0.21613136537022032,-0.00015292470186410972,-0.00015292470186410972,-11.303500405306034,-0.0007075544153536379
0.056400000000000006,90.12104930060363,90.0,-9.573065046973921,9.986186201750913,0.022045137682828144,-0.00027488123285756,12.00000179127517,-0.00837664141761191,0.21384172355477038,-0.0001492729309127926,-0.0001492729309127926,-11.168575888136242,-0.0006980533472671901
0.056600000000000004,90.1191461297538,90.0,-9.458649274498853,9.879578202170533,0.021811454240074725,-0.0002705594797633371,12.000001748436707,-0.00826391280107943,0.21157495294605114,-0.0001457030589405061,-0.0001457030589405061,-11.035090820248662,-0.0006886592997501859
0.0568,90.11726571990812,90.0,-9.34545493888562,9.774040043036731,0.02158010592097295,-0.0002662894124555011,12.000001706559988,-0.008152455143060617,0.20933083344859124,-0.00014221333225446255,-0.00014221333225446255,-10.903030762033225,-0.0006793711653060807
0.057,90.11540782800498,90.0,-9.233469782765525,9.66956139739386,0.021351070248507215,-0.0002620704790006507,12.000001665624401,-0.008042255284389718,0.20710914703137512,-0.0001388020334138725,-0.0001388020334138725,-10.772381413226446,-0.0006701878473423738
0.0572,90.11357221342247,90.0,-9.122681667087255,9.566132035360258,0.021124324956526698,-0.0002579021330048184,12.000001625609766,-0.007933300195505344,0.2049096777088128,-0.00013546748050091684,-0.00013546748050091684,-10.643128611601796,-0.000661108260066775
0.0574,90.11175863795475,90.0,-9.013078570004705,9.463741823234368,0.020899847987806707,-0.0002537838335599015,12.000001586496317,-0.007825576975213817,0.20273221152193457,-0.0001322080264060568,-0.0001322080264060568,-10.515258331672156,-0.0006521313283841555
0.057600000000000005,90.10996686578876,90.0,-8.904648585775023,9.362380722606275,0.020677617492121343,-0.0002497150451908145,12.000001548264697,-0.0077190728494666,0.2005765365196956,-0.00012902205812741086,-0.00012902205812741086,-10.388756683404196,-0.0006432559877946719
0.057800000000000004,90.10819666348105,90.0,-8.797379923666849,9.26203878947991,0.020457611824339705,-0.0002456952378029297,12.000001510895952,-0.007613775170146631,0.19844244274050862,-0.00012590799608392064,-0.00012590799608392064,-10.263609910944657,-0.0006344811842926315
0.058,90.10644779993495,90.0,-8.6912609068786,9.162706173401116,0.020239809542534435,-0.00024172388663018152,12.000001474371523,-0.007509671413868062,0.19632972219389666,-0.0001228642934420457,-0.0001228642934420457,-10.139804391358368,-0.0006258058742664752
0.0582,90.10472004637789,90.0,-8.586279971466759,9.064373116594702,0.0200241894061099,-0.00023780047218357483,12.000001438673225,-0.00740674918078609,0.1942381688423359,-0.00011988943545572008,-0.00011988943545572008,-10.017326633377886,-0.0006172290243996015
0.0584,90.10301317633882,90.0,-8.48242566528403,8.967029953110313,0.01981073037394966,-0.00023392448020009683,12.000001403783266,-0.007304996193416988,0.19216757858328598,-0.00011698193881931467,-0.00011698193881931467,-9.896163276164701,-0.0006087496115720392
0.058600000000000006,90.10132696562613,90.0,-8.379686646927306,8.870667107973095,0.01959941160257386,-0.00023009540159235067,12.000001369684213,-0.00720440029547199,0.1901177492313161,-0.00011414035103336056,-0.00011414035103336056,-9.776301088081855,-0.0006003666227632754
0.058800000000000005,90.09966119230548,90.0,-8.278051684695338,8.775275096345798,0.0193902124443219,-0.00022631273239836174,12.000001336358997,-0.007104949450698502,0.188088480500477,-0.00011136324978277493,-0.00011136324978277493,-9.657726965477895,-0.0005920790549556942
0.059000000000000004,90.098015636678,90.0,-8.177509655556035,8.680844522695072,0.019183112445543788,-0.00022257597373213475,12.000001303790908,-0.007006631741735377,0.18607957398675634,-0.0001086492423273591,-0.0001086492423273591,-9.540427931482041,-0.0005838859150391858
0.0592,90.0963900812587,90.0,-8.07804954412328,8.587366079967522,0.018978091344812886,-0.00021888463173449875,12.00000127196358,-0.006909435368976816,0.1840908331507423,-0.00010599696490432248,-0.00010599696490432248,-9.424391134810495,-0.0005757862197164762
0.0594,90.09478431075496,90.0,-7.979660441643227,8.494830548773624,0.018775129071155774,-0.00021523821752438528,12.000001240860986,-0.0068133486494464796,0.18212206330045286,-0.00010340508214260122,-0.00010340508214260122,-9.309603848583766,-0.0005677789954093063
0.0596,90.09319811204536,90.0,-7.882331544989908,8.403228796576174,0.018574205742291468,-0.00021163624715079909,12.000001210467438,-0.006718360015684936,0.18017307157425588,-0.00010087228648875021,-0.00010087228648875021,-9.196053469154892,-0.0005598632781657223
0.059800000000000006,90.09163127415866,90.0,-7.786052155670167,8.312551776889938,0.018375301662895544,-0.00020807824154493314,12.000001180767573,-0.006624458014643767,0.17824366692403087,-9.839729764417102e-05,-9.839729764417102e-05,-9.083727514948528,-0.0005520381135679219
0.060000000000000005,90.09008358825292,90.0,-7.690811678837755,8.222790528485227,0.018178397322872186,-0.00020456372647300502,12.000001151746345,-0.0065316313065932816,0.17633366009840748,-9.597886201346944e-05,-9.597886201346944e-05,-8.972613625310714,-0.0005443025566412335
0.060200000000000004,90.08855484759492,90.0,-7.596599622316539,8.133936174601361,0.017983473395648143,-0.00020109223248932406,12.000001123389026,-0.006439868664037835,0.17444286362621655,-9.361575216371573e-05,-9.361575216371573e-05,-8.862699559369297,-0.0005366556717637286
0.0604,90.08704484753972,90.0,-7.503405595632739,8.045979922165271,0.01779051073647742,-0.00019766329488996493,12.000001095681196,-0.006349158970643259,0.17257109180004554,-9.130676629440447e-05,-9.130676629440447e-05,-8.753973194904862,-0.0005290965325768448
0.0606,90.08555338551037,90.0,-7.411219309056103,7.95891306101832,0.017599490380764023,-0.0001942764536667872,12.000001068608732,-0.006259491220173244,0.1707181606599685,-8.905072771790107e-05,-8.905072771790107e-05,-8.64642252723212,-0.0005216242218967538
0.0608,90.08408026097791,90.0,-7.320030572649959,7.872726963149823,0.017410393542399153,-0.00019093125346191674,12.000001042157812,-0.006170854515435961,0.16888388797741685,-8.684648435017348e-05,-8.684648435017348e-05,-8.540035668091619,-0.0005142378316265823
0.061000000000000006,90.08262527544147,90.0,-7.229829295330023,7.7874130819385545,0.01722320161211582,-0.00018762724352257352,12.000001016314899,-0.006083238067239559,0.16706809323921873,-8.469290821160657e-05,-8.469290821160657e-05,-8.434800844551694,-0.0005069364626693732
0.061200000000000004,90.0811882324086,90.0,-7.140605483931922,7.702962951398582,0.01703789615585247,-0.00018436397765653445,12.000000991066738,-0.005996631193359933,0.1652705976317259,-8.25888949377116e-05,-8.25888949377116e-05,-8.330706397920576,-0.0004997192248420693
0.0614,90.0797689373758,90.0,-7.05234924228734,7.619368185435381,0.016854458913139442,-0.00018114101418774032,12.00000096640036,-0.005911023317514802,0.16349122402516214,-8.053336329952486e-05,-8.053336329952486e-05,-8.227740782668564,-0.000492585236790021
0.0616,90.07836719780919,90.0,-6.965050770308695,7.5366204771053225,0.016672871795492136,-0.00017795791591259587,12.000000942303057,-0.005826403968350711,0.1617297969580366,-7.852525473352264e-05,-7.852525473352264e-05,-8.125892565360143,-0.00048553362590257425
0.0618,90.07698282312533,90.0,-6.878700363082299,7.4547115978852485,0.01649311688482663,-0.0001748142500564136,12.000000918762394,-0.005742762778436237,0.1599861426217751,-7.65635328808522e-05,-7.65635328808522e-05,-8.025150423596015,-0.000478563528229172
0.062,90.07561562467245,90.0,-6.793288409969889,7.373633396945173,0.01631517643188147,-0.00017170958823055092,12.000000895766199,-0.005660089483268051,0.1582600888454111,-7.464718313571293e-05,-7.464718313571293e-05,-7.92550314496487,-0.00047167408839652876
0.062200000000000005,90.07426541571148,90.0,-6.708805393718481,7.293377800431225,0.016139032854662255,-0.00016864350638966236,12.000000873302547,-0.005578373920282729,0.15655146508049808,-7.277521220269372e-05,-7.277521220269372e-05,-7.8269396260048945,-0.0004648644595262844
0.062400000000000004,90.07293201139758,90.0,-6.625241889578452,7.213936810751878,0.01596466873689282,-0.00016561558478961602,12.000000851359772,-0.005497606027881014,0.15486010238608555,-7.094664766290777e-05,-7.094664766290777e-05,-7.729448871174861,-0.0004581338031536936
0.0626,90.0716152287617,90.0,-6.542588564429792,7.135302505873475,0.015792066826486987,-0.00016262540794558284,12.00000082992645,-0.005417775844458446,0.15318583341389494,-6.916053754873969e-05,-6.916053754873969e-05,-7.6330199918347565,-0.0004514812891468486
0.06280000000000001,90.0703148866923,90.0,-6.460836175916427,7.057467038620253,0.015621210034029815,-0.00015967256459067477,12.000000808991398,-0.005338873507446933,0.1515284923935873,-6.741594992704779e-05,-6.741594992704779e-05,-7.537642205235832,-0.0004449060956268107
0.063,90.06903080591738,90.0,-6.379975571588567,6.980422635980621,0.015452081431272286,-0.00015675664763498685,12.00000078854367,-0.005260889252365459,0.14988791511816152,-6.571197249065351e-05,-6.571197249065351e-05,-7.443304833519995,-0.000438407408888506
0.0632,90.06776280898649,90.0,-6.299997688052995,6.904161598421665,0.015284664249644237,-0.00015387725412487017,12.000000768572546,-0.005183813411877771,0.14826393892952966,-6.40477121579508e-05,-6.40477121579508e-05,-7.349997302728494,-0.00043198442332220027
0.0634,90.06651072025304,90.0,-6.22089355013122,6.828676299208249,0.015118941878776895,-0.00015103398520272473,12.000000749067535,-0.0051076364148605405,0.14665640270418506,-6.242229468048609e-05,-6.242229468048609e-05,-7.257709141819757,-0.00042563634133584795
0.0636,90.06527436585671,90.0,-6.142654270025416,6.753959183729069,0.01495489786504067,-0.0001482264460671097,12.000000730018371,-0.005032348785479469,0.14506514683901886,-6.0834864258347404e-05,-6.0834864258347404e-05,-7.166429981696319,-0.00041936237327810266
0.06380000000000001,90.06405357370615,90.0,-6.065271046492097,6.680002768827846,0.01479251591009385,-0.0001454542459333155,12.000000711414998,-0.004957941142275092,0.14349001323724195,-5.9284583163214824e-05,-5.9284583163214824e-05,-7.076149554240781,-0.0004131617373621363
0.064,90.06284817346162,90.0,-5.98873516402345,6.606799642142336,0.014631779869448594,-0.00014271699799416719,12.000000693247577,-0.004884404197255425,0.14193084529447492,-5.777063136891612e-05,-5.777063136891612e-05,-6.986857691360692,-0.00040703365959002724
0.06420000000000001,90.06165799651802,90.0,-5.913037992036233,6.534342461447544,0.014472673751045663,-0.0001400143193813472,12.000000675506474,-0.0048117287549989006,0.14038748788492267,-5.6292206189349376e-05,-5.6292206189349376e-05,-6.8985443240422715,-0.0004009773736780074
0.0644,90.06048287598796,90.0,-5.83817098406821,6.462623954006584,0.014315181713846057,-0.00013734583112694906,12.000000658182262,-0.004739905711764103,0.1388597873477131,-5.484852192362082e-05,-5.484852192362082e-05,-6.8111994814129115,-0.00039499212098227464
0.0646,90.05932264668498,90.0,-5.764125676982015,6.391636915926266,0.014159288066432655,-0.0001347111581254934,12.000000641265714,-0.004668926054608995,0.13734759147333264,-5.343880950826322e-05,-5.343880950826322e-05,-6.724813289812351,-0.0003890771504255965
0.0648,90.05817714510704,90.0,-5.6908936901764084,6.321374211518695,0.014004977265624925,-0.00013210992909629007,12.000000624747795,-0.004598780860518289,0.13585074949018888,-5.206231617639401e-05,-5.206231617639401e-05,-6.639375971872476,-0.00038323171842459314
0.065,90.05704620941997,90.0,-5.618466724804829,6.251828772669911,0.013852233915109093,-0.00012954177654606026,12.000000608619661,-0.004529461295537795,0.1343691120513228,-5.071830512367417e-05,-5.071830512367417e-05,-6.554877845605634,-0.0003774550888176006
0.06520000000000001,90.05592967944135,90.0,-5.546836563001204,6.1829935982118736,0.013701042764075164,-0.00012700633673210716,12.000000592872663,-0.004460958613919253,0.13290253122118767,-4.940605518094418e-05,-4.940605518094418e-05,-6.471309323501404,-0.000371746532793408
0.0654,90.05482739662426,90.0,-5.475995067112932,6.114861753302692,0.01355138870587221,-0.0001245032496256312,12.000000577498326,-0.00439326415727073,0.13145086046260523,-4.812486049339445e-05,-4.812486049339445e-05,-6.388660911631754,-0.0003661053288204596
0.0656,90.0537392040414,90.0,-5.405934178940987,6.047426368811495,0.013403256776673578,-0.00012203215887547808,12.000000562488363,-0.004326369353715988,0.1300139546238178,-4.687403020615082e-05,-4.687403020615082e-05,-6.306923208764485,-0.00036053076257680245
0.0658,90.05266494636922,90.0,-5.336645918987048,5.980680640708807,0.013256632154153989,-0.00011959271177223343,12.00000054783466,-0.004260265717061797,0.128591669925656,-4.5652888156147026e-05,-4.5652888156147026e-05,-6.22608690548489,-0.0003550221268806976
0.066,90.05160446987225,90.0,-5.268122385707635,5.9146178294621246,0.013111500156177845,-0.00011718455921269299,12.00000053352927,-0.004194944845973485,0.1271838639488151,-4.4460772570162606e-05,-4.4460772570162606e-05,-6.146142783325574,-0.000349578721621917
0.06620000000000001,90.05055762238766,90.0,-5.200355754775153,5.849231259437566,0.012967846239500813,-0.00011480735566462137,12.00000051956443,-0.004130398423157638,0.1257903956212601,-4.329703576890237e-05,-4.329703576890237e-05,-6.067081713904344,-0.0003441998536936364
0.0664,90.0495242533098,90.0,-5.133338278345799,5.7845143183071945,0.012825655998483716,-0.00011246075913182846,12.000000505932526,-0.004066618214552286,0.12441112520575034,-4.216104387700049e-05,-4.216104387700049e-05,-5.988894658070098,-0.000338884836924952
0.0666,90.048504213575,90.0,-5.0670622843342645,5.720460456461577,0.012684915163817766,-0.00011014443111959247,12.000000492626118,-0.0040035960685248445,0.12304591428747394,-4.1052176538833444e-05,-4.1052176538833444e-05,-5.911572665056642,-0.0003336329920140432
0.0668,90.04749735564657,90.0,-5.001520175695153,5.657063186427095,0.012545609601259968,-0.00010785803660045815,12.000000479637919,-0.003941323915078199,0.12169462576178101,-3.996982664002954e-05,-3.996982664002954e-05,-5.835106871644346,-0.00032844364646201433
0.067,90.0465035334997,90.0,-4.93670442971109,5.594316082289753,0.012407725310382825,-0.00010560124398026625,12.0000004669608,-0.0038797937650630965,0.12035712382205563,-3.891340003455884e-05,-3.891340003455884e-05,-5.759488501329604,-0.00032331613450726126
0.06720000000000001,90.04552260260685,90.0,-4.872607597287422,5.532212779122161,0.012271248423330565,-0.00010337372506467387,12.000000454587784,-0.003818997709399972,0.119033273947651,-3.788231527730173e-05,-3.788231527730173e-05,-5.6847088635019905,-0.0003182497970606252
0.0674,90.04455441992293,90.0,-4.80922230225349,5.470746972418966,0.012136165203594214,-0.0001011751550257323,12.00000044251204,-0.0037589279183049525,0.11772294289200737,-3.687600336197588e-05,-3.687600336197588e-05,-5.610759352629071,-0.0003132439816408933
0.06760000000000001,90.04359884387094,90.0,-4.746541240670365,5.409912417534222,0.012002462044790333,-9.90052123690428e-05,12.000000430726889,-0.0036995766405262653,0.1164259986708057,-3.5893907464331974e-05,-3.5893907464331974e-05,-5.537631447448759,-0.0003082980423111674
0.0678,90.04265573432743,90.0,-4.684557180145032,5.349702929126323,0.011870125469456577,-9.686357890102755e-05,12.000000419225792,-0.0036409362025854614,0.11514231055028426,-3.4935482690501044e-05,-3.4935482690501044e-05,-5.465316710169205,-0.00030341133961563353
0.068,90.0417249526084,90.0,-4.623262959150932,5.290112380606152,0.011739142127853855,-9.474993969666297e-05,12.00000040800235,-0.0035829990080276045,0.11387174903561942,-3.400019583040274e-05,-3.400019583040274e-05,-5.393806785676087,-0.00029858324051707836
0.0682,90.04080636145511,90.0,-4.562651486354832,5.231134703591546,0.01160949879678247,-9.266398306741486e-05,12.0000003970503,-0.003525757536677228,0.11261418585944195,-3.308752511610715e-05,-3.308752511610715e-05,-5.323093400747303,-0.00029381311833488673
0.0684,90.03989982502014,90.0,-4.502715739949932,5.1727638873662505,0.011481182378407846,-9.060540052952039e-05,12.00000038636352,-0.0034692043439018116,0.11136949397044649,-3.21969599850574e-05,-3.21969599850574e-05,-5.253168363274921,-0.00028910035268366513
0.06860000000000001,90.03900520885357,90.0,-4.443448766995191,5.114993978343603,0.011354179899096492,-8.857388677258755e-05,12.000000375936011,-0.0034133320598823715,0.11013754752210003,-3.1328000848056545e-05,-3.1328000848056545e-05,-5.18402356149439,-0.00028444432941245875
0.0688,90.03812237988917,90.0,-4.384843682760779,5.057819079536313,0.011228478508265386,-8.656913962839693e-05,12.000000365761906,-0.0033581333888897634,0.10891822186148083,-3.0480158861921725e-05,-3.0480158861921725e-05,-5.115650963220908,-0.00027984444054444393
0.069,90.03725120643101,90.0,-4.326893670079612,5.001233350029404,0.011104065477237919,-8.459086004013645e-05,12.000000355835468,-0.003303601108569417,0.10771139351818089,-2.965295570672048e-05,-2.965295570672048e-05,-5.048042615092881,-0.00027530008421732357
0.0692,90.0363915581398,90.0,-4.269591978704931,4.945231004458729,0.010980928198112052,-8.263875203186743e-05,12.00000034615108,-0.0032497280692320926,0.10651694019332679,-2.8845923367493553e-05,-2.8845923367493553e-05,-4.981190641822418,-0.00027081066462422405
0.0694,90.03554330601972,90.0,-4.2129319246738355,4.88980631249429,0.010859054182638888,-8.071252267827933e-05,12.000000336703248,-0.0031965071931512583,0.10533474074870175,-2.8058603920377087e-05,-2.8058603920377087e-05,-4.915087245452808,-0.00026637559195514426
0.06960000000000001,90.03470632240519,90.0,-4.156906889676768,4.834953598328976,0.010738431061113114,-7.881188207467535e-05,12.000000327486593,-0.0031439314738664287,0.1041646751959826,-2.72905493230362e-05,-2.72905493230362e-05,-4.849724704622897,-0.00026199428233890116
0.0698,90.03388048094774,90.0,-4.101510320432827,4.780667240170854,0.010619046581270945,-7.693654330733385e-05,12.000000318495854,-0.003091993975494119,0.10300662468604974,-2.654132120932907e-05,-2.654132120932907e-05,-4.785095373838298,-0.00025766615778570966
0.07,90.03306565660317,90.0,-4.04673572807091,4.726941669739685,0.010500888607197167,-7.508622242418719e-05,12.000000309725888,-0.003040687832045744,0.10186047149838523,-2.5810490688117097e-05,-2.5810490688117097e-05,-4.721191682749395,-0.00025339064613034176
0.0702,90.03226172561862,90.0,-3.9925766875166286,4.673771371770778,0.010383945118248535,-7.326063840555841e-05,12.000000301171657,-0.0029900062467492503,0.10072609903062954,-2.5097638146130723e-05,-2.5097638146130723e-05,-4.658006135436067,-0.0002491671809755965
0.0704,90.03146856551997,90.0,-3.939026836884897,4.621150883519677,0.010268204207978356,-7.145951313547554e-05,12.000000292828236,-0.0029399424913807504,0.09960339178814985,-2.4402353054827352e-05,-2.4402353054827352e-05,-4.595531309699046,-0.0002449952016366031
0.07060000000000001,90.03068605509921,90.0,-3.8860798768782043,4.569074794274409,0.010153654083077985,-6.968257137301483e-05,12.000000284690806,-0.0028904899055995177,0.09849223537377236,-2.3724233781145794e-05,-2.3724233781145794e-05,-4.5337598563579045,-0.00024087415308540508
0.0708,90.02991407440196,90.0,-3.8337295701904717,4.517537744870223,0.01004028306232336,-6.792954072407715e-05,12.000000276754648,-0.002841641896291174,0.09739251647756347,-2.3062887402092632e-05,-2.3062887402092632e-05,-4.472684498555551,-0.0002368034858962257
0.07100000000000001,90.02915250471517,90.0,-3.7819697409164696,4.466534427210297,0.00992807957553477,-6.620015161330882e-05,12.000000269015153,-0.0027933919369155487,0.09630412286673941,-2.2417929523075954e-05,-2.2417929523075954e-05,-4.412298031069215,-0.0002327826561911239
0.0712,90.02840122855494,90.0,-3.730794273966726,4.416059583789503,0.009817032162542988,-6.449413725639792e-05,12.00000026146781,-0.002745733566862029,0.09522694337563746,-2.178898409991996e-05,-2.178898409991996e-05,-4.352593319627847,-0.00022881112558627376
0.0714,90.0276601296543,90.0,-3.68019711448789,4.3661080072233,0.009707129472166676,-6.281123363257281e-05,12.0000002541082,-0.0026986603908102013,0.09416086789579668,-2.117568326448197e-05,-2.117568326448197e-05,-4.2935633002358715,-0.0002248883611386854
0.0716,90.02692909295129,90.0,-3.6301722672884953,4.316674539780616,0.009598360261198376,-6.115117945738946e-05,12.000000246932006,-0.0026521660780968667,0.09310578736612182,-2.0577667153803623e-05,-2.0577667153803623e-05,-4.2352009785032445,-0.00022101383529345644
0.0718,90.02620800457714,90.0,-3.5807137962700746,4.267754072921713,0.00949071339340142,-5.951371615572083e-05,12.000000239935005,-0.0026062443620883157,0.09206159376315312,-1.999458374272351e-05,-1.999458374272351e-05,-4.177499428981754,-0.00021718702583146214
0.07200000000000001,90.02549675184437,90.0,-3.531815823863567,4.219341546839174,0.009384177838513422,-5.7898587835093136e-05,12.000000233113063,-0.0025608890395596266,0.09102818009140005,-1.9426088679887598e-05,-1.9426088679887598e-05,-4.1204517945074945,-0.00021340741581763085
0.0722,90.02479522323527,90.0,-3.4834725304709875,4.171431950003759,0.009278742671260443,-5.630554125922398e-05,12.000000226462141,-0.0025160939700791685,0.09000544037377856,-1.8871845127085494e-05,-1.8871845127085494e-05,-4.064051285549485,-0.0002096744935496528
0.0724,90.02410330839027,90.0,-3.435678153912295,4.124020318714675,0.009174397070380747,-5.473432582179179e-05,12.000000219978283,-0.0024718530753986565,0.0889932696421413,-1.8331523601847648e-05,-1.8331523601847648e-05,-4.0082911795643446,-0.00020598775250715203
0.0726,90.02342089809657,90.0,-3.3884269888774194,4.0771017366527795,0.009071130317654755,-5.318469352055174e-05,12.000000213657621,-0.002428160338850134,0.087991563927868,-1.78048018232428e-05,-1.78048018232428e-05,-3.953164820356989,-0.0002023466913014351
0.0728,90.02274788427681,90.0,-3.3417133863834017,4.030671334439866,0.00896893179694847,-5.1656398931538365e-05,12.000000207496374,-0.0023850098047467137,0.08700022025258658,-1.729136456080393e-05,-1.729136456080393e-05,-3.8986656174473016,-0.00019875081362555338
0.07300000000000001,90.02208415997782,90.0,-3.2955317532365855,3.9847242891996717,0.008867790993260296,-5.014919918370142e-05,12.000000201490842,-0.002342395577791221,0.08601913661892704,-1.6790903486531693e-05,-1.6790903486531693e-05,-3.8447870454426836,-0.00019519962820502363
0.0732,90.02142961935955,90.0,-3.249876551499841,3.93925582412519,0.008767697491781874,-4.866285393359951e-05,12.000000195637405,-0.002300311822488205,0.08504821200141148,-1.6303117029902546e-05,-1.6303117029902546e-05,-3.791522643416481,-0.00019169264874882938
0.0734,90.02078415768409,90.0,-3.20474229796474,3.894261208047594,0.008668640976962017,-4.719712534052701e-05,12.000000189932523,-0.0022587527625638143,0.08408734633737407,-1.5827710235833913e-05,-1.5827710235833913e-05,-3.738866014292196,-0.00018822939390107754
0.0736,90.0201476713047,90.0,-3.160123563628676,3.8497357550116735,0.008570611231585226,-4.575177804166984e-05,12.000000184372734,-0.0022177126803886366,0.08313644051802248,-1.5364394625534887e-05,-1.5364394625534887e-05,-3.6868108242334556,-0.00018480938719290206
0.0738,90.01952005765511,90.0,-3.1160149731768465,3.805674823852759,0.008473598135852987,-4.43265791276945e-05,12.000000178954657,-0.002177185916408351,0.08219539637952634,-1.4912888060197998e-05,-1.4912888060197998e-05,-3.6353508020396545,-0.00018143215699501845
0.07400000000000001,90.01890121523881,90.0,-3.07241120446908,3.762073817779337,0.008377591666477745,-4.292129811842383e-05,12.000000173674977,-0.0021371668685779893,0.08126411669422857,-1.4472914607464806e-05,-1.4472914607464806e-05,-3.58447973854726,-0.00017809723647057966
0.0742,90.01829104361842,90.0,-3.0293069880314483,3.7189281839580772,0.008282581895781835,-4.1535706938859294e-05,12.000000168530452,-0.0020976499918029354,0.08034250516190493,-1.4044204410618421e-05,-1.4044204410618421e-05,-3.534191486036689,-0.00017480416352859255
0.07440000000000001,90.01768944340523,90.0,-2.986697106552631,3.676233413104083,0.00818855899080802,-4.016957989531887e-05,12.000000163517923,-0.0020586297973838224,0.07943046640113599,-1.3626493560441431e-05,-1.3626493560441431e-05,-3.4844799576447363,-0.00017155248077765976
0.0746,90.01709631624885,90.0,-2.944576394384978,3.633985039074142,0.008095513212436357,-3.882269365186376e-05,12.000000158634288,-0.002020100852467411,0.07852790594074069,-1.3219523969691762e-05,-1.3219523969691762e-05,-3.435339126782474,-0.00016834173548021996
0.0748,90.0165115648269,90.0,-2.9029397370502257,3.592178638462925,0.00800343491450736,-3.7494827207014e-05,12.000000153876519,-0.0019820577795034476,0.07763473021127071,-1.28230432501446e-05,-1.28230432501446e-05,-3.386763026558597,-0.0001651714795072863
0.075,90.01593509283481,90.0,-2.8617820707498476,3.5508098302045896,0.007912314542957157,-3.618576187055065e-05,12.000000149241655,-0.0019444952557049868,0.07675084653662145,-1.2436804592142719e-05,-1.2436804592142719e-05,-3.3387457492081554,-0.0001620412692934733
0.0752,90.01536680497577,90.0,-2.8210983818799624,3.509874275176841,0.00782214263495776,-3.489528124063579e-05,12.0000001447268,-0.0019074080125149949,0.07587616312569258,-1.20605666466128e-05,-1.20605666466128e-05,-3.2912814455266224,-0.00015895066579254782
0.07540000000000001,90.0148066069507,90.0,-2.7808837065507825,3.469367675808483,0.007732909818064898,-3.3623171181163625e-05,12.00000014032912,-0.0018707908350781553,0.0750105890641216,-1.1694093409495879e-05,-1.1694093409495879e-05,-3.2443643243092466,-0.00015589923443341274
0.0756,90.0142544054484,90.0,-2.741133130110558,3.4292857756921937,0.007644606809377438,-3.23692197991981e-05,12.000000136045848,-0.0018346385617160656,0.07415403430613036,-1.133715410853917e-05,-1.133715410853917e-05,-3.197988651795651,-0.00015288654507637382
0.0758,90.0137101081357,90.0,-2.7018417866739566,3.389624359198503,0.0075572244146990195,-3.113321742281512e-05,12.000000131874277,-0.0017989460834097245,0.07330640966639261,-1.0989523092412528e-05,-1.0989523092412528e-05,-3.152148751119616,-0.00014991217197001376
0.076,90.01317362364777,90.0,-2.663004858654865,3.3503792510952493,0.0074707535277118995,-2.9914956579002416e-05,12.000000127811756,-0.0017637083432850177,0.0724676268120202,-1.0650979722092055e-05,-1.0650979722092055e-05,-3.1068390017640093,-0.00014697569370831636
0.0762,90.01264486157855,90.0,-2.624617576303554,3.3115463161695695,0.007385185129156122,-2.8714231971848268e-05,12.000000123855699,-0.0017289203361040215,0.07163759825460084,-1.032130826447304e-05,-1.032130826447304e-05,-3.062053839020813,-0.00014407669318827515
0.07640000000000001,90.01212373247115,90.0,-2.58667521724817,3.2731214588534407,0.007300510286016403,-2.7530840460932525e-05,12.000000120003573,-0.0016945771077610471,0.0708162373423108,-1.0000297788165118e-05,-1.0000297788165118e-05,-3.017787753456199,-0.00014121475756789762
0.0766,90.01161014780851,90.0,-2.5491731060405214,3.2351006228530927,0.007216720150717486,-2.6364581039890837e-05,12.000000116252906,-0.0016606737547830417,0.07000345825210966,-9.687742061425056e-06,-9.687742061425056e-06,-2.974035290380608,-0.0001383894782245719
0.07680000000000001,90.01110402000396,90.0,-2.5121066137061048,3.1974797907814927,0.007133805960326098,-2.5215254815210058e-05,12.000000112601274,-0.001627205423835043,0.06919917598199919,-9.383439452186458e-06,-9.383439452186458e-06,-2.9307910493237888,-0.00013560045071385495
0.077,90.01060526239206,90.0,-2.4754711572983483,3.160254983793881,0.007051759035759476,-2.408266498525469e-05,12.000000109046315,-0.001594167311230645,0.06840330634334589,-9.087192830144413e-06,-9.087192830144413e-06,-2.8880496835147396,-0.00013284727472867827
0.0772,90.01011378921936,90.0,-2.439262199457027,3.12342226122806,0.006970570781004413,-2.2966616819380017e-05,12.000000105585713,-0.0015615546624457343,0.0676157659533056,-8.79880947084961e-06,-8.79880947084961e-06,-2.845805899366532,-0.00013012955405882604
0.07740000000000001,90.00962951563542,90.0,-2.4034752479707993,3.086977720245472,0.006890232682337629,-2.1866917637449656e-05,12.00000010221721,-0.0015293627716392853,0.06683647222726095,-8.518100961781618e-06,-8.518100961781618e-06,-2.8040544559659324,-0.0001274468965510016
0.0776,90.00915235768375,90.0,-2.3681058553438565,3.050917495478011,0.006810736307558948,-2.0783376789353076e-05,12.000000098938598,-0.001497586981176352,0.0660653433713831,-8.244883110349297e-06,-8.244883110349297e-06,-2.7627901645678326,-0.00012479891406907685
0.07780000000000001,90.0086822322929,90.0,-2.3331496183666203,3.015237758677298,0.006732073305229706,-1.9715805634783142e-05,12.00000009574771,-0.0014662226811563198,0.06530229837524407,-7.97897585378764e-06,-7.97897585378764e-06,-2.7220078880943905,-0.00012218522245478037
0.078,90.0082190572677,90.0,-2.298602177690456,2.9799347183667098,0.006654235403917051,-1.8664017523244723e-05,12.000000092642438,-0.0014352653089460968,0.0645472570044864,-7.720203170912403e-06,-7.720203170912403e-06,-2.681702540638865,-0.00011960544148879643
0.0782,90.00776275128051,90.0,-2.2644592174063725,2.9450046194968564,0.006577214411445751,-1.7627827774236633e-05,12.000000089620716,-0.0014047103487175132,0.0638001397935655,-7.468392995693562e-06,-7.468392995693562e-06,-2.641869086974101,-0.00011705919485221535
0.0784,90.00731323386256,90.0,-2.230716464627673,2.9104437431040764,0.006501002214156533,-1.6607053657635798e-05,12.000000086680526,-0.0013745533309892396,0.06306086803855544,-7.223377132611928e-06,-7.223377132611928e-06,-2.6025025420656185,-0.00011454611008836022
0.0786,90.0068704253954,90.0,-2.197369689076514,2.8762484059726177,0.0064255907761725005,-1.5601514374225835e-05,12.000000083819895,-0.0013447898321725426,0.06232936379003308,-6.98499117376156e-06,-6.98499117376156e-06,-2.5635979705892673,-0.00011206581856493311
0.07880000000000001,90.00643424710245,90.0,-2.1644147026743386,2.8424149603000965,0.006350972138672688,-1.4611031036398972e-05,12.000000081036893,-0.0013154154741211598,0.06160554984603137,-6.753074417663661e-06,-6.753074417663661e-06,-2.525150486453395,-0.0001096179554365051
0.079,90.00600462104047,90.0,-2.1318473591361373,2.8089397933643934,0.006277138419168456,-1.3635426649175716e-05,12.000000078329638,-0.0012864259236870824,0.0608893497450203,-6.527469789762434e-06,-6.527469789762434e-06,-2.487155252325494,-0.000107202159607498
0.0792,90.00558147009144,90.0,-2.0996635535685333,2.775819327195884,0.006204081810791844,-1.2674526091224542e-05,12.000000075696285,-0.0012578168922783182,0.06018068775900379,-6.308023764559e-06,-6.308023764559e-06,-2.449607479163289,-0.00010481807369533163
0.0794,90.00516471795417,90.0,-2.067859222071614,2.743050018250646,0.0061317945815856905,-1.1728156096228212e-05,12.000000073135034,-0.001229584135422861,0.05947948888663369,-6.094586289361448e-06,-6.094586289361448e-06,-2.4125024257502163,-0.00010246534399408788
0.0796,90.0047542891362,90.0,-2.036430341344514,2.7106283570881837,0.006060269073803796,-1.079614523430788e-05,12.000000070644129,-0.0012017234523353372,0.0587856788464213,-5.88701070960959e-06,-5.88701070960959e-06,-2.375835398235267,-0.0001001436204383982
0.07980000000000001,90.0043501089457,90.0,-2.005372928294687,2.6785508680514676,0.005989497703216015,-9.8783238936783e-06,12.000000068221844,-0.0011742306854883853,0.058099184069996625,-5.685153695748028e-06,-5.685153695748028e-06,-2.3396017496771346,-9.785255656772528e-05
0.08,90.00395210348348,90.0,-1.974683039650842,2.646814108949604,0.005919472958418993,-8.974524262505249e-06,12.000000065866502,-0.0011471017201884447,0.05741993169542234,-5.488875171615746e-06,-5.488875171615746e-06,-2.3037968795926487,-9.559180949101221e-05
0.08020000000000001,90.00356019963507,90.0,-1.9443567715795194,2.615414670744161,0.005850187400154944,-8.084580310878482e-06,12.000000063576458,-0.001120332484154848,0.05674784956058588,-5.298038244318856e-06,-5.298038244318856e-06,-2.268416233509439,-9.336103985160699e-05
0.0804,90.00317432506287,90.0,-1.9143902593052582,2.5843491772376703,0.005781633660635041,-7.208327773015835e-06,12.00000006135011,-0.0010939189471036162,0.05608286619663621,-5.112509135560355e-06,-5.112509135560355e-06,-2.2334553025228012,-9.115991179257879e-05
0.0806,90.00279440819833,90.0,-1.884779676734332,2.5536142847660437,0.005713804442871471,-6.345604129553934e-06,12.000000059185886,-0.0010678571203341937,0.055424910821504574,-4.932157114393106e-06,-4.932157114393106e-06,-2.198909622856721,-8.898809292227955e-05
0.08080000000000001,90.0024203782343,90.0,-1.85552123608201,2.523206681892716,0.005646692520013042,-5.496248590098947e-06,12.000000057082254,-0.0010421430563211874,0.05477391333345985,-4.756854431372643e-06,-4.756854431372643e-06,-2.1647747754290116,-8.684525428032206e-05
0.081,90.00205216511743,90.0,-1.826611187503321,2.4931230891055485,0.005580290734686772,-4.660102075950637e-06,12.000000055037715,-0.001016772848310062,0.05412980430472178,-4.586476254079087e-06,-4.586476254079087e-06,-2.1310463854205413,-8.473107030388812e-05
0.08120000000000001,90.00168969954055,90.0,-1.7980458187272923,2.463360258517511,0.005514591998347837,-3.837007202913087e-06,12.000000053050808,-0.000991742629915721,0.05349251497515539,-4.420900603977862e-06,-4.420900603977862e-06,-2.097720121848508,-8.264521879427712e-05
0.0814,90.0013329129352,90.0,-1.7698214546946145,2.4339149735700287,0.005449589290635284,-3.0268082642787512e-06,12.0000000511201,-0.0009670485747249875,0.052861977246021284,-4.260008294594796e-06,-4.260008294594796e-06,-2.064791697143717,-8.058738088377938e-05
0.0816,90.00098173746429,90.0,-1.7419344571987085,2.404784048737513,0.005385275658730056,-2.229351214101401e-06,12.000000049244194,-0.0009426868959043983,0.052238123673748346,-4.103682870982778e-06,-4.103682870982778e-06,-2.0322568667318266,-7.855724100299252e-05
0.0818,90.0006361060147,90.0,-1.7143812245301762,2.3759643292369814,0.005321644216724438,-1.4444836504401627e-06,12.000000047421727,-0.0009186538458094192,0.05162088746381731,-3.95181055044411e-06,-3.95181055044411e-06,-2.000111428618539,-7.65544868482561e-05
0.082,90.00029595219003,90.0,-1.6871581911245765,2.347452690738055,0.005258688144991952,-6.720547989502328e-07,12.000000045651362,-0.0008949457155996302,0.05101020246464857,-3.804280164494697e-06,-3.804280164494697e-06,-1.9683512229786726,-7.457880934958383e-05
0.08220000000000001,89.99996121030344,90.0,-1.660261827213528,2.319246039077597,0.00519640068956764,8.808450352641498e-08,12.000000043931797,-0.0008715588348556548,0.05040600316159087,-3.660983102034419e-06,-3.660983102034419e-06,-1.9369721317491164,-7.262990263874105e-05
0.0824,89.99963181537048,90.0,-1.6336886384790765,2.291341309975363,0.005134775161530275,8.360818250814355e-07,12.000000042261759,-0.0008484895712013263,0.049808224670928596,-3.5218132537081255e-06,-3.5218132537081255e-06,-1.9059700782255895,-7.07074640177587e-05
0.0826,89.99930770310203,90.0,-1.607435165711324,2.2637354687534894,0.00507380493639309,1.5720831548027418e-06,12.000000040640003,-0.0008257343299282699,0.049216802733971776,-3.386666957426156e-06,-3.386666957426156e-06,-1.8753410266632111,-6.881119392764856e-05
0.0828,89.9989888098974,90.0,-1.581497984469268,2.2364255100576287,0.005013483453497934,2.296232918606025e-06,12.000000039065316,-0.0008032895536249796,0.048631673711179255,-3.255442945026161e-06,-3.255442945026161e-06,-1.8450809818808125,-6.694079591749302e-05
0.083,89.99867507283727,90.0,-1.5558737047448405,2.2094084575818314,0.004953804215417745,3.0086739950084994e-06,12.000000037536509,-0.0007811517218082875,0.04805277457636262,-3.128042290047948e-06,-3.128042290047948e-06,-1.8151859888689805,-6.509597661373431e-05
0.08320000000000001,89.99836642967698,90.0,-1.5305589706300944,2.182681363793925,0.004894760787359762,3.7095477305848686e-06,12.00000003605242,-0.0007593173505603501,0.04748004291089717,-3.0043683566066187e-06,-3.0043683566066187e-06,-1.785652132401777,-6.327644568992343e-05
0.0834,89.9980628188396,90.0,-1.5055504599875384,2.156241309666351,0.004836346796581063,4.398993955509963e-06,12.000000034611922,-0.0007377829921662348,0.046913416898052646,-2.8843267493295987e-06,-2.8843267493295987e-06,-1.7564755366521283,-6.148191583651896e-05
0.08360000000000001,89.99776417940934,90.0,-1.480844884123557,2.1300854044070423,0.004778555931803781,5.077150998754706e-06,12.000000033213905,-0.0007165452347573493,0.04635283531732063,-2.767825264348998e-06,-2.767825264348998e-06,-1.7276523648108166,-5.9712102731173097e-05
0.0838,89.99747045112483,90.0,-1.4564389874649106,2.1042107851931875,0.004721381942636653,5.744155703166531e-06,12.000000031857287,-0.0006956007019578931,0.045798237538803514,-2.6547738413210135e-06,-2.6547738413210135e-06,-1.6991788187090622,-5.796672500926921e-05
0.084,89.9971815743725,90.0,-1.4323295472382882,2.078614616908543,0.004664818639004445,6.400143440492019e-06,12.000000030541013,-0.000674946052533619,0.04524956351767981,-2.5450845164498157e-06,-2.5450845164498157e-06,-1.6710511384446696,-5.6245504234652026e-05
0.08420000000000001,89.99689749018013,90.0,-1.40851337315287,2.0532940918824565,0.0046088598905809726,7.0452481261973114e-06,12.000000029264058,-0.0006545779800446363,0.044706753788704326,-2.4386713764997956e-06,-2.4386713764997956e-06,-1.643265602011682,-5.454816487069464e-05
0.0844,89.99661814021033,90.0,-1.3849873070858787,2.028246429631297,0.004553499626227334,7.679602234144082e-06,12.000000028025406,-0.0006344932125015425,0.044169749460758974,-2.335450513774441e-06,-2.335450513774441e-06,-1.6158185249335253,-5.2874434251642914e-05
0.08460000000000001,89.99634346675411,90.0,-1.361748222771094,2.0034688766018833,0.004498731833434425,8.303336811092175e-06,12.000000026824079,-0.0006146885120252195,0.04363849221144505,-2.2353399820430293e-06,-2.2353399820430293e-06,-1.5887062598996096,-5.122404255426514e-05
0.0848,89.99607341272463,90.0,-1.3387930254903062,1.9789587059186622,0.004444550557773804,8.916581491173354e-06,12.000000025659116,-0.0005951606745085367,0.04311292428175648,-2.13825975339165e-06,-2.13825975339165e-06,-1.5619251964053569,-4.9596722769660715e-05
0.085,89.99580792165085,90.0,-1.3161186517676668,1.954713217131025,0.004390949902348505,9.519464510047265e-06,12.00000002452958,-0.0005759065292834274,0.0425929884707527,-2.0441316759882107e-06,-2.0441316759882107e-06,-1.5354717603956112,-4.7992210675516546e-05
0.0852,89.99554693767132,90.0,-1.2937220690669349,1.9307297359657316,0.004337924027255384,1.0112112719144083e-05,12.000000023434552,-0.0005569229387884457,0.04207862813034323,-1.9528794327310046e-06,-1.9528794327310046e-06,-1.509342413911424,-4.6410244808403534e-05
0.0854,89.99529040552804,90.0,-1.2716002754915579,1.9070056140786764,0.004285467149045545,1.0694651599531589e-05,12.000000022373143,-0.0005382067982423772,0.041569787160053794,-1.8644285007763757e-06,-1.8644285007763757e-06,-1.4835336547401508,-4.4850566436577424e-05
0.08560000000000001,89.99503827056036,90.0,-1.2497502994875982,1.8835382288113356,0.00423357354019533,1.126720527584002e-05,12.000000021344473,-0.000519755035318646,0.041066410001894746,-1.7787061119149381e-06,-1.7787061119149381e-06,-1.4580420160688645,-4.3312919532846216e-05
0.0858,89.99479047869892,90.0,-1.2281691995494506,1.860324982948268,0.004182237528579381,1.1829896529955817e-05,12.000000020347695,-0.0005015646098240011,0.04056844163524973,-1.6956412137874501e-06,-1.6956412137874501e-06,-1.4328640661410257,-4.1797050747793954e-05
0.08600000000000001,89.99454697645972,90.0,-1.2068540639283354,1.8373633044767197,0.0041314534969482545,1.2382846814570928e-05,12.000000019381973,-0.0004836325133804095,0.04007582757180847,-1.615164431920714e-06,-1.615164431920714e-06,-1.4079964079163911,-4.0302709383271954e-05
0.0862,89.99430771093812,90.0,-1.1858020103435487,1.8146506463493632,0.004081215882412986,1.2926176266674328e-05,12.000000018446496,-0.0004659557691091172,0.03958851385056689,-1.537208032564311e-06,-1.537208032564311e-06,-1.38343567873414,-3.882964736607052e-05
0.0864,89.99407262980304,90.0,-1.1650101856964292,1.7921844862483471,0.00403151917593234,1.3460003720841311e-05,12.00000001754047,-0.00044853143131858985,0.03910644703285339,-1.4617058863159453e-06,-1.4617058863159453e-06,-1.3591785499791673,-3.737761922191407e-05
0.08660000000000001,89.99384168129114,90.0,-1.14447576578703,1.7699623263520488,0.003982357921806026,1.3984446722436114e-05,12.000000016663122,-0.0004313565851949317,0.038629574197412954,-1.3885934325159996e-06,-1.3885934325159996e-06,-1.335221726751535,-3.594638204966273e-05
0.0868,89.99361481420105,90.0,-1.1241959550334593,1.7479816931041456,0.003933726717172966,1.449962154069901e-05,12.000000015813692,-0.0004144283464951083,0.03815784293554024,-1.317807644396382e-06,-1.317807644396382e-06,-1.3115619475390357,-3.453569549574762e-05
0.08700000000000001,89.99339197788765,90.0,-1.104167986193872,1.7262401369838873,0.0038856202115120004,1.5005643181631123e-05,12.000000014991443,-0.000397743861244038,0.03769120134623634,-1.2492869949708258e-06,-1.2492869949708258e-06,-1.2881959838928505,-3.314532172892848e-05
0.0872,89.99317312225652,90.0,-1.0843891200910893,1.7047352322793343,0.003838033106149192,1.550262540082153e-05,12.000000014195656,-0.00038130030543374795,0.037229598031429556,-1.1829714236472246e-06,-1.1829714236472246e-06,-1.2651206401062711,-3.1775025415223386e-05
0.0874,89.99295819775824,90.0,-1.064856645339817,1.6834645768624477,0.0037909601537690837,1.5990680716129858e-05,12.000000013425627,-0.0003650948847256721,0.0367729820912345,-1.1188023035498203e-06,-1.1188023035498203e-06,-1.2423327528964532,-3.0424573693100264e-05
0.0876,89.99274715538297,90.0,-1.0455678780764415,1.662425791966356,0.0037443961579307085,1.646992042025336e-05,12.000000012680669,-0.00034912483415569734,0.03632130311925732,-1.0567224095357982e-06,-1.0567224095357982e-06,-1.2198291910891819,-2.9093736148897442e-05
0.0878,89.99253994665486,90.0,-1.0265201616913786,1.6416165219647658,0.0036983359725882587,1.694045459317842e-05,12.000000011960111,-0.0003333874178419649,0.035874511197946074,-9.966758868921285e-07,-9.966758868921285e-07,-1.1976068553066082,-2.7782284792473806e-05
0.08800000000000001,89.99233652362675,90.0,-1.0077108665639465,1.6210344341527623,0.003652774501614666,1.740239211445872e-05,12.0000000112633,-0.00031787992869610664,0.03543255689396943,-9.386082207003266e-07,-9.386082207003266e-07,-1.1756626776579375,-2.6489994033145157e-05
0.0882,89.99213683887463,90.0,-0.9891373897997536,1.6006772185311289,0.003607706698333062,1.7855840675493423e-05,12.000000010589595,-0.00030259968813579766,0.03499539125367168,-8.82466205850526e-07,-8.82466205850526e-07,-1.153993621433046,-2.5216640655730303e-05
0.0884,89.99194084549254,90.0,-0.970797154970555,1.5805425875898405,0.003563127565045971,1.8300906791458654e-05,12.000000009938375,-0.0002875440458028353,0.034562965798505894,-8.281979177013722e-07,-8.281979177013722e-07,-1.132596680798981,-2.3962003797057658e-05
0.0886,89.9917484970871,90.0,-0.9526876118565906,1.5606282760975159,0.0035190321525781073,1.873769581344124e-05,12.000000009309034,-0.00027271037928005095,0.03413523252059893,-7.757526833569796e-07,-7.757526833569796e-07,-1.1114688804993558,-2.2725864922374594e-05
0.0888,89.99155974777241,90.0,-0.9348062361913353,1.5409320408892626,0.0034754155598150697,1.916631194016798e-05,12.000000008700972,-0.0002580960938144193,0.033712143878276694,-7.250810535653327e-07,-7.250810535653327e-07,-1.090607275556558,-2.1508007802273226e-05
0.08900000000000001,89.99137455216487,90.0,-0.91715052940868,1.5214516606586244,0.003432272933251311,1.9586858229792682e-05,12.000000008113616,-0.00024369862204073802,0.03329365279167939,-6.761347752124283e-07,-6.761347752124283e-07,-1.0700089509767934,-2.0308218489663745e-05
0.0892,89.991192865378,90.0,-0.899718018392496,1.5021849357500163,0.003389599466538918,1.9999436611452114e-05,12.0000000075464,-0.00022951542370937446,0.032879712638384566,-6.288667644079689e-07,-6.288667644079689e-07,-1.049671021457912,-1.9126285297086655e-05
0.08940000000000001,89.99101464301746,90.0,-0.8825062552285774,1.4831296879544784,0.003347390400043827,2.040414789682193e-05,12.000000006998773,-0.0002155439854152608,0.03247027724910238,-5.83231080144008e-07,-5.83231080144008e-07,-1.029590631100007,-1.796199877412907e-05
0.0896,89.990839841176,90.0,-0.8655128169589243,1.46428376030657,0.003305641020404387,2.0801091791499267e-05,12.000000006470195,-0.00020178182033023045,0.03206530090339353,-5.391828985195592e-07,-5.391828985195592e-07,-1.0097649531187451,-1.681515168511943e-05
0.0898,89.99066841642846,90.0,-0.8487353053383523,1.4456450168830846,0.0032643466600938654,2.1190366906269803e-05,12.000000005960143,-0.00018822646793798187,0.031664738325425504,-4.966784875179179e-07,-4.966784875179179e-07,-0.990191189561411,-1.5685538987041152e-05
0.09000000000000001,89.99050032582693,90.0,-0.8321713465934079,1.4272113426035697,0.003223502696986857,2.157207076825921e-05,12.000000005468102,-0.00017487549377166278,0.0312685446797667,-4.5567518232531847e-07,-4.5567518232531847e-07,-0.9708665710256427,-1.4572957807664696e-05
0.0902,89.99033552689578,90.0,-0.8158185911835705,1.408980643033326,0.0031831045539311817,2.1946299832026882e-05,12.000000004993577,-0.00016172648915335612,0.03087667556723369,-4.161313611781609e-07,-4.161313611781609e-07,-0.9517883563808321,-1.3477207423838054e-05
0.09040000000000001,89.99017397762691,90.0,-0.7996747135647104,1.3909508441877791,0.003143147698322681,2.231314949051518e-05,12.000000004536076,-0.00014877707093651242,0.03048908702076675,-3.780064217302874e-07,-3.780064217302874e-07,-0.9329538324921621,-1.2398089240022812e-05
0.0906,89.99001563647495,90.0,-0.7837374119547886,1.3731198923385615,0.0031036276416837112,2.267271408588312e-05,12.000000004095128,-0.00013602488125096673,0.030105735501341116,-3.41260757928786e-07,-3.41260757928786e-07,-0.9143603139472535,-1.1335406767045566e-05
0.0908,89.98986046235255,90.0,-0.7680044081017784,1.3554857538212768,0.003064539939245269,2.3025086920224525e-05,12.00000000367027,-0.0001234675872505244,0.029726577893913548,-3.05855737387809e-07,-3.05855737387809e-07,-0.896005142785408,-1.0288965601063428e-05
0.091,89.98970841462565,90.0,-0.7524734470537887,1.3380464148456257,0.0030258801895343287,2.337036026622838e-05,12.000000003261043,-0.00011110288086241867,0.029351571503419417,-2.7175367924858086e-07,-2.7175367924858086e-07,-0.8778856882294201,-9.258573402685505e-06
0.0912,89.9895594531089,90.0,-0.7371422969313647,1.3207998813071513,0.002987644033964686,2.370862537772363e-05,12.000000002867015,-9.892847853930462e-05,0.028980674050803835,-2.389178325170457e-07,-2.389178325170457e-07,-0.8599993464199255,-8.244039876305736e-06
0.09140000000000001,89.98941353806102,90.0,-0.7220087487019422,1.3037441785998627,0.002949827156429548,2.4039972500050644e-05,12.000000002487749,-8.69421210145029e-05,0.028613843669069692,-2.0731235487088196e-07,-2.0731235487088196e-07,-0.8423435401522659,-7.24517674970656e-06
0.0916,89.9892706301803,90.0,-0.7070706159564524,1.2868773514322105,0.002912425282901674,2.4364490880461566e-05,12.000000002122828,-7.5141573058025e-05,0.028251038899398957,-1.7690229192072998e-07,-1.7690229192072998e-07,-0.824915718615861,-6.26179775372769e-06
0.0918,89.98913069060004,90.0,-0.6923257346880319,1.270197463643166,0.0028754341810334726,2.4682268778289557e-05,12.000000001771841,-6.352462323650876e-05,0.027892218687273547,-1.476535569231452e-07,-1.476535569231452e-07,-0.8077133571360374,-5.293718602260761e-06
0.092,89.98899368088414,90.0,-0.6777719630728425,1.2537025980212428,0.0028388496597636873,2.4993393475118017e-05,12.000000001434394,-5.208908367426712e-05,0.02753734237866011,-1.195329109297926e-07,-1.195329109297926e-07,-0.7907339569183163,-4.3407569723367305e-06
0.0922,89.98885956302267,90.0,-0.6634071812529619,1.2373908561235676,0.0028026675689239206,2.5297951284718714e-05,12.000000001110095,-4.083278981824182e-05,0.027186369716193235,-9.250794336997002e-08,-9.250794336997002e-08,-0.7739750447951221,-3.402732484538705e-06
0.09240000000000001,89.9887282994275,90.0,-0.6492292911213497,1.2212603580989159,0.00276688379885414,2.559602756307657e-05,12.000000000798565,-2.9753600202987122e-05,0.026839260835445803,-6.654705304903353e-08,-6.654705304903353e-08,-0.757434172974908,-2.479466683417259e-06
0.0926,89.98859985292795,90.0,-0.6352362161088398,1.2053092425110894,0.002731494280018714,2.5887706718212215e-05,12.000000000499433,-1.884939621917903e-05,0.026495976261204462,-4.1619429561718215e-08,-4.1619429561718215e-08,-0.7411089187936466,-1.570783018199544e-06
0.09280000000000001,89.98847418676654,90.0,-0.6214259009731561,1.189535666162632,0.002696494982622956,2.6173072219802318e-05,12.00000000021234,-8.118081885657644e-06,0.026156476903750017,-1.7695035111766515e-08,-1.7695035111766515e-08,-0.724996884468682,-6.765068237928329e-07
0.093,89.9883512645947,90.0,-0.6077963115899482,1.1739378039234976,0.00266188191624098,2.645220660897326e-05,11.999999999936936,2.4424163795899474e-06,0.0258207240552476,5.255413280478362e-09,5.255413280478362e-09,-0.7090956968549396,2.0353469830023193e-07
0.0932,89.98823105046863,90.0,-0.5943454347457907,1.1585138485585507,0.0026276511294405533,2.6725191507777026e-05,11.999999999672873,1.2834149983538155e-05,0.025488679386107663,2.7260461177711716e-08,2.7260461177711716e-08,-0.6934030072034224,1.0695124986573352e-06
0.09340000000000001,89.98811350884507,90.0,-0.581071277933158,1.143262010556761,0.0025937987094116436,2.699210762858038e-05,11.999999999419824,2.305914838014256e-05,0.02516030494138279,4.834793374675251e-08,4.834793374675251e-08,-0.6779164909220177,1.9215956984381187e-06
0.0936,89.98799860457723,90.0,-0.5679718691473566,1.1281805179638418,0.002560320781602753,2.725303478351191e-05,11.999999999177462,3.311941929203498e-05,0.024835563137240113,6.854495241270364e-08,6.854495241270364e-08,-0.6626338473385828,2.759951607858762e-06
0.09380000000000001,89.9878863029107,90.0,-0.5550452566853741,1.113267616215076,0.0025272135093574255,2.7508051893706764e-05,11.999999998945466,4.301694892874623e-05,0.024514416757435348,8.787795114710562e-08,8.787795114710562e-08,-0.6475527994662699,3.584745744377206e-06
0.094,89.98777656947937,90.0,-0.5422895089466442,1.0985215679693983,0.002494473093553436,2.7757236998435842e-05,11.999999998723528,5.275370220251879e-05,0.024196828949812874,1.0637269239995796e-07,1.0637269239995796e-07,-0.6326710937710849,4.396141850677528e-06
0.0942,89.98766937030148,90.0,-0.5297027142357129,1.083940652946485,0.0024620957722487494,2.8000667264263926e-05,11.999999998511349,6.233162294347013e-05,0.02388276322287147,1.2405428268673945e-07,1.2405428268673945e-07,-0.6179864999416652,5.19430191260022e-06
0.0944,89.98756467177563,90.0,-0.5172829805667708,1.0695231677639652,0.002430077820327509,2.823841899400551e-05,11.999999998308635,7.17526341113174e-05,0.02357218344233034,1.4094718783173134e-07,1.4094718783173134e-07,-0.6034968106612326,5.979386176785894e-06
0.0946,89.98746244067686,90.0,-0.5050284354700496,1.055267425776166,0.002398415549149363,2.8470567635594036e-05,11.999999998115097,8.101863800506087e-05,0.02326505382772751,1.5707524787774852e-07,1.5707524787774852e-07,-0.5891998413817245,6.751553168148908e-06
0.09480000000000001,89.98736264415281,90.0,-0.4929372258000683,1.041171756916154,0.002367105306206235,2.8697187791008834e-05,11.999999997930459,9.013151647240501e-05,0.022961338949090464,1.7246169167294488e-07,1.7246169167294488e-07,-0.5750934301000797,7.510959707329105e-06
0.095,89.98726524971977,90.0,-0.4810075175456865,1.0272345075363902,0.002336143474775623,2.891835322488434e-05,11.99999999775445,9.909313111436174e-05,0.022661003723573065,1.8712915113193944e-07,1.8712915113193944e-07,-0.5611754371366343,8.25776092774208e-06
0.0952,89.98717022525899,90.0,-0.4692374956419857,1.013454040253003,0.0023055264735820924,2.9134136873205924e-05,11.999999997586805,0.00010790532348994213,0.022364013412171976,2.010996751882595e-07,2.010996751882595e-07,-0.54744374491565,8.992110292636821e-06
0.0954,89.98707753901283,90.0,-0.45762536378393315,0.9998287337918395,0.0022752507564626962,2.934461085194801e-05,11.999999997427263,0.00011656991531921383,0.022070333616481183,2.1439474344096594e-07,2.1439474344096594e-07,-0.533896257747922,9.714159612017151e-06
0.0956,89.98698715958108,90.0,-0.4461693442418106,0.9863569828334305,0.0022453128120296104,2.9549846465423214e-05,11.999999997275577,0.0001250887086819149,0.021779930275419503,2.2703527949607573e-07,2.2703527949607573e-07,-0.5205309016154456,1.042405905919287e-05
0.09580000000000001,89.9868990559172,90.0,-0.43486767767841805,0.973037197862207,0.002215709163342465,2.9749914214776015e-05,11.9999999971315,0.00013346348621688685,0.021492769662052134,2.3904166401997585e-07,2.3904166401997585e-07,-0.5073456239581543,1.1121957187399182e-05
0.096,89.98681319732475,90.0,-0.42371862296800683,0.9598678050149365,0.002186436367578625,2.9944883806216336e-05,11.999999996994795,0.00014169601131744315,0.02120881838039231,2.504337475008558e-07,2.504337475008558e-07,-0.49433839346267466,1.1808000946077385e-05
0.09620000000000001,89.98672955345364,90.0,-0.4127204570169475,0.9468472459326451,0.002157491015711373,3.0134824159339864e-05,11.999999996865231,0.00014978802832687284,0.020928043362279634,2.6123086273283863e-07,2.6123086273283863e-07,-0.48150719985310547,1.248233569716684e-05
0.0964,89.98664809429667,90.0,-0.4018714745860949,0.9339739776120699,0.0021288697321867724,3.0319803415217217e-05,11.999999996742577,0.00015774126273024433,0.02065041186424559,2.714518370208293e-07,2.714518370208293e-07,-0.4688500536837774,1.3145105231088624e-05
0.0966,89.98656879018588,90.0,-0.3911699881148556,0.9212464722591301,0.0021005691746050176,3.0499888944454214e-05,11.99999999662662,0.00016555742134496227,0.02037589146442257,2.811150041169113e-07,2.811150041169113e-07,-0.45636498613399823,1.3796451782625245e-05
0.09680000000000001,89.98649161178913,90.0,-0.38061432754693336,0.9086632171440326,0.0020725860334053687,3.067514735519439e-05,11.999999996517142,0.00017323819250973595,0.020104450059487706,2.9023821589323014e-07,2.9023821589323014e-07,-0.44405004880475557,1.4436516046668024e-05
0.097,89.9864165301065,90.0,-0.37020284015773514,0.8962227144583403,0.002044917031555463,3.084564450109262e-05,11.999999996413933,0.00018078524627232907,0.019836055861649115,2.9883885375763065e-07,2.9883885375763065e-07,-0.43190331351735767,1.5065437193862893e-05
0.09720000000000001,89.9863435164669,90.0,-0.35993389038341456,0.8839234811711287,0.0020175589242382593,3.101144548902868e-05,11.999999996316795,0.00018820023457327933,0.01957067739560922,3.0693383981184425e-07,3.0693383981184425e-07,-0.41992287211398366,1.568335288592036e-05
0.0974,89.98627254252472,90.0,-0.34980585965156363,0.8717640488892212,0.0019905084985483027,3.117261468696536e-05,11.999999996225524,0.00019548479143051303,0.01930828349561846,3.1453964776745113e-07,3.1453964776745113e-07,-0.40810683626015754,1.6290399291000063e-05
0.0976,89.98620358025629,90.0,-0.3398171462135052,0.859742963716462,0.001963762573185517,3.132921573154646e-05,11.999999996139932,0.00020264053311995326,0.019048843302505017,3.216723136149787e-07,3.216723136149787e-07,-0.3964533372490894,1.6886711098761425e-05
0.0978,89.98613660195667,90.0,-0.32996616497819825,0.84785878611666,0.0019373179981573617,3.148131153581044e-05,11.999999996059831,0.00020966905835668483,0.018792326260785697,3.2834744606035676e-07,3.2834744606035676e-07,-0.38496052580789797,1.747242153546076e-05
0.098,89.98607158023633,90.0,-0.32025134734771366,0.8361100907748209,0.0019111716544767743,3.162896429658616e-05,11.999999995985037,0.00021657194847143034,0.018538702115735908,3.345802367233067e-07,3.345802367233067e-07,-0.37362657190566595,1.8047662378657584e-05
0.09820000000000001,89.98600848801773,90.0,-0.310671141054299,0.8244954664623716,0.0018853204538692295,3.1772235502033246e-05,11.999999995915374,0.00022335076758794544,0.018287940910548084,3.403854701136876e-07,3.403854701136876e-07,-0.3624496645633488,1.861256397199757e-05
0.0984,89.98594729853228,90.0,-0.3012240099989881,0.8130135159020556,0.0018597613384788176,3.191118593898006e-05,11.999999995850668,0.00023000706279714255,0.018040012983480597,3.457775333822862e-07,3.457775333822862e-07,-0.35142801166548604,1.9167255239722822e-05
0.09860000000000001,89.9858879853169,90.0,-0.2919084340917585,0.8016628556353456,0.0018344912805800004,3.204587570029061e-05,11.999999995790755,0.00023654236433075292,0.017794888965061734,3.5077042585628383e-07,3.5077042585628383e-07,-0.34055983977371823,1.971186370114375e-05
0.0988,89.985830522211,90.0,-0.28272290909320785,0.7904421158894881,0.001809507282288299,3.2176364192029336e-05,11.999999995735468,0.00024295818573172908,0.017552539775283326,3.553777683585307e-07,3.553777683585307e-07,-0.3298433939420758,2.0246515484839248e-05
0.099,89.98577488335329,90.0,-0.27366594645775366,0.7793499404466775,0.001784806375275752,3.230271014062571e-05,11.999999995684647,0.0002492560240238463,0.01731293662084063,3.5961281231995305e-07,3.5961281231995305e-07,-0.31927693753404596,2.0771335342790162e-05
0.09920000000000001,89.98572104317856,90.0,-0.2647360731783318,0.7683849865156762,0.0017603856204918892,3.2424971600067857e-05,11.999999995638138,0.000255437359880868,0.017076050992425734,3.6348844869014933e-07,3.6348844869014933e-07,-0.30885875204138713,2.128644666447638e-05
0.0994,89.98566897641474,90.0,-0.25593183163256594,0.7575459246015813,0.001736242107880172,3.254320595877838e-05,11.999999995595793,0.00026150365779107064,0.01684185466197698,3.6701721664241634e-07,3.6701721664241634e-07,-0.2985871369046602,2.179197149058725e-05
0.09960000000000001,89.98561865807974,90.0,-0.24725177943042911,0.7468314383798061,0.0017123729561040887,3.2657469946663475e-05,11.999999995557463,0.00026745636622309537,0.016610319680022027,3.7021131208894473e-07,3.7021131208894473e-07,-0.2884604093355006,2.2288030526842563e-05
0.0998,89.9855700634784,90.0,-0.23869448926334935,0.7362402245699473,0.0016887753122727764,3.2767819641988714e-05,11.999999995523009,0.0002732969177889288,0.016381418373016352,3.730825960022154e-07,3.730825960022154e-07,-0.27847690414057424,2.2774743157574262e-05
0.1,89.98552316819958,90.0,-0.23025854875475965,0.7257709928102452,0.0016654463516678447,3.287431047813931e-05,11.999999995492288,0.0002790267294047194,0.01615512334069338,3.7564260254806717e-07,3.7564260254806717e-07,-0.2686349735472196,2.325222745912781e-05
0.10020000000000001,89.98547794811311,90.0,-0.22194256031208737,0.7154224655347674,0.0016423832774763634,3.297699725043812e-05,11.99999999546517,0.0002846472024515416,0.015931407453474426,3.779025470384048e-07,3.779025470384048e-07,-0.25893298703076856,2.3720600213259208e-05
0.1004,89.98543437936686,90.0,-0.21374514098014968,0.7051933778507775,0.001619583320524093,3.307593412281924e-05,11.99999999544152,0.00029015972293366146,0.015710243849880973,3.7987333370278064e-07,3.7987333370278064e-07,-0.24936933114350798,2.4179976920323784e-05
0.10060000000000001,89.9853924383839,90.0,-0.20566492229595487,0.6950824774162908,0.0015970437390089623,3.3171174634357056e-05,11.999999995421213,0.0002955656616343063,0.015491605933949371,3.815655632827332e-07,3.815655632827332e-07,-0.23994240934528066,2.4630471812256998e-05
0.1008,89.98535210185948,90.0,-0.19770055014490587,0.6850885243210086,0.0015747618182422546,3.326277170591102e-05,11.999999995404124,0.00030086637427210317,0.015275467372720284,3.829895404585278e-07,3.829895404585278e-07,-0.2306506418357235,2.507219786561099e-05
0.101,89.9853133467583,90.0,-0.18985068461836827,0.6752102909666718,0.0015527348703882492,3.335077764656802e-05,11.999999995390137,0.0003060632016543402,0.015061802093713177,3.8415528110473356e-07,3.8415528110473356e-07,-0.2214924653880963,2.5505266814326334e-05
0.1012,89.98527615031163,90.0,-0.18211399987260943,0.6654465619493277,0.0015309602342081505,3.3435244160084865e-05,11.999999995379131,0.0003111574698295063,0.014850584282442379,3.8507251938283123e-07,3.8507251938283123e-07,-0.212466333184711,2.5929789162443704e-05
0.1014,89.98524049001453,90.0,-0.17448918398908547,0.6557961339420585,0.001509435274804913,3.351622235121519e-05,11.999999995370992,0.00031615049023771654,0.014641788379941838,3.8575071467176306e-07,3.8575071467176306e-07,-0.20357071465393306,2.634587419663932e-05
0.10160000000000001,89.98520634362303,90.0,-0.16697493883607306,0.646257815579232,0.0014881573833714409,3.359376273200739e-05,11.999999995365611,0.0003210435598600785,0.01443538908032262,3.8619905834182293e-07,3.8619905834182293e-07,-0.19480409530875192,2.6753629998672103e-05
0.1018,89.98517368915144,90.0,-0.15956997993162647,0.6368304273422476,0.0014671239769421065,3.366791522807382e-05,11.99999999536288,0.0003258379613670127,0.014231361328362587,3.8642648037524273e-07,3.8642648037524273e-07,-0.18616497658689754,2.7153163457743762e-05
0.10200000000000001,89.98514250486963,90.0,-0.15227303630784425,0.6275128014449786,0.0014463324981433773,3.3738729184686503e-05,11.9999999953627,0.00033053496326377116,0.014029680317087435,3.864416558335829e-07,3.864416558335829e-07,-0.17765187569248495,2.7544580282625305e-05
0.1022,89.98511276930027,90.0,-0.14508285037644789,0.6183037817224682,0.0014257804149518745,3.3806253372988485e-05,11.999999995364963,0.0003351358200366781,0.013830321485423827,3.862530111815583e-07,3.862530111815583e-07,-0.16926332543918918,2.792798501384378e-05
0.1024,89.9850844612163,90.0,-0.1379981777956362,0.6092022235178544,0.0014054652204481127,3.3870535995916236e-05,11.999999995369574,0.00033964177229517937,0.01363326051581062,3.8586873046154555e-07,3.8586873046154555e-07,-0.16099787409490893,2.8303481035519712e-05
0.10260000000000001,89.98505755963818,90.0,-0.1310177873382348,0.6002069935732328,0.001385384432579278,3.393162469429549e-05,11.999999995376438,0.000344054046915324,0.01343847333189776,3.8529676133204384e-07,3.8529676133204384e-07,-0.15285408522794058,2.867117058732391e-05
0.1028,89.98503204383128,90.0,-0.12414046076109622,0.5913169699190712,0.0013655355939184402,3.398956655267692e-05,11.999999995385462,0.0003483738571794223,0.013245936096210621,3.845448209636275e-07,3.845448209636275e-07,-0.14483053755461225,2.903115477611564e-05
0.10300000000000001,89.98500789330342,90.0,-0.11736499267576711,0.5825310417668113,0.0013459162714310523,3.404440810528753e-05,11.999999995396555,0.0003526024029164453,0.013055625207884988,3.8362040180356154e-07,3.8362040180356154e-07,-0.13692582478839496,2.9383533587642566e-05
0.1032,89.98498508780212,90.0,-0.1106901904203854,0.573848109401059,0.0013265240562403175,3.409619534180858e-05,11.999999995409631,0.0003567408706396689,0.012867517300391087,3.8253077720570633e-07,3.8253077720570633e-07,-0.12913855549044964,2.9728405898011105e-05
0.1034,89.98496360731225,90.0,-0.10411487393281328,0.5652670840724323,0.0013073565633939246,3.414497371306694e-05,11.999999995424604,0.00036079043368261173,0.012681589239270874,3.8128300693048346e-07,3.8128300693048346e-07,-0.12146735292161549,3.0065869485014584e-05
0.10360000000000001,89.98494343205344,90.0,-0.09763787562499764,0.5567868878931896,0.0012884114316371194,3.419078813681308e-05,11.999999995441392,0.00036475225233538434,0.012497818119936785,3.798839425213886e-07,3.798839425213886e-07,-0.11391085489583057,3.0396021039495655e-05
0.1038,89.98492454247754,90.0,-0.09125804025852599,0.5484064537323965,0.0012696863231845318,3.423368300332564e-05,11.999999995459916,0.00036862747397830014,0.012316181265458422,3.783402325552082e-07,3.783402325552082e-07,-0.10646771363494699,3.071895617648056e-05
0.10400000000000001,89.98490691926632,90.0,-0.084974224821384,0.540124725112413,0.0012511789234949308,3.427370218098728e-05,11.999999995480099,0.0003724172332145039,0.012136656224377637,3.7665832777173045e-07,3.7665832777173045e-07,-0.09913659562494802,3.10347694462315e-05
0.1042,89.98489054332885,90.0,-0.07878529840589855,0.5319406561063277,0.0012328869410480258,3.431088902180257e-05,11.999999995501867,0.0003761226520012717,0.011959220768543461,3.748444860849462e-07,3.748444860849462e-07,-0.09191618147354831,3.1343554345188264e-05
0.1044,89.98487539579925,90.0,-0.07269014208785594,0.5238532112366757,0.0012148081071241157,3.4345286366887117e-05,11.999999995525144,0.0003797448397803441,0.011783852890974668,3.7290477747891796e-07,3.7290477747891796e-07,-0.08480516576916527,3.164540332682939e-05
0.1046,89.9848614580342,90.0,-0.06668764880678096,0.5158613653747135,0.0011969401755848794,3.4376936551869976e-05,11.99999999554986,0.0003832848936065948,0.011610530803733398,3.7084508878961336e-07,3.7084508878961336e-07,-0.07780225694124444,3.1940407812394506e-05
0.1048,89.98484871161062,90.0,-0.060776723247369366,0.507964103641302,0.0011792809226577683,3.440588141229605e-05,11.999999995575948,0.0003867438982760895,0.011439232935833732,3.686711283769662e-07,3.686711283769662e-07,-0.07090617712193092,3.22286582015559e-05
0.10500000000000001,89.98483713832337,90.0,-0.054956281722056445,0.5001604213068909,0.0011618281467181465,3.443216228882627e-05,11.99999999560334,0.0003901229264510916,0.011269937931128406,3.66388430685405e-07,3.66388430685405e-07,-0.06411566200906585,3.251024388283568e-05
0.1052,89.98482672018284,90.0,-0.049225252054730974,0.4924493236955885,0.0011445796680808222,3.445582003264003e-05,11.99999999563197,0.0003934230387869221,0.011102624646286635,3.640023607035531e-07,3.640023607035531e-07,-0.05742946073051947,3.278525324417742e-05
0.10540000000000001,89.98481743941275,90.0,-0.04358257346554889,0.4848298260868586,0.0011275333287858865,3.4476895010519785e-05,11.999999995661781,0.0003966452840543783,0.010937272148716714,3.615181183146772e-07,3.615181183146772e-07,-0.05084633570980704,3.305377368314774e-05
0.1056,89.98480927844784,90.0,-0.03802719645687261,0.477300953620211,0.001110686992391395,3.4495427110051246e-05,11.999999995692711,0.00039979069926296423,0.01077385971455498,3.5894074254908974e-07,3.5894074254908974e-07,-0.04436506253301804,3.331589161720545e-05
0.1058,89.98480221993164,90.0,-0.0325580827003028,0.46986174119964025,0.0010940385437653137,3.451145574467911e-05,11.9999999957247,0.00040286030978179077,0.010612366826647665,3.562751157353718e-07,3.562751157353718e-07,-0.03798442981701993,3.357169249377665e-05
0.10600000000000001,89.98479624671421,90.0,-0.02717420492480467,0.4625112334006589,0.0010775858888833804,3.452501985884949e-05,11.999999995757689,0.0004058551294609541,0.010452773172590111,3.5352596755727626e-07,3.5352596755727626e-07,-0.03170323907893879,3.3821260800369534e-05
0.1062,89.98479134185001,90.0,-0.02187454680589963,0.45524848437562093,0.0010613269546228257,3.4536157932892244e-05,11.999999995791626,0.0004087761607491911,0.010295058642725823,3.506978790114257e-07,3.506978790114257e-07,-0.025520304606882902,3.4064680074379005e-05
0.10640000000000001,89.98478748859566,90.0,-0.016658102855941555,0.44807255776233557,0.0010452596885636375,3.45449079880479e-05,11.999999995826457,0.0004116243948127219,0.010139203328218707,3.477952862760583e-07,3.477952862760583e-07,-0.019434453331931813,3.430203291299024e-05
0.1066,89.9847846704078,90.0,-0.011523878315440198,0.44098252659201165,0.0010293820587881195,3.455130759132111e-05,11.99999999586213,0.0004144008116514326,0.009985187519108743,3.448224844864374e-07,3.448224844864374e-07,-0.013444524701346897,3.4533400982860607e-05
0.1068,89.98478287094099,90.0,-0.00647088904543898,0.43397747319902963,0.0010136920536845768,3.4555393860363035e-05,11.999999995898596,0.0004171063802148553,0.009832991702407713,3.4178363142298175e-07,3.4178363142298175e-07,-0.007549370553012144,3.475886502978462e-05
0.10700000000000001,89.98478207404551,90.0,-0.0014981614209269314,0.4270564891307364,0.0009981876817509179,3.455720346823823e-05,11.999999995935806,0.0004197420585161992,0.009682596560194089,3.3868275111118407e-07,3.3868275111118407e-07,-0.00174785499108142,3.4978504888196555e-05
0.1072,89.98478226376537,90.0,0.0033952677747160222,0.42021867505868277,0.0009828669714014862,3.455677264819142e-05,11.999999995973715,0.00042230879374583803,0.009533982967739284,3.3552373733752133e-07,3.3552373733752133e-07,0.003961145737168693,3.5192399490627723e-05
0.10740000000000001,89.98478342433617,90.0,0.008210351454257062,0.413463140690215,0.0009677279707745807,3.4554137198327706e-05,11.999999996012274,0.0004248075223832074,0.009387131991640554,3.323103570815108e-07,3.323103570815108e-07,0.009578743363299905,3.540062687703128e-05
0.1076,89.98478554018313,90.0,0.012948032330135112,0.4067890046818361,0.0009527687475439794,3.454933248632163e-05,11.999999996051445,0.0004272391703085231,0.009242024887992747,3.29046253868e-07,3.29046253868e-07,0.015106037718490964,3.5603264204092047e-05
0.1078,89.98478859591889,90.0,0.017609243016993178,0.40019539455217684,0.0009379873887294124,3.454239345398171e-05,11.99999999609118,0.0004296046529122182,0.009098643100549857,3.257349510380924e-07,3.257349510380924e-07,0.02054411685315871,3.580038775434629e-05
0.108,89.98479257634172,90.0,0.02219490613321338,0.39368144659671406,0.0009233820005109857,3.4533354621844005e-05,11.999999996131443,0.0004319048752042087,0.008956968258924907,3.2237985494384707e-07,3.2237985494384707e-07,0.025894057155415613,3.599207294528717e-05
0.1082,89.98479746643336,90.0,0.02670593440147522,0.3872463058020769,0.0009089507080425086,3.452225009362115e-05,11.999999996172189,0.0004341407319208875,0.008816982176779184,3.189842580651122e-07,3.189842580651122e-07,0.03115692346838776,3.617839433828097e-05
0.10840000000000001,89.98480325135718,90.0,0.031143230748331568,0.3808891257631449,0.0008946916552712147,3.450911356076692e-05,11.999999996213383,0.00043631310763300827,0.008678666850073511,3.155513420551681e-07,3.155513420551681e-07,0.03633376920638683,3.635942564755729e-05
0.1086,89.98480991645606,90.0,0.0355076884028353,0.37460906859934084,0.0008806030047554719,3.449397830686755e-05,11.999999996254989,0.00043842287685096114,0.008542004455299993,3.1208418071125907e-07,3.1208418071125907e-07,0.04142563646997451,3.653523974898217e-05
0.10880000000000001,89.98481744725068,90.0,0.0398001909942065,0.36840530487155254,0.000866682937483831,3.447687721197518e-05,11.999999996296971,0.00044047090412884145,0.008406977347726757,3.08585742873883e-07,3.08585742873883e-07,0.04643355615990758,3.6705908688730376e-05
0.109,89.98482582943743,90.0,0.044021612648548133,0.3622770135014477,0.0008529296526995408,3.4457842757028015e-05,11.999999996339294,0.00044245804416907124,0.008273568059695723,3.050588952591165e-07,3.050588952591165e-07,0.051358548089972825,3.687150369200391e-05
0.1092,89.98483504888658,90.0,0.048172818084637144,0.3562233816895958,0.0008393413677221472,3.4436907028068274e-05,11.999999996381923,0.00044438514192407714,0.008141759298892081,3.015064052200588e-07,3.015064052200588e-07,0.05620162109874333,3.703209517150517e-05
0.10940000000000001,89.98484509164045,90.0,0.05225466270877732,0.3502436048363173,0.0008259163177753431,3.441410172057567e-05,11.99999999642483,0.0004462530326988772,0.008011533946674405,2.979309434448843e-07,2.979309434448843e-07,0.06096377316024021,3.7187752735985815e-05
0.1096,89.98485594391151,90.0,0.05626799270874576,0.3443368864609593,0.000812652755811015,3.438945814356975e-05,11.999999996467979,0.000448062542250383,0.007882875056367871,2.943350865864931e-07,2.943350865864931e-07,0.06564599149353671,3.7338545198521956e-05
0.10980000000000001,89.98486759208052,90.0,0.06021364514681392,0.3385024381245937,0.0007995489523411636,3.436300722388562e-05,11.999999996511345,0.0004498144868883216,0.007755765851633863,2.907213198327399e-07,2.907213198327399e-07,0.0702492526712829,3.748454058492435e-05
0.11,89.9848800226948,90.0,0.06409244805188348,0.33273947935075343,0.0007866031952651207,3.433477951018965e-05,11.999999996554894,0.00045150967357252924,0.00763018972479394,2.870920394106034e-07,2.870920394106034e-07,0.0747745227271974,3.7625806141846175e-05
0.1102,89.98489322246633,90.0,0.06790522051071375,0.32704723754992526,0.0007738137897054224,3.43048051771974e-05,11.999999996598605,0.00045314890001222946,0.007506130235237784,2.8344955503422187e-07,2.8344955503422187e-07,0.07922275726249939,3.7762408345056196e-05
0.11040000000000001,89.98490717827006,90.0,0.07165277275828418,0.32142494794098597,0.0007611790578364201,3.427311402954483e-05,11.999999996642448,0.00045473295476063634,0.0073835711077606895,2.7979609228805946e-07,2.7979609228805946e-07,0.08359490155133154,3.78944129073224e-05
0.1106,89.98492187714211,90.0,0.07533590626725642,0.3158718534774486,0.0007486973387240136,3.4239735505948486e-05,11.999999996686395,0.0004562626173126007,0.007262496231008951,2.7613379495817005e-07,2.7613379495817005e-07,0.0878918906451325,3.802188478654918e-05
0.11080000000000001,89.98493730627801,90.0,0.07895541383659206,0.31038720477133563,0.0007363669881597216,3.4204698683076746e-05,11.999999996730423,0.00045773865819829726,0.007142889655870316,2.72464727302285e-07,2.72464727302285e-07,0.09211464947602407,3.814488819358458e-05
0.111,89.98495345303098,90.0,0.0825120796792973,0.3049702600186256,0.0007241863784983133,3.416803227944993e-05,11.999999996774509,0.0004591618390768044,0.007024735593898984,2.687908762658273e-07,2.687908762658273e-07,0.09626409295918019,3.8263486600018576e-05
0.11120000000000001,89.98497030491028,90.0,0.08600667950931418,0.29962028492660225,0.0007121538984997696,3.412976465939824e-05,11.99999999681863,0.0004605329128299373,0.006908018415782598,2.6511415364555287e-07,2.6511415364555287e-07,0.10034112609419987,3.837774274600259e-05
0.1114,89.98498784957943,90.0,0.08943998062757896,0.294336552640235,0.0007002679531688682,3.408992383684631e-05,11.999999996862762,0.00046185262365353594,0.006792722649786201,2.614363981978953e-07,2.614363981978953e-07,0.10434664406550878,3.848771864785676e-05
0.1116,89.98500607485457,90.0,0.09281274200723733,0.28911834367009187,0.0006885269635982368,3.404853747912672e-05,11.999999996906887,0.00046312170714866,0.0066788329802298105,2.577593776968401e-07,2.577593776968401e-07,0.10828153234177688,3.85934756056695e-05
0.11180000000000001,89.98502496870285,90.0,0.09612571437803345,0.2839649458210507,0.0006769293668131585,3.400563291076454e-05,11.999999996950983,0.0004643408904119981,0.00656633424598302,2.5408479094143834e-07,2.5408479094143834e-07,0.11214666677437236,3.869507421083167e-05
0.112,89.98504451924072,90.0,0.09937964030988256,0.2788756541207291,0.0006654736156156117,3.3961237117146334e-05,11.99999999699503,0.00046551089212444277,0.006455211438952143,2.5041426971258394e-07,2.5041426971258394e-07,0.11594291369486297,3.8792574353417776e-05
0.11220000000000001,89.98506471473235,90.0,0.1025752542956233,0.2738497707501262,0.0006541581784333656,3.3915376748275877e-05,11.999999997039009,0.00046663242264028754,0.006345449702616422,2.46749380683718e-07,2.46749380683718e-07,0.1196711300115605,3.888603522961906e-05
0.1124,89.98508554358799,90.0,0.10571328283297535,0.26888660497359607,0.0006429815391674093,3.386807812238538e-05,11.9999999970829,0.00046770618407424925,0.006237034330548063,2.430916272824872e-07,2.430916272824872e-07,0.12333216330513791,3.897551534899539e-05
0.1126,89.98510699436243,90.0,0.10879444450569516,0.26398547306994324,0.0006319421970418913,3.3819367229546735e-05,11.99999999712669,0.0004687328703880695,0.006129950764956618,2.3944245150697085e-07,2.3944245150697085e-07,0.12692685192331102,3.9061072541692004e-05
0.11280000000000001,89.98512905575336,90.0,0.11181945006394188,0.25914569826426326,0.0006210386664556967,3.376926973525385e-05,11.999999997170361,0.0004697131674763474,0.006024184595249263,2.3580323569699894e-07,2.3580323569699894e-07,0.13045602507459886,3.914276396559228e-05
0.113,89.98515171659989,90.0,0.11478900250386231,0.25436661066016464,0.0006102694768348076,3.371781098394723e-05,11.999999997213896,0.0004706477532512614,0.005919721556598664,2.3217530426109048e-07,2.3217530426109048e-07,0.1339205029211727,3.922064611337785e-05
0.11320000000000001,89.9851749658809,90.0,0.1177037971463997,0.24964754717378468,0.0005996331724887536,3.366501600259629e-05,11.99999999725728,0.00047153729772758397,0.00581654752855052,2.2855992536197045e-07,2.2855992536197045e-07,0.13732109667079964,3.929477481961321e-05
0.1134,89.98519879271362,90.0,0.12056452171534619,0.24498785146601923,0.0005891283124627823,3.361090950405066e-05,11.999999997300499,0.00047238246310448795,0.0057146485335896,2.2495831255673172e-07,2.2495831255673172e-07,0.1406586086679039,3.936520526756286e-05
0.1136,89.98522318635206,90.0,0.12337185641461901,0.2403868738776124,0.0005787534703966117,3.3555515890535775e-05,11.99999999734354,0.00047318390384870125,0.005614010735769603,2.213716263990038e-07,2.213716263990038e-07,0.14393383248372218,3.94319919961209e-05
0.11380000000000001,89.98524813618553,90.0,0.1261264740047928,0.23584397136421942,0.0005685072343830182,3.349885925706194e-05,11.99999999738639,0.0004739422667762171,0.005514620439341447,2.178009760000992e-07,2.178009760000992e-07,0.1471475530055916,3.949518890662018e-05
0.114,89.98527363173713,90.0,0.12882903987888816,0.2313585074317975,0.00055838820682709,3.3440963394775534e-05,11.99999999742903,0.0004746581911329097,0.005416464087387999,2.142474205505648e-07,2.142474205505648e-07,0.1503005465253695,3.9554849269550336e-05
0.11420000000000001,89.98529966266234,90.0,0.13148021213741978,0.22692985207196423,0.000548395004305305,3.3381851794223586e-05,11.999999997471456,0.00047533230867370603,0.005319528260457104,2.1071197080257448e-07,2.1071197080257448e-07,0.15339358082698976,3.9611025731155356e-05
0.1144,89.98532621874755,90.0,0.13408064166270406,0.22255738170052186,0.0005385262574319087,3.3321547648791647e-05,11.999999997513653,0.0004759652437434774,0.005223799675265429,2.0719559051833066e-07,2.0719559051833066e-07,0.15642741527315474,3.966377032017461e-05
0.11460000000000001,89.98535328990855,90.0,0.1366309721924625,0.21824047909270222,0.0005287806107175289,3.326007385779504e-05,11.999999997555609,0.0004765576133533436,0.005129265183327,2.0369919787671968e-07,2.0369919787671968e-07,0.15940280089120626,3.9713134454201507e-05
0.1148,89.98538086618923,90.0,0.13913184039268278,0.2139785333229993,0.0005191567224384171,3.319745302985895e-05,11.999999997597316,0.0004771100272601003,0.0050359117696848225,2.0022366684957165e-07,2.0022366684957165e-07,0.1623204804581299,3.975916894630242e-05
0.115,89.98540893776011,90.0,0.14158387592979094,0.20977093970241262,0.0005096532644995408,3.313370748600967e-05,11.999999997638763,0.00047762308804177097,0.004943726551582847,1.967698285388096e-07,1.967698285388096e-07,0.16518118858475606,3.980192401131273e-05
0.11520000000000001,89.98543749491691,90.0,0.14398770154210436,0.20561709971811476,0.0005002689223032461,3.306885926288134e-05,11.99999999767994,0.0004780973911741853,0.004852696777191983,1.9333847248195171e-07,1.9333847248195171e-07,0.16798565179912173,3.9841449272218326e-05
0.1154,89.98546652807926,90.0,0.14634393311059343,0.20151642097301903,0.0004910023946175941,3.3002930115836124e-05,11.999999997720835,0.0004785335251061404,0.004762809824332924,1.8993034792342282e-07,1.8993034792342282e-07,0.1707345886290257,3.987779376641904e-05
0.11560000000000001,89.98549602778925,90.0,0.14865317972895106,0.1974683171263131,0.00048185239344685936,3.293594152208425e-05,11.999999997761446,0.00047893207133419837,0.0046740531992199765,1.8654616505385446e-07,1.8654616505385446e-07,0.17342870968377624,3.9911005951961774e-05
0.1158,89.98552598471012,90.0,0.15091604377298054,0.19347220783387886,0.00047281764390167124,3.2867914683717456e-05,11.999999997801762,0.00047929360447607043,0.004586414535201397,1.8318659621673387e-07,1.8318659621673387e-07,0.17606871773514393,3.994113371365588e-05
0.116,89.98555638962496,90.0,0.15313312096930104,0.18952751869002005,0.0004638968840721198,3.279887053077139e-05,11.999999997841773,0.0004796186923439942,0.0044998815915285,1.7985227708498937e-07,1.7985227708498937e-07,0.17865530779751784,3.9968224369187896e-05
0.11620000000000001,89.98558723343528,90.0,0.15530500046338558,0.18563368116941178,0.0004550888649012887,3.2728829724230073e-05,11.999999997881474,0.00047990789601705646,0.004414442252128903,1.7654380780683256e-07,1.7654380780683256e-07,0.18118916720728317,3.999232467514843e-05
0.1164,89.98561850715983,90.0,0.1574322648869335,0.18179013256891308,0.0004463923500583788,3.265781265894382e-05,11.99999999792086,0.0004801617699121131,0.004330084524375809,1.732617541211312e-07,1.732617541211312e-07,0.18367097570142238,4.001348083294223e-05
0.11660000000000001,89.98565020193321,90.0,0.1595154904245766,0.17799631595137577,0.00043780611581640725,3.258583946663379e-05,11.999999997959922,0.0004803808618554109,0.004246796537901658,1.7000664844571672e-07,1.7000664844571672e-07,0.1861014054953394,4.003173849475657e-05
0.1168,89.98568230900464,90.0,0.16155524687994147,0.17425168008928657,0.0004293289509294295,3.251293001880985e-05,11.999999997998653,0.00048056571315281866,0.004164566543407165,1.667789909365513e-07,1.667789909365513e-07,0.18848112135993172,4.0047142769413904e-05
0.117,89.98571481973663,90.0,0.1635520977410658,0.1705556794086005,0.00042095965651012143,3.243910392963071e-05,11.999999998037048,0.0004807168586590148,0.004083382911473842,1.635792505188921e-07,1.635792505188921e-07,0.19081078069791008,4.005973822813751e-05
0.11720000000000001,89.98574772560382,90.0,0.16550660024517172,0.16690777393311682,0.00041269704590854103,3.236438055873507e-05,11.999999998075104,0.00048083482684598445,0.004003234131387964,1.6040786589155295e-07,1.6040786589155295e-07,0.193091033619367,4.006956891025952e-05
0.1174,89.9857810181916,90.0,0.1674193054428013,0.1633074292301007,0.0004045399445937171,3.228877901410179e-05,11.999999998112816,0.0004809201398715345,0.003924108809991965,1.572652465057704e-07,1.572652465057704e-07,0.19532252301660155,4.007667832893055e-05
0.11760000000000001,89.98581468919504,90.0,0.1692907582613294,0.159754116355709,0.0003964871900346947,3.221231815482326e-05,11.99999999815018,0.000480973313646426,0.0038459956705305487,1.5415177351750324e-07,1.5415177351750324e-07,0.1975058846382176,4.008110947671407e-05
0.1178,89.98584873041754,90.0,0.17112149756785094,0.15624731180164392,0.0003885376315843662,3.2135016593907776e-05,11.999999998187185,0.0004809948579015284,0.0037688835515238346,1.5106780071553937e-07,1.5106780071553937e-07,0.19964174716249278,4.008290483118261e-05
0.11800000000000001,89.98588313376969,90.0,0.17291205623145758,0.15278649744123904,0.0003806901303618924,3.205689270096625e-05,11.999999998223835,0.00048098527625324876,0.0036927614056268226,1.480136554238041e-07,1.480136554238041e-07,0.20173073227003388,4.0082106360370096e-05
0.1182,89.98591789126807,90.0,0.1746629611848959,0.14937116047676335,0.00037294355913788734,3.1977964604927884e-05,11.999999998260124,0.00048094506626898497,0.0036176182985156622,1.4498963938064765e-07,1.4498963938064765e-07,0.20377345471571193,4.007875552822642e-05
0.1184,89.98595299503404,90.0,0.1763747334856223,0.14600079338792368,0.00036529680222232224,3.189825019678471e-05,11.999999998296047,0.0004808747195326153,0.0035434434078003042,1.4199602959563505e-07,1.4199602959563505e-07,0.20577052239989269,4.00728933000748e-05
0.11860000000000001,89.98598843729258,90.0,0.17804788837626787,0.1426748938794139,0.0003577487553501213,3.1817767132191704e-05,11.999999998331603,0.00048077472170791934,0.003470226021914757,1.3903307918180082e-07,1.3903307918180082e-07,0.2077225364389792,4.006456014789691e-05
0.1188,89.98602421037118,90.0,0.1796829353445022,0.13939296482965924,0.00035029832556946925,3.1736532834095696e-05,11.999999998366789,0.0004806455526020341,0.0033979555390336526,1.361010181665212e-07,1.361010181665212e-07,0.20963009123525259,4.005379605562087e-05
0.11900000000000001,89.98606030669862,90.0,0.1812803781823099,0.13615451424038016,0.00034294443113195607,3.165456449536443e-05,11.999999998401599,0.0004804876862286026,0.0033266214660066288,1.3320005428106953e-07,1.3320005428106953e-07,0.21149377454602825,4.004064052438364e-05
0.1192,89.98609671880389,90.0,0.18284071504468968,0.13295905518589712,0.00033568600138203595,3.157187908132882e-05,11.999999998436035,0.0004803015908695633,0.0032562134172860633,1.3033037372809545e-07,1.3033037372809545e-07,0.213314167552138,4.00251325776801e-05
0.1194,89.98613343931507,90.0,0.1843644385077719,0.12980610576324658,0.00032852197664830533,3.148849333232531e-05,11.999999998470095,0.0004800877291366337,0.0031867211138724505,1.2749214192881996e-07,1.2749214192881996e-07,0.21509184492573388,4.0007310766486754e-05
0.11960000000000001,89.98617046095818,90.0,0.1858520356263651,0.12669518904345056,0.0003214513081373991,3.140442376626701e-05,11.999999998503775,0.0004798465580328468,0.003118134382285177,1.2468550425083137e-07,1.2468550425083137e-07,0.21682737489742598,3.998721317438972e-05
0.1198,89.98620777655611,90.0,0.18730398799094422,0.12362583302178855,0.0003144729578254791,3.131968668107051e-05,11.999999998537074,0.0004795785290120347,0.0030504431535099386,1.2191058671445624e-07,1.2191058671445624e-07,0.21852131932276825,3.996487742254169e-05
0.12000000000000001,89.98624537902755,90.0,0.18872077178406896,0.12059757056993126,0.00030758589835399767,3.123429815716926e-05,11.99999999856999,0.00047928408803906813,0.002983637461987632,1.1916749668152939e-07,1.1916749668152939e-07,0.22017423374808046,3.994034067468193e-05
0.1202,89.98628326138585,90.0,0.1901028578362534,0.11760993938813014,0.00030078911292551706,3.1148274059969245e-05,11.999999998602524,0.0004789636756491044,0.002917707444603781,1.1645632352491063e-07,1.1645632352491063e-07,0.221786667475629,3.991363964207356e-05
0.12040000000000001,89.98632141673802,90.0,0.19145071168128866,0.11466248195745966,0.0002940815951995777,3.106163004224681e-05,11.999999998634674,0.0004786177270058444,0.0028526433396784436,1.137771392792167e-07,1.137771392792167e-07,0.2233591636281701,3.9884810588358344e-05
0.1206,89.98635983828365,90.0,0.19276479361101737,0.11175474549247022,0.00028746234918945236,3.097438154651764e-05,11.99999999866644,0.00047824667195915096,0.0027884354859647057,1.1112999927363475e-07,1.1112999927363475e-07,0.2248922592128536,3.985388933435821e-05
0.1208,89.98639851931388,90.0,0.19404555872956672,0.10888628189459665,0.00028093038916059273,3.088654380740576e-05,11.99999999869782,0.0004778509351023809,0.002725074321663598,1.0851494274764523e-07,1.0851494274764523e-07,0.22638648518449447,3.9820911262852904e-05
0.12100000000000001,89.98643745321033,90.0,0.19529345700704676,0.10605664770702398,0.0002744847395324105,3.0798131854070264e-05,11.999999998728816,0.00047743093583014053,0.002662550383471354,1.0593199345085727e-07,1.0593199345085727e-07,0.2278423665082212,3.9785911323392976e-05
0.1212,89.98647663344413,90.0,0.19650893333273226,0.10326540406743223,0.0002681244347750296,3.070916051240094e-05,11.999999998759426,0.000476987088392957,0.0026008543055778886,1.0338116022334459e-07,1.0338116022334459e-07,0.22926042222152096,3.9748924036855705e-05
0.12140000000000001,89.98651605357489,90.0,0.19769242756770292,0.10051211666398452,0.00026184851931354694,3.061964440741614e-05,11.99999999878965,0.0004765198019541253,0.00253997681873811,1.0086243756293601e-07,1.0086243756293601e-07,0.2306411654956534,3.970998350018235e-05
0.1216,89.98655570724965,90.0,0.19884437459697912,0.09779635568988737,0.00025565604742888747,3.052959796548732e-05,11.99999999881949,0.00047602948064418113,0.002479908749310196,9.837580617460225e-08,9.837580617460225e-08,0.23198510369647563,3.9669123390917576e-05
0.1218,89.98659558820201,90.0,0.19996520438113755,0.09511769579903313,0.0002495460831611173,3.04390354165924e-05,11.999999998848946,0.0004755165236154524,0.002420641018317716,9.592123350515164e-08,9.592123350515164e-08,0.23329273844466047,3.9626376971755376e-05
0.12200000000000001,89.986635690251,90.0,0.2010553420074181,0.09247571606199706,0.0002435177002135174,3.0347970796540354e-05,11.999999998878016,0.00047498132509599073,0.0023621646405191286,9.349867426279787e-08,9.349867426279787e-08,0.2345645656753211,3.958177709503341e-05
0.1222,89.98667600730023,90.0,0.20211520774032704,0.08986999992238265,0.00023756998185740314,3.025641794916679e-05,11.999999998906702,0.0004744242744428874,0.0023044707234845105,9.110807092196859e-08,9.110807092196859e-08,0.2358010756970482,3.9535356207175945e-05
0.12240000000000001,89.98671653333687,90.0,0.20314521707173958,0.08730013515422119,0.00023170202083933996,3.01643905285585e-05,11.999999998935007,0.000473845756195678,0.0022475504666955378,8.874935421448448e-08,8.874935421448448e-08,0.23700275325036285,3.9487146353144295e-05
0.1226,89.98675726243073,90.0,0.20414578077051498,0.08476571381827537,0.0002259129192857309,3.007190200113351e-05,11.999999998962931,0.00047324615012773184,0.002191395160619965,8.642244360513058e-08,8.642244360513058e-08,0.23817007756560082,3.943717918071924e-05
0.1228,89.98679818873326,90.0,0.20511730493161043,0.08226633222046416,0.00022020178861229534,2.9978965647836737e-05,11.999999998990473,0.0004726258312987857,0.002135996185833553,8.412724775546226e-08,8.412724775546226e-08,0.2393035224202122,3.938548594487886e-05
0.12300000000000001,89.98683930647674,90.0,0.20606019102471876,0.07980159086917595,0.00021456774943088346,2.9885594566191148e-05,11.999999999017636,0.0004719851701054683,0.0020813450121161536,8.186366497268589e-08,8.186366497268589e-08,0.24040355619550524,3.933209751200889e-05
0.1232,89.98688060997323,90.0,0.20697483594241725,0.07737109443504077,0.00020900993146197384,2.979180167249341e-05,11.999999999044421,0.00047132453233332614,0.002027433197602921,7.963158364777925e-08,7.963158364777925e-08,0.24147064193282014,3.9277044364238205e-05
0.12340000000000001,89.98692209361374,90.0,0.20786163204785557,0.07497445170814848,0.00020352747344113705,2.96975997037495e-05,11.99999999907083,0.00047064427920544293,0.001974252387876991,7.743088267782812e-08,7.743088267782812e-08,0.24250523738916485,3.9220356603490444e-05
0.1236,89.9869637518673,90.0,0.2087209672219531,0.07261127555879449,0.00019811952303367948,2.960300121984146e-05,11.999999999096863,0.000469944767433614,0.001921794315141512,7.526143187936589e-08,7.526143187936589e-08,0.24350779509227863,3.916206395574856e-05
0.12380000000000001,89.98700557928004,90.0,0.2095532249101472,0.07028118289600971,0.00019278523674404617,2.950801860546301e-05,11.999999999122522,0.0004692263492664715,0.001870050797340836,7.31230923869382e-08,7.31230923869382e-08,0.24447876239517172,3.910219577506523e-05
0.124,89.9870475704744,90.0,0.2103587841686656,0.06798379462782106,0.00018752377982920462,2.941266407214184e-05,11.99999999914781,0.00046848937253841434,0.0018190137373203272,7.101571704137291e-08,7.101571704137291e-08,0.2454185815301099,3.9040781047640374e-05
0.1242,89.98708972014816,90.0,0.21113801971034432,0.06571873562250241,0.00018233432621428216,2.9316949660290793e-05,11.99999999917273,0.0004677341807186519,0.0017686751220080282,6.893915076724317e-08,6.893915076724317e-08,0.24632768966206842,3.8977848395908095e-05
0.12440000000000001,89.98713202307363,90.0,0.21189130195000078,0.0634856346683138,0.00017721605840460904,2.9220887241085724e-05,11.999999999197282,0.0004669611129579026,0.0017190270215614635,6.689323093722882e-08,6.689323093722882e-08,0.24720651894166756,3.8913426082428256e-05
0.1246,89.98717447409675,90.0,0.21261899704934617,0.0612841244345953,0.0001721681674008657,2.9124488518401093e-05,11.999999999221465,0.0004661705041355554,0.001670061588544553,6.487778772664586e-08,6.487778772664586e-08,0.24805549655757053,3.884754201381663e-05
0.12480000000000001,89.98721706813629,90.0,0.2133214669614522,0.05911384143490416,0.0001671898526189461,2.902776503086118e-05,11.999999999245288,0.000465362684908002,0.001621771057150271,6.289264445908373e-08,6.289264445908373e-08,0.24887504478836092,3.878022374477249e-05
0.125,89.987259800183,90.0,0.21399906947479488,0.056974425986834276,0.0001622803218020078,2.8930728153573454e-05,11.999999999268748,0.00046453798175287995,0.0015741477423475187,6.09376179379608e-08,6.09376179379608e-08,0.2496655810539274,3.871149848176565e-05
0.1252,89.98730266529877,90.0,0.2146521582568385,0.05486552217531975,0.00015743879094060458,2.8833389100093098e-05,11.99999999929185,0.00046369671701588697,0.0015271840391063937,5.90125187712072e-08,5.90125187712072e-08,0.2504275179663116,3.864139308693757e-05
0.1254,89.98734565861581,90.0,0.21528108289719888,0.052786777815460484,0.0001526644841916443,2.8735758924300836e-05,11.999999999314593,0.00046283920895631893,0.0014808724216120702,5.711715168527563e-08,5.711715168527563e-08,0.2511612633800654,3.856993408189625e-05
0.12560000000000002,89.98738877533586,90.0,0.21588618895038095,0.05073784441558655,0.00014795663379784752,2.8637848522251926e-05,11.999999999336985,0.0004619657717920323,0.0014352054424835298,5.525131582947179e-08,5.525131582947179e-08,0.2518672204421111,3.849714765146304e-05
0.1258,89.98743201072934,90.0,0.2164678179780929,0.04871837713949284,0.0001433144800052086,2.85396686339095e-05,11.999999999359023,0.00046107671574277943,0.0013901757319729233,5.341480506980229e-08,5.341480506980229e-08,0.25254578764110835,3.842305964728398e-05
0.126,89.98747536013461,90.0,0.21702630759112773,0.04672803477105381,0.00013873727098596218,2.8441229845022447e-05,11.999999999380712,0.0004601723470750713,0.001345775997218328,5.160740827576771e-08,5.160740827576771e-08,0.2531973588563157,3.83476955915683e-05
0.1262,89.98751881895718,90.0,0.21756199149083955,0.0447664796783388,0.00013422426276032728,2.8342542588916574e-05,11.999999999402053,0.00045925296814577584,0.0013019990214846564,4.9828909597459933e-08,4.9828909597459933e-08,0.2538223234059795,3.827108068072166e-05
0.1264,89.98756238266888,90.0,0.21807519951020848,0.04283337777794592,0.00012977471911870627,2.8243617148256876e-05,11.99999999942305,0.0004583188774451464,0.0012588376634089674,4.807908873391735e-08,4.807908873391735e-08,0.25442106609524323,3.819323978893183e-05
0.12660000000000002,89.98760604680714,90.0,0.21856625765449714,0.04092839849884072,0.00012538791154267063,2.814446365672318e-05,11.999999999443707,0.00045737036963858105,0.0012162848562340186,4.6357721192279163e-08,4.6357721192279163e-08,0.25499396726358,3.811419747164864e-05
0.1268,89.98764980697419,90.0,0.2190354881414925,0.03905121474890511,0.00012106311913222663,2.8045092100859064e-05,11.999999999464025,0.0004564077356102743,0.0011743336071027275,4.4664578541061705e-08,4.4664578541061705e-08,0.25554140283174126,3.803397796922163e-05
0.127,89.98769365883636,90.0,0.2194832094413651,0.03720150287882384,0.00011679962852680443,2.7945512321660834e-05,11.999999999484007,0.0004554312625035025,0.001132976996291754,4.2999428652563914e-08,4.2999428652563914e-08,0.2560637443482593,3.7952605210257146e-05
0.1272,89.9877375981233,90.0,0.21990973631611374,0.035378942649035565,0.00011259673383335554,2.784573401636867e-05,11.999999999503656,0.0004544412337631534,0.001092208176514031,4.13620359401475e-08,4.13620359401475e-08,0.25656135903546606,3.78701028151625e-05
0.1274,89.98778162062723,90.0,0.22031537985863212,0.033583217195081116,0.0001084537365506517,2.774576674008447e-05,11.999999999522974,0.0004534379291759467,0.0010520203721844522,3.9752161586099127e-08,3.9752161586099127e-08,0.2570346098350708,3.778649409949765e-05
0.12760000000000002,89.98782572220222,90.0,0.22070044753137819,0.031814012994216434,0.00010436994549648646,2.7645619907447478e-05,11.999999999541966,0.00045242162491114925,0.0010124068787137135,3.81695637630305e-08,3.81695637630305e-08,0.25748385545327457,3.770180207736816e-05
0.1278,89.98786989876349,90.0,0.22106524320466106,0.03007101983220456,0.0001003446767352433,2.7545302794280973e-05,11.999999999560632,0.00045139259356073784,0.0009733610618057111,3.661399784796672e-08,3.661399784796672e-08,0.2579094504054379,3.7616049464772095e-05
0.128,89.98791414628668,90.0,0.2214100671945473,0.02835393077028348,9.637725350582316e-05,2.744482453921015e-05,11.999999999578979,0.00045035110417901024,0.0009348763567584258,3.5085216629314916e-08,3.5085216629314916e-08,0.2583117450603052,3.7529258682900905e-05
0.1282,89.98795846080712,90.0,0.22173521630038923,0.026662442112662225,9.246700615075568e-05,2.734419414527991e-05,11.999999999597005,0.00044929742232199755,0.0008969462677762898,3.3582970507229746e-08,3.3582970507229746e-08,0.25869108568378746,3.744145186142386e-05
0.12840000000000001,89.98800283841919,90.0,0.22204098384198,0.024996253373471555,8.861327204398445e-05,2.7243420481486055e-05,11.999999999614715,0.00044823181008562575,0.0008595643672696905,3.210700768656411e-08,3.210700768656411e-08,0.25904781448231,3.7352650841668094e-05
0.12860000000000002,89.98804727527555,90.0,0.2223276596963309,0.023355067245664166,8.481539552315873e-05,2.714251228442199e-05,11.999999999632116,0.00044715452614508476,0.0008227242951981889,3.065707436488944e-08,3.065707436488944e-08,0.25938226964571937,3.726287717989943e-05
0.1288,89.9880917675865,90.0,0.22259553033409174,0.021738589568991,8.107272781971668e-05,2.7041478159809908e-05,11.999999999649205,0.00044606582579260383,0.0007864197583923136,2.9232914913095178e-08,2.9232914913095178e-08,0.2596947853897737,3.7172152150470306e-05
0.129,89.98813631161933,90.0,0.2228448788556046,0.020146529298135374,7.738462698928775e-05,2.6940326584003045e-05,11.999999999665988,0.00044496596097468304,0.0007506445298784527,2.7834272049754322e-08,2.7834272049754322e-08,0.25998569199820537,3.708049674892236e-05
0.1292,89.98818090369758,90.0,0.2230759850265925,0.018578598472421885,7.3750457845727e-05,2.683906590557464e-05,11.999999999682469,0.0004438551803301865,0.0007153924482389746,2.646088701069715e-08,2.646088701069715e-08,0.2602553158643579,3.698793169516094e-05
0.12940000000000002,89.98822554020043,90.0,0.22328912531350076,0.017034512184234022,7.016959189208343e-05,2.6737704346762418e-05,11.99999999969865,0.00044273372922649647,0.0006806574169426082,2.5112499711353572e-08,2.5112499711353572e-08,0.2605039795324176,3.6894477436467886e-05
0.1296,89.98827021756205,90.0,0.22348457291847693,0.015513988548647273,6.664140725436073e-05,2.6636250004970878e-05,11.999999999714532,0.0004416018497961795,0.0006464334037019119,2.3788848904299644e-08,2.3788848904299644e-08,0.26073200173822303,3.6800154150557065e-05
0.1298,89.98831493227085,90.0,0.22366259781400238,0.014016748673903677,6.316528861719801e-05,2.6534710854302437e-05,11.999999999730125,0.00044045978097382265,0.0006127144398493634,2.2489672331801536e-08,2.2489672331801536e-08,0.26093969744966944,3.6704981748644036e-05
0.13,89.98835968086902,90.0,0.2238234667771859,0.012542516630226484,5.9740627155623855e-05,2.643309474691527e-05,11.999999999745423,0.0004393077585305801,0.0005794946196753637,2.1214706871292984e-08,2.1214706871292984e-08,0.26112737790671686,3.660897987832499e-05
0.1302,89.98840445995172,90.0,0.2239674434236998,0.011091019421621273,5.636682047374383e-05,2.6331409414583367e-05,11.999999999760437,0.00043814601511099567,0.000546768099833494,1.996368867805325e-08,1.996368867805325e-08,0.2612953506609831,3.651216792664522e-05
0.13040000000000002,89.98844926616651,90.0,0.22409478824139337,0.009661986955640465,5.304327253862272e-05,2.622966247005434e-05,11.999999999775163,0.0004369747802671928,0.0005145290986991622,1.873635332077965e-08,1.873635332077965e-08,0.26144391961495894,3.6414565022948345e-05
0.1306,89.98849409621279,90.0,0.22420575862355907,0.0082551520139878,4.9769393616083416e-05,2.6127861408436168e-05,11.999999999789612,0.00043579428049323447,0.00048277189574684096,1.7532435912753166e-08,1.7532435912753166e-08,0.26157338506081895,3.6316190041739584e-05
0.1308,89.98853894684112,90.0,0.2243006089018629,0.0068702502246578735,4.65446002100488e-05,2.6026013608670547e-05,11.99999999980378,0.00043460473926036094,0.00045149083096167266,1.6351671239312497e-08,1.6351671239312497e-08,0.26168404371884,3.6217061605622285e-05
0.131,89.98858381485257,90.0,0.22437959037895483,0.005507020032745836,4.336831499873123e-05,2.592412633486185e-05,11.999999999817675,0.00043340637705030195,0.000420680304220497,1.5193793879282887e-08,1.5193793879282887e-08,0.26177618877544734,3.611719808807392e-05
0.1312,89.98862869709824,90.0,0.22444295136074532,0.0041652026727890794,4.02399667743582e-05,2.5822206737692715e-05,11.999999999831298,0.00043219941138946733,0.00039033477470717834,1.405853832297121e-08,1.405853832297121e-08,0.26185010992086954,3.601661761629529e-05
0.13140000000000002,89.98867359047854,90.0,0.22449093718836455,0.002844542139775919,3.71589903797385e-05,2.5720261855695216e-05,11.999999999844652,0.0004309840568812143,0.00036044876029728707,1.2945639084395017e-08,1.2945639084395017e-08,0.26190609338642534,3.591533807389947e-05
0.1316,89.98871849194272,90.0,0.22452379026978966,0.0015447851623934803,3.41248266500182e-05,2.5618298616666457e-05,11.999999999857742,0.0004297605252396962,0.0003310168369931219,1.1854830810919449e-08,1.1854830810919449e-08,0.26194442198142126,3.5813377103732576e-05
0.1318,89.98876339848816,90.0,0.22454175011116562,0.0002656811752833045,3.1136922352075164e-05,2.5516323838968622e-05,11.999999999870571,0.0004285290253221461,0.00030203363833582615,1.078584838766243e-08,1.078584838766243e-08,0.2619653751296932,3.571075211056401e-05
0.132,89.98880830715989,90.0,0.2245450533478078,-0.000993017707904386,2.8194730125737476e-05,2.541434423285791e-05,11.999999999883139,0.00042728976316134317,0.000273493854835196,9.738427038312642e-09,9.738427038312642e-09,0.2619692289057758,3.5607480263792026e-05
0.1322,89.98885321504994,90.0,0.22453393377489653,-0.0022315567217363608,2.5297708424305544e-05,2.531236640175568e-05,11.999999999895453,0.00042604294199721413,0.0002453922333927346,8.71230242156821e-09,8.71230242156821e-09,0.26195625607071266,3.550357850007716e-05
0.13240000000000002,89.98889811929688,90.0,0.22450862237785893,-0.0034501784757852145,2.2445321456052958e-05,2.5210396843519628e-05,11.999999999907512,0.0004247887623082715,0.0002177235767341998,7.707210723913628e-09,7.707210723913628e-09,0.2619267261075021,3.5399063525962124e-05
0.1326,89.98894301708515,90.0,0.22446934736244437,-0.00464912298063569,1.9637039127515113e-05,2.510844195174381e-05,11.999999999919325,0.00042352742184324077,0.00019048274285949406,6.722888749121073e-09,6.722888749121073e-09,0.2618809052561851,3.529395182050734e-05
0.1328,89.98898790564458,90.0,0.22441633418450174,-0.005828627674184849,1.687233698605033e-05,2.500650801700092e-05,11.99999999993089,0.00042225911565182907,0.00016366464448549703,5.759074003692916e-09,5.759074003692916e-09,0.2618190565485854,3.5188259637855075e-05
0.133,89.98903278224981,90.0,0.22434980557945558,-0.006988927447166393,1.4150696164173844e-05,2.490460122811344e-05,11.999999999942215,0.00042098403611568635,0.0001372642485060955,4.815504779230077e-09,4.815504779230077e-09,0.2617414398426982,3.5082003009809464e-05
0.1332,89.98907764421975,90.0,0.2242699815914894,-0.008130254669332593,1.1471603322314695e-05,2.4802727673338134e-05,11.999999999953296,0.000419702372978158,0.00011127657543691505,3.891920230661502e-09,3.891920230661502e-09,0.2616483118567376,3.4975197748315955e-05
0.13340000000000002,89.98912248891706,90.0,0.22417707960242936,-0.009252839214506259,8.834550594173431e-06,2.4700893341608293e-05,11.999999999964142,0.00041841431337458375,8.56966988852802e-05,2.9880604518883428e-09,2.9880604518883428e-09,0.2615399262028342,3.486785944798617e-05
0.1336,89.98916731374764,90.0,0.22407131436034095,-0.010356908486298777,6.239035530483774e-06,2.4599104123689362e-05,11.999999999974756,0.00041712004186139043,6.0519745004692704e-05,2.1036665474876e-09,2.1036665474876e-09,0.2614165334203978,3.476000348852232e-05
0.1338,89.98921211616005,90.0,0.2239528980078309,-0.011442687441995114,3.6845610470195077e-06,2.4497365813450067e-05,11.999999999985139,0.00041581974044643534,3.574089199048905e-05,1.2384807025689703e-09,1.2384807025689703e-09,0.26127838100913603,3.4651645037245857e-05
0.134,89.98925689364502,90.0,0.223822040110075,-0.012510398617832208,1.170635369306593e-06,2.4395684108989136e-05,11.999999999995293,0.00041451358861745044,1.135536954353838e-05,3.9224624829760337e-10,3.9224624829760337e-10,0.26112571346175417,3.4542799051467756e-05
0.1342,89.98930164373493,90.0,0.22367894768255742,-0.013560262153519631,-1.3032280209324563e-06,2.429406461379089e-05,12.000000000005222,0.0004132017633706826,-1.2641541649256632e-05,-4.352922750995412e-10,-4.352922750995412e-10,0.260958772296317,3.443348028087523e-05
0.13440000000000002,89.98934636400332,90.0,0.22352382521852787,-0.014592495815655691,-3.737510436790256e-06,2.4192512837938614e-05,12.000000000014932,0.0004118844392400924,-3.625451040978203e-05,-1.2443890575032153e-09,-1.2443890575032153e-09,0.26077779608828255,3.4323703269964985e-05
0.1346,89.98939105206442,90.0,0.22335687471619123,-0.015607315023256631,-6.132688042162686e-06,2.4091034199125723e-05,12.000000000024425,0.0004105617883239483,-5.948815561180736e-05,-2.0352969626689366e-09,-2.0352969626689366e-09,0.2605830205022231,3.421348236025939e-05
0.1348,89.98943570557253,90.0,0.2231782957056044,-0.01660493286932474,-8.489231898516428e-06,2.398963402395577e-05,12.0000000000337,0.0004092339803147851,-8.234704663463908e-05,-2.808267471780495e-09,-2.808267471780495e-09,0.26037467832320516,3.4102831692802986e-05
0.135,89.98948032222171,90.0,0.22298828527532621,-0.0175855601463345,-1.080760802084976e-05,2.3888317548895855e-05,12.000000000042764,0.00040790118252501166,-0.00010483570390595006,-3.5635506328272184e-09,-3.5635506328272184e-09,0.26015299948788057,3.39917652102965e-05
0.13520000000000001,89.98952489974509,90.0,0.22278703809877506,-0.01854940536775823,-1.308827742443411e-05,2.3787089921518864e-05,12.000000000051617,0.00040656355991588257,-0.00012695859935518098,-4.301395009629552e-09,-4.301395009629552e-09,0.25991821111523755,3.3880296659511146e-05
0.13540000000000002,89.98956943591459,90.0,0.2225747464603402,-0.019496674792800373,-1.5331696179090348e-05,2.3685956201456845e-05,12.000000000060265,0.0004052212751228231,-0.00014872015694002985,-5.022047635950218e-09,-5.022047635950218e-09,0.25967053753706354,3.376843959339901e-05
0.1356,89.9896139285403,90.0,0.22235160028120954,-0.020427572447893675,-1.753831545593342e-05,2.358492136158548e-05,12.00000000006871,0.0004038744884834189,-0.00017012475309988328,-5.72575396968249e-09,-5.72575396968249e-09,0.2594102003280778,3.365620737342553e-05
0.1358,89.98965837547004,90.0,0.22211778714495117,-0.021342300149628072,-1.970858157749995e-05,2.3483990289064135e-05,12.000000000076952,0.00040252335806351727,-0.000191176717242063,-6.412757850611771e-09,-6.412757850611771e-09,0.2591374183357764,3.354361317174467e-05
0.136,89.98970277458899,90.0,0.22187349232283207,-0.02224105752731237,-2.1842936067052963e-05,2.338316778637591e-05,12.000000000084999,0.0004011680396831914,-0.0002118803322200905,-7.083301460296248e-09,-7.083301460296248e-09,0.25885240770997076,3.3430669973362484e-05
0.13620000000000002,89.9897471238191,90.0,0.2216188987988785,-0.0231240420451756,-2.3941815697079458e-05,2.3282458572367638e-05,12.00000000009285,0.00039980868694256856,-0.00023223983480412174,-7.737625284006376e-09,-7.737625284006376e-09,0.25855538193202493,3.3317390578289586e-05
0.1364,89.9897914211187,90.0,0.22135418729468187,-0.023991449024212633,-2.6005652536990875e-05,2.3181867283289948e-05,12.000000000100512,0.00039844545124752344,-0.0002522594161436505,-8.375968074662644e-09,-8.375968074662644e-09,0.25824655184379547,3.320378760368217e-05
0.1366,89.98983566448203,90.0,0.22107953629395466,-0.02484347166332562,-2.8034873999211206e-05,2.3081398473866182e-05,12.000000000107983,0.0003970784818355936,-0.0002719432222145708,-8.998566818455797e-09,-8.998566818455797e-09,0.2579261256762804,3.3089873486001704e-05
0.1368,89.98987985193882,90.0,0.22079512206684354,-0.02568030106190305,-3.0029902888659146e-05,2.298105661821688e-05,12.000000000115268,0.0003957079258000074,-0.0002912953542991628,-9.605656703649397e-09,-9.605656703649397e-09,0.25759430907798414,3.29756604830172e-05
0.137,89.98992398155387,90.0,0.22050111869398434,-0.026502126240616652,-3.1991157448098815e-05,2.288084611089981e-05,12.00000000012237,0.0003943339281149844,-0.00031031986942600264,-1.0197471090136402e-08,-1.0197471090136402e-08,0.2572513051429817,3.28611606759136e-05
0.13720000000000002,89.9899680514265,90.0,0.22019769809031822,-0.027309134161885795,-3.3919051402745706e-05,2.278077126794999e-05,12.00000000012929,0.00039295663166090915,-0.000329020780802648,-1.0774241480771489e-08,-1.0774241480771489e-08,0.25689731443870456,3.2746385971389616e-05
0.1374,89.99001205969027,90.0,0.21988503002867407,-0.02810150975179094,-3.5813994008291893e-05,2.2680836327775313e-05,12.000000000136033,0.00039157617724762416,-0.0003474020582814911,-1.1336197495690043e-08,-1.1336197495690043e-08,0.2565325350334531,3.263134810359877e-05
0.1376,89.99005600451244,90.0,0.21956328216309928,-0.02887943592021508,-3.7676390094823045e-05,2.258104545216765e-05,12.000000000142602,0.0003901927036389975,-0.0003654676287857615,-1.1883566847229596e-08,-1.1883566847229596e-08,0.2561571625236158,3.251605863619672e-05
0.1378,89.99009988409361,90.0,0.21923262005195984,-0.029643093581373736,-3.950664011167477e-05,2.248140272725624e-05,12.000000000148999,0.00038880634757666613,-0.0003832213767446407,-1.2416575316961269e-08,-1.2416575316961269e-08,0.25577139006061983,3.240052896431987e-05
0.138,89.99014369666726,90.0,0.21889320718080532,-0.030392661674016552,-4.130514017155348e-05,2.2381912164461055e-05,12.000000000155225,0.0003874172438036544,-0.00040066714452124193,-1.2935446734257675e-08,-1.2935446734257675e-08,0.2553754083776062,3.2284770316553584e-05
0.13820000000000002,89.99018744049943,90.0,0.21854520498500238,-0.031128317182016026,-4.3072282095593714e-05,2.228257770138839e-05,12.000000000161286,0.00038602552508716967,-0.00041780873284967454,-1.3440402956844405e-08,-1.3440402956844405e-08,0.25496940581583616,3.2168793756831775e-05
0.1384,89.99023111388814,90.0,0.2181887728721326,-0.03185023515356183,-4.480845345518741e-05,2.2183403202813098e-05,12.00000000016718,0.000384631322242327,-0.000434649901240795,-1.393166385203456e-08,-1.393166385203456e-08,0.2545535683508214,3.2052610186414035e-05
0.1386,89.99027471516318,90.0,0.2178240682441698,-0.0325585887211125,-4.651403761561403e-05,2.2084392461574202e-05,12.000000000172914,0.0003832347641547042,-0.0004511943684054271,-1.4409447280107748e-08,-1.4409447280107748e-08,0.2541280796181981,3.193623034576516e-05
0.1388,89.99031824268558,90.0,0.21745124651942951,-0.03325354912138467,-4.8189413779789135e-05,2.1985549199441584e-05,12.000000000178488,0.00038183597780242553,-0.0004674458126787306,-1.4873969079264809e-08,-1.4873969079264809e-08,0.25369312093933444,3.1819664816395506e-05
0.139,89.99036169484727,90.0,0.21707046115428882,-0.03393528571395582,-4.9834957028803025e-05,2.1886877068069342e-05,12.000000000183906,0.0003804350882791791,-0.00048340787241343326,-1.5325443051136347e-08,-1.5325443051136347e-08,0.2532488713466703,3.170292402277906e-05
0.13920000000000002,89.99040507007068,90.0,0.21668186366469333,-0.03460396600099064,-5.1451038365114965e-05,2.178837964983361e-05,12.000000000189168,0.00037903221881571594,-0.0004990841463988224,-1.5764080948525934e-08,-1.5764080948525934e-08,0.2527955076088089,3.1586018234145075e-05
0.1394,89.99044836680835,90.0,0.21628560364743832,-0.03525975564558659,-5.303802475255013e-05,2.169006045875703e-05,12.00000000019428,0.0003776274908022857,-0.0005144781942487226,-1.6190092463624222e-08,-1.6190092463624222e-08,0.2523332042553447,3.146895756634766e-05
0.1396,89.99049158354252,90.0,0.2158818288012393,-0.035902818490535615,-5.4596279157297996e-05,2.1591922941375435e-05,12.000000000199243,0.0003762210238102584,-0.000529593536799187,-1.6603685217881478e-08,-1.6603685217881478e-08,0.2518621336014459,3.135175198366765e-05
0.1398,89.99053471878483,90.0,0.2154706849475878,-0.036533316577852304,-5.612616059073172e-05,2.1493970477517906e-05,12.00000000020406,0.0003748129356125776,-0.0005444336565238527,-1.700506475371041e-08,-1.700506475371041e-08,0.2513824657721858,3.1234411300516994e-05
0.14,89.99057777107586,90.0,0.21505231605138372,-0.037151410166212866,-5.762802414737385e-05,2.1396206381231227e-05,12.000000000208733,0.00037340334220585585,-0.0005590019979022156,-1.7394434526067278e-08,-1.7394434526067278e-08,0.25089436872661436,3.111694518328006e-05
0.14020000000000002,89.99062073898483,90.0,0.2146268642413672,-0.03775725774953659,-5.910222104555998e-05,2.129863390158879e-05,12.000000000213264,0.0003719923578309565,-0.0005733019678140739,-1.7771995896041195e-08,-1.7771995896041195e-08,0.2503980082815951,3.0999363152028786e-05
0.1404,89.99066362110918,90.0,0.2141944698303382,-0.038351016074558715,-6.05490986657737e-05,2.1201256223557334e-05,12.000000000217655,0.0003705800949941687,-0.0005873369359113851,-1.8137948124973104e-08,-1.8137948124973104e-08,0.24989354813539458,3.088167458228726e-05
0.1406,89.99070641607425,90.0,0.21375527133517447,-0.038932840159544346,-6.196900059167608e-05,2.1104076468748038e-05,12.00000000022191,0.00036916666448686867,-0.0006011102350162584,-1.8492488370480516e-08,-1.8492488370480516e-08,0.24938114989103688,3.0763888706670154e-05
0.1408,89.99074912253288,90.0,0.2133094054966353,-0.03950288331128138,-6.336226664714122e-05,2.1007097696283244e-05,12.00000000022603,0.0003677521754064761,-0.000614625161480206,-1.883581168247041e-08,-1.883581168247041e-08,0.24886097307940785,3.06460146166291e-05
0.14100000000000001,89.9907917391651,90.0,0.2128570072989702,-0.0400612971425116,-6.472923293434256e-05,2.0910322903605365e-05,12.000000000230017,0.0003663367351766043,-0.0006278849755535876,-1.916811100052786e-08,-1.916811100052786e-08,0.24833317518213188,3.052806126413186e-05
0.14120000000000002,89.99083426467779,90.0,0.21239820998932837,-0.040608231590149924,-6.60702318737087e-05,2.081375502719913e-05,12.000000000233875,0.00036492044956605005,-0.0006408929017731886,-1.948957715285035e-08,-1.948957715285035e-08,0.24779791165421644,3.0410037463244826e-05
0.1414,89.99087669780427,90.0,0.21193314509695899,-0.04114383493179008,-6.738559223990196e-05,2.07173969434294e-05,12.000000000237605,0.0003635034227090813,-0.0006536521293112183,-1.9800398855083515e-08,-1.9800398855083515e-08,0.24725533594645216,3.029195189182365e-05
0.1416,89.99091903730398,90.0,0.21146194245222272,-0.04166825380230188,-6.86756391980363e-05,2.062125146935008e-05,12.000000000241208,0.00036208575712527323,-0.0006661658123266308,-2.0100762710201024e-08,-2.0100762710201024e-08,0.24670559952759316,3.0173813093166256e-05
0.1418,89.99096128196223,90.0,0.2109847302054128,-0.04218163321158436,-6.994069434262358e-05,2.0525321363397472e-05,12.00000000024469,0.000360667553737838,-0.0006784370703429096,-2.039085321005444e-08,-2.039085321005444e-08,0.24614885190631494,3.0055629477540306e-05
0.14200000000000002,89.99100343058971,90.0,0.21050163484537301,-0.04268411656061311,-7.118107573255957e-05,2.0429609326199194e-05,12.00000000024805,0.00035924891189325405,-0.0006904689885874385,-2.067085273674546e-08,-2.067085273674546e-08,0.24558524065293516,2.9937409323819005e-05
0.1422,89.99104548202232,90.0,0.21001278121793143,-0.043175845658297685,-7.239709792802862e-05,2.0334118001296443e-05,12.00000000025129,0.0003578299293797442,-0.000702264618349484,-2.0940941565385552e-08,-2.0940941565385552e-08,0.24501491142092005,2.9819160781020913e-05
0.1424,89.99108743512068,90.0,0.20951829254414134,-0.043656960737357586,-7.358907202514037e-05,2.023884997592399e-05,12.000000000254417,0.00035641070244635487,-0.0007138269773161765,-2.1201297867085226e-08,-2.1201297867085226e-08,0.2444380079681649,2.970089186989987e-05
0.1426,89.99112928876998,90.0,0.20901829043834022,-0.04412760047136671,-7.475730569332261e-05,2.0143807781674676e-05,12.000000000257426,0.00035499132582053416,-0.0007251590499352282,-2.1452097713478606e-08,-2.1452097713478606e-08,0.2438546721780636,2.95826104844099e-05
0.1428,89.99117104187954,90.0,0.20851289492601313,-0.0445879019897475,-7.590210320794767e-05,2.0048993895308328e-05,12.000000000260322,0.00035357189272736453,-0.000736263787731415,-2.169351508076397e-08,-2.169351508076397e-08,0.24326504408034866,2.946432439330786e-05
0.14300000000000002,89.99121269338252,90.0,0.20800222446148486,-0.04503800089430254,-7.702376548657633e-05,1.9954410739416196e-05,12.000000000263109,0.00035215249490694745,-0.000747144109658148,-2.1925721855448158e-08,-2.1925721855448158e-08,0.24266926187173235,2.9346041241602188e-05
0.1432,89.9912542422356,90.0,0.20748639594542223,-0.04547803127441552,-7.812259012211653e-05,1.986006068317213e-05,12.000000000265786,0.00035073322263274356,-0.0007578029024191199,-2.2148887840001464e-08,-2.2148887840001464e-08,0.24206746193632594,2.922776855208127e-05
0.1434,89.99129568741871,90.0,0.20696552474216226,-0.04590812572342973,-7.919887141875891e-05,1.9765946042968137e-05,12.000000000268358,0.0003493141647284146,-0.0007682430208168855,-2.236318075992359e-08,-2.236318075992359e-08,0.24145977886585596,2.9109513726716903e-05
0.1436,89.99133702793472,90.0,0.2064397246968529,-0.04632841535369947,-8.025290042483523e-05,1.9672069083136625e-05,12.000000000270825,0.00034789540858562175,-0.000778467288071594,-2.2568766270674656e-08,-2.2568766270674656e-08,0.24084634547966174,2.8991284048147515e-05
0.1438,89.99137826280908,90.0,0.20590910815242133,-0.04673902981104505,-8.12849649643057e-05,1.957843201670155e-05,12.00000000027319,0.00034647704018208437,-0.0007884784961264223,-2.276580796490704e-08,-2.276580796490704e-08,0.24022729284449157,2.8873086681183044e-05
0.14400000000000002,89.99141939108956,90.0,0.20537378596637623,-0.04714009729110786,-8.229534967271123e-05,1.9485037005956216e-05,12.000000000275453,0.0003450591440974431,-0.0007982794059963171,-2.2954467381448468e-08,-2.2954467381448468e-08,0.2396027502941056,2.8754928674126876e-05
0.1442,89.99146041184602,90.0,0.20483386752742322,-0.04753174455366793,-8.328433602838762e-05,1.9391886163185503e-05,12.00000000027762,0.00034364180353078173,-0.0008078727480707794,-2.3134904013665733e-08,-2.3134904013665733e-08,0.2389728454486604,2.8636816960235967e-05
0.1444,89.99150132416995,90.0,0.20428946077191582,-0.04791409693708776,-8.425220238399695e-05,1.929898155135925e-05,12.000000000279687,0.00034222510031771104,-0.0008172612224197236,-2.3307275318487194e-08,-2.3307275318487194e-08,0.23833770423390177,2.851875835914456e-05
0.1446,89.99154212717437,90.0,0.20374067220014122,-0.048287278373945364,-8.519922400086238e-05,1.9206325184710033e-05,12.000000000281661,0.00034080911494596043,-0.0008264474991265311,-2.3471736726667036e-08,-2.3471736726667036e-08,0.23769745090016475,2.840075957816342e-05
0.1448,89.9915828199934,90.0,0.20318760689242665,-0.04865141140464202,-8.612567307859158e-05,1.9113919029455427e-05,12.000000000283542,0.00033939392657263194,-0.0008354342185754035,-2.3628441652395417e-08,-2.3628441652395417e-08,0.23705220804116442,2.8282827213717716e-05
0.14500000000000002,89.99162340178209,90.0,0.2026303685250903,-0.04900661719256788,-8.703181878836408e-05,1.9021765004375795e-05,12.000000000285329,0.00033797961303961573,-0.0008442239917742549,-2.377754150431983e-08,-2.377754150431983e-08,0.23640209661260536,2.8164967752631622e-05
0.1452,89.99166387171604,90.0,0.202069059386218,-0.049353015537959455,-8.791792730318376e-05,1.8929864981478755e-05,12.00000000028703,0.0003365662508899679,-0.0008528194006481671,-2.391918569629312e-08,-2.391918569629312e-08,0.23574723595058764,2.8047187573493123e-05
0.1454,89.9917042289912,90.0,0.20150378039128128,-0.049690724891180205,-8.878426182680414e-05,1.883822078669255e-05,12.000000000288642,0.000335153915384557,-0.0008612229983199697,-2.4053521658268562e-08,-2.4053521658268562e-08,0.2350877437898282,2.792949294804128e-05
0.1456,89.99174447282353,90.0,0.20093463109860352,-0.050019862368275214,-8.963108262799103e-05,1.874683420035715e-05,12.000000000290168,0.0003337426805161696,-0.0008694373094425939,-2.418069484892677e-08,-2.418069484892677e-08,0.2344237362817041,2.7811890042341625e-05
0.1458,89.9917846024488,90.0,0.20036170972464742,-0.050340543763790546,-9.045864706841447e-05,1.865570695791764e-05,12.00000000029161,0.0003323326190259828,-0.0008774648304696289,-2.430084876717295e-08,-2.430084876717295e-08,0.23375532801208868,2.76943849181589e-05
0.14600000000000002,89.9918246171223,90.0,0.19978511315915606,-0.050652883564808286,-9.126720963340285e-05,1.8564840750502e-05,12.00000000029297,0.0003309238024185538,-0.0008853080299536432,-2.441412496473216e-08,-2.441412496473216e-08,0.2330826320190154,2.7576983534206218e-05
0.1462,89.99186451611857,90.0,0.19920493698013292,-0.05095699496404699,-9.205702196053375e-05,1.847423722555668e-05,12.000000000294248,0.0003295163009774275,-0.0008929693488235197,-2.4520663058611103e-08,-2.4520663058611103e-08,0.23240575981015507,2.745969174744563e-05
0.1464,89.99190429873106,90.0,0.1986212754686719,-0.05125298987346266,-9.282833286941564e-05,1.8383897987424417e-05,12.000000000295447,0.00032811018377996255,-0.0009004512006733441,-2.4620600744212062e-08,-2.4620600744212062e-08,0.23172482138011719,2.734251531432369e-05
0.1466,89.99194396427202,90.0,0.1980342216236313,-0.05154097893834264,-9.358138839264279e-05,1.829382459786423e-05,12.00000000029657,0.0003267055187113723,-0.0009077559720626726,-2.4714073809062666e-08,-2.4714073809062666e-08,0.23103992522756983,2.7225459891941502e-05
0.1468,89.9919835120722,90.0,0.1974438671761465,-0.051821071549042697,-9.431643180126255e-05,1.820401857674479e-05,12.000000000297614,0.00032530237248078983,-0.0009148860227635697,-2.4801216145593493e-08,-2.4801216145593493e-08,0.23035117837217095,2.7108531039393494e-05
0.14700000000000002,89.99202294148047,90.0,0.19685030260400846,-0.05209337585502344,-9.503370363563615e-05,1.811448140253555e-05,12.000000000298586,0.0003239008106348018,-0.0009218436860599627,-2.4882159765497184e-08,-2.4882159765497184e-08,0.2296586863713432,2.6991734218895205e-05
0.1472,89.99206225186376,90.0,0.1962536171458805,-0.05235799877724007,-9.573344173247196e-05,1.802521451291343e-05,12.000000000299483,0.0003225008975723041,-0.0009286312690098691,-2.495703481349303e-08,-2.495703481349303e-08,0.22896255333686055,2.687507479702129e-05
0.1474,89.9921014426067,90.0,0.19565389881537423,-0.05261504602175665,-9.641588125474053e-05,1.7936219305253938e-05,12.00000000030031,0.00032110269655787646,-0.0009352510527355785,-2.5025969582039284e-08,-2.5025969582039284e-08,0.22826288195126992,2.6758558045820047e-05
0.1476,89.99214051311135,90.0,0.19505123441496877,-0.052864622091009394,-9.708125471611472e-05,1.7847497137295645e-05,12.000000000301068,0.00031970626973718377,-0.0009417052926607249,-2.5089090525064146e-08,-2.5089090525064146e-08,0.22755977348413023,2.664218914409689e-05
0.14780000000000001,89.99217946279713,90.0,0.19444570954980117,-0.05310683029773289,-9.772979201165297e-05,1.775904932757354e-05,12.000000000301757,0.00031831167814949885,-0.0009479962188079213,-2.51465222733784e-08,-2.51465222733784e-08,0.22685332780810138,2.652597317845787e-05
0.14800000000000002,89.99221829110033,90.0,0.19383740864129723,-0.05334177277617641,-9.836172044216868e-05,1.767087715605459e-05,12.000000000302382,0.0003169189817426001,-0.000954126036035146,-2.5198387648895195e-08,-2.5198387648895195e-08,0.22614364341484677,2.6409915144551184e-05
0.1482,89.99225699747409,90.0,0.1932264149406737,-0.05356955049527201,-9.897726474318031e-05,1.7582981864599996e-05,12.000000000302936,0.00031552823938549404,-0.000960096924316564,-2.524480768011548e-08,-2.524480768011548e-08,0.22543081743078597,2.6294019948127385e-05
0.1484,89.99229558138806,90.0,0.19261281054228993,-0.05379026327017161,-9.957664711006868e-05,1.749536465754298e-05,12.00000000030343,0.0003141395088824639,-0.000965911038986557,-2.5285901616976245e-08,-2.5285901616976245e-08,0.22471494563267158,2.617829240621005e-05
0.1486,89.9923340423282,90.0,0.19199667639686704,-0.05400400977466479,-0.00010016008722531131,1.740802670217991e-05,12.00000000030386,0.00031275284698599394,-0.0009715705110039018,-2.5321786946367748e-08,-2.5321786946367748e-08,0.22399612246301157,2.6062737248172876e-05
0.14880000000000002,89.99237237979654,90.0,0.19137809232456499,-0.05421088755268772,-0.00010072780228361134,1.7320969129319225e-05,12.00000000030423,0.0003113683094103229,-0.0009770774471955246,-2.535257940737596e-08,-2.535257940737596e-08,0.2232744410453258,2.594735911686908e-05
0.149,89.99241059331095,90.0,0.1907571370279275,-0.05441099303035812,-0.0001012800070182741,1.7234193033772555e-05,12.000000000304542,0.0003099859508442239,-0.000982433930512359,-2.5378393006981084e-08,-2.5378393006981084e-08,0.2225499931992487,2.5832162569696413e-05
0.1492,89.99244868240497,90.0,0.1901338881046895,-0.0546044215281733,-0.00010181691372798365,1.714769947481694e-05,12.00000000030479,0.00030860582496336167,-0.000987642020289083,-2.539934003600435e-08,-2.539934003600435e-08,0.2218228694554711,2.5717152079626942e-05
0.1494,89.9924866466275,90.0,0.18950842206044466,-0.054791267271592115,-0.0001023387322998202,1.706148947677266e-05,12.000000000304986,0.00030722798444398096,-0.0009927037524673917,-2.54155310843985e-08,-2.54155310843985e-08,0.22109315907051874,2.5602332036347717e-05
0.1496,89.99252448554269,90.0,0.18888081432119141,-0.05497162340322332,-0.00010284567023604954,1.6975564029436565e-05,12.000000000305125,0.0003058524809747754,-0.00099762113985586,-2.5427075057503307e-08,-2.5427075057503307e-08,0.22036095004138997,2.548770674724987e-05
0.14980000000000002,89.9925621987296,90.0,0.1882511392457397,-0.055145581993398696,-0.00010333793267715525,1.688992408863098e-05,12.00000000030521,0.0003044793652700866,-0.001002396172353358,-2.5434079191629333e-08,-2.5434079191629333e-08,0.21962632912002963,2.5373280438528535e-05
0.15,89.99259978578212,90.0,0.18761947013799646,-0.055313234052352785,-0.00010381572242864338,1.680457057660818e-05,12.000000000305239,0.00030310868708128495,-0.001007030817209063,-2.5436649070572355e-08,-2.5436649070572355e-08,0.21888938182766254,2.5259057256131243e-05
0.1502,89.99263724630865,90.0,0.1869858792591115,-0.055474669540786954,-0.00010427923998408894,1.6719504382570395e-05,12.000000000305217,0.00030174049520948013,-0.0010115270192460127,-2.5434888641441504e-08,-2.5434888641441504e-08,0.21815019246896342,2.514504126681712e-05
0.1504,89.99267457993199,90.0,0.18635043783950234,-0.05562997738097497,-0.00010472868354946473,1.6634726363132037e-05,12.000000000305146,0.00030037483751746744,-0.0010158867010971006,-2.5428900230869838e-08,-2.5428900230869838e-08,0.21740884414608605,2.5031236459152438e-05
0.1506,89.99271178628902,90.0,0.1857132160907519,-0.05577924546733564,-0.00010516424906624167,1.6550237342810867e-05,12.000000000305025,0.00029901176094195725,-0.0010201117634291521,-2.5418784561066893e-08,-2.5418784561066893e-08,0.2166654187725439,2.491764674452973e-05
0.15080000000000002,89.99274886503062,90.0,0.1850742832173851,-0.055922560677546744,-0.00010558613023577097,1.64660381144613e-05,12.000000000304855,0.00029765131150503825,-0.0010242040851794363,-2.5404640766227697e-08,-2.5404640766227697e-08,0.21591999708694926,2.4804275958123047e-05
0.151,89.99278581582136,90.0,0.18443370742851786,-0.056060008883126386,-0.00010599451854243844,1.638212943973667e-05,12.000000000304638,0.00029629353432592535,-0.0010281655237802671,-2.5386566408765658e-08,-2.5386566408765658e-08,0.21517265866660418,2.469112785986696e-05
0.1512,89.99282263833942,90.0,0.18379155594938518,-0.056191674960554654,-0.00010638960327809858,1.629851204949368e-05,12.000000000304375,0.00029493847363194054,-0.001031997915396018,-2.5364657495877144e-08,-2.5364657495877144e-08,0.2144234819409494,2.4578206135371628e-05
0.1514,89.99285933227624,90.0,0.18314789503274162,-0.05631764280079737,-0.00010677157156279031,1.621518664431242e-05,12.000000000304068,0.0002935861727708331,-0.0010357030751240684,-2.5339008495412758e-08,-2.5339008495412758e-08,0.2136725442048652,2.4465514396949495e-05
0.1516,89.9928958973365,90.0,0.18250278997015257,-0.056437995319742355,-0.00010714060836760072,1.613215389492972e-05,12.000000000303718,0.00029223667422198805,-0.0010392827972165856,-2.5309712352251066e-08,-2.5309712352251066e-08,0.21291992163184467,2.43530561845493e-05
0.15180000000000002,89.99293233323777,90.0,0.18185630510316636,-0.05655281446953547,-0.00010749689653964865,1.6049414442585815e-05,12.000000000303324,0.00029089001960651647,-0.0010427388553228706,-2.527686050513994e-08,-2.527686050513994e-08,0.21216568928702745,2.424083496659697e-05
0.152,89.99296863971047,90.0,0.18120850383435602,-0.056662181247602854,-0.00010784061682167673,1.596696889954439e-05,12.000000000302887,0.00028954624969938737,-0.001046073002679404,-2.5240542902496132e-08,-2.5240542902496132e-08,0.21140992114008203,2.4128854141006587e-05
0.1522,89.99300481649753,90.0,0.1805594486382578,-0.05676617570695035,-0.00010817194787464319,1.5884817849497e-05,12.00000000030241,0.00028820540444009907,-0.0010492869723289905,-2.5200848018848564e-08,-2.5200848018848564e-08,0.21065269007796744,2.401711703606967e-05
0.1524,89.99304086335434,90.0,0.1799092010721919,-0.05686487696665344,-0.00010849106630077513,1.5802961847938684e-05,12.000000000301895,0.0002868675229429365,-0.0010523824773443797,-2.5157862871394847e-08,-2.5157862871394847e-08,0.20989406791755721,2.390562691130996e-05
0.1526,89.9930767800485,90.0,0.17925782178696292,-0.05695836322111337,-0.00010879814666375381,1.5721401422630163e-05,12.000000000301341,0.00028553264350822074,-0.001055361211024067,-2.511167303601432e-08,-2.511167303601432e-08,0.20913412541812337,2.3794386958420875e-05
0.15280000000000002,89.99311256635961,90.0,0.178605370537454,-0.057046711749876,-0.00010909336151022954,1.564013707400232e-05,12.000000000300748,0.0002842008036327989,-0.0010582248471009922,-2.5062362663563357e-08,-2.5062362663563357e-08,0.20837293229369636,2.368340030213968e-05
0.153,89.9931482220792,90.0,0.17795190619310872,-0.05712999892800363,-0.00010937688139264515,1.5559169275502874e-05,12.000000000300119,0.00028287204001977204,-0.0010609750399639302,-2.5010014496429174e-08,-2.5010014496429174e-08,0.20761055722529353,2.357267000105812e-05
0.1532,89.99318374701042,90.0,0.1772974867482942,-0.05720830023415008,-0.0001096488748867057,1.54784984741164e-05,12.000000000299456,0.00028154638859027067,-0.0010636134248269513,-2.4954709884057053e-08,-2.4954709884057053e-08,0.20684706787300994,2.346219904860373e-05
0.1534,89.99321914096798,90.0,0.17664216933257157,-0.057281690261703155,-0.00010990950861603215,1.539812509062434e-05,12.000000000298758,0.0002802238844920162,-0.001066141617968566,-2.489652879985972e-08,-2.489652879985972e-08,0.2060825308880002,2.33519903737533e-05
0.15360000000000001,89.99325440377791,90.0,0.1759860102208387,-0.057350242727262454,-0.00011015894727060268,1.531804952006722e-05,12.000000000298026,0.000278904562110278,-0.0010685612169106082,-2.483554985692311e-08,-2.483554985692311e-08,0.20531701192431184,2.3242046841945936e-05
0.15380000000000002,89.99328953527743,90.0,0.17532906484337607,-0.057414030480047604,-0.00011039735362738239,1.523827213212026e-05,12.000000000297263,0.00027758845507772247,-0.0010708738006183478,-2.4771850324124367e-08,-2.4771850324124367e-08,0.20455057565060542,2.313237125590384e-05
0.154,89.99332453531471,90.0,0.17467138779578456,-0.05747312551080003,-0.00011062488856978371,1.5158793271497794e-05,12.000000000296467,0.0002762755962845595,-0.0010730809296892602,-2.470550614201379e-08,-2.470550614201379e-08,0.20378328576174864,2.302296635647783e-05
0.1542,89.99335940374883,90.0,0.17401303284882136,-0.057527598961608584,-0.00011084171110930052,1.5079613258271075e-05,12.000000000295639,0.00027496601788757865,-0.00107518414656288,-2.4636591939080523e-08,-2.4636591939080523e-08,0.20301520499029158,2.291383482340037e-05
0.1544,89.99339414044948,90.0,0.17335405295812342,-0.05757752113415694,-0.0001110479784034677,1.5000732388301627e-05,12.000000000294783,0.0002736597513205334,-0.001077184975695013,-2.456518104730589e-08,-2.456518104730589e-08,0.20224639511781065,2.2804979276150907e-05
0.15460000000000002,89.99342874529691,90.0,0.17269450027383618,-0.05762296149925989,-0.00011124384577684693,1.4922150933559024e-05,12.000000000293895,0.00027235682730306933,-0.001079084923761302,-2.4491345518250397e-08,-2.4491345518250397e-08,0.2014769169861422,2.2696402274699914e-05
0.15480000000000002,89.99346321818166,90.0,0.17203442615013317,-0.057663988704826225,-0.00011142946673834912,1.4843869142554248e-05,12.000000000292982,0.0002710572758510008,-0.001080885479825256,-2.4415156138431882e-08,-2.4415156138431882e-08,0.2007068305084887,2.258810632036524e-05
0.155,89.99349755900454,90.0,0.17137388115464458,-0.05770067058582578,-0.0001116049930032542,1.4765887240599686e-05,12.00000000029204,0.0002697611262844311,-0.0010825881155518487,-2.4336682445524933e-08,-2.4336682445524933e-08,0.19993619468041868,2.2480093856488833e-05
0.1552,89.99353176767634,90.0,0.170712915077771,-0.05773307417196521,-0.00011177057450989019,1.4688205430242496e-05,12.000000000291072,0.00026846840723792037,-0.0010841942853693054,-2.425599274354104e-08,-2.425599274354104e-08,0.19916506759073282,2.237236726928403e-05
0.1554,89.99356584411774,90.0,0.1700515769419101,-0.05776126569630718,-0.00011192635943852973,1.4610823891611267e-05,12.000000000290079,0.00026717914666955507,-0.001085705426652405,-2.4173154118373553e-08,-2.4173154118373553e-08,0.19839350643222842,2.2264928888591373e-05
0.15560000000000002,89.99359978825915,90.0,0.16938991501058376,-0.05778531060446181,-0.00011207249423163765,1.4533742782704933e-05,12.00000000028906,0.0002658933718692598,-0.0010871229599188838,-2.4088232453529936e-08,-2.4088232453529936e-08,0.19762156751234772,2.215778098857124e-05
0.1558,89.99363360004058,90.0,0.16872797679746046,-0.05780527356256576,-0.00011220912361129872,1.4456962239768327e-05,12.000000000288015,0.00026461110946811013,-0.0010884482889984887,-2.4001292445303628e-08,-2.4001292445303628e-08,0.19684930626370384,2.205092578847993e-05
0.156,89.99366727941144,90.0,0.16806580907528573,-0.05782121846477756,-0.00011233639059552701,1.4380482377696658e-05,12.00000000028695,0.0002633323854479486,-0.0010896828011911792,-2.391239761770119e-08,-2.391239761770119e-08,0.19607677725450004,2.1944365453470974e-05
0.1562,89.99370082633044,90.0,0.1674034578847275,-0.0578332084431412,-0.00011245443652012307,1.4304303290237721e-05,12.000000000285858,0.0002620572251484942,-0.0010908278674791481,-2.3821610338285446e-08,-2.3821610338285446e-08,0.19530403419884873,2.1838102095187634e-05
0.1564,89.99373424076542,90.0,0.16674096854310744,-0.057841305874093106,-0.00011256340105269985,1.422842505045415e-05,12.000000000284746,0.0002607856532775572,-0.0010918848426628735,-2.3728991832578622e-08,-2.3728991832578622e-08,0.19453112996695868,2.1732137772614085e-05
0.15660000000000002,89.99376752269318,90.0,0.1660783856530585,-0.05784557238770816,-0.00011266342221312169,1.415284771095453e-05,12.000000000283617,0.0002595176939184014,-0.0010928550655593815,-2.3634602199525905e-08,-2.3634602199525905e-08,0.19375811659523495,2.1626474492688978e-05
0.1568,89.99380067209944,90.0,0.1654157531110762,-0.05784606887537619,-0.0001127546363902888,1.4077571304240077e-05,12.000000000282462,0.0002582533705384579,-0.001093739859165059,-2.3538500426248836e-08,-2.3538500426248836e-08,0.19298504529625557,2.1521114211031582e-05
0.157,89.99383368897855,90.0,0.16475311411598226,-0.057842855497000974,-0.00011283717835781692,1.4002595843080207e-05,12.00000000028129,0.0002569927059983438,-0.001094540530807748,-2.344074440254609e-08,-2.344074440254609e-08,0.19221196646864597,2.1416058832693308e-05
0.1572,89.9938665733335,90.0,0.16409051117730525,-0.057835991690215055,-0.00011291118129444146,1.3927921320714763e-05,12.000000000280096,0.00025573572255872785,-0.0010952583723446703,-2.3341390936126886e-08,-2.3341390936126886e-08,0.19143892970685614,2.1311310212729886e-05
0.1574,89.9938993251757,90.0,0.1634279861235561,-0.05782553617660517,-0.00011297677679744665,1.3853547711287373e-05,12.000000000278884,0.00025448244188995366,-0.0010958946602926925,-2.324049576658035e-08,-2.324049576658035e-08,0.19066598381081545,2.1206870157003283e-05
0.15760000000000002,89.99393194452479,90.0,0.16276558011043213,-0.0578115469699702,-0.00011303409490085648,1.3779474970105442e-05,12.000000000277659,0.00025323288507951574,-0.0010964506560047808,-2.313811358008282e-08,-2.313811358008282e-08,0.18989317679550416,2.1102740422804698e-05
0.1578,89.99396443140867,90.0,0.16210333362892637,-0.05779408138480125,-0.0001130832640941579,1.3705703033871289e-05,12.000000000276412,0.00025198707263913425,-0.0010969276058516199,-2.303429802410307e-08,-2.303429802410307e-08,0.18912055590041407,2.0998922719444158e-05
0.158,89.9939967858632,90.0,0.16144128651333997,-0.057773196042140436,-0.00011312441133490851,1.363223182111548e-05,12.00000000027515,0.0002507450245142397,-0.00109732674134391,-2.292910172100837e-08,-2.292910172100837e-08,0.18834816759889664,2.0895418709040857e-05
0.1582,89.9940290079322,90.0,0.1607794779492272,-0.05774894687854234,-0.00011315766206860762,1.3559061232370183e-05,12.000000000273872,0.0002495067600902582,-0.0010976492793251182,-2.2822576282797218e-08,-2.2822576282797218e-08,0.1875760576074317,2.079223000704698e-05
0.1584,89.99406109766723,90.0,0.16011794648123798,-0.05772138915240591,-0.00011318314024243315,1.3486191150544723e-05,12.000000000272578,0.0002482722982013041,-0.0010978964221047308,-2.271477232472825e-08,-2.271477232472825e-08,0.18680427089477764,2.0689358182972053e-05
0.15860000000000002,89.9940930551275,90.0,0.15945673002088778,-0.05769057745162562,-0.00011320096832207309,1.3413621441185595e-05,12.000000000271267,0.0002470416571374275,-0.0010980693576215204,-2.2605739479376563e-08,-2.2605739479376563e-08,0.18603285169103576,2.0586804760986914e-05
0.1588,89.9941248803797,90.0,0.15879586585423985,-0.057656565700765244,-0.00011321126730745255,1.3341351952765368e-05,12.000000000269946,0.00024581485465216795,-0.0010981692595961007,-2.2495526410418485e-08,-2.2495526410418485e-08,0.18526184349661318,2.0484571220553184e-05
0.159,89.99415657349802,90.0,0.1581353906495054,-0.05761940716811713,-0.00011321415674820428,1.3269382516971582e-05,12.00000000026861,0.0002445919079700644,-0.001098197287680994,-2.2384180826285952e-08,-2.2384180826285952e-08,0.18449128909108967,2.038265899704912e-05
0.1592,89.9941881345638,90.0,0.15747534046456255,-0.05757915447335828,-0.00011320975476054572,1.319771294893786e-05,12.00000000026726,0.00024337283379342019,-0.0010981545876243414,-2.2271749493952364e-08,-2.2271749493952364e-08,0.1837212305419896,2.0281069482333323e-05
0.15940000000000001,89.99421956366564,90.0,0.1568157507543879,-0.057535859593663696,-0.00011319817804056101,1.3126343047590598e-05,12.0000000002659,0.00024215764831042724,-0.00109804229139874,-2.215827825205166e-08,-2.215827825205166e-08,0.18295170921345252,2.0179804025421787e-05
0.15960000000000002,89.99425086089909,90.0,0.15615665637841808,-0.057489573871142736,-0.00011317954188058541,1.3055272595880074e-05,12.000000000264524,0.00024094636720184816,-0.001097861517360176,-2.2043812024401006e-08,-2.2043812024401006e-08,0.1821827657748211,2.0078863933044736e-05
0.1598,89.99428202636666,90.0,0.15549809160782582,-0.057440348019445725,-0.0001131539601836619,1.2984501361069353e-05,12.00000000026314,0.00023973900564835612,-0.001097613370388255,-2.19283948331209e-08,-2.19283948331209e-08,0.1814144402091301,1.9978250470258253e-05
0.16,89.99431306017762,90.0,0.15484009013272051,-0.057388232130620415,-0.00011312154547859188,1.2914029094994296e-05,12.000000000261746,0.00023853557833748324,-0.0010972989420321964,-2.1812069811754104e-08,-2.1812069811754104e-08,0.18064677182150726,1.9877964861023357e-05
0.1602,89.99434396244796,90.0,0.1541826850692701,-0.057333275682569226,-0.00011308240893640103,1.2843855534265787e-05,12.00000000026034,0.00023733609946982525,-0.0010969193106705568,-2.1694879218502615e-08,-2.1694879218502615e-08,0.17987979924748176,1.977800828872302e-05
0.16040000000000001,89.9943747333002,90.0,0.15352590896673787,-0.057275527544255744,-0.00011303666038155523,1.27739804006453e-05,12.000000000258922,0.00023614058276731005,-0.0010964755416200244,-2.1576864448555646e-08,-2.1576864448555646e-08,0.17911356046119417,1.967838189685124e-05
0.16060000000000002,89.99440537286335,90.0,0.15286979381445898,-0.05721503598331432,-0.00011298440830880215,1.2704403401218245e-05,12.000000000257497,0.00023494904147897399,-0.0010959686872987864,-2.145806604719115e-08,-2.145806604719115e-08,0.1783480927835355,1.957908678949437e-05
0.1608,89.99443588127274,90.0,0.15221437104873045,-0.05715184867211754,-0.00011292575989641995,1.2635124228682859e-05,12.000000000256062,0.00023376148838809873,-0.0010953997873550437,-2.133852372222149e-08,-2.133852372222149e-08,0.17758343289018555,1.9480124031925884e-05
0.161,89.99446625866992,90.0,0.15155967155963113,-0.05708601269481162,-0.00011286082102173795,1.2566142561552444e-05,12.00000000025462,0.00023257793581825715,-0.0010947698688175641,-2.1218276356684218e-08,-2.1218276356684218e-08,0.17681961681956965,1.9381494651110185e-05
0.1612,89.99449650520259,90.0,0.15090572569776128,-0.05701757455317435,-0.00011278969627391573,1.2497458064444252e-05,12.000000000253168,0.00023139839564037095,-0.0010940799462196412,-2.1097362021015595e-08,-2.1097362021015595e-08,0.1760566799807215,1.9283199636290756e-05
0.16140000000000002,89.99452662102446,90.0,0.15025256328091527,-0.056946580173089345,-0.00011271248896817198,1.2429070388310625e-05,12.00000000025171,0.0002302228792790302,-0.001093331021737118,-2.097581798534362e-08,-2.097581798534362e-08,0.17529465716106782,1.918523993951676e-05
0.16160000000000002,89.99455660629516,90.0,0.14960021360067943,-0.05687307491056117,-0.00011262930115895035,1.2360979170698985e-05,12.000000000250244,0.00022905139771912592,-0.001092524085316097,-2.0853680731520255e-08,-2.0853680731520255e-08,0.174533582534126,1.908761647619578e-05
0.1618,89.99458646118009,90.0,0.14894870542896194,-0.056797103558345864,-0.00011254023365453314,1.2293184035954071e-05,12.000000000248772,0.00022788396151174212,-0.0010916601148146955,-2.0730985965264897e-08,-2.0730985965264897e-08,0.17377348966712228,1.899033012558482e-05
0.162,89.99461618585039,90.0,0.14829806702444567,-0.05671871035176315,-0.00011244538602975232,1.222568459547795e-05,12.000000000247294,0.00022672058078071242,-0.0010907400761263454,-2.060776862792228e-08,-2.060776862792228e-08,0.17301441152851996,1.8893381731336682e-05
0.1622,89.99464578048278,90.0,0.14764832613897544,-0.056637938974772865,-0.00011234485663932731,1.215848044796113e-05,12.000000000245809,0.000225561265228789,-0.0010897649233091715,-2.0484062908211315e-08,-2.0484062908211315e-08,0.17225638049547135,1.879677210201405e-05
0.16240000000000002,89.9946752452595,90.0,0.14699951002387482,-0.05655483256630792,-0.00011223874263181186,1.2091571179584798e-05,12.00000000024432,0.00022440602414342404,-0.0010887355987212791,-2.0359902253956522e-08,-2.0359902253956522e-08,0.17149942836118728,1.870050201157126e-05
0.1626,89.9947045803682,90.0,0.1463516454361909,-0.056469433726151236,-0.00011212713996248491,1.2024956364251934e-05,12.000000000242824,0.00022325486640286437,-0.0010876530331457974,-2.023531938356013e-08,-2.023531938356013e-08,0.17074358634222273,1.8604572199862226e-05
0.1628,89.99473378600176,90.0,0.1457047586448718,-0.056381784520008735,-0.00011201014340437077,1.1958635563876203e-05,12.000000000241325,0.00022210780048291387,-0.0010865181458977766,-2.011034629710631e-08,-2.011034629710631e-08,0.1699888850856838,1.850898337320393e-05
0.163,89.99476286235836,90.0,0.14505887543688561,-0.05629192648627642,-0.00011188784656322785,1.1892608328526422e-05,12.000000000239819,0.0002209648344619076,-0.0010853318449695825,-1.9985014287928983e-08,-1.9985014287928983e-08,0.1692353546763665,1.841373620479097e-05
0.1632,89.99479180964123,90.0,0.1444140211232618,-0.056199900641633854,-0.00011176034188980451,1.1826874196657658e-05,12.000000000238312,0.00021982597602669945,-0.0010840950271497794,-1.9859353953679897e-08,-1.9859353953679897e-08,0.16848302464380543,1.8318831335194488e-05
0.16340000000000002,89.99482062805863,90.0,0.14377022054506924,-0.056105747486903834,-0.00011162772069272556,1.176143269531348e-05,12.0000000002368,0.00021869123247826537,-0.0010828085781481316,-1.9733395207381676e-08,-1.9733395207381676e-08,0.16773192396924744,1.8224269372829154e-05
0.1636,89.99484931782378,90.0,0.1431274980793263,-0.056009507011751995,-0.00011149007314867579,1.1696283340414839e-05,12.000000000235286,0.00021756061073832512,-0.001081473372694386,-1.960716728800114e-08,-1.960716728800114e-08,0.16698208109254734,1.8130050894504947e-05
0.1638,89.99487787915463,90.0,0.14248587764485746,-0.055911218701087846,-0.00011134748831656893,1.163142563690452e-05,12.000000000233769,0.00021643411735417824,-0.0010800902746757129,-1.9480698771476322e-08,-1.9480698771476322e-08,0.16623352391900037,1.8036176445830164e-05
0.164,89.994906312274,90.0,0.1418453827080766,-0.05581092154100781,-0.00011120005415065556,1.1566859078920501e-05,12.000000000232248,0.00021531175850385357,-0.0010786601372638547,-1.935401758148281e-08,-1.935401758148281e-08,0.1654862798260894,1.7942646541640537e-05
0.1642,89.99493461740924,90.0,0.1412060362887021,-0.05570865402322257,-0.00011104785751009666,1.1502583150084823e-05,12.000000000230726,0.00021419354000262817,-0.0010771838030079924,-1.9227150999611615e-08,-1.9227150999611615e-08,0.16474037567015243,1.7849461666542487e-05
0.16440000000000002,89.99496279479234,90.0,0.14056786096542118,-0.055604454151189676,-0.00011089098417253107,1.143859732364806e-05,12.000000000229202,0.0002130794673077628,-0.001075662103966351,-1.9100125675993304e-08,-1.9100125675993304e-08,0.16399583779299137,1.7756622275307747e-05
0.1646,89.99499084465974,90.0,0.13993087888148423,-0.05549835944508231,-0.00011072951884493132,1.137490106272043e-05,12.000000000227676,0.00021196954552425438,-0.0010740958618115032,-1.8972967639445583e-08,-1.8972967639445583e-08,0.1632526920283983,1.7664128793352725e-05
0.1648,89.99501876725223,90.0,0.13929511175024176,-0.05539040694738884,-0.00011056354517594207,1.1311493820445131e-05,12.000000000226148,0.00021086377940985587,-0.0010724858879500555,-1.88457023077185e-08,-1.88457023077185e-08,0.1625109637086154,1.7571981617156833e-05
0.165,89.99504656281495,90.0,0.13866058086061778,-0.05528063322806814,-0.00011039314576718857,1.1248375040200589e-05,12.00000000022462,0.0002097621733804139,-0.0010708329836323408,-1.8718354497495706e-08,-1.8718354497495706e-08,0.16177067767072076,1.7480181114707293e-05
0.1652,89.99507423159723,90.0,0.13802730708252342,-0.05516907438962166,-0.00011021840218439863,1.118554415580266e-05,12.000000000223093,0.000208664731515175,-0.0010691379400603043,-1.8590948434268595e-08,-1.8590948434268595e-08,0.16103185826294403,1.7388727625941308e-05
0.16540000000000002,89.99510177385254,90.0,0.13739531087221318,-0.05505576607279556,-0.00011003939497000541,1.1123000591649098e-05,12.000000000221561,0.000207571457561359,-0.0010674015385097528,-1.8463507762301304e-08,-1.8463507762301304e-08,0.1602945293509154,1.729762146312721e-05
0.1656,89.99512918983838,90.0,0.13676461227757525,-0.05494074346077014,-0.00010985620365222269,1.1060743762979562e-05,12.000000000220034,0.00020648235494010332,-0.001065624550418386,-1.8336055554028555e-08,-1.8336055554028555e-08,0.15955871432383778,1.720686291135977e-05
0.1658,89.99515647981626,90.0,0.13613523094337404,-0.05482404128505869,-0.00010966890675812297,1.099877307599117e-05,12.000000000218503,0.00020539742675062479,-0.0010638077375126568,-1.82086143198771e-08,-1.82086143198771e-08,0.15882443610060304,1.7116452228907066e-05
0.166,89.99518364405156,90.0,0.13550718611642545,-0.054705693830246635,-0.00010947758182401348,1.0937087928040729e-05,12.000000000216975,0.00020431667577540082,-0.00106195185190842,-1.8081206017627997e-08,-1.8081206017627997e-08,0.1580917171358297,1.702638964764221e-05
0.16620000000000001,89.99521068281345,90.0,0.1348804966507171,-0.05458573493829838,-0.0001092823054048092,1.0875687707875859e-05,12.000000000215447,0.00020324010448567297,-0.001060057636201853,-1.7953852061552666e-08,-1.7953852061552666e-08,0.15736057942583662,1.6936675373502002e-05
0.16640000000000002,89.99523759637486,90.0,0.13425518101247993,-0.05446419801421784,-0.00010908315308657682,1.0814571795750551e-05,12.00000000021392,0.00020216771504551895,-0.0010581258235911333,-1.782657333185532e-08,-1.782657333185532e-08,0.15663104451455992,1.6847309586826247e-05
0.1666,89.99526438501236,90.0,0.13363125728519468,-0.05434111603090677,-0.00010888019949721263,1.0753739563598503e-05,12.000000000212392,0.00020109950931659318,-0.0010561571379800168,-1.7699390183769966e-08,-1.7699390183769966e-08,0.15590313349939378,1.6758292442752822e-05
0.1668,89.99529104900611,90.0,0.13300874317454256,-0.05421652153323545,-0.00010867351831528607,1.0693190375264238e-05,12.000000000210868,0.0002000354888635417,-0.0010541522940636216,-1.7572322456327923e-08,-1.7572322456327923e-08,0.15517686703696632,1.6669624071668883e-05
0.167,89.99531758863975,90.0,0.13238765601330954,-0.05409044664382424,-0.00010846318228288976,1.0632923586589787e-05,12.000000000209344,0.00019897565495763424,-0.0010521119974530753,-1.7445389481529866e-08,-1.7445389481529866e-08,0.15445226534886114,1.6581304579513587e-05
0.16720000000000002,89.99534400420038,90.0,0.1317680127662242,-0.053962923066601165,-0.00010824926321329915,1.0572938545674678e-05,12.000000000207823,0.00019792000858247108,-0.0010500369447498156,-1.7318610092766333e-08,-1.7318610092766333e-08,0.1537293482272616,1.6493334048253617e-05
0.16740000000000002,89.99537029597843,90.0,0.13114983003475486,-0.05383398209243423,-0.00010803183200348788,1.051323459296262e-05,12.000000000206304,0.0001968685504375593,-0.0010479278236669902,-1.7192002633746653e-08,-1.7192002633746653e-08,0.15300813504054736,1.6405712536181228e-05
0.1676,89.99539646426766,90.0,0.13053312406184242,-0.05370365460325263,-0.00010781095864311941,1.045381106144373e-05,12.000000000204787,0.00019582128094326122,-0.0010457853131166787,-1.706558496688856e-08,-1.706558496688856e-08,0.15228864473881615,1.6318440078326616e-05
0.1678,89.99542250936497,90.0,0.1299179107365854,-0.053571971076456885,-0.00010758671222422051,1.0394667276827866e-05,12.000000000203272,0.00019477820024536624,-0.0010436100833037265,-1.6939374481697774e-08,-1.6939374481697774e-08,0.15157089585934966,1.62315166868389e-05
0.168,89.99544843157047,90.0,0.1293042055988753,-0.05343896158961449,-0.00010735916095152904,1.0335802557689083e-05,12.00000000020176,0.0001937393082192847,-0.0010414027958261195,-1.6813388103132426e-08,-1.6813388103132426e-08,0.1508549065320212,1.614494235133561e-05
0.16820000000000002,89.99547423118729,90.0,0.12869202384397718,-0.053304655825079365,-0.00010712837215267093,1.0277216215610086e-05,12.000000000200252,0.00019270460447421382,-0.001039164103773704,-1.6687642299847564e-08,-1.6687642299847564e-08,0.15014069448464004,1.6058717039249835e-05
0.16840000000000002,89.99549990852162,90.0,0.12808138032705832,-0.05316908307453866,-0.00010689441228817438,1.0218907555326664e-05,12.000000000198746,0.0001916740883572753,-0.0010368946518253248,-1.6562153092321822e-08,-1.6562153092321822e-08,0.1494282770482347,1.5972840696175065e-05
0.1686,89.99552546388254,90.0,0.12747228956766388,-0.05303227224241977,-0.00010665734695882692,1.0160875874958827e-05,12.000000000197243,0.0001906477589586803,-0.0010345950763201908,-1.6436936060573926e-08,-1.6436936060573926e-08,0.14871767116227452,1.5887313246295553e-05
0.1688,89.99555089758204,90.0,0.12686476575415423,-0.052894251851375446,-0.00010641724091789536,1.0103120466068571e-05,12.000000000195744,0.00018962561511476516,-0.00103226600537641,-1.631200635236419e-08,-1.631200635236419e-08,0.1480088933798466,1.5802134592639333e-05
0.169,89.99557620993487,90.0,0.12625882274807892,-0.05275505004590425,-0.00010617415807899568,1.0045640613862123e-05,12.000000000194248,0.00018860765541275072,-0.0010299080589673303,-1.6187378690781735e-08,-1.6187378690781735e-08,0.14730195987275874,1.5717304617474805e-05
0.16920000000000002,89.99560140125855,90.0,0.12565447408850944,-0.05261469459697899,-0.00010592816152632466,9.988435597305483e-06,12.000000000192756,0.00018759387819442636,-0.001027521849020786,-1.6063067382018402e-08,-1.6063067382018402e-08,0.14659688643659435,1.5632823182617752e-05
0.1694,89.99562647187331,90.0,0.12505173299631905,-0.05247321290589091,-0.00010567931352306533,9.931504689297776e-06,12.00000000019127,0.00018658428156050863,-0.0010251079795006337,-1.5939086322835142e-08,-1.5939086322835142e-08,0.14589368849570555,1.5548690129794553e-05
0.1696,89.99565142210191,90.0,0.12445061237841827,-0.05233063200838717,-0.00010542767552048416,9.874847156815703e-06,12.000000000189786,0.00018557886337462536,-0.0010226670464949963,-1.5815449008018752e-08,-1.5815449008018752e-08,0.14519238110815466,1.5464905280974197e-05
0.1698,89.99567625226973,90.0,0.12385112483194302,-0.052186978579097654,-0.00010517330816771108,9.818462261029087e-06,12.000000000188306,0.00018457762126692298,-0.0010201996383111306,-1.5692168537824063e-08,-1.5692168537824063e-08,0.1444929789706002,1.5381468438668877e-05
0.17,89.9957009627046,90.0,0.12325328264839239,-0.052042278935180535,-0.0001049162713196999,9.762349257474223e-06,12.00000000018683,0.00018358055263835093,-0.0010177063355526446,-1.5569257625116394e-08,-1.5569257625116394e-08,0.14379549642312445,1.529837938629106e-05
0.17020000000000002,89.99572555373679,90.0,0.12265709781772408,-0.05189655904061965,-0.0001046566240467183,9.706507396169436e-06,12.00000000018536,0.00018258765466422038,-0.0010151877112115533,-1.5446728602599348e-08,-1.5446728602599348e-08,0.14309994745401142,1.5215637888450002e-05
0.1704,89.99575002569895,90.0,0.12206258203240124,-0.05174984451045386,-0.00010439442464368544,9.650935921730642e-06,12.000000000183896,0.0001815989242977374,-0.0010126443307588535,-1.5324593429932655e-08,-1.5324593429932655e-08,0.1424063457044681,1.5133243691246206e-05
0.1706,89.99577437892601,90.0,0.12146974669139014,-0.05160216061387182,-0.00010412973063686381,9.595634073573568e-06,12.000000000182435,0.00018061435827456526,-0.0010100767522094375,-1.5202863700465923e-08,-1.5202863700465923e-08,0.1417147044732885,1.5051196522651616e-05
0.1708,89.9957986137552,90.0,0.12087860290412311,-0.05145353227939023,-0.0001038625987954265,9.54060108594266e-06,12.000000000180979,0.00017963395311525882,-0.001007485526234296,-1.508155064842866e-08,-1.508155064842866e-08,0.14102503672147698,1.4969496092712471e-05
0.171,89.99582273052589,90.0,0.12028916149440148,-0.051303984097105765,-0.00010359308513619154,9.485836188171075e-06,12.00000000017953,0.0001786577051304799,-0.0010048711962064435,-1.4960665155273127e-08,-1.4960665155273127e-08,0.14033735507680173,1.488814209398392e-05
0.17120000000000002,89.99584672957961,90.0,0.11970143300427337,-0.05115354032410949,-0.00010332124493575285,9.431338604680683e-06,12.000000000178083,0.00017768561042303554,-0.0010022342983185904,-1.4840217756749886e-08,-1.4840217756749886e-08,0.13965167183831892,1.4807134201699887e-05
0.1714,89.99587061125999,90.0,0.11911542769784879,-0.05100222488697171,-0.00010304713273577111,9.377107555213195e-06,12.000000000176643,0.00017671766489269581,-0.000999575361634464,-1.4720218649142852e-08,-1.4720218649142852e-08,0.1389679989808236,1.472647207417454e-05
0.1716,89.99589437591263,90.0,0.11853115556508685,-0.0508500613863192,-0.00010277080235315971,9.32314225488794e-06,12.00000000017521,0.00017575386423888722,-0.0009968949081876164,-1.4600677695957176e-08,-1.4600677695957176e-08,0.138286348159268,1.4646155353026757e-05
0.1718,89.99591802388517,90.0,0.11794862632553016,-0.05069707310027322,-0.00010249230688761491,9.26944191434631e-06,12.00000000017378,0.0001747942039644135,-0.0009941934530544657,-1.4481604434230853e-08,-1.4481604434230853e-08,0.13760673071311852,1.4566183663490184e-05
0.17200000000000001,89.99594155552712,90.0,0.11736784943199992,-0.05054328298818758,-0.00010221169872985265,9.216005739867321e-06,12.000000000172356,0.00017383867937880405,-0.000991471504434197,-1.436300808084011e-08,-1.436300808084011e-08,0.13692915767066657,1.4486556614692266e-05
0.17220000000000002,89.99596497118988,90.0,0.11678883407424821,-0.050388713693616694,-0.00010192902956805106,9.162832933540955e-06,12.000000000170939,0.00017288728560234287,-0.0009887295637112537,-1.4244897538532698e-08,-1.4244897538532698e-08,0.13625363975328958,1.440727379999001e-05
0.1724,89.99598827122662,90.0,0.11621158918257651,-0.05023338754901269,-0.00010164435039833974,9.109922693297048e-06,12.000000000169528,0.00017194001756832194,-0.0009859681255570876,-1.412728140230801e-08,-1.412728140230801e-08,0.1355801873796726,1.432833479715774e-05
0.1726,89.99601145599233,90.0,0.11563612343139976,-0.05007732657857006,-0.00010135771153096586,9.05727421307863e-06,12.000000000168122,0.00017099687002702406,-0.0009831876779899688,-1.4010167965255572e-08,-1.4010167965255572e-08,0.13490881066996638,1.4249739168719031e-05
0.1728,89.99603452584368,90.0,0.11506244524277856,-0.04992055250173666,-0.00010106916259802213,9.004886682957487e-06,12.000000000166722,0.0001700578375489854,-0.0009803887024499502,-1.389356522448149e-08,-1.389356522448149e-08,0.13423951944990833,1.4171486462218559e-05
0.17300000000000001,89.99605748113899,90.0,0.11449056278991074,-0.04976308673702276,-0.00010077875256187737,8.952759289220824e-06,12.000000000165329,0.00016912291452788556,-0.0009775716738806449,-1.3777480887026709e-08,-1.3777480887026709e-08,0.13357232325489587,1.4093576210462957e-05
0.17320000000000002,89.9960803222382,90.0,0.1139204840005792,-0.04960495040503912,-0.00010048652972181048,8.900891214515719e-06,12.000000000163944,0.00016819209518411737,-0.0009747370607935763,-1.3661922375520015e-08,-1.3661922375520015e-08,0.13290723133400908,1.4016007931818296e-05
0.1734,89.9961030495028,90.0,0.11335221656056546,-0.04944616433219698,-0.00010019254172219646,8.849281637935793e-06,12.000000000162562,0.00016726537356763596,-0.0009718853253475848,-1.354689683391375e-08,-1.354689683391375e-08,0.13224425265399303,1.3938781130447505e-05
0.1736,89.99612566329584,90.0,0.11278576791702012,-0.049286749053993495,-9.989683555972924e-05,8.797929735136771e-06,12.00000000016119,0.0001663427435611363,-0.0009690169234188905,-1.3432411133042047e-08,-1.3432411133042047e-08,0.13158339590319015,1.3861895296575157e-05
0.1738,89.99614816398177,90.0,0.11222114528179625,-0.04912672481824451,-9.959945759052643e-05,8.746834678452039e-06,12.000000000159822,0.00016542419888321153,-0.0009661323046700096,-1.331847187609155e-08,-1.331847187609155e-08,0.13092466949542897,1.3785349906750693e-05
0.17400000000000002,89.9961705519265,90.0,0.11165835563474545,-0.04896611158826597,-9.930045353711886e-05,8.695995637008201e-06,12.000000000158462,0.00016450973309149183,-0.0009632319126175551,-1.3205085403985724e-08,-1.3205085403985724e-08,0.13026808157386968,1.3709144424109955e-05
0.17420000000000002,89.99619282749728,90.0,0.11109740572697749,-0.04880492904671441,-9.899986849698626e-05,8.645411776782864e-06,12.000000000157108,0.00016359933958506054,-0.0009603161847150344,-1.3092257800847311e-08,-1.3092257800847311e-08,0.12961364001480707,1.3633278298576554e-05
0.1744,89.99621499106276,90.0,0.11053830208407599,-0.04864319659865607,-9.869774694929519e-05,8.595082260720195e-06,12.00000000015576,0.00016269301160755058,-0.0009573855524182074,-1.2979994899204573e-08,-1.2979994899204573e-08,0.12896135243142198,1.3557750967119902e-05
0.1746,89.99623704299277,90.0,0.10998105100927896,-0.04848093337387596,-9.839413275986505e-05,8.54500624890426e-06,12.000000000154419,0.0001617907422509259,-0.000954440441233259,-1.2868302284953592e-08,-1.2868302284953592e-08,0.12831122617749213,1.348256185407033e-05
0.1748,89.99625898365846,90.0,0.10942565858663297,-0.04831815823092672,-9.808906919020515e-05,8.49518289858792e-06,12.000000000153086,0.0001608925244574903,-0.0009514812708044593,-1.275718530264979e-08,-1.275718530264979e-08,0.1276632683510718,1.3407710371286482e-05
0.17500000000000002,89.99628081343215,90.0,0.10887213068410048,-0.048154889760046136,-9.778259890391296e-05,8.445611364308377e-06,12.00000000015176,0.00015999835102292723,-0.0009485084549762281,-1.2646649060465137e-08,-1.2646649060465137e-08,0.12701748579811722,1.3333195918408649e-05
0.1752,89.9963025326873,90.0,0.10832047295663448,-0.04799114628638443,-9.747476397380118e-05,8.396290797973858e-06,12.00000000015044,0.00015910821459897047,-0.000945522401862269,-1.2536698435145822e-08,-1.2536698435145822e-08,0.12637388511607356,1.3259017883081315e-05
0.1754,89.99632414179848,90.0,0.10777069084921546,-0.047826945872823406,-9.716560588807587e-05,8.347220348979165e-06,12.000000000149129,0.00015822210769640666,-0.0009425235139054979,-1.2427338076808171e-08,-1.2427338076808171e-08,0.12573247265741802,1.3185175641203364e-05
0.1756,89.99634564114136,90.0,0.10722278959985662,-0.04766230632310692,-9.68551655572464e-05,8.298399164292353e-06,12.000000000147823,0.00015734002268770939,-0.000939512187945071,-1.2318572413736332e-08,-1.2318572413736332e-08,0.12509325453316605,1.3111668557147598e-05
0.1758,89.9963670310926,90.0,0.10667677424257262,-0.047497245184564774,-9.654348332009014e-05,8.24982638857028e-06,12.000000000146525,0.0001564619518100058,-0.000936488815274243,-1.2210405657021576e-08,-1.2210405657021576e-08,0.1244562366163347,1.3038495984007945e-05
0.17600000000000002,89.99638831202988,90.0,0.1061326496103178,-0.04733177975186004,-9.623059895201374e-05,8.201501164187503e-06,12.000000000145235,0.0001555878871669728,-0.0009334537817214738,-1.2102841805358913e-08,-1.2102841805358913e-08,0.12382142454537076,1.2965657263757479e-05
0.1762,89.99640948433178,90.0,0.10559042033788107,-0.04716592706889952,-9.591655166912613e-05,8.153422631409619e-06,12.00000000014395,0.0001547178207324675,-0.0009304074676899361,-1.1995884649372814e-08,-1.1995884649372814e-08,0.12318882372752792,1.2893151727550959e-05
0.1764,89.99643054837782,90.0,0.10505009086475882,-0.0469997039324897,-9.560138013639512e-05,8.105589928422148e-06,12.000000000142673,0.00015385174435238907,-0.000927350248236637,-1.1889537776260941e-08,-1.1889537776260941e-08,0.12255843934221863,1.2820978695879989e-05
0.1766,89.99645150454842,90.0,0.1045116654379862,-0.04683312689522426,-9.528512247401306e-05,8.05800219141721e-06,12.000000000141405,0.00015298964974722165,-0.0009242824931341656,-1.178380457420154e-08,-1.178380457420154e-08,0.12193027634431726,1.2749137478784905e-05
0.1768,89.99647235322473,90.0,0.10397514811493525,-0.0466662122672592,-9.496781626116676e-05,8.01065855476686e-06,12.000000000140144,0.00015213152851561404,-0.0009212045669072614,-1.1678688236460768e-08,-1.1678688236460768e-08,0.12130433946742443,1.2677627376153113e-05
0.17700000000000002,89.99649309478882,90.0,0.10344054276609249,-0.046498976120901925,-9.464949854638829e-05,7.963558150965306e-06,12.00000000013889,0.000151277372135137,-0.0009181168289332199,-1.1574191766037924e-08,-1.1574191766037924e-08,0.12068063322710791,1.2606447677782175e-05
0.1772,89.99651372962343,90.0,0.10290785307778436,-0.0463314342919294,-9.43302058502665e-05,7.91670011083115e-06,12.000000000137643,0.00015042717196617612,-0.0009150196334681937,-1.1470317979547385e-08,-1.1470317979547385e-08,0.12005916192408174,1.2535597663704224e-05
0.1774,89.99653425811205,90.0,0.10237708255488703,-0.04616360238301692,-9.400997417309445e-05,7.870083563536263e-06,12.000000000136405,0.00014958091925370803,-0.0009119133297213748,-1.1367069511490205e-08,-1.1367069511490205e-08,0.11943992964736821,1.2465076604333977e-05
0.1776,89.99655468063882,90.0,0.10184823452349745,-0.04599549576604603,-9.368883899990207e-05,7.823707636721351e-06,12.000000000135174,0.00014873860513011042,-0.0009087982619038121,-1.1264448818226594e-08,-1.1264448818226594e-08,0.11882294027741369,1.2394883760702913e-05
0.1778,89.99657499758858,90.0,0.10132131213357734,-0.04582712958508617,-9.336683530706752e-05,7.777571456553737e-06,12.00000000013395,0.0001479002206172549,-0.0009056747692925422,-1.1162458182029433e-08,-1.1162458182029433e-08,0.11820819748917356,1.2325018384633664e-05
0.17800000000000002,89.99659520934675,90.0,0.1007963183615638,-0.045658518759328776,-9.304399756882173e-05,7.731674147785141e-06,12.000000000132733,0.0001470657566285822,-0.0009025431862936853,-1.1061099715065342e-08,-1.1061099715065342e-08,0.11759570475515778,1.2255479718912959e-05
0.1782,89.99661531629933,90.0,0.10027325601294558,-0.04548967798526374,-9.272035976198662e-05,7.686014833867232e-06,12.000000000131525,0.00014623520397186252,-0.0008994038424884064,-1.0960375363160622e-08,-1.0960375363160622e-08,0.11698546534843651,1.2186266997521645e-05
0.1784,89.99663531883287,90.0,0.09975212772481463,-0.0453206217395313,-9.239595537229549e-05,7.640592637009416e-06,12.000000000130324,0.0001454085533512398,-0.0008962570626942244,-1.0860286909648603e-08,-1.0860286909648603e-08,0.11637748234561707,1.211737944580505e-05
0.1786,89.99665521733444,90.0,0.0992329359683855,-0.04515136428101871,-9.207081739895242e-05,7.595406678294392e-06,12.00000000012913,0.00014458579536996208,-0.0008931031670092387,-1.0760835979006108e-08,-1.0760835979006108e-08,0.11577175862978308,1.2048816280700518e-05
0.17880000000000001,89.99667501219155,90.0,0.09871568305148982,-0.04498191965434323,-9.174497836243593e-05,7.550456077678155e-06,12.000000000127944,0.00014376692053169268,-0.0008899424708878266,-1.066202404071202e-08,-1.066202404071202e-08,0.11516829689340478,1.1980576710846654e-05
0.17900000000000002,89.9966947037922,90.0,0.09820037112103157,-0.044812301691859124,-9.141847030885734e-05,7.50573995410555e-06,12.000000000126766,0.0001429519192432069,-0.0008867752851829196,-1.0563852412750113e-08,-1.0563852412750113e-08,0.11456709964120348,1.1912659936808065e-05
0.1792,89.9967142925248,90.0,0.09768700216541898,-0.04464252401563246,-9.109132481424695e-05,7.461257425625837e-06,12.000000000125596,0.00014214078181707648,-0.0008836019161875807,-1.046632226505459e-08,-1.046632226505459e-08,0.1139681691929888,1.1845065151299067e-05
0.1794,89.9967337787781,90.0,0.09717557801697402,-0.044472600040805055,-9.076357299209115e-05,7.417007609392689e-06,12.000000000124434,0.00014133349847293589,-0.0008804226657081153,-1.036943462317548e-08,-1.036943462317548e-08,0.11337150768646968,1.1777791539289194e-05
0.1796,89.99675316294123,90.0,0.09666610035430329,-0.04430254297783914,-9.043524549825773e-05,7.372989621750859e-06,12.00000000012328,0.00014053005933978353,-0.0008772378311118476,-1.0273190371665373e-08,-1.0273190371665373e-08,0.1127771170800205,1.1710838278194985e-05
0.17980000000000002,89.99677244540368,90.0,0.09615857070464302,-0.04413236583472599,-9.010637253584064e-05,7.329202578322857e-06,12.000000000122132,0.00013973045445826854,-0.0008740477053741156,-1.0177590257407415e-08,-1.0177590257407415e-08,0.11218499915541687,1.1644204538070535e-05
0.18000000000000002,89.99679162655515,90.0,0.09565299044617911,-0.04396208141915911,-8.977698385992539e-05,7.285645594095609e-06,12.000000000120991,0.00013893467378296509,-0.0008708525771244968,-1.0082634892885541e-08,-1.0082634892885541e-08,0.11159515552054229,1.1577889481797022e-05
0.1802,89.99681070678565,90.0,0.09514936081034181,-0.0437917023417386,-8.944710878476829e-05,7.242317783420469e-06,12.00000000011986,0.00013814270718357847,-0.0008676527307164473,-9.98832475959977e-09,-9.98832475959977e-09,0.11100758761206543,1.1511892265183221e-05
0.1804,89.99682968648543,90.0,0.09464768288406433,-0.043621241017348183,-8.911677618670896e-05,7.199218260157658e-06,12.000000000118735,0.00013735454444788994,-0.0008644484462555544,-9.894660211078592e-09,-9.894660211078592e-09,0.11042229669807503,1.1446212037210906e-05
0.1806,89.99684856604492,90.0,0.09414795761202488,-0.043450709667930465,-8.878601451035364e-05,7.1563461377051595e-06,12.00000000011762,0.00013657017528328688,-0.0008612399996595151,-9.80164147611042e-09,-9.80164147611042e-09,0.10983928388069569,1.1380847940162356e-05
0.18080000000000002,89.9968673458547,90.0,0.09365018579885767,-0.043280120324863586,-8.845485177383105e-05,7.1137005290565e-06,12.000000000116511,0.00013578958931862773,-0.0008580276627091196,-9.709268661846846e-09,-9.709268661846846e-09,0.10925855009866729,1.1315799109775776e-05
0.18100000000000002,89.99688602630557,90.0,0.09315436811133604,-0.04310948483129878,-8.812331557396043e-05,7.071280546858526e-06,12.00000000011541,0.00013501277610609286,-0.0008548117030983817,-9.617541756848315e-09,-9.617541756848315e-09,0.10868009612989205,1.1251064675399531e-05
0.1812,89.99690460778838,90.0,0.09266050508052924,-0.04293881484410614,-8.779143309050737e-05,7.029085303498073e-06,12.000000000114317,0.0001342397251233727,-0.0008515923844758212,-9.52646063400856e-09,-9.52646063400856e-09,0.10810392259395078,1.1186643760174489e-05
0.1814,89.99692309069412,90.0,0.09216859710393689,-0.04276812183614423,-8.745923109119981e-05,6.987113911159749e-06,12.000000000113232,0.00013347042577549272,-0.00084836996649312,-9.436025053492398e-09,-9.436025053492398e-09,0.10753002995459303,1.1122535481186108e-05
0.1816,89.99694147541382,90.0,0.09167864444759705,-0.04259741709884826,-8.712673593749216e-05,6.945365481854821e-06,12.000000000112156,0.00013270486739627312,-0.0008451447048610351,-9.346234665683152e-09,-9.346234665683152e-09,0.10695841852219655,1.1058738949586067e-05
0.18180000000000002,89.99695976233855,90.0,0.09119064724816521,-0.04242671174371196,-8.679397358774723e-05,6.9038391275367775e-06,12.000000000111086,0.00013194303925082767,-0.0008419168513802642,-9.257089013880926e-09,-9.257089013880926e-09,0.10638908845619273,1.099525327080052e-05
0.182,89.9969779518594,90.0,0.09070460551497578,-0.04225601670552093,-8.646096960451511e-05,6.862533960072435e-06,12.000000000110024,0.00013118493053629568,-0.0008386866540120514,-9.16858753727337e-09,-9.16858753727337e-09,0.10582203976747175,1.0932077544591074e-05
0.1822,89.99699604436748,90.0,0.09022051913206688,-0.042085342743048454,-8.612774915588476e-05,6.821449091415282e-06,12.000000000108969,0.00013043053038501573,-0.0008354543568912984,-9.08072957340123e-09,-9.08072957340123e-09,0.10525727232074471,1.0869210865319277e-05
0.1824,89.99701404025382,90.0,0.08973838786019692,-0.041914700442581526,-8.579433702345313e-05,6.780583633547694e-06,12.00000000010792,0.00012967982786488225,-0.0008322202004038664,-8.993514361090051e-09,-8.993514361090051e-09,0.10469478583689641,1.0806652321976332e-05
0.1826,89.99703193990938,90.0,0.08925821133882103,-0.0417441002189043,-8.546075760435581e-05,6.739936698625387e-06,12.000000000106883,0.00012893281198214234,-0.0008289844212062734,-8.906941042880127e-09,-8.906941042880127e-09,0.10413457989529121,1.0744400998416161e-05
0.18280000000000002,89.99704974372509,90.0,0.08877998908805597,-0.041573552318041315,-8.512703491741325e-05,6.699507398977417e-06,12.000000000105853,0.00012818947168242843,-0.0008257472522853138,-8.821008667728132e-09,-8.821008667728132e-09,0.1035766539360653,1.0682455973441471e-05
0.183,89.99706745209174,90.0,0.08830372051061385,-0.04140306681924728,-8.479319260751959e-05,6.659294847163956e-06,12.00000000010483,0.00012744979585247774,-0.000822508923000631,-8.735716193529666e-09,-8.735716193529666e-09,0.10302100726238284,1.062081632094703e-05
0.1832,89.9970850654,90.0,0.08782940489371274,-0.04123265363660879,-8.445925394912776e-05,6.6192981560629676e-06,12.000000000103814,0.00012671377332219125,-0.0008192696591185233,-8.651062489532947e-09,-8.651062489532947e-09,0.10246763904266484,1.0559481110091253e-05
0.1834,89.99710258404038,90.0,0.08735704141096932,-0.04106232252133166,-8.412524185133963e-05,6.579516438899093e-06,12.000000000102805,0.00012598139286598,-0.0008160296828613193,-8.567046338831018e-09,-8.567046338831018e-09,0.10191654831279753,1.0498449405408393e-05
0.1836,89.99712000840319,90.0,0.08688662912426505,-0.04089208306363615,-8.37911788620831e-05,6.539948809301432e-06,12.000000000101803,0.0001252526432044491,-0.0008127892129478961,-8.483666440743682e-09,-8.483666440743682e-09,0.10136773397830921,1.0437720266948876e-05
0.18380000000000002,89.99713733887859,90.0,0.08641816698559057,-0.04072194469497693,-8.345708717305141e-05,6.5005943813324315e-06,12.000000000100812,0.00012452751300571862,-0.0008095484646415922,-8.400921413214042e-09,-8.400921413214042e-09,0.10082119481652234,1.0377292750389372e-05
0.184,89.99715457585648,90.0,0.08595165383886495,-0.040551916689517395,-8.31229886229026e-05,6.461452269574557e-06,12.000000000099826,0.00012380599088743466,-0.0008063076497812422,-8.318809795037908e-09,-8.318809795037908e-09,0.10027692947867578,1.0317165907200395e-05
0.1842,89.99717171972654,90.0,0.08548708842173784,-0.04038200816629063,-8.278890470206654e-05,6.422521589159181e-06,12.000000000098847,0.0001230880654180679,-0.000803066976827806,-8.237330048171396e-09,-8.237330048171396e-09,0.09973493649202748,1.0257338784754499e-05
0.1844,89.99718877087817,90.0,0.08502446936736693,-0.04021222809132611,-8.245485655747536e-05,6.383801455795477e-06,12.000000000097877,0.0001223737251181995,-0.0007998266509102548,-8.156480559991942e-09,-8.156480559991942e-09,0.09919521426192807,1.0197810426433448e-05
0.18460000000000001,89.9972057297005,90.0,0.08456379520617095,-0.040042585279031276,-8.212086499555513e-05,6.34529098585708e-06,12.000000000096914,0.00012166295846249733,-0.0007965868738545913,-8.076259645396586e-09,-8.076259645396586e-09,0.0986577610738661,1.0138579871792897e-05
0.18480000000000002,89.99722259658233,90.0,0.08410506436756701,-0.03987308839426233,-8.17869504868308e-05,6.306989296410989e-06,12.000000000095959,0.00012095575388098025,-0.0007933478442285175,-7.996665548978623e-09,-7.996665548978623e-09,0.09812257509549485,1.0079646156667751e-05
0.185,89.9972393719122,90.0,0.08364827518168406,-0.039703745954716436,-8.145313317128605e-05,6.268895505217555e-06,12.000000000095014,0.00012025209975991916,-0.0007901097573934274,-7.917696447217305e-09,-7.917696447217305e-09,0.09758965437863142,1.0021008313247253e-05
0.1852,89.99725605607824,90.0,0.08319342588104894,-0.03953456633150969,-8.111943285948531e-05,6.231008730874939e-06,12.000000000094072,0.00011955198444448065,-0.0007868728055152897,-7.839350450334275e-09,-7.839350450334275e-09,0.09705899686122377,9.962665370295287e-06
0.1854,89.99727264946824,90.0,0.08274051460226609,-0.039365557752232855,-8.078586903948937e-05,6.193328092761326e-06,12.00000000009314,0.00011885539623890707,-0.0007836371776317312,-7.761625604519607e-09,-7.761625604519607e-09,0.09653060036931044,9.90461635316538e-06
0.18560000000000001,89.99728915246962,90.0,0.08228953938766166,-0.03919672830182609,-8.045246087867688e-05,6.155852711150492e-06,12.000000000092214,0.00011816232340878654,-0.0007804030596697052,-7.684519893765803e-09,-7.684519893765803e-09,0.09600446261893861,9.846860283989877e-06
0.18580000000000002,89.99730556546939,90.0,0.08184049818691835,-0.03902808592486136,-8.011922722885801e-05,6.118581707211795e-06,12.000000000091298,0.00011747275418191247,-0.0007771706344950954,-7.608031241895725e-09,-7.608031241895725e-09,0.09548058121807143,9.78939618175156e-06
0.186,89.9973218888541,90.0,0.08139338885868351,-0.03885963842672204,-7.978618662881381e-05,6.081514203096852e-06,12.000000000090385,0.00011678667675018355,-0.0007739400819373475,-7.532157514378899e-09,-7.532157514378899e-09,0.0949589536684641,9.732223062441993e-06
0.1862,89.99733812300994,90.0,0.08094820917216392,-0.03869139347654044,-7.945335731094673e-05,6.0446493218817556e-06,12.000000000089482,0.00011610407926973849,-0.0007707115788539807,-7.45689652039172e-09,-7.45689652039172e-09,0.09443957736752458,9.675339939072727e-06
0.1864,89.99735426832261,90.0,0.08050495680868695,-0.038523358607245504,-7.912075720118027e-05,6.007986187740416e-06,12.000000000088587,0.00011542494986388629,-0.0007674852991296147,-7.3822460143876315e-09,-7.3822460143876315e-09,0.09392244961013477,9.618745821919516e-06
0.18660000000000002,89.9973703251773,90.0,0.08006362936326118,-0.03835554121809753,-7.878840392467229e-05,5.971523925915665e-06,12.000000000087699,0.00011474927662357471,-0.0007642614137313891,-7.308203698028878e-09,-7.308203698028878e-09,0.09340756759047139,9.562439718561341e-06
0.18680000000000002,89.99738629395877,90.0,0.07962422434610791,-0.03818794857682633,-7.845631481060588e-05,5.935261662719266e-06,12.000000000086818,0.00011407704760819533,-0.0007610400907554363,-7.234767222018758e-09,-7.234767222018758e-09,0.09289492840379256,9.5064206339475e-06
0.187,89.99740217505123,90.0,0.07918673918416827,-0.038020587820314575,-7.812450689358192e-05,5.899198525647463e-06,12.000000000085944,0.00011340825084778201,-0.000757821495440389,-7.16193418767745e-09,-7.16193418767745e-09,0.09238452904819631,9.450687570580814e-06
0.1872,89.99741796883842,90.0,0.07875117122260233,-0.03785346595704614,-7.779299691913924e-05,5.863333643352099e-06,12.000000000085077,0.00011274287434344705,-0.0007546057902209275,-7.089702148759368e-09,-7.089702148759368e-09,0.09187636642636939,9.395239528553978e-06
0.1874,89.99743367570348,90.0,0.07831751772626028,-0.037686589867739234,-7.746180134503488e-05,5.827666145756172e-06,12.000000000084217,0.00011208090606956088,-0.0007513931347401973,-7.0180686129614925e-09,-7.0180686129614925e-09,0.09137043734730366,9.34007550573119e-06
0.18760000000000002,89.99744929602902,90.0,0.07788577588114645,-0.03751996630810109,-7.713093634748509e-05,5.792195163996053e-06,12.000000000083364,0.0001114223339738183,-0.0007481836859103493,-6.947031043723848e-09,-6.947031043723848e-09,0.0908667385280042,9.285194497753688e-06
0.18780000000000002,89.99746483019709,90.0,0.07745594279585159,-0.0373536019094067,-7.680041782232369e-05,5.75691983053705e-06,12.000000000082519,0.00011076714597939762,-0.0007449775979237749,-6.876586861669693e-09,-6.876586861669693e-09,0.09036526659516018,9.230595498219659e-06
0.188,89.99748027858915,90.0,0.07702801550297858,-0.03718750318048948,-7.647026138946223e-05,5.721839279173408e-06,12.00000000008168,0.00011011532998571005,-0.0007417750222963709,-6.806733446230528e-09,-6.806733446230528e-09,0.08986601808680836,9.17627749874671e-06
0.1882,89.99749564158604,90.0,0.0766019909605453,-0.03702167650970008,-7.614048239727864e-05,5.686952645028302e-06,12.000000000080849,0.00010946687386913687,-0.0007385761079101103,-6.737468137234112e-09,-6.737468137234112e-09,0.08936898945396952,9.122239489033278e-06
0.1884,89.997510919568,90.0,0.07617786605336524,-0.03685612816541295,-7.581109592361399e-05,5.652259064669406e-06,12.000000000080025,0.00010882176548516144,-0.0007353810010227108,-6.668788236250252e-09,-6.668788236250252e-09,0.08887417706225943,9.068480457036312e-06
0.18860000000000002,89.99752611291464,90.0,0.07575563759442193,-0.03669086429830071,-7.548211678090269e-05,5.617757676079996e-06,12.000000000079208,0.00010817999266874014,-0.0007321898453173983,-6.600691008169941e-09,-6.600691008169941e-09,0.08838157719349224,9.014999389002175e-06
0.1888,89.99754122200494,90.0,0.07533530232621778,-0.03652589094321748,-7.515355952039225e-05,5.583447618658956e-06,12.000000000078398,0.0001075415432350111,-0.0007290027819438403,-6.53317368269539e-09,-6.53317368269539e-09,0.08789118604725409,8.96179526952571e-06
0.189,89.99755624721718,90.0,0.07491685692210102,-0.03636121401891998,-7.482543843131072e-05,5.549328033394112e-06,12.000000000077595,0.00010690640498210117,-0.0007258199495100688,-6.4662334554924914e-09,-6.4662334554924914e-09,0.08740299974245119,8.908867081784157e-06
0.1892,89.997571188929,90.0,0.07450029798759582,-0.03619683933170112,-7.449776754918094e-05,5.515398062717782e-06,12.000000000076799,0.00010627456569006716,-0.0007226414841631309,-6.399867489880898e-09,-6.399867489880898e-09,0.0869170143188618,8.856213807448918e-06
0.1894,89.99758604751737,90.0,0.07408562206169106,-0.036032772575413125,-7.417056065569928e-05,5.481656850651235e-06,12.00000000007601,0.00010564601312333102,-0.000719467519587912,-6.334072917976126e-09,-6.334072917976126e-09,0.08643322573863957,8.803834426888486e-06
0.18960000000000002,89.99760082335851,90.0,0.07367282561812855,-0.03586901933326617,-7.384383128276551e-05,5.448103542804679e-06,12.000000000075225,0.00010502073503135704,-0.0007162981870462264,-6.268846842062633e-09,-6.268846842062633e-09,0.08595162988781664,8.751727919224891e-06
0.1898,89.99761551682798,90.0,0.07326190506667067,-0.035705585079598354,-7.351759271644858e-05,5.414737286377265e-06,12.00000000007445,0.00010439871914931791,-0.000713133615415286,-6.204186335934686e-09,-6.204186335934686e-09,0.08547222257778243,8.699893262389183e-06
0.19,89.99763012830059,90.0,0.07285285675434809,-0.035542475180196806,-7.319185799756755e-05,5.381557230272653e-06,12.00000000007368,0.000103779953200157,-0.0007099739311933361,-6.140088446010292e-09,-6.140088446010292e-09,0.08499499954673943,8.648329433293317e-06
0.1902,89.99764465815038,90.0,0.07244567696670327,-0.035379694895099706,-7.28666399280734e-05,5.348562525012332e-06,12.00000000007292,0.00010316442489418702,-0.0007068192585615586,-6.076550192766314e-09,-6.076550192766314e-09,0.08451995646115382,8.597035407796677e-06
0.1904,89.99765910675073,90.0,0.07204036192900208,-0.035217249379222215,-7.254195107234773e-05,5.315752322822299e-06,12.000000000072163,0.00010255212193078179,-0.0007036697193966712,-6.013568571844373e-09,-6.013568571844373e-09,0.0840470889171691,8.546010160847091e-06
0.19060000000000002,89.99767347447418,90.0,0.0716369078074385,-0.03505514368332807,-7.221780375931036e-05,5.283125777690832e-06,12.000000000071413,0.0001019430319997123,-0.0007005254332913704,-5.951140555184125e-09,-5.951140555184125e-09,0.0835763924420116,8.495252666592136e-06
0.1908,89.99768776169252,90.0,0.07123531071032783,-0.03489338275605075,-7.189421008698242e-05,5.250682045339601e-06,12.00000000007067,0.00010133714278142252,-0.000697386517598595,-5.88926309227597e-09,-5.88926309227597e-09,0.08310786249538248,8.444761898402144e-06
0.191,89.99770196877677,90.0,0.07083556668927689,-0.0347319714451723,-7.157118192531704e-05,5.218420283252565e-06,12.000000000069935,0.00010073444194799587,-0.0006942530874589837,-5.827933111287193e-09,-5.827933111287193e-09,0.08264149447082304,8.394536828950733e-06
0.1912,89.99771609609714,90.0,0.0704376717403397,-0.03457091449817104,-7.124873091732255e-05,5.186339650762631e-06,12.000000000069207,0.00010013491716481736,-0.0006911252558117709,-5.767147520068814e-09,-5.767147520068814e-09,0.082177283697063,8.344576430353321e-06
0.19140000000000001,89.99773014402304,90.0,0.07004162180516653,-0.03441021656453644,-7.092686848431846e-05,5.154439308993881e-06,12.000000000068482,9.953855609047451e-05,-0.0006880031334457699,-5.7069032073769315e-09,-5.7069032073769315e-09,0.08171522543936095,8.294879674158871e-06
0.19160000000000002,89.99774411292307,90.0,0.06964741277212677,-0.03424988219662653,-7.060560582778709e-05,5.122718420919351e-06,12.000000000067766,9.894534637805048e-05,-0.0006848868290173351,-5.647197043875181e-09,-5.647197043875181e-09,0.08125531490081457,8.245445531457643e-06
0.1918,89.99775800316499,90.0,0.06925504047742186,-0.0340899158501559,-7.028495393036323e-05,5.091176151447701e-06,12.000000000067057,9.835527567676378e-05,-0.0006817764490599608,-5.588025883070236e-09,-5.588025883070236e-09,0.08079754722365881,8.196272973017846e-06
0.192,89.99777181511571,90.0,0.06886450070619253,-0.03393032188680764,-6.996492356179004e-05,5.059811667336541e-06,12.000000000066354,9.776833163149572e-05,-0.0006786720980420551,-5.52938656250431e-09,-5.52938656250431e-09,0.08034191749055794,8.147360969246259e-06
0.1922,89.99778554914133,90.0,0.06847578919359634,-0.033771104574316646,-6.96455252789674e-05,5.028624137307997e-06,12.000000000065654,9.718450188476271e-05,-0.0006755738783674088,-5.471275904594557e-09,-5.471275904594557e-09,0.07988842072586239,8.098708490352584e-06
0.19240000000000002,89.99779920560705,90.0,0.06808890162588398,-0.033612268088683075,-6.93267694309802e-05,4.997612731990925e-06,12.000000000064965,9.660377407657905e-05,-0.0006724818904239703,-5.413690717729693e-09,-5.413690717729693e-09,0.07943705189686466,8.050314506338005e-06
0.19260000000000002,89.99781278487724,90.0,0.06770383364145052,-0.0334538165145743,-6.90086661598953e-05,4.966776624007588e-06,12.00000000006428,9.602613584606411e-05,-0.000669396232591577,-5.356627797111499e-09,-5.356627797111499e-09,0.07898780591502562,8.002177987129146e-06
0.1928,89.99782628731536,90.0,0.0673205808318817,-0.033295753846785764,-6.869122540403456e-05,4.936114987973646e-06,12.0000000000636,9.545157483199215e-05,-0.0006663170012737039,-5.30008392571404e-09,-5.30008392571404e-09,0.0785406776371953,7.954297902623855e-06
0.193,89.99783971328402,90.0,0.06693913874298377,-0.03313808399167907,-6.837445690119688e-05,4.905627000498168e-06,12.00000000006293,9.488007867333387e-05,-0.0006632442909287176,-5.244055875218855e-09,-5.244055875218855e-09,0.0780956618668144,7.90667322273636e-06
0.1932,89.9978530631449,90.0,0.06655950287579684,-0.03298081076753087,-6.805837018933617e-05,4.87531184027029e-06,12.000000000062261,9.431163501084337e-05,-0.0006601781940764532,-5.188540406794428e-09,-5.188540406794428e-09,0.07765275335509632,7.859302917529504e-06
0.19340000000000002,89.99786633725878,90.0,0.06618166868760408,-0.032823937907007925,-6.774297461221048e-05,4.845168687972556e-06,12.000000000061602,9.374623148653414e-05,-0.0006571188013530118,-5.133534272123088e-09,-5.133534272123088e-09,0.07721194680220478,7.812185957171075e-06
0.19360000000000002,89.99787953598558,90.0,0.06580563159291251,-0.032667469057115345,-6.742827931912769e-05,4.815196726396466e-06,12.000000000060949,9.318385574560073e-05,-0.0006540662015082934,-5.079034214092689e-09,-5.079034214092689e-09,0.07677323685839793,7.765321312093954e-06
0.1938,89.9978926596842,90.0,0.06543138696443475,-0.03251140778092278,-6.71142932688477e-05,4.785395140413598e-06,12.0000000000603,9.262449543658321e-05,-0.0006510204814438491,-5.0250369676929165e-09,-5.0250369676929165e-09,0.07633661812517388,7.718707953009814e-06
0.194,89.9979057087127,90.0,0.06505893013405051,-0.03235575755819628,-6.68010252309289e-05,4.75576311703338e-06,12.000000000059657,9.20681382125756e-05,-0.0006479817262259419,-4.971539260758063e-09,-4.971539260758063e-09,0.07590208515639224,7.672344851009824e-06
0.1942,89.99791868342815,90.0,0.06468825639376125,-0.032200521787441844,-6.648848379037594e-05,4.726299845345312e-06,12.000000000059021,9.151477173102463e-05,-0.0006449500191306309,-4.918537814864114e-09,-4.918537814864114e-09,0.07546963245938812,7.626230977547877e-06
0.19440000000000002,89.99793158418672,90.0,0.06431936099662117,-0.03204570378613941,-6.617667734806026e-05,4.697004516605638e-06,12.000000000058392,9.096438365527368e-05,-0.0006419254416478509,-4.866029345987664e-09,-4.866029345987664e-09,0.07503925449605804,7.580365304569253e-06
0.19460000000000002,89.99794441134357,90.0,0.06395223915766562,-0.03189130679168402,-6.586561412279414e-05,4.66787632426623e-06,12.000000000057767,9.04169616554022e-05,-0.0006389080735015306,-4.814010565236391e-09,-4.814010565236391e-09,0.07461094568394322,7.534746804580578e-06
0.1948,89.99795716525294,90.0,0.06358688605482868,-0.031737333963377495,-6.55553021558624e-05,4.638914463916818e-06,12.000000000057149,8.987249340800508e-05,-0.0006358979926935507,-4.762478179686885e-09,-4.762478179686885e-09,0.07418470039730013,7.4893744506314225e-06
0.195,89.9979698462681,90.0,0.06322329682983807,-0.03158378838261208,-6.524574931132985e-05,4.61011813337165e-06,12.000000000056538,8.933096659771768e-05,-0.000632895275506727,-4.711428892989865e-09,-4.711428892989865e-09,0.07376051296814441,7.4442472164414e-06
0.1952,89.99798245474135,90.0,0.0628614665891076,-0.031430673054471975,-6.493696327966437e-05,4.581486532640606e-06,12.00000000005593,8.879236891733308e-05,-0.0006298999965399542,-4.6608594061284804e-09,-4.6608594061284804e-09,0.07333837768729219,7.399364076409936e-06
0.19540000000000002,89.99799499102394,90.0,0.06250139040461176,-0.03127799090824379,-6.462895157881133e-05,4.5530188639869795e-06,12.00000000005533,8.825668806896517e-05,-0.0006269122287186285,-4.610766418032053e-09,-4.610766418032053e-09,0.0729182888053804,7.354724005713186e-06
0.1956,89.99800745546625,90.0,0.062143063314754124,-0.031125744798984403,-6.432172155774085e-05,4.524714331898585e-06,12.000000000054733,8.772391176415342e-05,-0.000623932043329056,-4.5611466262980344e-09,-4.5611466262980344e-09,0.07250024053387981,7.310325980312775e-06
0.1958,89.99801984841756,90.0,0.0617864803252177,-0.03097393750799772,-6.401528039744711e-05,4.4965721431455395e-06,12.000000000054143,8.719402772501294e-05,-0.0006209595100281467,-4.511996727771698e-09,-4.511996727771698e-09,0.07208422704608732,7.266168977051627e-06
0.196,89.9980321702262,90.0,0.06143163640981024,-0.030822571744370243,-6.370963511442311e-05,4.468591506751371e-06,12.00000000005356,8.66670236843272e-05,-0.0006179946968771202,-4.4633134192332444e-09,-4.4633134192332444e-09,0.07167024247811193,7.222251973661698e-06
0.1962,89.99804442123946,90.0,0.06107852651129168,-0.030671650145415813,-6.340479256158811e-05,4.440771634050799e-06,12.000000000052982,8.614288738668612e-05,-0.000615037670350502,-4.41509339794493e-09,-4.41509339794493e-09,0.0712582809298403,7.178573948858816e-06
0.19640000000000002,89.99805660180365,90.0,0.06072714554219628,-0.03052117527817888,-6.310075943169025e-05,4.413111738660846e-06,12.000000000052408,8.562160658856651e-05,-0.0006120884953691295,-4.367333362304528e-09,-4.367333362304528e-09,0.07084833646589567,7.135133882349381e-06
0.1966,89.99806871226406,90.0,0.06037748838563806,-0.030371149640203723,-6.279754225899543e-05,4.385611036509724e-06,12.000000000051841,8.51031690591071e-05,-0.0006091472353165341,-4.320030012400563e-09,-4.320030012400563e-09,0.07044040311657775,7.091930754894954e-06
0.1968,89.99808075296491,90.0,0.06002954989610697,-0.030221575659935634,-6.249514742011702e-05,4.35826874589462e-06,12.000000000051278,8.458756258123001e-05,-0.0006062139520469906,-4.273180050514205e-09,-4.273180050514205e-09,0.07003447487879146,7.048963548405713e-06
0.197,89.99809272424943,90.0,0.059683324900260515,-0.030072455698536824,-6.21935811381536e-05,4.331084087423908e-06,12.000000000050722,8.407477495135383e-05,-0.0006032887059256522,-4.226780181764859e-09,-4.226780181764859e-09,0.0696305457169706,7.0062312459165384e-06
0.19720000000000001,89.9981046264598,90.0,0.059338808197695055,-0.029923792050252696,-6.189284948344032e-05,4.304056284074937e-06,12.00000000005017,8.3564793980502e-05,-0.0006003715558358409,-4.18082711458048e-09,-4.18082711458048e-09,0.06922860956397756,6.963732831679387e-06
0.19740000000000002,89.99811645993715,90.0,0.058995994561712235,-0.029775586943482094,-6.159295837594695e-05,4.277184561194026e-06,12.000000000049624,8.30576074947058e-05,-0.0005974625592023074,-4.1353175612335385e-09,-4.1353175612335385e-09,0.06882866032199761,6.92146729119686e-06
0.1976,89.99812822502157,90.0,0.05865487874007351,-0.02962784254183076,-6.12939135876381e-05,4.250468146496467e-06,12.000000000049084,8.255320333540077e-05,-0.0005945617720141263,-4.0902482383614665e-09,-4.0902482383614665e-09,0.0684306918634191,6.879433611255258e-06
0.1978,89.9981399220521,90.0,0.05831545545574263,-0.029480560945148088,-6.099572074479605e-05,4.223906270066519e-06,12.000000000048548,8.2051569359817e-05,-0.000591669248847228,-4.045615867471896e-09,-4.045615867471896e-09,0.06803469803169973,6.8376307799570874e-06
0.198,89.99815155136673,90.0,0.0579777194076161,-0.02933374418948113,-6.0698385327814e-05,4.197498164444088e-06,12.000000000048018,8.155269344241788e-05,-0.0005887850428623934,-4.001417175320458e-09,-4.001417175320458e-09,0.06764067264221878,6.796057786840961e-06
0.19820000000000002,89.99816311330234,90.0,0.05764166527125415,-0.02918739424880591,-6.040191267514424e-05,4.171243064566937e-06,12.000000000047493,8.105656347458102e-05,-0.0005859092058435509,-3.957648894467598e-09,-3.957648894467598e-09,0.06724860948312984,6.754713622855018e-06
0.19840000000000002,89.99817460819479,90.0,0.05730728769959223,-0.02904151303602067,-6.010630798552355e-05,4.1451402077706934e-06,12.00000000004697,8.056316736497227e-05,-0.0005830417882193643,-3.914307763742126e-09,-3.914307763742126e-09,0.06685850231619093,6.713597280388077e-06
0.1986,89.99818603637887,90.0,0.05697458132364054,-0.02889610240321229,-5.981157631850092e-05,4.119188833846623e-06,12.000000000046455,8.007249304061645e-05,-0.0005801828390683511,-3.8713905286171495e-09,-3.8713905286171495e-09,0.06647034487758063,6.672707753358872e-06
0.1988,89.99819739818827,90.0,0.056643540753180927,-0.028751164142984384,-5.9517722597447765e-05,4.093388185012745e-06,12.000000000045947,7.958452844691224e-05,-0.0005773324061480825,-3.8288939416867025e-09,-3.8288939416867025e-09,0.06608413087871108,6.6320440372172925e-06
0.199,89.9982086939556,90.0,0.056314160577448515,-0.02860669998905388,-5.922475161086003e-05,4.067737505942718e-06,12.000000000045443,7.90992615483418e-05,-0.0005744905359078134,-3.786814763053925e-09,-3.786814763053925e-09,0.06569985400702327,6.591605129003522e-06
0.19920000000000002,89.99821992401242,90.0,0.055986435365806365,-0.028462711616837777,-5.893266801363816e-05,4.042236043794732e-06,12.000000000044942,7.86166803291771e-05,-0.0005716572735008993,-3.7451497607084035e-09,-3.7451497607084035e-09,0.0653175079267741,6.551390027406889e-06
0.19940000000000002,89.99823108868915,90.0,0.05566035966841349,-0.028319200644741045,-5.8641476330007274e-05,4.016883048182619e-06,12.000000000044448,7.813677279347934e-05,-0.0005688326628131218,-3.7038957109645093e-09,-3.7038957109645093e-09,0.06493708627981573,6.511397732765827e-06
0.1996,89.99824218831517,90.0,0.05533592801687807,-0.0281761686350688,-5.835118095556091e-05,3.991677771175853e-06,12.000000000043958,7.76595269654424e-05,-0.0005660167464825133,-3.6630493988491414e-09,-3.6630493988491414e-09,0.06455858268635774,6.471627247096493e-06
0.1998,89.99825322321874,90.0,0.05501313492490031,-0.028033617094213203,-5.806178615761066e-05,3.966619467357326e-06,12.000000000043471,7.718493089043379e-05,-0.000563209565902749,-3.6226076184064513e-09,-3.6226076184064513e-09,0.06418199074571702,6.432077574179515e-06
0.2,89.99826419372701,90.0,0.0546919748889131,-0.027891547473548207,-5.777329607719074e-05,3.941707393823353e-06,12.000000000042991,7.671297263533126e-05,-0.000560411161242591,-3.582567173065257e-09,-3.582567173065257e-09,0.06380730403706528,6.392747719588036e-06
0.20020000000000002,89.99827510016604,90.0,0.054372442388712444,-0.02774996117102013,-5.748571473269096e-05,3.9169408101258904e-06,12.000000000042515,7.62436402881513e-05,-0.0005576215714811294,-3.542924876064187e-09,-3.542924876064187e-09,0.06343451612016453,6.353636690656764e-06
0.20040000000000002,89.99828594286078,90.0,0.05405453188806953,-0.02760885953093658,-5.719904601927999e-05,3.892318978359204e-06,12.000000000042043,7.577692195942528e-05,-0.0005548408344021869,-3.5036775506874682e-09,-3.5036775506874682e-09,0.06306362053608112,6.314743496596649e-06
0.2006,89.99829672213508,90.0,0.05373823783534536,-0.027468243845179863,-5.691329371165869e-05,3.867841163130982e-06,12.000000000041577,7.531280578217109e-05,-0.0005520689866210279,-3.4648220306337856e-09,-3.4648220306337856e-09,0.06269461080790291,6.276067148492512e-06
0.2008,89.99830743831168,90.0,0.05342355466409155,-0.027328115353690643,-5.662846146510904e-05,3.843506631591221e-06,12.000000000041116,7.485127991256035e-05,-0.0005493060635945321,-3.4263551603033438e-09,-3.4263551603033438e-09,0.06232748044144014,6.237606659358657e-06
0.201,89.99831809171219,90.0,0.05311047679364548,-0.02718847524600938,-5.634455281901699e-05,3.819314653374453e-06,12.000000000040659,7.439233252952826e-05,-0.0005465520996553677,-3.3882737951780183e-09,-3.3882737951780183e-09,0.06196222292591973,6.19936104410635e-06
0.20120000000000002,89.9983286826571,90.0,0.052798998629707626,-0.0270493246606614,-5.606157119535646e-05,3.795264500715295e-06,12.000000000040206,7.393595183648313e-05,-0.000543807127997285,-3.3505748019840637e-09,-3.3505748019840637e-09,0.061598831734658896,6.161329319686284e-06
0.20140000000000002,89.9983392114658,90.0,0.05248911456492625,-0.02691066468739442,-5.577951990384068e-05,3.7713554483329002e-06,12.000000000039758,7.348212606020753e-05,-0.000541071180725086,-3.3132550591211976e-09,-3.3132550591211976e-09,0.061237300325747285,6.123510504997006e-06
0.2016,89.99834967845656,90.0,0.05218081897945624,-0.026772496366892915,-5.549840214117858e-05,3.74758677351762e-06,12.000000000039314,7.303084345220674e-05,-0.0005383442888474113,-3.2763114568396714e-09,-3.2763114568396714e-09,0.06087762214269895,6.08590362099729e-06
0.2018,89.9983600839465,90.0,0.05187410624152143,-0.02663482069156331,-5.52182209928341e-05,3.723957756131006e-06,12.000000000038877,7.25820922890042e-05,-0.0005356264822938052,-3.239740897513141e-09,-3.239740897513141e-09,0.06051979061510834,6.048507690730754e-06
0.202,89.99837042825163,90.0,0.05156897070796753,-0.02649763860701658,-5.493897943641698e-05,3.700467678548032e-06,12.000000000038444,7.213586087172909e-05,-0.0005329177899476075,-3.2035402959672335e-09,-3.2035402959672335e-09,0.060163799159295456,6.011321739291499e-06
0.20220000000000002,89.99838071168682,90.0,0.051265406724798464,-0.02636095101139603,-5.466068034003842e-05,3.6771158257726525e-06,12.000000000038012,7.169213752780444e-05,-0.0005302182396300023,-3.167706579598674e-09,-3.167706579598674e-09,0.05980964117893155,5.974344793964779e-06
0.2024,89.99839093456582,90.0,0.05096340862772032,-0.02622475875720258,-5.438332646650435e-05,3.6539014853511316e-06,12.000000000037588,7.125091061017831e-05,-0.0005275278581406948,-3.1322366887203113e-09,-3.1322366887203113e-09,0.05945731006567371,5.9375758841629275e-06
0.2026,89.99840109720124,90.0,0.050662970742664216,-0.026089062651669537,-5.410692047412058e-05,3.630823947400935e-06,12.000000000037165,7.081216849795029e-05,-0.0005248466712657199,-3.097127576761782e-09,-3.097127576761782e-09,0.05910679919977492,5.901014041477582e-06
0.2028,89.99841119990454,90.0,0.05036408738630504,-0.02595386345748697,-5.38314649183157e-05,3.6078825046107292e-06,12.00000000003675,7.037589959664399e-05,-0.0005221747037931859,-3.0623762104953354e-09,-3.0623762104953354e-09,0.058758101950689215,5.864658299702373e-06
0.203,89.99842124298607,90.0,0.05006675286657176,-0.025819161893158905,-5.355696225240686e-05,3.5850764522692713e-06,12.000000000036337,6.994209233882694e-05,-0.0005195119795207015,-3.027979570221137e-09,-3.027979570221137e-09,0.05841121167766705,5.828507694884595e-06
0.20320000000000002,89.99843122675503,90.0,0.049770961483154026,-0.025684958634065915,-5.3283414830015056e-05,3.562405088236518e-06,12.000000000035929,6.951073518402526e-05,-0.0005168585212788057,-2.9939346500091987e-09,-2.9939346500091987e-09,0.05806612173034636,5.792561265318095e-06
0.2034,89.99844115151947,90.0,0.04947670752799575,-0.025551254312799115,-5.301082490577889e-05,3.5398677129725183e-06,12.000000000035524,6.908181661933461e-05,-0.0005142143509378905,-2.960238457868031e-09,-2.960238457868031e-09,0.05772282544932838,5.756818051594176e-06
0.2036,89.9984510175863,90.0,0.04918398528578599,-0.025418049519845488,-5.273919463689005e-05,3.5174636295374114e-06,12.000000000035122,6.865532515967825e-05,-0.0005115794894230958,-2.9268880159385017e-09,-2.9268880159385017e-09,0.057381316166750324,5.7212770966231085e-06
0.2038,89.9984608252613,90.0,0.048892789034440956,-0.025285344804616167,-5.2468526085431735e-05,3.495192143562536e-06,12.000000000034728,6.823124934770883e-05,-0.0005089539567369922,-2.8938803607103524e-09,-2.8938803607103524e-09,0.05704158720684779,5.6859374456259474e-06
0.20400000000000001,89.99847057484908,90.0,0.04860311304557489,-0.02515314067503814,-5.2198821217360184e-05,3.473052563337103e-06,12.000000000034333,6.780957775511046e-05,-0.000506337771949702,-2.8612125431062063e-09,-2.8612125431062063e-09,0.05670363188650404,5.6507981462430375e-06
0.20420000000000002,89.99848026665313,90.0,0.04831495158497526,-0.02502143759963879,-5.193008190731336e-05,3.451044199692633e-06,12.000000000033946,6.73902989814424e-05,-0.0005037309532455441,-2.828881628777348e-09,-2.828881628777348e-09,0.05636744351580447,5.6158582484376476e-06
0.2044,89.9984899009758,90.0,0.048028298913054386,-0.024890236007465958,-5.166230993836276e-05,3.4291663660607372e-06,12.000000000033562,6.69734016550794e-05,-0.0005011335179206265,-2.796884698202265e-09,-2.796884698202265e-09,0.056033015398563445,5.581116804574341e-06
0.2046,89.99849947811823,90.0,0.04774314928530165,-0.024759536288008806,-5.139550700176691e-05,3.4074183785308984e-06,12.000000000033182,6.655887443415262e-05,-0.0004985454823804551,-2.7652188467819172e-09,-2.7652188467819172e-09,0.05570034083285192,5.546572869497381e-06
0.2048,89.9985089983805,90.0,0.047459496952736935,-0.024629338792541446,-5.112967470005092e-05,3.385799555792689e-06,12.000000000032806,6.614670600608469e-05,-0.0004959668621698062,-2.733881185051401e-09,-2.733881185051401e-09,0.055369413111526426,5.512225500491988e-06
0.20500000000000002,89.99851846206144,90.0,0.047177336162348316,-0.024499643834734155,-5.086481454837596e-05,3.364309219135772e-06,12.000000000032434,6.573688508781991e-05,-0.0004933976719860103,-2.7028688388212126e-09,-2.7028688388212126e-09,0.0550402255227397,5.4780737573035195e-06
0.20520000000000002,89.99852786945884,90.0,0.046896661157523084,-0.024370451691255107,-5.060092797588744e-05,3.3429466924499017e-06,12.000000000032067,6.532940042605077e-05,-0.0004908379256920299,-2.6721789493117574e-09,-2.6721789493117574e-09,0.054712771350443605,5.4441167021563495e-06
0.2054,89.99853722086925,90.0,0.04661746617847172,-0.02424176260236237,-5.033801632704135e-05,3.3217113022249224e-06,12.0000000000317,6.492424079744067e-05,-0.0004882876363293253,-2.641808673281209e-09,-2.641808673281209e-09,0.054387043874883675,5.41035339977243e-06
0.2056,89.99854651658809,90.0,0.046339745462645014,-0.024113576771420564,-5.007608086041764e-05,3.3006023776374387e-06,12.000000000031342,6.452139500989797e-05,-0.00048574681610634397,-2.6117551830596527e-09,-2.6117551830596527e-09,0.054063036373085856,5.376782917477454e-06
0.2058,89.99855575690967,90.0,0.04606349324515689,-0.02398589436726753,-4.981512275419561e-05,3.279619250406367e-06,12.000000000030983,6.412085190104041e-05,-0.000483215476451633,-2.58201566681382e-09,-2.58201566681382e-09,0.053740742119349705,5.343404325072905e-06
0.20600000000000002,89.99856494212709,90.0,0.045788703759179955,-0.023858715522990265,-4.955514310323853e-05,3.2587612549373837e-06,12.000000000030631,6.372260034016072e-05,-0.000480693627985559,-2.552587328508957e-09,-2.552587328508957e-09,0.05342015438570995,5.310216694999838e-06
0.20620000000000002,89.99857407253232,90.0,0.04551537123635517,-0.02373204033827335,-4.929614292452819e-05,3.238027728178475e-06,12.000000000030282,6.332662922668421e-05,-0.00047818128057302477,-2.523467388159381e-09,-2.523467388159381e-09,0.05310126644241437,5.2772191022103675e-06
0.2064,89.99858314841617,90.0,0.04524348990717479,-0.023605868878157174,-4.9038123154209785e-05,3.217418009764388e-06,12.000000000029935,6.29329274921279e-05,-0.00047567844329480396,-2.494653081780458e-09,-2.494653081780458e-09,0.05278407155837059,5.244410624330909e-06
0.2066,89.99859217006832,90.0,0.04497305400137891,-0.023480201174657517,-4.878108465132438e-05,3.1969314419299616e-06,12.000000000029594,6.254148409925411e-05,-0.00047318512448374627,-2.4661416615692343e-09,-2.4661416615692343e-09,0.05246856300160872,5.211790341591656e-06
0.2068,89.99860113777727,90.0,0.04470405774833421,-0.023355037227294383,-4.8525028198993705e-05,3.176567369510124e-06,12.000000000029257,6.215228804226971e-05,-0.0004707013317362706,-2.4379303959901094e-09,-2.4379303959901094e-09,0.052154734039723254,5.179357336843182e-06
0.20700000000000002,89.99861005183035,90.0,0.04443649537740623,-0.023230377002901145,-4.8269954503923466e-05,3.156325139997674e-06,12.000000000028919,6.176532834772468e-05,-0.0004682270719075469,-2.4100165697994692e-09,-2.4100165697994692e-09,0.05184257794030727,5.147110695631319e-06
0.20720000000000002,89.9986189125138,90.0,0.04417036111833387,-0.023106220437213387,-4.801586420006682e-05,3.136204103456611e-06,12.000000000028589,6.138059407365457e-05,-0.0004657623511470327,-2.382397484206572e-09,-2.382397484206572e-09,0.051532087971389515,5.1150495061256946e-06
0.2074,89.99862772011265,90.0,0.04390564920158583,-0.02298256743430073,-4.77627578472477e-05,3.1162036126088065e-06,12.000000000028262,6.0998074310822186e-05,-0.0004633071748851188,-2.3550704568594175e-09,-2.3550704568594175e-09,0.05122325740185013,5.083172859223211e-06
0.2076,89.99863647491077,90.0,0.04364235385872324,-0.02285941786742838,-4.751063593312563e-05,3.0963230228051105e-06,12.000000000027935,6.061775818255693e-05,-0.00046086154785218865,-2.328032821939819e-09,-2.328032821939819e-09,0.050916079501843785,5.051479848534652e-06
0.2078,89.99864517719092,90.0,0.04338046932275294,-0.022736771580261002,-4.725949887596228e-05,3.076561691967574e-06,12.000000000027615,6.023963484423712e-05,-0.00045842547410545427,-2.3012819302787746e-09,-2.3012819302787746e-09,0.050610547543211766,5.019969570341541e-06
0.20800000000000002,89.99865382723468,90.0,0.043119989828466314,-0.02261462838591472,-4.7009347022359026e-05,3.0569189807050102e-06,12.000000000027299,5.986369348487454e-05,-0.00045599895700701,-2.2748151493023355e-09,-2.2748151493023355e-09,0.050306654799877365,4.988641123728196e-06
0.2082,89.9986624253225,90.0,0.042860909612789655,-0.022492988069222675,-4.6760180652505954e-05,3.037394252168541e-06,12.000000000026983,5.9489923325540576e-05,-0.00045358199927474915,-2.2486298632199628e-09,-2.2486298632199628e-09,0.0500043945482546,4.957493610450567e-06
0.2084,89.9986709717336,90.0,0.04260322291510798,-0.022371850385410764,-4.651199997704189e-05,3.01798687219605e-06,12.000000000026674,5.911831362129442e-05,-0.0004511746029519055,-2.2227234729345373e-09,-2.2227234729345373e-09,0.049703760067625974,4.926526135096917e-06
0.2086,89.99867946674618,90.0,0.04234692397760453,-0.022251215061992864,-4.626480514143899e-05,2.998696209196621e-06,12.000000000026365,5.874885365995504e-05,-0.0004487767694495846,-2.1970933961935917e-09,-2.1970933961935917e-09,0.049404744640538616,4.895737804985497e-06
0.2088,89.99868791063717,90.0,0.04209200704557806,-0.022131081798503163,-4.601859622533389e-05,2.979521634208317e-06,12.000000000026061,5.838153276297135e-05,-0.0004463884995402758,-2.1717370675723032e-09,-2.1717370675723032e-09,0.04910734155317441,4.865127730237046e-06
0.20900000000000002,89.99869630368241,90.0,0.04183846636776367,-0.02201145026729949,-4.5773373244362104e-05,2.960462520869295e-06,12.00000000002576,5.8016340285238946e-05,-0.0004440097933756466,-2.146651938533737e-09,-2.146651938533737e-09,0.04881154409572428,4.8346950237595335e-06
0.2092,89.99870464615658,90.0,0.04158629619664408,-0.021892320113642658,-4.552913615030128e-05,2.9415182454466897e-06,12.000000000025462,5.76532656156156e-05,-0.00044164065048793135,-2.121835477431661e-09,-2.121835477431661e-09,0.04851734556275143,4.8044388012911055e-06
0.2094,89.9987129383332,90.0,0.041335490788760205,-0.02177369095648536,-4.528588483287328e-05,2.9226881868077278e-06,12.000000000025167,5.7292298176732714e-05,-0.00043928106980741286,-2.0972851695623045e-09,-2.0972851695623045e-09,0.04822473925355358,4.7743581813843795e-06
0.2096,89.99872118048467,90.0,0.04108604440501256,-0.021655562388893004,-4.504361912068704e-05,2.9039717264197258e-06,12.000000000024876,5.6933427425153815e-05,-0.0004369310496715674,-2.0729985171850744e-09,-2.0729985171850744e-09,0.047933718472514646,4.7444522854196494e-06
0.20980000000000001,89.99872937288218,90.0,0.040837951310957916,-0.021537933978102684,-4.480233878133614e-05,2.8853682483789807e-06,12.000000000024588,5.6576642851882046e-05,-0.00043459058782601193,-2.0489730395142813e-09,-2.0489730395142813e-09,0.04764427652945089,4.714720237647177e-06
0.21000000000000002,89.99873751579587,90.0,0.04059120577710514,-0.02142080526664676,-4.4562043523985364e-05,2.866877139352992e-06,12.000000000024302,5.622193398181252e-05,-0.00043225968144959353,-2.025206272784095e-09,-2.025206272784095e-09,0.047356406739956,4.6851611651415546e-06
0.2102,89.99874560949463,90.0,0.040345802079198544,-0.02130417577203795,-4.4322732998595984e-05,2.848497788638238e-06,12.00000000002402,5.586929037458433e-05,-0.0004299383271468747,-2.0016957702069744e-09,-2.0016957702069744e-09,0.04707010242573163,4.655774197872708e-06
0.2104,89.99875365424627,90.0,0.04010173449850434,-0.021188044987524593,-4.408440679765249e-05,2.8302295881312873e-06,12.000000000023741,5.551870162437967e-05,-0.0004276265209648831,-1.9784391020061592e-09,-1.9784391020061592e-09,0.046785356914921736,4.626558468689152e-06
0.2106,89.99876165031745,90.0,0.0398589973220888,-0.02107241238283427,-4.384706445786328e-05,2.8120719322999115e-06,12.000000000023466,5.5170157359718316e-05,-0.0004253242584096086,-1.955433855443143e-09,-1.955433855443143e-09,0.04650216354243693,4.5975131133008695e-06
0.21080000000000002,89.99876959797369,90.0,0.03961758484308766,-0.02095727740419473,-4.3610705460172976e-05,2.7940242182119707e-06,12.000000000023192,5.482364724395091e-05,-0.0004230315344461224,-1.9326776347913883e-09,-1.9326776347913883e-09,0.04622051565026893,4.568637270320413e-06
0.21100000000000002,89.99877749747934,90.0,0.03937749136097565,-0.020842639474710198,-4.33753292306055e-05,2.7760858455354165e-06,12.000000000022922,5.447916097540057e-05,-0.00042074834350675535,-1.910168061332823e-09,-1.910168061332823e-09,0.04594040658780493,4.5399300812747086e-06
0.2112,89.99878534909762,90.0,0.03913871118183105,-0.020728497994730734,-4.31409351410917e-05,2.758256216538291e-06,12.000000000022656,5.4136688287501936e-05,-0.0004184746794991259,-1.8879027733511405e-09,-1.8879027733511405e-09,0.045661829712136226,4.511390690616644e-06
0.2114,89.99879315309066,90.0,0.03890123861859693,-0.020614852342927637,-4.290752251194791e-05,2.740534736030948e-06,12.00000000002239,5.379621894823536e-05,-0.00041621053583018255,-1.8658794261700904e-09,-1.8658794261700904e-09,0.04538477838836308,4.483018245677916e-06
0.2116,89.99880090971938,90.0,0.038665067991329106,-0.02050170187557375,-4.2675090610159696e-05,2.7229208114527205e-06,12.00000000002213,5.3457742761311935e-05,-0.00041395590538955616,-1.844095692066672e-09,-1.844095692066672e-09,0.04510924598988395,4.4548118967677795e-06
0.21180000000000002,89.9988086192436,90.0,0.038430193627453084,-0.020389045927968044,-4.2443638652677496e-05,2.7054138527852527e-06,12.00000000002187,5.312124956525386e-05,-0.0004117107805815278,-1.8225492603280792e-09,-1.8225492603280792e-09,0.04483522589869526,4.426770797096421e-06
0.21200000000000002,89.99881628192203,90.0,0.038196609862004294,-0.02027688381406053,-4.221316580550697e-05,2.6880132726102807e-06,12.000000000021615,5.2786729234223793e-05,-0.00040947515331620524,-1.8012378371838224e-09,-1.8012378371838224e-09,0.044562711505671676,4.398894102844059e-06
0.2122,89.99882389801222,90.0,0.037964311037872706,-0.020165214827504385,-4.198367118613553e-05,2.6707184860518503e-06,12.000000000021362,5.245417167745032e-05,-0.0004072490150330607,-1.7801591458315572e-09,-1.7801591458315572e-09,0.04429169621085149,4.371180973113078e-06
0.2124,89.99883146777059,90.0,0.037733291506035556,-0.02005403824127027,-4.1755153862598974e-05,2.653528910834097e-06,12.000000000021112,5.212356684005339e-05,-0.0004050323566918772,-1.7593109263646887e-09,-1.7593109263646887e-09,0.04402217342370814,4.3436305699968075e-06
0.2126,89.99883899145242,90.0,0.03750354562579414,-0.019943353308687573,-4.152761285588367e-05,2.6364439672234704e-06,12.000000000020865,5.179490470246568e-05,-0.0004028251687960497,-1.7386909357924806e-09,-1.7386909357924806e-09,0.0437541365634265,4.316242058531302e-06
0.21280000000000002,89.99884646931187,90.0,0.03727506776499899,-0.01983315926340351,-4.130104713980023e-05,2.619463078057617e-06,12.00000000002062,5.146817528090248e-05,-0.00040062744139136034,-1.7182969479862156e-09,-1.7182969479862156e-09,0.04348757905916549,4.2890146067345035e-06
0.21300000000000002,89.99885390160202,90.0,0.03704785230027545,-0.019723455320053353,-4.1075455642519844e-05,2.6025856687164975e-06,12.000000000020378,5.114336862712868e-05,-0.0003984391640808804,-1.698126753669906e-09,-1.698126753669906e-09,0.043222494350321355,4.261947385586819e-06
0.2132,89.99886128857477,90.0,0.0368218936172415,-0.019614240674564597,-4.085083724725569e-05,2.585811167122381e-06,12.000000000020137,5.0820474828573316e-05,-0.00039626032603158086,-1.6781781603847016e-09,-1.6781781603847016e-09,0.04295887588678175,4.235039569040669e-06
0.2134,89.9988686304809,90.0,0.036597186110722,-0.019505514503745526,-4.0627190791271985e-05,2.5691390037976287e-06,12.000000000019902,5.049948400914523e-05,-0.0003940909159647195,-1.658448992406395e-09,-1.658448992406395e-09,0.04269671712917567,4.208290334088456e-06
0.2136,89.9988759275701,90.0,0.03637372418496804,-0.019397275967012614,-4.040451506989258e-05,2.552568611749132e-06,12.000000000019668,5.0180386327942155e-05,-0.0003919309221947253,-1.6389370907971432e-09,-1.6389370907971432e-09,0.04243601154912938,4.181698860654993e-06
0.21380000000000002,89.99888318009093,90.0,0.036151502253856015,-0.019289524205602634,-4.018280883463191e-05,2.536099426554984e-06,12.000000000019437,4.986317198040998e-05,-0.00038978033261106797,-1.619640313294634e-09,-1.619640313294634e-09,0.04217675262949867,4.155264331694101e-06
0.21400000000000002,89.99889038829083,90.0,0.03593051474109608,-0.019182258343574246,-3.9962070795508244e-05,2.519730886306698e-06,12.000000000019206,4.954783119774932e-05,-0.00038763913470069727,-1.6005565343134182e-09,-1.6005565343134182e-09,0.04191893386461209,4.128985933139168e-06
0.2142,89.99889755241612,90.0,0.03571075608042887,-0.01907547748737217,-3.974229961999804e-05,2.5034624316669885e-06,12.00000000001898,4.9234354247721885e-05,-0.0003855073155378999,-1.58168364485427e-09,-1.58168364485427e-09,0.04166254876050034,4.102862853970335e-06
0.2144,89.99890467271202,90.0,0.0354922207158274,-0.018969180727174906,-3.9523493936159275e-05,2.487293505783101e-06,12.000000000018755,4.892273143370198e-05,-0.00038338486181459616,-1.56301955252276e-09,-1.56301955252276e-09,0.04140759083513197,4.07689428613546e-06
0.2146,89.99891174942262,90.0,0.035274903101683644,-0.01886336713644464,-3.930565233155382e-05,2.471223554344592e-06,12.000000000018535,4.861295309547768e-05,-0.0003812717598298872,-1.5445621814343255e-09,-1.5445621814343255e-09,0.04115405361863091,4.051079424616883e-06
0.21480000000000002,89.99891878279094,90.0,0.03505879770299971,-0.018758035772904788,-3.908877335550686e-05,2.4552520255255483e-06,12.000000000018314,4.830500960864825e-05,-0.00037916799551197133,-1.5263094722058097e-09,-1.5263094722058097e-09,0.04090193065349966,4.02541746738121e-06
0.215,89.99892577305886,90.0,0.03484389899556855,-0.01865318567808176,-3.887285551801095e-05,2.4393783700423686e-06,12.0000000000181,4.799889138542212e-05,-0.00037707355440751367,-1.5082593818578343e-09,-1.5082593818578343e-09,0.04065121549482998,3.999907615445811e-06
0.2152,89.99893272046717,90.0,0.034630201466159374,-0.018548815877919067,-3.865789729113661e-05,2.4236020411248714e-06,12.000000000017884,4.769458887436288e-05,-0.0003749884216953287,-1.4904098837815223e-09,-1.4904098837815223e-09,0.040401901710519265,3.97454907285765e-06
0.2154,89.99893962525556,90.0,0.03441769961269623,-0.018444925383382008,-3.844389711042166e-05,2.4079224944874085e-06,12.000000000017673,4.739209256013161e-05,-0.0003729125821998574,-1.4727589677022752e-09,-1.4727589677022752e-09,0.040153982881478936,3.949341046671818e-06
0.2156,89.99894648766258,90.0,0.034206387944429754,-0.018341513190342155,-3.8230853374577815e-05,2.39233918835775e-06,12.000000000017463,4.7091392963928555e-05,-0.000370846020388321,-1.4553046395991726e-09,-1.4553046395991726e-09,0.03990745260183472,3.9242827469883356e-06
0.21580000000000002,89.99895330792576,90.0,0.03399626098211009,-0.01823857828052937,-3.8018764447692885e-05,2.376851583419309e-06,12.000000000017256,4.6792480642881034e-05,-0.0003687887203920827,-1.438044921686215e-09,-1.438044921686215e-09,0.03966230447912844,3.899373386901146e-06
0.216,89.99896008628149,90.0,0.03378731325814883,-0.018136119621047345,-3.780762865807617e-05,2.361459142868919e-06,12.000000000017053,4.649534619083163e-05,-0.0003667406659954479,-1.4209778523075228e-09,-1.4209778523075228e-09,0.03941853213450697,3.874612182563797e-06
0.2162,89.99896682296506,90.0,0.03357953931678678,-0.018034136165318404,-3.759744430044445e-05,2.3461613323590543e-06,12.00000000001685,4.619998023772326e-05,-0.0003647018406568686,-1.404101485915414e-09,-1.404101485915414e-09,0.03917612920291791,3.849998353138199e-06
0.2164,89.99897351821069,90.0,0.0333729337142506,-0.01793262685259167,-3.738820963475084e-05,2.330957620055611e-06,12.000000000016648,4.590637345038458e-05,-0.00036267222749758314,-1.387413892963649e-09,-1.387413892963649e-09,0.038935089333292365,3.825531120860074e-06
0.21660000000000001,89.99898017225149,90.0,0.03316749101891536,-0.017831590608880635,-3.717992288835464e-05,2.315847476580125e-06,12.00000000001645,4.561451653191234e-05,-0.00036065180932266414,-1.3709131598825174e-09,-1.3709131598825174e-09,0.03869540618873459,3.801209710987484e-06
0.21680000000000002,89.9989867853195,90.0,0.03296320581145619,-0.01773102634717473,-3.697258225649534e-05,2.300830375009775e-06,12.000000000016255,4.5324400221751114e-05,-0.00035864056862561623,-1.3545973890101506e-09,-1.3545973890101506e-09,0.038457073446698894,3.7770333518074765e-06
0.217,89.99899335764572,90.0,0.03276007268499745,-0.01763093296800311,-3.6766185903590346e-05,2.285905790848491e-06,12.000000000016062,4.5036015295420035e-05,-0.0003566384876009646,-1.3384646985425843e-09,-1.3384646985425843e-09,0.03822008479916369,3.753001274613313e-06
0.2172,89.99899988945997,90.0,0.03255808624525547,-0.01753130935821272,-3.656073196035892e-05,2.271073202142512e-06,12.00000000001587,4.474935256599425e-05,-0.0003546455481163564,-1.322513222383177e-09,-1.322513222383177e-09,0.03798443395279805,3.7291127138279225e-06
0.2174,89.99900638099108,90.0,0.03235724111069561,-0.01743215439367448,-3.635621853012748e-05,2.256332089278161e-06,12.000000000015682,4.4464402881726325e-05,-0.0003526617317737234,-1.3067411102111378e-09,-1.3067411102111378e-09,0.03775011462914487,3.7053669068056848e-06
0.21760000000000002,89.99901283246676,90.0,0.03215753191265769,-0.017333466937326916,-3.615264368423883e-05,2.2416819351551797e-06,12.000000000015493,4.4181157128221725e-05,-0.0003506870198647506,-1.2911465272876962e-09,-1.2911465272876962e-09,0.037517120564767296,3.6817630940137234e-06
0.21780000000000002,89.99901924411368,90.0,0.03195895329550454,-0.017235245840449262,-3.5950005465008355e-05,2.227122225100063e-06,12.000000000015309,4.3899606227462064e-05,-0.000348721393399552,-1.2757276544427242e-09,-1.2757276544427242e-09,0.03728544551142196,3.658300518950505e-06
0.218,89.99902561615741,90.0,0.0317614999167553,-0.017137489943202903,-3.5748301886971636e-05,2.2126524468371655e-06,12.000000000015126,4.3619741137523704e-05,-0.00034676483311877254,-1.2604826880182e-09,-1.2604826880182e-09,0.037055083236214516,3.6349784281223937e-06
0.2182,89.99903194882246,90.0,0.031565166447213085,-0.017040198074099115,-3.554753093562279e-05,2.198272090546485e-06,12.000000000014946,4.3341552853347944e-05,-0.0003448173194813498,-1.2454098397526726e-09,-1.2454098397526726e-09,0.03682602752174861,3.61179607110783e-06
0.2184,89.99903824233229,90.0,0.03136994757109832,-0.01694336905089571,-3.5347690569492614e-05,2.1839806488058784e-06,12.000000000014765,4.3065032406107916e-05,-0.00034287883268467264,-1.230507336742976e-09,-1.230507336742976e-09,0.03659827216628137,3.5887527005045773e-06
0.21860000000000002,89.99904449690928,90.0,0.031175837986171972,-0.01684700168041392,-3.5148778719703646e-05,2.1697776166199558e-06,12.00000000001459,4.279017086362507e-05,-0.00034094935266026466,-1.2157734213464457e-09,-1.2157734213464457e-09,0.036371810983867305,3.5658475719644204e-06
0.21880000000000002,89.99905071277476,90.0,0.030982832403861054,-0.01675109475906881,-3.495079329119321e-05,2.1556624913911877e-06,12.000000000014413,4.2516959330083394e-05,-0.00033902885908564844,-1.2012063511209812e-09,-1.2012063511209812e-09,0.03614663780450456,3.5430799441693605e-06
0.219,89.99905689014899,90.0,0.030790925549377714,-0.016655647073035608,-3.475373216308605e-05,2.1416347729199065e-06,12.000000000014243,4.224538894609216e-05,-0.00033711733138795994,-1.1868043987446755e-09,-1.1868043987446755e-09,0.035922746474274,3.520449078836835e-06
0.2192,89.99906302925123,90.0,0.030600112161836706,-0.016560657398769003,-3.455759318989243e-05,2.1276939633754162e-06,12.00000000001407,4.197545088839599e-05,-0.00033521474875557037,-1.1725658519532455e-09,-1.1725658519532455e-09,0.03570013085547616,3.4979542406955642e-06
0.2194,89.99906913029962,90.0,0.03041038699436659,-0.01646612450244784,-3.4362374200194737e-05,2.1138395673537706e-06,12.000000000013902,4.17071363706365e-05,-0.0003333210901253458,-1.1584890134209094e-09,-1.1584890134209094e-09,0.03547878482676102,3.4755946975490154e-06
0.21960000000000002,89.99907519351126,90.0,0.030221744814227784,-0.01637204714085052,-3.416807299867808e-05,2.1000710918199972e-06,12.000000000013735,4.1440436642711215e-05,-0.00033143633420234473,-1.1445722007157505e-09,-1.1445722007157505e-09,0.035258702283265754,3.453369720221982e-06
0.21980000000000002,89.99908121910227,90.0,0.03003418040292003,-0.016278424061860308,-3.397468736729696e-05,2.0863880460792036e-06,12.00000000001357,4.117534299047841e-05,-0.0003295604594711346,-1.1308137462340234e-09,-1.1308137462340234e-09,0.03503987713674004,3.4312785825359873e-06
0.22,89.99908720728767,90.0,0.029847688556284495,-0.016185254003897344,-3.378221506393352e-05,2.0727899418343598e-06,12.000000000013408,4.091184673651403e-05,-0.0003276934441827767,-1.1172119970792663e-09,-1.1172119970792663e-09,0.03482230331566524,3.4093205613723596e-06
0.2202,89.99909315828144,90.0,0.029662264084612144,-0.01609253569642525,-3.359065382356721e-05,2.059276293157406e-06,12.000000000013245,4.064993923981699e-05,-0.00032583526636617224,-1.1037653149966554e-09,-1.1037653149966554e-09,0.03460597476538083,3.387494936647677e-06
0.2204,89.99909907229654,90.0,0.029477901812746427,-0.01600026786044976,-3.340000135942654e-05,2.0458466164603654e-06,12.000000000013085,4.038961189551161e-05,-0.00032398590383923457,-1.0904720763057469e-09,-1.0904720763057469e-09,0.034390885448204164,3.3658009912889644e-06
0.22060000000000002,89.9991049495449,90.0,0.029294596580180115,-0.015908449208653946,-3.3210255363292065e-05,2.0325004304953424e-06,12.000000000012928,4.013085613489854e-05,-0.00032214533421182784,-1.0773306718141454e-09,-1.0773306718141454e-09,0.03417702934354347,3.344238011237942e-06
0.22080000000000002,89.99911079023741,90.0,0.029112343241150945,-0.015817078445531752,-3.302141350579555e-05,2.019237256354522e-06,12.000000000012772,3.9873663425504964e-05,-0.0003203135348886694,-1.0643395067309127e-09,-1.0643395067309127e-09,0.033964400448009434,3.3228052854552105e-06
0.221,89.99911659458395,90.0,0.028931136664735114,-0.015726154267518527,-3.2833473436712443e-05,2.006056617470172e-06,12.00000000001262,3.9618025271133845e-05,-0.0003184904830721666,-1.051497000579621e-09,-1.051497000579621e-09,0.0337529927755243,3.3015021059243484e-06
0.2212,89.99912236279334,90.0,0.028750971734939887,-0.01563567536312038,-3.264643278525169e-05,1.992958039614641e-06,12.000000000012466,3.9363933211912466e-05,-0.0003166761557652281,-1.0388015871112231e-09,-1.0388015871112231e-09,0.03354280035742987,3.280327767655964e-06
0.2214,89.9991280950734,90.0,0.0285718433507944,-0.015545640413396164,-3.246028916117022e-05,1.979941050871471e-06,12.000000000012314,3.911137882398871e-05,-0.00031487052978207446,-1.0262517142336748e-09,-1.0262517142336748e-09,0.03333381724259347,3.2592815686623814e-06
0.22160000000000002,89.99913379163095,90.0,0.02839374642643498,-0.015456048092431918,-3.22750401558705e-05,1.967005181606503e-06,12.000000000012166,3.886035371922429e-05,-0.00031307358175888496,-1.0138458439402017e-09,-1.0138458439402017e-09,0.03312603749750748,3.2383628099320745e-06
0.2218,89.99913945267177,90.0,0.02821667589118508,-0.015366897066386664,-3.209068334015892e-05,1.954149964554552e-06,12.000000000012019,3.8610849546291454e-05,-0.00031128528813205306,-1.0015824521690538e-09,-1.0015824521690538e-09,0.0329194552063826,3.217570795521065e-06
0.222,89.99914507840062,90.0,0.028040626689646124,-0.015278185995395606,-3.190721626868277e-05,1.941374934674954e-06,12.000000000011873,3.83628579889629e-05,-0.0003095056251812262,-9.894600288000678e-10,-9.894600288000678e-10,0.032714064471253815,3.196904832410412e-06
0.2222,89.99915066902125,90.0,0.027865593781766642,-0.015189913531890281,-3.17246364759937e-05,1.9286796292960164e-06,12.000000000011731,3.811637076790597e-05,-0.00030773456899112054,-9.774770774796519e-10,-9.774770774796519e-10,0.03250985941206108,3.1763642306557257e-06
0.22240000000000001,89.99915622473645,90.0,0.027691572142930377,-0.01510207832249797,-3.15429414809762e-05,1.916063587970569e-06,12.000000000011589,3.787137963897113e-05,-0.00030597209549447816,-9.656321156159767e-10,-9.656321156159767e-10,0.032306834166752105,3.155948303244546e-06
0.22260000000000002,89.99916174574795,90.0,0.02751855676402303,-0.015014679007069057,-3.13621287845647e-05,1.9035263525626323e-06,12.000000000011447,3.762787639428171e-05,-0.0003042181804499222,-9.5392367423767e-10,-9.5392367423767e-10,0.0321049828913602,3.1356563661871513e-06
0.2228,89.99916723225653,90.0,0.027346542651509754,-0.01492771421949577,-3.1182195871647116e-05,1.8910674671896405e-06,12.000000000011308,3.7385852861571535e-05,-0.00030247279946042177,-9.423502979370255e-10,-9.423502979370255e-10,0.03190429976009471,3.115487738461359e-06
0.223,89.9991726844619,90.0,0.0271755248275034,-0.014841182587452213,-3.100314021044776e-05,1.8786864782513282e-06,12.00000000001117,3.7145300904572354e-05,-0.00030073592796730635,-9.309105447625827e-10,-9.309105447625827e-10,0.03170477896542063,3.095441742044815e-06
0.2232,89.99917810256285,90.0,0.027005498329836036,-0.014755082732849497,-3.082495925358173e-05,1.8663829344008426e-06,12.000000000011035,3.6906212422699895e-05,-0.000299007541260493,-9.196029861449009e-10,-9.196029861449009e-10,0.03150641471814204,3.07551770188883e-06
0.22340000000000002,89.99918348675715,90.0,0.026836458212124787,-0.014669413271927645,-3.064765043826073e-05,1.8541563865447425e-06,12.0000000000109,3.6668579351088407e-05,-0.00029728761448048334,-9.084262068052901e-10,-9.084262068052901e-10,0.031309201247478914,3.055714945921258e-06
0.22360000000000002,89.99918883724158,90.0,0.026668399543836915,-0.01458417281570178,-3.0471211187327442e-05,1.8420063878141087e-06,12.000000000010768,3.643239366027333e-05,-0.0002955761226283967,-8.973788046804425e-10,-8.973788046804425e-10,0.031113132801143067,3.036032805020053e-06
0.2238,89.99919415421193,90.0,0.026501317410349702,-0.014499359970045679,-3.0295638909442652e-05,1.8299324935645441e-06,12.000000000010637,3.6197647356222805e-05,-0.0002938730405677859,-8.864593908303536e-10,-8.864593908303536e-10,0.030918203645407986,3.016470613015893e-06
0.224,89.99919943786303,90.0,0.02633520691300937,-0.014414973335063537,-3.012093099760851e-05,1.817934261433954e-06,12.000000000010509,3.5964332481071744e-05,-0.00029217834301031187,-8.756665893151898e-10,-8.756665893151898e-10,0.030724408065177598,2.997027706753354e-06
0.2242,89.99920468838872,90.0,0.026170063169197167,-0.01433101150660332,-2.9947084832697626e-05,1.8060112512269847e-06,12.000000000010381,3.573244111175029e-05,-0.000290492004549977,-8.64999037167281e-10,-8.64999037167281e-10,0.030531740364063364,2.977703425976615e-06
0.22440000000000002,89.99920990598186,90.0,0.02600588131237821,-0.014247473075614428,-2.9774097781944647e-05,1.7941630249728057e-06,12.000000000010253,3.550196536071263e-05,-0.00028881399964849307,-8.544553842667425e-10,-8.544553842667425e-10,0.03034019486444125,2.9584971133901914e-06
0.22460000000000002,89.99921509083433,90.0,0.02584265649215771,-0.014164356627870887,-2.960196719829155e-05,1.7823891469539974e-06,12.000000000010129,3.527289737631811e-05,-0.0002871443026289304,-8.440342932346786e-10,-8.440342932346786e-10,0.030149765907517324,2.9394081146906946e-06
0.2248,89.99922024313706,90.0,0.025680383874340146,-0.014081660745475122,-2.9430690423895137e-05,1.7706891835909938e-06,12.000000000010004,3.504522934145613e-05,-0.0002854828877097412,-8.337344394033923e-10,-8.337344394033923e-10,0.029960447853396837,2.9204357784522428e-06
0.225,89.99922536308003,90.0,0.02551905864097139,-0.0139993840058509,-2.926026478776701e-05,1.7590627035287497e-06,12.000000000009884,3.481895347462288e-05,-0.000283829728981867,-8.235545106771923e-10,-8.235545106771923e-10,0.029772235081133296,2.9015794562161835e-06
0.2252,89.99923045085221,90.0,0.02535867599039237,-0.013917524982528814,-2.9090687607602612e-05,1.7475092775789626e-06,12.000000000009763,3.4594062029246486e-05,-0.0002821848004264804,-8.134932074713551e-10,-8.134932074713551e-10,0.029585121988791097,2.882838502434862e-06
0.22540000000000002,89.99923550664165,90.0,0.025199231137283742,-0.013836082244853444,-2.8921956189090488e-05,1.7360284787489624e-06,12.000000000009642,3.437054729406205e-05,-0.0002805480759082852,-8.035492426046732e-10,-8.035492426046732e-10,0.029399102993497697,2.8642122745028694e-06
0.22560000000000002,89.99924053063543,90.0,0.025040719312713813,-0.013755054358405457,-2.875406782689266e-05,1.724619882212821e-06,12.000000000009525,3.414840159278524e-05,-0.00027891952918502585,-7.93721341222774e-10,-7.93721341222774e-10,0.02921417253149945,2.845700132729845e-06
0.2258,89.99924552301968,90.0,0.024883135764181625,-0.01367443988506181,-2.8587019804779452e-05,1.713283065311352e-06,12.000000000009408,3.3927617284134997e-05,-0.0002772991339087954,-7.840082407060281e-10,-7.840082407060281e-10,0.029030325058211893,2.8273014403423666e-06
0.226,89.99925048397958,90.0,0.02472647575565949,-0.013594237383765676,-2.842080939742371e-05,1.7020176074943329e-06,12.000000000009294,3.370818676115267e-05,-0.0002756868636434399,-7.744086906068587e-10,-7.744086906068587e-10,0.028847555048269406,2.8090155634272133e-06
0.2262,89.99925541369937,90.0,0.024570734567626738,-0.013514445409152476,-2.825543386718409e-05,1.6908230904360615e-06,12.00000000000918,3.349010245262609e-05,-0.0002740826918333554,-7.649214524986328e-10,-7.649214524986328e-10,0.02866585699556453,2.790841871050039e-06
0.22640000000000002,89.99926031236234,90.0,0.024415907497118982,-0.013435062513395034,-2.8090890468412027e-05,1.679699097890909e-06,12.000000000009067,3.327335682135761e-05,-0.0002724865918452666,-7.555452999580281e-10,-7.555452999580281e-10,0.028485225413305483,2.772779735111039e-06
0.22660000000000002,89.99926518015084,90.0,0.024261989857756173,-0.013356087245532174,-2.7927176445878306e-05,1.6686452157510995e-06,12.000000000008956,3.3057942364882e-05,-0.0002708985369529642,-7.462790184429386e-10,-7.462790184429386e-10,0.028305654834048868,2.7548285304047774e-06
0.2268,89.99927001724632,90.0,0.024108976979778894,-0.013277518151519445,-2.7764289034886703e-05,1.6576610320467083e-06,12.000000000008846,3.28438516154855e-05,-0.0002693185003384072,-7.371214052011005e-10,-7.371214052011005e-10,0.028127139809742047,2.736987634621774e-06
0.227,89.99927482382923,90.0,0.023956864210083417,-0.01319935377427803,-2.7602225461383586e-05,1.6467461369456635e-06,12.000000000008736,3.2631077140224255e-05,-0.0002677464550927861,-7.280712691789943e-10,-7.280712691789943e-10,0.027949674911763984,2.7192564283500417e-06
0.2272,89.99927960007913,90.0,0.023805646912256565,-0.013121592654453978,-2.7440982943728112e-05,1.635900122695966e-06,12.00000000000863,3.24196115402395e-05,-0.0002661823742336942,-7.191274309590681e-10,-7.191274309590681e-10,0.027773254730965993,2.7016342950180152e-06
0.22740000000000002,89.99928434617466,90.0,0.02365532046660198,-0.013044233330099618,-2.728055869194387e-05,1.6251225836545788e-06,12.000000000008523,3.220944745112294e-05,-0.00026462623069786826,-7.102887226538058e-10,-7.102887226538058e-10,0.02759787387770231,2.6841206209250054e-06
0.22760000000000002,89.99928906229356,90.0,0.023505880270169695,-0.012967274337070109,-2.7120949908641943e-05,1.6144131162585376e-06,12.00000000000842,3.2000577542580775e-05,-0.0002630779973501423,-7.015539878286818e-10,-7.015539878286818e-10,0.027423526981864645,2.6667147952131933e-06
0.2278,89.99929374861257,90.0,0.023357321736781195,-0.012890714208703162,-2.6962153788268714e-05,1.6037713190538404e-06,12.000000000008315,3.1792994518798324e-05,-0.0002615376469761516,-6.929220813972031e-10,-6.929220813972031e-10,0.027250208692911396,2.6494162098980246e-06
0.228,89.99929840530761,90.0,0.02320964029705865,-0.012814551476215144,-2.680416751802795e-05,1.5931967926665582e-06,12.000000000008214,3.1586691118103934e-05,-0.00026000515229127643,-6.843918695445417e-10,-6.843918695445417e-10,0.027077913679901762,2.6322242598401927e-06
0.22820000000000001,89.99930303255361,90.0,0.02306283139844889,-0.012738784669089794,-2.6646988278786276e-05,1.5826891397739442e-06,12.00000000000811,3.1381660112629966e-05,-0.000258480485949426,-6.759622296505691e-10,-6.759622296505691e-10,0.026906636631523706,2.6151383427173964e-06
0.22840000000000002,89.99930763052464,90.0,0.022916890505243412,-0.012663412314395642,-2.6490613243474737e-05,1.5722479651622138e-06,12.000000000008011,3.117789430902644e-05,-0.00025696362052753276,-6.676320501722371e-10,-6.676320501722371e-10,0.026736372256117316,2.598157859083802e-06
0.2286,89.99931219939384,90.0,0.02277181309860619,-0.012588432938245913,-2.6335039580497972e-05,1.561872875610986e-06,12.000000000007912,3.097538654706944e-05,-0.00025545452855862234,-6.594002306081249e-10,-6.594002306081249e-10,0.026567115281707222,2.5812822122540845e-06
0.2288,89.99931673933348,90.0,0.02262759467658452,-0.01251384506474787,-2.6180264451276524e-05,1.5515634799799516e-06,12.000000000007816,3.0774129700721416e-05,-0.0002539531825079734,-6.512656813671883e-10,-6.512656813671883e-10,0.02639886045601527,2.564510808391781e-06
0.229,89.99932125051488,90.0,0.022484230754131893,-0.012439647216745266,-2.6026285011979456e-05,1.541319389151095e-06,12.00000000000772,3.057411667744018e-05,-0.0002524595547899242,-6.432273237063982e-10,-6.432273237063982e-10,0.02623160254648721,2.547843056451709e-06
0.22920000000000001,89.99932573310852,90.0,0.022341716863122738,-0.012365837915128406,-2.587309841190937e-05,1.5311402160864721e-06,12.000000000007624,3.0375340418889712e-05,-0.00025097361775220734,-6.352840896148963e-10,-6.352840896148963e-10,0.026065336340309858,2.531278368239201e-06
0.22940000000000002,89.99933018728393,90.0,0.022200048552374844,-0.012292415679931272,-2.572070179606427e-05,1.5210255757415425e-06,12.000000000007528,3.01777938998973e-05,-0.00024949534370079983,-6.274349217651711e-10,-6.274349217651711e-10,0.025900056644437317,2.5148161583231973e-06
0.2296,89.99933461320981,90.0,0.02205922138765883,-0.012219379030344727,-2.5569092305167157e-05,1.5109750850651683e-06,12.000000000007436,2.998147012845846e-05,-0.00024802470490021053,-6.196787734233982e-10,-6.196787734233982e-10,0.025735758285601967,2.498455844036657e-06
0.2298,89.99933901105393,90.0,0.02191923095170825,-0.012146726484020097,-2.5418267074036517e-05,1.5009883630573945e-06,12.000000000007343,2.9786362146445443e-05,-0.00024656167355767346,-6.120146083348357e-10,-6.120146083348357e-10,0.02557243611032629,2.4821968455356014e-06
0.23,89.9993433809832,90.0,0.021780072844237008,-0.01207445655780402,-2.526822323330194e-05,1.4910650307116682e-06,12.000000000007255,2.9592463028913216e-05,-0.0002451062218397896,-6.044414006621824e-10,-6.044414006621824e-10,0.02541008498494317,2.466038585741277e-06
0.23020000000000002,89.99934772316367,90.0,0.02164174268194861,-0.012002567768106664,-2.511895791026367e-05,1.4812047109859504e-06,12.000000000007162,2.939976588375276e-05,-0.00024365832188086455,-5.969581349101012e-10,-5.969581349101012e-10,0.025248699795606712,2.4499804903112677e-06
0.23040000000000002,89.99935203776046,90.0,0.021504236098541355,-0.011931058629843096,-2.4970468226417023e-05,1.4714070288893847e-06,12.000000000007073,2.9208263852748538e-05,-0.0002422179457588953,-5.895638057993648e-10,-5.895638057993648e-10,0.02508827544829825,2.43402198772761e-06
0.2306,89.99935632493785,90.0,0.021367548744725226,-0.0118599276582333,-2.4822751301658212e-05,1.4616716113378469e-06,12.000000000006988,2.901795010982947e-05,-0.00024078506553636717,-5.82257418243521e-10,-5.82257418243521e-10,0.024928806868846097,2.4181625091510474e-06
0.2308,89.99936058485929,90.0,0.021231676288218728,-0.0117891733677319,-2.4675804251782677e-05,1.4519980872406166e-06,12.0000000000069,2.8828817862122037e-05,-0.0002393596532359872,-5.750379872230831e-10,-5.750379872230831e-10,0.02477028900292185,2.4024014885087885e-06
0.231,89.9993648176873,90.0,0.02109661441375732,-0.011718794272039933,-2.4529624188511416e-05,1.442386087500376e-06,12.000000000006814,2.8640860349954707e-05,-0.0002379416808409397,-5.679045376995815e-10,-5.679045376995815e-10,0.024612716816050203,2.3867383624948705e-06
0.23120000000000002,89.99936902358355,90.0,0.020962358823102416,-0.011648788884828003,-2.4384208221180433e-05,1.43283524495543e-06,12.000000000006729,2.8454070846159498e-05,-0.00023653112031127408,-5.608561045545578e-10,-5.608561045545578e-10,0.02445608529361949,2.371172570511962e-06
0.23140000000000002,89.9993732027089,90.0,0.020828905235041502,-0.011579155719381104,-2.423955345591034e-05,1.4233451944085973e-06,12.000000000006647,2.8268442656423605e-05,-0.00023512794357584987,-5.538917324910863e-10,-5.538917324910863e-10,0.024300389440881753,2.3557035547006624e-06
0.2316,89.99937735522332,90.0,0.020696249385392666,-0.01150989328967083,-2.4095656998112393e-05,1.413915572540539e-06,12.000000000006565,2.8083969118237132e-05,-0.00023373212255664583,-5.470104759847723e-10,-5.470104759847723e-10,0.024145624282958106,2.3403307598518138e-06
0.2318,89.99938148128592,90.0,0.020564387026996776,-0.01144100010856805,-2.395251594831112e-05,1.4045460180542092e-06,12.000000000006484,2.790064360264679e-05,-0.00023234362912823842,-5.402113991374184e-10,-5.402113991374184e-10,0.02399178486482957,2.325053633552643e-06
0.232,89.99938558105497,90.0,0.02043331392973016,-0.011372474689636983,-2.38101274063368e-05,1.3952361715304057e-06,12.000000000006402,2.7718459512504685e-05,-0.00023096243515846986,-5.334935756538434e-10,-5.334935756538434e-10,0.023838866251351853,2.3098716260408248e-06
0.23220000000000002,89.99938965468792,90.0,0.020303025880496445,-0.011304315546768529,-2.36684884704694e-05,1.3859856754566587e-06,12.000000000006322,2.7537410282815674e-05,-0.0002295885125001441,-5.26856088744541e-10,-5.26856088744541e-10,0.02368686352724585,2.2947841902334305e-06
0.23240000000000002,89.99939370234137,90.0,0.020173518683223098,-0.01123652119417545,-2.3527596237427764e-05,1.3767941742272322e-06,12.000000000006242,2.735748938073551e-05,-0.0002282218329909219,-5.202980310414909e-10,-5.202980310414909e-10,0.023535771797093614,2.2797907817267734e-06
0.2326,89.99939772417102,90.0,0.02004478815885762,-0.011169090145676505,-2.3387447800696556e-05,1.3676613142009032e-06,12.000000000006166,2.717869030627193e-05,-0.00022686236843709183,-5.138185044913259e-10,-5.138185044913259e-10,0.023385586185333887,2.2648908588548305e-06
0.2328,89.99940172033185,90.0,0.01991683014537214,-0.011102020916479223,-2.3248040254693467e-05,1.3585867435565117e-06,12.00000000000609,2.700100659052934e-05,-0.0002255100906539931,-5.074166203313539e-10,-5.074166203313539e-10,0.023236301836267497,2.2500838825429698e-06
0.233,89.99940569097791,90.0,0.0197896404977475,-0.011035312022091848,-2.3109370692227695e-05,1.349570112379631e-06,12.000000000006013,2.6824431796755062e-05,-0.00022416497144136214,-5.010914989706126e-10,-5.010914989706126e-10,0.02308791391403875,2.2353693163951353e-06
0.23320000000000002,89.99940963626247,90.0,0.019663215087969817,-0.010968961978318585,-2.2971436204489288e-05,1.3406110726625679e-06,12.000000000005938,2.6648959520337553e-05,-0.00022282698258322946,-4.94842269908042e-10,-4.94842269908042e-10,0.022940417602631453,2.2207466266936972e-06
0.23340000000000002,89.99941355633797,90.0,0.019537549805027102,-0.010902969301965371,-2.2834233882699576e-05,1.3317092782465822e-06,12.000000000005864,2.647458338810151e-05,-0.0002214960958639289,-4.886680716738038e-10,-4.886680716738038e-10,0.022793808105864954,2.2062152823407147e-06
0.2336,89.99941745135602,90.0,0.019412640554897862,-0.010837332510468728,-2.2697760817245054e-05,1.3228643848507773e-06,12.000000000005791,2.6301297058653437e-05,-0.00022017228305969632,-4.825680517360173e-10,-4.825680517360173e-10,0.022648080647380834,2.1917747548867288e-06
0.2338,89.99942132146742,90.0,0.01928848326054376,-0.010772050122596036,-2.2562014099315494e-05,1.3140760500143195e-06,12.00000000000572,2.6129094221674666e-05,-0.0002188555159545595,-4.765413664422653e-10,-4.765413664422653e-10,0.022503230470634388,2.177424518471851e-06
0.234,89.99942516682216,90.0,0.0191650738618946,-0.010707120657714016,-2.242699081919583e-05,1.3053439331542191e-06,12.000000000005647,2.595796859861659e-05,-0.0002175457663237691,-4.70587180915977e-10,-4.70587180915977e-10,0.022359252838877033,2.163164049883698e-06
0.23420000000000002,89.99942898756942,90.0,0.019042408315841253,-0.010642542636134164,-2.229268806707466e-05,1.2966676955364393e-06,12.000000000005578,2.5787913942345343e-05,-0.00021624300594164135,-4.6470466898787734e-10,-4.6470466898787734e-10,0.022216143035148125,2.1489928285277798e-06
0.23440000000000003,89.99943278385756,90.0,0.018920482596225,-0.010578314579808366,-2.2159102934671985e-05,1.2880470002181176e-06,12.000000000005507,2.561892403643315e-05,-0.00021494720659734733,-4.588930131382014e-10,-4.588930131382014e-10,0.0220738963622625,2.1349103363684495e-06
0.2346,89.99943655583412,90.0,0.01879929269381866,-0.010514435011236778,-2.2026232512688498e-05,1.279481512134233e-06,12.00000000000544,2.5450992696203012e-05,-0.00021365834007017062,-4.5315140438385894e-10,-4.5315140438385894e-10,0.02193250814278844,2.1209160580159563e-06
0.2348,89.99944030364591,90.0,0.01867883461632053,-0.010450902454880399,-2.189407389410885e-05,1.2709708979820504e-06,12.00000000000537,2.5284113767319347e-05,-0.00021237637816154972,-4.4747904224378806e-10,-4.4747904224378806e-10,0.021791973719040625,2.1070094806090027e-06
0.23500000000000001,89.99944402743887,90.0,0.018559104388331558,-0.010387715436063434,-2.1762624171638606e-05,1.2625148263077868e-06,12.000000000005302,2.5118281126830615e-05,-0.00021110129267021578,-4.418751346271237e-10,-4.418751346271237e-10,0.021652288453053482,2.0931900939016264e-06
0.23520000000000002,89.99944772735819,90.0,0.01844009805134584,-0.01032487248167055,-2.1631880439335628e-05,1.2541129674488327e-06,12.000000000005237,2.4953488682461254e-05,-0.00020983305540801757,-4.363388977773289e-10,-4.363388977773289e-10,0.021513447726570146,2.079457390204197e-06
0.2354,89.99945140354824,90.0,0.018321811663732583,-0.010262372120121679,-2.1501839792553612e-05,1.2457649935337531e-06,12.00000000000517,2.4789730372602143e-05,-0.0002085716381993737,-4.308695561943477e-10,-4.308695561943477e-10,0.021375446941021344,2.065810864382622e-06
0.2356,89.99945505615261,90.0,0.0182042413007186,-0.010200212881347589,-2.137249932788737e-05,1.2374705784822853e-06,12.000000000005105,2.462700016630144e-05,-0.0002073170128807417,-4.254663425574143e-10,-4.254663425574143e-10,0.021238281517505033,2.0522500138575803e-06
0.2358,89.99945868531412,90.0,0.018087383054370878,-0.010138393296765542,-2.1243856143118263e-05,1.2292293980053415e-06,12.000000000005041,2.4465292063255424e-05,-0.000206069151300089,-4.201284976484775e-10,-4.201284976484775e-10,0.021101946896766022,2.0387743386037623e-06
0.23600000000000002,89.99946229117482,90.0,0.017971233033579698,-0.010076911899966269,-2.1115907338822576e-05,1.2210411295472267e-06,12.000000000004977,2.430460009309646e-05,-0.00020482802533249413,-4.14855270296903e-10,-4.14855270296903e-10,0.020966438539176308,2.0253833410905315e-06
0.23620000000000002,89.99946587387595,90.0,0.017855787364033787,-0.010015767225968732,-2.0988650016632604e-05,1.2129054523434201e-06,12.000000000004917,2.4144918316083117e-05,-0.00020359360686327926,-4.096459172823835e-10,-4.096459172823835e-10,0.020831751924706085,2.0120765263394353e-06
0.2364,89.99946943355799,90.0,0.01774104218820393,-0.009954957811907778,-2.0862081280846546e-05,1.2048220473627943e-06,12.000000000004853,2.398624082238835e-05,-0.00020236586780362614,-4.0449970328061817e-10,-4.0449970328061817e-10,0.020697882552904587,1.9988534018648874e-06
0.2366,89.9994729703607,90.0,0.017626993665318547,-0.009894482196644783,-2.073619823752153e-05,1.1967905973365057e-06,12.000000000004793,2.3828561732438325e-05,-0.00020114478008177855,-3.9941590077787304e-10,-3.9941590077787304e-10,0.02056482594287164,1.9857134777024008e-06
0.2368,89.99947648442297,90.0,0.017513637971344285,-0.009834338920740537,-2.061099799441289e-05,1.1888107867579944e-06,12.000000000004732,2.367187519690213e-05,-0.0001999303156424531,-3.943937899969611e-10,-3.943937899969611e-10,0.020432577633235003,1.972656266407733e-06
0.23700000000000002,89.99947997588302,90.0,0.01740097129896627,-0.00977452652713822,-2.048647766257353e-05,1.1808823018252048e-06,12.000000000004672,2.3516175395978343e-05,-0.0001987224464623535,-3.894326588437334e-10,-3.894326588437334e-10,0.020301133182127316,1.9596812829974323e-06
0.23720000000000002,89.99948344487825,90.0,0.017288989857560954,-0.009715043560770218,-2.0362634355438403e-05,1.173004830469474e-06,12.000000000004615,2.336145653973225e-05,-0.00019752114454128964,-3.845318028231446e-10,-3.845318028231446e-10,0.02017048816715445,1.946788044976939e-06
0.2374,89.99948689154536,90.0,0.01717768987317333,-0.00965588856852631,-2.023946518875327e-05,1.165178062355534e-06,12.000000000004556,2.3207712868083923e-05,-0.00019632638190148676,-3.7969052496648023e-10,-3.7969052496648023e-10,0.020040638185368886,1.9339760723395925e-06
0.2376,89.99949031602024,90.0,0.017067067588494567,-0.009597060099932987,-2.011696728216581e-05,1.1574016888237306e-06,12.000000000004498,2.3054938650093327e-05,-0.00019513813060301937,-3.749081357787354e-10,-3.749081357787354e-10,0.019911578853243662,1.921244887507057e-06
0.2378,89.99949371843806,90.0,0.01695711926283173,-0.009538556706400608,-1.9995137757469797e-05,1.1496754029478027e-06,12.000000000004441,2.2903128184647532e-05,-0.00019395636272677934,-3.7018395314648134e-10,-3.7018395314648134e-10,0.019783305806637015,1.908594015386588e-06
0.23800000000000002,89.99949709893325,90.0,0.016847841172086233,-0.009480376941903897,-1.987397374019884e-05,1.1419988994771038e-06,12.000000000004388,2.275227579974623e-05,-0.00019278105038993585,-3.655173022862493e-10,-3.655173022862493e-10,0.01965581470076727,1.8960229833114925e-06
0.23820000000000002,89.99950045763947,90.0,0.01673922960872443,-0.00942251936258557,-1.9753472358703766e-05,1.1343718748654912e-06,12.00000000000433,2.2602375852837885e-05,-0.0001916121657369854,-3.609075156635039e-10,-3.609075156635039e-10,0.0195291012101785,1.883531321069144e-06
0.2384,89.99950379468967,90.0,0.01663128088175301,-0.009364982527077275,-1.963363074490627e-05,1.1267940272424365e-06,12.000000000004277,2.245342273045522e-05,-0.0001904496809470626,-3.56353932931933e-10,-3.56353932931933e-10,0.019403161028711844,1.8711185608706014e-06
0.2386,89.99950711021604,90.0,0.01652399131669021,-0.009307764996814669,-1.9514446035039405e-05,1.1192650563841346e-06,12.000000000004222,2.2305410847848514e-05,-0.00018929356824112298,-3.518559008726677e-10,-3.518559008726677e-10,0.01927798986947191,1.8587842373200554e-06
0.2388,89.99951040435008,90.0,0.016417357255533886,-0.009250865335282268,-1.9395915367886527e-05,1.111784663771285e-06,12.000000000004169,2.2158334649671957e-05,-0.0001881437998648605,-3.4741277330541965e-10,-3.4741277330541965e-10,0.019153583464789535,1.8465278874720215e-06
0.23900000000000002,89.99951367722248,90.0,0.01631137505673801,-0.009194282109046478,-1.9278035887199534e-05,1.104352552502421e-06,12.000000000004118,2.2012188608916603e-05,-0.00018700034811216482,-3.4302391104805176e-10,-3.4302391104805176e-10,0.01902993756619434,1.8343490507424208e-06
0.23920000000000002,89.99951692896326,90.0,0.016206041095177322,-0.009138013886640421,-1.9160804739096574e-05,1.09696842738058e-06,12.000000000004064,2.186696722794649e-05,-0.0001858631852998786,-3.3868868181940124e-10,-3.3868868181940124e-10,0.018907047944373544,1.8222472689949235e-06
0.2394,89.99952015970173,90.0,0.016101351762124943,-0.009082059239953724,-1.9044219075314187e-05,1.0896319947977436e-06,12.000000000004013,2.17226650370806e-05,-0.00018473228379934398,-3.3440646020889323e-10,-3.3440646020889323e-10,0.018784910389145766,1.810222086422778e-06
0.2396,89.99952336956645,90.0,0.01599730346521373,-0.009026416743468074,-1.8928276051425444e-05,1.0823429627926178e-06,12.000000000003961,2.15792765952757e-05,-0.0001836076160191181,-3.3017662758953456e-10,-3.3017662758953456e-10,0.01866352070941602,1.7982730496057147e-06
0.2398,89.99952655868523,90.0,0.0158938926284068,-0.008971084973860757,-1.881297282591702e-05,1.075101041079522e-06,12.000000000003912,2.1436796490462387e-05,-0.0001824891543960205,-3.2599857204189886e-10,-3.2599857204189886e-10,0.018542874733141264,1.78639970753795e-06
0.24000000000000002,89.99952972718526,90.0,0.015791115691972286,-0.008916062511390495,-1.869830656343256e-05,1.0679059409328307e-06,12.000000000003862,2.129521933812559e-05,-0.00018137687142659453,-3.2187168832425763e-10,-3.2187168832425763e-10,0.018422968307301,1.7746016115098947e-06
0.24020000000000002,89.99953287519294,90.0,0.015688969112442313,-0.00886134793912962,-1.8584274432983164e-05,1.060757375244752e-06,12.000000000003814,2.1154539781986118e-05,-0.00018027073964974852,-3.1779537778728796e-10,-3.1779537778728796e-10,0.018303797297849363,1.7628783151649496e-06
0.2404,89.99953600283399,90.0,0.015587449362580824,-0.008806939842563921,-1.8470873607016264e-05,1.0536550585542185e-06,12.000000000003766,2.101475249433532e-05,-0.0001791707316377239,-3.137690482995467e-10,-3.137690482995467e-10,0.01818535758967763,1.7512293745273937e-06
0.2406,89.99953911023344,90.0,0.01548655293135589,-0.008752836810619738,-1.8358101263820594e-05,1.0465987069602171e-06,12.000000000003716,2.0875852174965822e-05,-0.00017807682001942378,-3.0979211420936116e-10,-3.0979211420936116e-10,0.018067645086581874,1.7396543479132797e-06
0.24080000000000001,89.99954219751558,90.0,0.015386276323900359,-0.008699037434898508,-1.8245954585741994e-05,1.0395880381795689e-06,12.00000000000367,2.0737833551854013e-05,-0.00017698897746310578,-3.058639962618005e-10,-3.058639962618005e-10,0.017950655711217085,1.7281527959873058e-06
0.24100000000000002,89.99954526480404,90.0,0.015286616061481214,-0.008645540310344521,-1.8134430760748715e-05,1.0326227714891492e-06,12.000000000003624,2.0600691380440772e-05,-0.00017590717669156605,-3.019841215522102e-10,-3.019841215522102e-10,0.017834385405061416,1.7167242817028793e-06
0.2412,89.99954831222175,90.0,0.015187568681461242,-0.008592344034836115,-1.8023526981480893e-05,1.025702627754778e-06,12.000000000003578,2.0464420443962915e-05,-0.00017483139047291875,-2.9815192345328293e-10,-2.9815192345328293e-10,0.01771883012837145,1.7053683703297345e-06
0.2414,89.99955133989093,90.0,0.015089130737265487,-0.008539447209138858,-1.791324044514564e-05,1.0188273294312194e-06,12.000000000003531,2.032901555343552e-05,-0.00017376159161957853,-2.9436684155192367e-10,-2.9436684155192367e-10,0.017603985860143067,1.6940846294524615e-06
0.2416,89.99955434793311,90.0,0.014991298798348143,-0.00848684843756983,-1.780356835507455e-05,1.0119966005044021e-06,12.000000000003489,2.0194471546931466e-05,-0.00017269775300336867,-2.906283216037094e-10,-2.906283216037094e-10,0.017489848598072833,1.6828726289104662e-06
0.24180000000000001,89.99955733646918,90.0,0.014894069450151884,-0.008434546327940877,-1.7694507920596577e-05,1.0052101664914188e-06,12.000000000003443,2.0060783289559978e-05,-0.0001716398475542878,-2.869358154698909e-10,-2.869358154698909e-10,0.01737641435851053,1.6717319407961852e-06
0.24200000000000002,89.9995603056193,90.0,0.014797439294067814,-0.008382539490436849,-1.758605635442093e-05,9.984677545271973e-07,12.0000000000034,1.992794567450034e-05,-0.00017058784823512367,-2.832887810298742e-10,-2.832887810298742e-10,0.01726367917641245,1.6606621395412246e-06
0.2422,89.99956325550298,90.0,0.014701404947408457,-0.008330826539354259,-1.747821087670549e-05,9.917690932200496e-07,12.000000000003357,1.9795953621229823e-05,-0.00016954172808091746,-2.7968668216267177e-10,-2.7968668216267177e-10,0.017151639105309868,1.6496628017686904e-06
0.2424,89.99956618623904,90.0,0.014605963043360391,-0.008279406091614046,-1.7370968711586314e-05,9.851139127672318e-07,12.000000000003315,1.966480207690508e-05,-0.00016850146016529936,-2.7612898865160017e-10,-2.7612898865160017e-10,0.01704029021725379,1.638733506408304e-06
0.2426,89.99956909794562,90.0,0.014511110230954421,-0.00822827676814103,-1.7264327090406626e-05,9.785019448393854e-07,12.000000000003272,1.953448601494021e-05,-0.00016746701763181032,-2.72615176157621e-10,-2.72615176157621e-10,0.016929628602780158,1.627873834577907e-06
0.24280000000000002,89.99957199074024,90.0,0.014416843175019586,-0.008177437192733866,-1.7158283249081217e-05,9.719329226672057e-07,12.00000000000323,1.9405000436037255e-05,-0.00016643837366833633,-2.691447261338774e-10,-2.691447261338774e-10,0.016819650370856185,1.617083369669336e-06
0.24300000000000002,89.99957486473967,90.0,0.014323158556150337,-0.008126885992729777,-1.7052834429654935e-05,9.654065809836626e-07,12.000000000003189,1.927634036746585e-05,-0.000165415501522226,-2.657171257830539e-10,-2.657171257830539e-10,0.016710351648842058,1.606361697288394e-06
0.2432,89.9995777200601,90.0,0.014230053070665957,-0.008076621799303147,-1.6947977881006258e-05,9.589226559951112e-07,12.000000000003148,1.91485008626903e-05,-0.0001643983745071154,-2.623318680061297e-10,-2.623318680061297e-10,0.016601728582443617,1.5957084052237729e-06
0.2434,89.99958055681704,90.0,0.01413752343056656,-0.008026643247048819,-1.6843710857879103e-05,9.524808854101809e-07,12.000000000003109,1.9021477001698038e-05,-0.00016338696599353628,-2.589884513352054e-10,-2.589884513352054e-10,0.016493777335660986,1.585123083474426e-06
0.2436,89.99958337512531,90.0,0.014045566363494067,-0.007976948973572331,-1.6740030619930157e-05,9.460810084686657e-07,12.00000000000307,1.8895263891330684e-05,-0.00016238124939967527,-2.5568637986750513e-10,-2.5568637986750513e-10,0.016386494090743078,1.5746053242771542e-06
0.24380000000000002,89.9995861750991,90.0,0.013954178612697564,-0.007927537620152109,-1.663693443328169e-05,9.397227658837444e-07,12.00000000000303,1.876985666456268e-05,-0.00016138119820643615,-2.524251632241185e-10,-2.524251632241185e-10,0.016279875048147156,1.5641547220464952e-06
0.24400000000000002,89.99958895685194,90.0,0.013863356936991396,-0.007878407832036197,-1.653441957122097e-05,9.334058998130904e-07,12.000000000002991,1.8645250480127737e-05,-0.00016038678596422458,-2.492043165004048e-10,-2.492043165004048e-10,0.01617391642648996,1.5537708733435908e-06
0.2442,89.99959172049674,90.0,0.01377309811070954,-0.007829558258023304,-1.643248331322698e-05,9.271301538877619e-07,12.000000000002952,1.8521440522846382e-05,-0.00015939798628350686,-2.460233602008941e-10,-2.460233602008941e-10,0.016068614462494465,1.5434533769034853e-06
0.2444,89.99959446614574,90.0,0.013683398923665012,-0.007780987550406109,-1.633112294484345e-05,9.208952732122019e-07,12.000000000002913,1.839842200360464e-05,-0.00015841477283357847,-2.428818201830528e-10,-2.428818201830528e-10,0.015963965410942513,1.5332018336333479e-06
0.2446,89.99959719391056,90.0,0.013594256181109793,-0.0077326943652705855,-1.6230335758384022e-05,9.147010043353483e-07,12.000000000002878,1.827619015898143e-05,-0.0001574371193494041,-2.3977922760927283e-10,-2.3977922760927283e-10,0.015859965544628093,1.5230158465814205e-06
0.24480000000000002,89.99959990390217,90.0,0.013505666703691542,-0.007684677362080294,-1.6130119051966307e-05,9.085470952795236e-07,12.00000000000284,1.8154740251577327e-05,-0.00015646499962224813,-2.3671511888369894e-10,-2.3671511888369894e-10,0.0157566111543068,1.512895020964419e-06
0.24500000000000002,89.99960259623089,90.0,0.013417627327414748,-0.007636935204332667,-1.6030470131051436e-05,9.02433295482655e-07,12.000000000002803,1.8034067569291048e-05,-0.0001554983875146083,-2.3368903561279953e-10,-2.3368903561279953e-10,0.015653898548650538,1.5028389641072362e-06
0.2452,89.99960527100644,90.0,0.013330134903594524,-0.007589466559139241,-1.593138630746901e-05,8.963593558271651e-07,12.000000000002768,1.7914167425646753e-05,-0.0001545372569507576,-2.3070052454295216e-10,-2.3070052454295216e-10,0.015551824054193612,1.4928472854702185e-06
0.2454,89.99960792833788,90.0,0.01324318629881545,-0.0075422700971681834,-1.5832864899288297e-05,8.903250286399709e-07,12.000000000002732,1.779503515977234e-05,-0.00015358158191549498,-2.2774913750658888e-10,-2.2774913750658888e-10,0.015450384015284691,1.4829195966473574e-06
0.2456,89.99961056833368,90.0,0.013156778394890423,-0.00749534449365264,-1.5734903233181227e-05,8.843300676058145e-07,12.000000000002698,1.7676666135323214e-05,-0.00015263133647706658,-2.2483443139105658e-10,-2.2483443139105658e-10,0.015349574794038827,1.4730555112766033e-06
0.24580000000000002,89.99961319110166,90.0,0.013070908088808711,-0.007448688426897138,-1.563749864093761e-05,8.78374227882823e-07,12.000000000002665,1.7559055741861162e-05,-0.00015168649475336306,-2.2195596805510344e-10,-2.2195596805510344e-10,0.01524939277027683,1.463254645154772e-06
0.24600000000000002,89.99961579674904,90.0,0.012985572292700674,-0.007402300579294123,-1.5540648461846472e-05,8.724572660158381e-07,12.000000000002629,1.7442199393781176e-05,-0.00015074703093501872,-2.1911331429904329e-10,-2.1911331429904329e-10,0.01514983434148412,1.4535166161481129e-06
0.2462,89.9996183853824,90.0,0.012900767933790957,-0.007356179637258625,-1.5444350042549654e-05,8.665789399364172e-07,12.000000000002597,1.7326092530286814e-05,-0.00014981291928399136,-2.1630604181218854e-10,-2.1630604181218854e-10,0.015050895922756114,1.4438410441902553e-06
0.2464,89.99962095710774,90.0,0.012816491954352261,-0.007310324290808413,-1.5348600736066563e-05,8.607390089917221e-07,12.000000000002562,1.7210730615717495e-05,-0.00014888413412410248,-2.1353372711364446e-10,-2.1353372711364446e-10,0.014952573946744303,1.4342275513094851e-06
0.2466,89.99962351203042,90.0,0.012732741311664304,-0.007264733234217251,-1.525339790332698e-05,8.549372338867399e-07,12.00000000000253,1.7096109138823772e-05,-0.00014796064985590546,-2.1079595151560968e-10,-2.1079595151560968e-10,0.014854864863608356,1.4246757615683474e-06
0.24680000000000002,89.9996260502552,90.0,0.012649512977964976,-0.007219405165236171,-1.5158738911357114e-05,8.491733767420624e-07,12.000000000002498,1.698222361344482e-05,-0.00014704244093909018,-2.0809230105782187e-10,-2.0809230105782187e-10,0.01475776514095914,1.4151853011201071e-06
0.24700000000000003,89.99962857188625,90.0,0.01256680394041055,-0.0071743387861036905,-1.50646211356468e-05,8.434472010072172e-07,12.000000000002466,1.6869069577432788e-05,-0.00014612948191544515,-2.0542236647877866e-10,-2.0542236647877866e-10,0.014661271263812309,1.40575579811911e-06
0.2472,89.99963107702713,90.0,0.012484611201024055,-0.00712953280276323,-1.49710419583269e-05,8.377584715184464e-07,12.000000000002434,1.6756642593328836e-05,-0.00014522174739117806,-2.0278574315101346e-10,-2.0278574315101346e-10,0.014565379734528063,1.3963868827771198e-06
0.2474,89.99963356578081,90.0,0.01240293177665318,-0.007084985925159577,-1.4877998768868146e-05,8.321069544698174e-07,12.000000000002402,1.6644938247989425e-05,-0.00014431921204369455,-2.0018203103877553e-10,-2.0018203103877553e-10,0.014470087072762042,1.3870781873321745e-06
0.24760000000000001,89.99963603824963,90.0,0.012321762698924271,-0.007040696867174648,-1.478548896393721e-05,8.264924174132228e-07,12.000000000002371,1.6533952152562143e-05,-0.00014342185062020223,-1.9761083464882251e-10,-1.9761083464882251e-10,0.014375389815411648,1.377829346046573e-06
0.24780000000000002,89.99963849453538,90.0,0.012241101014197238,-0.006996664346564575,-1.4693509947255731e-05,8.209146292583803e-07,12.000000000002341,1.6423679942461975e-05,-0.0001425296379363431,-1.950717629817524e-10,-1.950717629817524e-10,0.014281284516563443,1.3686399952048975e-06
0.248,89.99964093473923,90.0,0.012160943783521169,-0.006952887085963473,-1.4602059131953032e-05,8.153733601861629e-07,12.000000000002311,1.6314117276293352e-05,-0.0001416425488990153,-1.925644295042672e-10,-1.925644295042672e-10,0.014187767747441363,1.3595097730241841e-06
0.2482,89.9996433589618,90.0,0.01208128808257843,-0.006909363811029108,-1.4511133936238536e-05,8.098683817930488e-07,12.00000000000228,1.62052598375785e-05,-0.00014076055846439498,-1.900884520664789e-10,-1.900884520664789e-10,0.0140948360963415,1.3504383197979518e-06
0.2484,89.9996457673031,90.0,0.012002131001650169,-0.006866093252171017,-1.4420731787446575e-05,8.043994669466717e-07,12.000000000002252,1.6097103332981578e-05,-0.00013988364167717137,-1.8764345288923111e-10,-1.8764345288923111e-10,0.014002486168591862,1.341425277748213e-06
0.24860000000000002,89.99964815986256,90.0,0.011923469645561721,-0.006823074143763798,-1.433085012020456e-05,7.989663898436001e-07,12.000000000002224,1.5989643492983026e-05,-0.00013901177365277794,-1.852290585028965e-10,-1.852290585028965e-10,0.013910714586488673,1.3324702910816718e-06
0.24880000000000002,89.99965053673904,90.0,0.011845301133637295,-0.006780305224083788,-1.4241486376291138e-05,7.935689260093378e-07,12.000000000002196,1.5882876071855832e-05,-0.00013814492957601635,-1.8284489970089312e-10,-1.8284489970089312e-10,0.013819517989243512,1.323573005987744e-06
0.249,89.9996528980308,90.0,0.011767622599655267,-0.006737785235601956,-1.4152638005326981e-05,7.882068522694346e-07,12.000000000002167,1.5776796847290395e-05,-0.00013728308470775734,-1.8049061150027127e-10,-1.8049061150027127e-10,0.013728893032931145,1.3147330706072955e-06
0.2492,89.99965524383559,90.0,0.011690431191800065,-0.006695512925271974,-1.406430246545481e-05,7.828799467205951e-07,12.000000000002139,1.567140162001772e-05,-0.00013642621439153698,-1.7816583310233634e-10,-1.7816583310233634e-10,0.013638836390433407,1.3059501350012438e-06
0.2494,89.99965757425052,90.0,0.011613724072610928,-0.006653487043748109,-1.3976477221517894e-05,7.775879887884592e-07,12.00000000000211,1.5566686214485605e-05,-0.00013557429403588788,-1.758702078338919e-10,-1.758702078338919e-10,0.013549344751379415,1.2972238512069056e-06
0.24960000000000002,89.99965988937218,90.0,0.011537498418939479,-0.006611706346036565,-1.3889159746588569e-05,7.723307591698226e-07,12.000000000002082,1.5462646478133205e-05,-0.00013472729912916603,-1.7360338311563638e-10,-1.7360338311563638e-10,0.013460414822096058,1.2885538731775435e-06
0.24980000000000002,89.99966218929657,90.0,0.01146175142189978,-0.006570169591425721,-1.3802347521811913e-05,7.671080398326359e-07,12.000000000002057,1.5359278281364782e-05,-0.00013388520523803445,-1.713650104173547e-10,-1.713650104173547e-10,0.013372043325549742,1.2799398567801791e-06
0.25,89.99966447411916,90.0,0.011386480286819396,-0.006528875543417808,-1.371603803625269e-05,7.619196140160058e-07,12.000000000002029,1.5256577517523988e-05,-0.00013304798800597848,-1.6915474521362242e-10,-1.6915474521362242e-10,0.013284227001289294,1.2713814597934507e-06
0.25020000000000003,89.99966674393484,90.0,0.011311682233191124,-0.006487822969661516,-1.3630228786744336e-05,7.567652662301938e-07,12.000000000002004,1.515454010286849e-05,-0.000132215623151841,-1.6697224693999896e-10,-1.6697224693999896e-10,0.013196962605389644,1.2628783419054968e-06
0.2504,89.99966899883793,90.0,0.011237354494625418,-0.006447010641885558,-1.3544917277740128e-05,7.516447822566174e-07,12.000000000001979,1.5053161976544973e-05,-0.00013138808646837868,-1.6481717894970622e-10,-1.6481717894970622e-10,0.01311024691039632,1.2544301647118742e-06
0.2506,89.99967123892223,90.0,0.01116349431880368,-0.006406437336188731,-1.3460101021997626e-05,7.465579491189592e-07,12.000000000001952,1.4952439100213016e-05,-0.00013056535382890115,-1.6268920847700757e-10,-1.6268920847700757e-10,0.013024076705270959,1.2460365916842153e-06
0.2508,89.99967346428099,90.0,0.011090098967428259,-0.006366101832970098,-1.3375777540422267e-05,7.415045550831679e-07,12.000000000001927,1.4852367458018824e-05,-0.00012974740118575393,-1.6058800659445793e-10,-1.6058800659445793e-10,0.012938448795332968,1.2376972881680367e-06
0.251,89.9996756750069,90.0,0.011017165716173255,-0.006326002916860296,-1.3291944361913442e-05,7.364843896574569e-07,12.0000000000019,1.475294305656935e-05,-0.0001289342045688253,-1.585132481706368e-10,-1.585132481706368e-10,0.012853360002202129,1.2294119213805844e-06
0.25120000000000003,89.99967787119209,90.0,0.010944691854635731,-0.00628613937665342,-1.3208599023211889e-05,7.314972435923061e-07,12.000000000001878,1.465416192490668e-05,-0.00012812574008406595,-1.5646461182834293e-10,-1.5646461182834293e-10,0.012768807163741689,1.221180160408699e-06
0.2514,89.99968005292818,90.0,0.010872674686288431,-0.006246510005596266,-1.3125739069582332e-05,7.265429088515704e-07,12.000000000001855,1.4556020114131593e-05,-0.00012732198392011081,-1.5444177990933214e-10,-1.5444177990933214e-10,0.012684787134003169,1.2130016761774454e-06
0.2516,89.99968222030625,90.0,0.010801111528428426,-0.006207113600961374,-1.3043362053822285e-05,7.216211786413704e-07,12.00000000000183,1.4458513697728143e-05,-0.00012652291233866415,-1.524444384270628e-10,-1.524444384270628e-10,0.012601296783166497,1.2048761414771615e-06
0.2518,89.99968437341684,90.0,0.010729999712131318,-0.006167948964338336,-1.296146553694932e-05,7.167318473812027e-07,12.000000000001805,1.436163877118803e-05,-0.00012572850168116625,-1.5047227703227877e-10,-1.5047227703227877e-10,0.012518332997486538,1.196803230932156e-06
0.252,89.99968651234992,90.0,0.01065933658220157,-0.00612901490191973,-1.2880047088876286e-05,7.11874710675049e-07,12.000000000001783,1.426539145163293e-05,-0.00012493872837534317,-1.4852498897860368e-10,-1.4852498897860368e-10,0.012435892679235167,1.1887826209692342e-06
0.25220000000000004,89.99968863719498,90.0,0.01058911949711974,-0.006090310223716892,-1.2799104286585063e-05,7.070495653691573e-07,12.000000000001759,1.416976787848987e-05,-0.0001241535689174918,-1.46602271070558e-10,-1.46602271070558e-10,0.012353972746639698,1.1808139898739828e-06
0.2524,89.99969074804098,90.0,0.010519345828998994,-0.006051833744565013,-1.2718634716482258e-05,7.022562094653708e-07,12.000000000001737,1.4074764212413706e-05,-0.00012337299989533055,-1.447038236420556e-10,-1.447038236420556e-10,0.012272570133832159,1.1728970177009724e-06
0.2526,89.99969284497632,90.0,0.010450012963529582,-0.006013584283690353,-1.2638635973394939e-05,6.974944421500188e-07,12.000000000001714,1.3980376635609483e-05,-0.0001225969979782578,-1.4282935051090447e-10,-1.4282935051090447e-10,0.012191681790784514,1.1650313863006238e-06
0.2528,89.99969492808891,90.0,0.010381118299928648,-0.0059755606639296,-1.255910565875246e-05,6.927640638516961e-07,12.000000000001691,1.38866013525092e-05,-0.00012182553989971523,-1.4097855892844256e-10,-1.4097855892844256e-10,0.012111304683250088,1.1572167793756035e-06
0.253,89.99969699746615,90.0,0.010312659250898913,-0.005937761713093284,-1.24800413837795e-05,6.880648761257036e-07,12.00000000000167,1.3793434588343826e-05,-0.00012105860248816094,-1.3915115956471107e-10,-1.3915115956471107e-10,0.012031435792715397,1.1494528823618255e-06
0.25320000000000004,89.99969905319487,90.0,0.01024463324257168,-0.005900186262820364,-1.2401440766826051e-05,6.833966817407174e-07,12.000000000001648,1.3700872590168034e-05,-0.00012029616264116982,-1.373468664527144e-10,-1.373468664527144e-10,0.011952072116333628,1.141739382513846e-06
0.2534,89.99970109536144,90.0,0.010177037714462933,-0.005862833149938044,-1.232330143655237e-05,6.787592845632303e-07,12.000000000001627,1.3608911625430888e-05,-0.00011953819735632812,-1.3556539697378042e-10,-1.3556539697378042e-10,0.01187321066687342,1.1340759687857534e-06
0.2536,89.99970312405172,90.0,0.010109870119413856,-0.0058257012146023315,-1.2245621027590029e-05,6.741524897020001e-07,12.000000000001606,1.3517547983702377e-05,-0.00011878468368914491,-1.3380647179139253e-10,-1.3380647179139253e-10,0.011794848472649498,1.1264623319750473e-06
0.2538,89.99970513935101,90.0,0.010043127923552936,-0.005788789302021509,-1.2168397184576238e-05,6.695761033636011e-07,12.000000000001585,1.3426777974895697e-05,-0.00011803559879218575,-1.3206981484302794e-10,-1.3206981484302794e-10,0.011716982577478425,1.1188981645744936e-06
0.254,89.99970714134416,90.0,0.009976808606237803,-0.0057520962616643655,-1.2091627560310738e-05,6.650299329102031e-07,12.000000000001563,1.3336597929939792e-05,-0.00011729091989719411,-1.3035515329178743e-10,-1.3035515329178743e-10,0.011639610040610772,1.1113831608281712e-06
0.25420000000000004,89.99970913011546,90.0,0.00991090966000654,-0.005715620946836947,-1.2015309814772914e-05,6.605137868884618e-07,12.000000000001544,1.3247004201105342e-05,-0.00011655062430555738,-1.2866221748474752e-10,-1.2866221748474752e-10,0.011562727936674297,1.1039170167586364e-06
0.2544,89.99971110574879,90.0,0.009845428590533837,-0.005679362216042434,-1.1939441618306943e-05,6.56027474913959e-07,12.000000000001524,1.315799316057545e-05,-0.00011581468941920316,-1.2699074093932098e-10,-1.2699074093932098e-10,0.011486333355622812,1.0964994300478149e-06
0.2546,89.99971306832744,90.0,0.00978036291657138,-0.0056433189314767955,-1.1864020648112965e-05,6.515708077867627e-07,12.000000000001503,1.306956120182058e-05,-0.00011508309270656317,-1.2534046028525255e-10,-1.2534046028525255e-10,0.01141042340266661,1.0891301001515787e-06
0.2548,89.99971501793425,90.0,0.009715710169905398,-0.005607489960390628,-1.178904459143662e-05,6.471435973758663e-07,12.000000000001485,1.2981704738169971e-05,-0.0001143558117335122,-1.2371111525150208e-10,-1.2371111525150208e-10,0.011334995198222963,1.081808728180697e-06
0.255,89.99971695465156,90.0,0.009651467895299023,-0.005571874173587574,-1.1714511142066422e-05,6.427456567347498e-07,12.000000000001465,1.2894420204187617e-05,-0.00011363282412939212,-1.2210244860939607e-10,-1.2210244860939607e-10,0.011260045877848861,1.0745350170155036e-06
0.25520000000000004,89.99971887856123,90.0,0.009587633650451309,-0.005536470446788181,-1.1640418003527813e-05,6.383767999858184e-07,12.000000000001446,1.2807704054244448e-05,-0.00011291410761799467,-1.205142061600175e-10,-1.205142061600175e-10,0.011185572592193193,1.0673086711869088e-06
0.2554,89.9997207897446,90.0,0.009524205005941252,-0.005501277659841217,-1.1566762887246951e-05,6.340368423781842e-07,12.000000000001428,1.2721552763192067e-05,-0.00011219963999974997,-1.189461366889837e-10,-1.189461366889837e-10,0.011111572506931462,1.0601293969325461e-06
0.2556,89.99972268828257,90.0,0.009461179545180174,-0.0054662946973677105,-1.1493543514062851e-05,6.297256002298849e-07,12.000000000001409,1.2635962825634545e-05,-0.00011148939916639451,-1.1739799194322724e-10,-1.1739799194322724e-10,0.011038042802710205,1.0529969021360884e-06
0.2558,89.99972457425554,90.0,0.009398554864357311,-0.0054315204479744375,-1.1420757612396023e-05,6.254428909856645e-07,12.000000000001389,1.2550930756603016e-05,-0.0001107833630832066,-1.1586952658673131e-10,-1.1586952658673131e-10,0.01096498067508353,1.0459108963834636e-06
0.256,89.9997264477434,90.0,0.00933632857239384,-0.005396953804545013,-1.1348402918935262e-05,6.211885331880828e-07,12.000000000001371,1.24664530911799e-05,-0.00011008150979566833,-1.1436049817281692e-10,-1.1436049817281692e-10,0.010892383334459481,1.0388710909315396e-06
0.25620000000000004,89.99972830882561,90.0,0.009274498290894299,-0.0053625936648825905,-1.1276477180146769e-05,6.169623464197359e-07,12.000000000001354,1.2382526383770249e-05,-0.00010938381744410448,-1.1287066712158161e-10,-1.1287066712158161e-10,0.01082024800604335,1.0318771986474043e-06
0.2564,89.99973015758113,90.0,0.009213061654089891,-0.005328438930920162,-1.1204978150435667e-05,6.127641513610363e-07,12.000000000001336,1.22991472087751e-05,-0.00010869026424584864,-1.1139979667668404e-10,-1.1139979667668404e-10,0.010748571929771538,1.0249289340644775e-06
0.2566,89.99973199408845,90.0,0.009152016308791288,-0.005294488508654658,-1.113390359199835e-05,6.085937697902121e-07,12.000000000001318,1.2216312160566642e-05,-0.00010800082849381118,-1.0994765287333939e-10,-1.0994765287333939e-10,0.010677352360256503,1.0180260133804417e-06
0.25680000000000003,89.99973381842561,90.0,0.00909135991434221,-0.005260741309147951,-1.106325127716898e-05,6.044510244966381e-07,12.000000000001302,1.2134017852409139e-05,-0.00010731548857924055,-1.0851400452169773e-10,-1.0851400452169773e-10,0.010606586566732579,1.0111681543673186e-06
0.257,89.99973563067014,90.0,0.009031090142561215,-0.005227196247024493,-1.0993018984915107e-05,6.003357393963947e-07,12.000000000001286,1.2052260917834589e-05,-0.00010663422295773033,-1.0709862315474794e-10,-1.0709862315474794e-10,0.010536271832988085,1.0043550764861081e-06
0.25720000000000004,89.99973743089917,90.0,0.008971204677700887,-0.005193852242190674,-1.0923204504862816e-05,5.962477393878195e-07,12.000000000001268,1.1971038008863443e-05,-0.00010595701018826366,-1.057012830224251e-10,-1.057012830224251e-10,0.010466405457317703,9.975865007385148e-07
0.2574,89.99973921918931,90.0,0.008911701216387567,-0.005160708218329604,-1.0853805633785943e-05,5.921868504670655e-07,12.00000000000125,1.1890345797379212e-05,-0.00010528382889915819,-1.0432176104024727e-10,-1.0432176104024727e-10,0.010396984752452161,9.908621497814977e-07
0.2576,89.99974099561673,90.0,0.008852577467577791,-0.005127763103550825,-1.0784820177130924e-05,5.881528996703219e-07,12.000000000001236,1.1810180974402407e-05,-0.0001046146578028573,-1.0295983676889968e-10,-1.0295983676889968e-10,0.010328007045507421,9.841817478667659e-07
0.25780000000000003,89.99974276025715,90.0,0.008793831152507797,-0.005095015830319802,-1.0716245948858824e-05,5.841457150738149e-07,12.000000000001219,1.1730540250064026e-05,-0.00010394947569439778,-1.0161529238383846e-10,-1.0161529238383846e-10,0.010259469677925764,9.775450208385696e-07
0.258,89.99974451318582,90.0,0.008735460004643501,-0.0050624653357433606,-1.0648080772119432e-05,5.801651257649165e-07,12.000000000001204,1.1651420353227685e-05,-0.00010328826145794864,-1.0028791265004372e-10,-1.0028791265004372e-10,0.010191370005417418,9.709516961022096e-07
0.2582,89.99974625447754,90.0,0.008677461769627373,-0.005030110561140229,-1.0580322478254485e-05,5.762109618710349e-07,12.000000000001187,1.1572818031813263e-05,-0.00010263099405714228,-9.897748488727488e-11,-9.897748488727488e-11,0.010123705397898601,9.644015026510098e-07
0.2584,89.99974798420669,90.0,0.008619834205230294,-0.004997950452329099,-1.0512968907477649e-05,5.722830545307252e-07,12.000000000001172,1.1494730052420036e-05,-0.00010197765254167032,-9.768379894548931e-11,-9.768379894548931e-11,0.010056473239435343,9.578941710349093e-07
0.2586,89.99974970244719,90.0,0.008562575081299753,-0.004965983959556277,-1.0446017908712422e-05,5.683812358936883e-07,12.000000000001158,1.1417153200299454e-05,-0.00010132821604571134,-9.6406647175568e-11,-9.6406647175568e-11,0.009989670928183045,9.51429433358196e-07
0.25880000000000003,89.99975140927249,90.0,0.00850568217970939,-0.004934210037069994,-1.0379467338603783e-05,5.645053391496619e-07,12.00000000000114,1.1340084279680175e-05,-0.00010068266377834358,-9.514582439575085e-11,-9.514582439575085e-11,0.009923295876327622,9.450070233065914e-07
0.259,89.9997531047556,90.0,0.008449153294313042,-0.004902627643766755,-1.031331506303551e-05,5.606551984706397e-07,12.000000000001126,1.1263520113040781e-05,-0.00010004097503826334,-9.390112787263202e-11,-9.390112787263202e-11,0.009857345510031881,9.386266760866437e-07
0.2592,89.99975478896913,90.0,0.008392986230891413,-0.004871235742761612,-1.0247558956132802e-05,5.568306490397621e-07,12.000000000001112,1.1187457541433338e-05,-9.940312920411008e-05,-9.26723572880409e-11,-9.26723572880409e-11,0.009791817269373317,9.322881284526918e-07
0.2594,89.9997564619852,90.0,0.008337178807103917,-0.004840033301676205,-1.0182196900942196e-05,5.53031527022426e-07,12.000000000001098,1.1111893424106478e-05,-9.876910574106188e-05,-9.145931471574021e-11,-9.145931471574021e-11,0.009726708608287903,9.259911186754552e-07
0.2596,89.99975812387554,90.0,0.008281728852436936,-0.004809019292566505,-1.0117226789269694e-05,5.492576695662844e-07,12.000000000001084,1.1036824638478257e-05,-9.813888419926512e-05,-9.0261804593593e-11,-9.0261804593593e-11,0.00966201699450976,9.197353865397716e-07
0.25980000000000003,89.99975977471144,90.0,0.008226634208153087,-0.004778192691851986,-1.0052646521522065e-05,5.455089148012473e-07,12.00000000000107,1.0962248080109425e-05,-9.751244421229517e-05,-8.907963369607624e-11,-8.907963369607624e-11,0.009597739909511935,9.135206733423707e-07
0.26,89.99976141456371,90.0,0.008171892727241071,-0.004747552479890324,-9.98845400571937e-06,5.417851018683707e-07,12.000000000001055,1.08881606630287e-05,-9.688976548757768e-05,-8.79126111026522e-11,-8.79126111026522e-11,0.009533874848447916,9.073467219189785e-07
0.2602,89.9997630435028,90.0,0.008117502274370915,-0.0047170976416254515,-9.924647159016099e-06,5.380860708620773e-07,12.000000000001041,1.0814559319006061e-05,-9.627082782114383e-05,-8.676054818012406e-11,-8.676054818012406e-11,0.009470419320099403,9.012132765837603e-07
0.2604,89.99976466159868,90.0,0.008063460725841014,-0.0046868271665136026,-9.861223907535477e-06,5.344116628301564e-07,12.000000000001027,1.074144099752494e-05,-9.565561109602315e-05,-8.56232585558364e-11,-8.56232585558364e-11,0.009407370846814518,8.951200831270017e-07
0.2606,89.99976626892094,90.0,0.008009765969526728,-0.0046567400484515565,-9.798182186208684e-06,5.307617197737641e-07,12.000000000001014,1.0668802665755204e-05,-9.504409528068389e-05,-8.45005580912305e-11,-8.45005580912305e-11,0.00934472696444785,8.890668888128585e-07
0.26080000000000003,89.99976786553871,90.0,0.007956415904829489,-0.004626835284995023,-9.735519936954482e-06,5.271360847052024e-07,12.000000000001002,1.0596641309229516e-05,-9.443626041137506e-05,-8.339226484702078e-11,-8.339226484702078e-11,0.00928248522230107,8.830534424357193e-07
0.261,89.99976945152075,90.0,0.007903408442634745,-0.004597111878721017,-9.673235111869959e-06,5.235346015323603e-07,12.000000000000988,1.0524953930415006e-05,-9.38320866230772e-05,-8.229819907520971e-11,-8.229819907520971e-11,0.00922064318307387,8.770794942011784e-07
0.2612,89.99977102693533,90.0,0.007850741505254505,-0.004567568836437077,-9.611325671389604e-06,5.199571151164937e-07,12.000000000000973,1.0453737549386162e-05,-9.32315541316452e-05,-8.121818318446073e-11,-8.121818318446073e-11,0.009159198422796921,8.711447957821094e-07
0.2614,89.99977259185039,90.0,0.007798413026378878,-0.004538205168758346,-9.549789583303177e-06,5.164034713011146e-07,12.000000000000963,1.0382989204150958e-05,-9.263464322428127e-05,-8.015204171066758e-11,-8.015204171066758e-11,0.009098148530775358,8.652491003458438e-07
0.2616,89.99977414633338,90.0,0.007746420951032524,-0.004509019891112574,-9.488624825111167e-06,5.128735168253219e-07,12.000000000000949,1.0312705949573252e-05,-9.204133428238347e-05,-7.909960130504345e-11,-7.909960130504345e-11,0.009037491109537945,8.593921624643697e-07
0.26180000000000003,89.99977569045141,90.0,0.007694763235519458,-0.004480012023307773,-9.427829383021532e-06,5.093670993526913e-07,12.000000000000938,1.0242884857695347e-05,-9.145160777181381e-05,-7.806069070481104e-11,-7.806069070481104e-11,0.008977223774772702,8.535737381412121e-07
0.262,89.99977722427114,90.0,0.007643437847372859,-0.004451180589106875,-9.36740125096215e-06,5.058840675001647e-07,12.000000000000924,1.0173523018063167e-05,-9.086544423331892e-05,-7.703514070451116e-11,-7.703514070451116e-11,0.008917344155268335,8.47793584838532e-07
0.2622,89.99977874785881,90.0,0.007592442765309748,-0.004422524616519718,-9.307338431269578e-06,5.024242708091614e-07,12.000000000000913,1.0104617537350886e-05,-9.02828242892111e-05,-7.602278413618845e-11,-7.602278413618845e-11,0.008857849892861373,8.420514614458432e-07
0.2624,89.99978026128029,90.0,0.007541775979182408,-0.00439404313809048,-9.247638935367653e-06,4.989875597166867e-07,12.000000000000899,1.0036165538983817e-05,-8.970372864995079e-05,-7.502345584957701e-11,-7.502345584957701e-11,0.008798738642379475,8.363471282485887e-07
0.2626,89.99978176460105,90.0,0.007491435489926389,-0.004365735190469825,-9.18830078277428e-06,4.955737855842231e-07,12.000000000000888,9.968164163462656e-06,-8.912813810451242e-05,-7.403699268412379e-11,-7.403699268412379e-11,0.008740008071580789,8.306803469551599e-07
0.26280000000000003,89.99978325788616,90.0,0.007441419309513593,-0.00433759981505992,-9.129322002615768e-06,4.921828006399499e-07,12.000000000000878,9.900610567635698e-06,-8.855603353507359e-05,-7.306323345376555e-11,-7.306323345376555e-11,0.008681655861099192,8.250508806362478e-07
0.263,89.99978474120026,90.0,0.007391725460897568,-0.004309636056872257,-9.070700630964029e-06,4.888144580654129e-07,12.000000000000865,9.83350192572475e-06,-8.798739589118547e-05,-7.210201891128466e-11,-7.210201891128466e-11,0.008623679704380497,8.194584938103368e-07
0.2632,89.99978621460762,90.0,0.0073423519779724075,-0.004281842965180792,-9.012434712369105e-06,4.854686119377448e-07,12.000000000000853,9.766835428600445e-06,-8.742220620463859e-05,-7.115319173381809e-11,-7.115319173381809e-11,0.008566077307634475,8.139029523833125e-07
0.2634,89.99978767817214,90.0,0.007293296905523826,-0.004254219594164185,-8.954522301367264e-06,4.82145117171885e-07,12.000000000000842,9.70060828305336e-06,-8.686044560409164e-05,-7.021659650805816e-11,-7.021659650805816e-11,0.008508846389777797,8.083840235877233e-07
0.2636,89.99978913195729,90.0,0.007244558299172991,-0.00422676500176156,-8.896961459813592e-06,4.7884382960725e-07,12.000000000000831,9.634817712819207e-06,-8.630209528919711e-05,-6.929207969547581e-11,-6.929207969547581e-11,0.008451984682368489,8.029014760682117e-07
0.26380000000000003,89.99979057602617,90.0,0.007196134225333452,-0.004199478250322908,-8.839750258408374e-06,4.7556460594995315e-07,12.00000000000082,9.569460957853062e-06,-8.574713654540753e-05,-6.837948961824306e-11,-6.837948961824306e-11,0.008395489929555694,7.97455079821034e-07
0.264,89.9997920104415,90.0,0.007148022761160603,-0.004172358406183248,-8.782886775708425e-06,4.723073038016941e-07,12.00000000000081,9.50453527465437e-06,-8.519555073438508e-05,-6.747867643320953e-11,-6.747867643320953e-11,0.008339359888020703,7.92044606221144e-07
0.2642,89.9997934352656,90.0,0.00710022199450604,-0.004145404540309448,-8.726369099645454e-06,4.6907178160198013e-07,12.0000000000008,9.440037935539819e-06,-8.464731930873016e-05,-6.658949211800931e-11,-6.658949211800931e-11,0.008283592326923715,7.866698279615992e-07
0.2644,89.99979485056045,90.0,0.007052730023864468,-0.00411861572751555,-8.670195325698844e-06,4.6585789868590496e-07,12.000000000000789,9.37596622931856e-06,-8.410242379425688e-05,-6.571179044156153e-11,-6.571179044156153e-11,0.008228185027841879,7.813305191098286e-07
0.2646,89.99979625638758,90.0,0.00700554495832959,-0.0040919910471117135,-8.614363558418753e-06,4.626655152263694e-07,12.000000000000778,9.312317460565917e-06,-8.356084580476746e-05,-6.484542695061182e-11,-6.484542695061182e-11,0.008173135784717855,7.760264550471094e-07
0.26480000000000004,89.99979765280821,90.0,0.006958664917542782,-0.004065529582122021,-8.558871909604466e-06,4.59494492291861e-07,12.000000000000767,9.249088950299513e-06,-8.302256702438196e-05,-6.399025894088857e-11,-6.399025894088857e-11,0.008118442403799912,7.707574125249101e-07
0.265,89.99979903988316,90.0,0.006912088031650373,-0.004039230420645903,-8.503718501492984e-06,4.563446917308946e-07,12.000000000000757,9.18627803455058e-06,-8.24875692384681e-05,-6.314614545156348e-11,-6.314614545156348e-11,0.008064102703592101,7.655231695458333e-07
0.2652,89.99980041767286,90.0,0.006865812441245528,-0.004013092654000646,-8.4489014624244e-06,4.5321597631646167e-07,12.000000000000748,9.12388206609121e-06,-8.195583429159471e-05,-6.231294722538145e-11,-6.231294722538145e-11,0.008010114514786448,7.603235055075533e-07
0.2654,89.99980178623738,90.0,0.006819836297331484,-0.003987115378091141,-8.39441893004915e-06,4.5010820963047067e-07,12.000000000000739,9.061898413008801e-06,-8.142734411864256e-05,-6.14905267036836e-11,-6.14905267036836e-11,0.007956475680220064,7.551582010840202e-07
0.2656,89.99980314563643,90.0,0.0067741577612688295,-0.0039612976929809945,-8.340269050332513e-06,4.4702125609263744e-07,12.000000000000728,9.000324459029902e-06,-8.090208073514783e-05,-6.067874800224323e-11,-6.067874800224323e-11,0.007903184054813633,7.500270382524463e-07
0.26580000000000004,89.99980449592937,90.0,0.006728775004728098,-0.003935638702826351,-8.286449977406325e-06,4.439549809604844e-07,12.000000000000718,8.939157603495281e-06,-8.038002623586384e-05,-5.987747689128579e-11,-5.987747689128579e-11,0.007850237505516115,7.449298002912288e-07
0.266,89.99980583717513,90.0,0.006683686209642583,-0.003910137516165263,-8.232959874251914e-06,4.409092503004513e-07,12.000000000000709,8.87839526098359e-06,-7.986116280138542e-05,-5.908658077936812e-11,-5.908658077936812e-11,0.007797633911249681,7.398662717485888e-07
0.2662,89.99980716943237,90.0,0.0066388895681584155,-0.003884793245492733,-8.179796911713374e-06,4.3788393101678477e-07,12.0000000000007,8.818034861636658e-06,-7.934547268857771e-05,-5.830592869007307e-11,-5.830592869007307e-11,0.007745371162851485,7.348362384696787e-07
0.2664,89.99980849275931,90.0,0.006594383282589181,-0.0038596050075526047,-8.12695926918615e-06,4.348788908226486e-07,12.00000000000069,8.75807385078411e-06,-7.883293823725543e-05,-5.753539124634549e-11,-5.753539124634549e-11,0.007693447163020711,7.298394875653005e-07
0.2666,89.99980980721386,90.0,0.006550165565367057,-0.003834571922914075,-8.074445133633622e-06,4.318939982690136e-07,12.000000000000682,8.698509689269211e-06,-7.832354186064361e-05,-5.677484064772103e-11,-5.677484064772103e-11,0.007641859826261567,7.248758074390598e-07
0.26680000000000004,89.99981111285355,90.0,0.006506234638999254,-0.0038096931162661402,-8.022252700281387e-06,4.289291227157678e-07,12.000000000000671,8.639339853074432e-06,-7.781726605211223e-05,-5.6024150655105974e-11,-5.6024150655105974e-11,0.007590607078832462,7.199449877561624e-07
0.267,89.99981240973557,90.0,0.006462588736020586,-0.0037849677170619165,-7.970380174130044e-06,4.2598413427393614e-07,12.000000000000664,8.580561832593387e-06,-7.731409339985053e-05,-5.5283196579023416e-11,-5.5283196579023416e-11,0.007539686858690684,7.150468193827427e-07
0.2672,89.99981369791672,90.0,0.006419226098939052,-0.0037603948580215776,-7.918825766462668e-06,4.2305890392124094e-07,12.000000000000654,8.522173134008487e-06,-7.681400655298885e-05,-5.455185524678315e-11,-5.455185524678315e-11,0.007489097115428894,7.101810945006686e-07
0.2674,89.9998149774535,90.0,0.006376144980198329,-0.0037359736761457835,-7.867587697219167e-06,4.201533034154314e-07,12.000000000000647,8.464171278216532e-06,-7.631698824463037e-05,-5.383000499501285e-11,-5.383000499501285e-11,0.007438835810231383,7.053476065180063e-07
0.2676,89.99981624840203,90.0,0.0063333436421287945,-0.0037117033126473145,-7.81666419484309e-06,4.17267205294284e-07,12.000000000000636,8.40655380080297e-06,-7.582302129036507e-05,-5.311752565140409e-11,-5.311752565140409e-11,0.007388900915816927,7.00546150066877e-07
0.26780000000000004,89.99981751081812,90.0,0.006290820356899215,-0.0036875829132388734,-7.766053496961049e-06,4.1440048284671267e-07,12.000000000000629,8.349318251664941e-06,-7.533208859486027e-05,-5.2414298520089515e-11,-5.2414298520089515e-11,0.007339290416382418,6.95776520972042e-07
0.268,89.99981876475717,90.0,0.006248573406465281,-0.003663611626640149,-7.715753846899438e-06,4.11553010228328e-07,12.000000000000622,8.292462196390493e-06,-7.484417311807215e-05,-5.1720206350140564e-11,-5.1720206350140564e-11,0.007290002307542827,6.910385163658386e-07
0.2682,89.9998200102743,90.0,0.006206601082535029,-0.0036397886066611585,-7.66576349855969e-06,4.0872466228809835e-07,12.000000000000611,8.235983214130997e-06,-7.435925792253669e-05,-5.10351333387682e-11,-5.10351333387682e-11,0.007241034596290867,6.863319345108815e-07
0.2684,89.99982124742426,90.0,0.006164901686510662,-0.003616113010344655,-7.6160807120833965e-06,4.059153147127989e-07,12.000000000000604,8.17987889932842e-06,-7.387732613132043e-05,-5.035896509669681e-11,-5.035896509669681e-11,0.007192385300929105,6.816565749440007e-07
0.2686,89.99982247626147,90.0,0.006123473529451455,-0.003592583999335438,-7.566703757058589e-06,4.0312484391145226e-07,12.000000000000597,8.124146860289546e-06,-7.339836095912212e-05,-4.969158864470176e-11,-4.969158864470176e-11,0.007144052451026697,6.770122383574285e-07
0.26880000000000004,89.99982369684,90.0,0.006082314932020976,-0.003569200738740813,-7.51763090986286e-06,4.0035312710199814e-07,12.00000000000059,8.068784720212951e-06,-7.292234568650041e-05,-4.9032892386441036e-11,-4.9032892386441036e-11,0.007096034087357804,6.723987266843796e-07
0.269,89.9998249092136,90.0,0.006041424224447534,-0.0035459623981412133,-7.468860456031394e-06,3.976000422246238e-07,12.00000000000058,8.0137901161135e-06,-7.244926368284422e-05,-4.8382766101770796e-11,-4.8382766101770796e-11,0.007048328261855455,6.67815843009426e-07
0.2692,89.99982611343569,90.0,0.006000799746472822,-0.003522868150807931,-7.420390688435134e-06,3.9486546799954357e-07,12.000000000000572,7.959160699498497e-06,-7.19790983887006e-05,-4.774110092338784e-11,-4.774110092338784e-11,0.007000933037551626,6.632633916248431e-07
0.26940000000000003,89.99982730955935,90.0,0.005960439847309803,-0.0034999171743548543,-7.3722199088101685e-06,3.9214928386921925e-07,12.000000000000565,7.904894135642421e-06,-7.151183333061011e-05,-4.710778932701262e-11,-4.710778932701262e-11,0.006953846488528104,6.587411779701707e-07
0.2696,89.99982849763731,90.0,0.005920342885592869,-0.0034771086499583545,-7.324346425940711e-06,3.8945137005613984e-07,12.000000000000558,7.850988104263842e-06,-7.104745210348133e-05,-4.648272510855509e-11,-4.648272510855509e-11,0.0069070666998583465,6.542490086886231e-07
0.26980000000000004,89.99982967772203,90.0,0.00588050722933683,-0.003454441763010541,-7.276768557191893e-06,3.867716075050416e-07,12.00000000000055,7.79744029880077e-06,-7.058593838545929e-05,-4.586580337461859e-11,-4.586580337461859e-11,0.006860591767559636,6.497866915667009e-07
0.27,89.99983084986557,90.0,0.005840931255888974,-0.0034319157023418004,-7.229484626698694e-06,3.841098779406883e-07,12.000000000000544,7.744248427088545e-06,-7.01272759203577e-05,-4.5256920520184154e-11,-4.5256920520184154e-11,0.006814419798537136,6.453540355906828e-07
0.2702,89.99983201411973,90.0,0.0058016133518894964,-0.003409529661586622,-7.182492968564397e-06,3.8146606375231116e-07,12.000000000000536,7.69141020993282e-06,-6.967144854868464e-05,-4.465597422567818e-11,-4.465597422567818e-11,0.006768548910537745,6.409508508277063e-07
0.27040000000000003,89.99983317053598,90.0,0.005762551913216429,-0.0033872828376856233,-7.135791923366057e-06,3.788400481091685e-07,12.00000000000053,7.638923382486842e-06,-6.921844017374483e-05,-4.4062863428538545e-11,-4.4062863428538545e-11,0.006722977232085834,6.36576948540542e-07
0.2706,89.99983431916542,90.0,0.005723745344947808,-0.0033651744315432615,-7.089379839697259e-06,3.7623171490276623e-07,12.000000000000522,7.586785693528465e-06,-6.876823477660482e-05,-4.347748831436078e-11,-4.347748831436078e-11,0.0066777029024391085,6.322321411273446e-07
0.27080000000000004,89.99983546005886,90.0,0.005685192061316271,-0.0033432036479644537,-7.043255074026122e-06,3.7364094874685764e-07,12.000000000000515,7.534994905436269e-06,-6.832081641471548e-05,-4.289975030167547e-11,-4.289975030167547e-11,0.006632724071535649,6.279162421196621e-07
0.271,89.99983659326683,90.0,0.005646890485664497,-0.0033213696959476123,-6.99741599138642e-06,3.7106763494855344e-07,12.000000000000508,7.483548793814579e-06,-6.787616922861608e-05,-4.232955202996188e-11,-4.232955202996188e-11,0.006588038899941914,6.236290661511885e-07
0.2712,89.9998377188395,90.0,0.00560883905039695,-0.0032996717879067404,-6.951860963565523e-06,3.685116595661017e-07,12.000000000000501,7.432445148171236e-06,-6.743427742435693e-05,-4.176679733858949e-11,-4.176679733858949e-11,0.006543645558796443,6.193704290142439e-07
0.27140000000000003,89.99983883682673,90.0,0.005571036196940844,-0.0032781091403274567,-6.906588370643392e-06,3.659729093511082e-07,12.000000000000494,7.381681771193944e-06,-6.699512528842797e-05,-4.121139125836857e-11,-4.121139125836857e-11,0.006499542229764318,6.151401475994701e-07
0.2716,89.9998399472781,90.0,0.00553348037569944,-0.0032566809737017964,-6.861596600846491e-06,3.634512717485358e-07,12.000000000000487,7.331256478725729e-06,-6.655869718634163e-05,-4.06632399969076e-11,-4.06632399969076e-11,0.0064557271049826784,6.10938039893786e-07
0.2718,89.99984105024286,90.0,0.0054961700460064026,-0.0032353865124644804,-6.816884050405004e-06,3.609466348967053e-07,12.000000000000481,7.281167099740947e-06,-6.612497756124784e-05,-4.012225092417057e-11,-4.012225092417057e-11,0.0064121983870074695,6.067639249783879e-07
0.272,89.99984214576995,90.0,0.005459103676080238,-0.0032142249842187485,-6.772449121749142e-06,3.584588876850746e-07,12.000000000000476,7.2314114770244665e-06,-6.569395091643789e-05,-3.958833255234933e-11,-3.958833255234933e-11,0.0063689542887602766,6.026176230853483e-07
0.2722,89.99984323390801,90.0,0.005422279742988299,-0.0031931956211071937,-6.728290226718832e-06,3.559879196386794e-07,12.000000000000469,7.181987465746487e-06,-6.526560184647898e-05,-3.906139453381621e-11,-3.906139453381621e-11,0.0063259930334863485,5.984989554788506e-07
0.27240000000000003,89.99984431470537,90.0,0.005385696732594679,-0.003172297658673193,-6.684405783909007e-06,3.5353362100480275e-07,12.000000000000462,7.13289293448985e-06,-6.483991501146304e-05,-3.854134763818077e-11,-3.854134763818077e-11,0.0062833128546937915,5.944077445407979e-07
0.2726,89.99984538821008,90.0,0.00534935313952129,-0.0031515303365170977,-6.640794220208958e-06,3.5109588269519536e-07,12.000000000000457,7.084125764526457e-06,-6.441687515193875e-05,-3.8028103744509675e-11,-3.8028103744509675e-11,0.006240911996108172,5.903438137105156e-07
0.2728,89.99984645446986,90.0,0.0053132474671013724,-0.0031308928978760627,-6.597453969826362e-06,3.4867459631496545e-07,12.000000000000451,7.03568385014439e-06,-6.399646707944443e-05,-3.752157582476062e-11,-3.752157582476062e-11,0.006198788711618267,5.863069875120105e-07
0.273,89.99984751353216,90.0,0.005277378227337683,-0.003110384589565654,-6.554383474156452e-06,3.4626965416257866e-07,12.000000000000444,6.987565098625942e-06,-6.357867567523896e-05,-3.702167793042846e-11,-3.702167793042846e-11,0.0061569412652272976,5.822970915521403e-07
0.2732,89.99984856544411,90.0,0.005241743940861707,-0.003090004662633446,-6.51158118331557e-06,3.4388094917207864e-07,12.000000000000437,6.939767429523044e-06,-6.31634859051775e-05,-3.652832518498939e-11,-3.652832518498939e-11,0.006115367931005325,5.783139524602326e-07
0.27340000000000003,89.99984961025254,90.0,0.005206343136885142,-0.003069752371225465,-6.469045553497682e-06,3.4150837499975613e-07,12.000000000000433,6.8922887756864665e-06,-6.275088279406923e-05,-3.604143376216373e-11,-3.604143376216373e-11,0.006074066993032665,5.743573979738515e-07
0.2736,89.99985064800403,90.0,0.005171174353164273,-0.0030496269739575363,-6.426775050185207e-06,3.391518259085899e-07,12.000000000000426,6.845127081840833e-06,-6.2340851456823e-05,-3.556092088434171e-11,-3.556092088434171e-11,0.006033036745358318,5.704272568200492e-07
0.2738,89.99985167874482,90.0,0.005136236135948925,-0.003029627732778188,-6.384768145497618e-06,3.368111968549161e-07,12.000000000000421,6.798280305612479e-06,-6.193337707272822e-05,-3.508670480113208e-11,-3.508670480113208e-11,0.005992275491940412,5.6652335880102e-07
0.274,89.99985270252087,90.0,0.005101527039944325,-0.003009753912915405,-6.343023318072125e-06,3.3448638348842845e-07,12.000000000000416,6.751746417509416e-06,-6.152844488429752e-05,-3.4618704776872244e-11,-3.4618704776872244e-11,0.005951781546601714,5.626455347924319e-07
0.2742,89.99985371937787,90.0,0.005067045628273184,-0.0029900047842447673,-6.301539056267338e-06,3.321772820366187e-07,12.000000000000409,6.705523399495134e-06,-6.112604022834279e-05,-3.415684108913496e-11,-3.415684108913496e-11,0.005911553232985381,5.587936166245755e-07
0.27440000000000003,89.99985472936122,90.0,0.005032790472422853,-0.0029703796194393154,-6.26031385384511e-06,3.298837894492259e-07,12.000000000000405,6.659609246718662e-06,-6.072614849408838e-05,-3.3701035002402327e-11,-3.3701035002402327e-11,0.005871588884493328,5.549674372265364e-07
0.2746,89.99985573251602,90.0,0.00499876015221315,-0.0029508776957009797,-6.219346214022732e-06,3.2760580325378703e-07,12.000000000000398,6.614001965739822e-06,-6.0328755162478e-05,-3.325120876960439e-11,-3.325120876960439e-11,0.005831886844248675,5.511668304783002e-07
0.2748,89.99985672888711,90.0,0.004964953255744294,-0.002931498292911527,-6.178634645157202e-06,3.2534322170008645e-07,12.000000000000394,6.568699576259693e-06,-5.9933845764311495e-05,-3.280728560630282e-11,-3.280728560630282e-11,0.00579244546503501,5.473916313549564e-07
0.275,89.99985771851901,90.0,0.004931368379366418,-0.0029122406953663487,-6.1381776648026995e-06,3.230959436157066e-07,12.000000000000387,6.523700109346763e-06,-5.9541405919602914e-05,-3.236918969236341e-11,-3.236918969236341e-11,0.005753263109260821,5.436416757788794e-07
0.2752,89.99985870145602,90.0,0.004898004127629068,-0.0028931041909934082,-6.097973797891466e-06,3.2086386846380753e-07,12.000000000000384,6.479001608113517e-06,-5.915142131993486e-05,-3.193684615450382e-11,-3.193684615450382e-11,0.005714338148900578,5.399168006761092e-07
0.27540000000000003,89.99985967774208,90.0,0.004864859113239286,-0.002874088070584169,-6.058021574941536e-06,3.1864689640090686e-07,12.000000000000378,6.434602128397536e-06,-5.876387771107311e-05,-3.1510181049379307e-11,-3.1510181049379307e-11,0.0056756689654458336,5.362168440331111e-07
0.2756,89.99986064742095,90.0,0.004831931957029094,-0.0028551916295245484,-6.018319536107852e-06,3.164449281324302e-07,12.000000000000373,6.390499736986573e-06,-5.837876093226312e-05,-3.1089121365268156e-11,-3.1089121365268156e-11,0.005637253949867276,5.325416447488645e-07
0.2758,89.99986161053602,90.0,0.004799221287902724,-0.0028364141659448835,-5.978866226864345e-06,3.1425786505716064e-07,12.00000000000037,6.346692513348656e-06,-5.79960568743455e-05,-3.067359499734501e-11,-3.067359499734501e-11,0.0055990915025531775,5.288910427790384e-07
0.276,89.99986256713046,90.0,0.0047667257428051675,-0.0028177549820971068,-5.939660201227832e-06,3.120856091516793e-07,12.000000000000362,6.303178548209291e-06,-5.7615751511028364e-05,-3.026353074693834e-11,-3.026353074693834e-11,0.005561180033272694,5.25264879017425e-07
0.2762,89.9998635172472,90.0,0.004734443966675105,-0.002799213383933739,-5.90070002078017e-06,3.0992806299925507e-07,12.000000000000359,6.259955943878283e-06,-5.7237830889402e-05,-2.9858858307566774e-11,-2.9858858307566774e-11,0.005523517961120956,5.216629953231747e-07
0.27640000000000003,89.99986446092882,90.0,0.004702374612402273,-0.002780788680337835,-5.861984252873766e-06,3.0778512984762443e-07,12.000000000000353,6.2170228149304664e-06,-5.686228111253213e-05,-2.94595082487993e-11,-2.94595082487993e-11,0.00548610371446932,5.180852345775237e-07
0.2766,89.99986539821768,90.0,0.004670516340794133,-0.002762480184142248,-5.823511473019008e-06,3.056567135223219e-07,12.000000000000348,6.174377287133485e-06,-5.648908836261825e-05,-2.9065412013084702e-11,-2.9065412013084702e-11,0.005448935730926488,5.145314405944421e-07
0.2768,89.99986632915585,90.0,0.004638867820530417,-0.002744287211710897,-5.785280263911498e-06,3.035427184555697e-07,12.000000000000345,6.132017497775467e-06,-5.611823889155774e-05,-2.8676501902280496e-11,-2.8676501902280496e-11,0.005412012457285485,5.110014581479409e-07
0.277,89.99986725378517,90.0,0.004607427728122912,-0.0027262090828826142,-5.747289215306246e-06,3.0144304968627803e-07,12.00000000000034,6.0899415956438985e-06,-5.57497190197255e-05,-2.829271106697304e-11,-2.829271106697304e-11,0.00537533234947673,5.074951329703105e-07
0.2772,89.99986817214717,90.0,0.004576194747875345,-0.0027082451209151353,-5.709536923892178e-06,2.993576128600447e-07,12.000000000000334,6.048147741004524e-06,-5.5383515134756576e-05,-2.7913973495929877e-11,-2.7913973495929877e-11,0.005338893872521237,5.04012311750363e-07
0.27740000000000004,89.99986908428318,90.0,0.004545167571844485,-0.0026903946527860522,-5.672021994001006e-06,2.972863142002656e-07,12.00000000000033,6.006634105229345e-06,-5.5019613698422467e-05,-2.7540224008123243e-11,-2.7540224008123243e-11,0.005302695500485233,5.005528421024316e-07
0.2776,89.99986999023419,90.0,0.0045143448997973625,-0.0026726570087778198,-5.634743036642849e-06,2.9522906053702446e-07,12.000000000000327,5.965398871125695e-06,-5.465800123727632e-05,-2.7171398239902176e-11,-2.7171398239902176e-11,0.005266735716430257,4.971165725937944e-07
0.2778,89.999870890041,90.0,0.004483725439173553,-0.002655031522780355,-5.597698670218789e-06,2.931857592782029e-07,12.000000000000322,5.924440232564861e-06,-5.429866434956498e-05,-2.6807432637257456e-11,-2.6807432637257456e-11,0.005231013012369144,4.937033527137251e-07
0.278,89.9998717837441,90.0,0.004453307905043693,-0.0026375175318778523,-5.560887519560548e-06,2.9115631843837037e-07,12.000000000000316,5.8837563948118365e-06,-5.394158969591361e-05,-2.6448264443303302e-11,-2.6448264443303302e-11,0.0051955258892176425,4.903130329009734e-07
0.2782,89.99987267138377,90.0,0.0044230910200731,-0.0026201143770085205,-5.524308217477796e-06,2.8914064658100427e-07,12.000000000000313,5.843345573803068e-06,-5.358676401433489e-05,-2.6093831693132096e-11,-2.6093831693132096e-11,0.005160272856751949,4.869454644835763e-07
0.27840000000000004,89.999873553,90.0,0.004393073514477291,-0.0026028214018366655,-5.487959402127301e-06,2.871386529051599e-07,12.000000000000309,5.803205997177778e-06,-5.3234174094709276e-05,-2.57440731967679e-11,-2.57440731967679e-11,0.005125252433556838,4.836004997648024e-07
0.2786,89.99987442863254,90.0,0.004363254125991087,-0.002585637954485915,-5.451839721069131e-06,2.851502471010206e-07,12.000000000000306,5.763335902503899e-06,-5.288380681813091e-05,-2.539892854133388e-11,-2.539892854133388e-11,0.005090463146989601,4.802779918753127e-07
0.2788,89.99987529832089,90.0,0.0043336315998173235,-0.0025685633856912353,-5.415947826953337e-06,2.831753394943477e-07,12.000000000000302,5.72373353900894e-06,-5.253564911506765e-05,-2.5058338069459208e-11,-2.5058338069459208e-11,0.005055903533120211,4.769777949173996e-07
0.279,89.9998761621043,90.0,0.004304204688597026,-0.00255159704982311,-5.380282379918371e-06,2.8121384095981027e-07,12.000000000000297,5.684397166509616e-06,-5.218968798862618e-05,-2.4722242876963355e-11,-2.4722242876963355e-11,0.00502157213669653,4.736997638757896e-07
0.2792,89.99987702002177,90.0,0.004274972152367748,-0.002534738304474102,-5.344842046630192e-06,2.792656629498755e-07,12.000000000000291,5.645325055741512e-06,-5.184591050523114e-05,-2.439058480107553e-11,-2.439058480107553e-11,0.004987467511095706,4.7044375464511457e-07
0.27940000000000004,89.99987787211204,90.0,0.004245932758526609,-0.0025179865107625033,-5.309625500997184e-06,2.7733071746591854e-07,12.000000000000288,5.6065154879881025e-06,-5.1504303801559986e-05,-2.4063306413456973e-11,-2.4063306413456973e-11,0.0049535882182810435,4.6720962399899735e-07
0.2796,89.99987871841361,90.0,0.004217085281789959,-0.00250134103327603,-5.274631424043993e-06,2.7540891705822255e-07,12.000000000000284,5.5679667550595385e-06,-5.116485508331916e-05,-2.3740351010946116e-11,-2.3740351010946116e-11,0.004919932828754951,4.639972295882839e-07
0.2798,89.99987955896478,90.0,0.004188428504153585,-0.002484801240016251,-5.2398585037870295e-06,2.7350017482597883e-07,12.00000000000028,5.529677159271741e-06,-5.082755162403645e-05,-2.3421662606427757e-11,-2.3421662606427757e-11,0.0048864999215125155,4.60806429939301e-07
0.28,89.99988039380354,90.0,0.004159961214853661,-0.0024683665019887935,-5.205305434281737e-06,2.716044044461766e-07,12.000000000000277,5.491645013777438e-06,-5.049238075581932e-05,-2.310718591762005e-11,-2.310718591762005e-11,0.004853288083995938,4.576370844814426e-07
0.2802,89.99988122296767,90.0,0.004131682210332325,-0.0024520361935105556,-5.170970916345478e-06,2.697215201447129e-07,12.000000000000274,5.453868642196503e-06,-5.015932987636707e-05,-2.2796866360525195e-11,-2.2796866360525195e-11,0.004820295912054379,4.544890535163649e-07
0.28040000000000004,89.99988204649472,90.0,0.004103590294199668,-0.002435809692511899,-5.136853658269188e-06,2.678514366675031e-07,12.00000000000027,5.416346378244423e-06,-4.9828386455873966e-05,-2.249065004283586e-11,-2.249065004283586e-11,0.004787522009899612,4.5136219818702505e-07
0.2806,89.99988286442196,90.0,0.004075684277192423,-0.0024196863797684293,-5.102952374027007e-06,2.6599406933826065e-07,12.000000000000266,5.379076566413701e-06,-4.949953801966233e-05,-2.2188483750821983e-11,-2.2188483750821983e-11,0.004754964990057827,4.482563805344651e-07
0.2808,89.99988367678647,90.0,0.004047962977141292,-0.0024036656399211874,-5.069265785665772e-06,2.641493339718269e-07,12.000000000000263,5.342057560901999e-06,-4.917277217136111e-05,-2.1890314947377105e-11,-2.1890314947377105e-11,0.004722623473331506,4.4517146340849013e-07
0.281,89.99988448362508,90.0,0.0040204252189267745,-0.0023877468603491605,-5.0357926206751226e-06,2.623171469608413e-07,12.00000000000026,5.305287726643617e-06,-4.884807656739537e-05,-2.1596091756928726e-11,-2.1596091756928726e-11,0.004690496088747903,4.421073105536252e-07
0.2812,89.99988528497438,90.0,0.003993069834447722,-0.00237192943219119,-5.002531614380837e-06,2.6049742518907153e-07,12.000000000000256,5.268765438238266e-06,-4.8525438940202125e-05,-2.130576296362273e-11,-2.130576296362273e-11,0.004658581473522342,4.3906378651984613e-07
0.28140000000000004,89.99988608087072,90.0,0.0039658956625783035,-0.002356212749220073,-4.969481507318509e-06,2.5869008611808327e-07,12.000000000000252,5.232489080983139e-06,-4.8204847072754504e-05,-2.1019277996553722e-11,-2.1019277996553722e-11,0.004626878273008021,4.3604075674858577e-07
0.2816,89.99988687135024,90.0,0.003938901549137728,-0.0023405962088660984,-4.936641047630525e-06,2.568950477005703e-07,12.000000000000249,5.196457049802316e-06,-4.788628882181286e-05,-2.0736586928081178e-11,-2.0736586928081178e-11,0.004595385140660683,4.3303808748351734e-07
0.2818,89.99988765644882,90.0,0.003912086346848532,-0.0023250792118035277,-4.904008990104994e-06,2.5511222840924465e-07,12.000000000000245,5.160667749576394e-06,-4.7569752108602236e-05,-2.045764046351685e-11,-2.045764046351685e-11,0.004564100737989954,4.3005564579802405e-07
0.28200000000000003,89.99988843620214,90.0,0.003885448915299184,-0.0023096611615431254,-4.871584095228225e-06,2.533415472657263e-07,12.000000000000242,5.125119595474403e-06,-4.7255224909621235e-05,-2.018238993107042e-11,-2.018238993107042e-11,0.0045330237345157145,4.270932996228583e-07
0.2822,89.99988921064565,90.0,0.0038589881209118303,-0.0022943414650976497,-4.839365130744928e-06,2.5158292378276363e-07,12.000000000000238,5.089811012233721e-06,-4.6942695271776206e-05,-1.9910787278184466e-11,-1.9910787278184466e-11,0.004502152807730468,4.2415091768613495e-07
0.28240000000000004,89.99988997981454,90.0,0.003832702836901996,-0.0022791195325703242,-4.807350870701601e-06,2.4983627799312285e-07,12.000000000000234,5.054740434490457e-06,-4.663215130310196e-05,-1.9642785061588477e-11,-1.9642785061588477e-11,0.004471486643052329,4.212283695408632e-07
0.2826,89.99989074374383,90.0,0.0038065919432432697,-0.0022639947774607963,-4.77554009616661e-06,2.4810153042069876e-07,12.000000000000233,5.019906306409326e-06,-4.632358117974666e-05,-1.9378336441639175e-11,-1.9378336441639175e-11,0.004441023933783815,4.183255255341024e-07
0.2828,89.99989150246827,90.0,0.0037806543266283616,-0.002248966615900218,-4.743931593447219e-06,2.4637860213829403e-07,12.00000000000023,4.985307082366314e-06,-4.6016973128676735e-05,-1.9117395170620677e-11,-1.9117395170620677e-11,0.004410763381066421,4.154422568638516e-07
0.28300000000000003,89.99989225602239,90.0,0.003754888880438975,-0.002234034467319724,-4.712524155656492e-06,2.446674147098395e-07,12.000000000000227,4.95094122622971e-06,-4.571231544287603e-05,-1.885991558937897e-11,-1.885991558937897e-11,0.00438070369384547,4.125784355191347e-07
0.2832,89.99989300444054,90.0,0.003729294504708041,-0.0022191977543977075,-4.681316582595147e-06,2.429678901903944e-07,12.000000000000224,4.916807211340251e-06,-4.5409596480199846e-05,-1.8605852619824444e-11,-1.8605852619824444e-11,0.004350843588826048,4.097339342783466e-07
0.28340000000000004,89.9998937477568,90.0,0.003703870106082292,-0.002204455903007551,-4.650307680634461e-06,2.412799511261461e-07,12.00000000000022,4.882903520491461e-06,-4.5108804662239044e-05,-1.8355161757533718e-11,-1.8355161757533718e-11,0.004321181790429341,4.0690862670761426e-07
0.2836,89.99989448600508,90.0,0.0036786145977859923,-0.002189808342166993,-4.619496262602818e-06,2.3960352055441023e-07,12.000000000000217,4.8492286459105855e-06,-4.480992847321958e-05,-1.8107799064461402e-11,-1.8107799064461402e-11,0.004291717030750325,4.0410238715920816e-07
0.2838,89.99989521921904,90.0,0.0036535268995847394,-0.002175254503632312,-4.588881146841895e-06,2.379385220325206e-07,12.000000000000213,4.815781089591126e-06,-4.451295645084731e-05,-1.7863721159814997e-11,-1.7863721159814997e-11,0.004262448049515529,4.0131509079925333e-07
0.28400000000000003,89.99989594743214,90.0,0.0036286059377541053,-0.002160793822565083,-4.558461158769701e-06,2.3628487958004929e-07,12.000000000000211,4.782559362573231e-06,-4.421787720146977e-05,-1.7622885216916575e-11,-1.7622885216916575e-11,0.0042333735940464565,3.985466135477622e-07
0.2842,89.9998966706776,90.0,0.003603850645040547,-0.002146425737122329,-4.52823512992772e-06,2.346425177076967e-07,12.00000000000021,4.749561985274716e-06,-4.392467939083327e-05,-1.7385248954173155e-11,-1.7385248954173155e-11,0.004204492419213972,3.9579683210621945e-07
0.2844,89.99989738898847,90.0,0.0035792599606273025,-0.002132149688053628,-4.498201897043653e-06,2.3301136144618136e-07,12.000000000000206,4.716787487824702e-06,-4.3633351734991346e-05,-1.715077062628816e-11,-1.715077062628816e-11,0.0041758032873985195,3.930656239853851e-07
0.2846,89.99989810239758,90.0,0.0035548328301044617,-0.002117965120080412,-4.4683603052600634e-06,2.3139133623068025e-07,12.000000000000203,4.684234408641631e-06,-4.334388303162319e-05,-1.6919409025072005e-11,-1.6919409025072005e-11,0.004147304968455205,3.9035286738679603e-07
0.2848,89.99989881093751,90.0,0.0035305682054236043,-0.0021038714800562753,-4.438709203839634e-06,2.2978236804527851e-07,12.000000000000199,4.65190129616724e-06,-4.3056262118373883e-05,-1.6691123463048047e-11,-1.6691123463048047e-11,0.004118996239660872,3.876584413472636e-07
0.28500000000000003,89.99989951464065,90.0,0.0035064650448733926,-0.0020898682179987032,-4.409247448580508e-06,2.2818438333629957e-07,12.000000000000199,4.619786707799038e-06,-4.2770477896283594e-05,-1.6465873772621687e-11,-1.6465873772621687e-11,0.0040908758856856246,3.849822256499134e-07
0.2852,89.9999002135392,90.0,0.0034825223130431696,-0.0020759547873935216,-4.379973902532984e-06,2.265973089834153e-07,12.000000000000195,4.587889209519622e-06,-4.24865193367397e-05,-1.6243620301255973e-11,-1.6243620301255973e-11,0.004062942698550364,3.8232410079329564e-07
0.2854,89.99990090766515,90.0,0.003458738980783364,-0.0020621306440737983,-4.350887433383948e-06,2.250210723863157e-07,12.000000000000192,4.556207376930543e-06,-4.220437545610532e-05,-1.602432389932086e-11,-1.602432389932086e-11,0.0040351954775805915,3.796839480775392e-07
0.2856,89.99990159705028,90.0,0.0034351140251785484,-0.0020483952476033056,-4.321986916694854e-06,2.2345560134914933e-07,12.000000000000188,4.524739793831899e-06,-4.192403534712822e-05,-1.5807945921096936e-11,-1.5807945921096936e-11,0.004007633029374973,3.7706164948598565e-07
0.2858,89.99990228172615,90.0,0.003411646429504735,-0.0020347480597958153,-4.293271232445871e-06,2.2190082419608299e-07,12.000000000000188,4.493485053606143e-06,-4.164548814541851e-05,-1.559444821096391e-11,-1.559444821096391e-11,0.003980254167755524,3.74457087800506e-07
0.28600000000000003,89.99990296172413,90.0,0.0033883351832035254,-0.0020211885457448115,-4.2647392674467026e-06,2.2035666968463173e-07,12.000000000000185,4.462441758149803e-06,-4.136872305283398e-05,-1.5383793102691492e-11,-1.5383793102691492e-11,0.003953057713737446,3.7187014651247786e-07
0.2862,89.9999036370754,90.0,0.0033651792818446724,-0.002007716173415954,-4.236389914388918e-06,2.188230670345491e-07,12.000000000000181,4.431608518205369e-06,-4.109372932828757e-05,-1.517594341133852e-11,-1.517594341133852e-11,0.0039260424954854515,3.693007098504418e-07
0.2864,89.99990430781092,90.0,0.003342177727093026,-0.001994330413600919,-4.208222071742533e-06,2.1729994592782693e-07,12.00000000000018,4.400983953343922e-06,-4.082049628674415e-05,-1.4970862427124456e-11,-1.4970862427124456e-11,0.0038992073482751973,3.6674866277865467e-07
0.2866,89.99990497396148,90.0,0.0033193295266762232,-0.0019810307402275606,-4.180234644485505e-06,2.1578723647980553e-07,12.000000000000178,4.3705666915965845e-06,-4.054901330629679e-05,-1.4768513911133734e-11,-1.4768513911133734e-11,0.003872551114455594,3.6421389096637664e-07
0.2868,89.99990563555762,90.0,0.003296633694348777,-0.0019678166299544964,-4.152426543160825e-06,2.1428486926806347e-07,12.000000000000174,4.340355369787216e-06,-4.027926981902035e-05,-1.4568862087507547e-11,-1.4568862087507547e-11,0.003846072643406906,3.616962808155961e-07
0.28700000000000003,89.99990629262976,90.0,0.0032740892498607844,-0.0019546875624826907,-4.124796684609198e-06,2.1279277530352793e-07,12.000000000000172,4.310348633164391e-06,-4.0011255318078644e-05,-1.4371871639289106e-11,-1.4371871639289106e-11,0.0038197707915042485,3.591957194303608e-07
0.2872,89.99990694520804,90.0,0.0032516952189230192,-0.0019416430201514377,-4.097343991029262e-06,2.113108860593643e-07,12.00000000000017,4.280545135734628e-06,-3.974495934860837e-05,-1.4177507700804472e-11,-1.4177507700804472e-11,0.0037936444220768558,3.567120946445473e-07
0.2874,89.99990759332245,90.0,0.0032294506331768465,-0.0019286824878963587,-4.070067389883477e-06,2.0983913347097635e-07,12.000000000000167,4.25094354024657e-06,-3.9480371506806216e-05,-1.398573585194919e-11,-1.398573585194919e-11,0.0037676924053729882,3.542452950205426e-07
0.2876,89.9999082370028,90.0,0.0032073545301642757,-0.0019158054542734006,-4.0429658162961445e-06,2.0837744984933645e-07,12.000000000000167,4.2215425171205515e-06,-3.921748146319012e-05,-1.379652211760349e-11,-1.379652211760349e-11,0.003741913618524988,3.517952097600411e-07
0.2878,89.99990887627868,90.0,0.0031854059532866737,-0.0019030114099801048,-4.0160382096019806e-06,2.0692576799654536e-07,12.000000000000163,4.19234074583316e-06,-3.895627892911974e-05,-1.3609832955049021e-11,-1.3609832955049021e-11,0.003716306945501119,3.493617288194252e-07
0.28800000000000003,89.99990951117951,90.0,0.0031636039517800555,-0.0018902998488869172,-3.98928351576051e-06,2.0548402111916227e-07,12.00000000000016,4.163336913849549e-06,-3.869675368021659e-05,-1.3425635253582246e-11,-1.3425635253582246e-11,0.0036908712770767314,3.469447428207911e-07
0.2882,89.9999101417345,90.0,0.0031419475806789693,-0.001877670267631494,-3.962700686412529e-06,2.0405214285709484e-07,12.00000000000016,4.134529716956027e-06,-3.843889554721149e-05,-1.3243896327242708e-11,-1.3243896327242708e-11,0.0036656055107921305,3.4454414307966433e-07
0.2884,89.9999107679727,90.0,0.0031204359007845463,-0.0018651221655740888,-3.936288678780143e-06,2.026300672835992e-07,12.000000000000156,4.105917859243265e-06,-3.818269441497494e-05,-1.3064583909372634e-11,-1.3064583909372634e-11,0.003640508550915304,3.4215982160360095e-07
0.2886,89.99991138992291,90.0,0.0030990679786334976,-0.0018526550447542662,-3.910046455569792e-06,2.0121772890527987e-07,12.000000000000155,4.077500053089991e-06,-3.792814022157647e-05,-1.2887666147256724e-11,-1.2887666147256724e-11,0.003615579308405747,3.397916710908282e-07
0.2888,89.99991200761384,90.0,0.003077842886467219,-0.001840268410203033,-3.8839729857061554e-06,1.9981506263320004e-07,12.000000000000153,4.049275018795202e-06,-3.767522296540363e-05,-1.2713111598445523e-11,-1.2713111598445523e-11,0.0035908167008784227,3.374395848995959e-07
0.28900000000000003,89.99991262107396,90.0,0.0030567597021977574,-0.0018279617695400492,-3.858067243395126e-06,1.9842200381177122e-07,12.00000000000015,4.021241484911827e-06,-3.7423932696072655e-05,-1.25408892238328e-11,-1.25408892238328e-11,0.0035662196525640504,3.3510345707598137e-07
0.2892,89.99991323033152,90.0,0.0030358175093780273,-0.0018157346329320397,-3.832328208030623e-06,1.9703848821875342e-07,12.00000000000015,3.993398188231083e-06,-3.717425951352457e-05,-1.2370968382511604e-11,-1.2370968382511604e-11,0.003541787094274365,3.327831823525861e-07
0.2894,89.99991383541466,90.0,0.0030150153971725984,-0.0018035865137625519,-3.8067548657643623e-06,1.9566445200747535e-07,12.000000000000146,3.965743873063988e-06,-3.6926193583252196e-05,-1.2203318829862946e-11,-1.2203318829862946e-11,0.0035175179633680316,3.304786560886616e-07
0.2896,89.99991443635129,90.0,0.0029943524603208878,-0.0017915169278700173,-3.781346207729552e-06,1.9429983176461406e-07,12.000000000000146,3.938277291925142e-06,-3.6679725119069734e-05,-1.2037910709207235e-11,-1.2037910709207235e-11,0.0034934112037077027,3.281897743270912e-07
0.2898,89.99991503316916,90.0,0.0029738277991091504,-0.0017795253935086446,-3.7561012299532827e-06,1.9294456451019517e-07,12.000000000000142,3.910997205518008e-06,-3.6434844382262885e-05,-1.1874714546875997e-11,-1.1874714546875997e-11,0.003469465765627342,3.259164337931635e-07
0.29000000000000004,89.99991562589584,90.0,0.0029534405193425315,-0.0017676114323752078,-3.7310189357607933e-06,1.9159858761092297e-07,12.00000000000014,3.883902381665533e-06,-3.61915417049107e-05,-1.1713701251987374e-11,-1.1713701251987374e-11,0.00344568060589962,3.236585318054573e-07
0.2902,89.99991621455871,90.0,0.0029331897323059577,-0.0017557745681333612,-3.7060983323308636e-06,1.9026183889574013e-07,12.000000000000139,3.85699159669584e-06,-3.594980745647223e-05,-1.1554842105203769e-11,-1.1554842105203769e-11,0.003422054687690284,3.214159663913163e-07
0.2904,89.999916799185,90.0,0.002913074554741238,-0.0017440143274474733,-3.681338433115871e-06,1.88934256569158e-07,12.000000000000137,3.830263634375509e-06,-3.570963206726154e-05,-1.1398108758679987e-11,-1.1398108758679987e-11,0.003398586980531444,3.1918863619795543e-07
0.2906,89.99991737980172,90.0,0.002893094108813068,-0.001732330239579894,-3.6567382569048823e-06,1.876157792401464e-07,12.000000000000135,3.803717286243269e-06,-3.547100601935953e-05,-1.1243473229689615e-11,-1.1243473229689615e-11,0.003375276460281913,3.1697644052026884e-07
0.2908,89.99991795643574,90.0,0.0028732475220789692,-0.0017207218363489757,-3.632296827729599e-06,1.863063459221338e-07,12.000000000000133,3.7773513515941994e-06,-3.523391984570158e-05,-1.1090907895926757e-11,-1.1090907895926757e-11,0.0033521221090921306,3.147792792995131e-07
0.29100000000000004,89.99991852911373,90.0,0.0028535339274601453,-0.0017091886520883889,-3.608013174773205e-06,1.8500589603300716e-07,12.000000000000131,3.751164637464411e-06,-3.499836412919335e-05,-1.0940385490877632e-11,-1.0940385490877632e-11,0.0033291229153701693,3.125970531220308e-07
0.2912,89.99991909786222,90.0,0.002833952463212615,-0.0016977302243173526,-3.583886333941185e-06,1.8371436933733218e-07,12.00000000000013,3.7251559579127463e-06,-3.4764329517948004e-05,-1.0791879102218713e-11,-1.0791879102218713e-11,0.0033062778737480507,3.104296631593922e-07
0.2914,89.99991966270754,90.0,0.0028145022728908536,-0.0016863460926240586,-3.559915345255881e-06,1.8243170603302308e-07,12.000000000000128,3.699324135056359e-06,-3.453180670001296e-05,-1.064536216270479e-11,-1.064536216270479e-11,0.003283585985039329,3.082770112546933e-07
0.2916,89.99992022367589,90.0,0.0027951825053238693,-0.0016750357993428036,-3.53609925444278e-06,1.8115784669356268e-07,12.000000000000126,3.673667998355018e-06,-3.430078641875713e-05,-1.0500808448749764e-11,-1.0500808448749764e-11,0.0032610462562111804,3.0613899986291496e-07
0.2918,89.99992078079322,90.0,0.0027759923145839528,-0.0016637988895103633,-3.5124371128327642e-06,1.7989273226800248e-07,12.000000000000124,3.6481863845946796e-06,-3.407125947192276e-05,-1.0358192075954988e-11,-1.0358192075954988e-11,0.003238657700347945,3.040155320495535e-07
0.29200000000000004,89.9999213340854,90.0,0.002756930859955519,-0.0016526349104672125,-3.4889279764340646e-06,1.7863630410985255e-07,12.000000000000123,3.622878138222666e-06,-3.384321670262321e-05,-1.0217487493255378e-11,-1.0217487493255378e-11,0.0032164193366147724,3.0190651151855244e-07
0.2922,89.99992188357808,90.0,0.002737997305908879,-0.0016415434121761748,-3.4655709066807752e-06,1.773885039481915e-07,12.00000000000012,3.597742110982332e-06,-3.3616649006603645e-05,-1.0078669480097424e-11,-1.0078669480097424e-11,0.0031943301902270255,2.99811842581858e-07
0.2924,89.99992242929675,90.0,0.0027191908220700954,-0.0016305239471803323,-3.442364970338553e-06,1.7614927388766674e-07,12.000000000000119,3.572777161897208e-06,-3.339154733132636e-05,-9.941713142147609e-12,-9.941713142147609e-12,0.003172389292415111,2.9773143015809775e-07
0.2926,89.99992297126676,90.0,0.002700510583191488,-0.001619576070917117,-3.4193092402429194e-06,1.7491855637960442e-07,12.000000000000117,3.547982156903939e-06,-3.316790268313238e-05,-9.806593908473234e-12,-9.806593908473234e-12,0.0031505956803900693,2.95665179741992e-07
0.2928,89.99992350951325,90.0,0.0026819557691184466,-0.001608699340961429,-3.396402793534301e-06,1.7369629427978912e-07,12.000000000000117,3.523355969537972e-06,-3.294570611012109e-05,-9.673287524478137e-12,-9.673287524478137e-12,0.0031289483973048543,2.936129974614948e-07
0.29300000000000004,89.99992404406126,90.0,0.0026635255647649374,-0.0015978933173467075,-3.373644712411972e-06,1.7248243081957422e-07,12.000000000000114,3.498897480569111e-06,-3.2724948709463575e-05,-9.541770049274534e-12,-9.541770049274534e-12,0.0031074464922257604,2.9157479004742317e-07
0.2932,89.99992457493559,90.0,0.00264521916008543,-0.0015871575625257348,-3.3510340840462346e-06,1.7127690960588163e-07,12.000000000000114,3.4746055779867696e-06,-3.250562162655078e-05,-9.412017851628303e-12,-9.412017851628303e-12,0.0030860890200996687,2.8955046483222807e-07
0.2934,89.99992510216096,90.0,0.0026270357500469063,-0.0015764916420420967,-3.328570002151993e-06,1.7007967456342224e-07,12.00000000000011,3.4504791562821243e-06,-3.228771607025743e-05,-9.284007608698134e-12,-9.284007608698134e-12,0.003064875041721391,2.8753992969017436e-07
0.2936,89.99992562576183,90.0,0.002608974534593861,-0.0015658951230602255,-3.3062515635569815e-06,1.688906700502553e-07,12.00000000000011,3.4265171178359803e-06,-3.207122327965326e-05,-9.157716296472557e-12,-9.157716296472557e-12,0.0030438036236928377,2.8554309315299575e-07
0.2938,89.99992614576263,90.0,0.0025910347186293608,-0.001555367576115313,-3.284077872295358e-06,1.6770984071333908e-07,12.000000000000108,3.4027183711509958e-06,-3.185613456371159e-05,-9.033121192816556e-12,-9.033121192816556e-12,0.0030228738384009213,2.8355986426258044e-07
0.29400000000000004,89.99992666218753,90.0,0.00257321551197669,-0.0015449085736386732,-3.2620480361654493e-06,1.6653713160409037e-07,12.000000000000107,3.3790818322377733e-06,-3.1642441267918824e-05,-8.910199868006192e-12,-8.910199868006192e-12,0.0030020847639728046,2.815901526864786e-07
0.2942,89.99992717506056,90.0,0.0025555161293574777,-0.0015345176902824705,-3.240161167491885e-06,1.653724881494946e-07,12.000000000000107,3.355606424251805e-06,-3.1430134781667315e-05,-8.788930182371834e-12,-8.788930182371834e-12,0.002981435484250391,2.796338686876479e-07
0.2944,89.99992768440562,90.0,0.002537935790366251,-0.0015241945035947325,-3.21841638470713e-06,1.6421585609432612e-07,12.000000000000103,3.3322910767769686e-06,-3.12192065535965e-05,-8.669290285217148e-12,-8.669290285217148e-12,0.002960925088760626,2.77690923064745e-07
0.29460000000000003,89.99992819024644,90.0,0.0025204737194373717,-0.0015139385936179162,-3.196812811417488e-06,1.6306718153003797e-07,12.000000000000103,3.309134726159716e-06,-3.100964808253296e-05,-8.551258609658416e-12,-8.551258609658416e-12,0.0029405526726769336,2.7576122717997394e-07
0.2948,89.99992869260659,90.0,0.0025031291458163843,-0.0015037495421383576,-3.175349574652331e-06,1.6192641095254178e-07,12.000000000000101,3.2861363161971323e-06,-3.0801450900507624e-05,-8.43481386631001e-12,-8.43481386631001e-12,0.0029203173367857824,2.738446930164254e-07
0.29500000000000004,89.99992919150951,90.0,0.002485901303539959,-0.0014936269340793508,-3.1540258081236183e-06,1.6079349114664817e-07,12.0000000000001,3.2632947967201495e-06,-3.0594606604373725e-05,-8.319935044979322e-12,-8.319935044979322e-12,0.0029002181874632853,2.719412330600102e-07
0.2952,89.99992968697845,90.0,0.0024687894314002383,-0.0014835703563855556,-3.132840649622666e-06,1.5966836927273636e-07,12.0000000000001,3.240609124629495e-06,-3.0389106830554965e-05,-8.206601407036343e-12,-8.206601407036343e-12,0.0028802543366336112,2.70050760385789e-07
0.2954,89.99993017903654,90.0,0.002451792772921311,-0.00147357939834542,-3.111793241777118e-06,1.5855099283786434e-07,12.000000000000096,3.2180782635317565e-06,-3.0184943262388273e-05,-8.094792483219189e-12,-8.094792483219189e-12,0.0028604249017415294,2.6817318862764424e-07
0.29560000000000003,89.99993066770675,90.0,0.002434910576332625,-0.0014636536515540526,-3.090882731967758e-06,1.574413096957689e-07,12.000000000000096,3.1957011837254205e-06,-2.9982107629316882e-05,-7.984488070132512e-12,-7.984488070132512e-12,0.0028407290057213958,2.663084319771162e-07
0.2958,89.99993115301189,90.0,0.002418142094542383,-0.0014537927102313535,-3.0701082730758686e-06,1.5633926801797565e-07,12.000000000000096,3.17347686183531e-06,-2.9780591714139823e-05,-7.87566822804886e-12,-7.87566822804886e-12,0.002821165776966113,2.644564051529404e-07
0.29600000000000004,89.99993163497463,90.0,0.0024014865851077366,-0.0014439961708251244,-3.0494690225594117e-06,1.55244816322689e-07,12.000000000000092,3.151404281148497e-06,-2.9580387344050733e-05,-7.768313276172631e-12,-7.768313276172631e-12,0.002801734349292359,2.626170234290394e-07
0.2962,89.9999321136175,90.0,0.0023849433102088426,-0.0014342636319748412,-3.028964142371865e-06,1.5415790347479203e-07,12.000000000000092,3.129482431600654e-06,-2.9381486389850548e-05,-7.662403789279192e-12,-7.662403789279192e-12,0.002782433861910316,2.607902026333858e-07
0.2964,89.99993258896286,90.0,0.0023685115366241885,-0.0014245946944772066,-3.008592798885038e-06,1.5307847868584668e-07,12.00000000000009,3.107710309763096e-06,-2.9183880765198782e-05,-7.557920594408707e-12,-7.557920594408707e-12,0.002763263459394887,2.589758591469227e-07
0.29660000000000003,89.99993306103295,90.0,0.0023521905357056067,-0.0014149889619618017,-2.988354164472039e-06,1.520064914563138e-07,12.000000000000089,3.08608691812651e-06,-2.8987562441968635e-05,-7.454844770044508e-12,-7.454844770044508e-12,0.002744222291656541,2.5717390984387395e-07
0.2968,89.99993352984984,90.0,0.002335979583346033,-0.001405446039780258,-2.9682474149147114e-06,1.5094189166222294e-07,12.000000000000089,3.06461126613871e-06,-2.8792523425098615e-05,-7.353157639093273e-12,-7.353157639093273e-12,0.002725309513903705,2.553842721782239e-07
0.29700000000000004,89.99993399543548,90.0,0.0023198779599594562,-0.0013959655360440723,-2.9482717318326116e-06,1.4988462946850253e-07,12.000000000000087,3.043282369139403e-06,-2.8598755776154086e-05,-7.252840769407731e-12,-7.252840769407731e-12,0.0027065242866193655,2.5360686409494843e-07
0.2972,89.99993445781165,90.0,0.0023038849504496126,-0.0013865470608703575,-2.9284263009239426e-06,1.4883465538675984e-07,12.000000000000085,3.0220992490468583e-06,-2.8406251596263997e-05,-7.1538759681087445e-12,-7.1538759681087445e-12,0.002687865775524548,2.518416040872364e-07
0.2974,89.99993491700002,90.0,0.002287999844186834,-0.0013771902263495107,-2.9087103118931162e-06,1.477919202752809e-07,12.000000000000085,3.0010609343457477e-06,-2.8215003025418237e-05,-7.05624527850243e-12,-7.05624527850243e-12,0.0026693331515513065,2.500884111954772e-07
0.29760000000000003,89.99993537302208,90.0,0.0022722219349855326,-0.0013678946475795973,-2.8891229608720415e-06,1.467563752523607e-07,12.000000000000083,2.980166459020611e-06,-2.8025002265954548e-05,-6.959930980581149e-12,-6.959930980581149e-12,0.002650925590816455,2.4834720491838255e-07
0.2978,89.99993582589921,90.0,0.0022565505210697407,-0.0013586599411971431,-2.869663446990027e-06,1.4572797181186307e-07,12.000000000000082,2.9594148639440083e-06,-2.7836241549285977e-05,-6.864915583107679e-12,-6.864915583107679e-12,0.0026326422745813647,2.4661790532866566e-07
0.298,89.99993627565263,90.0,0.0022409849050554066,-0.0013494857260629616,-2.850330973979546e-06,1.447066617654405e-07,12.000000000000082,2.938805196164076e-06,-2.7648713151477078e-05,-6.771181823067526e-12,-6.771181823067526e-12,0.0026144823892313073,2.4490043301367134e-07
0.2982,89.99993672230345,90.0,0.002225524393924932,-0.0013403716239371436,-2.831124751757716e-06,1.436923971847547e-07,12.00000000000008,2.918336508188029e-06,-2.7462409408584548e-05,-6.678712664989847e-12,-6.678712664989847e-12,0.0025964451262457545,2.4319470901566744e-07
0.2984,89.9999371658726,90.0,0.002210168298994099,-0.0013313172580117906,-2.812043993000555e-06,1.4268513051703596e-07,12.000000000000078,2.8980078593710215e-06,-2.7277322683426905e-05,-6.587491293264174e-12,-6.587491293264174e-12,0.0025785296821597826,2.4150065494758357e-07
0.29860000000000003,89.99993760638091,90.0,0.0021949159358954154,-0.0013223222543088504,-2.7930879164131642e-06,1.4168481446952368e-07,12.000000000000078,2.8778183145011444e-06,-2.709344539730583e-05,-6.497501113941912e-12,-6.497501113941912e-12,0.002560735258544651,2.398181928750938e-07
0.2988,89.99993804384906,90.0,0.0021797666245459337,-0.0013133862405693654,-2.7742557441373386e-06,1.4069140209613596e-07,12.000000000000078,2.8577669448372018e-06,-2.6910770004859548e-05,-6.408725748333632e-12,-6.408725748333632e-12,0.002543061061970256,2.381472454030986e-07
0.299,89.99993847829757,90.0,0.002164719689127382,-0.0013045088465810052,-2.7555467025199875e-06,1.3970484676857985e-07,12.000000000000075,2.837852827746702e-06,-2.6729289001516638e-05,-6.321149031384361e-12,-6.321149031384361e-12,0.002525506303981946,2.3648773564555701e-07
0.2992,89.99993890974687,90.0,0.002149774458062909,-0.0012956897048561344,-2.736960023701511e-06,1.3872510211857137e-07,12.000000000000075,2.818075045990507e-06,-2.654899493890355e-05,-6.234755011120991e-12,-6.234755011120991e-12,0.002508070201073394,2.3483958716587413e-07
0.2994,89.99993933821723,90.0,0.002134930263985543,-0.0012869284495219662,-2.718494943025439e-06,1.3775212212450534e-07,12.000000000000075,2.798432688760949e-06,-2.636988039971766e-05,-6.149527942440508e-12,-6.149527942440508e-12,0.0024907519746498,2.3320272406341098e-07
0.29960000000000003,89.9999397637288,90.0,0.0021201864437201297,-0.0012782247173611502,-2.7001507014736166e-06,1.367858610247857e-07,12.000000000000073,2.7789248506176436e-06,-2.6191938021349018e-05,-6.065452287780288e-12,-6.065452287780288e-12,0.0024735508510068177,2.3157707088480222e-07
0.2998,89.99994018630157,90.0,0.0021055423382525394,-0.0012695781467029653,-2.6819265430781747e-06,1.358262734044951e-07,12.000000000000071,2.7595506325259993e-06,-2.6015160470775947e-05,-5.982512711032892e-12,-5.982512711032892e-12,0.002456466061294629,2.299625527104986e-07
0.3,89.99994060595543,90.0,0.00209099729271209,-0.0012609883784645936,-2.6638217173582506e-06,1.3487331410872522e-07,12.000000000000071,2.740309140793278e-06,-2.583954046820173e-05,-5.90069407824255e-12,-5.90069407824255e-12,0.002439496841497438,2.2835909506610517e-07
0.3002,89.9999410227101,90.0,0.002076550656341966,-0.0012524550550440023,-2.6458354767357405e-06,1.3392693832924657e-07,12.000000000000071,2.7211994881077537e-06,-2.5665070761986903e-05,-5.8199814516473015e-12,-5.8199814516473015e-12,0.0024226424323989604,2.2676662400897815e-07
0.3004,89.99994143658525,90.0,0.0020622017824821794,-0.001243977821717237,-2.6279670798042686e-06,1.3298710148894878e-07,12.000000000000068,2.702220792123488e-06,-2.549174416035887e-05,-5.7403600914678215e-12,-5.7403600914678215e-12,0.0024059020795625424,2.2518506601028937e-07
0.30060000000000003,89.99994184760033,90.0,0.002047950028536542,-0.0012355563255264938,-2.6102157887341617e-06,1.3205375932851042e-07,12.000000000000068,2.683372176497672e-06,-2.5319553506239665e-05,-5.6618154499989345e-12,-5.6618154499989345e-12,0.0023892750332926323,2.236143480414714e-07
0.3008,89.9999422557747,90.0,0.0020337947559525243,-0.001227190215251997,-2.592580869209441e-06,1.311268679063988e-07,12.000000000000068,2.664652770880033e-06,-2.5148491676634794e-05,-5.584333169133165e-12,-5.584333169133165e-12,0.002372760548611278,2.2205439757333484e-07
0.301,89.9999426611276,90.0,0.002019735330201319,-0.0012188791420947034,-2.575061592026588e-06,1.3020638354109037e-07,12.000000000000068,2.6460617101992346e-06,-2.497855159814151e-05,-5.507899080006482e-12,-5.507899080006482e-12,0.002356357885234872,2.2050514251660165e-07
0.3012,89.99994306367815,90.0,0.0020057711207501472,-0.001210622759282365,-2.5576572321773454e-06,1.2929226283996058e-07,12.000000000000064,2.6275981349998795e-06,-2.4809726238051852e-05,-5.4324991994135226e-12,-5.4324991994135226e-12,0.002340066307541839,2.1896651124998878e-07
0.3014,89.9999434634453,90.0,0.001991901501038942,-0.001202420722036971,-2.5403670687757655e-06,1.2838446269928377e-07,12.000000000000064,2.6092611914302556e-06,-2.4642008603644993e-05,-5.358119727365083e-12,-5.358119727365083e-12,0.0023238850845454326,2.174384326191868e-07
0.30160000000000003,89.99994386044794,90.0,0.0019781258484575896,-0.0011942726875429758,-2.5231903849870302e-06,1.2748294030423332e-07,12.000000000000064,2.591050031230378e-06,-2.4475391741496767e-05,-5.284747044681716e-12,-5.284747044681716e-12,0.002307813489867188,2.1592083593586368e-07
0.3018,89.99994425470479,90.0,0.0019644435443233505,-0.0011861783149157644,-2.5061264679567957e-06,1.2658765312888152e-07,12.000000000000064,2.5729638117201143e-06,-2.4309868736794318e-05,-5.212367710619801e-12,-5.212367710619801e-12,0.0022918508017105753,2.1441365097667505e-07
0.302,89.99994464623444,90.0,0.0019508539738588508,-0.0011781372655262018,-2.4891746095729267e-06,1.2569855890730975e-07,12.00000000000006,2.555001695436063e-06,-2.414543272072504e-05,-5.140968461540797e-12,-5.140968461540797e-12,0.002275996302835326,2.129168079530042e-07
0.3022,89.99994503505539,90.0,0.0019373565261662658,-0.001170149202609311,-2.472334105554159e-06,1.248156156624983e-07,12.00000000000006,2.5371628504695368e-06,-2.3982076861636466e-05,-5.070536207537399e-12,-5.070536207537399e-12,0.00226024928052731,2.11430237539127e-07
0.3024,89.999945421186,90.0,0.0019239505942057135,-0.001162213791234104,-2.455604255382502e-06,1.2393878170632652e-07,12.00000000000006,2.5194464504552172e-06,-2.3819794364380532e-05,-5.001058030159285e-12,-5.001058030159285e-12,0.0022446090265733324,2.0995387087126704e-07
0.30260000000000004,89.99994580464451,90.0,0.0019106355747745584,-0.0011543306986299597,-2.4389843630690747e-06,1.230680156106828e-07,12.00000000000006,2.5018516742087025e-06,-2.3658578477742348e-05,-4.932521181161448e-12,-4.932521181161448e-12,0.0022290748372369848,2.0848763951739083e-07
0.3028,89.99994618544905,90.0,0.0018974108684825094,-0.0011464995941518506,-2.4224737370761923e-06,1.2220327620746457e-07,12.000000000000059,2.484377705713428e-06,-2.3498422493684407e-05,-4.864913080228683e-12,-4.864913080228683e-12,0.0022136460132295946,2.0703147547611799e-07
0.303,89.99994656361763,90.0,0.0018842758797272888,-0.0011387201488910997,-2.4060716894106867e-06,1.213445226174682e-07,12.000000000000057,2.4670237344594376e-06,-2.3339319738551636e-05,-4.798221311762021e-12,-4.798221311762021e-12,0.002198321859681837,2.0558531120495216e-07
0.3032,89.99994693916813,90.0,0.0018712300166746382,-0.0011309920360027354,-2.3897775363919266e-06,1.204917142214992e-07,12.000000000000057,2.449788955081312e-06,-2.3181263580521335e-05,-4.73243362369913e-12,-4.73243362369913e-12,0.002183101686120411,2.0414907959010835e-07
0.3034,89.9999473121183,90.0,0.0018582726912348918,-0.0011233149303175104,-2.373590597747962e-06,1.1964481068926203e-07,12.000000000000057,2.4326725676974157e-06,-2.3024247420835612e-05,-4.667537924378709e-12,-4.667537924378709e-12,0.002167984806440707,2.0272271397478367e-07
0.30360000000000004,89.9999476824858,90.0,0.0018454033190436038,-0.0011156885086701226,-2.357510197385486e-06,1.1880377195047017e-07,12.000000000000055,2.4156737775481587e-06,-2.2868264701270148e-05,-4.603522281407352e-12,-4.603522281407352e-12,0.0021529705388842048,2.013061481290123e-07
0.3038,89.99994805028817,90.0,0.0018326213194386353,-0.0011081124502224952,-2.3415356641487285e-06,1.1796855816595633e-07,12.000000000000053,2.3987917946323824e-06,-2.2713308911495607e-05,-4.540374920487166e-12,-4.540374920487166e-12,0.002138058206011741,1.9989931621936432e-07
0.304,89.99994841554282,90.0,0.0018199261154335851,-0.0011005864353608643,-2.325666329244628e-06,1.1713912981434202e-07,12.000000000000053,2.3820258347480903e-06,-2.2559373564101333e-05,-4.4780842204518535e-12,-4.4780842204518535e-12,0.0021232471346725157,1.9850215289567332e-07
0.3042,89.99994877826704,90.0,0.0018073171337035408,-0.0010931101470969692,-2.3099015295205344e-06,1.1631544757647809e-07,12.000000000000053,2.365375118078702e-06,-2.2406452226389665e-05,-4.416638715060084e-12,-4.416638715060084e-12,0.0021085366559874643,1.971145931732243e-07
0.3044,89.99994913847804,90.0,0.001794793804555289,-0.0010856832696053724,-2.294240604048738e-06,1.1549747245100422e-07,12.000000000000053,2.3488388705836523e-06,-2.2254538487245256e-05,-4.3560270871451116e-12,-4.3560270871451116e-12,0.0020939261053145035,1.9573657254863683e-07
0.30460000000000004,89.9999494961929,90.0,0.0017823555619137451,-0.0010783054896255982,-2.2786828974062976e-06,1.1468516563878936e-07,12.000000000000052,2.3324163225850004e-06,-2.2103625988949978e-05,-4.296238170411727e-12,-4.296238170411727e-12,0.002079414822232703,1.9436802688208253e-07
0.3048,89.99994985142854,90.0,0.0017700018432927596,-0.0010709764950002838,-2.2632277562614283e-06,1.1387848865849133e-07,12.00000000000005,2.3161067101583458e-06,-2.1953708394070296e-05,-4.2372609436971335e-12,-4.2372609436971335e-12,0.0020650021505082194,1.9300889251319467e-07
0.305,89.99995020420184,90.0,0.0017577320897823054,-0.001063695976078376,-2.2478745326557048e-06,1.1307740323099723e-07,12.00000000000005,2.299909273719835e-06,-2.1804779417295197e-05,-4.179084532771033e-12,-4.179084532771033e-12,0.0020506874380793565,1.916591061433188e-07
0.3052,89.99995055452952,90.0,0.0017455457460198833,-0.0010564636249646626,-2.232622582253464e-06,1.1228187133720323e-07,12.00000000000005,2.283823258714261e-06,-2.165683280845512e-05,-4.121698206502974e-12,-4.121698206502974e-12,0.0020364700370231973,1.903186048928543e-07
0.3054,89.99995090242824,90.0,0.001733442260170401,-0.0010492791354916788,-2.2174712642788605e-06,1.1149185521801456e-07,12.00000000000005,2.267847915604489e-06,-2.150986235191135e-05,-4.065091374976785e-12,-4.065091374976785e-12,0.0020223493035321344,1.8898732630037328e-07
0.30560000000000004,89.9999512479145,90.0,0.0017214210839063039,-0.001042142203191963,-2.20241994145371e-06,1.1070731737434551e-07,12.000000000000048,2.2519824998610093e-06,-2.1363861865953096e-05,-4.0092535876311786e-12,-4.0092535876311786e-12,0.002008324597890688,1.8766520832175004e-07
0.3058,89.99995159100467,90.0,0.0017094816723881672,-0.0010350525252709603,-2.187467979936774e-06,1.0992822056711947e-07,12.000000000000046,2.2362262719517414e-06,-2.121882520220857e-05,-3.954174531427529e-12,-3.954174531427529e-12,0.0019943952844528614,1.8635218932931108e-07
0.306,89.9999519317151,90.0,0.0016976234842455773,-0.0010280098012908686,-2.172614750925088e-06,1.0915452775948908e-07,12.000000000000046,2.220578496628857e-06,-2.1074746261178106e-05,-3.89984403079011e-12,-3.89984403079011e-12,0.0019805607316198404,1.8504820805240404e-07
0.3062,89.99995227006197,90.0,0.0016858459815499553,-0.001021013732066881,-2.1578596280772395e-06,1.0838620220350595e-07,12.000000000000046,2.205038443969182e-06,-2.0931618967239537e-05,-3.846252043106459e-12,-3.846252043106459e-12,0.0019668203118082812,1.837532036640978e-07
0.3064,89.99995260606134,90.0,0.0016741486298003459,-0.0010140640203578836,-2.143201989130042e-06,1.0762320738234087e-07,12.000000000000046,2.189605388663608e-06,-2.0789437284330216e-05,-3.793388658754449e-12,-3.793388658754449e-12,0.001953173401433737,1.8246711572196664e-07
0.30660000000000004,89.99995293972921,90.0,0.0016625308979011705,-0.001007160371190668,-2.1286412166595213e-06,1.068655069813939e-07,12.000000000000046,2.1742786096538276e-06,-2.0648195223328693e-05,-3.741244100169978e-12,-3.741244100169978e-12,0.0019396193808846988,1.8118988413781827e-07
0.3068,89.99995327108144,90.0,0.0016509922581361912,-0.0010003024907577593,-2.11417669550774e-06,1.0611306497496405e-07,12.000000000000044,2.1590573911733473e-06,-2.050788681709448e-05,-3.6898087174828436e-12,-3.6898087174828436e-12,0.001926157634492223,1.7992144926444496e-07
0.307,89.99995360013381,90.0,0.00163953218615508,-0.0009934900871092106,-2.0998078144019395e-06,1.0536584556846954e-07,12.000000000000043,2.1439410220372977e-06,-2.036850613617402e-05,-3.639072988580145e-12,-3.639072988580145e-12,0.0019127875505142603,1.7866175183644084e-07
0.30720000000000003,89.99995392690195,90.0,0.0016281501609522813,-0.0009867228701230858,-2.085533965888399e-06,1.0462381319844773e-07,12.000000000000043,2.128928795631324e-06,-2.0230047288159077e-05,-3.5890275173954236e-12,-3.5890275173954236e-12,0.0018995085211109947,1.7741073296927638e-07
0.3074,89.99995425140146,90.0,0.0016168456648459426,-0.0009800005514760436,-2.071354546266531e-06,1.0388693253255516e-07,12.000000000000043,2.1140200099005134e-06,-2.0092504417047482e-05,-3.539663032221056e-12,-3.539663032221056e-12,0.0018863199423202663,1.7616833415837548e-07
0.30760000000000004,89.99995457364777,90.0,0.0016056181834575016,-0.000973322844614835,-2.0572689555250223e-06,1.0315516846956755e-07,12.000000000000043,2.0992139673386642e-06,-1.9955871702623676e-05,-3.490970384047157e-12,-3.490970384047157e-12,0.0018732212140337517,1.749344972782214e-07
0.3078,89.99995489365622,90.0,0.0015944672056911588,-0.0009666894643723706,-2.0432765964470477e-06,1.0242848616826967e-07,12.000000000000043,2.0845099753290613e-06,-1.9820143351779123e-05,-3.442940544102951e-12,-3.442940544102951e-12,0.0018602117399730187,1.7370916461075448e-07
0.308,89.99995521144209,90.0,0.0015833922237180923,-0.0009601001276562212,-2.029376876222023e-06,1.0170685098967561e-07,12.00000000000004,2.069907345433052e-06,-1.968531361414661e-05,-3.3955646039229323e-12,-3.3955646039229323e-12,0.0018472909276711076,1.7249227878608708e-07
0.30820000000000003,89.99995552702049,90.0,0.0015723927329527577,-0.0009535545530602583,-2.0155692055409002e-06,1.0099022852591856e-07,12.000000000000039,2.055405393729155e-06,-1.955137677332443e-05,-3.3488337728934858e-12,-3.3488337728934858e-12,0.001834458188444884,1.7128378281076235e-07
0.3084,89.99995584040651,90.0,0.001561468232033567,-0.0009470524608376731,-2.0018529985357193e-06,1.0027858460025095e-07,12.000000000000039,2.0410034408029006e-06,-1.9418327146290048e-05,-3.302739376684519e-12,-3.302739376684519e-12,0.0018217129373724946,1.7008362006690782e-07
0.30860000000000004,89.99995615161508,90.0,0.0015506182228038007,-0.0009405935725190563,-1.9882276718893295e-06,9.957188529593427e-08,12.000000000000039,2.026700812088366e-06,-1.928615907476422e-05,-3.2572728549074937e-12,-3.2572728549074937e-12,0.001809054593271101,1.688917343406966e-07
0.3088,89.99995646066104,90.0,0.0015398422102969721,-0.0009341776119577748,-1.9746926472813056e-06,9.887009686956932e-08,12.000000000000039,2.0124968368057902e-06,-1.915486694893683e-05,-3.212425762014252e-12,-3.212425762014252e-12,0.0017964825786798008,1.6770806973381531e-07
0.309,89.99995676755914,90.0,0.0015291397027103566,-0.0009278043042271989,-1.9612473488134385e-06,9.817318583776607e-08,12.000000000000039,1.9983908490023526e-06,-1.9024445182493675e-05,-3.168189763336844e-12,-3.168189763336844e-12,0.0017839963198287494,1.665325707501955e-07
0.30920000000000003,89.99995707232405,90.0,0.0015185102113907203,-0.0009214733763113181,-1.9478912046262228e-06,9.748111891936369e-08,12.000000000000037,1.984382186841543e-06,-1.8894888228296696e-05,-3.12455663521615e-12,-3.12455663521615e-12,0.001771595246622507,1.6536518223679473e-07
0.3094,89.99995737497032,90.0,0.0015079532508128178,-0.0009151845567194461,-1.934623646001021e-06,9.679386306432055e-08,12.000000000000036,1.970470192943427e-06,-1.876619056967481e-05,-3.0815182627200112e-12,-3.0815182627200112e-12,0.0017592787926149541,1.6420584941195176e-07
0.30960000000000004,89.9999576755124,90.0,0.0014974683385616946,-0.0009089375758167834,-1.9214441081352723e-06,9.61113854248243e-08,12.000000000000036,1.9566542140237766e-06,-1.863834672794356e-05,-3.0390666389722437e-12,-3.0390666389722437e-12,0.0017470463949886437,1.6305451783531424e-07
0.3098,89.99995797396467,90.0,0.001487054995311348,-0.0009027321650840768,-1.908352028414591e-06,9.543365341307165e-08,12.000000000000036,1.9429336015859853e-06,-1.8511351245644183e-05,-2.9971938621602132e-12,-2.9971938621602132e-12,0.0017348974945299057,1.619111334654983e-07
0.31,89.99995827034135,90.0,0.00147671274481209,-0.0008965680578105225,-1.8953468480343866e-06,9.476063464348858e-08,12.000000000000036,1.929307711211295e-06,-1.8385198702273593e-05,-2.955892135704019e-12,-2.955892135704019e-12,0.0017228315356141051,1.6077564260094077e-07
0.31020000000000003,89.99995856465667,90.0,0.0014664411138698033,-0.0008904449894200656,-1.8824280127655157e-06,9.409229690384048e-08,12.000000000000036,1.9157759021963333e-06,-1.8259883721711354e-05,-2.915153767580134e-12,-2.915153767580134e-12,0.0017108479661814373,1.5964799184969398e-07
0.3104,89.99995885692468,90.0,0.0014562396323215515,-0.0008843626963715391,-1.8695949703862968e-06,9.342860824190176e-08,12.000000000000036,1.902337538594983e-06,-1.813540094730976e-05,-2.8749711666281887e-12,-2.8749711666281887e-12,0.0016989462377084768,1.585281282162481e-07
0.3106,89.99995914715934,90.0,0.0014461078330235257,-0.0008783209168523729,-1.8568471723059296e-06,9.276953690767615e-08,12.000000000000034,1.8889919885089196e-06,-1.8011745057641296e-05,-2.835336842745787e-12,-2.835336842745787e-12,0.0016871258051941132,1.5741599904240952e-07
0.3108,89.99995943537458,90.0,0.0014360452518314823,-0.0008723193907512796,-1.844184073503299e-06,9.211505135339664e-08,12.000000000000034,1.8757386240773307e-06,-1.7888910765905017e-05,-2.7962434055233945e-12,-2.7962434055233945e-12,0.0016753861271367294,1.563115520064438e-07
0.311,89.99995972158418,90.0,0.0014260514275809305,-0.0008663578592753218,-1.8316051316344294e-06,9.146512026241539e-08,12.000000000000032,1.8625768218180634e-06,-1.7766892811268718e-05,-2.75768356216625e-12,-2.75768356216625e-12,0.0016637266655110858,1.5521473515150486e-07
0.31120000000000003,89.99996000580184,90.0,0.0014161259020724667,-0.0008604360656399761,-1.81910980864774e-06,9.081971249142393e-08,12.000000000000032,1.849505961916793e-06,-1.764568597453716e-05,-2.7196501176681603e-12,-2.7196501176681603e-12,0.0016521468857512115,1.54125496826399e-07
0.3114,89.99996028804118,90.0,0.0014062682200483452,-0.0008545537543258776,-1.8066975690496137e-06,9.017879712823296e-08,12.000000000000032,1.8365254289178312e-06,-1.7525285061327823e-05,-2.682135972013521e-12,-2.682135972013521e-12,0.0016406462567230692,1.5304378574315218e-07
0.3116,89.99996056831571,90.0,0.0013964779291782737,-0.0008487106710589865,-1.7943678798599612e-06,8.954234349177238e-08,12.000000000000032,1.823634611716665e-06,-1.7405684901639838e-05,-2.645134118938708e-12,-2.645134118938708e-12,0.0016292242507079861,1.5196955097638834e-07
0.3118,89.9999608466389,90.0,0.0013867545800449745,-0.0008429065638562415,-1.7821202130587555e-06,8.891032104542157e-08,12.000000000000032,1.810832902497673e-06,-1.7286880373585813e-05,-2.6086376468358645e-12,-2.6086376468358645e-12,0.0016178803433858037,1.5090274187480567e-07
0.312,89.99996112302405,90.0,0.0013770977261180297,-0.0008371411819232274,-1.769954043012507e-06,8.828269948367904e-08,12.000000000000032,1.7981196977750711e-06,-1.71688663784282e-05,-2.5726397352933177e-12,-2.5726397352933177e-12,0.001606614013804368,1.498433081479222e-07
0.31220000000000003,89.99996139748446,90.0,0.001367506923740286,-0.0008314142756351925,-1.757868846431732e-06,8.765944873216254e-08,12.00000000000003,1.7854943983857675e-06,-1.7051637840166714e-05,-2.5371336539100317e-12,-2.5371336539100317e-12,0.001595424744363667,1.4879119986548025e-07
0.3124,89.99996167003324,90.0,0.0013579817321143545,-0.0008257255972287401,-1.7458641039898554e-06,8.704053888982911e-08,12.00000000000003,1.772956408779137e-06,-1.6935189721241985e-05,-2.502112762513872e-12,-2.502112762513872e-12,0.0015843120208000802,1.4774636739826103e-07
0.3126,89.99996194068352,90.0,0.001348521713281306,-0.0008200749007720844,-1.7339393002565668e-06,8.642594022897524e-08,12.000000000000028,1.760505137005827e-06,-1.6819517021889097e-05,-2.4675705099160526e-12,-2.4675705099160526e-12,0.0015732753321615236,1.467087614171519e-07
0.3128,89.99996220944827,90.0,0.0013391264320997583,-0.0008144619410700334,-1.7220939211406857e-06,8.581562328190648e-08,12.000000000000028,1.748139995761454e-06,-1.670461475533293e-05,-2.4335004306320304e-12,-2.4335004306320304e-12,0.0015623141707830515,1.4567833298012083e-07
0.313,89.99996247634039,90.0,0.0013297954562374098,-0.0008088864750732559,-1.7103274571859573e-06,8.520955872537786e-08,12.000000000000028,1.7358604009758998e-06,-1.6590477979757965e-05,-2.399896146527036e-12,-2.399896146527036e-12,0.0015514280322769778,1.4465503341465797e-07
0.31320000000000003,89.99996274137271,90.0,0.001320528356146452,-0.0008033482607781351,-1.6986394010024232e-06,8.460771746726353e-08,12.000000000000028,1.723665772855081e-06,-1.6477101773392114e-05,-2.3667513635538065e-12,-2.3667513635538065e-12,0.0015406164155041943,1.4363881440458975e-07
0.3134,89.99996300455794,90.0,0.0013113247050514898,-0.0007978470579204453,-1.6870292488897718e-06,8.40100705887771e-08,12.000000000000028,1.711555535171469e-06,-1.636448125025352e-05,-2.3340598720067555e-12,-2.3340598720067555e-12,0.0015298788225600716,1.426296279309554e-07
0.3136,89.99996326590875,90.0,0.0013021840789298302,-0.0007923826275925581,-1.6754964999451043e-06,8.34165893733614e-08,12.000000000000028,1.6995291156052968e-06,-1.6252611551495723e-05,-2.301815544699158e-12,-2.301815544699158e-12,0.0015192147587514686,1.4162742630044106e-07
0.3138,89.9999635254377,90.0,0.001293106056495717,-0.0007869547325767028,-1.6640406568441884e-06,8.282724527779869e-08,12.000000000000028,1.6875859453847079e-06,-1.6141487852985955e-05,-2.2700123365247513e-12,-2.2700123365247513e-12,0.0015086237325783367,1.4063216211539198e-07
0.314,89.99996378315726,90.0,0.0012840902191811404,-0.0007815631366076258,-1.6526612241202787e-06,8.224200998999033e-08,12.000000000000027,1.6757254599787974e-06,-1.6031105348609406e-05,-2.23864428202225e-12,-2.23864428202225e-12,0.0014981052557113306,1.3964378833156615e-07
0.31420000000000003,89.99996403907983,90.0,0.0012751361511247985,-0.0007762076054229955,-1.6413577106213003e-06,8.16608553422872e-08,12.000000000000027,1.6639470980371176e-06,-1.5921459274104325e-05,-2.2077054963051655e-12,-2.2077054963051655e-12,0.0014876588429789314,1.386622581697595e-07
0.3144,89.99996429321773,90.0,0.0012662434391492948,-0.0007708879060210189,-1.63012962777737e-06,8.108375336926948e-08,12.000000000000025,1.6522503020808232e-06,-1.5812544890256678e-05,-2.1771901726327598e-12,-2.1771901726327598e-12,0.0014772840123408438,1.3768752517340165e-07
0.3146,89.99996454558317,90.0,0.0012574116727464982,-0.0007656038066400006,-1.6189764895549993e-06,8.05106763077466e-08,12.000000000000025,1.6406345184949756e-06,-1.5704357482455903e-05,-2.147092581375163e-12,-2.147092581375163e-12,0.0014669802848709143,1.3671954320791435e-07
0.3148,89.99996479618832,90.0,0.0012486404440635289,-0.000760355077094048,-1.6078978132438249e-06,7.994159656786738e-08,12.000000000000025,1.6290991971696113e-06,-1.5596892368326346e-05,-2.1174070696317694e-12,-2.1174070696317694e-12,0.0014567471847407836,1.3575826643080067e-07
0.315,89.99996504504524,90.0,0.0012399293478845802,-0.0007551414883924168,-1.596893118569167e-06,7.93764867620099e-08,12.000000000000025,1.6176437918417535e-06,-1.5490144889118904e-05,-2.088128059551034e-12,-2.088128059551034e-12,0.0014465842391986766,1.3480364932014583e-07
0.31520000000000004,89.99996529216591,90.0,0.0012312779816172962,-0.0007499628130757638,-1.5859619284799904e-06,7.88153196758916e-08,12.000000000000025,1.6062677597366885e-06,-1.5384110417354405e-05,-2.059250047968805e-12,-2.059250047968805e-12,0.0014364909785535124,1.3385564664472378e-07
0.3154,89.99996553756223,90.0,0.0012226859452752015,-0.0007448188255468835,-1.5751037699244996e-06,7.825806823967948e-08,12.000000000000025,1.5949705612071654e-06,-1.5278784364347e-05,-2.0307676060138123e-12,-2.0307676060138123e-12,0.001426466936154402,1.329142134339302e-07
0.3156,89.99996578124606,90.0,0.001214152841456387,-0.0007397093009751355,-1.5643181712917592e-06,7.770470561465962e-08,12.000000000000025,1.5837516607768855e-06,-1.5174162155387436e-05,-2.002675376207714e-12,-2.002675376207714e-12,0.0014165116483657847,1.3197930506474017e-07
0.3158,89.9999660232291,90.0,0.0012056782753346283,-0.0007346340159945851,-1.5536046640450442e-06,7.715520513545756e-08,12.000000000000025,1.5726105264327092e-06,-1.5070239245586849e-05,-1.9749680727890966e-12,-1.9749680727890966e-12,0.0014066246545570665,1.3105087720272548e-07
0.316,89.99996626352306,90.0,0.00119726185464275,-0.0007295927486807761,-1.5429627826698008e-06,7.660954031003814e-08,12.000000000000023,1.5615466296159071e-06,-1.4967011119371966e-05,-1.9476404807399212e-12,-1.9476404807399212e-12,0.0013968054970832085,1.3012888580132535e-07
0.31620000000000004,89.9999665021395,90.0,0.001188903189656035,-0.0007245852788828368,-1.5323920654523108e-06,7.606768479081575e-08,12.000000000000023,1.5505594448618794e-06,-1.486447329803829e-05,-1.9206874554308698e-12,-1.9206874554308698e-12,0.001387053721265374,1.2921328707182304e-07
0.3164,89.99996673908994,90.0,0.0011806018931719254,-0.0007196113871293227,-1.5218920519244823e-06,7.552961246132392e-08,12.000000000000021,1.5396484508441798e-06,-1.4762621314964115e-05,-1.8941039198319775e-12,-1.8941039198319775e-12,0.001377368875367246,1.2830403757034808e-07
0.3166,89.99996697438583,90.0,0.0011723575805022133,-0.0007146708556831287,-1.5114622853311322e-06,7.499529734954568e-08,12.000000000000021,1.5288131293157154e-06,-1.4661450739543612e-05,-1.8678848654524866e-12,-1.8678848654524866e-12,0.0013677505105859156,1.274010941096427e-07
0.3168,89.99996720803851,90.0,0.0011641698694531933,-0.0007097634681585026,-1.5011023117373186e-06,7.44647136568034e-08,12.000000000000021,1.5180529654498813e-06,-1.4560957168527783e-05,-1.842025350789356e-12,-1.842025350789356e-12,0.0013581981810287256,1.265044137874899e-07
0.317,89.99996744005928,90.0,0.0011560383803102744,-0.0007048890094995611,-1.4908116799802084e-06,7.393783575775887e-08,12.000000000000021,1.5073674478324724e-06,-1.4461136225557579e-05,-1.8165205004230335e-12,-1.8165205004230335e-12,0.0013487114436953201,1.2561395398603914e-07
0.31720000000000004,89.99996767045933,90.0,0.0011479627358224732,-0.0007000472659586384,-1.4805899416205648e-06,7.341463820041326e-08,12.000000000000021,1.4967560684535333e-06,-1.4361983560693311e-05,-1.7913655041247966e-12,-1.7913655041247966e-12,0.0013392898584595522,1.2472967237112755e-07
0.3174,89.9999678992498,90.0,0.0011399425611876934,-0.00069523802472046,-1.470436650066126e-06,7.289509573499699e-08,12.000000000000021,1.4862183230511834e-06,-1.4263494841911278e-05,-1.7665556153995455e-12,-1.7665556153995455e-12,0.001329932988052309,1.2385152692093172e-07
0.3176,89.99996812644174,90.0,0.0011319774840420163,-0.0006904610749530037,-1.46035136302981e-06,7.237918322730008e-08,12.000000000000021,1.4757537100512992e-06,-1.4165665778948776e-05,-1.7420861523858622e-12,-1.7420861523858622e-12,0.001320640398049019,1.2297947583760805e-07
0.3178,89.99996835204614,90.0,0.0011240671344367563,-0.0006857162067096505,-1.4503336399662321e-06,7.186687574534183e-08,12.000000000000021,1.4653617316101434e-06,-1.4068492098437879e-05,-1.7179524952092096e-12,-1.7179524952092096e-12,0.0013114116568428823,1.221134776341784e-07
0.318,89.99996857607393,90.0,0.0011162111448286575,-0.0006810032116260373,-1.4403830437021708e-06,7.135814850159098e-08,12.000000000000021,1.4550418929060872e-06,-1.3971969559721235e-05,-1.6941500863169149e-12,-1.6941500863169149e-12,0.0013022463356334338,1.2125349107550705e-07
0.31820000000000004,89.9999687985359,90.0,0.0011084091500613979,-0.0006763218821836893,-1.4304991387175681e-06,7.085297691074564e-08,12.000000000000021,1.4447937028330132e-06,-1.387609393817747e-05,-1.6706744284831767e-12,-1.6706744284831767e-12,0.001293144008404964,1.2039947523608422e-07
0.3184,89.99996901944284,90.0,0.0011006607873562614,-0.00067167201240754,-1.420681492777491e-06,7.035133653195331e-08,12.00000000000002,1.4346166732922901e-06,-1.37808610410515e-05,-1.6475210851513829e-12,-1.6475210851513829e-12,0.0012841042519156382,1.1955138944102397e-07
0.3186,89.99996923880542,90.0,0.0010929656962941855,-0.0006670533974855919,-1.4109296760453965e-06,6.985320309770089e-08,12.00000000000002,1.4245103195348962e-06,-1.3686266698853054e-05,-1.624685679035245e-12,-1.624685679035245e-12,0.0012751266456765497,1.1870919329457448e-07
0.31880000000000003,89.99996945663429,90.0,0.001085323518802531,-0.0006624658341057165,-1.4012432618723162e-06,6.935855248492482e-08,12.000000000000018,1.4144741598029027e-06,-1.3592306773011887e-05,-1.602163891878272e-12,-1.602163891878272e-12,0.001266210771936286,1.1787284665024171e-07
0.319,89.99996967293997,90.0,0.0010777338991379453,-0.0006579091200764539,-1.3916218259126736e-06,6.886736074390084e-08,12.000000000000018,1.4045077156720325e-06,-1.3498977147301069e-05,-1.5799514630887304e-12,-1.5799514630887304e-12,0.001257356215660936,1.1704230963933587e-07
0.31920000000000004,89.99996988773296,90.0,0.0010701964838733989,-0.0006533830546641842,-1.3820649469142994e-06,6.837960406935421e-08,12.000000000000018,1.394610511693282e-06,-1.340627373550026e-05,-1.5580441895138496e-12,-1.5580441895138496e-12,0.0012485625645189651,1.1621754264110666e-07
0.3194,89.99997010102364,90.0,0.0010627109218816265,-0.000648887437859466,-1.372572205005497e-06,6.789525885823947e-08,12.000000000000018,1.3847820760873427e-06,-1.3314192464779955e-05,-1.5364379235670345e-12,-1.5364379235670345e-12,0.0012398294088618975,1.1539850634061172e-07
0.3196,89.99997031282236,90.0,0.0010552768643268058,-0.0006444220714312294,-1.363143184160711e-06,6.741430162307076e-08,12.000000000000018,1.3750219396855406e-06,-1.3222729299618892e-05,-1.5151285741248977e-12,-1.5151285741248977e-12,0.0012311563417146067,1.1458516164046155e-07
0.31980000000000003,89.99997052313938,90.0,0.0010478939646440576,-0.0006399867581876107,-1.3537774704752605e-06,6.693670904970155e-08,12.000000000000018,1.365329636622187e-06,-1.3131880225068666e-05,-1.4941121046549213e-12,-1.4941121046549213e-12,0.0012225429587514004,1.1377746971851541e-07
0.32,89.99997073198492,90.0,0.001040561878527659,-0.0006355813019594963,-1.34447465212847e-06,6.646245799732474e-08,12.000000000000018,1.3557047043283808e-06,-1.3041641246396095e-05,-1.4733845324918507e-12,-1.4733845324918507e-12,0.001213988858282269,1.129753920273649e-07
0.32020000000000004,89.99997093936908,90.0,0.001033280263919302,-0.0006312055082946691,-1.3352343210080687e-06,6.599152544069278e-08,12.000000000000018,1.3461466828227143e-06,-1.2952008404840174e-05,-1.4529419291722907e-12,-1.4529419291722907e-12,0.0012054936412391854,1.1217889023522603e-07
0.3204,89.99997114530193,90.0,0.0010260487809884663,-0.0006268591833645922,-1.3260560701570914e-06,6.552388855678741e-08,12.000000000000018,1.3366551157556472e-06,-1.2862977752846567e-05,-1.4327804180994512e-12,-1.4327804180994512e-12,0.0011970569111532108,1.1138792631297043e-07
0.3206,89.99997134979346,90.0,0.0010188670921251054,-0.000622542135020008,-1.3169394962426973e-06,6.505952463814996e-08,12.000000000000018,1.327229549350967e-06,-1.2774545378015584e-05,-1.4128961754355897e-12,-1.4128961754355897e-12,0.0011886782741459562,1.1060246244591375e-07
0.32080000000000003,89.99997155285361,90.0,0.00101173486192067,-0.0006182541720539023,-1.3078841978356738e-06,6.459841115066114e-08,12.000000000000018,1.31786953309895e-06,-1.2686707386413062e-05,-1.3932854283245964e-12,-1.3932854283245964e-12,0.0011803573389074485,1.09822461091579e-07
0.321,89.99997175449221,90.0,0.001004651757157094,-0.0006139951041861228,-1.2988897753759745e-06,6.414052573354106e-08,12.000000000000018,1.308574619750564e-06,-1.2599459902236085e-05,-1.373944454219253e-12,-1.373944454219253e-12,0.0011720937166832764,1.090478849792135e-07
0.32120000000000004,89.99997195471909,90.0,0.0009976174467961965,-0.0006097647431143978,-1.2899558336312754e-06,6.368584611267943e-08,12.000000000000016,1.2993443642572145e-06,-1.2512799091661403e-05,-1.3548695817360848e-12,-1.3548695817360848e-12,0.0011638870212622291,1.0827869702143439e-07
0.3214,89.99997215354394,90.0,0.0009906316019572148,-0.0006055629010618801,-1.2810819783044156e-06,6.323435021619535e-08,12.000000000000016,1.2901783251651854e-06,-1.2426721129937012e-05,-1.3360571878930779e-12,-1.3360571878930779e-12,0.001155736868950084,1.0751486043043197e-07
0.3216,89.99997235097644,90.0,0.0009836938959105397,-0.0006013893914789421,-1.272267817674934e-06,6.278601611665734e-08,12.000000000000016,1.281076063909221e-06,-1.2341222217305357e-05,-1.3175036984978795e-12,-1.3175036984978795e-12,0.0011476428785622964,1.0675633865910162e-07
0.32180000000000003,89.99997254702618,90.0,0.0009768040040638235,-0.0005972440290237797,-1.2635129625556124e-06,6.234082203108343e-08,12.000000000000014,1.272037144805225e-06,-1.225629857858178e-05,-1.2992055874816239e-12,-1.2992055874816239e-12,0.0011396046714077942,1.0600309540043529e-07
0.322,89.99997274170268,90.0,0.0009699616039480675,-0.0005931266298982579,-1.2548170270795208e-06,6.189874629205119e-08,12.000000000000014,1.2630611346913844e-06,-1.2171946470789003e-05,-1.2811593767331278e-12,-1.2811593767331278e-12,0.0011316218712727455,1.0525509455761524e-07
0.32220000000000004,89.99997293501544,90.0,0.0009631663751998849,-0.0005890370111126023,-1.2461796269833921e-06,6.145976740547762e-08,12.000000000000014,1.2541476036219708e-06,-1.208816216650557e-05,-1.2633616344430595e-12,-1.2633616344430595e-12,0.0011236941043998657,1.0451230030183077e-07
0.3224,89.99997312697381,90.0,0.0009564179995524335,-0.0005849749904727384,-1.2376003795792554e-06,6.102386405061909e-08,12.000000000000014,1.245296124862581e-06,-1.2004941953590662e-05,-1.2458089745005545e-12,-1.2458089745005545e-12,0.0011158209994778393,1.0377467707188162e-07
0.3226,89.99997331758718,90.0,0.0009497161608261273,-0.0005809403876331377,-1.229078906217087e-06,6.059101499340162e-08,12.000000000000014,1.2365062738305577e-06,-1.1922282159072274e-05,-1.2284980573392482e-12,-1.2284980573392482e-12,0.0011080021876304818,1.0304218948587969e-07
0.32280000000000003,89.9999735068648,90.0,0.0009430605449075284,-0.0005769330230015295,-1.2206148297270689e-06,6.016119917309067e-08,12.000000000000014,1.227777629138591e-06,-1.1840179124336647e-05,-1.2114255878211893e-12,-1.2114255878211893e-12,0.0011002373023921166,1.0231480242821581e-07
0.323,89.99997369481589,90.0,0.0009364508397405927,-0.0005729527180819509,-1.2122077752227726e-06,5.973439567340112e-08,12.000000000000014,1.2191097722385503e-06,-1.1758629212919311e-05,-1.1945883151333007e-12,-1.1945883151333007e-12,0.0010925259796973584,1.0159248101987907e-07
0.32320000000000004,89.9999738814496,90.0,0.000929886735314305,-0.0005689992958127523,-1.203857370893045e-06,5.93105836936075e-08,12.000000000000014,1.210502287063422e-06,-1.1677628818186505e-05,-1.177983032657706e-12,-1.177983032657706e-12,0.0010848678578666891,1.0087519058861838e-07
0.3234,89.99997406677502,90.0,0.0009233679236461688,-0.0005650725794777306,-1.195563245458654e-06,5.8889742635213556e-08,12.000000000000014,1.2019547610733253e-06,-1.1597174338664193e-05,-1.1616065759462336e-12,-1.1616065759462336e-12,0.0010772625775871969,1.0016289675611033e-07
0.3236,89.99997425080117,90.0,0.0009168940987782247,-0.0005611723944769272,-1.1873250323126744e-06,5.8471851957502876e-08,12.000000000000014,1.1934667834955983e-06,-1.1517262218200546e-05,-1.1454558245192641e-12,-1.1454558245192641e-12,0.0010697097819079287,9.945556529129974e-08
0.32380000000000003,89.99997443353703,90.0,0.0009104649567527769,-0.0005572985665163789,-1.1791423652917098e-06,5.805689132198829e-08,12.000000000000014,1.1850379470698599e-06,-1.143788890494604e-05,-1.1295276988941973e-12,-1.1295276988941973e-12,0.0010622091162115729,9.875316225582154e-08
0.324,89.9999746149915,90.0,0.000904080195608935,-0.0005534509230243746,-1.1710148819873499e-06,5.764484047685233e-08,12.000000000000014,1.176667846639936e-06,-1.1359050883475175e-05,-1.1138191619110152e-12,-1.1138191619110152e-12,0.0010547602282104242,9.805565388666122e-08
0.3242,89.99997479517343,90.0,0.0008977395153628809,-0.0005496292917028173,-1.1629422203621603e-06,5.723567937250681e-08,12.000000000000014,1.1683560805497447e-06,-1.1280744641960993e-05,-1.0983272162970052e-12,-1.0983272162970052e-12,0.001047362767923361,9.736300671247862e-08
0.3244,89.9999749740916,90.0,0.0008914426180047811,-0.0005458335022992698,-1.154924022892872e-06,5.682938801714332e-08,12.000000000000014,1.1601022488838524e-06,-1.1202966712364722e-05,-1.0830489064321032e-12,-1.0830489064321032e-12,0.0010400163876722445,9.667518740698759e-08
0.3246,89.99997515175474,90.0,0.0008851892074751518,-0.0005420633847975972,-1.1469599323435948e-06,5.6425946621182744e-08,12.000000000000014,1.151905955212872e-06,-1.1125713629435224e-05,-1.0679813154782862e-12,-1.0679813154782862e-12,0.0010327207420543437,9.599216293440587e-08
0.32480000000000003,89.9999753281715,90.0,0.0008789789896625422,-0.000538318770480546,-1.1390495942502774e-06,5.602533551060555e-08,12.000000000000012,1.1437668055375535e-06,-1.1048981954808688e-05,-1.0531215662411329e-12,-1.0531215662411329e-12,0.0010254754879396326,9.53139004614627e-08
0.325,89.99997550335053,90.0,0.0008728116723881623,-0.0005345994922635528,-1.1311926577031896e-06,5.5627535098061865e-08,12.000000000000012,1.1356844079291395e-06,-1.0972768284598842e-05,-1.0384668210531886e-12,-1.0384668210531886e-12,0.0010182802844528561,9.46403673274282e-08
0.3252,89.99997567730034,90.0,0.0008666869653875903,-0.0005309053832481161,-1.1233887719674168e-06,5.5232525998431146e-08,12.000000000000012,1.1276583739260077e-06,-1.0897069216615156e-05,-1.0240142794472823e-12,-1.0240142794472823e-12,0.0010111347929521888,9.397153116050054e-08
0.3254,89.99997585002944,90.0,0.0008606045803084202,-0.0005272362781395987,-1.115637589797781e-06,5.484028891326249e-08,12.00000000000001,1.1196883171261773e-06,-1.0821881382518158e-05,-1.009761179444238e-12,-1.009761179444238e-12,0.0010040386770264903,9.33073597605147e-08
0.3256,89.99997602154627,90.0,0.0008545642306919335,-0.0005235920125110929,-1.1079387657203625e-06,5.445080468855451e-08,12.00000000000001,1.111773853880805e-06,-1.0747201431149901e-05,-9.957047961285682e-13,-9.957047961285682e-13,0.0009969916024739223,9.264782115673366e-08
0.32580000000000003,89.99997619185922,90.0,0.0008485656319632049,-0.0005199724231448766,-1.1002919568321166e-06,5.4064054285865385e-08,12.00000000000001,1.1039146029374198e-06,-1.0673026036290373e-05,-9.81842441582685e-13,-9.81842441582685e-13,0.0009899932372904056,9.199288357811823e-08
0.326,89.99997636097659,90.0,0.0008426085014171488,-0.00051637734765766,-1.0926968219266542e-06,5.3680018811202786e-08,12.00000000000001,1.096110185784153e-06,-1.0599351888177423e-05,-9.681714639451465e-13,-9.681714639451465e-13,0.0009830432516533402,9.134251548201268e-08
0.3262,89.99997652890666,90.0,0.0008366925582090562,-0.0005128066248426438,-1.0851530222952076e-06,5.3298679486133967e-08,12.00000000000001,1.0883602262932008e-06,-1.0526175701276266e-05,-9.546892473535849e-13,-9.546892473535849e-13,0.0009761413179105655,9.069668552443332e-08
0.3264,89.99997669565762,90.0,0.0008308175233411625,-0.0005092600939402205,-1.077660220023469e-06,5.2920017705565556e-08,12.00000000000001,1.0806643514168919e-06,-1.0453494197758518e-05,-9.413932106050786e-13,-9.413932106050786e-13,0.0009692871105646894,9.005536261807425e-08
0.3266,89.99997686123764,90.0,0.0008249831196572543,-0.0005057375960515315,-1.0702180812969985e-06,5.254401492218399e-08,12.00000000000001,1.073022189778598e-06,-1.0381304139565242e-05,-9.282808083828259e-13,-9.282808083828259e-13,0.0009624803062667966,8.941851581488309e-08
0.32680000000000003,89.99997702565481,90.0,0.0008191890718217639,-0.0005022389726881903,-1.0628262730135457e-06,5.2170652762015065e-08,12.00000000000001,1.065433373068e-06,-1.030960229554586e-05,-9.153495290610843e-13,-9.153495290610843e-13,0.000955720583792058,8.878611442233326e-08
0.327,89.99997718891719,90.0,0.0008134351063147481,-0.0004987640668310865,-1.0554844652590502e-06,5.179991293775429e-08,12.00000000000001,1.0578975349837587e-06,-1.0238385465475796e-05,-9.025968955116982e-13,-9.025968955116982e-13,0.0009490076240338728,8.815812791531315e-08
0.3272,89.99997735103275,90.0,0.0008077209514150767,-0.0004953127221963695,-1.0481923295939103e-06,5.1431777306546635e-08,12.00000000000001,1.050414311927806e-06,-1.0167650463432994e-05,-8.900204637891165e-13,-8.900204637891165e-13,0.000942341109984256,8.753452599398376e-08
0.3274,89.99997751200944,90.0,0.000802046337192203,-0.0004918847832239581,-1.0409495390272394e-06,5.106622786998655e-08,12.00000000000001,1.0429833430010194e-06,-1.009739411754818e-05,-8.776178226932682e-13,-8.776178226932682e-13,0.0009357207267242369,8.691527858341821e-08
0.3276,89.99997767185513,90.0,0.0007964109954977489,-0.000488480095776334,-1.0337557696516785e-06,5.070324671633821e-08,12.00000000000001,1.035604269295671e-06,-1.0027613285862843e-05,-8.653865941404619e-13,-8.653865941404619e-13,0.0009291461614140403,8.630035577463917e-08
0.32780000000000004,89.99997783057766,90.0,0.0007908146599491546,-0.00048509850640516926,-1.0266106989311093e-06,5.0342816078315234e-08,12.00000000000001,1.0282767345899623e-06,-9.958304839719756e-06,-8.533244318865367e-13,-8.533244318865367e-13,0.0009226171032740136,8.568972788249678e-08
0.328,89.9999779881848,90.0,0.000785257065921807,-0.0004817398626956073,-1.0195140065065987e-06,4.998491830419084e-08,12.00000000000001,1.0210003849923226e-06,-9.889465671580764e-06,-8.41429021504359e-13,-8.41429021504359e-13,0.0009161332435754416,8.50833654160268e-08
0.3282,89.99997814468426,90.0,0.0007797379505373434,-0.0004784040132499315,-1.0124653741598068e-06,4.9629535857797825e-08,12.00000000000001,1.0137748689352612e-06,-9.821092694671849e-06,-8.296980799451663e-13,-8.296980799451663e-13,0.0009096942756269006,8.448123907793835e-08
0.3284,89.99997830008373,90.0,0.0007742570526518505,-0.0004750908076710881,-1.0054644857760717e-06,4.927665131852861e-08,12.00000000000001,1.006599837169166e-06,-9.753182842625034e-06,-8.181293551056213e-13,-8.181293551056213e-13,0.0009032998947604922,8.38833197640971e-08
0.3286,89.9999784543908,90.0,0.0007688141128444472,-0.0004718000965467442,-9.9851102730869e-07,4.8926247381335146e-08,12.00000000000001,9.994749427563012e-07,-9.685733069131915e-06,-8.067206254019521e-13,-8.067206254019521e-13,0.0008969497983185217,8.328957856302503e-08
0.32880000000000004,89.99997860761306,90.0,0.0007634088734059273,-0.00046853173107815993,-9.916046859128225e-07,4.85783068856189e-08,12.00000000000001,9.923998414164024e-07,-9.618740339542372e-06,-7.954696989656162e-13,-7.954696989656162e-13,0.0008906436856402485,8.269998678470013e-08
0.329,89.99997875975801,90.0,0.0007580410783319004,-0.0004652855637811524,-9.847451515851683e-07,4.823281275745103e-08,12.00000000000001,9.853741908199445e-07,-9.55220164676971e-06,-7.84374414019553e-13,-7.84374414019553e-13,0.0008843812580538838,8.211451590166197e-08
0.3292,89.99997891083312,90.0,0.0007527104733075574,-0.0004620614481095544,-9.779321162857434e-07,4.7889748038462264e-08,12.00000000000001,9.78397650931697e-07,-9.486114002771762e-06,-7.734326380651801e-13,-7.734326380651801e-13,0.000878162218858817,8.153313757764134e-08
0.3294,89.99997906084582,90.0,0.0007474168056970207,-0.00045885923844034304,-9.711652739045594e-07,4.7549095885842936e-08,12.000000000000009,9.714698840051273e-07,-9.42047443822765e-06,-7.626422674815229e-13,-7.626422674815229e-13,0.0008719862733131908,8.095582366709388e-08
0.3296,89.99997920980344,90.0,0.000742159824532741,-0.00045567878970356567,-9.644443193978892e-07,4.721083960123283e-08,12.000000000000009,9.645905549283908e-07,-9.35527999415942e-06,-7.520012267563917e-13,-7.520012267563917e-13,0.0008658531286215309,8.03825462440325e-08
0.32980000000000004,89.99997935771331,90.0,0.0007369392805091361,-0.0004525199580839981,-9.577689504294995e-07,4.687496257294145e-08,12.000000000000009,9.57759330517862e-07,-9.290527737852288e-06,-7.415074688635857e-13,-7.415074688635857e-13,0.0008597624939273255,7.981327754315511e-08
0.33,89.9999795045827,90.0,0.0007317549259683116,-0.00044938260029066604,-9.511388656648456e-07,4.654144833372779e-08,12.000000000000009,9.509758802137522e-07,-9.226214746308028e-06,-7.311589741176142e-13,-7.311589741176142e-13,0.0008537140802963635,7.924799001781263e-08
0.3302,89.9999796504188,90.0,0.0007266065148939795,-0.00044626657461416735,-9.445537672437532e-07,4.6210280474130595e-08,12.000000000000009,9.442398750222282e-07,-9.162338130230412e-06,-7.209537509166795e-13,-7.209537509166795e-13,0.0008477076007096428,7.86866562518523e-08
0.3304,89.99997979522878,90.0,0.0007214938028932634,-0.00044317173983545285,-9.380133582317906e-07,4.5881442729138125e-08,12.000000000000007,9.375509885605357e-07,-9.098895009303085e-06,-7.108898342317189e-13,-7.108898342317189e-13,0.0008417427700421405,7.812924904671126e-08
0.3306,89.99997993901978,90.0,0.0007164165471912504,-0.00044009795557349216,-9.315173434337975e-07,4.555491894929823e-08,12.000000000000007,9.309088967025731e-07,-9.035882520080928e-06,-7.009652856252165e-13,-7.009652856252165e-13,0.0008358193050564588,7.757574139188104e-08
0.33080000000000004,89.99998008179885,90.0,0.0007113745066212664,-0.0004370450826269647,-9.250654301940267e-07,4.523069307182843e-08,12.000000000000007,9.243132772222171e-07,-8.973297823751582e-06,-6.911781932469007e-13,-6.911781932469007e-13,0.0008299369243914775,7.702610643518471e-08
0.331,89.999980223573,90.0,0.0007063674416114566,-0.0004340129822449809,-9.186573266930289e-07,4.490874917839574e-08,12.000000000000007,9.177638104893971e-07,-8.91113808961492e-06,-6.815266707435159e-13,-6.815266707435159e-13,0.0008240953485466993,7.648031754078306e-08
0.3312,89.99998036434923,90.0,0.0007013951141794524,-0.000431001517185451,-9.122927444226762e-07,4.458907140844695e-08,12.000000000000007,9.112601784126005e-07,-8.849400519091216e-06,-6.720088579893013e-13,-6.720088579893013e-13,0.0008182942998760279,7.593834820105e-08
0.33140000000000003,89.99998050413443,90.0,0.0006964572879152791,-0.0004280105502701319,-9.059713948104133e-07,4.4271644074768267e-08,12.000000000000007,9.048020658361428e-07,-8.788082312975791e-06,-6.626229192932133e-13,-6.626229192932133e-13,0.0008125335025678255,7.540017215301186e-08
0.3316,89.99998064293548,90.0,0.0006915537279805261,-0.0004250399458045557,-8.996929925389387e-07,4.395645154792566e-08,12.000000000000007,8.98389159133479e-07,-8.7271807036405e-06,-6.533670444957923e-13,-6.533670444957923e-13,0.0008068126826439472,7.48657632611232e-08
0.33180000000000004,89.99998078075924,90.0,0.0006866842010914432,-0.00042208956884388416,-8.934572538321859e-07,4.3643478314044674e-08,12.000000000000007,8.92021146901445e-07,-8.666692938407447e-06,-6.442394478967384e-13,-6.442394478967384e-13,0.0008011315679400171,7.433509557512037e-08
0.332,89.99998091761248,90.0,0.0006818484755101547,-0.0004191592855359134,-8.872638972584081e-07,4.3332708945920584e-08,12.000000000000007,8.856977196040757e-07,-8.606616287339056e-06,-6.352383682669579e-13,-6.352383682669579e-13,0.0007954898880951804,7.380814330033959e-08
0.3322,89.99998105350191,90.0,0.0006770463210323603,-0.00041624896203808605,-8.811126411999941e-07,4.302412818968801e-08,12.000000000000007,8.79418570620832e-07,-8.54694801869483e-06,-6.263620674809295e-13,-6.263620674809295e-13,0.0007898873745377536,7.328488088506929e-08
0.33240000000000003,89.99998118843426,90.0,0.0006722775089871017,-0.00041335846629352306,-8.750032080055838e-07,4.271772082037149e-08,12.000000000000007,8.731833944886612e-07,-8.487685439207604e-06,-6.176088319299396e-13,-6.176088319299396e-13,0.0007843237604849519,7.276528287405505e-08
0.3326,89.99998132241616,90.0,0.0006675418122163018,-0.000410487666581369,-8.689353206037835e-07,4.241347175744502e-08,12.000000000000007,8.669918882974954e-07,-8.428825861235995e-06,-6.089769707969796e-13,-6.089769707969796e-13,0.0007787987809190189,7.224932402479124e-08
0.33280000000000004,89.9999814554542,90.0,0.0006628390050709388,-0.00040763643222199285,-8.629087041523346e-07,4.21113660070523e-08,12.000000000000007,8.608437509851135e-07,-8.370366618761624e-06,-6.004648164346111e-13,-6.004648164346111e-13,0.0007733121725827621,7.173697924875941e-08
0.333,89.99998158755496,90.0,0.0006581688633991882,-0.00040480463320516027,-8.56923085170451e-07,4.181138869089664e-08,12.000000000000007,8.547386836824744e-07,-8.31230505897263e-06,-5.920707237061195e-13,-5.920707237061195e-13,0.0007678636739657195,7.122822364020616e-08
0.3332,89.99998171872492,90.0,0.0006535311645386308,-0.00040199214053442486,-8.509781923450092e-07,4.151352501735099e-08,12.000000000000007,8.486763893580556e-07,-8.254638550083865e-06,-5.837930700117487e-13,-5.837930700117487e-13,0.0007624530252950693,7.072303244650459e-08
0.33340000000000003,89.99998184897058,90.0,0.0006489256873047581,-0.00039919882585580727,-8.450737556640221e-07,4.121776031034792e-08,12.000000000000007,8.426565731633763e-07,-8.197364472931433e-06,-5.756302546443002e-13,-5.756302546443002e-13,0.000757079968522218,7.022138109694799e-08
0.3336,89.99998197829834,90.0,0.0006443522119834888,-0.00039642456180261765,-8.392095072237963e-07,4.092407998048969e-08,12.000000000000007,8.366789420775002e-07,-8.140480228802257e-06,-5.675806988197562e-13,-5.675806988197562e-13,0.0007517442473140703,6.972324517312497e-08
0.33380000000000004,89.99998210671457,90.0,0.0006398105203199775,-0.0003936692219798299,-8.333851811939217e-07,4.063246952504823e-08,12.000000000000007,8.307432049011542e-07,-8.08398323909448e-06,-5.596428453677131e-13,-5.596428453677131e-13,0.0007464456070399738,6.922860040842948e-08
0.334,89.99998223422563,90.0,0.0006353003955073839,-0.00039093268023785745,-8.276005121210002e-07,4.0342914585744973e-08,12.000000000000007,8.24849072953951e-07,-8.027870928863319e-06,-5.518151577889065e-13,-5.518151577889065e-13,0.0007411837947586147,6.873742274616254e-08
0.3342,89.9999823608378,90.0,0.0006308216221841329,-0.00038821481173454195,-8.218552374117814e-07,4.005540086208113e-08,12.000000000000007,8.1899625901826e-07,-7.972140750907934e-06,-5.44096120946718e-13,-5.44096120946718e-13,0.0007359585592148218,6.824968825152163e-08
0.33440000000000003,89.99998248655733,90.0,0.0006263739864188853,-0.00038551549220362585,-8.161490956250078e-07,3.9769914169117504e-08,12.000000000000007,8.131844780344339e-07,-7.916790169202017e-06,-5.364842401208896e-13,-5.364842401208896e-13,0.0007307696508220328,6.776537316953612e-08
0.3346,89.99998261139042,90.0,0.0006219572757039384,-0.00038283459830080856,-8.104818272813374e-07,3.9486440408584595e-08,12.000000000000007,8.074134467457775e-07,-7.861816666750187e-06,-5.289780410486805e-13,-5.289780410486805e-13,0.0007256168216545948,6.728445389548142e-08
0.33480000000000004,89.99998273534324,90.0,0.0006175712789446863,-0.0003801720072337599,-8.04853173999805e-07,3.920496559777248e-08,12.000000000000007,8.016828840445705e-07,-7.807217737211512e-06,-5.215760693276373e-13,-5.215760693276373e-13,0.0007204998254354674,6.680690700371416e-08
0.335,89.99998285842192,90.0,0.0006132157864533684,-0.0003775275974639333,-7.99262880139402e-07,3.892547581175102e-08,12.000000000000007,7.959925102656551e-07,-7.752990900823123e-06,-5.142768907677481e-13,-5.142768907677481e-13,0.0007154184175289298,6.633270918880455e-08
0.3352,89.99998298063252,90.0,0.0006088905899346301,-0.0003749012476205903,-7.937106902621967e-07,3.864795727003958e-08,12.000000000000007,7.903420482335381e-07,-7.699133679792032e-06,-5.070790901758874e-13,-5.070790901758874e-13,0.0007103723549237351,6.586183735279481e-08
0.33540000000000003,89.9999831019811,90.0,0.0006045954824835256,-0.0003722928379190994,-7.881963524493677e-07,3.837239622104741e-08,12.000000000000007,7.847312218550856e-07,-7.64564363046124e-06,-4.999812723333665e-13,-4.999812723333665e-13,0.0007053613962307798,6.539426848792376e-08
0.3356,89.99998322247365,90.0,0.0006003302585674666,-0.0003697022483593724,-7.827196140918828e-07,3.809877908652314e-08,12.000000000000007,7.791597578678543e-07,-7.5925183024785815e-06,-4.929820601805384e-13,-4.929820601805384e-13,0.0007003853016620443,6.492997982232115e-08
0.33580000000000004,89.99998334211611,90.0,0.0005960947140286178,-0.0003671293605055669,-7.772802260508388e-07,3.7827092317105294e-08,12.000000000000007,7.736273840835323e-07,-7.5397552791527585e-06,-4.860800961034123e-13,-4.860800961034123e-13,0.0006954438330333874,6.446894867362765e-08
0.336,89.99998346091442,90.0,0.0005918886460660699,-0.00036457405639538196,-7.718779401099891e-07,3.7557322478991983e-08,12.000000000000007,7.681338304332591e-07,-7.4873521527423996e-06,-4.792740407407271e-13,-4.792740407407271e-13,0.0006905367537437484,6.401115253610489e-08
0.3362,89.99998357887443,90.0,0.0005877118532302924,-0.000362036218532311,-7.665125089583857e-07,3.728945625394091e-08,12.000000000000007,7.626788289647112e-07,-7.435306524287693e-06,-4.725625727447843e-13,-4.725625727447843e-13,0.0006856638287686744,6.355656908039256e-08
0.33640000000000003,89.999983696002,90.0,0.000583564135417893,-0.00035951573058886916,-7.611836878351264e-07,3.702348038148958e-08,12.000000000000005,7.572621131362211e-07,-7.383616019564719e-06,-4.659443891301692e-13,-4.659443891301692e-13,0.0006808248246542085,6.310517609468507e-08
0.3366,89.99998381230291,90.0,0.00057944529385815,-0.0003570124770325158,-7.558912336566513e-07,3.6759381687845146e-08,12.000000000000005,7.518834181612593e-07,-7.332278280620075e-06,-4.594182047118484e-13,-4.594182047118484e-13,0.000676019509501175,6.265695151343826e-08
0.33680000000000004,89.99998392778292,90.0,0.0005753551311040249,-0.00035452634275783576,-7.506349041580612e-07,3.64971471147744e-08,12.000000000000005,7.465424813552781e-07,-7.281290957441511e-06,-4.5298275156984434e-13,-4.5298275156984434e-13,0.0006712476529546958,6.221187344627316e-08
0.337,89.99998404244775,90.0,0.0005712934510270976,-0.000352057213434738,-7.454144587078394e-07,3.623676369071378e-08,12.000000000000005,7.412390417814828e-07,-7.230651715860877e-06,-4.4663677911002904e-13,-4.4663677911002904e-13,0.0006665090261982804,6.176992014845687e-08
0.3372,89.99998415630307,90.0,0.0005672600588087796,-0.0003496049758514593,-7.402296591109357e-07,3.5978218501879564e-08,12.000000000000005,7.359728398946513e-07,-7.180358245344175e-06,-4.403790541072438e-13,-4.403790541072438e-13,0.0006618034019435761,6.133106999122091e-08
0.33740000000000003,89.99998426935453,90.0,0.000563254760927598,-0.0003471695171862654,-7.350802679078451e-07,3.572149875004756e-08,12.000000000000005,7.307436182375782e-07,-7.130408242492326e-06,-4.342083598858242e-13,-4.342083598858242e-13,0.000657130554415531,6.089530151979816e-08
0.3376,89.9999843816077,90.0,0.0005592773651545061,-0.0003447507253561754,-7.299660491905083e-07,3.546659172366331e-08,12.000000000000005,7.255511210870442e-07,-7.080799418955548e-06,-4.281234963846406e-13,-4.281234963846406e-13,0.0006524902593469237,6.046259342392032e-08
0.3378,89.99998449306818,90.0,0.000555327680544638,-0.0003423484890054492,-7.248867685765177e-07,3.5213484797842026e-08,12.000000000000005,7.203950944494853e-07,-7.031529501183154e-06,-4.2212327992743155e-13,-4.2212327992743155e-13,0.0006478822939687444,6.003292453745709e-08
0.338,89.99998460374148,90.0,0.0005514055174287317,-0.00033996269749361156,-7.198421931822855e-07,3.4962165434368615e-08,12.000000000000004,7.152752860564826e-07,-6.982596230163265e-06,-4.162065429955787e-13,-4.162065429955787e-13,0.000643306437000187,5.960627383804019e-08
0.3382,89.99998471363307,90.0,0.0005475106874052506,-0.00033759324088445167,-7.14832091598397e-07,3.471262118169767e-08,12.000000000000004,7.101914453606225e-07,-6.933997361183745e-06,-4.103721340054854e-13,-4.103721340054854e-13,0.0006387624686394591,5.918262044671852e-08
0.33840000000000003,89.9999848227484,90.0,0.000543643003332094,-0.00033524001028972,-7.09856234694246e-07,3.4464839646063584e-08,12.000000000000004,7.051433231795754e-07,-6.8857306716373076e-06,-4.0461891735982163e-13,-4.0461891735982163e-13,0.0006342501705541096,5.876194359829793e-08
0.3386,89.99998493109291,90.0,0.0005398022793145886,-0.00033290289714181943,-7.049143939193332e-07,3.421880854926032e-08,12.000000000000004,7.001306723929121e-07,-6.837793944543797e-06,-3.989457726731358e-13,-3.989457726731358e-13,0.00062976932586702,5.834422269940932e-08
0.3388,89.99998503867194,90.0,0.0005359883307018879,-0.0003305817935440479,-7.000063421225675e-07,3.397451569975155e-08,12.000000000000004,6.951532475886473e-07,-6.790184976497569e-06,-3.9335159484499386e-13,-3.9335159484499386e-13,0.0006253197191522026,5.792943729905392e-08
0.339,89.99998514549084,90.0,0.000532200974079285,-0.00032827659261513737,-6.951318543587899e-07,3.373194896378073e-08,12.000000000000004,6.902108047076349e-07,-6.742901585490908e-06,-3.878352941155055e-13,-3.878352941155055e-13,0.0006209011364258326,5.751756705896956e-08
0.3392,89.9999852515549,90.0,0.0005284400272565277,-0.0003259871877623957,-6.902907061910791e-07,3.349109632315091e-08,12.000000000000004,6.853031017405551e-07,-6.695941594446095e-06,-3.8239579531229216e-13,-3.8239579531229216e-13,0.0006165133651326156,5.710859181171291e-08
0.33940000000000003,89.99998535686942,90.0,0.0005247053092646347,-0.00032371347338780367,-6.854826753419308e-07,3.325194581744491e-08,12.000000000000004,6.80429898023113e-07,-6.6493028472321335e-06,-3.7703203818891283e-13,-3.7703203818891283e-13,0.0006121561941420738,5.6702491501926064e-08
0.3396,89.99998546143958,90.0,0.0005209966403443512,-0.0003214553445166251,-6.80707540826573e-07,3.301448557291527e-08,12.000000000000004,6.755909545815339e-07,-6.602983200257763e-06,-3.7174297694566435e-13,-3.7174297694566435e-13,0.0006078294137350764,5.6299246215127806e-08
0.3398,89.99998556527059,90.0,0.0005173138419390313,-0.0003192126971427394,-6.759650837612688e-07,3.27787037735943e-08,12.000000000000004,6.707860337772599e-07,-6.556980530312132e-06,-3.6652758029023236e-13,-3.6652758029023236e-13,0.0006035328155955365,5.589883614810498e-08
0.34,89.99998566836763,90.0,0.0005136567366836128,-0.0003169854271474343,-6.712550848371194e-07,3.254458874796381e-08,12.000000000000004,6.660149003558456e-07,-6.511292710060242e-06,-3.613848304565429e-13,-3.613848304565429e-13,0.0005992661927975483,5.550124169632046e-08
0.3402,89.99998577073579,90.0,0.0005100251484059805,-0.0003147734317223941,-6.665773276466046e-07,3.231212885339548e-08,12.000000000000004,6.612773200414185e-07,-6.46591764031098e-06,-3.5631372406611466e-13,-3.5631372406611466e-13,0.0005950293398069772,5.5106443336784855e-08
0.34040000000000004,89.99998587238018,90.0,0.000506418902111633,-0.00031257660863774845,-6.61931596974477e-07,3.208131253393072e-08,12.000000000000004,6.565730602317503e-07,-6.42085323343849e-06,-3.513132713981365e-13,-3.513132713981365e-13,0.0005908220524635718,5.4714421685979176e-08
0.3406,89.99998597330581,90.0,0.0005028378239774217,-0.00031039485587805796,-6.573176779476068e-07,3.1852128349170493e-08,12.000000000000004,6.51901890346527e-07,-6.376097405135516e-06,-3.4638249595345235e-13,-3.4638249595345235e-13,0.0005866441279736586,5.432515752887724e-08
0.3408,89.99998607351775,90.0,0.0004992817413489468,-0.0003082280727044935,-6.527353585185421e-07,3.162456488760567e-08,12.000000000000004,6.472635807712908e-07,-6.331648098504377e-06,-3.4152043503513965e-13,-3.4152043503513965e-13,0.0005824953649071047,5.3938631730940884e-08
0.341,89.99998617302093,90.0,0.0004957504827258315,-0.0003060761589237318,-6.481844277583046e-07,3.13986108243968e-08,12.000000000000004,6.426579035528265e-07,-6.287503267496783e-06,-3.367261390392523e-13,-3.367261390392523e-13,0.0005783755631801368,5.355482529606886e-08
0.3412,89.99998627182035,90.0,0.0004922438777556668,-0.0003039390148795011,-6.436646758374463e-07,3.117425492137416e-08,12.000000000000004,6.380846323959805e-07,-6.243660876730079e-06,-3.319986712777897e-13,-3.319986712777897e-13,0.000574284524048278,5.3173719366331694e-08
0.34140000000000004,89.99998636992088,90.0,0.000488761757227687,-0.00030181654108847817,-6.391758931756934e-07,3.0951486055927554e-08,12.000000000000004,6.335435430118981e-07,-6.20011889323865e-06,-3.273371075597851e-13,-3.273371075597851e-13,0.0005702220500989682,5.2795295250991495e-08
0.3416,89.99998646732743,90.0,0.0004853039530709093,-0.0002997086396587781,-6.347178737584069e-07,3.0730293105446836e-08,12.000000000000004,6.29034411710793e-07,-6.156875318644159e-06,-3.227405370033357e-13,-3.227405370033357e-13,0.0005661879452493941,5.2419534309232736e-08
0.3418,89.99998656404483,90.0,0.00048187029833577716,-0.0002976152124879646,-6.302904109263069e-07,3.0510665091771325e-08,12.000000000000004,6.245570171501166e-07,-6.113928148315147e-06,-3.1820806061515357e-13,-3.1820806061515357e-13,0.0005621820147250734,5.204641809584304e-08
0.342,89.9999866600779,90.0,0.00047846062719671893,-0.00029553616268770955,-6.25893300705756e-07,3.029259106563023e-08,12.000000000000004,6.201111389296478e-07,-6.0712754036713545e-06,-3.137387921105166e-13,-3.137387921105166e-13,0.0005582040650628387,5.1675928244137305e-08
0.3422,89.99998675543141,90.0,0.00047507477493816255,-0.00029347139349845085,-6.215263392732995e-07,3.0076060193312344e-08,12.000000000000004,6.156965586388345e-07,-6.0289151075893256e-06,-3.093318570057021e-13,-3.093318570057021e-13,0.000554253904094523,5.130804655323619e-08
0.34240000000000004,89.99998685011012,90.0,0.0004717125779530361,-0.0002914208093531135,-6.171893254426834e-07,2.986106166999638e-08,12.000000000000004,6.113130588013125e-07,-5.986845308526912e-06,-3.0498639317715605e-13,-3.0498639317715605e-13,0.0005503313409452087,5.094275490010936e-08
0.3426,89.99998694411875,90.0,0.0004683738737291769,-0.00028938431479231836,-6.128820581306286e-07,2.964758480642061e-08,12.000000000000004,6.069604239224556e-07,-5.9450640559408425e-06,-3.0070154997000047e-13,-3.0070154997000047e-13,0.000546436186017373,5.0580035326871286e-08
0.3428,89.99998703746196,90.0,0.00046505850084804817,-0.0002873618151731335,-6.086043380139558e-07,2.9435618971103114e-08,12.000000000000004,6.026384397855718e-07,-5.903569416361124e-06,-2.9647648852014044e-13,-2.9647648852014044e-13,0.0005425682509893895,5.021986998213097e-08
0.343,89.99998713014442,90.0,0.0004617662989753841,-0.0002853532166560125,-6.043559675003193e-07,2.9225153590341764e-08,12.000000000000004,5.983468934469871e-07,-5.8623594731071546e-06,-2.9231038158359846e-13,-2.9231038158359846e-13,0.0005387273488046148,4.986224112058225e-08
0.3432,89.99998722217074,90.0,0.00045849710885195993,-0.00028335842583663466,-6.001367498687632e-07,2.901617817710412e-08,12.000000000000004,5.940855735827589e-07,-5.8214323179509665e-06,-2.8820241314025905e-13,-2.8820241314025905e-13,0.0005349132936606199,4.950713113189656e-08
0.34340000000000004,89.9999873135455,90.0,0.0004552507722886536,-0.00028137734973901095,-5.959464892542735e-07,2.8808682331027425e-08,12.000000000000004,5.898542704860781e-07,-5.780786050967381e-06,-2.8415177824412165e-13,-2.8415177824412165e-13,0.0005311259010034292,4.915452254050649e-08
0.3436,89.99998740427327,90.0,0.00045202713216156205,-0.0002794098961639357,-5.917849914630689e-07,2.8602655709528726e-08,12.000000000000004,5.856527757131406e-07,-5.740418788442467e-06,-2.801576831005995e-13,-2.801576831005995e-13,0.0005273649875218225,4.8804397976095035e-08
0.3438,89.99998749435856,90.0,0.0004488260324031008,-0.00027745597367655954,-5.876520639447567e-07,2.839808802780485e-08,12.000000000000004,5.814808820784685e-07,-5.7003286626034604e-06,-2.7621934490565294e-13,-2.7621934490565294e-13,0.0005236303711369509,4.845674017320569e-08
0.34400000000000003,89.99998758380588,90.0,0.00044564731799312307,-0.0002755154912387177,-5.835475149339816e-07,2.8194969087722334e-08,12.000000000000004,5.773383840018062e-07,-5.660513813292591e-06,-2.723359914655204e-13,-2.723359914655204e-13,0.0005199218709919769,4.81115320001505e-08
0.3442,89.99998767261967,90.0,0.00044249083495454563,-0.0002735883585580944,-5.794711542673112e-07,2.7993288748927487e-08,12.000000000000004,5.732250771542574e-07,-5.620972395891026e-06,-2.6850686127638196e-13,-2.6850686127638196e-13,0.0005162393074469699,4.776875642952144e-08
0.34440000000000004,89.99998776080437,90.0,0.00043935643034460653,-0.00027167448572074473,-5.754227925253182e-07,2.7793036957736316e-08,12.000000000000004,5.691407588052539e-07,-5.5817025729969144e-06,-2.647312031517251e-13,-2.647312031517251e-13,0.0005125825020687076,4.742839656710448e-08
0.3446,89.9999878483644,90.0,0.0004362439522507257,-0.000269773783540586,-5.714022418501997e-07,2.7594203718244622e-08,12.000000000000004,5.650852274688168e-07,-5.542702522356435e-06,-2.6100827630314746e-13,-2.6100827630314746e-13,0.0005089512776258467,4.709043562240139e-08
0.3448,89.9999879353041,90.0,0.0004331532497821401,-0.00026788616319244735,-5.674093150890395e-07,2.73967791212179e-08,12.000000000000004,5.610582832507226e-07,-5.503970428553295e-06,-2.573373499755712e-13,-2.573373499755712e-13,0.0005053454580791635,4.67548569375602e-08
0.34500000000000003,89.99998802162781,90.0,0.0004300841730655967,-0.0002660115365613273,-5.634438266109052e-07,2.7200753315201425e-08,12.000000000000004,5.570597274946764e-07,-5.465504490934707e-06,-2.537177035284181e-13,-2.537177035284181e-13,0.0005017648685765294,4.642164395788969e-08
0.3452,89.99998810733987,90.0,0.0004270365732374599,-0.0002641498165866444,-5.59505593112723e-07,2.7006116477630382e-08,12.000000000000004,5.530893624266012e-07,-5.42730293142853e-06,-2.5014862650331904e-13,-2.5014862650331904e-13,0.0004982093354437032,4.609078020221675e-08
0.34540000000000004,89.99998819244453,90.0,0.0004240103024314093,-0.0002623009161792472,-5.555944310890897e-07,2.6812858901499533e-08,12.000000000000004,5.491469922028595e-07,-5.389363969999989e-06,-2.466294178343296e-13,-2.466294178343296e-13,0.0004946786861699776,4.5762249350238277e-08
0.3456,89.99998827694607,90.0,0.00042100521377893825,-0.00026046474857738017,-5.517101576643971e-07,2.6620970966473332e-08,12.000000000000004,5.452324225589549e-07,-5.35168583272343e-06,-2.4315938594585273e-13,-2.4315938594585273e-13,0.0004911727494087613,4.543603521324623e-08
0.3458,89.99998836084868,90.0,0.00041802116140547994,-0.00025864122840709,-5.478525930724223e-07,2.6430443052216244e-08,12.000000000000004,5.413454597528042e-07,-5.314266775834785e-06,-2.397378492511111e-13,-2.397378492511111e-13,0.0004876913549730599,4.5112121646067005e-08
0.34600000000000003,89.99998844415657,90.0,0.00041505800041460335,-0.00025683027059434445,-5.440215581151803e-07,2.6241265625062403e-08,12.000000000000004,5.374859116111204e-07,-5.2771050610819965e-06,-2.3636413536860944e-13,-2.3636413536860944e-13,0.0004842343338170372,4.4790492634260015e-08
0.3462,89.9999885268739,90.0,0.00041211558688447847,-0.00025503179000482574,-5.402168733212967e-07,2.605342926690554e-08,12.000000000000004,5.336535878791197e-07,-5.24019894756108e-06,-2.3303758079719637e-13,-2.3303758079719637e-13,0.0004808015180318915,4.447113232325996e-08
0.34640000000000004,89.99998860900483,90.0,0.00040919377786861633,-0.0002532457028660486,-5.364383622705975e-07,2.586692455963939e-08,12.000000000000004,5.298482988146562e-07,-5.203546723965232e-06,-2.297575316246296e-13,-2.297575316246296e-13,0.0004773927408467191,4.415402490122134e-08
0.3466,89.99998869055342,90.0,0.00040629243138031314,-0.00025147192532455555,-5.326858482231704e-07,2.5681742200717273e-08,12.000000000000004,5.260698565862997e-07,-5.167146675886134e-06,-2.2652334256198276e-13,-2.2652334256198276e-13,0.00047400783661036527,4.3839154715524964e-08
0.3468,89.99998877152377,90.0,0.0004034114063935781,-0.00024971037451302605,-5.289591566139746e-07,2.5497872916482393e-08,12.000000000000004,5.223180742191322e-07,-5.130997110012099e-06,-2.2333437744378763e-13,-2.2333437744378763e-13,0.0004706466407925077,4.3526506184927665e-08
0.34700000000000003,89.99998885191995,90.0,0.00040055056283163823,-0.00024796096817895485,-5.252581141863095e-07,2.5315307491057766e-08,12.000000000000004,5.185927659402702e-07,-5.0950963457225796e-06,-2.2019000888836958e-13,-2.2019000888836958e-13,0.00046730898997024455,4.3216063828355836e-08
0.3472,89.99998893174596,90.0,0.0003977097615602357,-0.0002462236239647509,-5.215825473097105e-07,2.513403682412598e-08,12.000000000000004,5.148937478784688e-07,-5.059442698771443e-06,-2.1708961777889854e-13,-2.1708961777889854e-13,0.00046399472182027495,4.290781232320572e-08
0.34740000000000004,89.99998901100581,90.0,0.0003948888643885876,-0.0002444982608301624,-5.179322853052252e-07,2.4954051815369628e-08,12.000000000000004,5.112208366583716e-07,-5.02403451354275e-06,-2.1403259395115487e-13,-2.1403259395115487e-13,0.00046070367512001883,4.260173638819762e-08
0.3476,89.99998908970345,90.0,0.00039208773405429104,-0.00024278479761011512,-5.143071570759168e-07,2.4775343480030888e-08,12.000000000000004,5.075738507988319e-07,-4.9888701303660365e-06,-2.1101833526709659e-13,-2.1101833526709659e-13,0.00045743568973000625,4.229782089990265e-08
0.3478,89.99998916784281,90.0,0.00038930623422480244,-0.00024108315408259207,-5.107069936031986e-07,2.4597902862241836e-08,12.000000000000004,5.039526096589988e-07,-4.953947909731204e-06,-2.0804624810198182e-13,-2.0804624810198182e-13,0.0004541906065956029,4.1996050804916554e-08
0.34800000000000003,89.99998924542784,90.0,0.0003865442294867538,-0.00023939325059844487,-5.071316270828425e-07,2.4421721063914342e-08,12.000000000000004,5.003569337842652e-07,-4.919266223907644e-06,-2.051157470219107e-13,-2.051157470219107e-13,0.0004509682677345461,4.169641114868875e-08
0.3482,89.9999893224624,90.0,0.00038380158533921717,-0.00023771500771671724,-5.035808900733384e-07,2.424678927362996e-08,12.000000000000004,4.967866452542922e-07,-4.8848234486831775e-06,-2.022262544775681e-13,-2.022262544775681e-13,0.00044776851622908674,4.1398887104524335e-08
0.34840000000000004,89.99998939895035,90.0,0.0003810781681913924,-0.00023604834655668893,-5.000546163192315e-07,2.4073098737750048e-08,12.000000000000004,4.932415673302291e-07,-4.850617971350571e-06,-1.993772008924276e-13,-1.993772008924276e-13,0.0004445911962232912,4.1103463944185747e-08
0.3486,89.99998947489553,90.0,0.0003783738453561392,-0.00023439318914411492,-4.965526415614548e-07,2.3900640731525845e-08,12.000000000000004,4.897215240997512e-07,-4.8166481985679046e-06,-1.9656802473791623e-13,-1.9656802473791623e-13,0.00044143615291549577,4.081012700831259e-08
0.3488,89.99998955030175,90.0,0.00037568848503971195,-0.00023274945768635093,-4.930748018440806e-07,2.3729406616878294e-08,12.000000000000004,4.862263411747907e-07,-4.782912539933763e-06,-1.937981720375848e-13,-1.937981720375848e-13,0.0004383032325463306,4.051886176456588e-08
0.34900000000000003,89.99998962517277,90.0,0.0003730219563396303,-0.0002311170745693792,-4.896209335076568e-07,2.355938784239802e-08,12.000000000000004,4.827558456904185e-07,-4.749409407922597e-06,-1.9106709627097524e-13,-1.9106709627097524e-13,0.00043519228239623535,4.022965380753487e-08
0.3492,89.99998969951235,90.0,0.0003703741292424611,-0.0002294959634205262,-4.861908756739763e-07,2.339057585667565e-08,12.000000000000004,4.793098652489867e-07,-4.716137241987425e-06,-1.8837425882939332e-13,-1.8837425882939332e-13,0.00043210315078287125,3.994248877074888e-08
0.34940000000000004,89.99998977332424,90.0,0.00036774487460976567,-0.00022788604802302702,-4.827844677104083e-07,2.3222962194971503e-08,12.000000000000004,4.7588822896743406e-07,-4.683094483963396e-06,-1.8571912833837495e-13,-1.8571912833837495e-13,0.00042903568704472664,3.9657352413952825e-08
0.3496,89.99998984661212,90.0,0.0003651340641764355,-0.00022628725266897316,-4.794015500552602e-07,2.305653845032568e-08,12.000000000000004,4.724907671248466e-07,-4.650279586073953e-06,-1.8310118074742467e-13,-1.8310118074742467e-13,0.0004259897415391747,3.937423059373721e-08
0.3498,89.99998991937967,90.0,0.00036254157054454376,-0.00022469950179545558,-4.7604196336797376e-07,2.2891296302447988e-08,12.000000000000004,4.6911731151079125e-07,-4.6176910026875765e-06,-1.8051989904736379e-13,-1.8051989904736379e-13,0.0004229651656353011,3.9093109292565924e-08
0.35000000000000003,89.99998999163053,90.0,0.00035996726718197705,-0.00022312272104846935,-4.727055510165531e-07,2.2727227431048226e-08,12.000000000000004,4.65767694369904e-07,-4.585327214446283e-06,-1.7797477371701824e-13,-1.7797477371701824e-13,0.00041996181171230653,3.881397453082532e-08
0.3502,89.99999006336834,90.0,0.0003574110284083633,-0.00022155683584217936,-4.693921557112655e-07,2.2564323631395776e-08,12.000000000000004,4.624417498007492e-07,-4.553186695611923e-06,-1.7546530189068903e-13,-1.7546530189068903e-13,0.00041697953314309054,3.8536812483395756e-08
0.3504,89.9999901345967,90.0,0.0003548727293978993,-0.00022000177278395312,-4.661016228357617e-07,2.240257669876002e-08,12.000000000000004,4.591393123510513e-07,-4.521267946378641e-06,-1.729909879879282e-13,-1.729909879879282e-13,0.00041401818429754917,3.8261609362587594e-08
0.3506,89.99999020531918,90.0,0.0003523522461655315,-0.0002184574585892525,-4.628337979121401e-07,2.224197851508004e-08,12.000000000000002,4.5586021806512164e-07,-4.489569468283547e-06,-1.7055134306918748e-13,-1.7055134306918748e-13,0.00041107762052645344,3.7988351505426795e-08
0.3508,89.99999027553933,90.0,0.00034984945556593784,-0.00021692382008021158,-4.595885265977599e-07,2.20825210489646e-08,12.000000000000002,4.526043044833238e-07,-4.458089764175802e-06,-1.6814588475325112e-13,-1.6814588475325112e-13,0.00040815769816026075,3.771702537361031e-08
0.35100000000000003,89.99999034526067,90.0,0.00034736423529203603,-0.00021540078524936795,-4.5636565717228197e-07,2.1924196269022453e-08,12.000000000000002,4.4937140958659894e-07,-4.42682736234136e-06,-1.657741376509885e-13,-1.657741376509885e-13,0.0004052582745073754,3.744761746554991e-08
0.3512,89.99999041448673,90.0,0.0003448964638617441,-0.00021388828253063392,-4.53165038835113e-07,2.176699620164217e-08,12.000000000000002,4.461613724926336e-07,-4.395780799987869e-06,-1.634356329082795e-13,-1.634356329082795e-13,0.0004023792078387015,3.718011437438613e-08
0.3514,89.99999048322096,90.0,0.0003424460206128492,-0.0002123862400815898,-4.499865200282157e-07,2.161091298877189e-08,12.000000000000002,4.429740341562907e-07,-4.364948606975638e-06,-1.611299077764066e-13,-1.611299077764066e-13,0.00039952035738165747,3.6914502846357554e-08
0.3516,89.99999055146682,90.0,0.000340012785706223,-0.00021089458720905885,-4.4682995176844424e-07,2.145593877235975e-08,12.000000000000002,4.398092359650449e-07,-4.334329338141876e-06,-1.5885650621908806e-13,-1.5885650621908806e-13,0.0003966815833239268,3.6650769663753736e-08
0.3518,89.99999061922775,90.0,0.0003375966401126285,-0.00020941325364014305,-4.4369518594513205e-07,2.1302065752133697e-08,12.000000000000002,4.366668204351753e-07,-4.3039215567869955e-06,-1.566149784670489e-13,-1.566149784670489e-13,0.0003938627467980666,3.638890170293127e-08
0.35200000000000004,89.99999068650715,90.0,0.00033519746560802677,-0.00020794216916039876,-4.405820744748417e-07,2.114928621449135e-08,12.000000000000002,4.3354663156086257e-07,-4.273723826475537e-06,-1.5440488076582244e-13,-1.5440488076582244e-13,0.0003910637098760312,3.612888596340521e-08
0.3522,89.99999075330838,90.0,0.0003328151447726625,-0.0002064812643231029,-4.3749047095964163e-07,2.0997592474720237e-08,12.000000000000002,4.3044851411058095e-07,-4.243734727121745e-06,-1.522257756307522e-13,-1.522257756307522e-13,0.0003882843355681062,3.587070950921507e-08
0.3524,89.99999081963483,90.0,0.0003304495609823891,-0.00020503047008186905,-4.3442022982939987e-07,2.0846976905887665e-08,12.000000000000002,4.2737231397410236e-07,-4.213952846669664e-06,-1.500772315882475e-13,-1.500772315882475e-13,0.00038552448781278733,3.561435949784186e-08
0.3526,89.99999088548984,90.0,0.00032810059840415534,-0.0002035897181396168,-4.313712071582328e-07,2.0697431909950857e-08,12.000000000000002,4.2431787780856035e-07,-4.184376789012841e-06,-1.4795882325544386e-13,-1.4795882325544386e-13,0.0003827840314715145,3.535982315071336e-08
0.3528,89.9999909508767,90.0,0.00032576814198736993,-0.0002021589402259718,-4.28343258976353e-07,2.054894997553671e-08,12.000000000000002,4.2128505373703914e-07,-4.155005157618945e-06,-1.4587013092543096e-13,-1.4587013092543096e-13,0.0003800628323185983,3.5107087811419926e-08
0.35300000000000004,89.9999910157987,90.0,0.000323452077463547,-0.00020073806845204216,-4.2533624209952917e-07,2.0401523649051916e-08,12.000000000000002,4.182736909968234e-07,-4.12583656357568e-06,-1.4381074065803746e-13,-1.4381074065803746e-13,0.00037736075704080486,3.4856140916401944e-08
0.3532,89.99999108025911,90.0,0.0003211522913420081,-0.00019932703565968875,-4.2235001494620983e-07,2.0255145505793074e-08,12.000000000000002,4.1528363958557486e-07,-4.096869633517027e-06,-1.417802443595476e-13,-1.417802443595476e-13,0.0003746776732323427,3.4606969965464565e-08
0.3534,89.9999911442612,90.0,0.0003188686709014599,-0.00019792577540976531,-4.193844375111749e-07,2.010980814994666e-08,12.000000000000002,4.1231475025690704e-07,-4.068103009367658e-06,-1.3977823969389983e-13,-1.3977823969389983e-13,0.00037201344938503654,3.4359562521408916e-08
0.3536,89.99999120780815,90.0,0.00031660110418173124,-0.00019653422090476708,-4.1643936884797964e-07,1.996550430125876e-08,12.000000000000002,4.0936687557073187e-07,-4.0395353239222016e-06,-1.3780432952596964e-13,-1.3780432952596964e-13,0.00036936795487868643,3.411390629756099e-08
0.3538,89.9999912709032,90.0,0.0003143494799879772,-0.00019515230641578644,-4.135146704043824e-07,1.9822226679475444e-08,12.000000000000002,4.0643986848921566e-07,-4.011165233199477e-06,-1.358581224891758e-13,-1.358581224891758e-13,0.00036674105998597345,3.3869989040767965e-08
0.35400000000000004,89.9999913335495,90.0,0.00031211368787841025,-0.0001937799665548392,-4.106102043228252e-07,1.967996806212258e-08,12.000000000000002,4.035335830734569e-07,-3.982991399956859e-06,-1.339392325812796e-13,-1.339392325812796e-13,0.00036413263585814525,3.362779858945474e-08
