time_s,angle_deg,reference_deg,velocity_deg_s,acceleration_rad_s2,output_em_torque_nm,gravity_load_nm,bus_v,terminal_v,stator_a,supply_a,battery_a,motor_rpm,duty
0.0,0.0,0.0,0.0,0.0,0.1301085272529697,0.1301085272529697,11.99978713555019,0.09637668685405164,2.2086324070720167,0.017738704150965793,0.017738704150965793,0.0,0.008031533040159447
0.0002,0.0,2.2806296772196595e-05,0.0,59.92044656330218,0.26532055997025183,0.1301085272529697,11.999114766664167,0.1965337481261125,4.503898394556744,0.07376944465274916,0.07376944465274916,0.0,0.01637902061509744
0.0004,6.866292522235702e-05,0.00018164463336831432,0.6866250089131097,118.77450327113316,0.3981312700131288,0.13010852725287628,11.998001628213673,0.29563782021580076,6.758401188494471,0.16653098219389567,0.16653098219389567,0.4577500059420732,0.024640588439378042
0.0006000000000000001,0.0003420917997927535,0.0006103376844070077,2.0476553256888423,176.568609604248,0.5285550990093083,0.1301085272506506,11.996466650749294,0.3936866842993179,8.972385939972828,0.2944457708921397,0.2944457708921397,1.3651035504592284,0.0328168864850492
0.0008,0.0009539530866380801,0.0014403108816975355,4.070945038941634,233.30920274303358,0.6566064839251304,0.13010852723493602,11.99452835797123,0.49067819609629076,11.146097720951289,0.4559701690641894,0.4559701690641894,2.7139633592944223,0.04090850273159759
0.001,0.002035491442785544,0.002800606685395748,6.744422000624262,289.00271759074826,0.7822998571036227,0.1301085271708648,11.992204879905273,0.5866102858701335,13.279781524907177,0.6495933412271931,0.6495933412271931,4.496281333749508,0.048915965974954824
0.0012000000000000001,0.003715544469424205,0.004817898855160076,10.05608779998418,343.6555867965112,0.9056496462955237,0.13010852697939532,11.989513965196782,0.6814809584234995,15.373682267362286,0.8738362336015223,0.8738362336015223,6.704058533322786,0.056839748500373384
0.0014,0.006120557456785166,0.0076165067213075,13.994017737798785,397.2742407780488,1.026670274683723,0.1301085265106133,11.986472992578268,0.7752882930891515,17.428044786297768,1.1272506184776987,1.1272506184776987,9.329345158532524,0.06468026863024604
0.0016,0.00937459812389584,0.011318409455969571,18.546360800885775,449.8651077441984,1.145376160901545,0.13010852551142021,11.983098981562074,0.8680304437165621,19.4431138424645,1.4084182031605013,1.4084182031605013,12.36424053392385,0.07243789315703447
0.0018000000000000002,0.013599371353262984,0.016043260344248356,23.701339636884743,501.4346137171762,1.2617817190452973,0.13010852358801878,11.979408602405751,0.9597056386545536,21.419134119596098,1.7159497995206847,1.7159497995206847,15.800893091256496,0.08011293967064632
0.002,0.018914233920538398,0.02190840105537244,29.447250529306316,551.9891825546109,1.3759013586814894,0.13010852016359375,11.97541818539433,1.0503121807302709,23.356350224531457,2.04848455047249,2.04848455047249,19.63150035287088,0.08770567878884356
0.0022,0.025436209219220452,0.029028875913852937,35.77246337284515,601.5352359713481,1.4877494848491182,0.13010851443157498,11.971143729480525,1.1398484472247807,25.25500668725355,2.4046892099562647,2.4046892099562647,23.848308915230103,0.0952163362985738
0.0024000000000000002,0.0332800019804439,0.03751744617063945,42.665421648953206,650.0791935610287,1.5973404980573995,0.13010850530485732,11.966600910321091,1.2283128898455717,27.11534796085092,2.783257473242445,2.783257473242445,28.44361443263547,0.10264509521548114
0.0026000000000000003,0.04255801298790975,0.04748460427427602,50.114642401669755,697.6274728174428,1.7046887942793205,0.130108491361341,11.961805087744938,1.3157040346962317,28.93761842140822,3.1829093545884257,3.1829093545884257,33.40976160111317,0.10999209776827007
0.0028,0.05338035378800612,0.059038588142057154,58.108716213704724,744.1864891556667,1.8098087649413732,0.13010847078614526,11.956771312686296,1.4020204822435605,30.722062367831956,3.6023906094752776,3.6023906094752776,38.73914414246982,0.11725744731405859
0.003,0.06585486139517055,0.07228539543118394,66.63630718277194,789.7626559329816,1.912714796909813,0.13010844131083582,11.951514333614053,1.4872609072823766,32.4689240216172,4.040472198828922,4.040472198828922,44.42420478851463,0.12444121019036082
0.0032,0.08008711299254336,0.0873287978099197,75.68615289816897,834.3623844695816,2.0134212724737885,0.13010840014999744,11.9460486024865,1.5714240588982664,34.17844752656123,4.495949792791826,4.495949792791826,50.45743526544598,0.13154341750888104
0.0034000000000000002,0.09618044062796119,0.10427035522874634,85.2470644176003,877.9920840690697,2.111942569325659,0.13010834393547083,11.940388280258905,1.654508760428504,35.8508769484294,4.967643311757916,4.967643311757916,56.8313762784002,0.13856406689587394
0.0036000000000000003,0.1142359459053389,0.12320943019152003,95.30792624424063,920.6581620387501,2.208293060538827,0.13010826864856317,11.934547241969797,1.7365139094213882,37.486456274578856,5.454396502516906,5.454396502516906,63.53861749616043,0.14550312418343375
0.0038,0.13435251467148784,0.14424320202662747,105.85769630403533,962.3670237097126,2.302487114543377,0.13010816955053142,11.928539081430294,1.8174384775942038,39.085429413544986,5.955076547475368,5.955076547475368,70.57179753602355,0.15236052505570394
0.004,0.15662683169841726,0.16746668115814167,116.88540592323463,1003.1250724567232,2.394539095099842,0.13010804111162724,11.922377115539614,1.8972815107900418,40.64804019459609,6.468573705032236,6.468573705032236,77.92360394882309,0.159136176653658
0.004200000000000001,0.18115339536116581,0.19297272337697804,128.38015980615893,1042.9387097179101,2.4844633612713447,0.1301078769389818,11.916074388248564,1.976042128933661,42.17453236726048,6.99380097928645,6.99380097928645,85.58677320410595,0.1658299591417792
0.0044,0.20802453231120868,0.2208520441120503,140.331136013192,1081.8143350142586,2.572274267394424,0.1301076697036002,11.90964367419185,2.053719525986618,43.66514960083128,7.529693817345807,7.529693817345807,93.55409067546135,0.1724417272396671
0.0046,0.2373304121454858,0.2511932327014265,152.7275859389994,1119.7583459689138,2.6579861630487938,0.13010741106672458,11.903097482008935,2.1303129699018415,45.120135483852984,8.075209832588698,8.075209832588698,101.8183906259996,0.17897131172131675
0.0048000000000000004,0.269159062071096,0.28408276666348514,165.55883429096886,1156.777138326294,2.7416133930263036,0.13010709160581582,11.896448057372329,2.205821802577852,46.53973352359466,8.629328552306015,8.629328552306015,110.37255619397924,0.18541852088454971
0.005,0.30359638156570135,0.3196050259680707,178.81427906787064,1192.8771059710168,2.82317029729932,0.13010670074039488,11.889707385741376,2.280245439812785,47.92418714551315,9.191051188218694,9.191051188218694,119.20951937858044,0.19178314199282556
0.005200000000000001,0.3407261570336846,0.3578423073076505,192.483391538734,1228.0646409466392,2.9026712109888053,0.13010622665797514,11.88288719485885,2.3535833712584164,49.2737396927112,9.759400428429164,9.759400428429164,128.32226102582266,0.19806494269142758
0.0054,0.38063007645810437,0.3988748383684695,206.55571622193824,1262.3461334742226,2.9801304643322934,0.13010565624030915,11.875998957006942,2.4258351603743424,50.58863442539388,10.333420249421515,10.333420249421515,137.70381081462548,0.2042636723997924
0.0056,0.4233877440484888,0.4427807921017073,221.02087086451505,1295.7279719707103,3.055562382651989,0.13010497499016316,11.869053891038675,2.4970004443824685,51.869114520326974,10.912175746777015,10.912175746777015,147.34724724301003,0.2103790636815411
0.0058000000000000005,0.46907669488451104,0.48963630099463407,235.86854642165946,1328.216543067136,3.12898128632321,0.13010416695882562,11.86206296420017,2.5670789342219793,53.11542307030141,11.494752983319097,11.494752983319097,157.24569761443962,0.21641083359357055
0.006,0.5177724095555879,0.5395154713417654,251.0885070364475,1359.818231626651,3.2004014907433627,0.13010321467454705,11.855036893758662,2.636070414504917,54.32780308360647,12.080258853444901,12.080258853444901,167.39233802429834,0.22235868501537376
0.006200000000000001,0.5695483287964416,0.5924903975160198,266.6705900197574,1390.539420762389,3.2698373063016626,0.13010209907209977,11.847986148450715,2.7039747434725294,55.50649748351588,12.667820962440482,12.667820962440482,177.78039334650492,0.22822230795957765
0.0064,0.6244758681186672,0.6486311762398735,282.60470583039245,1420.386491855147,3.337303038349752,0.13010079942363956,11.840920949764648,2.7707918529524944,56.65174910778901,13.256587519612696,13.256587519612696,188.4031372202616,0.2340013808645152
0.0066,0.6826244324383441,0.7080059208565175,298.8808380554026,1449.3658245709164,3.4028129871734523,0.13009929327104205,11.833851273070739,2.836521748317196,57.763800708191326,13.845727244105236,13.845727244105236,199.25389203693507,0.23969557186949111
0.0068000000000000005,0.744061430699731,0.7706807756010127,315.4890433906032,1477.483796878232,3.4663814479657407,0.1300975563598799,11.826786848612443,2.9011645084431152,58.84289495003573,14.434429282296474,14.434429282296474,210.32602892706882,0.2453045400732397
0.007,0.8088522904950851,0.8367199298714455,332.41945162128746,1504.74678506537,3.528022710801203,0.13009556257519914,11.819737162371517,2.9647202856715187,59.88927441174882,15.02190313570689,15.02190313570689,221.612967747525,0.25082793677593723
0.007200000000000001,0.8770604726806435,0.9061856325000859,349.6622656031318,1531.1611637573803,3.58775106061205,0.1300932838792458,11.812711456819557,3.027189305770511,60.903181584463816,15.607378598370232,15.607378598370232,233.10817706875451,0.256265406704986
0.0074,0.9487474859888029,0.9791382060245403,367.2077612432904,1556.7333059329544,3.6455807771658604,0.13009069025128694,11.805718731568216,3.0885718678985628,61.8848588716427,16.190105702648637,16.190105702648637,244.8051741621936,0.2616165892246606
0.0076,1.02397290163654,1.0556360609589108,385.046287481678,1581.4695829411498,3.701526135045241,0.13008774962966305,11.798767743930036,3.148868344569661,62.83454858873095,16.769354672496927,16.769354672496927,256.69752498778536,0.26688111952958987
0.0078000000000000005,1.1027943679301044,1.1357357100649488,403.1682662724383,1605.3763645179463,3.755601403629463,0.13008442785620222,11.791867009401557,3.2080791816201195,63.75249296284583,17.3444158832036,17.3444158832036,268.7788441816255,0.2720586298219226
0.008,1.1852676248660265,1.219491782623212,421.56419256559525,1628.4600188026518,3.8078208470782484,0.13008068862312014,11.78502480208008,3.266204898177172,64.63893413250113,17.91459982665993,17.91459982665993,281.04279504373017,0.2771487504719277
0.0082,1.271446518728471,1.3069570387042195,440.2246342888867,1650.7269123541637,3.8581987243178317,0.13007649342252312,11.778249155025236,3.3232460866294455,65.49411414737061,18.479237081230284,18.479237081230284,293.48308952592447,0.2821511111616763
0.008400000000000001,1.3613830166829777,1.3981823834396108,459.1402323297767,1672.1834101670752,3.906749289029395,0.1300718014986249,11.771547860576177,3.3792034125993826,66.31827496809159,19.037678285318563,19.037678285318563,306.09348821985117,0.2870653420113591
0.0086,1.4551272213666222,1.4932168812932953,478.301700517646,1692.8358756876273,3.953486789639967,0.13006656980278297,11.76492847063503,3.4340776149176744,67.11165846611055,19.589294113747442,19.589294113747442,318.86780034509735,0.2918910746877082
0.0088,1.5527273854746317,1.592107770332617,497.6998256061571,1712.6906708295337,3.9984254693159578,0.13006075295145259,11.758398296926927,3.4878695055998294,67.87450642357337,20.133475256089337,20.133475256089337,331.7998837374381,0.29662794349391863
0.009000000000000001,1.654229926343492,1.6949004764995033,517.3254672557939,1731.7541559896379,4.041579565959327,0.13005430318715216,11.751964411246693,3.540579969824881,68.60706053326018,20.669632396108952,20.669632396108952,344.88364483719596,0.301275586440385
0.0092,1.759679440530581,1.8016386278816228,537.1695580165722,1750.0326900634448,4.082963312206571,0.13004717034252755,11.74563364570199,3.5922099659163633,69.30956239856835,21.197196191500918,21.197196191500918,358.11303867771477,0.30583364629551846
0.0094,1.869118718390357,1.9123640689835444,557.223103310921,1767.5326304605062,4.122590935430561,0.13003930180759643,11.73941259296247,3.6427605253255746,69.98225353354348,21.715617253127533,21.715617253127533,371.4820688739474,0.31030177161584155
0.009600000000000001,1.9825887586471491,2.027116874997892,577.477181416731,1784.2603331196647,4.160476657745314,0.13003064250025032,11.733307606524171,3.6922327526171967,70.62537536296058,22.224366122985742,22.224366122985742,384.984787611154,0.3146796177545173
0.0098,2.1001287829645636,2.1459353660764924,597.9229434505692,1800.222152524158,4.19663469601379,0.13002113484008437,11.727324800998124,3.740627825457327,71.23916922245633,22.722933250156338,22.722933250156338,398.6152956337128,0.31896684784742707
0.01,2.221776250511558,2.2688561216015497,618.5516133510596,1815.4244417165962,4.231079261858787,0.13001071872562156,11.72147005243184,3.787946994603982,71.82387635871399,23.21082896401323,23.21082896401323,412.3677422340398,0.3231631337758783
0.0102,2.347566872525205,2.3959139944567784,639.3544878624248,1829.8735523137896,4.263824561676961,0.12999933151499177,11.71574899867205,3.834191583900086,72.37973792970149,23.687583443995873,23.687583443995873,426.23632524161656,0.32726815710499446
0.010400000000000001,2.47753462687018,2.5271421252985804,660.3229365181897,1843.57583452146,4.294884796656092,0.1299869080101218,11.710167039776694,3.879362990269038,72.90699500496453,24.152746685275503,24.152746685275503,440.2152910121265,0.33128160999683015
0.0106,2.6117117725950076,2.6625719568271826,681.4484016250448,1856.5376371488017,4.32427416279558,0.12997338044448753,11.70472933848394,3.9234626837128292,73.40588856597435,24.60588845967169,24.60588845967169,454.29893441669657,0.33520319609722965
0.0108,2.7501288644850965,2.802233248057812,702.7223982468665,1868.7653076229305,4.3520068509302865,0.12995867847447362,11.699440820745526,3.9664922073128244,73.87665950653265,25.046598271206243,25.046598271206243,468.48159883124436,0.33903263139546075
0.011000000000000001,2.8928147676125935,2.946154088591832,724.1365141888945,1880.2651920031867,4.378097046757707,0.12994272917438343,11.694306176331494,4.008453177233157,74.3195486332327,25.47448530570875,25.47448530570875,482.75767612592966,0.3427696450556428
0.0112,3.0397966718830878,3.094360912887912,745.6824099820632,1891.0436349953213,4.402558930868564,0.12992545703513506,11.689329859512958,4.049347282726827,74.73479666597872,25.88917837392023,25.88917837392023,497.1216066547087,0.34641398021901193
0.0114,3.191100106579201,3.246878514533182,767.3518188674865,1901.1069799655495,4.425406678780823,0.12990678396667632,11.684516089829138,4.089176286144508,75.12264423856337,26.290325847571808,26.290325847571808,511.56787924499105,0.3499653947760796
0.011600000000000001,3.346748954901086,3.4037300605143805,789.1365467810945,1910.4615689544835,4.446654460977177,0.12988662930414638,11.67986885294463,4.127942022946065,75.48333189930393,26.677595587947568,26.677595587947568,526.0910311873963,0.353423662107761
0.0118,3.50676546850387,3.5649371054890175,811.028472338419,1919.1137426909354,4.466316442946016,0.12986490981780746,11.675391901602307,4.165646401714824,75.81710011173793,27.050674866474523,27.050674866474523,540.6856482256127,0.3567885717945912
0.012,3.6711702820320684,3.7305196060565335,833.0195468195293,1927.0698406056044,4.484406785225926,0.129841539726766,11.671088756677005,4.202291404174612,76.12418925537838,27.409270276916203,27.409270276916203,555.3463645463529,0.3600599302931777
0.0122,3.839982427651004,3.900495935029444,855.1017941541137,1934.3362008446343,4.500939643453691,0.12981643071649732,11.666962708334626,4.237879085209542,76.40483962652871,27.753107638781042,27.753107638781042,570.0678627694091,0.36323756157908116
0.012400000000000001,4.013219349575253,4.074882895704506,877.2673109067076,1940.9191602830572,4.515929168415871,0.1297894919601855,11.663016817300884,4.272411572886609,76.65929143915831,28.081931891593015,28.081931891593015,584.8448739378051,0.3663213077553765
0.0126,4.190896918594155,4.253695736133867,899.5082662620656,1946.8250545381122,4.529389506103902,0.12976063014388342,11.659253916243518,4.305891068481042,76.88778482583785,28.395506979706866,28.395506979706866,599.6721775080437,0.3693110296261866
0.0128,4.373029446594412,4.436948163396233,921.8169020106765,1952.060217982453,4.541334797772775,0.12972974949549643,11.655676611271343,4.338319846504454,77.09055983873539,28.693615727388096,28.693615727388096,614.544601340451,0.3722066072345544
0.013000000000000001,4.5596297010798015,4.624652357868003,944.1855325344198,1956.630983757229,4.551779180003262,0.12969675181758653,11.65228728355303,4.369700254735783,77.26785645067267,28.976059703914153,28.976059703914153,629.4570216896133,0.37500794036408003
0.0132,4.750708919688038,4.816818987494447,966.6065447923634,1960.5436837850586,4.560736784767699,0.12966153652399176,11.649088091058111,4.400034714254997,77.4199145562418,29.242659078490814,29.242659078490814,644.4043631949089,0.3777149490038179
0.0134,4.9462768247048094,5.013457222060848,989.072398306698,1963.804648782883,4.568221739499315,0.1296240006802503,11.646080970422215,4.429325719479596,77.54697397298222,29.493252464815424,29.493252464815424,659.381598871132,0.3803275737760062
0.013600000000000001,5.146341637575011,5.21457474746367,1011.5756251488119,1966.4202082747058,4.574248167165094,0.12958403904781476,11.64326763893813,4.457575838203851,77.64927444261734,29.72769675515573,29.72769675515573,674.383750099208,0.38284577632627387
0.013800000000000002,5.350910093411209,5.420177779981693,1034.108829925501,1968.396690604222,4.578830186342151,0.12954154413203897,11.640649596673782,4.484787711640808,77.72705563235134,29.94586694385142,29.94586694385142,689.4058866170006,0.38526953967605887
0.014,5.559987455499364,5.6302710805472,1056.664689765313,1969.7404229473318,4.5819819112976194,0.12949640623391415,11.638228128717818,4.510964054467035,77.78055713622503,30.14765594018179,30.14765594018179,704.4431265102086,0.38759886853704484
0.0142,5.7735775298018295,5.844857969017099,1079.2359543050272,1970.4577313245502,4.583717452071997,0.12944851350552872,11.636004307553033,4.536107654870056,77.81001847653081,30.332974370580626,30.332974370580626,719.4906362033514,0.38983378958751574
0.014400000000000001,5.9916826794576705,6.06394033844411,1101.8154456762659,1970.5549406132939,4.584050914565945,0.1293977520092208,11.633978995557413,4.56022137459851,77.81567910528611,30.501750370215643,30.501750370215643,734.5436304508439,0.39197435171061334
0.0146,6.214303839280307,6.287518669347892,1124.3960584922381,1970.038374560067,4.582996400630487,0.12934400578038943,11.632152847632174,4.58330814901494,77.79777840576445,30.653929363985437,30.653929363985437,749.5973723281586,0.39402062619456657
0.0148,6.441440530252525,6.515592043986229,1146.970759834613,1968.9143557925472,4.580568008160622,0.12928715689392575,11.630526313955723,4.605370987151269,77.75655569408464,30.789473837023163,30.789473837023163,764.6471732230754,0.3959727068950597
0.015000000000000001,6.673090874018874,6.748158160626158,1169.5325892405242,1967.1892058315398,4.576779831192211,0.12922708553422152,11.629099642862059,4.626412971766827,77.69225022085544,30.9083630948284,30.9083630948284,779.6883928270162,0.39783071035998213
0.0152,6.909251607375486,6.985213347815148,1192.0746586896987,1964.8692451028512,4.5716459600022175,0.12916367006870905,11.627872883841786,4.646437259409003,77.60510117287716,31.010593013184515,31.010593013184515,794.7164391264658,0.39959477591690407
0.0154,7.1499180967573155,7.226752578652234,1214.5901525917177,1961.9607929490435,4.565180481212157,0.1290967871248814,11.626845890663413,4.665447080476403,77.49534767489773,31.096175778048934,31.096175778048934,809.7267683944784,0.40126506572370146
0.015600000000000001,7.395084352722865,7.472769485059196,1237.0723277733991,1958.4701676410784,4.55739747789473,0.12902631167073877,11.626018324612374,4.6834457392845055,77.3632287914229,31.16513961563555,31.16513961563555,824.714885182266,0.40284176478284167
0.0158,7.6447430444363835,7.723256372051696,1259.514513466308,1954.40368638987,4.5483110296836085,0.12895211709860227,11.625389657844739,4.70043661413378,77.20898352857978,31.217528512938486,31.217528512938486,839.6763423108721,0.404325080919929
0.016,7.898885514147594,7.978204232010444,1281.910111294389,1949.7676653577298,4.5379352128862935,0.12887407531223263,11.624959176852311,4.7164231573802144,77.03285083603276,31.253401928974064,31.253401928974064,854.606740862926,0.4057152447271888
0.0162,8.157501791668944,8.237602758952349,1304.2525952617225,1944.5684196697016,4.526284100599959,0.12879205681718736,11.62472598603547,4.731408895508185,76.83506960894992,31.272834497044204,31.272834497044204,869.5017301744815,0.4070125094726468
0.0164,8.420580608850434,8.501440362801688,1326.5355117404026,1938.8122634248039,4.513371762830261,0.1287059308143456,11.624689011379791,4.745397429205646,76.61587869001988,31.27591571835071,31.27591571835071,884.3570078269352,0.4082171509758429
0.0166,8.68810941405203,8.76970418366124,1348.7524794585363,1932.5055097071638,4.499212266612984,0.12861556529652604,11.624847004232262,4.758392433441553,76.37551687151671,31.262749647311537,31.262749647311537,899.1683196390242,0.40932946745098353
0.016800000000000002,8.96007438661368,9.042380106083453,1370.8971894883612,1925.6544705970555,4.483819676138503,0.12852082714811988,11.625198545172555,4.770397657545503,76.11422289741286,31.233454568953785,31.233454568953785,913.9314596589073,0.410349779318517
0.017,9.236460451322976,9.319452773341608,1392.963405234484,1918.265457181831,4.4672080528789255,0.12842158224765535,11.625742047974693,4.781416925289481,75.83223546553732,31.18816266877545,31.18816266877545,928.6422701563228,0.4112784289861692
0.0172,9.517251292880475,9.600905601700953,1414.9449624222366,1910.3447795667664,4.449391455717889,0.12831769557320793,11.626475763654138,4.791454134971687,75.52979322977897,31.127019695488407,31.127019695488407,943.2966416148245,0.4121157806005488
0.017400000000000002,9.802429370362695,9.886720794689904,1436.8357690861478,1901.898746885789,4.430383941082852,0.12820903131056574,11.627397784595173,4.8005132595023605,75.20713480233236,31.050184617068894,31.050184617068894,957.8905127240987,0.4128622197704831
0.0176,10.091975931682828,10.176879357371138,1458.6298055585335,1892.9336673121236,4.410199563079856,0.12809545296405533,11.628506048753312,4.808598346491534,74.86449875598522,30.957829270557315,30.957829270557315,972.4198703723556,0.4135181532632958
0.0178,10.385871028049172,10.471361110612794,1480.3211244582,1883.4558480688288,4.388852373630612,0.12797682346992978,11.629798343927273,4.815713518338637,74.50212362644558,30.850138006060508,30.850138006060508,986.8807496388001,0.4140840086752885
0.018000000000000002,10.684093528421325,10.770144705359627,1501.9038506792651,1873.4715954392482,4.366356422611846,0.127853005312217,11.631272312094955,4.821862972323904,74.12024791470726,30.727307325420423,30.727307325420423,1001.2692337861768,0.41456023407773
0.0182,10.986621133964151,11.073207636904124,1523.372181380088,1862.987214777349,4.34272575799675,0.12772386064092195,11.632925453807758,4.827050980701452,73.71911008945102,30.589545516020245,30.589545516020245,1015.581454253392,0.41494729763968646
0.0184,11.293430392499538,11.380526259157728,1544.7203859723172,1852.0090105179847,4.317974425998512,0.12758925139247332,11.634755132637512,4.831281890794014,73.29894858948091,30.437072280207282,30.437072280207282,1029.8135906482116,0.4152456872290701
0.018600000000000002,11.604496712955987,11.692075798921927,1565.9428061100468,1840.5432861870445,4.292116471215707,0.12744903941230065,11.636758579670232,4.834560125089186,72.86000182619257,30.270118360814013,30.270118360814013,1043.9618707400311,0.41545590999329557
0.0188,11.919794379816038,12.00783037015944,1587.0338556790848,1828.5963444115139,4.265165936779519,0.12730308657942505,11.638932898040842,4.836890181337127,72.4025081860721,30.08892516326321,30.08892516326321,1058.0225704527234,0.41557849192096563
0.019,12.239296567561558,12.327762988265388,1607.9880207863341,1816.1744869294441,4.237136864502644,0.1271512549329426,11.641275067503084,4.83827663264964,71.92670603322391,29.893744374743076,29.893744374743076,1071.992013857556,0.4156139773860178
0.019200000000000002,12.56297535511692,12.651845584338425,1628.7998597492794,1803.284014599825,4.208043295029735,0.12699340680027574,11.643781949028757,4.838724127600494,71.43283371192452,29.68483758093686,29.68483758093686,1085.8665731661863,0.41556292867577327
0.0194,12.8908017402901,12.980049019451892,1649.464003085586,1789.931227412366,4.177899267989295,0.12682940492706532,11.64645028943052,4.838237390326951,70.921129549201,29.462475880789945,29.462475880789945,1099.642668723724,0.415425925504339
0.0196,13.222745654211675,13.312343098924993,1669.9751535028047,1776.1224244971725,4.146718822146838,0.1266591126085713,11.649276726002501,4.836821220632329,70.39183185743089,29.22693949979152,29.22693949979152,1113.3167690018697,0.4152035645128077
0.0198,13.558775975771814,13.64869658659395,1690.3280858881865,1761.8639041343506,4.114515995559262,0.1264823938224483,11.65225779117307,4.834480494089591,69.84517893696278,28.97851740224414,28.97851740224414,1126.8853905921242,0.41489645875770553
0.02,13.89886054605521,13.989077219083141,1710.517647298602,1747.1619637635013,4.08130482573021,0.12629911336275784,11.65538991716418,4.83122016214577,69.28140907875357,28.717506902984923,28.717506902984923,1140.345098199068,0.414505237189116
0.020200000000000003,14.242966182774019,14.33345172007625,1730.5387569505674,1732.0228999931248,4.047099349766329,0.12610913697507636,11.65866944065182,4.827045252227174,68.70076056702102,28.444213279014985,28.444213279014985,1153.6925046337115,0.41403054411990436
0.0204,14.59105869469881,14.681785814587457,1750.386406210376,1716.4530086099478,4.011913604534304,0.12591233149255562,11.662092607422196,4.82196086784528,68.1034716819095,28.15894938148369,28.15894938148369,1166.9242708069173,0.4134730386874481
0.0206,14.943102896087568,15.03404424323258,1770.055658584334,1700.4585845881409,3.975761626818453,0.12570856497278848,11.66565557701846,4.8159721887031415,67.4897807021651,27.862035248461613,27.862035248461613,1180.0371057228892,0.4128333943092481
0.020800000000000003,15.29906262111273,15.39019077650022,1789.5416497091012,1684.0459220984565,3.938657453478796,0.12549770683533085,11.669354427372891,4.809084470802276,66.85992590781908,27.553797718925765,27.553797718925765,1193.0277664727341,0.41211229813378286
0.021,15.658900738286317,15.750188229022909,1808.8395873421339,1667.2213145172698,3.9006151216094156,0.12527962799972808,11.67318515941961,4.8013030465498625,66.21414558287589,27.234570048365857,27.234570048365857,1205.893058228089,0.4113104504879269
0.0212,16.022579164883158,16.113998473848294,1827.944751352231,1649.9910544355373,3.861648668696978,0.12505420102389117,11.677143701683118,4.792633324866173,65.55267801800426,26.904691526406896,26.904691526406896,1218.6298342348207,0.41042856432223007
0.021400000000000002,16.390058881362233,16.481582456710285,1846.8524937101824,1632.3614336676505,3.8217721327792122,0.12482130024266665,11.681225914838066,4.78308079129208,64.87576151322737,26.564507096827732,26.564507096827732,1231.2349958067882,0.4094673646553121
0.0216,16.76129994578617,16.852900210300195,1865.5582384795184,1614.3387432602278,3.7809995526032885,0.12458080190644112,11.685427596235911,4.772651008096591,64.18363438061138,26.214366980340635,26.214366980340635,1243.7054923196788,0.4084275880185975
0.0218,17.136261508238874,17.227910868537897,1884.0574818073594,1595.9292735007778,3.7393449677837767,0.12433258431962016,11.68974448439426,4.761349614384192,63.476534946946835,25.854626300478213,25.854626300478213,1256.0383212049064,0.40730998190256124
0.022000000000000002,17.514901825241356,17.60657268084302,1902.3457919153677,1577.139313926311,3.6968224189602075,0.1240765279788194,11.694172263444955,4.749182326201987,62.75470155642328,25.485644712920354,25.485644712920354,1268.2305279435786,0.4061153042056299
0.0222,17.89717827416576,17.98884302640602,1920.418809090796,1557.97515333184,3.6534459479539234,0.1238125157106039,11.698706567537121,4.736154936646429,62.01837257329191,25.10778603857327,25.10778603857327,1280.2792060605307,0.40484432268682086
0.0224,18.283047367647622,18.374678428459465,1938.2722456776376,1538.4430797787934,3.609229597924124,0.12354043280861063,11.703342985191634,4.722273315969547,61.26778638451446,24.72141790069716,24.72141790069716,1292.181497118425,0.4034978144231687
0.022600000000000002,18.672464767996324,18.764034568549064,1955.9018860678736,1518.5493806033587,3.5641874135229705,0.12326016716988841,11.708077063603671,4.707543411684595,60.50318140239611,24.326911366360747,24.326911366360747,1303.934590711916,0.40207656527293506
0.0228,19.065385301603854,19.156866300804875,1973.3035866928176,1498.3003424247117,3.518333441049478,0.1229716094302875,11.712904312890222,4.69197124867089,59.724796067197936,23.92464059248149,23.92464059248149,1315.5357244618783,0.40058136934554367
0.023,19.46176297335184,19.553127666212465,1990.4732760145582,1477.7022511531823,3.4716817286021544,0.12267465309873168,11.717820210279669,4.675562929277837,58.93286884972793,23.514982476694286,23.514982476694286,1326.9821840097054,0.39901302847914627
0.023200000000000002,19.861550981016848,19.952771906884113,2007.4069545174991,1456.7613919983078,3.424246326230096,0.12236919469020441,11.722820204240747,4.65832463342791,58.12763825390596,23.09831631327097,23.09831631327097,1338.2713030116659,0.3973723517266565
0.0234,20.264701729674034,20.35575148032982,2024.1006946999928,1435.4840494768257,3.376041286082495,0.1220551338572808,11.727899718548432,4.64026261871855,57.30934281930161,22.675023454297232,22.675023454297232,1349.4004631333287,0.3956601548510578
0.0236,20.67116684609911,20.76201807372863,2040.5506410660728,1413.8765074205585,3.327080662556278,0.1217323735200369,11.733054156284481,4.6213832205227945,56.47822112364052,22.245486976293122,22.245486976293122,1360.3670940440486,0.3938772598307219
0.0238,21.08089719316868,21.171522618199713,2056.7530101172765,1391.9450489842282,3.277378512441804,0.12140081999416845,11.738278903770627,4.601692852088554,55.63451178527754,21.810091352447788,21.810091352447788,1371.1686734115178,0.3920244943754383
0.024,21.49384288425895,21.584215303073503,2072.7040903445686,1369.6959566531682,3.2269488950663625,0.1210603831171517,11.743569334432564,4.58119800463637,54.7784534656327,21.36922213061966,21.36922213061966,1381.802726896379,0.39010269145379284
0.024200000000000003,21.909953297642794,22.000045590162866,2088.4002422203516,1347.1355122509622,3.1758058724353937,0.12071097637227923,11.748920812593145,4.55990524745558,53.91028487158848,20.92326561723795,20.92326561723795,1392.2668281469012,0.3881126888324944
0.0244,22.329177090885302,22.41896222803429,2103.8378981905753,1324.2699969469893,3.1239635093711975,0.12035251701040567,11.754328697193325,4.537821227998721,53.03024475784441,20.472608567222917,20.472608567222917,1402.5585987937168,0.386055328628189
0.0246,22.751462215237694,22.840913266278992,2119.0135626669344,1301.1056912638912,3.0714358736490217,0.11998492616923871,11.75978834543967,4.514952671974096,52.138571929227226,20.017637880027415,20.017637880027415,1412.675708444623,0.38393145687226166
0.024800000000000003,23.176755930029724,23.265846069784143,2133.923812019161,1277.648875084946,3.018237036130314,0.11960812899001286,11.76529511637738,4.491306383436321,51.23550524295286,19.558740301884846,19.558740301884846,1422.6158746794406,0.38174192308906796
0.025,23.605004817060518,23.693707333003925,2148.5652945674074,1253.9058276613614,2.9643810708930256,0.11922205473138527,11.77084437438798,4.466889244874803,50.3212836108384,19.096302134334866,19.096302134334866,1432.3768630449383,0.37948757988800247
0.0252,24.03615479498793,24.12444309423076,2162.934730574721,1229.882827619482,2.9098820553587714,0.1188266368803948,11.776431492611017,4.441708217299979,49.39614600146063,18.630708949081832,18.630708949081832,1441.956487049814,0.37716928256975607
0.025400000000000002,24.470151133716378,24.557998749866456,2177.0289122396093,1205.5861529679146,2.8547540704167274,0.11842181326032838,11.782051856289264,4.415770340327226,48.46033144225927,18.162345309227916,18.162345309227916,1451.3526081597395,0.3747878887470764
0.0256,24.906938468783213,24.994319068693347,2190.8447036886905,1181.022081104567,2.799011200544076,0.11800752613534088,11.787700866037103,4.389082732258319,47.514079021581544,17.691594496908095,17.691594496908095,1460.5631357924606,0.3723442579802995
0.0258,25.34646081574363,25.433348206145464,2204.3790409694425,1156.196888823598,2.742667533922861,0.1175837223116784,11.793373941031899,4.36165259016032,46.557627890665856,17.21883824734171,17.21883824734171,1469.586027312962,0.3698392514278813
0.026000000000000002,25.78866158455412,25.87502971857967,2217.628932043031,1131.1168523223014,2.6857371625531457,0.11715035323535722,11.799066522128363,4.333487189941822,45.59121726556266,16.744456489303012,16.744456489303012,1478.4192880286876,0.3672737315121205
0.0262,26.23348359395451,26.31930657754683,2230.591456777232,1105.7882472078802,2.6282341823622426,0.11670737508615511,11.804774074895999,4.304593886426378,44.61508642898869,16.268827092000162,16.268827092000162,1487.060971184821,0.3646485616002187
0.0264,26.680869085848606,26.766121184062975,2243.263766939437,1080.2173485041649,2.570172693309983,0.1162547488677749,11.810492092579889,4.274980113423085,43.62947473211391,15.792325618342591,15.792325618342591,1495.5091779596246,0.36196460570079914
0.026600000000000002,27.130759739683416,27.215415382880437,2255.6430861897516,1054.410430658231,2.5115667994897994,0.11579244049404439,11.816216098985226,4.244653383794162,42.63462159627746,15.315325084564456,15.315325084564456,1503.7620574598345,0.3592227281759591
0.0268,27.58309668682703,27.667130476759024,2267.7267100741715,1028.3737675469354,2.4524306092255306,0.11532042087102126,11.821941651286043,4.213621289519448,41.63076651463092,14.838195726163109,14.838195726163109,1511.8178067161143,0.3564237934689072
0.027,28.03782052494512,28.121207240737192,2279.512006017852,1002.1136324833923,2.392778235163869,0.11483866597487585,11.827664342758773,4.181891501757769,40.61814905370766,14.361304770102297,14.361304770102297,1519.674670678568,0.3535686658472042
0.027200000000000002,28.49487133237613,28.577585936403135,2290.996413318459,975.6362982233351,2.3326237943622052,0.11434715692542984,11.833379805441364,4.149471770904972,39.59700885491398,13.885016213219687,13.885016213219687,1527.3309422123061,0.35065820916158824
0.0274,28.9541886825051,29.036206326165996,2302.177443139604,948.9480369714232,2.2719814083718903,0.11384588005523379,11.839083712718725,4.116369926648672,38.567585635942585,13.409690606772818,13.409690606772818,1534.7849620930695,0.34769328662035365
0.027600000000000003,29.41571165813626,29.49700768752702,2313.0526785043644,922.0551203874538,2.2108652033167084,0.11333482697407196,11.844771781835425,4.082593878019523,37.53011919210462,12.935684847047924,12.935684847047924,1542.0351190029096,0.3446747605792113
0.027800000000000002,29.879378865864226,29.959928827350705,2323.619774288885,894.963819592503,2.1492893099665182,0.1128139946287883,11.850439776336588,4.048151613439005,36.48484939757979,12.463351971951047,12.463351971951047,1549.0798495259232,0.34160349234654647
0.028,30.34512845044404,30.42490809613596,2333.876457216064,867.6804051749821,2.087267863805913,0.1122833853583332,11.856083508438076,4.013051200763616,35.43201620658186,11.99304096349364,11.99304096349364,1555.9176381440427,0.3384803420039589
0.028200000000000003,30.812898109159867,30.891883402287228,2343.82052584932,840.2111471966199,2.024815005097854,0.11174300694393706,11.861698841327037,3.9773007873254085,34.37185965443888,11.525096556080156,11.525096556080156,1562.54701723288,0.3353061682419552
0.0284,31.28262510619252,31.360792226385684,2353.4498505864385,812.5623151983481,1.961944878942114,0.11119287265432225,11.867281691394007,3.9409085999687847,33.30461985858527,11.059859050499403,11.059859050499403,1568.9665670576255,0.3320818282106406
0.0286,31.754246286985676,31.831571635460357,2362.7623736535006,784.7401782061461,1.8986716353285933,0.11063300128587235,11.872828030397777,3.903882945083573,32.230537019466865,10.597664133518654,10.597664133518654,1575.1749157690006,0.3288081773852477
0.028800000000000003,32.22769809261102,32.304158297259356,2371.756109098892,756.7510047367635,1.8350094291852397,0.11006341719768327,11.878333887564324,3.8662322086341843,31.14985142135438,10.138842702973099,10.138842702973099,1581.1707393992613,0.3254860694463071
0.029,32.70291657413204,32.778488494520914,2380.429142787388,728.6010628033982,1.7709724204206825,0.10948415034142826,11.883795351621085,3.8279648561849484,30.062803433067142,9.683720698243015,9.683720698243015,1586.9527618582588,0.3221163561742731
0.0292,33.179837406966755,33.25449813924463,2388.77963239432,700.2966199212932,1.706574773961437,0.10889523628597582,11.889208572767927,3.7890894329215037,28.96963350860464,9.232618936006043,9.232618936006043,1592.5197549295467,0.31869988735838667
0.029400000000000003,33.658395905249265,33.73212278696262,2396.8058073998177,671.84394311323,1.6418306597835761,0.10829671623670588,11.894569764586198,3.74961456366817,27.870582187684164,8.78585295115017,8.78585295115017,1597.8705382665453,0.3152375107195494
0.0296,34.138527036190126,34.211297651010625,2404.505969083128,643.2492989149961,1.576754252938993,0.10768863704947812,11.899875205887206,3.7095489529014,26.765890096186613,8.343732842732816,8.343732842732816,1603.0039793887522,0.31173007184698714
0.0298,34.620165434435606,34.69195761679919,2411.878490517011,614.5189533807262,1.5113597335759947,0.10707105123921244,11.905121242501593,3.6689013847591085,25.655797946506084,7.906563124867182,7.906563124867182,1607.9189936780074,0.3081784141484452
0.030000000000000002,35.10324541642587,35.17403725608484,2418.921816562209,585.6591720882078,1.4456612869543934,0.10644401698304992,11.91030428901097,3.6276807230460077,24.540546537806062,7.47464258241929,7.47464258241929,1612.6145443748062,0.3045833788136785
0.0302,35.587700994751984,35.65747084124125,2425.6344638619953,556.6762201440927,1.3796731034549445,0.10580759811806985,11.915420830423244,3.5858959112348305,23.420376756179618,7.048264131396241,7.048264131396241,1617.0896425746635,0.3009458047909716
0.0304,36.07346589251192,36.142192359530306,2432.015020836787,527.576362189047,1.3134093785831848,0.10516186413354633,11.92046742379311,3.543555972463488,22.29552957471456,6.6277146839076275,6.6277146839076275,1621.3433472245247,0.2972665287764298
0.030600000000000002,36.56047355766543,36.62813552737335,2438.0621476788415,498.36586240282554,1.2468843129676317,0.10450689015773537,11.925440699789021,3.50067000952812,21.166246053462885,6.213275017581641,6.213275017581641,1625.3747651192277,0.29354638521577253
0.0308,37.048657177387916,37.11523380462235,2443.774576347019,469.05098450926135,1.1801121123523206,0.10384275693919151,11.930337364208182,3.4572472048720395,20.032767339314088,5.805219649318123,5.805219649318123,1629.1830508980124,0.28978620631835733
0.031,37.53794969242319,37.60342040883098,2449.151110561614,439.6379917812136,1.1131069875837833,0.10316955082262087,11.935154199440849,3.413296820570619,18.8953346657741,5.4038167132625805,5.4038167132625805,1632.7674070410762,0.2859868220831641
0.031200000000000002,38.028283811435294,38.09262832952583,2454.1906257992664,410.1331470454281,1.0458831545923861,0.10248736371928499,11.939888065885375,3.368828198312088,17.75418935264853,5.009327842885391,5.009327842885391,1636.1270838661776,0.28214906033646137
0.031400000000000004,38.519592025359216,38.58279034247756,2458.8920692879296,380.54271268731384,0.9784548343680464,0.10179629307197843,11.94453590331537,3.3238507593742295,16.609572805630417,4.622008057052476,4.622008057052476,1639.2613795252864,0.2782737467808732
0.0316,39.01180662175071,39.07383902397197,2463.254460001918,350.8729506556961,0.9108362529305033,0.10109644181461003,11.94909473220028,3.2783740045971204,15.461726515795583,4.242105649976752,4.242105649976752,1642.1696400012786,0.2743617050555802
0.0318,39.50485969913502,39.565706765081295,2467.276888657016,321.13012246745217,0.8430416412939683,0.10038791832642664,11.953561654980724,3.23240751435178,14.31089205900255,3.8698620849395415,3.8698620849395415,1644.8512591046774,0.27041375680736324
0.032,39.998683181354735,40.05832578593533,2470.9585177056583,291.3204892121147,0.7750852354263874,0.09967083638092496,11.957933857299889,3.185960948504894,13.157311095201022,3.5055118916760666,3.5055118916760666,1647.3056784704388,0.2664307217722215
0.0322,40.49320883191659,40.551628149992496,2474.2985813321707,261.4503115564021,0.7069812762032842,0.09894531508950553,11.962208609192157,3.1390440463796017,12.001225367648344,3.149282567320192,3.149282567320192,1649.5323875547804,0.26241341786728717
0.0324,40.98836826833742,41.04554577831098,2477.296385448081,231.52584974866014,0.6387440093562061,0.09821147883993035,11.966383266230318,3.091666626712343,10.842876702034363,2.8013944808067976,2.8013944808067976,1651.5309236320538,0.258362661292754
0.032600000000000004,41.484092976489094,41.540010463820124,2479.9513076874914,201.55336362329302,0.5703876854160189,0.09746945722965313,11.970455270632385,3.0438385876059706,9.68250700551884,2.462060780634487,2.462060780634487,1653.300871791661,0.25427926664356254
0.0328,41.9803143249426,42.03495388559129,2482.2627974025163,171.53911260506948,0.5019265596508704,0.09671938499409867,11.974422152329293,2.9955699064789685,8.520358265678356,2.131487305892298,2.131487305892298,1654.841864935011,0.2501640470305503
0.033,42.47696357931114,42.530307623109195,2484.23037565878,141.48935571342523,0.4333748919991782,0.09596140192997563,11.978281529994476,2.9468706400110585,7.356672549368767,1.8098725004604332,1.8098725004604332,1656.1535837725198,0.2460178142108184
0.0332,42.97397191659245,43.026003170543035,2485.8536352309757,111.41035156664341,0.3647469469974679,0.09519565281371324,11.982031112036449,2.8977509240850514,6.191692001500227,1.4974073302959328,1.4974073302959328,1657.2357568206503,0.24184137872702902
0.0334,43.4712704395101,43.521971951017534,2487.132240598489,81.30835838604054,0.29605699370344574,0.09442228731512062,11.98566869755535,2.8482209737252377,5.025658843731333,1.1942752037208315,1.1942752037208315,1658.0881603989926,0.23763555005539017
0.033600000000000005,43.968790190854044,44.01814533088432,2488.0659279410756,51.189634000047775,0.2273193056141635,0.09364145990637351,11.98919217726442,2.798291083032201,3.858815373079936,0.9006518946317339,0.9006518946317339,1658.7106186273838,0.23340113676205068
0.033800000000000004,44.46646216782025,44.514454633992834,2488.654505134602,21.060435848241678,0.15854816057950855,0.09285332976644016,11.99259953437733,2.7479716251142325,2.6914039604546205,0.616705468555727,0.616705468555727,1659.103003423068,0.2291389466676551
0.034,44.96421733634945,45.01083115596165,2488.8978517468395,-9.072979014662224,0.0897578407111686,0.09205806068106494,11.995888845462224,2.697273052015454,1.5236670491093436,0.342596211481333,0.342596211481333,1659.2652344978928,0.22484978701980657
0.0342,45.46198664546517,45.50720617844954,2488.795919033319,-39.20435391488687,0.020962632287118116,0.09125582093843379,11.999058281263235,2.6462058946406875,0.3558471530220668,0.07847656139719705,0.07847656139719705,1659.197279355546,0.22053446467318105
0.0344,45.9597010416108,46.00351098342681,2488.3487299332396,-69.32743255574277,-0.0478231743482436,0.09044678322065253,12.002106107490286,2.5947807626771495,-0.8118131448004315,-0.1755089575238788,-0.1755089575238788,1658.8991532888263,0.21619378627704317
0.0346,46.45729148298595,46.499676867446155,2487.5563790654305,-99.4359590137729,-0.11658528488799537,0.08963112449117423,12.005030685577832,2.5430083445132308,-1.9790711940863412,-0.41922379815267324,-0.41922379815267324,1658.370919376954,0.21182855846993026
0.034800000000000005,46.954688953881956,46.995635155914044,2486.419032724369,-129.5236777350295,-0.1853094011708031,0.08880902587831777,12.007830473413165,2.490899407154196,-3.1456842791340036,-0.6525394510971921,-0.6525394510971921,1657.612688482913,0.20743958808124066
0.035,47.4518244790166,47.49131721736183,2484.936928876251,-159.5843335313286,-0.2539812212927398,0.08798067255502481,12.010504026034909,2.438464796135204,-4.31140962071009,-0.8753355029090293,-0.8753355029090293,1656.6246192508338,0.20302768233950858
0.0352,47.948629137868075,47.98665447771683,2483.11037715511,-189.61167157661419,-0.3225864397229616,0.08714625361500787,12.01304999630216,2.3857154354315244,-5.476004378013237,-1.0874996918466322,-1.0874996918466322,1655.4069181034067,0.19859364908710878
0.0354,48.445034079008146,48.481578434573564,2480.9397588589936,-219.59943740333358,-0.3911107474228608,0.08630596194544583,12.015467135534792,2.332662327366225,-6.639225650696711,-1.28892796123273,-1.28892796123273,1653.9598392393289,0.19413829700116783
0.0356,48.94097053443455,48.976020671464994,2478.425526946181,-249.54137689886832,-0.4595398319686343,0.08545999409638964,12.01775429412527,2.279316552515391,-7.800830480949039,-1.479524510439155,-1.479524510439155,1652.2836846307873,0.1896624358204433
0.0358,49.43636983390269,49.469912872133335,2475.5682060314566,-279.4312363020276,-0.5278593776771179,0.08460855014704248,12.01991042212232,2.225689269610971,-8.960575855630088,-1.6592018435266902,-1.6592018435266902,1650.378804020971,0.18516687657793604
0.036000000000000004,49.931163419256535,49.96318683480167,2472.3683923824296,-309.2627621995676,-0.5960550657346331,0.08375183356908514,12.021934569786744,2.171791715441445,-10.118218708458278,-1.8278808155619608,-1.8278808155619608,1648.2455949216198,0.1806524318390106
0.0362,50.42528285875882,50.455774486444746,2468.8267539158974,-339.0297015227748,-0.664112574328762,0.08289005108721895,12.023825888119543,2.1176352047503717,-11.273515922247505,-1.9854906766284521,-1.9854906766284521,1645.8845026105985,0.17611991594478732
0.0364,50.918659861420494,50.9476078970603,2464.9440301942595,-368.7258015440792,-0.7320175787827935,0.08202341253710253,12.025583629362512,2.0632311301330057,-12.426224331189397,-2.131969113542746,-2.131969113542746,1643.2960201295066,0.17157014526058223
0.0366,51.41122629132949,51.43861929394024,2460.7210324219723,-398.34480987371194,-0.7997557516926969,0.08115213072086182,12.027207147471382,2.00859096193109,-13.576100723178497,-2.267262289281806,-2.267262289281806,1640.480688281315,0.1670039384291622
0.0368,51.90291418197879,51.928741075941666,2456.158643442052,-427.8804744564263,-0.8673127630664847,0.08027642126035421,12.028695898561457,1.953726248125926,-14.722901842177983,-2.3913248801214353,-2.3913248801214353,1637.4390956280347,0.16242211662858458
0.037000000000000005,52.39365575059373,52.417905827758126,2451.2578177326163,-457.3265435682074,-0.93467428046561,0.07939650244837129,12.030049441325758,1.8986486142299814,-15.866384390619924,-2.504120110479851,-2.504120110479851,1634.171878488411,0.1578255038344001
0.037200000000000004,52.88338341245871,52.906046334190755,2446.019581403472,-486.67676581309007,-1.0018259691484852,0.07851259509796506,12.031267437425464,1.843369763176972,-17.00630503184157,-2.6056197854554055,-2.6056197854554055,1630.679720935648,0.15321492708597204
0.0374,53.37202979524318,53.39309559441945,2440.445032192742,-515.9248901199635,-1.0687534922156583,0.077624922390085,12.032349651852485,1.7879014752107583,-18.142420392549756,-2.6958043210404474,-2.6958043210404474,1626.9633547951614,0.14859121675669518
0.0376,53.85952775332692,53.87898683627388,2434.535339463532,-545.0646657394342,-1.135442510756624,0.07673370971971395,12.03329595326386,1.732255607773073,-19.274487065313064,-2.774662771988252,-2.774662771988252,1623.023559642355,0.14395520682787025
0.0378,54.34581038212474,54.36365353050502,2428.291744200639,-574.0898422407176,-1.2018786839980082,0.07583918454069134,12.03410631428764,1.676444095390276,-20.402261611077304,-2.842192857303414,-2.842192857303414,1618.8611628004262,0.1393077351660004
0.038,54.83081103241045,54.84702940505569,2421.715559007295,-602.9941695085782,-1.2680476694529885,0.07494157620941358,12.034780811799841,1.620478949559231,-21.525500561701968,-2.898400983320176,-2.898400983320176,1614.4770393381964,0.13464964380326616
0.038200000000000005,55.314463324640215,55.32904845933247,2414.80816810195,-631.7713977402927,-1.3339351230716983,0.07404111582760033,12.035319627171923,1.5643722586324942,-22.6439604225134,-2.943302264326816,-2.943302264326816,1609.8721120679666,0.12998177922093895
0.038400000000000004,55.79670116327529,55.80964497847603,2407.571027315094,-660.4152774426308,-1.3995266993924151,0.0731380360843158,12.035723046488258,1.5081361877029638,-23.757397674871246,-2.9769205406880603,-2.9769205406880603,1605.047351543396,0.12530499263548628
0.0386,56.27745875110405,56.28875354763308,2400.005664086111,-688.9195594289208,-1.4648080516934987,0.07223257109743354,12.035991460732934,1.4517829784880074,-24.865568778747665,-2.9992883944112076,-2.9992883944112076,1600.0037760574075,0.12062014028710526
0.0388,56.75667060356351,56.76630906622693,2392.1136774601705,-717.2779948160935,-1.5297648321456454,0.07132495625473165,12.03612536594514,1.395324949213396,-25.968230175311884,-3.0104471620949704,-3.0104471620949704,1594.7424516401138,0.1159280837304429
0.039,57.23427156306011,57.242246762228994,2383.8967380851514,-745.4843350217733,-1.5943826919644377,0.07041542805480462,12.036125363342327,1.3387744944970528,-27.06513828951978,-3.010446945193895,-3.010446945193895,1589.2644920567673,0.11122969012722934
0.0392,57.71019681328997,57.71650220642979,2375.3565882086004,-773.5323317614088,-1.658647281562977,0.06950422394797597,12.035992159410295,1.2821440852327772,-28.15604953270486,-2.9993466175244974,-2.9993466175244974,1583.5710588057336,0.10652583254055527
0.039400000000000004,58.18438189355848,58.18901132671013,2366.4950416747247,-801.4157370454219,-1.7225442507043771,0.06859158217739383,12.035726565959191,1.2254462684741068,-29.2407203051669,-2.9772138299326762,-2.9772138299326762,1577.6633611164832,0.10181739023052028
0.0396,58.65676271309936,58.65971042231222,2357.3139839214123,-829.1283031763832,-1.786059248653955,0.06767774162048955,12.035329500144424,1.1686936673184345,-30.318906998755413,-2.9441250120353426,-2.9441250120353426,1571.5426559476082,0.09710524895096641
0.0398,59.12727556539305,59.128536178111,2347.8153719772868,-856.6637827462214,-1.8491779243309547,0.06676294163097622,12.03480198445131,1.1118989807915076,-31.390365999445223,-2.9001653709424806,-2.9001653709424806,1565.210247984858,0.0923903012470048
0.04,59.59585714248456,59.59542567888504,2338.0012344587913,-884.0159286334703,-1.911885926459645,0.0658474218815616,12.03414514664231,1.0550749837324223,-32.454853689901384,-2.845428886859065,-2.845428886859065,1558.6674896391942,0.0876734467530336
0.0402,60.062444549300764,60.060316423587885,2327.873671567302,-911.178494000494,-1.97416890371948,0.06493142220754652,12.033360219665514,0.9982345266793389,-33.51212645202821,-2.7800183054595213,-2.7800183054595213,1551.915781044868,0.0829555924909465
0.040400000000000005,60.526975317967036,60.523146339619245,2317.4348550862705,-938.1452322907994,-2.036012504894405,0.06401518245147567,12.032448541523046,0.9413905357558692,-34.56194066950379,-2.7040451269204726,-2.7040451269204726,1544.9565700575138,0.07823765316819793
0.040600000000000004,60.989387422123414,60.983853797095875,2306.6870283783937,-964.9098972263155,-2.0974023790208696,0.06309894230900476,12.03141155509789,0.8845560125584424,-35.604052730292544,-2.61762959149076,-2.61762959149076,1537.7913522522626,0.0735205514754121
0.0408,61.44961929124014,61.44237762312307,2295.632506382812,-991.466242804747,-2.1583241755346365,0.06218294117614336,12.030250807937648,0.8277440340445963,-36.63821902913735,-2.520900661470634,-2.520900661470634,1530.4216709218747,0.06880521838318156
0.041,61.90760982493265,61.898657116065664,2284.2736756123354,-1017.8080232969039,-2.2187635444159985,0.06126741799802819,12.028967951993584,0.7709677524224796,-37.66419597002467,-2.4139959994653766,-2.4139959994653766,1522.8491170748903,0.0640925934377193
0.0412,62.363298407276034,62.352632059819086,2272.612994150691,-1043.9289932440724,-2.2787061363334162,0.060352611119377605,12.027564743313256,0.714240395041543,-38.68173996862281,-2.2970619427713546,-2.2970619427713546,1515.075329433794,0.05938362505499096
0.0414,62.81662492111892,62.80424273808073,2260.6529916498034,-1069.8229074554206,-2.338137602785399,0.05943875813677245,12.02604304168495,0.6575752642845651,-39.69060745469042,-2.170253473745776,-2.170253473745776,1507.1019944332022,0.05467927081295672
0.041600000000000005,63.267529762396855,63.253429948620884,2248.3962693270933,-1095.483521005393,-2.397043596240399,0.058526095752903816,12.024404810232054,0.6009857374611758,-40.690554874451216,-2.033734186004552,-2.033734186004552,1498.9308462180622,0.04998049774154082
0.041800000000000004,63.71595385444507,63.70013501755414,2235.8454999628048,-1120.9045892311492,-2.455409770274702,0.05761485963292285,12.022652114955427,0.5444852667028861,-41.681338692934766,-1.8876762462855352,-1.8876762462855352,1490.56366664187,0.04528828260992269
0.042,64.16183866231086,64.14429981361032,2223.0034278973544,-1146.07986773001,-2.513221779708101,0.05670528426302193,12.020787124221695,0.4880873788597919,-42.662715396279495,-1.7322603518078334,-1.7322603518078334,1482.0022852649026,0.04060361221074314
0.0422,64.60512620706523,64.58586676240571,2209.8728690287035,-1171.0031123569172,-2.570465280737249,0.05579760281137138,12.018812108195412,0.4318056753990105,-43.63444149399651,-1.5676756829508987,-1.5676756829508987,1473.2485793524688,0.03592748364079758
0.0424,65.04575908011427,65.02477886071436,2196.456710809755,-1195.6680792219345,-2.627125931066626,0.05489204699152936,12.016729438212845,0.3756538323049219,-44.59627352119273,-1.3941198510703983,-1.3941198510703983,1464.30447387317,0.03126090457777586
0.0426,65.48368045750972,65.460979690739,2182.7579122457723,-1220.0685246877308,-2.6831893900368855,0.05398884692843723,12.014541586095138,0.3196455999813652,-45.5479680407496,-1.2117988412614387,-1.2117988412614387,1455.1719414971813,0.026604893552601507
0.042800000000000005,65.9188341142593,65.89441343438227,2168.7795038918152,-1244.1982053670822,-2.7386413187505503,0.05308823102710587,12.012251123398475,0.2637948031558235,-46.48928164545688,-1.0209269498729345,-1.0209269498729345,1445.8530025945436,0.021960480216899708
0.043000000000000003,66.35116443863633,66.32502488751808,2154.5245878502074,-1268.0508781204453,-2.793467380195075,0.05219042584409256,12.009860720598844,0.20811534078558713,-47.41997096010159,-0.8217267165702901,-0.8217267165702901,1436.3497252334714,0.017328705605106295
0.0432,66.78061644648896,66.75275947426243,2139.996337768013,-1291.620300053466,-2.847653239362888,0.05129565596186151,12.00737314620886,0.15262118596616725,-48.33979264350582,-0.6144288507382525,-0.6144288507382525,1426.6642251786752,0.01271062239073956
0.0434,67.20713579554885,67.17756326124471,2125.1979988345433,-1314.9002285145573,-2.9011845633686075,0.0504041438661145,12.004791265824101,0.09732638584183428,-49.24850339051649,-0.3992721520084882,-0.3992721520084882,1416.7986658896955,0.008107295136310148
0.0436,67.63066879973933,67.59938297187927,2110.1328877788787,-1337.8844210924944,-2.9540470215632575,0.049516109826171543,12.002118041096296,0.042245061518393356,-50.14585993394419,-0.17650342469125632,-0.17650342469125632,1406.7552585192525,0.0035198005363505504
0.0438,68.05116244348314,68.0181660006355,2094.804392867411,-1360.5666356139448,-3.0062262856452024,0.048631771778475066,11.999356528630624,-0.012608592021587484,-51.031619046446345,0.05362261411455409,0.05362261411455409,1396.5362619116074,-0.0010507723469590402
0.044000000000000004,68.46856439600963,68.43386042731048,2079.2159739014073,-1382.9406301411439,-3.0577080297682318,0.0477513452132838,11.996509878804405,-0.06722030600141293,-51.90553754236196,0.2908434329662828,0.2908434329662828,1386.1439826009382,-0.005603321856149068
0.0442,68.88282302566147,68.84641503129856,2063.371162214592,-1405.0001629694539,-3.1084779306461217,0.046875043064616574,11.99358133450425,-0.12157573793027332,-52.767372279486636,0.5348887913124081,0.5348887913124081,1375.5807748097282,-0.010136733519329453
0.0444,69.2938874142009,69.25577930586374,2047.273560670746,-1426.7389926250403,-3.158521667654164,0.046003075603498624,11.99057422977887,-0.17566047168098375,-53.61688016079599,0.7854808517608333,0.7854808517608333,1364.849040447164,-0.014649879840177035
0.0446,69.70170737111548,69.66190347241042,2030.9268436613272,-1448.1508778624893,-3.2078249229272133,0.045135650334557215,11.987491988404493,-0.22946001756513157,-54.45381813611011,1.0423342996255347,1.0423342996255347,1353.9512291075514,-0.01914162009760577
0.0448,70.10623344792342,70.06473849475417,2014.3347571031086,-1469.2295776624428,-3.2563733814543796,0.04427297189600523,11.984338122359972,-0.28295981240571244,-55.27794320370089,1.3051564700022582,1.3051564700022582,1342.8898380687392,-0.023610800155727883
0.045000000000000005,70.50741695247837,70.46423609339361,1997.501118435834,-1489.968851229318,-3.304152731170502,0.04341524196304608,11.981116230208466,-0.33614521960736754,-56.08901241184495,1.5736474826279132,1.5736474826279132,1331.667412290556,-0.028056252284727128
0.045200000000000004,70.90520996327375,70.86034875978073,1980.4298166198926,-1510.3624579889402,-3.351148663043964,0.04256265915472572,11.977829995382649,-0.3890015292238904,-56.886782860314206,1.8475003847792284,1.8475003847792284,1320.286544413262,-0.032476794993237273
0.0454,71.2995653437467,71.25302977059299,1963.12481213401,-1530.4041575862634,-3.397346871161254,0.041715418944250765,11.974483184370335,-0.44151395802330473,-57.671011701811416,2.1264013024720785,2.1264013024720785,1308.7498747560066,-0.036871232872880036
0.0456,71.69043675658149,71.6422332020036,1945.5901369729584,-1550.0877098830538,-3.4427330528079554,0.04087371357278561,11.971079644797332,-0.493667649550277,-58.44145614334493,2.4100296002223387,2.4100296002223387,1297.0600913153057,-0.041238356455578884
0.0458,72.07777867801244,72.02791394395318,1927.8298946452828,-1569.4068749556113,-3.4872929085463418,0.040037731966734755,11.967623303404409,-0.5454476741859984,-59.19787344754593,2.6980580496326034,2.6980580496326034,1285.2199297635218,-0.04557694208430139
0.046,72.46154641212654,72.41002771442086,1909.8482601710461,-1588.3554130925068,-3.531012142289516,0.03920765965850958,11.96411816391517,-0.5968390292054844,-59.94002093392698,2.9901530070691336,2.9901530070691336,1273.2321734473642,-0.04988575179787201
0.046200000000000005,72.84169610516541,72.78853107369541,1891.649480079591,-1606.927084792308,-3.5738764613720555,0.03838367871077343,11.960568304791675,-0.6478266388322726,-60.66765598008119,3.2859746006937898,3.2859746006937898,1261.099653386394,-0.054163533230501985
0.046400000000000004,73.21818475982705,73.16338143864616,1873.2378724073174,-1625.1156507613264,-3.6158715766172302,0.03756596764415151,11.95697787687461,-0.6983953542905625,-61.38053602282336,3.5851769271157528,3.5851769271157528,1248.8252482715448,-0.05840901952668942
0.0466,73.59097024956694,73.53453709699441,1854.617826695478,-1642.9148719113841,-3.6569832024008257,0.036754701368387,11.953351100904882,-0.7485299538548216,-62.07841855927328,3.8874082579265563,3.8874082579265563,1236.411884463652,-0.06262092927214001
0.0468,73.9600113328988,73.90195722158465,1835.7938039879928,-1660.3185093575842,-3.6971970567115497,0.03595005111691804,11.949692264923442,-0.79821514289684,-62.76106114788125,4.192311256379814,4.192311256379814,1223.8625359919952,-0.06679796644135204
0.047,74.32526766769492,74.26560188465551,1816.7703368292769,-1677.3203244161082,-3.7364988612081116,0.03515218438484491,11.946005721546301,-0.8474355539303096,-63.42822140939696,4.499523204474827,4.499523204474827,1211.1802245528513,-0.07093882036251166
0.0472,74.68669982548603,74.62543207211101,1797.5520292620874,-1693.914078601972,-3.7748743412728523,0.03436126487025081,11.94229588511162,-0.896175746652824,-64.0796570277799,4.808676240698485,4.808676240698485,1198.3680195080583,-0.07504216570032235
0.047400000000000005,75.04426930576075,74.98140969779168,1778.1435568253871,-1710.0935336268888,-3.812309226062307,0.033577452418834225,11.938567228695863,-0.9444202079855923,-64.71512575105768,5.119397608678043,5.119397608678043,1185.4290378835913,-0.07910666245741435
0.0476,75.39793855026463,75.33349761774578,1758.5496665522235,-1725.8524513970349,-3.8487892485542807,0.032800902971805344,11.934824280996148,-0.9921533521105501,-65.33438539212514,5.4313099169876615,5.4313099169876615,1172.366444368149,-0.08313095599491636
0.0478,75.7476709572987,75.68165964450039,1738.7751769676263,-1741.1845940109097,-3.8843001455919284,0.032031768516994526,11.931071623075802,-1.0393595205052335,-65.93719382949261,5.744031410349926,5.744031410349926,1159.1834513117508,-0.08711367707281344
0.048,76.09343089601772,76.02586056133264,1718.8249780865222,-1756.0837237571686,-3.9188276579246155,0.03127019704311459,11.927313884970452,-1.0860229819752534,-66.52330900797959,6.057176252462329,6.057176252462329,1145.883318724348,-0.0910534419106506
0.0482,76.43518372072792,76.36606613654072,1698.7040314116634,-1770.5436031124784,-3.95235753024574,0.03051633249711552,11.923555742151933,-1.1321279326844973,-67.0924889393567,6.370354820672212,6.370354820672212,1132.4693542744424,-0.09494885226914482
0.048400000000000006,76.77289578518435,76.7022431377152,1678.4173699315768,-1784.557994739393,-3.9848755112275747,0.029770314744564284,11.919801911847436,-1.1776584961831094,-67.64449170293723,6.6831740127135335,6.6831740127135335,1118.9449132877178,-0.09879849555323571
0.048600000000000004,77.10653445688781,77.03435934601013,1657.9700981185267,-1798.120661484195,-4.016367353553076,0.029032279532979106,11.916057149211515,-1.2225987234332027,-68.17907544611704,6.9952375657072405,6.9952375657072405,1105.3133987456845,-0.10260094493706771
0.0488,77.43606813138148,77.3623835704143,1637.3673919264984,-1811.2253663748395,-4.046818813945047,0.02830235845804273,11.912326243348584,-1.2669325928325976,-68.69599838486964,7.306146387617871,7.306146387617871,1091.5782612843323,-0.10635475951139328
0.049,77.76146624654693,77.68628566202199,1616.6144987891944,-1823.8658726188166,-4.076215653192315,0.027580678932616016,11.908614013183902,-1.3106440102363244,-69.19501880419054,7.615498901341514,7.615498901341514,1077.7429991927963,-0.1100584844538016
0.0492,78.08269929689999,78.00603652830455,1595.716737618051,-1836.035943601066,-4.104543636173306,0.02686736415846887,11.904925303180914,-1.3537168089761884,-69.67589505849747,7.922891401590478,7.922891401590478,1063.811158412034,-0.11371065122218656
0.0494,78.39973884788598,78.32160814738167,1574.6794988002712,-1847.729342881946,-4.131788531877119,0.026162533100642753,11.901264978903328,-1.3961347498784562,-70.13838557198812,8.227918424722755,8.227918424722755,1049.7863325335143,-0.11730977777180007
0.049600000000000005,78.7125575501748,78.63297358229188,1553.5082441968739,-1858.9398341951494,-4.157936113421929,0.02546630046435546,11.897637922420245,-1.4378815212795517,-70.58224883895251,8.530173131646269,8.530173131646269,1035.672162797916,-0.12085436879617653
0.049800000000000004,79.02112915395534,78.94010699526457,1532.208507140761,-1869.6611814456253,-4.182972158070957,0.024778776674356035,11.894049027553052,-1.478940739039923,-71.00724342404402,8.829247703912323,8.829247703912323,1021.4723380938407,-0.12434291599218199
0.05,79.32542852322982,79.24298366199027,1510.785892434803,-1879.8871487076185,-4.206882447246352,0.024100067856635203,11.89050319496286,-1.5192959465563596,-71.41312796251525,9.124733753094873,9.124733753094873,1007.1905949565353,-0.12777389834939656
0.0502,79.62543165010749,79.54157998589226,1489.2460763499396,-1889.6115002225822,-4.2296527665405215,0.023430275822393903,11.887005327077684,-1.5589306147723814,-71.7996611604101,9.416222743526268,9.416222743526268,992.8307175666264,-0.13114578246391942
0.0504,79.92111566909806,79.8358735123983,1467.5948066233009,-1898.8280003972302,-4.2512689057256265,0.022769498054170844,11.883560322858635,-1.5978281421872673,-72.16660179472515,9.703306428447176,9.703306428447176,978.3965377488673,-0.13445702287670164
0.0506,80.2124588714048,80.12584294321017,1445.8379024563446,-1907.5304138015113,-4.271716658760838,0.02211782769402761,11.880173072404823,-1.6359718548633935,-72.51370871353275,9.98557729959808,9.98557729959808,963.8919349708965,-0.13770606243636438
0.050800000000000005,80.49944071921723,80.41146815057681,1423.9812545130105,-1915.712505166652,-4.290981823797796,0.021475353533688527,11.876848451396853,-1.6733450064322308,-72.84074083607369,10.262629050262303,10.262629050262303,949.320836342007,-0.14089133268644397
0.051000000000000004,80.78204186000335,80.69273019156384,1402.0308249178936,-1923.3680393831846,-4.309050203184175,0.02084216000653103,11.873591315379093,-1.7099307780989161,-73.1474571528178,10.534057051742266,10.534057051742266,934.6872166119289,-0.1440112542768887
0.0512,81.06024414080163,80.9696113223257,1379.9926472544355,-1930.4907814990206,-4.325907603465625,0.020218327181320855,11.870406493881266,-1.7457122786456003,-73.43361672549673,10.799458843227786,10.799458843227786,919.9950981696237,-0.14706423739957408
0.0514,81.33403062251266,81.2420950123764,1357.8728265631341,-1937.0744967175094,-4.3415398353860235,0.019603930757585826,11.867298784380159,-1.7806725444335292,-73.69897868710844,11.058434634986758,11.058434634986758,905.2485510420895,-0.1500486822474939
0.0516,81.60338559419029,81.51016595886088,1335.6775393397697,-1943.1129503954942,-4.355932713886198,0.018999042062521277,11.864272946102606,-1.8147945394039728,-73.94330224189535,11.310587824782894,11.310587824782894,890.4516928931798,-0.15296297949720802
0.051800000000000006,81.86829458733257,81.77381010082564,1313.4130335336517,-1948.599908041483,-4.3690720581014855,0.018403728049319466,11.861333693671213,-1.8480611550782673,-74.166346665303,11.555525527398956,11.555525527398956,875.6086890224345,-0.15580551081404337
0.052000000000000005,82.12874439017226,82.03301463349102,1291.0856285458824,-1953.5291353137118,-4.380943691357719,0.01781805129681555,11.858485690594678,-1.8804552105566832,-74.3678713039119,11.792859117110172,11.792859117110172,860.7237523639216,-0.1585746493794
0.0522,82.38472306196701,82.28776802252081,1268.701715227638,-1957.8943980182705,-4.3915334411661675,0.01724207001034246,11.85573354260484,-1.9119594525164885,-74.54763557535162,12.022204782930036,12.022204782930036,845.8011434850921,-0.16126876043946659
0.0524,82.63621994728926,82.53806001829484,1246.2677558784724,-1961.6894621073134,-4.400827139217547,0.016675838023687637,11.853081790842973,-1.9425565552093065,-74.7053989681991,12.24318409641895,12.24318409641895,830.8451705856484,-0.16388620187452152
0.0526,82.88322569031567,82.78388167017918,1223.7902842446338,-1964.9080936771402,-4.408810621374755,0.016119404802044865,11.850534904898243,-1.9722291204575164,-74.84092104185542,12.455424591813088,12.455424591813088,815.8601894964224,-0.16642532478785618
0.0528,83.12573224911631,83.02522534079816,1201.275905517405,-1967.544058966466,-4.4154697276651325,0.015572815445855235,11.848097275701482,-2.000959677650272,-74.9539614264143,12.658560358209847,12.658560358209847,800.85060367827,-0.16888447411331728
0.053000000000000005,83.36373290994355,83.26208472030423,1178.7312963314598,-1969.5911243545402,-4.420790302271608,0.015036110695432522,11.845773208277926,-2.028730683738681,-75.04427982251187,12.852232643506259,12.852232643506259,785.8208642209732,-0.17126198924026226
0.053200000000000004,83.59722230152055,83.49445484065045,1156.1632047632395,-1971.0430563594393,-4.424758193523555,0.014509326936269204,11.843566914362778,-2.0555245232307495,-75.11163600117146,13.036090469768453,13.036090469768453,770.7754698421597,-0.17355620465469743
0.0534,83.82619640932944,83.72233208986107,1133.578450329347,-1971.8936216362574,-4.427359253886832,0.013992496204920879,11.841482504883942,-2.0813235081857,-75.15578980363449,13.209791259671393,13.209791259671393,755.7189668862313,-0.1757654505951659
0.0536,84.05065258989919,83.94571422630257,1110.983923984961,-1972.136586975338,-4.428579339953439,0.01348564619536862,11.839523982316473,-2.106109878207987,-75.17650114118493,13.373001473627268,13.373001473627268,740.6559493233073,-0.1778880537218958
0.0538,84.27058958509322,84.16460039295492,1088.3865881222684,-1971.7657193006066,-4.428404312431033,0.01298880026576032,11.837695232913692,-2.1298658004411832,-75.17352999497123,13.525397257192258,13.525397257192258,725.591058748179,-0.17992233779758704
0.054,84.48600753639658,84.37899113168304,1065.7934765689183,-1970.7747856678027,-4.42682003613192,0.0125019774454345,11.836000018820275,-2.1525733695614697,-75.14663641581963,13.666665098310332,13.666665098310332,710.5289843792789,-0.1818666243780576
0.054200000000000005,84.69690799920295,84.58888839750716,1043.2116945864902,-1969.157553262829,-4.42381237996213,0.012025192442131858,11.834441970072778,-2.1742146077711526,-75.09558052404851,13.796502493935257,13.796502493935257,695.47446305766,-0.18371923351091324
0.054400000000000004,84.90329395710121,84.79429557287514,1020.6484188689855,-1966.9077894000225,-4.419367216910224,0.011558455649302688,11.833024576493507,-2.1947714647919696,-75.02012250927851,13.914618625541106,13.914618625541106,680.4322792459903,-0.18547848444022658
0.0546,85.10516983616183,84.99521748193246,998.1108975413375,-1964.0192615205524,-4.413470424036367,0.01110177315342044,11.8317511794838,-2.214225817858572,-74.92002263024698,14.020735043016584,14.020735043016584,665.4072650275584,-0.18714269631515146
0.0548,85.30254151922291,85.19166040479436,975.6064501579391,-1960.4857371907592,-4.406107882461369,0.01065514674121476,11.830624963723057,-2.232559471711964,-74.79504121462202,14.114586356411866,14.114586356411866,650.4043001052927,-0.18871018890023078
0.055,85.4954163601759,85.3836320918161,953.1424677011902,-1956.3009841005317,-4.3972654773559565,0.01021857390673989,11.829648948780083,-2.2497541585930865,-74.64493865882025,14.195920934993135,14.195920934993135,635.4283118007935,-0.1901792832850792
0.055200000000000006,85.68380319825104,85.57114177786497,930.7264125800651,-1951.4587700616678,-4.386929097930263,0.00979204785819776,11.82882598064349,-2.265791538236553,-74.46947542782856,14.264501613042563,14.264501613042563,620.4842750533768,-0.19154830259099762
0.055400000000000005,85.8677123723026,85.75420019659083,908.3658186286983,-1945.9528630063971,-4.375084637424008,0.00937555752443794,11.828158723178017,-2.2806531978648628,-74.26841205503717,14.320106401831943,14.320106401831943,605.5772124191323,-0.1928155726719984
0.055600000000000004,86.04715573509372,85.93281959469721,886.0682911049894,-1939.777030985682,-4.361717993096568,0.008969087561059902,11.827649649513859,-2.2943206521825275,-74.04150914207138,14.362529207178365,14.362529207178365,590.7121940699928,-0.19397942280754224
0.0558,86.22214666758107,86.10701374621328,863.8415066892275,-1932.9250421678003,-4.346815066218159,0.008572618356046677,11.827301033376013,-2.3067753433709886,-73.7885273586416,14.391580551998844,14.391580551998844,575.8943377928183,-0.1950381863843147
0.056,86.39270009319911,86.27679796676416,841.6932134827341,-1925.390664836704,-4.33036176206104,0.00818612603486244,11.827114940360895,-2.317998641083536,-73.5092274423942,14.407088303258755,14.407088303258755,561.1288089884894,-0.19599020156413596
0.0562,86.55883249214423,86.4421891278423,819.6312310065258,-1917.167667390597,-4.312343989891819,0.0078095824649499716,11.827093219167292,-2.3279718424410274,-73.20337019878089,14.408898402725786,14.408898402725786,546.4208206710173,-0.19683381193514704
0.056400000000000006,86.7205619156586,86.60320567107874,797.663450199995,-1908.2498183404139,-4.292747662964193,0.007442955259567782,11.82723749278884,-2.3366761720278997,-72.87071650093539,14.396875600929988,14.396875600929988,531.7756334666634,-0.19756736714322257
0.056600000000000004,86.87790800031361,86.75986762251446,775.7978334196098,-1898.6308863083682,-4.271558698512559,0.007086207780910749,11.827549149675038,-2.3440927818888113,-72.51102728956505,14.370904193746854,14.370904193746854,517.1985556130732,-0.1981892235005606
0.0568,87.03089198229323,86.91219660687094,754.0424144376326,-1888.3046400264511,-4.2487630177462865,0.006739299142461221,11.82802933486769,-2.3502027515257584,-72.12406357285363,14.330888761025841,14.330888761025841,502.6949429584217,-0.19869774456828806
0.057,87.17953671167697,87.06021586182177,732.405298440858,-1877.264848335053,-4.2243465458450835,0.006402184210522301,11.828678941119515,-2.354987087895971,-71.7095864263826,14.27675490670712,14.27675490670712,488.27019896057203,-0.19909130170990044
0.0572,87.32386666672281,87.20395025226422,710.8946620293689,-1865.505280181544,-4.198295211955126,0.006074813604888278,11.829498600001404,-2.358426725410363,-71.26735699306542,14.20844999988306,14.20844999988306,473.9297746862459,-0.19936827461225476
0.0574,87.46390796814951,87.34342628458917,689.51875321531,-1853.019704618874,-4.170594949186152,0.005757133698611644,11.830488673004531,-2.3605025259326764,-70.79713648309827,14.125943916288968,14.125943916288968,459.6791688102067,-0.19952705177082014
0.057600000000000005,87.59968839341917,87.47867212095339,668.2858914216813,-1839.8018908041718,-4.141231694609473,0.005449086616829648,11.831649242643188,-2.361195278779283,-70.29868617392626,14.029229779734349,14.029229779734349,445.5239276144542,-0.19956603093583533
0.057800000000000004,87.73123739101902,87.60971759355023,647.204467481149,-1825.8456079974296,-4.110191389257164,0.005150610234617958,11.832980103563738,-2.3604857007198414,-69.77176741022964,13.91832470302189,13.91832470302189,431.4696449874326,-0.19948361951601137
0.058,87.85858609474344,87.73659421888078,626.2829436348744,-1811.144625560157,-4.077459978122182,0.004861638173842367,11.834480753664774,-2.3583544359786237,-69.21614160392593,13.79327052793542,13.79327052793542,417.52196242324965,-0.19927823493635866
0.0582,87.98176733797541,87.8593352120251,605.529853531361,-1795.6927129540286,-4.043023410159501,0.004582099798983871,11.836150385232916,-2.354782056236572,-68.63157023418907,13.654134563923774,13.654134563923774,403.68656902090737,-0.1989483049467214
0.0584,88.10081566796792,87.9779755009135,584.953802225319,-1779.4836397396084,-4.00686763828846,0.004311920211916358,11.837987876098119,-2.349749060634241,-68.01781484748929,13.501010325156797,13.501010325156797,389.9692014835461,-0.19849226787759933
0.058600000000000006,88.21576736012514,88.09255174059737,564.5634661765483,-1762.5111755751186,-3.968978619396282,0.00405102024562001,11.839991780811834,-2.3432358757755845,-67.37463705765295,13.334018265680463,13.334018265680463,376.3756441176989,-0.19790857283981286
0.058800000000000005,88.32666043228322,88.20310232752075,544.3675932488374,-1744.7690902150703,-3.9293423143423545,0.0037993164568175036,11.842160321850555,-2.3352228557322876,-66.70179854593503,13.153306512453739,13.153306512453739,362.9117288325582,-0.1971956798645474
0.059000000000000004,88.43353465899106,88.3096674137913,524.3750027088804,-1726.2511535090841,-3.8879446879640276,0.0035567211175238423,11.844491380846534,-2.325690282049211,-65.99906106111776,12.959051596122126,12.959051596122126,349.5833351392536,-0.19635205998039168
0.0592,88.53643158579081,88.4122889214506,504.5945852252122,-1706.9511354006745,-3.84477170908342,0.0033231422055043616,11.846982489846708,-2.3146183637505535,-65.26618641962597,12.751459179441055,12.751459179441055,336.3963901501414,-0.19537619522391167
0.0594,88.63539454349801,88.51101055674744,485.03530286715807,-1686.862805926003,-3.7998093505152477,0.0030984833936394973,11.849630822599917,-2.301987237346763,-64.50293650566007,12.530764783340244,12.530764783340244,323.35686857810543,-0.1942665785803516
0.0596,88.73046866248177,88.60587782440673,465.70618910380176,-1665.979935212661,-3.753043589075814,0.002882644038198037,11.852433185871607,-2.2877769668422876,-63.7090732713487,12.297234510699402,12.297234510699402,310.47079273586786,-0.19302171385107442
0.059800000000000006,88.82170088694454,88.69693804190184,446.6163488029697,-1644.2962934786076,-3.7044604055934283,0.002675519166024324,11.855386010784116,-2.2719675437443665,-62.884358736925485,12.051165767990264,12.051165767990264,297.74423253531313,-0.19164011544438092
0.060000000000000005,88.90913998920182,88.78424035372527,427.77495823023054,-1621.8056510308456,-3.654045784919323,0.0024769994606483616,11.858485344179762,-2.254538887072172,-62.02855499091444,11.792887985019828,11.792887985019828,285.18330548682036,-0.1901203080862867
0.060200000000000004,88.99283658396153,88.86783574566097,409.19126504791205,-1598.5017782644406,-3.6017857159403945,0.0022869712473306547,11.861726840002557,-2.235470843367289,-61.14142419034621,11.5227633331203,11.5227633331203,272.79417669860806,-0.18846082644799864
0.0604,89.07284314260336,88.94777705905324,390.87458831413244,-1574.3784456612868,-3.5476661915924352,0.0021053164770574004,11.865105750693477,-2.2147431867045393,-60.2227285609827,11.241187442210347,11.241187442210347,260.5830588760883,-0.18666021468667437
0.0606,89.14921400745774,89.02411900508004,372.83431848184796,-1549.429423789034,-3.491673208874754,0.0019319127095038097,11.868616918592725,-2.1923356187038174,-59.272230397565274,10.948590117272834,10.948590117272834,248.55621232123198,-0.184717025896204
0.0608,89.22200540608479,89.09691817902336,355.079917397916,-1523.6484832999963,-3.433792768865769,0.0017666330949869915,11.872254767341278,-2.168227768542633,-58.28969206407941,10.645436054893503,10.645436054893503,236.71994493194399,-0.18262982146467152
0.061000000000000006,89.2912754655529,89.16623307453956,337.62091830217247,-1497.0293949300528,-3.3740108767395647,0.0016093463554318912,11.876013293272532,-2.1423991929693504,-57.274875994035824,10.332225560622408,10.332225560622408,225.08061220144833,-0.1803971703351803
0.061200000000000004,89.35708422671738,89.23212409793233,320.4669258265249,-1469.5659294976713,-3.3123135417836944,0.0014599167643765858,11.879886056783507,-2.114829376317332,-56.227544690772596,10.009495268041062,10.009495268041062,213.64461721768325,-0.17801764816673035
0.0614,89.41949365849867,89.29465358242219,303.62761599405854,-1441.251857902727,-3.2486867774174444,0.001318204126045691,11.88386617367357,-2.0854977305194127,-55.147460727765264,9.67781886053592,9.67781886053592,202.4184106627057,-0.1754898363917488
0.0616,89.47856767216051,89.3538858024185,287.11273621815883,-1412.0809511255322,-3.183116601211482,0.0011840637535223224,11.887946306436955,-2.0543835951233858,-54.034386748960344,9.337807796920275,9.337807796920275,191.40849081210587,-0.17281232116694542
0.0618,89.53437213558793,89.40988698778979,270.93210530164663,-1382.0469802258913,-3.1155890349084205,0.0010573464460515635,11.892118655493928,-2.021466237308144,-52.88808546912443,8.990112042172692,8.990112042172692,180.62140353443112,-0.16998369221402496
0.062,89.58697488756506,89.46272533813651,255.09561343592716,-1351.143716341995,-3.046090104443869,0.0009378984655095548,11.896374950343574,-1.986724851900176,-51.70831967420148,8.635420804702191,8.635420804702191,170.0637422906181,-0.1670025415467254
0.062200000000000005,89.63644575205274,89.51247103706068,239.61322220015273,-1319.3649306894513,-2.974605839968573,0.0008255615120746267,11.90070644061955,-1.9501385613908488,-50.49485222168874,8.274463281704236,8.274463281704236,159.74214813343517,-0.16386746208062292
0.062400000000000004,89.68285655246596,89.5591962664371,224.4949645603994,-1286.7043945603727,-2.9011222758714554,0.0007201726991373306,11.905103887028158,-1.91168641595435,-49.2474460410278,7.908009414320116,7.908009414320116,149.66330970693292,-0.16057704612198556
0.0626,89.72628112595123,89.60297522068625,209.75094486885536,-1253.155879322362,-2.8256254508031455,0.0006215645274880929,11.909557552146342,-1.8713473934659675,-47.965864134004015,7.536870654471495,7.536870654471495,139.83396324590356,-0.1571298837318027
0.06280000000000001,89.76679533766365,89.64388412104252,195.39133886302292,-1218.713156417549,-2.7481014077003056,0.0005295648588217091,11.91405719105503,-1.829100399520961,-46.649869575159514,7.161900745414247,7.161900745414247,130.2608925753486,-0.1535245609609994
0.063,89.80447709504394,89.68200122982775,181.4263936649332,-1183.3699973617088,-2.6685361938107857,0.0004439968885987178,11.918592041781254,-1.784924267454017,-45.29922551222013,6.783996518228828,6.783996518228828,120.95092910995545,-0.14975965795262317
0.0632,89.83940636209523,89.71740686472262,167.86642778037233,-1147.120173743321,-2.586915860719248,0.0003646791183040198,11.923150815520241,-1.7387977583590548,-43.91369516653045,6.40409870664664,6.40409870664664,111.91095185358155,-0.14583374690653747
0.0634,89.87166517365979,89.75018341303512,154.72183109812013,-1109.9574572226284,-2.5032264643733533,0.00029142532714362544,11.927721686606313,-1.690699561109424,-42.49304183349828,6.02319278280719,6.02319278280719,103.14788739874676,-0.14174538990190536
0.0636,89.90133764969545,89.78041534597418,142.00306488920063,-1071.8756195307947,-2.417454065110687,0.00022404454321988776,11.932292282199066,-1.6406082923786443,-41.03702888305179,5.642309816744523,5.642309816744523,94.66870992613374,-0.137493136572438
0.06380000000000001,89.9285100095521,89.80818923292055,129.72066180614354,-1032.868432468973,-2.329584727685971,0.0001623410142259266,11.936849671648652,-1.5885024966613415,-39.54541976010137,5.262527362612391,5.262527362612391,86.4804412040957,-0.1330755216289782
0.064,89.95327058624781,89.83359375569655,117.88522588225774,-992.9296679074612,-2.2396045212989097,0.00010611417769912356,11.94138035550134,-1.5343606462946426,-38.01797798501236,4.884970374888459,4.884970374888459,78.59015058817184,-0.12849106222362056
0.06420000000000001,89.97570984074497,89.85671972283903,106.50743253091535,-952.0530977848017,-2.1474995196223086,5.515863087304324e-05,11.945870254103585,-1.4781611414797626,-36.4544671540824,4.5108121580346525,4.5108121580346525,71.00495502061024,-0.12373825514905389
0.0644,89.9959203762262,89.87766008386876,95.5980285448469,-910.2324941070071,-2.053255800830848,9.264100166164342e-06,11.950304695759801,-1.4198823103040612,-34.85465094002983,4.141275353349861,4.141275353349861,63.732019029897934,-0.11881557386631848
0.0646,90.01399695237016,89.89650994356278,85.16783209544649,-867.4616289466512,-1.9568594476298695,-3.178458965519689e-05,11.954668404395768,-1.3595024087631016,-33.218293092482355,3.777632967019216,3.777632967019216,56.778554730297664,-0.11372146535350226
0.0648,90.03003649962724,89.91336657622568,75.22773273208792,-823.7342744420404,-1.8582965472846424,-6.820754660367746e-05,11.958945486676068,-1.2969996207830523,-31.545157438473872,3.4212094436609197,3.4212094436609197,50.15182182139194,-0.10845434676728735
0.065,90.04413813349503,89.92832943995988,65.78869138145107,-779.0442027964228,-1.7575531916499627,-0.00010022984285287119,11.963119418520222,-1.2323520582433236,-29.8350078829469,3.0733817899816067,3.0733817899816067,43.85912758763405,-0.10301260190845436
0.06520000000000001,90.05640316879375,89.94150019093699,56.861740346857935,-733.3851862772036,-1.654615477199992,-0.0001280815463415233,11.96717303095814,-1.1655377609993731,-28.087608409259126,2.7355807534884433,2.7355807534884433,37.90782689790529,-0.09739457748160056
0.0654,90.06693513394151,89.95298269766988,48.45798330761797,-686.7509972150791,-1.549469505058105,-0.00015199775256885572,11.971088495261167,-1.0965346969055076,-26.302723079690058,2.4092920615693942,2.4092920615693942,32.305322205078646,-0.09159857913836139
0.0656,90.07583978522943,89.96288305528273,40.5885953183841,-639.1354080032971,-1.4421013810271825,-0.00017221861655183977,11.97484730728021,-1.025320761838,-24.480116035955263,2.0960577266491365,2.0960577266491365,27.0590635455894,-0.08562286729239942
0.0658,90.08322512109663,89.97130959978274,33.26482280851725,-590.5321910968382,-1.332497215619858,-0.00018898938491750128,11.978430270917373,-0.9518737797181698,-22.619551499719815,1.797477423552188,1.797477423552188,22.176548539011506,-0.07946565269317797
0.066,90.08920139640514,89.97837292233031,26.497983581460748,-540.9351190117035,-1.2206431240891213,-0.00020256042810511425,11.981817480651921,-0.8761715025357109,-20.7207937731178,1.5152099456732357,1.5152099456732357,17.6653223876405,-0.07312509174426508
0.06620000000000001,90.09388113671461,89.98418588351296,20.29946681412299,-490.337964324123,-1.1065252264588241,-0.00021318727265598215,11.98498830303528,-0.7981916103719424,-18.783607239270165,1.2509747470600427,1.2509747470600427,13.532977876081993,-0.06659928155038708
0.0664,90.097379152557,89.98886362761255,14.680733056269464,-438.73449966976153,-0.9901296475542487,-0.00022113063357063207,11.98792135706313,-0.7179117114230937,-16.807756362803605,1.0065535780724246,1.0065535780724246,9.78715537084631,-0.05988625467584582
0.0666,90.099812553711,89.99252359687924,9.653314229923923,-386.11849774306523,-0.8714425170330474,-0.00022665644671532515,11.990594493325307,-0.6353093420238564,-14.793005690375807,0.7837922228909825,0.7837922228909825,6.4355428199492835,-0.0529839735950964
0.0668,90.10130076347653,89.99528554580266,5.22881362877719,-332.4837312964532,-0.7504499694158611,-0.0002300359012627672,11.992984771826183,-0.5503619666706886,-12.739119851195174,0.5846023478181899,0.5846023478181899,3.485875752518127,-0.04589032481418589
0.067,90.1019655329489,89.99727155538089,1.4189059176052554,-277.8239731395767,-0.6271381441171144,-0.00023154547215390855,11.995068438359313,-0.4630469780452427,-10.64586355754361,0.41096347005726697,0.41096347005726697,0.9459372784035036,-0.03860311263956226
0.06720000000000001,90.10193095529304,89.99860604739386,-1.764662868304094,-222.13299613874372,-0.5014931854761937,-0.00023146695257015768,11.996820899310354,-0.37334169703806463,-8.513001605305758,0.2649250574704608,0.2649250574704608,-1.1764419122027292,-0.031120052568220508
0.0674,90.10132348001754,89.99941579867308,-4.310075323718043,-165.40457321602202,-0.37350124278790087,-0.00023008748640741372,11.998216694751335,-0.2812233727717525,-6.340298874485972,0.14860877072205983,0.14860877072205983,-2.873383549145362,-0.023438764270258157
0.06760000000000001,90.10027192724854,89.9998299553741,-6.205442674015254,-107.63247734860272,-0.24314847033349116,-0.00022769960074561202,11.999229469677367,-0.18666918262453525,-4.12752032973519,0.06421086021938846,0.06421086021938846,-4.136961782676837,-0.015556764131918411
0.0678,90.09890750200358,89.99998004724591,-7.438804775735094,-48.810481568228965,-0.11042102741184874,-0.0002246012383094405,11.999831943223459,-0.08965623225394626,-1.8744310208801485,0.014004731378503665,0.014004731378503665,-4.959203183823396,-0.007471457323581677
0.068,90.09736380846533,90.0,-7.9981301171203505,8.448585915731663,0.018784956210578123,-0.00022109578991718533,11.999998258691868,0.005460692217465696,0.31888042950055456,0.00014510901102960817,0.00014510901102960817,-5.3320867447469,0.0004550577508217882
0.0682,90.09577386307555,90.0,-7.901327434754621,8.357823524334085,0.018584465836586787,-0.0002174853117806465,11.999998291848652,0.005414502070981391,0.3154770435223066,0.00014234594572058623,0.00014234594572058623,-5.267551623169747,0.00045120857014282654
0.0684,90.0942031742249,90.0,-7.805564682270901,8.267975404953845,0.018385987219768907,-0.00021391856159385912,11.999998324385674,0.005368702900447711,0.31210780774299074,0.00013963452722131543,0.00013963452722131543,-5.203709788180601,0.0004473919708420089
0.06860000000000001,90.09265153497502,90.0,-7.710831384272999,8.179032709988942,0.01818950094168172,-0.00021039506944576828,11.999998356314354,0.005323291394414021,0.3087723925285477,0.00013697380376014346,0.00013697380376014346,-5.140554256181999,0.00044360767696379936
0.0688,90.09111874047242,90.0,-7.617117166736854,8.090986675156637,0.017994987766420115,-0.00020691437015952807,11.99999838764591,0.005278264269491574,0.3054704713435514,0.00013436284090982442,0.00013436284090982442,-5.078078111157903,0.00043985541489118766
0.069,90.08960458792845,90.0,-7.524411756055904,8.003828618724695,0.01780242863893476,-0.00020347600324663738,11.999998418391346,0.00523361827011673,0.302201720722658,0.0001318007212743315,0.0001318007212743315,-5.016274504037269,0.00043613491332595693
0.0692,90.08810887659918,90.0,-7.432704978095253,7.9175499407481915,0.017611804683362167,-0.0002000795128616238,11.99999844856147,0.005189350168313721,0.29896582024225904,0.00012928654418119522,0.00012928654418119522,-4.955136652063501,0.0004324459032689131
0.0694,90.08663140776568,90.0,-7.341986757254596,7.832142122314964,0.017423097201373878,-0.00019672444775701634,11.999998478166894,0.005145456763462334,0.2957624524924578,0.00012681942537946035,0.00012681942537946035,-4.894657838169731,0.00042878811800052395
0.06960000000000001,90.08517198471435,90.0,-7.2522471155397845,7.747596724796384,0.017236287670537108,-0.00019341036123886646,11.99999850721804,0.005101934882064925,0.2925913030492411,0.00012439849674296538,0.00012439849674296538,-4.834831410359857,0.0004251612930615028
0.0698,90.08373041271757,90.0,-7.163476171642965,7.663905389105868,0.017051357742692355,-0.0001901368111226154,11.999998535725128,0.005058781377516946,0.28945206044693816,0.00012202290597899627,0.00012202290597899627,-4.77565078109531,0.00042156516623368545
0.07,90.08230649901434,90.0,-7.075664140031226,7.581059834963544,0.016868289242344472,-0.0001869033596894235,11.999998563698204,0.005015993129878458,0.2863444161509093,0.00011969181634213249,0.00011969181634213249,-4.717109426687484,0.00041799947752098814
0.0702,90.08090005279132,90.0,-6.988801330043674,7.499051860168417,0.01668706416507019,-0.0001837095736428455,11.999998591147124,0.004973567045648928,0.2832680645305125,0.00011740440635327055,0.00011740440635327055,-4.659200886695783,0.0004144639691306403
0.0704,90.0795108851639,90.0,-6.902878144996828,7.417873339875829,0.016507664675937016,-0.00018055502406602602,11.999998618081566,0.004931500057541632,0.2802227028322642,0.00011515986952361076,0.00011515986952361076,-4.601918763331219,0.00041095838545438337
0.07060000000000001,90.07813880915751,90.0,-6.817885081298318,7.337516225882851,0.01633007310793971,-0.00017743928637918295,11.999998644511031,0.0048897891242623255,0.27720803115329756,0.00011295741408367459,0.00011295741408367459,-4.545256720865545,0.0004074824730500269
0.0708,90.07678363968904,90.0,-6.7338127275687505,7.257972545919847,0.01615427196045014,-0.0001743619402975245,11.999998670444846,0.004848431230289181,0.2742237524150487,0.00011079626271716271,0.00011079626271716271,-4.489208485045833,0.00040403598062310845
0.07100000000000001,90.07544519354855,90.0,-6.650651763771701,7.179234402948351,0.015980243897681014,-0.0001713225697895697,11.999998695892172,0.004807423385654417,0.27126957233717774,0.00010867565229958248,0.00010867565229958248,-4.433767842514467,0.00040061865900869553
0.0712,90.07412328938103,90.0,-6.56839296035175,7.101293974464162,0.015807971747160716,-0.00016832076303596047,11.999998720861996,0.00476676262572565,0.26834519941167884,0.00010659483364149918,0.00010659483364149918,-4.378928640234501,0.00039723026115316446
0.0714,90.07281774766848,90.0,-6.487027177380508,7.024143511809452,0.015637438498228337,-0.00016535611238844604,11.999998745363145,0.00472644601099377,0.26545034487733293,0.00010455307123654393,0.00010455307123654393,-4.324684784920339,0.00039387054209652234
0.0716,90.07152839071192,90.0,-6.4065453637105065,6.94777533948876,0.015468627300536834,-0.0001624282143294453,11.999998769404284,0.004686470626858493,0.2625847226942981,0.00010254964301381351,0.00010254964301381351,-4.271030242473671,0.000390539258954536
0.0718,90.07025504261387,90.0,-6.326938556136944,6.872181854492032,0.015301521462571651,-0.00015953666943192645,11.99999879299392,0.004646833583417109,0.25974804951896324,0.00010058384009475961,0.00010058384009475961,-4.217959037424628,0.00038723617090112686
0.07200000000000001,90.06899752926074,90.0,-6.248197878567179,6.797355525624235,0.015136104450183856,-0.0001566810823196333,11.999998816140401,0.004607532015255749,0.25694004467904696,9.865496655446505e-05,9.865496655446505e-05,-4.1654652523781195,0.0003839610391509759
0.0722,90.06775567830557,90.0,-6.17031454119791,6.723288892839993,0.014972359885134014,-0.00015386106162777304,11.99999883885193,0.004568563081240518,0.2541604301488799,9.67623391871488e-05,9.67623391871488e-05,-4.113543027465273,0.0003807136269421176
0.0724,90.06652931915079,90.0,-6.093279839699964,6.649974566586396,0.014810271543654304,-0.00015107621996390667,11.999998861136554,0.004529923964314065,0.2514089305249959,9.490528727599263e-05,9.490528727599263e-05,-4.062186559799976,0.00037749369951898675
0.0726,90.06531828293122,90.0,-6.017085154410638,6.5774052271484855,0.014649823355015955,-0.0001483261738694741,11.99999888300217,0.004491611871288141,0.2486852730018141,9.308315236692996e-05,9.308315236692996e-05,-4.0113901029404255,0.000374301024115131
0.0728,90.06412240249725,90.0,-5.94172194953352,6.5055736240045405,0.014490999400118696,-0.00014561054378137739,11.999998904456543,0.004453624032644528,0.24598918734769393,9.12952880466952e-05,9.12952880466952e-05,-3.96114796635568,0.0003711353699366212
0.07300000000000001,90.06294151239808,90.0,-5.867181772345704,6.434472575184165,0.014333783910085843,-0.00014292895399416986,11.999998925507283,0.004415957702332359,0.24332040588108686,8.954105972470316e-05,8.954105972470316e-05,-3.911454514897136,0.00036799650814516054
0.0732,90.06177544886528,90.0,-5.793456252412365,6.364094966633489,0.014178161264875186,-0.00014028103262250544,11.999998946161867,0.004378610157569335,0.24067866344695535,8.781984441891258e-05,8.781984441891258e-05,-3.86230416827491,0.0003648842118415193
0.0734,90.06062404979632,90.0,-5.720537100808594,6.29443375158624,0.014024115991902631,-0.0001376664115639343,11.999998966427633,0.004341578698644733,0.23806369739340888,8.613103054554022e-05,8.613103054554022e-05,-3.8136914005390623,0.0003617982560491177
0.0736,90.05948715473838,90.0,-5.648416109348452,6.225481949940621,0.013871632764678638,-0.0001350847264620449,11.999998986311788,0.004304860648724247,0.23547524754855714,8.447401771255837e-05,8.447401771255837e-05,-3.7656107395656346,0.0003587384176977627
0.0738,90.0583646048723,90.0,-5.577085149821161,6.157232647641534,0.013720696401456229,-0.0001325356166699816,11.999999005821401,0.004268453353655881,0.23291305619755945,8.284821651688643e-05,8.284821651688643e-05,-3.718056766547441,0.0003557044756074715
0.07400000000000001,90.05725624299662,90.0,-5.506536173234365,6.089678996068071,0.013571291863890488,-0.0001300187252143374,11.999999024963419,0.0042323541817768555,0.2303768680598694,8.125304834521146e-05,8.125304834521146e-05,-3.6710241154895766,0.00035269621047238025
0.0742,90.05616191351183,90.0,-5.436761209064414,6.022814211427603,0.013423404255712623,-0.0001275336987593067,11.999999043744658,0.004196560523723883,0.22786643026672665,7.968794517843744e-05,7.968794517843744e-05,-3.6245074727096096,0.0003497134048449329
0.07440000000000001,90.05508146240479,90.0,-5.3677523645135965,5.956631574154595,0.013277018821414244,-0.00012508018757124214,11.999999062171806,0.00416106979224368,0.22538149233882207,7.815234939961247e-05,7.815234939961247e-05,-3.5785015763423975,0.00034675584312009053
0.0746,90.05401473723316,90.0,-5.29950182377425,5.891124428315123,0.013132120944944151,-0.00012265784548352933,11.999999080251438,0.004125879422005463,0.22292180616417542,7.664571360532058e-05,7.664571360532058e-05,-3.5330012158495,0.000343823311519705
0.0748,90.05296158711018,90.0,-5.232001847299697,5.82628618101737,0.012988696148418235,-0.00012026632986175013,11.999999097989996,0.004090986869415942,0.2204871259762355,7.516750042048961e-05,7.516750042048961e-05,-3.488001231533132,0.0003409155980771018
0.075,90.05192186268943,90.0,-5.165244771081943,5.762110301825861,0.012846730090837371,-0.00011790530156930787,11.999999115393813,0.004056389612433098,0.21807720833211588,7.37171823164566e-05,7.37171823164566e-05,-3.4434965140546283,0.00033803249262156105
0.0752,90.0508954161498,90.0,-5.09922300593607,5.698590322183307,0.01270620856682221,-0.00011557442493319723,11.999999132469103,0.0040220851503853855,0.2156918120911178,7.229424143240732e-05,7.229424143240732e-05,-3.39948200395738,0.0003351737867632501
0.07540000000000001,90.04988210118063,90.0,-5.033929036791274,5.635719834836351,0.012567117505356369,-0.00011327336771020694,11.999999149221967,0.003988071003790146,0.21333069839339516,7.089816939996713e-05,7.089816939996713e-05,-3.3559526911941826,0.00033233927387809166
0.0756,90.04888177296692,90.0,-4.969355421988466,5.5734924932662535,0.012429442968540311,-0.00011100180105346929,11.999999165658394,0.003954344714173008,0.21099363063880158,6.952846717093417e-05,6.952846717093417e-05,-3.312903614658977,0.0003295287490927128
0.0758,90.04789428817472,90.0,-4.905494792584402,5.511902011126185,0.012293171150359924,-0.00010875939947921156,11.999999181784261,0.003920903843891243,0.2086803744659864,6.818464484817498e-05,6.818464484817498e-05,-3.2703298617229346,0.00032674200926972484
0.076,90.04691950493667,90.0,-4.842339851662262,5.450942161682207,0.012158288375462926,-0.00010654584083394073,11.99999919760534,0.003887745975956135,0.20639069773162377,6.686622151949987e-05,6.686622151949987e-05,-3.228226567774842,0.0003239788529929197
0.0762,90.04595728283768,90.0,-4.779883373648634,5.390606777259979,0.012024781097947893,-0.00010436080626188806,11.9999992131273,0.0038548687138579155,0.2041243704898562,6.557272509455633e-05,6.557272509455633e-05,-3.1865889157657556,0.0003212390805526815
0.07640000000000001,90.04500748290066,90.0,-4.718118203636826,5.330889748696785,0.011892635900164938,-0.00010220398017274243,11.999999228355694,0.0038222696813926486,0.2018811649719357,6.43036921446696e-05,6.43036921446696e-05,-3.145412135757884,0.0003185224939315598
0.0766,90.04406996757257,90.0,-4.657037256716478,5.271785024798401,0.011761839491526977,-0.00010007505020970141,11.999999243295987,0.003789946522490279,0.19966085556604438,6.305866774555922e-05,6.305866774555922e-05,-3.104691504477652,0.0003158288967899394
0.07680000000000001,90.04314460071035,90.0,-4.596633517309378,5.213286611800047,0.01163237870732976,-9.797370721789754e-05,11.999999257953537,0.0037578969010426417,0.19746321879726444,6.183720532285206e-05,6.183720532285206e-05,-3.0644223448729186,0.0003131580944517082
0.077,90.04223124756722,90.0,-4.536900038511461,5.155388572834174,0.01150424050758717,-9.589964521296942e-05,11.999999272333602,0.003726118500736229,0.19528803330780692,6.063886650045649e-05,6.063886650045649e-05,-3.0246000256743075,0.0003105098938903204
0.0772,90.04132977477899,90.0,-4.477829941440909,5.0980850274007325,0.01137741197587156,-9.385256135012323e-05,11.999999286441348,0.0036946090248822436,0.19313507983732586,5.946322095156938e-05,5.946322095156938e-05,-2.985219960960606,0.0003078841037146341
0.07740000000000001,90.04044005035048,90.0,-4.4194164145923125,5.041370150844495,0.011251880318169849,-9.18321558933102e-05,11.999999300281846,0.003663366196251917,0.19100414120350054,5.830984625245748e-05,5.830984625245748e-05,-2.9462776097282086,0.00030528053415518737
0.0776,90.03956194364217,90.0,-4.361652713196831,4.9852381738354055,0.011127632861745994,-8.983813218483703e-05,11.999999313860068,0.003632387756910216,0.18889500228272524,5.71783277388027e-05,5.71783277388027e-05,-2.9077684754645534,0.00030269899705034046
0.07780000000000001,90.03869532535685,90.0,-4.304532158588295,4.929683381855473,0.011004657054018019,-8.787019661512079e-05,11.9999993271809,0.003601671468054045,0.18680744999104662,5.6068258364706724e-05,5.6068258364706724e-05,-2.86968810572553,0.00030013930583279187
0.078,90.03784006752652,90.0,-4.248048137575201,4.8747001146885385,0.010882940461441042,-8.592805859287698e-05,11.999999340249136,0.003571215109848671,0.1847412732652029,5.497923856416459e-05,5.497923856416459e-05,-2.8320320917168007,0.00029760127551594744
0.0782,90.03699604349931,90.0,-4.192194101818539,4.820282765915009,0.01076247076840126,-8.401143051556767e-05,11.999999353069487,0.0035410164812660827,0.1826962630438486,5.3910876115048514e-05,5.3910876115048514e-05,-2.794796067879026,0.0002950847226804495
0.0784,90.03616312792663,90.0,-4.136963567215418,4.7664257824132585,0.01064323577612475,-8.21200277399649e-05,11.999999365646568,0.003511073399928218,0.18067221224903127,5.286278600562072e-05,5.286278600562072e-05,-2.757975711476946,0.00029258946546111247
0.0786,90.03534119675031,90.0,-4.082350113288403,4.7131236638629534,0.01052522340159013,-8.025356855320527e-05,11.999999377984917,0.003481383701947005,0.1786689157677337,5.183459030335227e-05,5.183459030335227e-05,-2.7215667421922687,0.0002901153235335927
0.07880000000000001,90.03453012718997,90.0,-4.028347382580535,4.660370962254209,0.010408421676454149,-7.841177414401771e-05,11.999999390088984,0.003451945241767962,0.17668617043363527,5.082591802615648e-05,5.082591802615648e-05,-2.685564921720357,0.00028766211810135476
0.079,90.03372979773053,90.0,-3.9749490800559903,4.6081622814006735,0.010292818745985772,-7.659436857426905e-05,11.99999940196314,0.003422755892014146,0.17472377500901776,4.983640501592306e-05,4.983640501592306e-05,-2.6499660533706604,0.0002852296718826669
0.0792,90.03294008810968,90.0,-3.922148972506301,4.556492276458284,0.010178402868012868,-7.480107875068274e-05,11.999999413611674,0.00339381354333355,0.1727815301668851,4.886569381437845e-05,4.886569381437845e-05,-2.614765981670867,0.0002828178090978843
0.0794,90.03216087930565,90.0,-3.8699408879621005,4.50535565344709,0.010065162411875377,-7.303163439693314e-05,11.999999425038798,0.003365116104245461,0.17085923847319315,4.791343354113527e-05,4.791343354113527e-05,-2.579960591974734,0.0002804263554566446
0.0796,90.03139205352501,90.0,-3.818318715110346,4.45474716877754,0.009953085857388282,-7.12857680259997e-05,11.999999436248643,0.0033366615009882902,0.16895670436924554,4.6979279773946196e-05,4.6979279773946196e-05,-2.545545810073564,0.00027805513814518765
0.07980000000000001,90.03063349419057,90.0,-3.7672764027169685,4.404661628782566,0.009842161793817455,-6.956321491266557e-05,11.999999447245266,0.0033084476773712077,0.16707373415430865,4.6062894431170005e-05,4.6062894431170005e-05,-2.5115176018113123,0.0002757039858139909
0.08,90.02988508592942,90.0,-3.716807959054879,4.35509388925147,0.009732378918859065,-6.786371306647837e-05,11.999999458032653,0.0032804725946227508,0.16521013596828663,4.516394565627054e-05,4.516394565627054e-05,-2.4778719727032525,0.0002733727285651536
0.08020000000000001,90.02914671456112,90.0,-3.6669074513373214,4.306038854970904,0.009623726037634958,-6.61870032047397e-05,11.999999468614707,0.003252734231245601,0.16336571977466752,4.4282107704499854e-05,4.4282107704499854e-05,-2.4446049675582144,0.0002710611979402946
0.0804,90.02841826708597,90.0,-3.6175690051564837,4.257491479267879,0.009516192061692104,-6.45328287259281e-05,11.99999947899527,0.0032252305828688425,0.1615402973435388,4.341706083155015e-05,4.341706083155015e-05,-2.4117126701043228,0.00026876922690824006
0.0806,90.02769963167333,90.0,-3.5687868039273414,4.209446763557586,0.009409766008012686,-6.290093568332402e-05,11.999999489178105,0.003197959662102548,0.15973368223478326,4.2568491184238387e-05,4.2568491184238387e-05,-2.3791912026182276,0.000266496649852906
0.08080000000000001,90.02699069765016,90.0,-3.5205550883366854,4.161899756895969,0.00930443699803466,-6.129107275883702e-05,11.999999499166911,0.0031709194983946484,0.15794568978145257,4.1736090693184626e-05,4.1736090693184626e-05,-2.3470367255577904,0.00026424330256136984
0.081,90.02629135548965,90.0,-3.472868155797276,4.11484555553555,0.009200194256679306,-5.970299123715077e-05,11.999999508965317,0.0031441081378875677,0.15617613707325984,4.091955696740018e-05,4.091955696740018e-05,-2.315245437198184,0.00026200902221192377
0.08120000000000001,90.0256014967998,90.0,-3.4257203599070825,4.068279302486218,0.009097027111389782,-5.813644498004125e-05,11.999999518576882,0.003117523643277629,0.15442484294025866,4.011859319080909e-05,4.011859319080909e-05,-2.283813573271388,0.0002597936473623581
0.0814,90.02492101431241,90.0,-3.379106109913561,4.022196187078794,0.008994924991175511,-5.659119040104159e-05,11.999999528005103,0.003091164093673453,0.15269162793662133,3.933290802059683e-05,3.933290802059683e-05,-2.252737406609041,0.0002575970179381609
0.0816,90.02424980187189,90.0,-3.3330198701829272,3.9765914445337955,0.008893877425668186,-5.506698644025134e-05,11.999999537253414,0.0030650275844576877,0.15097631432461428,3.8562215487435886e-05,3.8562215487435886e-05,-2.222013246788618,0.0002554189752209955
0.0818,90.0235877544243,90.0,-3.2874561596743734,3.9314603555335434,0.008793874044184937,-5.356359453943455e-05,11.999999546325181,0.003039112227148814,0.14927872605869494,3.7806234897492906e-05,3.7806234897492906e-05,-2.1916374397829155,0.0002532593618371841
0.082,90.02293476800652,90.0,-3.2424095514191866,3.88679824579828,0.008694904574800322,-5.2080778617348984e-05,11.999999555223711,0.0030134161492643098,0.14759868876975857,3.706469073621023e-05,3.706469073621023e-05,-2.161606367612791,0.0002511180217463043
0.08220000000000001,90.0222907397355,90.0,-3.1978746720047235,3.8426004856662197,0.008596958843426889,-5.0618305045306345e-05,11.99999956395225,0.0029879374941850253,0.14593602974953054,3.6337312573827256e-05,3.6337312573827256e-05,-2.131916448003149,0.00024899480022988734
0.0824,90.02165556779747,90.0,-3.153846201063198,3.7988624896778345,0.008500026772905091,-4.9175942622934714e-05,11.99999957251398,0.0029626744210214033,0.1442905779351173,3.562383497262156e-05,3.562383497262156e-05,-2.102564134042132,0.0002468895438802693
0.0826,90.02102915143757,90.0,-3.110318870765229,3.7555797161632345,0.008404098382099844,-4.7753462554229865e-05,11.999999580912032,0.002937625104479588,0.1426621638936702,3.492399739580451e-05,3.492399739580451e-05,-2.0735459138434864,0.00024480210058943356
0.0828,90.02041139094929,90.0,-3.0672874653181217,3.712747666832957,0.008309163785004476,-4.635063842386652e-05,11.999999589149471,0.0029127877347280007,0.14105061980717476,3.4237544118052844e-05,3.4237544118052844e-05,-2.044858310212081,0.00024273231953789187
0.083,90.0198021876641,90.0,-3.0247468204688284,3.6703618863749385,0.008215213189858577,-4.496724617353845e-05,11.99999959722931,0.0028881605172692733,0.13945577945747586,3.3564224137731574e-05,3.3564224137731574e-05,-2.0164978803125524,0.00024068005118401195
0.08320000000000001,90.0192014439412,90.0,-2.9826918230115367,3.6284179620515498,0.008122236898265443,-4.360306407881859e-05,11.999999605154507,0.002863741672806986,0.13787747821129612,3.290379109059496e-05,3.290379109059496e-05,-1.9884612153410246,0.00023864514725291223
0.0834,90.01860906315741,90.0,-2.941117410299868,3.5869115233034186,0.008030225304324807,-4.22578727259902e-05,11.999999612927962,0.0028395294371188545,0.1363155530055137,3.225600316514072e-05,3.225600316514072e-05,-1.960744940199912,0.000236627460725894
0.08360000000000001,90.01802494969708,90.0,-2.900018569763617,3.545838241355703,0.00793916889377077,-4.093145498919582e-05,11.999999620552524,0.0028155220609289745,0.13476984233252853,3.162062301945994e-05,3.162062301945994e-05,-1.9333457131757446,0.00023462684582979492
0.0838,90.01744900894205,90.0,-2.8593903384300035,3.5051938288274425,0.007849058243116392,-3.962359600784611e-05,11.999999628030988,0.0027917178097802186,0.13324018622574124,3.0997417699576135e-05,3.0997417699576135e-05,-1.9062602256200023,0.00023264315802635536
0.084,90.01688114726193,90.0,-2.8192278024494004,3.464974039345042,0.0077598840188073635,-3.8334083164202144e-05,11.999999635366098,0.002768114963908645,0.13172642624518674,3.038615855927779e-05,3.038615855927779e-05,-1.8794852016329338,0.0002306762540017523
0.08420000000000001,90.01632127200416,90.0,-2.7795260966254856,3.425174667159811,0.007671636976384666,-3.7062706061130845e-05,11.999999642560546,0.002744711818119874,0.13022840546331996,2.978662118141622e-05,2.978662118141622e-05,-1.8530173977503237,0.0002287259916562973
0.0844,90.01576929148443,90.0,-2.740280403949784,3.385791546768049,0.007584307959652638,-3.580925650014944e-05,11.999999649616976,0.002721506681664834,0.12874596845089356,2.9198585300600444e-05,2.9198585300600444e-05,-1.8268536026331892,0.00022679223009408177
0.08460000000000001,90.01522511497708,90.0,-2.7014859551405532,3.3468205525350987,0.007497887899855789,-3.457352845964311e-05,11.999999656537984,0.0026984978781173963,0.12727896126298407,2.8621834727305156e-05,2.8621834727305156e-05,-1.8009906367603687,0.00022487482961277988
0.0848,90.01468865270556,90.0,-2.663138028185985,3.3082575983229145,0.007412367814863305,-3.3355318073284916e-05,11.999999663326111,0.0026756837452531464,0.1258272314251487,2.805615727335432e-05,2.805615727335432e-05,-1.7754253521239902,0.00022297365169354606
0.085,90.01415981583303,90.0,-2.6252319478916686,3.2700986371207503,0.007327738808360354,-3.2154423608686795e-05,11.999999669983865,0.0026530626349286833,0.12439062791969738,2.7501344678746102e-05,2.7501344678746102e-05,-1.7501546319277792,0.00022108855899095626
0.0852,90.01363851645303,90.0,-2.5877630854322864,3.232339660680333,0.007243992069049341,-3.097064544616608e-05,11.999999676513688,0.0026306329129638195,0.12296900117213388,2.6957192539832056e-05,2.6957192539832056e-05,-1.7251753902881908,0.00021921941532319163
0.0854,90.01312466758034,90.0,-2.5507268579074918,3.1949766991519013,0.007161118869852697,-2.980378605791645e-05,11.999999682917998,0.0026083929590204964,0.12156220303762295,2.6423500238731004e-05,2.6423500238731004e-05,-1.7004845719383277,0.00021736608566194748
0.08560000000000001,90.01261818314174,90.0,-2.514118727901954,3.1580058207264177,0.007079110567129594,-2.8653649987149988e-05,11.99999968919915,0.002586341166487605,0.12017008678769373,2.5900070874097047e-05,2.5900070874097047e-05,-1.676079151934636,0.00021552843612283553
0.0858,90.01211897796695,90.0,-2.4779342030495064,3.1214231312796024,0.0069979585998964115,-2.752004382755702e-05,11.999999695359467,0.0025644759423642605,0.11879250709700699,2.5386711193102613e-05,2.5386711193102613e-05,-1.6519561353663375,0.000213706333955656
0.08600000000000001,90.01162696777975,90.0,-2.442168835601366,3.085224774019169,0.006917654489054215,-2.640277620296809e-05,11.999999701401222,0.0025427957071439506,0.11742932003024131,2.488323152465277e-05,2.488323152465277e-05,-1.6281125570675774,0.00021189964753474385
0.0862,90.01114206918903,90.0,-2.406818221998406,3.0494069291355763,0.006838189836623956,-2.530165774718935e-05,11.999999707326651,0.002521298894700134,0.11608038302911036,2.438944571381707e-05,2.438944571381707e-05,-1.6045454813322704,0.00021010824634943483
0.0864,90.01066419968002,90.0,-2.371878002447417,3.013965813456234,0.006759556324989253,-2.4216501084011164e-05,11.999999713137948,0.002499983952173233,0.11474555489950894,2.3905171057455956e-05,2.3905171057455956e-05,-1.5812520016316114,0.0002083320009946482
0.08660000000000001,90.01019327760558,90.0,-2.3373438605013424,2.9788976801023974,0.006681745716145004,-2.3147120807447935e-05,11.999999718837262,0.002478849339857741,0.11342469579875779,2.3430228241001912e-05,2.3430228241001912e-05,-1.5582292403342282,0.00020657078316147897
0.0868,90.00972922217755,90.0,-2.303211522643433,2.944198818149775,0.006604749850954184,-2.2093333462122227e-05,11.999999724426704,0.002457893531091258,0.1121176672229877,2.2964441276400883e-05,2.2964441276400883e-05,-1.5354743484289552,0.0002048244656279509
0.08700000000000001,90.00927195345824,90.0,-2.269476757875302,2.9098655522920818,0.006528560648411065,-2.105495752385122e-05,11.99999972990835,0.002437115012144157,0.11082433199463229,2.2507637441174274e-05,2.2507637441174274e-05,-1.5129845052502013,0.0002030929222498216
0.0872,90.00882139235192,90.0,-2.2361353773088264,2.875894242507127,0.006453170104909904,-2.0031813380464183e-05,11.999999735284234,0.0024165122821092305,0.10954455425001382,2.2059647218572973e-05,2.2059647218572973e-05,-1.4907569182058844,0.00020137602795138667
0.0874,90.00837746059649,90.0,-2.2031832337618757,2.842281283726473,0.006378570293521496,-1.9023723312764427e-05,11.99999974055635,0.0023960838527931276,0.10827819942706245,2.162030423882909e-05,2.162030423882909e-05,-1.4687888225079173,0.00019967365871643254
0.0876,90.00794008075518,90.0,-2.1706162213578306,2.809023105508242,0.00630475336327666,-1.803051147566455e-05,11.999999745726658,0.002375828248608911,0.10702513425315319,2.118944522147613e-05,2.118944522147613e-05,-1.4470774809052205,0.00019798569157928288
0.0878,90.00750917620823,90.0,-2.1384302751288424,2.7761161717123213,0.006231711538454848,-1.7052003879552823e-05,11.99999975079708,0.002355744006468461,0.10578522673302983,2.07669099187014e-05,2.07669099187014e-05,-1.4256201834192284,0.00019631200461583216
0.08800000000000001,90.00708467114491,90.0,-2.1066213706228205,2.7435569801800463,0.0061594371178827914,-1.6088028371717287e-05,11.999999755769508,0.002335829675678371,0.10455834613689925,2.0352541059760947e-05,2.0352541059760947e-05,-1.4044142470818803,0.00019465247693487012
0.0882,90.00666649055529,90.0,-2.075185523514088,2.7113420624147526,0.006087922474234735,-1.5138414618116583e-05,11.999999760645789,0.002316083817833142,0.10334436298855261,1.994618429635535e-05,1.994618429635535e-05,-1.3834570156760584,0.00019300698866918145
0.0884,90.00625456022239,90.0,-2.044118789217694,2.679467983266366,0.006017160053341659,-1.4202994085237369e-05,11.999999765427741,0.0022965050067111706,0.10214314905363928,1.954768814902278e-05,1.954768814902278e-05,-1.3627458594784627,0.00019137542096687795
0.0886,90.00584880671418,90.0,-2.013417262507347,2.6479313406192655,0.005947142373507725,-1.3281600022096225e-05,11.999999770117153,0.0022770918281722627,0.10095457732806323,1.9156903954513433e-05,1.9156903954513433e-05,-1.342278175004898,0.00018975765598285775
0.0888,90.00544915737578,90.0,-1.9830770771369155,2.6167287650826534,0.0058778620248321435,-1.2374067442443759e-05,11.999999774715771,0.002257842880055387,0.09977852202647158,1.877368581411115e-05,1.877368581411115e-05,-1.3220513847579438,0.00018815357687028503
0.08900000000000001,90.00505554032169,90.0,-1.9530944054654837,2.5858569196830326,0.005809311668535552,-1.1480233107199801e-05,11.999999779225313,0.0022387567720760135,0.09861485857081956,1.8397890542877427e-05,1.8397890542877427e-05,-1.3020629369769892,0.0001865630677720347
0.0892,90.00466788442814,90.0,-1.9234654580859274,2.5553124995605447,0.0057414840362949755,-1.059993550697528e-05,11.999999783647468,0.0022198321257260976,0.09746346357908138,1.802937761984015e-05,1.802937761984015e-05,-1.2823103053906184,0.0001849860138123575
0.08940000000000001,90.00428611932546,90.0,-1.8941864834569697,2.525092231667671,0.005674371929583902,-9.733014844796309e-06,11.99999978798389,0.002201067574174158,0.09632421485404773,1.766800913907765e-05,1.766800913907765e-05,-1.2627909889713131,0.0001834223010885534
0.0896,90.00391017539049,90.0,-1.865253767538688,2.4951928744709835,0.005607968219019073,-8.879313018972713e-06,11.999999792236203,0.0021824617621666966,0.09519699137223736,1.731364976169755e-05,1.731364976169755e-05,-1.2435025116924587,0.00018187181666275633
0.0898,90.00353998373922,90.0,-1.83666363343144,2.4656112176555323,0.00554226584371302,-8.038673606139878e-06,11.999999796406,0.0021640133459302517,0.0940816732729062,1.6966166668685685e-05,1.6966166668685685e-05,-1.2244424222876267,0.00018033444855377196
0.09000000000000001,90.00317547621928,90.0,-1.8084124410181732,2.4363440818311206,0.005477257810630597,-7.2109418445317135e-06,11.999999800494846,0.002145720993072837,0.09297814184712433,1.66254295145948e-05,1.66254295145948e-05,-1.2056082940121156,0.00017881008572886422
0.0902,90.00281658540274,90.0,-1.7804965866101063,2.4073883182429254,0.0054129371939552855,-6.395964617282501e-06,11.999999804504276,0.0021275833824890562,0.09188627952701875,1.629131038210925e-05,1.629131038210925e-05,-1.1869977244067376,0.00017729861809584818
0.09040000000000001,90.00246324457878,90.0,-1.7529125025957182,2.3787408084828363,0.0053492971344567585,-5.593590436046515e-06,11.999999808435796,0.0021095992042626526,0.09080596987503757,1.596368373739567e-05,1.596368373739567e-05,-1.1686083350638121,0.00017579993649496895
0.0906,90.00211538774651,90.0,-1.72565665709305,2.3503984642057696,0.005286330838869687,-4.803669424588748e-06,11.999999812290884,0.002091767159573886,0.08973709757340519,1.5642426386312702e-05,1.5642426386312702e-05,-1.1504377713953668,0.00017431393269118334
0.0908,90.0017729496079,90.0,-1.6987255536052557,2.3223582268462573,0.005224031579272795,-4.0260533027223045e-06,11.99999981607099,0.0020740859606036615,0.0886795484135814,1.5327417431369883e-05,1.5327417431369883e-05,-1.132483702403504,0.0001728404993661703
0.091,90.00143586556071,90.0,-1.6721157306793988,2.294617067339214,0.005162392692477282,-3.2605953702746772e-06,11.99999981977754,0.002056554330441159,0.0876332092858798,1.5018538229500866e-05,1.5018538229500866e-05,-1.1147438204529325,0.0001713795301106333
0.0912,90.0011040716915,90.0,-1.6458237615684508,2.267171985842685,0.005101407579419504,-2.5071504912562503e-06,11.999999823411931,0.002039171002991243,0.08659796816915825,1.4715672350593194e-05,1.4715672350593194e-05,-1.0972158410456339,0.00016993091941658464
0.09140000000000001,90.00077750476876,90.0,-1.6198462538964635,2.2400200114632534,0.005041069704559475,-1.765575078173235e-06,11.999999826975532,0.0020219347228828165,0.08557371412060837,1.4418705536774542e-05,1.4418705536774542e-05,-1.0798975025976423,0.0001684945626697082
0.0916,90.00045610223607,90.0,-1.5941798493268902,2.213158201983706,0.004981372595284272,-1.0357270765139451e-06,11.999999830469692,0.002004844245377499,0.08456033726562807,1.4127525662434893e-05,1.4127525662434893e-05,-1.0627865662179268,0.000167070356141749
0.0918,90.00013980220528,90.0,-1.5688212232340244,2.186583643593994,0.004922309841318772,-3.174659493217311e-07,11.999999833895728,0.0019878983362804116,0.08355772878781867,1.384202269499114e-05,1.384202269499114e-05,-1.0458808154893495,0.0001656581969830788
0.092,89.99982854344982,90.0,-1.5437670843775237,2.160293450623652,0.004863875094139417,3.8934733800096954e-07,11.999999837254936,0.0019710957718499706,0.08256578091903331,1.356208865634671e-05,1.356208865634671e-05,-1.0291780562516826,0.00016425798321517888
0.0922,89.99952226539808,90.0,-1.5190141745799977,2.1342847652774366,0.004806062066395143,1.0848503328019221e-06,11.99999984054859,0.0019544353387097356,0.08158438692954718,1.3287617585067088e-05,1.3287617585067088e-05,-1.012676116386665,0.00016286961372329376
0.09240000000000001,89.99922090812682,90.0,-1.494559268407625,2.1085547573730556,0.004748864531332821,1.7691791101150493e-06,11.999999843777934,0.0019379158337603992,0.08061344111830407,1.3018505499237576e-05,1.3018505499237576e-05,-0.9963728456050834,0.00016149298824909728
0.0926,89.99892441235461,90.0,-1.470399172853777,2.0831006240813235,0.004692276322228017,2.442468287451941e-06,11.999999846944196,0.0019215360640925407,0.07965283880325338,1.2754650359997866e-05,1.2754650359997866e-05,-0.9802661152358514,0.0001601280073834218
0.09280000000000001,89.99863271943543,90.0,-1.4465307270256158,2.057919589669402,0.004636291331822605,3.1048510395067032e-06,11.999999850048575,0.0019052948469013135,0.07870247631180348,1.249595203575314e-05,1.249595203575314e-05,-0.9643538180170773,0.00015877457255914892
0.093,89.99834577135228,90.0,-1.4229508018336368,2.033008905244958,0.004580903511764155,3.7564591126007995e-06,11.999999853092252,0.0018891910093993317,0.07776225097130511,1.2242312267011217e-05,1.2242312267011217e-05,-0.9486338678890911,0.00015743258604394988
0.0932,89.99806351071078,90.0,-1.3996562996841404,2.0083658485040496,0.004526106872053701,4.3974228390990105e-06,11.999999856076386,0.0018732233887326674,0.07683206109967704,1.1993634631884967e-05,1.1993634631884967e-05,-0.9331041997894269,0.00015610195093328536
0.09340000000000001,89.99778588073296,90.0,-1.3766441541745944,1.9839877234809256,0.0044718954804976166,5.027871151652056e-06,11.999999859002106,0.0018573908318968403,0.07591180599610152,1.1749824512215922e-05,1.1749824512215922e-05,-0.9177627694497296,0.00015478257114340474
0.0936,89.99751282525109,90.0,-1.3539113297918615,1.9598718602993264,0.0044182634621626705,5.647931597236996e-06,11.999999861870531,0.0018416921956521302,0.07500138593177373,1.1510789060301693e-05,1.1510789060301693e-05,-0.9026075531945743,0.0001534743514042884
0.09380000000000001,89.99724428870144,90.0,-1.3314548216132762,1.9360156149274232,0.00436520499883923,6.257730351168746e-06,11.999999864682755,0.0018261263464419137,0.07410070214078941,1.1276437166253058e-05,1.1276437166253058e-05,-0.8876365477421841,0.00015217719725284275
0.094,89.99698021611823,90.0,-1.3092716550105319,1.9124163689341798,0.00431271432850746,6.85739223090936e-06,11.999999867439847,0.0018106921603102486,0.07320965681108343,1.104667942593184e-05,1.104667942593184e-05,-0.8728477700070213,0.00015089101502603204
0.0942,89.99672055312764,90.0,-1.2873588853563551,1.8890715292485498,0.004260785744809804,7.447040709790656e-06,11.999999870142862,0.0017953885228211694,0.07232815307547506,1.0821428109483356e-05,1.0821428109483356e-05,-0.8582392569042369,0.00014961571185415312
0.0944,89.99646524594179,90.0,-1.265713597733944,1.8659785279200423,0.004209413596526342,8.026797930534622e-06,11.999999872792834,0.0017802143289771903,0.07145609500276198,1.0600597130428683e-05,1.0600597130428683e-05,-0.8438090651559627,0.0001483511956540438
0.0946,89.9962142413528,90.0,-1.2443329066491449,1.8431348218820456,0.004158592287056255,8.59678471868713e-06,11.999999875390776,0.0017651684831394298,0.07059338758891791,1.0384102015329916e-05,1.0384102015329916e-05,-0.8295552710994298,0.00014709737512242664
0.09480000000000001,89.99596748672704,90.0,-1.223213955745345,1.8205378927175222,0.004108316273904516,9.157120595936134e-06,11.999999877937682,0.0017502498989487522,0.06973993674837914,1.017185987401198e-05,1.017185987401198e-05,-0.8154759704968967,0.00014585415972933743
0.095,89.99572492999923,90.0,-1.2023539175210474,1.7981852464263195,0.004058580068172022,9.707923793256488e-06,11.999999880434528,0.001735457499246604,0.06889564930538926,9.963789370318921e-06,9.963789370318921e-06,-0.8015692783473649,0.0001446214597115281
0.0952,89.99548651966673,90.0,-1.1817499930501119,1.7760744131951312,0.004009378234051608,1.0249311263968135e-05,11.999999882882271,0.0017207902159974077,0.06806043298544397,9.759810693412174e-06,9.759810693412174e-06,-0.7878333287000746,0.00014339918606599955
0.0954,89.99525220478385,90.0,-1.1613994117046327,1.7542029471690166,0.003960705388327384,1.0781398696620937e-05,11.999999885281852,0.0017062469902106136,0.06723419640679203,9.559845529583826e-06,9.559845529583826e-06,-0.7742662744697552,0.00014218725054350597
0.0956,89.99502193495628,90.0,-1.1412994308804334,1.7325684262262118,0.00391255619988145,1.130430052785063e-05,11.999999887634196,0.0016918267718654594,0.06641684907206166,9.363817034602861e-06,9.363817034602861e-06,-0.7608662872536223,0.00014098556564228466
0.09580000000000001,89.99479566033538,90.0,-1.121447335725142,1.711168451753352,0.003864925389201262,1.1818129954974761e-05,11.999999889940202,0.0016775285198334855,0.06560830135989797,9.171649806540735e-06,9.171649806540735e-06,-0.7476315571500947,0.00013979404460159916
0.096,89.99457333161277,90.0,-1.101840438868841,1.6900006484242838,0.003817807727895077,1.2322998948588637e-05,11.999999892200762,0.0016633512018043102,0.06480846451673743,8.983269859116404e-06,8.983269859116404e-06,-0.7345602925792273,0.0001386126013955536
0.09620000000000001,89.9943549000148,90.0,-1.0824760801572524,1.6690626639795803,0.003771198038208738,1.2819018264930164e-05,11.999999894416746,0.001649293794209714,0.06401725064860513,8.798604595508128e-06,8.798604595508128e-06,-0.721650720104835,0.0001374411507267665
0.0964,89.99414031729721,90.0,-1.0633516263874494,1.6483521690092207,0.0037250911925495503,1.3306297458215778e-05,11.999999896589006,0.0016353552821503166,0.0632345727130325,8.617582782660731e-06,8.617582782660731e-06,-0.7089010842582996,0.00013627960802026052
0.0966,89.99392953573964,90.0,-1.044464471046056,1.6278668567369803,0.003679482113013853,1.3784944892831947e-05,11.999999898718386,0.0016215346593223487,0.06246034451103764,8.4401345260577e-06,8.4401345260577e-06,-0.6963096473640374,0.00013512788941735996
0.09680000000000001,89.99372250814045,90.0,-1.0258120340499193,1.6076044428061254,0.003634365770917348,1.4255067755353325e-05,11.999999900805705,0.0016078309279438647,0.061694480679152515,8.266191244944636e-06,8.266191244944636e-06,-0.6838746893666129,0.0001339859117695419
0.097,89.99351918781136,90.0,-1.0073917614892356,1.5875626650685488,0.003589737186333172,1.471677206656092e-05,11.999999902851773,0.0015942430986840889,0.06093689668158163,8.09568564802653e-06,8.09568564802653e-06,-0.6715945076594905,0.0001328535926325483
0.09720000000000001,89.99331952857229,90.0,-0.9892011253730938,1.5677392833740726,0.0035455914276300692,1.5170162693200245e-05,11.999999904857379,0.0015807701905902831,0.06018750880236229,7.92855170958398e-06,7.92855170958398e-06,-0.6594674169153959,0.0001317308502602918
0.0974,89.99312348474618,90.0,-0.9712376233774309,1.5481320793627718,0.0035019236110173328,1.5615343359710573e-05,11.999999906823305,0.0015674112310170817,0.059446234137639914,7.764724646041601e-06,7.764724646041601e-06,-0.6474917489182873,0.00013061760359896652
0.0976,89.99293101115394,90.0,-0.9534987785953698,1.5287388562595503,0.0034587289000947274,1.6052416659867556e-05,11.99999990875031,0.0015541652555569941,0.058712990588027786,7.604140892969424e-06,7.604140892969424e-06,-0.6356658523969132,0.00012951377228125714
0.0978,89.99274206310929,90.0,-0.9359821392899081,1.5095574386691644,0.0034160025054031694,1.6481484068194684e-05,11.999999910639144,0.001541031307968986,0.05798769685097973,7.4467380824851035e-06,7.4467380824851035e-06,-0.6239880928599387,0.0001284192766203869
0.098,89.99255659641383,90.0,-0.9186852786489568,1.490585672375234,0.0033737396839844517,1.6902645951432566e-05,11.99999991249054,0.0015280084401112768,0.057270272413316316,7.292455021098179e-06,7.292455021098179e-06,-0.6124568524326378,0.00012733403760451748
0.09820000000000001,89.99237456735206,90.0,-0.9016057945426814,1.4718214241392726,0.003331935738940728,1.731600157974817e-05,11.99999991430522,0.0015150957118715209,0.056560637543746926,7.141231667934716e-06,7.141231667934716e-06,-0.601070529695121,0.00012625797689093087
0.0984,89.99219593268643,90.0,-0.8847413092831464,1.4532625815022222,0.0032905860189995765,1.772164913788631e-05,11.99999991608389,0.0015022921910986952,0.055858713285486646,6.993009113369471e-06,6.993009113369471e-06,-0.5898275395220977,0.00012519101680035318
0.09860000000000001,89.99202064965255,90.0,-0.8680894693862324,1.4349070525877399,0.0032496859180828914,1.811968573620555e-05,11.999999917827246,0.00148959695353541,0.055164421448937975,6.847729558048186e-06,6.847729558048186e-06,-0.578726312924155,0.00012413308031131393
0.0988,89.99184867595429,90.0,-0.851647945335808,1.416752765907924,0.0032092308748811926,1.8510207421656373e-05,11.999999919535965,0.0014770090827518594,0.05447768460446469,6.705336292301993e-06,6.705336292301993e-06,-0.5677652968905387,0.00012308409105464183
0.099,89.99167996975908,90.0,-0.8354144313501273,1.398797670170369,0.0031692163724307814,1.8893309188614836e-05,11.999999921210716,0.0014645276700795214,0.05379842607521389,6.565773675932582e-06,6.565773675932582e-06,-0.5569429542334182,0.00012204397330793988
0.09920000000000001,89.99151448969313,90.0,-0.819386645150438,1.3810397340865341,0.0031296379376937015,1.9269084989571832e-05,11.999999922852155,0.0014521518145445985,0.05312656992998568,6.428987118361809e-06,6.428987118361809e-06,-0.5462577634336254,0.00012101265199003866
0.0994,89.99135219483681,90.0,-0.8035623277317859,1.3634769461824625,0.00309049114114292,1.963762774576456e-05,11.999999924460923,0.0014398806228030116,0.05246204097619155,6.294923059152374e-06,6.294923059152374e-06,-0.5357082184878573,0.00011999005265557912
0.09960000000000001,89.99119304471996,90.0,-0.7879392431359868,1.3461073146114668,0.0030517715963518585,1.9999029357721328e-05,11.999999926037653,0.0014277132090763133,0.05180476475288649,6.163528948888011e-06,6.163528948888011e-06,-0.5252928287573245,0.00011897610148967209
0.0998,89.99103699931736,90.0,-0.7725151782267452,1.328928866968033,0.003013474959586497,2.0353380715661867e-05,11.999999927582962,0.0014156486950872497,0.051154667523844864,6.03475323039767e-06,6.03475323039767e-06,-0.5150101188178301,0.00011797072530252835
0.1,89.9908840190441,90.0,-0.7572879424669057,1.31193965010328,0.0029755969294008706,2.0700771709782145e-05,11.999999929097456,0.0014036862099955708,0.05051167627069379,5.908545320322022e-06,5.908545320322022e-06,-0.5048586283112705,0.00011697385152410953
0.10020000000000001,89.9907340647512,90.0,-0.7422553676978179,1.2951377299433737,0.0029381332462392077,2.1041291240539173e-05,11.999999930581733,0.0013918248903365348,0.04987571868615939,5.784855591032859e-06,5.784855591032859e-06,-0.4948369117985452,0.0001159854081990034
0.1004,89.99058709772105,90.0,-0.7274153079207824,1.2785211913080001,0.002901079692037962,2.1375027228704644e-05,11.999999932036376,0.0013800638799571275,0.04924672316731109,5.66363535286459e-06,5.66363535286459e-06,-0.4849435386138549,0.00011500532398110884
0.10060000000000001,89.99044307966308,90.0,-0.7127656390805764,1.2620881377310356,0.002864432089832727,2.1702066625360844e-05,11.999999933461957,0.0013684023299537049,0.04862461880888889,5.544836836678074e-06,5.544836836678074e-06,-0.4751770927203843,0.00011403352812843939
0.1008,89.99030197270935,90.0,-0.6983042588510346,1.245836691284084,0.002828186303371603,2.202249542189655e-05,11.999999934859042,0.001356839398612241,0.048009335396740176,5.428413176758195e-06,5.428413176758195e-06,-0.4655361725673564,0.00011306995049814381
0.101,89.9901637394102,90.0,-0.6840290864226503,1.2297649924003506,0.002792338236729109,2.2336398659800685e-05,11.999999936228178,0.0013453742513468438,0.04740080340126575,5.31431839401005e-06,5.31431839401005e-06,-0.45601939094843347,0.0001121145215413826
0.1012,89.99002834273007,90.0,-0.6699380622921965,1.2138711996995566,0.002756883833922283,2.264386044031154e-05,11.99999993756991,0.0013340060606377552,0.04679895397090296,5.202507379457074e-06,5.202507379457074e-06,-0.44662537486146436,0.00011116717229816098
0.1014,89.98989574604312,90.0,-0.6560291480543521,1.1981534898167214,0.0027218190785355846,2.2944963934152665e-05,11.99999993888477,0.0013227340059737596,0.046203718925758384,5.092935878067495e-06,5.092935878067495e-06,-0.437352765369568,0.00011022783439252992
0.10160000000000001,89.98976591312912,90.0,-0.6423003261952892,1.1826100572304863,0.002687139993344482,2.3239791391008738e-05,11.999999940173275,0.0013115572737915323,0.04561503075121806,4.985560472854519e-06,4.985560472854519e-06,-0.4282002174635261,0.0001092964400275317
0.1018,89.98963880816932,90.0,-0.6287495998882289,1.1672391140934726,0.0026528426399435633,2.3528424148943675e-05,11.999999941435938,0.0013004750574162718,0.04503282259163457,4.880338569273766e-06,4.880338569273766e-06,-0.41916639992548593,0.00010837292198025252
0.10200000000000001,89.98951439574223,90.0,-0.6153749927909392,1.1520388900657117,0.002618923118381595,2.3810942643847623e-05,11.99999994267326,0.0012894865570054143,0.044457028244132016,4.777228379923432e-06,4.777228379923432e-06,-0.41024999519395944,0.00010745721359713218
0.1022,89.98939264081963,90.0,-0.6021745488451427,1.1370076321471843,0.0025853775667942624,2.408742641859504e-05,11.999999943885733,0.0012785909794886213,0.04388758215237174,4.676188909499103e-06,4.676188909499103e-06,-0.4014496992300951,0.00010654924878896286
0.1024,89.9892735087625,90.0,-0.589146332077842,1.122143604513751,0.0025522021610446077,2.4357954132260566e-05,11.99999994507384,0.0012677875385114354,0.043324419400448594,4.577179940044893e-06,4.577179940044893e-06,-0.39276422138522804,0.00010564896202619393
0.10260000000000001,89.989156965317,90.0,-0.5762884264045255,1.1074450883539313,0.002519393114365233,2.462260356919047e-05,11.999999946238056,0.001257075454378259,0.04276747570681723,4.480162016468387e-06,4.480162016468387e-06,-0.38419228426968366,0.00010475628833418007
0.1028,89.98904297661056,90.0,-0.5635989354342434,1.0929103817068713,0.0024869466770030416,2.4881451647958478e-05,11.999999947378843,0.0012464539539952376,0.04221668741826151,4.385096432318492e-06,4.385096432318492e-06,-0.37573262362282894,0.00010387116328842154
0.10300000000000001,89.98893150914796,90.0,-0.5510759822765396,1.078537799302905,0.0024548591358698295,2.513457443032168e-05,11.999999948496658,0.0012359222708155121,0.04167199150396316,4.291945215836033e-06,4.291945215836033e-06,-0.36738398818435974,0.00010299352301000189
0.1032,89.98882252980738,90.0,-0.5387177093502108,1.0643256724045331,0.002423126814193629,2.5382047130003014e-05,11.999999949591945,0.0012254796447830967,0.04113332554958321,4.200671116249864e-06,4.200671116249864e-06,-0.3591451395668072,0.00010212330416091115
0.1034,89.98871600583664,90.0,-0.5265222781938875,1.0502723486492371,0.0023917460711741223,2.5623944121416045e-05,11.99999995066515,0.0012151253222778507,0.04060062775141257,4.111237590328795e-06,4.111237590328795e-06,-0.35101485212925837,0.00010126044393945997
0.10360000000000001,89.98861190484934,90.0,-0.5144878692784165,1.0363761918933865,0.002360713301640393,2.5860338948274128e-05,11.999999951716696,0.0012048585560602708,0.04007383691056223,4.023608789177327e-06,4.023608789177327e-06,-0.3429919128522777,0.00010040488007567919
0.1038,89.98851019482112,90.0,-0.5026126818210306,1.0226355820593513,0.002330024935715955,2.6091304332257398e-05,11.999999952747006,0.0011946786052197894,0.03955289242727701,3.937749545291511e-06,3.937749545291511e-06,-0.33507512121402044,9.955655082701122e-05
0.10400000000000001,89.9884108440859,90.0,-0.4908949336012712,1.0090489149808013,0.0022996774384793305,2.6316912181333035e-05,11.999999953756495,0.0011845847351179255,0.03903773429517382,3.853625359821465e-06,3.853625359821465e-06,-0.3272632890675141,9.871539497357261e-05
0.1042,89.98831382133227,90.0,-0.4793328607786828,0.9956146022526073,0.0022696673096351755,2.6537233598248916e-05,11.999999954745572,0.0011745762173373672,0.03852830309565885,3.7712023900991795e-06,3.7712023900991795e-06,-0.3195552405191219,9.788135181391098e-05
0.1044,89.98821909559967,90.0,-0.4679247177122276,0.9823310710810164,0.0022399910831858313,2.6752338888853886e-05,11.999999955714632,0.0011646523296295595,0.03802453999235208,3.6904474373848353e-06,3.6904474373848353e-06,-0.31194981180815173,9.705436116063731e-05
0.1046,89.98812663627494,90.0,-0.4566687767814162,0.9691967641337333,0.002210645327102457,2.6962297570215824e-05,11.999999956664064,0.0011548123558601658,0.03752638672550467,3.6113279348249986e-06,3.6113279348249986e-06,-0.3044458511876108,9.623436333588101e-05
0.1048,89.98803641308865,90.0,-0.44556332820915673,0.956210139393824,0.0021816266430048827,2.7167178378855275e-05,11.999999957594257,0.0011450555859591714,0.03703378560656437,3.5338119356554008e-06,3.5338119356554008e-06,-0.2970422188061045,9.542129916713188e-05
0.10500000000000001,89.98794839611153,90.0,-0.4346066798862772,0.9433696700138229,0.002152931665841744,2.736704927880571e-05,11.999999958505583,0.001135381315869426,0.03654667951274566,3.4578681016101316e-06,3.4578681016101316e-06,-0.2897377865908515,9.461510998295207e-05
0.1052,89.98786255575101,90.0,-0.4237971571977199,0.9306738441707554,0.002124557063572548,2.7561977469558266e-05,11.999999959398412,0.0011257888474948533,0.03606501188163276,3.383465691540468e-06,3.383465691540468e-06,-0.28253143813181325,9.38157376086601e-05
0.10540000000000001,89.98777886274767,90.0,-0.4131331028503966,0.9181211649234762,0.0020964995368549567,2.7752029394006456e-05,11.999999960273104,0.0011162774886507654,0.03558872670587118,3.3105745502522633e-06,3.3105745502522633e-06,-0.2754220685669311,9.302312436219045e-05
0.1056,89.9876972881719,90.0,-0.40261287670267853,0.9057101500701612,0.0020687558187322277,2.7937270746217564e-05,11.999999961130019,0.0011068465530125694,0.035117768527861894,3.2391650975386267e-06,3.2391650975386267e-06,-0.26840858446845234,9.223721304981902e-05
0.1058,89.98761780342036,90.0,-0.392234855595519,0.8934393320084338,0.002041322674326622,2.8117766479232906e-05,11.9999999619695,0.001097495360067167,0.034652082434556856,3.1692083174264757e-06,3.1692083174264757e-06,-0.261489903730346,9.14579469621132e-05
0.10600000000000001,89.98754038021268,90.0,-0.38199743318517854,0.881307257596308,0.0020141969005345226,2.8293580812752543e-05,11.999999962791891,0.001088223235063926,0.03419161405228357,3.100675747616958e-06,3.100675747616958e-06,-0.2546649554567857,9.06852698698461e-05
0.1062,89.98746499058812,90.0,-0.37189901977754375,0.869312488013932,0.0019873753257232353,2.8464777240704452e-05,11.999999963597528,0.0010790295089652155,0.03373630954159813,3.033539469116457e-06,3.033539469116457e-06,-0.24793267985169581,8.99191260198745e-05
0.10640000000000001,89.9873916069022,90.0,-0.3619380421640296,0.8574535986268392,0.00196085480943112,2.863141853875588e-05,11.999999964386735,0.0010699135183977336,0.03328611559219494,2.9677720960609163e-06,2.9677720960609163e-06,-0.24129202810935302,8.915946013108276e-05
0.1066,89.98732020182342,90.0,-0.3521129434590488,0.8457291788513799,0.0019346322420726323,2.8793566771824728e-05,11.999999965159839,0.0010608746056058164,0.032840979417899624,2.9033467657355057e-06,2.9033467657355057e-06,-0.23474196230603256,8.840621739049194e-05
0.1068,89.98725074833013,90.0,-0.3424221829390236,0.8341378320198246,0.0019087045446424097,2.8951283301388697e-05,11.999999965917155,0.001051912118402407,0.032400848751645846,2.8402371287652607e-06,2.8402371287652607e-06,-0.22828145529268243,8.76593434491739e-05
0.10700000000000001,89.98718321970712,90.0,-0.332864235882942,0.8226781752479772,0.0018830686684250407,2.9104628792823322e-05,11.999999966658992,0.001043025410122604,0.031965671840548535,2.7784173394973285e-06,2.7784173394973285e-06,-0.221909490588628,8.691878441838033e-05
0.1072,89.98711758954263,90.0,-0.3234375934144315,0.8113488393034861,0.0018577215947062802,2.9253663222624446e-05,11.999999967385655,0.0010342138395766768,0.03153539744100167,2.717862046556345e-06,2.717862046556345e-06,-0.2156250622762877,8.618448686562728e-05
0.10740000000000001,89.98705383172506,90.0,-0.31414076234534216,0.800148468475907,0.0018326603344881792,2.9398445885601813e-05,11.999999968097445,0.001025476771004384,0.03110997481384255,2.6585463835784497e-06,2.6585463835784497e-06,-0.20942717489689477,8.545639781088845e-05
0.1076,89.98699192043989,90.0,-0.30497226502081703,0.7890757204467127,0.0018078819282039082,2.9539035401899297e-05,11.999999968794649,0.0010168135740274927,0.03068935371951079,2.60044596010646e-06,2.60044596010646e-06,-0.20331484334721137,8.473446472263846e-05
0.1078,89.98693183016661,90.0,-0.29593063916585344,0.7781292661620924,0.001783383445438927,2.9675489724072956e-05,11.999999969477557,0.0010082236236054255,0.03027348441331512,2.5435368526658252e-06,2.5435368526658252e-06,-0.19728709277723563,8.401863551415662e-05
0.108,89.98687353567563,90.0,-0.28701443773332075,0.76730778970601,0.0017591619846525782,2.9807866144024583e-05,11.999999970146453,0.000999706299989677,0.029862317640707348,2.487795595998127e-06,2.487795595998127e-06,-0.19134295848888053,8.330885853972848e-05
0.1082,89.98681701202527,90.0,-0.2782222287534329,0.7566099881745828,0.0017352146729025955,2.9936221299877518e-05,11.99999997080161,0.000991260988678858,0.02945580463260579,2.4331991744577997e-06,2.4331991744577997e-06,-0.18548148583562193,8.260508259089945e-05
0.10840000000000001,89.98676223455875,90.0,-0.26955259518466007,0.7460345715517591,0.0017115386655724737,3.0060611182794658e-05,11.9999999714433,0.0009828870803743328,0.029053897100767303,2.3797250135688803e-06,2.3797250135688803e-06,-0.1797017301231067,8.190725689277782e-05
0.1086,89.98670917890124,90.0,-0.2610041347660651,0.7355802625859191,0.0016881311461008244,3.0181091143709826e-05,11.999999972071787,0.0009745839709358239,0.02865654723319301,2.327350971736166e-06,2.327350971736166e-06,-0.1740027565107101,8.121533110033525e-05
0.10880000000000001,89.98665782095686,90.0,-0.2525754598710536,0.7252457966684491,0.001664989325715175,3.0297715900059084e-05,11.999999972687336,0.0009663510613388136,0.028263707689609455,2.2760553321157685e-06,2.2760553321157685e-06,-0.16838363991403574,8.052925529485684e-05
0.109,89.98660813690583,90.0,-0.24426519736251512,0.7150299217121281,0.001642110443165161,3.041053954233876e-05,11.999999973290198,0.0009581877576300265,0.027875331596939466,2.225816794626332e-06,2.225816794626332e-06,-0.16284346490834342,7.984897998023142e-05
0.1092,89.98656010320154,90.0,-0.23607198844935803,0.7049313980318139,0.0016194917644609258,3.0519615540692355e-05,11.999999973880627,0.0009500934708852933,0.027491372544861396,2.1766144681166525e-06,2.1766144681166525e-06,-0.15738132563290536,7.917445607944004e-05
0.10940000000000001,89.98651369656776,90.0,-0.22799448854441096,0.6949489982252619,0.0015971305826116638,3.062499675135299e-05,11.999999974458866,0.000942067617166081,0.027111784581370837,2.128427862671215e-06,2.128427862671215e-06,-0.15199632569627397,7.850563493093366e-05
0.1096,89.98646889399572,90.0,-0.2200313671236906,0.6850815070554956,0.001575024217367629,3.0726735423056935e-05,11.999999975025158,0.0009341096174771415,0.026736522208401114,2.0812368820614356e-06,2.0812368820614356e-06,-0.14668757808246038,7.784246828510373e-05
0.10980000000000001,89.9864256727414,90.0,-0.21218130758701628,0.6753277213354141,0.0015531700149672084,3.082488320348611e-05,11.999999975579737,0.00092621889772649,0.026365540377529775,2.035021816344555e-06,2.035021816344555e-06,-0.14145420505801085,7.718490830094715e-05
0.11,89.98638401032274,90.0,-0.20444300711994748,0.6656864498110479,0.0015315653478806767,3.091949114545048e-05,11.99999997612284,0.0009183948886815283,0.025998794485628772,1.9897633345827385e-06,1.9897633345827385e-06,-0.136295338079965,7.653290754240973e-05
0.1102,89.98634388451678,90.0,-0.19681517655705835,0.6561565130484591,0.0015102076145623088,3.101060971321497e-05,11.99999997665469,0.0009106370259299433,0.02563624037065648,1.9454424777147267e-06,1.9454424777147267e-06,-0.1312101177047056,7.588641897512793e-05
0.11040000000000001,89.98630527335719,90.0,-0.18929654024650855,0.6467367433192532,0.001489094239199089,3.109828878856633e-05,11.999999977175513,0.0009029447498367153,0.025277834307391944,1.9020406515429218e-06,1.9020406515429218e-06,-0.12619769349767238,7.524539596284608e-05
0.1106,89.98626815513127,90.0,-0.18188583591592536,0.6374259844896989,0.0014682226714676982,3.1182577677024475e-05,11.999999977685524,0.0008953175055058731,0.024923533003309694,1.859539619867599e-06,1.859539619867599e-06,-0.12125722394395023,7.46097922642293e-05
0.11080000000000001,89.9862325083776,90.0,-0.1745818145395566,0.628223091908424,0.0014475903862880195,3.126352511379381e-05,11.999999978184942,0.000887754742738325,0.024573293594395394,1.8179214977319897e-06,1.8179214977319897e-06,-0.11638787635970439,7.397956202934946e-05
0.111,89.98619831188313,90.0,-0.16738324020671028,0.6191269322973298,0.0014271948835840095,3.13411792698301e-05,11.999999978673976,0.0008802559159937879,0.02422707364108658,1.7771687448069639e-06,1.7771687448069639e-06,-0.11158882680447352,7.33546597965126e-05
0.11120000000000001,89.98616554468079,90.0,-0.1602888899914436,0.610136383641763,0.001407033688042684,3.141558775770511e-05,11.999999979152829,0.0008728204843499972,0.02388483112418137,1.7372641588869094e-06,1.7372641588869094e-06,-0.10685925999429575,7.273504048885976e-05
0.1114,89.98613418604675,90.0,-0.15329755382351132,0.6012503350828002,0.0013871043488778935,3.14867976375002e-05,11.999999979621709,0.0008654479114641345,0.023546524440828442,1.6981908695133667e-06,1.6981908695133667e-06,-0.10219836921567421,7.212065941115252e-05
0.1116,89.98610421549795,90.0,-0.14640803436054695,0.5924676868105448,0.0013674044395963118,3.1554855422642006e-05,11.999999980080812,0.0008581376655345919,0.02321211240055468,1.6599323317169207e-06,1.6599323317169207e-06,-0.09760535624036462,7.151147224658686e-05
0.11180000000000001,89.98607561278952,90.0,-0.13961914686146762,0.5837873499573549,0.0013479315577631184,3.1619807085593815e-05,11.999999980530333,0.0008508892192612139,0.022881554221287504,1.6224723198686208e-06,1.6224723198686208e-06,-0.09307943124097841,7.090743505347983e-05
0.112,89.98604835791231,90.0,-0.13292971906110174,0.5752082464934896,0.0013286833247731862,3.168169806360463e-05,11.999999980970461,0.0008437020498083293,0.022554809525470756,1.5857949216544213e-06,1.5857949216544213e-06,-0.08861981270740117,7.030850426218898e-05
0.11220000000000001,89.98602243109035,90.0,-0.12633859104601272,0.5667293091230037,0.0013096573856227055,3.174057326434271e-05,11.999999981401386,0.0008365756387668365,0.022231838336187904,1.5498845321569285e-06,1.5498845321569285e-06,-0.08422572736400848,6.971463667195268e-05
0.1124,89.98599781277848,90.0,-0.11984461513151473,0.5583494811802423,0.0012908514086820667,3.1796477071442415e-05,11.99999998182329,0.0008295094721159644,0.02191260107330669,1.514725848044923e-06,1.514725848044923e-06,-0.07989641008767648,6.912578944770365e-05
0.1126,89.98597448365983,90.0,-0.11344665573987534,0.550067716527991,0.0012722630854724681,3.184945335005111e-05,11.999999982236353,0.0008225030401865386,0.02159705854968696,1.480303861874983e-06,1.480303861874983e-06,-0.07563110382658356,6.854192011700775e-05
0.11280000000000001,89.98595242464346,90.0,-0.10714358927968423,0.5418829794565445,0.0012538901304445336,3.189954545231819e-05,11.999999982640754,0.0008155558376245018,0.02128517196742264,1.4466038564987407e-06,1.4466038564987407e-06,-0.07142905951978948,6.796298656702401e-05
0.113,89.98593161686198,90.0,-0.100934304026379,0.5337942445826147,0.0012357302807564118,3.1946796222739754e-05,11.999999983036663,0.0008086673633528284,0.020976902914074894,1.4136113995677313e-06,1.4136113995677313e-06,-0.067289536017586,6.738894704133083e-05
0.11320000000000001,89.98591204166911,90.0,-0.0948177000039288,0.5258004967512757,0.0012177812960588374,3.19912480036188e-05,11.999999983424253,0.0008018371205373715,0.020672213359023476,1.3813123381524878e-06,1.3813123381524878e-06,-0.0632118000026192,6.681976013707992e-05
0.1134,89.98589368063747,90.0,-0.08879268886764183,0.5179007309373471,0.0012000409582787418,3.203294264035204e-05,11.999999983803686,0.0007950646165504492,0.02037106564979346,1.3496927934530925e-06,1.3496927934530925e-06,-0.05919512591176122,6.625538480196186e-05
0.1136,89.98587651555617,90.0,-0.08285819378810223,0.5100939521469332,0.0011825070714030928,3.207192148660123e-05,11.99999998417513,0.000788349362933404,0.020073422508385837,1.318739155603992e-06,1.318739155603992e-06,-0.05523879585873482,6.569578033108594e-05
0.11380000000000001,89.98586052842855,90.0,-0.07701314933623571,0.5023791753223137,0.0011651774612704336,3.21082254096089e-05,11.999999984538743,0.0007816908753636748,0.019779247027738846,1.2884380785890344e-06,1.2884380785890344e-06,-0.05134209955749048,6.514090636423626e-05
0.114,89.98584570146988,90.0,-0.07125650136946433,0.49475542524515853,0.0011480499753583706,3.214189479525408e-05,11.999999984894682,0.0007750886736177154,0.01948850266812049,1.2587764752369198e-06,1.2587764752369198e-06,-0.04750433424630956,6.459072288278156e-05
0.11420000000000001,89.98583201710518,90.0,-0.06558720691897059,0.487221736443068,0.001131122482578703,3.21729695532525e-05,11.999999985243102,0.000768542281538402,0.019201153253650825,1.2297415123230405e-06,1.2297415123230405e-06,-0.043724804612647064,6.404519020695919e-05
0.1144,89.98581945796694,90.0,-0.06000423407803205,0.47977715309476443,0.0011143928730692684,3.220148912212565e-05,11.999999985584154,0.0007620512269988751,0.01891716296876845,1.2013206057504777e-06,1.2013206057504777e-06,-0.040002822718688026,6.350426899286191e-05
0.11460000000000001,89.98580800689295,90.0,-0.054506561891442686,0.47242072893715814,0.0010978590579900425,3.222749247419871e-05,11.999999985917984,0.0007556150418683853,0.01863649635476924,1.1735014158261864e-06,1.1735014158261864e-06,-0.03633770792762846,6.296792022959171e-05
0.1148,89.98579764692407,90.0,-0.04909318024599841,0.46515152717460784,0.0010815189693242355,3.225101812065631e-05,11.999999986244738,0.0007492332619807157,0.018359118306429927,1.1462718426319699e-06,1.1462718426319699e-06,-0.03272878683066561,6.24361052366284e-05
0.115,89.98578836130214,90.0,-0.04376308976202284,0.4579686203857277,0.0010653705596735319,3.2272104116280476e-05,11.99999998656456,0.0007429054270971638,0.018084994068532177,1.1196200214645964e-06,1.1196200214645964e-06,-0.029175393174681895,6.190878566074462e-05
0.11520000000000001,89.98578013346783,90.0,-0.03851530168596028,0.4508710904345244,0.0010494118020633206,3.2290788064419674e-05,11.999999986877588,0.0007366310808758004,0.017814089232556368,1.0935343183788134e-06,1.0935343183788134e-06,-0.025676867790640188,6.138592347344432e-05
0.1154,89.98577294705845,90.0,-0.033348837783987506,0.4438580283804716,0.0010336406897453214,3.230710712175566e-05,11.99999998718396,0.0007304097708377179,0.017546369733331076,1.0680033258036495e-06,1.0680033258036495e-06,-0.022232558522658336,6.086748096814983e-05
0.11560000000000001,89.98576678590598,90.0,-0.028262730236655195,0.4369285343896661,0.0010180552360026121,3.2321098003041417e-05,11.999999987483811,0.0007242410483339716,0.017281801845723355,1.0430158582417694e-06,1.0430158582417694e-06,-0.018841820157770132,6.0353420757447204e-05
0.1158,89.98576163403489,90.0,-0.023256021534547807,0.43008171764776104,0.0010026534739586888,3.2332796985867996e-05,11.999999987777269,0.0007181244685144319,0.017020352181397497,1.0185609480536772e-06,1.0185609480536772e-06,-0.015504014356365206,5.9843705770490454e-05
0.116,89.98575747566014,90.0,-0.01832776437494074,0.42331669627145,0.0009874334563830184,3.234223991520022e-05,11.999999988064467,0.0007120595902929824,0.016761987685514203,9.94627841309556e-07,9.94627841309556e-07,-0.012218509583293829,5.9338299250101383e-05
0.11620000000000001,89.98575429518515,90.0,-0.013477021559471895,0.4166325972242088,0.0009723932555064221,3.2349462208143536e-05,11.999999988345529,0.0007060459763189295,0.016506675633596674,9.712059937351284e-07,9.712059937351284e-07,-0.008984681039647929,5.883716475038713e-05
0.1164,89.98575207719978,90.0,-0.008702865892778437,0.4100285562291231,0.0009575309628295279,3.235449885836415e-05,11.99999998862058,0.0007000831929422572,0.016254383628279023,9.482850667154053e-07,9.482850667154053e-07,-0.005801910595185624,5.834026613384464e-05
0.11660000000000001,89.98575080647834,90.0,-0.004004380082132295,0.403503717685951,0.0009428446889410048,3.235738444074032e-05,11.99999998888974,0.0006941708101850716,0.016005079596220762,9.258549233893011e-07,9.258549233893011e-07,-0.0026695867214215304,5.784756756898109e-05
0.1168,89.98575046797758,90.0,0.0006193433619736652,0.39705723458596154,0.0009283325633304823,3.235815311572472e-05,11.999999989153132,0.0006883084017081037,0.015758731784931028,9.039056248030928e-07,9.039056248030928e-07,0.0004128955746491101,5.735903352752247e-05
0.117,89.98575104683485,90.0,0.00516920222426422,0.39068826842991056,0.000913992734208686,3.235683863385127e-05,11.99999998941087,0.0006824955447815277,0.01551530875971535,8.824274261466396e-07,8.824274261466396e-07,0.003446134816176147,5.687462878198171e-05
0.11720000000000001,89.98575252836602,90.0,0.009646084682180325,0.38439598914555356,0.0008998233683263777,3.235347434009751e-05,11.99999998966307,0.0006767318202538991,0.015274779400602092,8.614107730542131e-07,8.614107730542131e-07,0.0064307231214535505,5.639431840307026e-05
0.1174,89.98575489806369,90.0,0.014050869402432666,0.3781795750061216,0.0008858226507954321,3.234809317821807e-05,11.999999989909846,0.0006710168125216759,0.015037112899305176,8.408462979753837e-07,8.408462979753837e-07,0.009367246268288444,5.5918067757158156e-05
0.11760000000000001,89.98575814159526,90.0,0.01838442563662082,0.3720382125493924,0.0008719887849111936,3.2340727695020424e-05,11.999999990151302,0.000665350109498703,0.014802278756208535,8.207248166130621e-07,8.207248166130621e-07,0.012256283757747214,5.544584250373103e-05
0.1178,89.985762244801,90.0,0.02264761331592574,0.36597109649840975,0.0008583199919785729,3.233141004466943e-05,11.999999990387552,0.0006597313025874837,0.014570246777414048,8.010373244320321e-07,8.010373244320321e-07,0.015098408877283828,5.497760859299609e-05
0.11800000000000001,89.98576719369228,90.0,0.026841283144893157,0.3599774296820518,0.000844814511137681,3.2320171992876385e-05,11.9999999906187,0.000654159986649151,0.014340987071781622,7.817749932288649e-07,7.817749932288649e-07,0.017894188763262105,5.4513332263379745e-05
0.1182,89.9857729744497,90.0,0.030966276694307664,0.35405642295686873,0.0008314705991923213,3.23070449210881e-05,11.999999990844849,0.0006486357599745934,0.0141144700480178,7.629291677682829e-07,7.629291677682829e-07,0.02064418446287178,5.4052980039121387e-05
0.1184,89.98577957342127,90.0,0.035023426493170605,0.3482072951283951,0.0008182865304371455,3.229205983053141e-05,11.999999991066105,0.0006431582242536419,0.013890666411741668,7.444913624772239e-07,7.444913624772239e-07,0.02334895099544707,5.359651872770563e-05
0.11860000000000001,89.98578697712057,90.0,0.03901355611977673,0.34242927287549746,0.0008052605964917951,3.2275247346402256e-05,11.99999999128256,0.0006377269845484829,0.013669547162669363,7.264532582104347e-07,7.264532582104347e-07,0.026009037413184482,5.314391541764681e-05
0.1188,89.98579517222507,90.0,0.042937480291923895,0.33672159067380053,0.000792391106132786,3.225663772188143e-05,11.99999999149432,0.000632341649264479,0.013451083591760256,7.088066990697446e-07,7.088066990697446e-07,0.0286249868612826,5.269513747605725e-05
0.11900000000000001,89.98580414557425,90.0,0.04679600495624565,0.3310834907196275,0.0007796763851264873,3.2236260842092366e-05,11.999999991701475,0.0006270018301208759,0.013235247278381731,6.915436892822065e-07,6.915436892822065e-07,0.0311973366374971,5.2250152546206254e-05
0.1192,89.98581388416797,90.0,0.05058992737667207,0.32551422285586806,0.0007671147760665028,3.2214146228116963e-05,11.999999991904122,0.0006217071421238474,0.01302201008754866,6.746563901416437e-07,6.746563901416437e-07,0.03372661825111471,5.180892854527385e-05
0.1194,89.98582437516463,90.0,0.054320036222041373,0.32001304449761125,0.0007547046382103983,3.2190323040895644e-05,11.999999992102355,0.0006164572035381591,0.012811344167151824,6.581371170037544e-07,6.581371170037544e-07,0.03621335748136092,5.1371433661989375e-05
0.11960000000000001,89.98583560587952,90.0,0.057987111652859503,0.31457922055896803,0.0007424443473191104,3.216482008512753e-05,11.99999999229626,0.0006112516358599183,0.012603221945231814,6.419783363395168e-07,6.419783363395168e-07,0.038658074435239664,5.0937636354360716e-05
0.1198,89.98584756378315,90.0,0.061591925407221165,0.3092120233799982,0.0007303322954964941,3.2137665813083873e-05,11.999999992485929,0.0006060900637885379,0.012397616127255302,6.261726628415899e-07,6.261726628415899e-07,0.041061283604814106,5.050750534733791e-05
0.12000000000000001,89.98586023649953,90.0,0.06513524088589366,0.30391073265516244,0.0007183668910323381,3.210888832845047e-05,11.999999992671444,0.0006009721152003878,0.012194499693450185,6.107128565882401e-07,6.107128565882401e-07,0.04342349392392911,5.008100963061744e-05
0.1202,89.98587361180454,90.0,0.06861781323658106,0.2986746353614975,0.000706546558244631,3.2078515390054385e-05,11.9999999928529,0.0005958974211210213,0.011993845896127998,5.955918202568644e-07,5.955918202568644e-07,0.04574520882438737,4.965811845632774e-05
0.12040000000000001,89.9858876776242,90.0,0.07204038943736521,0.2935030256886506,0.0006948697373260771,3.20465744156486e-05,11.999999993030368,0.0005908656156996817,0.01179562825707847,5.808025963942678e-07,5.808025963942678e-07,0.0480269262915768,4.923880133690483e-05
0.1206,89.98590242203323,90.0,0.0754037083793454,0.288395204967902,0.0006833348841881482,3.201309248552321e-05,11.99999999320394,0.0005858763361811361,0.01159982056492227,5.663383647320106e-07,5.663383647320106e-07,0.0502691389195636,4.882302804274503e-05
0.1208,89.98591783325325,90.0,0.07870850094846446,0.28335048160409937,0.0006719404703118445,3.197809634626109e-05,11.999999993373692,0.0005809292228816186,0.011406396872577608,5.521924395604027e-07,5.521924395604027e-07,0.05247233396564298,4.8410768600200275e-05
0.12100000000000001,89.98593389965127,90.0,0.08195549010655533,0.2783681710061937,0.0006606849825950932,3.194161241429143e-05,11.999999993539701,0.0005760239191614588,0.011215331494669793,5.383582671443826e-07,5.383582671443826e-07,0.05463699340437021,4.800199328929717e-05
0.1212,89.98595060973815,90.0,0.08514539097159139,0.27344759551888737,0.0006495669232026492,3.190366677944311e-05,11.999999993702048,0.0005711600713987227,0.011026599004983243,5.24829423189722e-07,5.24829423189722e-07,0.05676359398106092,4.759667264154036e-05
0.12140000000000001,89.98596795216693,90.0,0.08827891089715419,0.2685880843564402,0.0006385848094209478,3.186428520858487e-05,11.999999993860804,0.0005663373289656944,0.01084017423399757,5.115996103621448e-07,5.115996103621448e-07,0.058852607264769465,4.71947774379527e-05
0.1216,89.98598591573143,90.0,0.09135674955114184,0.263788973534694,0.0006277371735086992,3.182349314903433e-05,11.999999994016047,0.0005615553442014003,0.010656032266351376,4.98662655844679e-07,4.98662655844679e-07,0.060904499700761235,4.679627870678559e-05
0.1218,89.98600448936459,90.0,0.09437959899369966,0.25904960580524844,0.0006170225625524204,3.178131573205361e-05,11.999999994167851,0.0005568137723869695,0.010474148438389853,4.860125089462864e-07,4.860125089462864e-07,0.06291973266246643,4.640114772146565e-05
0.12200000000000001,89.98602366213701,90.0,0.09734814375439578,0.25436933059104694,0.0006064395383251704,3.173777777637398e-05,11.99999999431628,0.0005521122717225683,0.010294498335766783,4.736432387580378e-07,4.736432387580378e-07,0.06489876250293052,4.600935599867271e-05
0.1222,89.98604342325547,90.0,0.10026306090865918,0.24974750392015,0.00059598667714096,3.169290379148922e-05,11.999999994461412,0.0005474505033003508,0.010117057790973088,4.6154903184527353e-07,4.6154903184527353e-07,0.06684204060577278,4.5620875296085504e-05
0.12240000000000001,89.98606376206145,90.0,0.10312502015345872,0.24518348836163376,0.0005856625697140377,3.164671798103583e-05,11.99999999460331,0.0005428281310802209,0.009941802880948172,4.497241899883394e-07,4.497241899883394e-07,0.06875001343563915,4.523567761036198e-05
0.1226,89.98608466802956,90.0,0.10593468388224778,0.2406766529632252,0.0005754658210221473,3.159924424623085e-05,11.999999994742042,0.000538244821867757,0.009768709924758675,4.381631279694472e-07,4.381631279694472e-07,0.07062312258816518,4.485373517529967e-05
0.1228,89.98610613076625,90.0,0.10869270725919446,0.2362263731863816,0.0005653950501637235,3.1550506189020896e-05,11.999999994877676,0.0005337002452868943,0.00959775548117432,4.2686037139107386e-07,4.2686037139107386e-07,0.07246180483946298,4.447502045955915e-05
0.12300000000000001,89.98612814000825,90.0,0.11139973829266764,0.2318320308452515,0.0005554488902240732,3.150052711546228e-05,11.999999995010274,0.0005291940737584746,0.009428916346396305,4.158105545460094e-07,4.158105545460094e-07,0.07426649219511176,4.4099506164876586e-05
0.1232,89.98615068562118,90.0,0.1140564179080242,0.22749301404447952,0.0005456259881387683,3.1449330038927784e-05,11.999999995139898,0.0005247259824759922,0.009262169551738352,4.0500841832195916e-07,4.0500841832195916e-07,0.0760376119386828,4.372716522404256e-05
0.12340000000000001,89.98617375759815,90.0,0.11666338001968302,0.2232087171176522,0.0005359250045584512,3.139693768328454e-05,11.999999995266613,0.0005202956493816336,0.009097492361331734,3.944488081458854e-07,3.944488081458854e-07,0.07777558667978868,4.3357970798905306e-05
0.1236,89.98619734605838,90.0,0.11922125160249415,0.21897854056672741,0.0005263446137158547,3.134337248607191e-05,11.99999999539048,0.0005159027551432105,0.008934862269867904,3.841266719683842e-07,3.841266719683842e-07,0.07948083440166277,4.299189627844854e-05
0.12380000000000001,89.98622144124572,90.0,0.12173065276241385,0.21480189100207822,0.0005168835032941749,3.1288656601650535e-05,11.999999995511555,0.000511546983131363,0.008774257000364081,3.7403705828619443e-07,3.7403705828619443e-07,0.08115376850827591,4.262891527689171e-05
0.124,89.98624603352748,90.0,0.12419219680649261,0.21067818108242958,0.0005075403742951098,3.123281190426461e-05,11.9999999956299,0.000507228019395788,0.008615654501923161,3.64175114200031e-07,3.64175114200031e-07,0.08279479787099507,4.226900163170899e-05
0.1242,89.98627111339286,90.0,0.12660649031217527,0.2066068294568221,0.0004983139409115541,3.117585999119091e-05,11.999999995745567,0.00050294555264419,0.008459032947572678,3.545360835133919e-07,3.545360835133919e-07,0.08440432687478353,4.19121294018752e-05
0.12440000000000001,89.98629667145175,90.0,0.12897413319593565,0.20258726070501762,0.0004892029303965705,3.1117822185685535e-05,11.999999995858616,0.0004986992742177705,0.00830437073204055,3.4511530486109774e-07,3.4511530486109774e-07,0.0859827554639571,4.155827286582327e-05
0.1246,89.98632269843338,90.0,0.13129571878122898,0.1986189052806333,0.0004802060829386589,3.1058719540075166e-05,11.999999995969102,0.00049448887807066,0.008151646469637728,3.3590820987948565e-07,3.3590820987948565e-07,0.08753047918748598,4.120740651973024e-05
0.12480000000000001,89.98634918518496,90.0,0.13357183386579233,0.1947011994530556,0.000471322151534091,3.099857283867493e-05,11.999999996077076,0.0004903140607464898,0.008000838992091051,3.2691032140612176e-07,3.2691032140612176e-07,0.08904788924386155,4.085950507556488e-05
0.125,89.98637612267042,90.0,0.1358030587882797,0.1908335852513479,0.0004625499018638293,3.093740260079292e-05,11.999999996182593,0.00048617452135765325,0.007851927346453893,3.181172517176394e-07,3.181172517176394e-07,0.09053537252551978,4.0514543459359477e-05
0.1252,89.98640350196915,90.0,0.13798996749425452,0.18701551040727937,0.00045388811216831186,3.0875229083590346e-05,11.999999996285704,0.00048206996156230917,0.007704890792980603,3.0952470079696794e-07,3.0952470079696794e-07,0.09199331166283635,4.017249680929348e-05
0.1254,89.98643131427464,90.0,0.14013312760152916,0.18324642830033214,0.00044533557312678257,3.081207228502826e-05,11.999999996386459,0.0004780000855440609,0.0075597088030781,3.011284546373052e-07,3.011284546373052e-07,0.0934220850676861,3.983334047400003e-05
0.12560000000000002,89.98645955089331,90.0,0.14223310046487456,0.1795257979021653,0.0004368910877352774,3.07479519466988e-05,11.999999996484906,0.0004739645999899748,0.007416361057234647,2.929243835752586e-07,2.929243835752586e-07,0.09482206697658305,3.949705001073422e-05
0.1258,89.98648820324324,90.0,0.14429044124009344,0.1758530837216139,0.00042855347118578297,3.068288755662748e-05,11.9999999965811,0.0004699632140687933,0.007274827442968539,2.849084406556191e-07,2.849084406556191e-07,0.09619362749339562,3.916360118355748e-05
0.126,89.98651726285291,90.0,0.14630569894746334,0.1722277557509219,0.00042032155074820407,3.0616898352104416e-05,11.99999999667508,0.00046599563941056397,0.007135088052824453,2.770766600289887e-07,2.770766600289887e-07,0.09753713263164222,3.883296996164004e-05
0.1262,89.98654672136003,90.0,0.14827941653456378,0.16864928941212512,0.0004121941656526083,3.055000332245777e-05,11.999999996766899,0.0004620615900858216,0.0069971231823745235,2.694251553787846e-07,2.694251553787846e-07,0.09885294435637584,3.850513251752605e-05
0.1264,89.98657657051022,90.0,0.15021213093848873,0.16511716550429234,0.00040417016697340106,3.0482221211827157e-05,11.999999996856598,0.0004581607825855517,0.0068609133282521795,2.6195011837892293e-07,2.6195011837892293e-07,0.10014142062565914,3.8180065225463916e-05
0.12660000000000002,89.98660680215599,90.0,0.1521043731474549,0.1616308701498334,0.00039624841751124783,3.0413570521792622e-05,11.999999996944226,0.0004542929357988448,0.006726439186147726,2.546478171771324e-07,2.546478171771324e-07,0.10140291543163661,3.7857744659544124e-05
0.1268,89.9866374082554,90.0,0.15395666826179485,0.15818989474344317,0.00038842779168108327,3.0344069514148093e-05,11.999999997029825,0.0004504577709944118,0.006593681648907278,2.4751459491239103e-07,2.4751459491239103e-07,0.10263777884119656,3.753814759215889e-05
0.127,89.98666838087095,90.0,0.1557695355543651,0.1547937359000851,0.0003807071753978053,3.027373621353035e-05,11.999999997113438,0.000446655011799764,0.0064626218045923745,2.4054686825683107e-07,2.4054686825683107e-07,0.1038463570362434,3.722125099226712e-05
0.1272,89.98669971216843,90.0,0.15754348853035796,0.15144189540345313,0.0003730854659630147,3.0202588410019124e-05,11.999999997195108,0.00044288438418053824,0.006333240934557349,2.3374112598533554e-07,2.3374112598533554e-07,0.10502899235357196,3.690703202367154e-05
0.1274,89.98673139441577,90.0,0.1592790349865232,0.1481338801563223,0.00036556157195609883,3.013064366182383e-05,11.999999997274873,0.0004391456164224161,0.006205520511600443,2.2709392757563195e-07,2.2709392757563195e-07,0.10618602332434882,3.659546804351195e-05
0.12760000000000002,89.98676341998187,90.0,0.1609766770698209,0.1448692021292079,0.0003581344131212928,3.005791929776813e-05,11.999999997352777,0.0004354384391094619,0.006079442198046637,2.2060190182980053e-07,2.2060190182980053e-07,0.10731778471321395,3.628653660046004e-05
0.1278,89.9867957813355,90.0,0.16263691133548575,0.14164737831162152,0.0003508029202607406,2.99844324199189e-05,11.999999997428858,0.00043176258510628333,0.005954987843932325,2.1426174552696756e-07,2.1426174552696756e-07,0.1084246075569905,3.5980215433232795e-05
0.128,89.98682847104425,90.0,0.16426022880453295,0.138467930661976,0.00034356603512432945,2.991019990604187e-05,11.999999997503156,0.00042811778953721143,0.005832139485135223,2.080702220973584e-07,2.080702220973584e-07,0.10950681920302198,3.5676482468857504e-05
0.1282,89.98686148177326,90.0,0.16584711502069033,0.1353303860600677,0.00033642271030548095,2.9835238412201725e-05,11.99999999757571,0.00042450378976928633,0.005710879341605387,2.0202416032636487e-07,2.0202416032636487e-07,0.11056474334712688,3.5375315821253866e-05
0.12840000000000001,89.98689480628434,90.0,0.1673980501067859,0.1322342762574767,0.0003293719091320082,2.9759564375131055e-05,11.999999997646555,0.00042092032539101353,0.0055911898155124855,1.9612045307749958e-07,1.9612045307749958e-07,0.11159870007119062,3.507669378946372e-05
0.12860000000000002,89.9869284374347,90.0,0.16891350882056722,0.12917913783053703,0.0003224126055629133,2.9683194014743802e-05,11.999999997715726,0.00041736713819491794,0.005473053489493899,1.903560560443836e-07,1.903560560443836e-07,0.11260900588037814,3.4780594856197194e-05
0.1288,89.98696236817605,90.0,0.1703939606099815,0.12616451213263838,0.0003155437840835562,2.9606143336533107e-05,11.999999997783263,0.0004138439721583238,0.005356453124875183,1.8472798652397542e-07,1.8472798652397542e-07,0.11359597373998766,3.4486997686231036e-05
0.129,89.98699659155339,90.0,0.17183986966790984,0.12318994524764576,0.0003087644396033713,2.9528428133998054e-05,11.999999997849201,0.00041035057342544333,0.0052413716599337724,1.7923332221459885e-07,1.7923332221459885e-07,0.1145599131119399,3.4195881124915984e-05
0.1292,89.9870311007041,90.0,0.17325169498636722,0.12025498794299884,0.00030207357735277104,2.9450063990983774e-05,11.99999999791357,0.00040688669028829866,0.005127792208148891,1.7386920003521626e-07,1.7386920003521626e-07,0.11550112999091147,3.3907224196586974e-05
0.12940000000000002,89.9870658888568,90.0,0.17462989041016555,0.11735919562391645,0.00029547021278256765,2.9371066284050396e-05,11.999999997976406,0.00040345207316894204,0.005015698056494204,1.6863281496860535e-07,1.6863281496860535e-07,0.11641992694011036,3.362100610308144e-05
0.1296,89.98710094933041,90.0,0.17597490469005156,0.11450212828762392,0.0002889533714633852,2.9291450184784238e-05,11.999999998037744,0.0004000464746011132,0.004905072663730305,1.635214189257059e-07,1.635214189257059e-07,0.11731660312670104,3.333720622221078e-05
0.1298,89.98713627553306,90.0,0.17728718153532066,0.11168335047831178,0.0002825220889867185,2.9211230662109027e-05,11.999999998097612,0.00039666964921256326,0.00479589965872516,1.5853231963222923e-07,1.5853231963222923e-07,0.11819145435688044,3.305580410628735e-05
0.13,89.98717186096113,90.0,0.17856715966591458,0.10890243124281578,0.0002761754108676148,2.913042248459705e-05,11.999999998156046,0.0003933213537080343,0.004688162838802103,1.5366287953705764e-07,1.5366287953705764e-07,0.11904477311060972,3.2776779480706095e-05
0.1302,89.98720769919825,90.0,0.17981527286401092,0.10615894408558445,0.00026991239244563,2.9049040222664825e-05,11.999999998213074,0.0003900013468504244,0.004581846168058535,1.4891051473919807e-07,1.4891051473919807e-07,0.11987684857600728,3.250011224237498e-05
0.13040000000000002,89.98724378391435,90.0,0.1810319500250974,0.10345246692507755,0.00026373209878906637,2.8967098250826477e-05,11.999999998268727,0.00038670938944383867,0.004476933775740324,1.4427269393723463e-07,1.4427269393723463e-07,0.12068796668339826,3.222578245830253e-05
0.1306,89.98728010886464,90.0,0.18221761520854593,0.10078258205015182,0.0002576336045991212,2.8884610749889397e-05,11.999999998323037,0.00038344524431604526,0.004373409954614712,1.397469373979844e-07,1.397469373979844e-07,0.12147841013903063,3.1953770364135876e-05
0.1308,89.9873166678886,90.0,0.18337268768768725,0.09814887607785477,0.0002516159941172662,2.8801591709207643e-05,11.99999999837603,0.00038020867630279685,0.004271259159398038,1.3533081594672483e-07,1.3533081594672483e-07,0.12224845845845816,3.1684056362854234e-05
0.131,89.98735345490921,90.0,0.18449758199940175,0.09555093990940702,0.0002456783610283339,2.8718054928733127e-05,11.999999998427736,0.0003769994522284607,0.004170466005110607,1.3102194997250973e-07,1.3102194997250973e-07,0.12299838799960117,3.141662102315466e-05
0.1312,89.98739046393177,90.0,0.1855927079932064,0.09298836868937538,0.0002398198083710025,2.863401402126901e-05,11.999999998478184,0.00037381734089159656,0.004071015265557141,1.2681800845772175e-07,1.2681800845772175e-07,0.12372847199547092,3.115144507825028e-05
0.13140000000000002,89.98742768904317,90.0,0.18665847087987342,0.09046076176265717,0.0002340394484431069,2.8549482414492018e-05,11.9999999985274,0.00037066211304620674,0.003972891871719408,1.2271670802136063e-07,1.2271670802136063e-07,0.12443898058658227,3.0888509424307764e-05
0.1316,89.98746512441083,90.0,0.18769527127955637,0.08796772263392894,0.00022833640271265241,2.8464473353119187e-05,11.999999998575412,0.00036753354138669054,0.0038760809102456432,1.1871581198442078e-07,1.1871581198442078e-07,0.1251301808530376,3.0627795119193546e-05
0.1318,89.98750276428188,90.0,0.18870350526945176,0.08550885892596755,0.00022270980172613486,2.8378999900930116e-05,11.999999998622243,0.0003644314005303112,0.003780567621894265,1.1481312945038829e-07,1.1481312945038829e-07,0.12580233684630118,3.0369283381012724e-05
0.132,89.98754060298218,90.0,0.18968356443098236,0.08308378233934882,0.0002171587850200246,2.8293074942847082e-05,11.99999999866792,0.0003613554670015023,0.0036863374000312824,1.1100651440510646e-07,1.1100651440510646e-07,0.1264557096206549,3.0112955586801263e-05
0.1322,89.9875786349155,90.0,0.1906358358965198,0.08069210861208004,0.0002116825010320394,2.8206711186957318e-05,11.999999998712473,0.0003583055192155299,0.003593375789124126,1.0729386483306484e-07,1.0729386483306484e-07,0.12709055726434654,2.985879327116449e-05
0.13240000000000002,89.98761685456255,90.0,0.19156070239564407,0.07833345747987819,0.00020628010701387146,2.8119921166535306e-05,11.999999998755921,0.0003552813374627426,0.003501668483260164,1.0367312185106515e-07,1.0367312185106515e-07,0.1277071349304294,2.9606778124964643e-05
0.1326,89.9876552564802,90.0,0.19245854230094786,0.07600745263637365,0.00020095076894368494,2.8032717242007277e-05,11.999999998798293,0.00035228270389217023,0.0034112013246613187,1.0014226885771533e-07,1.0014226885771533e-07,0.1283056948672986,2.9356891993954053e-05
0.1328,89.98769383530052,90.0,0.19332972967338502,0.07371372169466062,0.00019569366144170692,2.7945111602973527e-05,11.999999998839609,0.0003493094024969327,0.003321960302251198,9.669933070084209e-08,9.669933070084209e-08,0.12888648644892334,2.910911687755922e-05
0.133,89.98773258572999,90.0,0.1941746343071788,0.07145189614733088,0.00019050796768221945,2.785711627005735e-05,11.999999998879892,0.0003463612190965172,0.003233931550161133,9.334237285775444e-08,9.334237285775444e-08,0.12944975620478588,2.8863434927403948e-05
0.1332,89.98777150254863,90.0,0.1949936217742716,0.06922161132927923,0.00018539287931197576,2.776874309692735e-05,11.999999998919165,0.0003434379413233293,0.003147101346345268,9.006950063517058e-08,9.006950063517058e-08,0.1299957478495144,2.861982844618855e-05
0.13340000000000002,89.98781058060914,90.0,0.19578705346834888,0.06702250637932705,0.00018034759636580247,2.768000377217526e-05,11.999999998957453,0.00034053935860671,0.003061456111147882,8.687885838195563e-08,8.687885838195563e-08,0.1305247023122326,2.837827988635797e-05
0.1336,89.98784981483608,90.0,0.19655528664842356,0.06485422420245979,0.00017537132718358314,2.7590909821193806e-05,11.999999998994777,0.0003376652621575109,0.0029769824058941585,8.376862871739621e-08,8.376862871739621e-08,0.1310368577656157,2.8138771848816385e-05
0.1338,89.98788920022508,90.0,0.19729867448198732,0.06271641143266887,0.00017046328832860335,2.750147260805454e-05,11.999999999031155,0.00033481544495322067,0.0028936669315040697,8.073703177468145e-08,8.073703177468145e-08,0.1315324496546582,2.7901287081687723e-05
0.134,89.98792873184199,90.0,0.1980175660877365,0.060608718396032664,0.0001656227045064027,2.74117033373568e-05,11.999999999066613,0.00033198970172301654,0.002811496527114861,7.778232445873004e-08,7.778232445873004e-08,0.13201171072515766,2.7665808479069953e-05
0.1342,89.98796840482206,90.0,0.19871230657787467,0.058530799074032636,0.00016084880848412581,2.7321613056047762e-05,11.999999999101167,0.00032918782893273917,0.0027304581687120125,7.490279971810795e-08,7.490279971810795e-08,0.13247487105191644,2.743231907978302e-05
0.13440000000000002,89.98800821436919,90.0,0.19938323709999525,0.05648231106710161,0.00015614084101036495,2.7231212655213623e-05,11.99999999913484,0.0003264096247697863,0.002650538967768541,7.209678583078346e-08,7.209678583078346e-08,0.1329221580666635,2.7200802066109947e-05
0.1346,89.98804815575511,90.0,0.2000306948785463,0.05446291555946476,0.00015149805073797452,2.714051287192856e-05,11.999999999167649,0.0003236548891297677,0.0025717261699347528,6.936264570500738e-08,6.936264570500738e-08,0.13335379658569754,2.697124076268477e-05
0.1348,89.98808822431862,90.0,0.2006550132558925,0.05247227728276771,0.0001469196941440014,2.7049524290959214e-05,11.999999999199614,0.0003209234236005965,0.002494007153679036,6.669877619137001e-08,6.669877619137001e-08,0.13377000883726167,2.674361863516681e-05
0.135,89.98812841546477,90.0,0.20125652173296024,0.05051006448170713,0.00014240503545424608,2.6958257346584762e-05,11.999999999230756,0.0003182150314495713,0.002417369429007264,6.410360741050751e-08,6.410360741050751e-08,0.13417101448864016,2.651791928916417e-05
0.13520000000000001,89.98816872466415,90.0,0.20183554600948925,0.048575948878790035,0.00013795334656573982,2.6866722324301443e-05,11.999999999261092,0.0003155295176084977,0.002341800636146818,6.157560209201477e-08,6.157560209201477e-08,0.13455703067299285,2.6294126468993887e-05
0.13540000000000002,89.98820914745214,90.0,0.2023924080238801,0.04666960563930185,0.0001335639069696606,2.6774929362498134e-05,11.99999999929064,0.00031286668865870837,0.0022672885442380658,5.911325492595996e-08,5.911325492595996e-08,0.13492827201592006,2.607222405643358e-05
0.1356,89.98824967942808,90.0,0.2029274259926405,0.04479071333825568,0.00012923600367883243,2.668288845424755e-05,11.999999999319419,0.00031022635281905406,0.0021938210501036373,5.671509192915982e-08,5.671509192915982e-08,0.13528495066176033,2.5852196069720714e-05
0.1358,89.98829031625463,90.0,0.20344091444945306,0.042938953925383605,0.00012496893115060162,2.6590609448895174e-05,11.999999999347445,0.00030760831993006943,0.0021213861769392253,5.4379669820552816e-08,5.4379669820552816e-08,0.1356272762996354,2.563402666223309e-05
0.136,89.98833105365698,90.0,0.20393318428384163,0.041114012692464404,0.00012076199121512667,2.6498102053792662e-05,11.999999999374733,0.00030501240144172547,0.002049972073096286,5.210557541134587e-08,5.210557541134587e-08,0.13595545618922775,2.5417700121468193e-05
0.13620000000000002,89.98837188742213,90.0,0.20440454277946346,0.03931557823939757,0.00011661449300069186,2.6405375835886788e-05,11.999999999401304,0.0003024384103985812,0.001979567010814214,4.989142500483264e-08,4.989142500483264e-08,0.136269695186309,2.5203200867805854e-05
0.1364,89.98841281339818,90.0,0.20485529365201272,0.03754334244188579,0.0001125257528627344,2.631244022339503e-05,11.999999999427171,0.00029988616142727554,0.0019101593850155533,4.7735863809495336e-08,4.7735863809495336e-08,0.13657019576800847,2.49905134534659e-05
0.1366,89.98845382749364,90.0,0.20528573708675332,0.03579700041892425,0.0001084950943123751,2.621930450742345e-05,11.99999999945235,0.00029735547072325965,0.0018417377120927873,4.563756536276029e-08,4.563756536276029e-08,0.13685715805783555,2.477962256140252e-05
0.1368,89.98849492567669,90.0,0.20569616977568,0.03407625049938845,0.00010452184794279639,2.6125977843468938e-05,11.999999999476856,0.0002948461560355416,0.001774290628658581,4.359523096438948e-08,4.359523096438948e-08,0.13713077985045333,2.457051300403296e-05
0.137,89.98853610397448,90.0,0.2060868849542959,0.03238079419199896,0.00010060535136346911,2.6032469253152595e-05,11.999999999500709,0.0002923580366568397,0.0017078068904292597,4.160758912464127e-08,4.160758912464127e-08,0.13739125663619725,2.4363169722417002e-05
0.13720000000000002,89.98857735847251,90.0,0.20645817243804626,0.030710336151858808,9.674494912632486e-05,2.5938787625635375e-05,11.999999999523919,0.0002898909334074061,0.0016422753709715641,3.9673395018485724e-08,3.9673395018485724e-08,0.13763878162536416,2.4157577784908923e-05
0.1374,89.9886186853139,90.0,0.20681031865836882,0.029064584150012784,9.293999265894677e-05,2.5844941719235895e-05,11.999999999546503,0.0002874446686236441,0.001577685060568541,3.7791429953728035e-08,3.7791429953728035e-08,0.13787354577224586,2.3953722386208922e-05
0.1376,89.98866008069868,90.0,0.2071436066983952,0.02744324904207324,8.918984019553581e-05,2.5750940162932704e-05,11.999999999568473,0.0002850190661447087,0.001514025065047676,3.596050084792403e-08,3.596050084792403e-08,0.13809573779893014,2.3751588846246513e-05
0.1378,89.98870154088321,90.0,0.2074583163282931,0.025846044738057412,8.54938567106661e-05,2.5656791457924348e-05,11.999999999589846,0.00028261395130079316,0.0014512846046563692,3.4179439716497066e-08,3.4179439716497066e-08,0.13830554421886207,2.3551162609204397e-05
0.138,89.98874306217945,90.0,0.20775472404026238,0.02427268817128719,8.18514138508064e-05,2.5562503979073877e-05,11.999999999610635,0.000280229150899396,0.0013894530128994913,3.244710316933881e-08,3.244710316933881e-08,0.13850314936017494,2.3352429242374053e-05
0.13820000000000002,89.98878464095435,90.0,0.20803310308317577,0.02272289926849624,7.826188986862123e-05,2.546808597641109e-05,11.999999999630852,0.00027786449321327015,0.001328519735424126,3.076237191823403e-08,3.076237191823403e-08,0.13868873538878385,2.3155374435151492e-05
0.1384,89.98882627362916,90.0,0.20829372349687594,0.02119640092006037,7.472466955751883e-05,2.5373545576605942e-05,11.999999999650509,0.00027551980796819225,0.0012684743289084986,2.9124150293635808e-08,2.9124150293635808e-08,0.13886248233125065,2.2959983998018048e-05
0.1386,89.98886795667886,90.0,0.20853685214613227,0.019692918949993806,7.123914418561051e-05,2.5278890784384143e-05,11.999999999669622,0.0002731949263299364,0.0012093064599409194,2.7531365770247615e-08,2.7531365770247615e-08,0.13902456809742153,2.276624386145482e-05
0.1388,89.98890968663147,90.0,0.2087627527542536,0.01821218208678016,6.780471143157984e-05,2.5184129483971645e-05,11.999999999688203,0.00027088968089229894,0.0011510059039311394,2.5982968502429985e-08,2.5982968502429985e-08,0.13917516850283573,2.257414007494479e-05
0.139,89.98895146006745,90.0,0.20897168593636664,0.016753921935025947,6.44207753224345e-05,2.5089269440568042e-05,11.999999999706265,0.00026860390566616404,0.0010935625440536723,2.447793086918608e-08,2.447793086918608e-08,0.1393144572909111,2.2383658806061576e-05
0.13920000000000002,89.98899327361904,90.0,0.2091639092323699,0.015317872946146113,6.108674616895588e-05,2.499431830170438e-05,11.999999999723816,0.0002663374360665211,0.0010369663701520289,2.3015247026654576e-08,2.3015247026654576e-08,0.13944260615491327,2.219478633938758e-05
0.1394,89.98903512396976,90.0,0.20933967713955146,0.01390377238951862,5.780204050220459e-05,2.4899283598600987e-05,11.999999999740872,0.0002640901088999094,0.0009812074776608805,2.159393246953858e-08,2.159393246953858e-08,0.13955978475970096,2.200750907546768e-05
0.1396,89.98907700785364,90.0,0.20949924114487628,0.012511360325166256,5.456608101355657e-05,2.4804172747611983e-05,11.999999999757444,0.000261861762354128,0.0009262760665881517,2.0213023602343818e-08,2.0213023602343818e-08,0.13966616076325086,2.1821813529951754e-05
0.1398,89.98911892205476,90.0,0.20964284975696085,0.011140379575099387,5.137829649157076e-05,2.4708993051525286e-05,11.999999999773541,0.00025965223598526873,0.0008721624404433308,1.887157731731277e-08,1.887157731731277e-08,0.13976189983797388,2.1637686332514065e-05
0.14,89.98916086340661,90.0,0.20977074853771888,0.009790575696537851,4.823812176321025e-05,2.4613751700978267e-05,11.999999999789175,0.000257461370707626,0.0008188570052396802,1.7568670582187808e-08,1.7568670582187808e-08,0.13984716569181257,2.145511422601244e-05
0.14020000000000002,89.98920282879148,90.0,0.20988318013370086,0.008461696953429963,4.514499763104534e-05,2.451845577569998e-05,11.99999999980436,0.00025528900878030674,0.0007663502684282389,1.630340003406306e-08,1.630340003406306e-08,0.1399221200891339,2.12740840653724e-05
0.1404,89.98924481513991,90.0,0.20998038430710667,0.0071534942898479606,4.209837081480391e-05,2.4423112245868988e-05,11.999999999819101,0.00025313499379671475,0.0007146328379056219,1.5074881582741273e-08,1.5074881582741273e-08,0.13998692287140443,2.1094582816710896e-05
0.1406,89.9892868194301,90.0,0.21006259796649393,0.005865721303809193,3.90976938938803e-05,2.4327727973471213e-05,11.999999999833413,0.0002509991706744242,0.0006636954210380915,1.388225002194053e-08,1.388225002194053e-08,0.14004173197766262,2.0916597556492387e-05
0.1408,89.98932883868738,90.0,0.21013005519718586,0.004598134219384655,3.6142425245804045e-05,2.42323097134844e-05,11.999999999847304,0.00024888138564174164,0.000613528823617044,1.2724658646241719e-08,1.2724658646241719e-08,0.14008670346479057,2.0740115470409047e-05
0.14100000000000001,89.98937086998359,90.0,0.21018298729135995,0.003350491861385196,3.323202899069615e-05,2.4136864115235947e-05,11.999999999860783,0.000246781486228367,0.0005641239489161384,1.1601278877679592e-08,1.1601278877679592e-08,0.1401219915275733,2.05651238526025e-05
0.14120000000000002,89.98941291043654,90.0,0.2102216227778466,0.0021225556286760283,3.036597493248355e-05,2.4041397723616278e-05,11.999999999873864,0.0002446993212533457,0.0005154717966933936,1.0511299898120158e-08,1.0511299898120158e-08,0.14014774851856437,2.0391610104659818e-05
0.1414,89.9894549572095,90.0,0.21024618745162157,0.0009140894689846909,2.754373850356803e-05,2.39459169803789e-05,11.999999999886553,0.000242634740815257,0.00046756346225192646,9.453928289937742e-09,9.453928289937742e-09,0.14016412496774772,2.0219561734795903e-05
0.1416,89.98949700751061,90.0,0.21025690440301065,-0.0002751401473100598,2.4764800707077897e-05,2.3850428225324873e-05,11.99999999989886,0.00024058759628030628,0.0004203901354596557,8.428387682586947e-09,8.428387682586947e-09,0.1401712696020071,2.004896635686117e-05
0.1418,89.98953905859237,90.0,0.21025399404659284,-0.0014453642522581642,2.2028648061727833e-05,2.375493769754509e-05,11.999999999910793,0.00023855774027203212,0.00037394309981328113,7.433918406869872e-09,7.433918406869872e-09,0.14016932936439522,1.9879811689483795e-05
0.14200000000000002,89.98958110775109,90.0,0.2102376741498172,-0.0025968114057287614,1.9334772545918e-05,2.3659451536604752e-05,11.999999999922363,0.00023654502666014607,0.0003282137314893488,6.4697771554896944e-09,6.4697771554896944e-09,0.14015844943321146,1.9712085555139704e-05
0.1422,89.98962315232639,90.0,0.2102081598613283,-0.003729707719328179,1.668267154524044e-05,2.356397578381452e-05,11.999999999933578,0.0002345493105515888,0.00028319349845315565,5.535236651270646e-09,5.535236651270646e-09,0.14013877324088553,1.9545775879407255e-05
0.1424,89.98966518970064,90.0,0.2101656637390177,-0.0048442768824218385,1.4071847795033767e-05,2.3468516383299455e-05,11.999999999944446,0.0002325704482776288,0.00023887395948359792,4.629585319934142e-09,4.629585319934142e-09,0.14011044249267846,1.9380870689892124e-05
0.1426,89.98970721729849,90.0,0.2101103957777773,-0.005940740185253479,1.1501809329687809e-05,2.337307918327017e-05,11.999999999954975,0.0002306082973856456,0.0001952467633126017,3.752126971478846e-09,3.752126971478846e-09,0.14007359718518486,1.9217358115542574e-05
0.1428,89.98974923258629,90.0,0.21004256343698777,-0.007019316543826148,8.972069427797551e-06,2.3277669937120638e-05,11.999999999965173,0.0002286627166275587,0.00015230364769409425,2.902180486176607e-09,2.902180486176607e-09,0.1400283756246585,1.9055226385685195e-05
0.14300000000000002,89.98979123307168,90.0,0.20996237166772194,-0.008080222523318747,6.482146560706211e-06,2.318229430461268e-05,11.999999999975051,0.0002267335659504655,0.00011003643853050667,2.0790795077135705e-09,2.0790795077135705e-09,0.13997491444514795,1.889446382924474e-05
0.1432,89.98983321630303,90.0,0.20987002293968007,-0.00912367236219469,4.031564339397922e-06,2.3086957852973776e-05,11.999999999984613,0.00022482070648577324,6.843704897126102e-05,1.282172141628341e-09,1.282172141628341e-09,0.13991334862645338,1.8735058873838458e-05
0.1434,89.98987517986892,90.0,0.2097657172678482,-0.010149877995213274,1.619851463922225e-06,2.2991666058052683e-05,11.999999999993872,0.00022292400053991397,2.7497478554235303e-05,5.108206603394795e-10,5.108206603394795e-10,0.1398438115118988,1.8577000045002317e-05
0.1436,89.98991712139774,90.0,0.20964965223889384,-0.011159049077139549,-7.534583288461915e-07,2.2896424305388336e-05,12.000000000002828,0.0002210433115835484,-1.279018768103103e-05,-2.355987867324615e-10,-2.355987867324615e-10,0.1397664348259292,1.842027596529136e-05
0.1438,89.98995903855713,90.0,0.20952202303728945,-0.012151393005009115,-3.0888263141022618e-06,2.280123789136546e-05,12.000000000011493,0.00021917850424296031,-5.2433780023340865e-05,-9.576964564424381e-10,-9.576964564424381e-10,0.1396813486915263,1.8264875353562533e-05
0.14400000000000002,89.99000092905355,90.0,0.20938302247118046,-0.013127114942167395,-5.3867088321846365e-06,2.270611202419681e-05,12.000000000019874,0.00021732944428808507,-9.14410449907886e-05,-1.6560692910780798e-09,-1.6560692910780798e-09,0.13958868164745364,1.8110787023977094e-05
0.1442,89.99004279063175,90.0,0.2092328409979788,-0.014086417839083263,-7.647557334141906e-06,2.2611051825136556e-05,12.000000000027976,0.0002154959986258095,-0.00012981964610426076,-2.3313011898684693e-09,-2.3313011898684693e-09,0.1394885606653192,1.795799988544226e-05
0.1444,89.99008462107439,90.0,0.20907166674971708,-0.015029502457381883,-9.871818434853715e-06,2.2516062329404776e-05,12.000000000035808,0.0002136780352874225,-0.00016757716478918344,-2.983963277590209e-09,-2.983963277590209e-09,0.13938111116647806,1.7806502940565407e-05
0.1446,89.99012641820147,90.0,0.2088996855581279,-0.015956567390650933,-1.2059933958641867e-05,2.2421148487343014e-05,12.000000000043375,0.00021187542342133807,-0.0002047211011497848,-3.6146141657697044e-09,-3.6146141657697044e-09,0.13926645703875196,1.7656285285047686e-05
0.1448,89.99016817986998,90.0,0.20871708097948458,-0.01686780908740082,-1.4212340989945837e-05,2.2326315165367687e-05,12.000000000050687,0.0002100880332818147,-0.0002412588748293275,-4.223800210371903e-09,-4.223800210371903e-09,0.13914472065298972,1.7507336106743942e-05
0.14500000000000002,89.99020990397338,90.0,0.20852403431917885,-0.01776342187152619,-1.632947191818856e-05,2.2231567147096757e-05,12.000000000057746,0.00020831573622170043,-0.0002771978257717194,-4.812055762867708e-09,-4.812055762867708e-09,0.13901602287945258,1.7359644685058163e-05
0.1452,89.99025158844114,90.0,0.20832072465606422,-0.018643597964571604,-1.841175448688842e-05,2.2136909134303124e-05,12.00000000006456,0.00020655840468178442,-0.00031254521505520467,-5.379903417698415e-09,-5.379903417698415e-09,0.1388804831040428,1.7213200390056094e-05
0.1454,89.99029323123837,90.0,0.20810732886654396,-0.01950852750764087,-2.045961184196892e-05,2.204234574786797e-05,12.000000000071134,0.00020481591218047364,-0.0003473082257124354,-5.9278542547210515e-09,-5.9278542547210515e-09,0.13873821924436264,1.706799268160496e-05
0.1456,89.99033483036528,90.0,0.20788402164840825,-0.020358398580824163,-2.247346257429571e-05,2.1947881528907486e-05,12.000000000077478,0.00020308813330747967,-0.0003814939634525507,-6.456408075429181e-09,-6.456408075429181e-09,0.1385893477656055,1.692401110884737e-05
0.1458,89.99037638385687,90.0,0.207650975544449,-0.021193397225157395,-2.4453720768160537e-05,2.1853520939668443e-05,12.000000000083592,0.00020137494371286592,-0.0004151094574842067,-6.966053636248178e-09,-6.966053636248178e-09,0.13843398369629933,1.6781245309288596e-05
0.14600000000000002,89.99041788978239,90.0,0.20740836096582235,-0.02201370746351838,-2.6400796047309974e-05,2.1759268364481563e-05,12.000000000089486,0.00019967622009764652,-0.0004481616612969286,-7.457268876648759e-09,-7.457268876648759e-09,0.13827224064388158,1.6639685008013126e-05
0.1462,89.99045934624499,90.0,0.20715634621517248,-0.02281951132012378,-2.831509361773186e-05,2.166512811080156e-05,12.000000000095167,0.0001979918402065348,-0.0004806574533874236,-7.930521142034e-09,-7.930521142034e-09,0.138104230810115,1.6499320017080387e-05
0.1464,89.99050075138123,90.0,0.20689509750953164,-0.023610988841490536,-3.019701431389265e-05,2.157110441010272e-05,12.000000000100634,0.00019632168281789894,-0.0005126036380444741,-8.386267403218698e-09,-8.386267403218698e-09,0.13793006500635444,1.6360140234687712e-05
0.1466,89.99054210336078,90.0,0.20662477900298007,-0.024388318116350893,-3.204695464255717e-05,2.147720141883227e-05,12.0000000001059,0.00019466562773525446,-0.0005440069460927914,-8.824954471046452e-09,-8.824954471046452e-09,0.1377498526686534,1.622213564446138e-05
0.1468,89.99058340038586,90.0,0.2063455528090779,-0.025151675295249313,-3.386530682589256e-05,2.1383423219363748e-05,12.000000000110965,0.00019302355577904628,-0.0005748740356247195,-9.247019206692281e-09,-9.247019206692281e-09,0.1375637018727186,1.608529631477178e-05
0.14700000000000002,89.99062464069094,90.0,0.20605757902307212,-0.02590123461018051,-3.5652458844695336e-05,2.1289773820921473e-05,12.000000000115834,0.00019139534877810147,-0.0006052114927340258,-9.652888727935514e-09,-9.652888727935514e-09,0.13737171934871473,1.594961239802116e-05
0.1472,89.99066582254231,90.0,0.20576101574387914,-0.02663716839498026,-3.740879448340538e-05,2.119625716041836e-05,12.000000000120515,0.00018978088955952155,-0.0006350258322800296,-1.0042980611847435e-08,-1.0042980611847435e-08,0.13717401049591943,1.58150741298013e-05
0.1474,89.99070694423771,90.0,0.2054560190958333,-0.02735964710361255,-3.9134693370230435e-05,2.1102877103438164e-05,12.000000000125013,0.00018818006194194848,-0.0006643234985687265,-1.0417703092404378e-08,-1.0417703092404378e-08,0.1369706793972222,1.568167182833234e-05
0.1476,89.99074800410587,90.0,0.20514274325022572,-0.028068839329230266,-4.083053101910411e-05,2.100963744513108e-05,12.00000000012933,0.00018659275072725203,-0.000693110866065039,-1.0777455254719145e-08,-1.0777455254719145e-08,0.1367618288334838,1.5549395893770088e-05
0.14780000000000001,89.99078900050615,90.0,0.20482134044662526,-0.028764911823997152,-4.2496678873449996e-05,2.0916541911022662e-05,12.000000000133472,0.00018501884169064796,-0.0007213942401357253,-1.1122627225894373e-08,-1.1122627225894373e-08,0.13654756029775017,1.5418236807382504e-05
0.14800000000000002,89.99082993182823,90.0,0.204491961013972,-0.029448029516815966,-4.413350434507847e-05,2.082359415796716e-05,12.000000000137444,0.0001834582215741816,-0.0007491798577096654,-1.1453600361086618e-08,-1.1453600361086618e-08,0.13632797400931465,1.5288185131006692e-05
0.1482,89.9908707964916,90.0,0.2041547533914676,-0.030118355532549324,-4.57413708565974e-05,2.0730797774956484e-05,12.000000000141249,0.00018191077807739394,-0.0007764738879977954,-1.1770747426732966e-08,-1.1770747426732966e-08,0.1361031689276451,1.515923150627106e-05
0.1484,89.99091159294531,90.0,0.20380986414924568,-0.030776051210222803,-4.7320637881470464e-05,2.063815628398686e-05,12.000000000144894,0.0001803763998494974,-0.0008032824331731098,-1.207443277969671e-08,-1.207443277969671e-08,0.13587324276616378,1.5031366653943286e-05
0.1486,89.99095231966747,90.0,0.20345743800883326,-0.03142127612129175,-4.887166098424928e-05,2.0545673140896655e-05,12.000000000148379,0.0001788549764812023,-0.0008296115290536145,-1.2365012542965315e-08,-1.2365012542965315e-08,0.13563829200588884,1.4904581373249231e-05
0.14880000000000002,89.99099297516503,90.0,0.20309761786340347,-0.03205418808726107,-5.039479185931847e-05,2.0453351736233078e-05,12.000000000151715,0.00017734639849742396,-0.0008554671457600358,-1.2642834777624589e-08,-1.2642834777624589e-08,0.13539841190893565,1.4778866541265148e-05
0.149,89.99103355797327,90.0,0.20273054479782565,-0.03267494319773312,-5.18903783706659e-05,2.0361195396061087e-05,12.000000000154898,0.00017585055734901657,-0.0008808551883909335,-1.2908239651693265e-08,-1.2908239651693265e-08,0.13515369653188378,1.4654213112228887e-05
0.1492,89.99107406665554,90.0,0.2023563581085093,-0.03328369582816726,-5.335876459100359e-05,2.0269207382772307e-05,12.00000000015794,0.00017436734540476973,-0.0009057814976867894,-1.3161559605526944e-08,-1.3161559605526944e-08,0.1349042387390062,1.4530612116872899e-05
0.1494,89.99111449980288,90.0,0.20197519532304428,-0.03388059865735504,-5.480029084024882e-05,2.017739089589395e-05,12.000000000160838,0.00017289665594366393,-0.0009302518506832362,-1.3403119513865032e-08,-1.3403119513865032e-08,0.13465013021536285,1.440805466177888e-05
0.1496,89.99115485603363,90.0,0.2015871922196405,-0.034465802684971354,-5.621529372420654e-05,2.0085749072868852e-05,12.000000000163599,0.0001714383831467649,-0.0009542719613677037,-1.363323684474507e-08,-1.363323684474507e-08,0.13439146147976033,1.4286531928702303e-05
0.14980000000000002,89.99119513399314,90.0,0.20119248284636726,-0.035039457248133954,-5.760410617095835e-05,1.9994284989893255e-05,12.000000000166228,0.00016999242209060473,-0.0009778474812971326,-1.3852221814882854e-08,-1.3852221814882854e-08,0.13412832189757817,1.4166035174020829e-05
0.15,89.99123533235341,90.0,0.20079119954020205,-0.035601710038764334,-5.896705746914726e-05,1.9903001662667968e-05,12.000000000168725,0.00016855866873895773,-0.0010009840002478702,-1.4060377542367099e-08,-1.4060377542367099e-08,0.13386079969346804,1.4046555728048976e-05
0.1502,89.9912754498127,90.0,0.20038347294588113,-0.036152707120670424,-6.030447330563668e-05,1.9811902047149494e-05,12.000000000171095,0.00016713701993486993,-0.0010236870468549437,-1.425800019623528e-08,-1.425800019623528e-08,0.13358898196392077,1.3928084994373908e-05
0.1504,89.99131548509524,90.0,0.19996943203455358,-0.03669259294529015,-6.161667580006199e-05,1.972098904038784e-05,12.000000000173344,0.00016572737339478304,-0.0010459620891985833,-1.4445379142574746e-08,-1.4445379142574746e-08,0.13331295468970242,1.3810614449365754e-05
0.1506,89.99135543695093,90.0,0.19954920412225605,-0.037221510369315425,-6.290398354380031e-05,1.9630265481190972e-05,12.000000000175474,0.00016432962769919558,-0.001067814535465746,-1.4622797088525798e-08,-1.4622797088525798e-08,0.1330328027481707,1.3694135641399384e-05
0.15080000000000002,89.9913953041549,90.0,0.1991229148881843,-0.037739600669901396,-6.416671163331923e-05,1.953973415096265e-05,12.000000000177486,0.00016294368228727366,-0.0010892497345162215,-1.4790530222490272e-08,-1.4790530222490272e-08,0.13274860992545617,1.3578640190405304e-05
0.151,89.99143508550732,90.0,0.1986906883927916,-0.038247003562120685,-6.540517170879505e-05,1.9449397774337977e-05,12.000000000179387,0.00016156943744737492,-0.0011102729765381878,-1.494884835246799e-08,-1.494884835246799e-08,0.13246045892852776,1.346411978707997e-05
0.1512,89.99147477983297,90.0,0.19825264709568663,-0.03874385721365037,-6.661967198628589e-05,1.9359259020021213e-05,12.000000000181176,0.00016020679431213454,-0.0011308894935943593,-1.509801504060751e-08,-1.509801504060751e-08,0.13216843139712442,1.3350566192476312e-05
0.1514,89.99151438598098,90.0,0.19780891187336289,-0.03923029826171121,-6.781051729519042e-05,1.9269320501421374e-05,12.000000000182858,0.00015885565484945852,-0.0011511044602578622,-1.5238287735967396e-08,-1.5238287735967396e-08,0.13187260791557526,1.3237971237253154e-05
0.1516,89.9915539028245,90.0,0.19735960203673467,-0.039706461827960116,-6.8978009110945e-05,1.917958477743223e-05,12.00000000018444,0.00015751592185683918,-0.0011709229941672765,-1.5369917903899505e-08,-1.5369917903899505e-08,0.13157306802448976,1.3126326821201515e-05
0.15180000000000002,89.99159332926038,90.0,0.19690483534850167,-0.04017248153456454,-7.012244559050478e-05,1.909005435309678e-05,12.000000000185917,0.00015618749895342728,-0.0011903501566289392,-1.5493151153317834e-08,-1.5493151153317834e-08,0.13126989023233446,1.3015624912583955e-05
0.152,89.99163266420888,90.0,0.19644472804033009,-0.04062848951895442,-7.124412160475513e-05,1.9000731680358412e-05,12.000000000187299,0.0001548702905741841,-0.0012093909531671397,-1.5608227360988418e-08,-1.5608227360988418e-08,0.13096315202688671,1.2905857547647238e-05
0.1522,89.99167190661333,90.0,0.19597939482986407,-0.041074616450469725,-7.23433287753754e-05,1.8911619158638662e-05,12.000000000188585,0.00015356420196055648,-0.001228050334149891,-1.5715380794013255e-08,-1.5715380794013255e-08,0.13065292988657604,1.2797016829845263e-05
0.1524,89.99171105543991,90.0,0.19550894893754714,-0.04151099154354426,-7.342035550362775e-05,1.8822719135675058e-05,12.000000000189779,0.00015226913915693173,-0.0012463331952776318,-1.5814840228719315e-08,-1.5814840228719315e-08,0.1303392992916981,1.2689094929543635e-05
0.1526,89.9917501096772,90.0,0.19503350210329162,-0.0419377425738755,-7.447548700614538e-05,1.873403390809889e-05,12.000000000190882,0.00015098500900174793,-0.0012642443781907397,-1.5906829068208476e-08,-1.5906829068208476e-08,0.13002233473552777,1.2582084083278854e-05
0.15280000000000002,89.99178906833609,90.0,0.19455316460296382,-0.04235499589327074,-7.550900534764833e-05,1.8645565722099698e-05,12.0000000001919,0.00014971171912068465,-0.0012817886710248946,-1.5991565457123825e-08,-1.5991565457123825e-08,0.1297021097353092,1.2475976593190876e-05
0.153,89.99182793044932,90.0,0.19406804526469845,-0.04276287644390009,-7.65211894722933e-05,1.855731677411862e-05,12.00000000019283,0.00014844917792068566,-0.0012989708089432507,-1.6069262393957913e-08,-1.6069262393957913e-08,0.1293786968431323,1.2370764826525016e-05
0.1532,89.99186669507124,90.0,0.19357825148504987,-0.04316150777232097,-7.751231523450903e-05,1.8469289211541745e-05,12.000000000193682,0.00014719729458418968,-0.0013157954746598757,-1.614012784107728e-08,-1.614012784107728e-08,0.1290521676566999,1.2266441215151158e-05
0.1534,89.99190536127756,90.0,0.19308388924498265,-0.043551012045055404,-7.848265543348107e-05,1.8381485133249032e-05,12.000000000194452,0.00014595597906048833,-0.0013322672990251417,-1.6204364833027996e-08,-1.6204364833027996e-08,0.12872259282998844,1.21629982548436e-05
0.15360000000000001,89.99194392816509,90.0,0.1925850631256838,-0.04393151006214119,-7.943247984292173e-05,1.8293906590307653e-05,12.000000000195147,0.000144725142060388,-0.0013483908615310788,-1.6262171582070068e-08,-1.6262171582070068e-08,0.1283900420837892,1.2060428504836204e-05
0.15380000000000002,89.99198239485133,90.0,0.19208187632421972,-0.0443031212708222,-8.036205524118358e-05,1.820655558663648e-05,12.000000000195765,0.00014350469505045298,-0.0013641706908225609,-1.6313741581671977e-08,-1.6313741581671977e-08,0.1280545842161465,1.1958724587342656e-05
0.154,89.99202076047435,90.0,0.19157443066903596,-0.04466596378008447,-8.127164544336972e-05,1.8119434079583866e-05,12.000000000196312,0.00014229455024560364,-0.0013796112652423873,-1.635926370818518e-08,-1.635926370818518e-08,0.12771628711269062,1.185787918693965e-05
0.1542,89.9920590241924,90.0,0.19106282663529073,-0.04502015437425,-8.216151133126089e-05,1.8032543980563234e-05,12.000000000196788,0.00014109462060315573,-0.0013947170133393053,-1.639892232022072e-08,-1.639892232022072e-08,0.12737521775686048,1.175788505007016e-05
0.1544,89.99209718518375,90.0,0.1905471633600328,-0.04536580852706341,-8.303191088441383e-05,1.7945887155630857e-05,12.000000000197193,0.0001399048198158276,-0.001409492314395914,-1.6432897356176143e-08,-1.6432897356176143e-08,0.12703144224002186,1.1658734984460714e-05
0.15460000000000002,89.99213524264631,90.0,0.19002753865721753,-0.04570304041484264,-8.388309920909093e-05,1.785946542612147e-05,12.000000000197536,0.0001387250623061832,-0.0014239414989197536,-1.6461364429562583e-08,-1.6461364429562583e-08,0.12668502577147836,1.15604218586583e-05
0.15480000000000002,89.99217319579746,90.0,0.18950404903257262,-0.046031962929419364,-8.47153285667164e-05,1.7773280569283803e-05,12.000000000197815,0.00013755526322126627,-0.0014380688491263589,-1.6484494922384905e-08,-1.6484494922384905e-08,0.12633603268838176,1.1462938601583227e-05
0.155,89.99221104387374,90.0,0.18897678969831547,-0.04635268769229334,-8.552884840518858e-05,1.7687334318800635e-05,12.000000000198028,0.0001363953384249629,-0.001451878599470794,-1.6502456076959343e-08,-1.6502456076959343e-08,0.12598452646554364,1.1366278201892671e-05
0.1552,89.99224878613059,90.0,0.18844585458770832,-0.046665325067139274,-8.632390538636006e-05,1.7601628365424367e-05,12.000000000198185,0.00013524520449303035,-0.001465374937114137,-1.6515411085474152e-08,-1.6515411085474152e-08,0.12563056972513886,1.1270433707566394e-05
0.1554,89.99228642184211,90.0,0.18791133636947016,-0.04696998417353482,-8.710074341639004e-05,1.751616435749701e-05,12.000000000198282,0.00013410477870584743,-0.00147856200243872,-1.6523519178053573e-08,-1.6523519178053573e-08,0.12527422424631346,1.1175398225302628e-05
0.15560000000000002,89.99232395030084,90.0,0.18737332646203125,-0.04726677289904757,-8.785960367227929e-05,1.7430943901585803e-05,12.000000000198323,0.00013297397904382633,-0.0014914438894985684,-1.6526935708662315e-08,-1.6526935708662315e-08,0.1249155509746875,1.1081164920135724e-05
0.1558,89.99236137081748,90.0,0.18683191504764923,-0.0475557979125501,-8.860072463129274e-05,1.7345968563003205e-05,12.000000000198309,0.00013185272418053873,-0.0015040246465188583,-1.6525812239575505e-08,-1.6525812239575505e-08,0.12455461003176616,1.0987727014863314e-05
0.156,89.99239868272058,90.0,0.18628719108637276,-0.047837164676611366,-8.932434209824134e-05,1.7261239866384702e-05,12.000000000198245,0.00013074093347726682,-0.0015163082763590351,-1.6520296623934223e-08,-1.6520296623934223e-08,0.12419146072424851,1.0895077789592244e-05
0.1562,89.99243588535644,90.0,0.185739242329863,-0.04811097745968984,-9.003068923231737e-05,1.7176759296266605e-05,12.000000000198128,0.00012963852697773462,-0.0015282987369683505,-1.651053308660317e-08,-1.651053308660317e-08,0.123826161553242,1.0803210581299517e-05
0.1564,89.99247297808873,90.0,0.18518815533507543,-0.04837733934919708,-9.071999657598174e-05,1.7092528297577178e-05,12.00000000019796,0.00012854542540117185,-0.0015399999418762335,-1.649666230358289e-08,-1.649666230358289e-08,0.12345877022338361,1.0712118783254273e-05
0.15660000000000002,89.99250996029838,90.0,0.18463401547779207,-0.04863635226364238,-9.139249208172095e-05,1.700854827618554e-05,12.000000000197746,0.00012746155013679765,-0.0015514157606464976,-1.6478821479616916e-08,-1.6478821479616916e-08,0.12308934365186139,1.0621795844558104e-05
0.1568,89.99254683138318,90.0,0.18407690696601456,-0.04888811696387213,-9.20484011367046e-05,1.6924820599508364e-05,12.000000000197485,0.00012638682323971222,-0.0015625500192959117,-1.6457144424059272e-08,-1.6457144424059272e-08,0.12271793797734304,1.0532235269802689e-05
0.157,89.99258359075775,90.0,0.18351691285322827,-0.04913273306661631,-9.268794659285198e-05,1.6841346596914323e-05,12.000000000197181,0.00012532116742264572,-0.0015734065008045862,-1.6431761625664223e-08,-1.6431761625664223e-08,0.12234460856881885,1.0443430618382206e-05
0.1572,89.99262023785316,90.0,0.18295411505151155,-0.049370299055331794,-9.331134879059797e-05,1.6758127560330786e-05,12.000000000196835,0.00012426450605221035,-0.00158398894551941,-1.64028003253252e-08,-1.64028003253252e-08,0.12196941003434103,1.0355375504181004e-05
0.1574,89.99265677211673,90.0,0.1823885943445203,-0.049600912291937305,-9.391882558475832e-05,1.6675164744763837e-05,12.000000000196444,0.00012321676314346576,-0.0015943010515931198,-1.6370384587525998e-08,-1.6370384587525998e-08,0.12159239622968021,1.0268063595120722e-05
0.15760000000000002,89.99269319301185,90.0,0.1818204304003385,-0.04982466902871647,-9.451059237080436e-05,1.65924593687894e-05,12.000000000196016,0.0001221778633540394,-0.0016043464754303212,-1.6334635370371555e-08,-1.6334635370371555e-08,0.12121362026689234,1.0181488612670304e-05
0.1578,89.99272950001775,90.0,0.1812497017841921,-0.050041664420740706,-9.508686211236933e-05,1.6510012614986586e-05,12.000000000195548,0.00012114773197719013,-0.0016141288321544177,-1.6295670594275976e-08,-1.6295670594275976e-08,0.12083313452279473,1.0095644331267995e-05
0.158,89.9927656926292,90.0,0.1806764859710206,-0.05025199253560658,-9.564784536249358e-05,1.642782563057327e-05,12.000000000195044,0.00012012629493935933,-0.0016236516959682553,-1.6253605208791955e-08,-1.6253605208791955e-08,0.12045099064734706,1.0010524578117236e-05
0.1582,89.99280177035645,90.0,0.18010085935793713,-0.05045574636585953,-9.619375029116361e-05,1.634589952781056e-05,12.000000000194504,0.00011911347879294196,-0.0016329186006216047,-1.620855125854911e-08,-1.620855125854911e-08,0.12006723957195808,9.926123232584274e-06
0.1584,89.99283773272484,90.0,0.1795228972765463,-0.05065301784050835,-9.672478271074266e-05,1.6264235384465014e-05,12.000000000193928,0.00011810921071046926,-0.001641933039842854,-1.6160617947678913e-08,-1.6160617947678913e-08,0.11968193151769753,9.842434225713378e-06
0.15860000000000002,89.99287357927471,90.0,0.17894267400512978,-0.05084389783528945,-9.724114609849429e-05,1.6182834244357574e-05,12.00000000019332,0.0001171134184808048,-0.0016506984677213538,-1.610991170272998e-08,-1.610991170272998e-08,0.11929511600341985,9.759451539909842e-06
0.1588,89.99290930956116,90.0,0.1783602627807146,-0.05102847618383308,-9.774304162122905e-05,1.6101697117825787e-05,12.000000000192678,0.0001161260305036439,-0.0016592182991258019,-1.605653623444944e-08,-1.605653623444944e-08,0.11890684185380973,9.67716920848161e-06
0.159,89.99294492315381,90.0,0.17777573581101333,-0.05120684168936104,-9.823066816120887e-05,1.602082498212827e-05,12.000000000192006,0.00011514697578294632,-0.001667495910143978,-1.600059259836987e-08,-1.600059259836987e-08,0.11851715720734221,9.595581315091992e-06
0.1592,89.99298041963665,90.0,0.17718916428623033,-0.051379082134066,-9.870422233664781e-05,1.5940218782022504e-05,12.000000000191307,0.00011417618392422956,-0.0016755346384307501,-1.5942179253819745e-08,-1.5942179253819745e-08,0.11812610952415356,9.514681993534113e-06
0.15940000000000001,89.99301579860776,90.0,0.17660061839076058,-0.05154528429082747,-9.916389852768844e-05,1.5859879430140403e-05,12.000000000190576,0.00011321358512769296,-0.0016833377836490322,-1.5881392122065423e-08,-1.5881392122065423e-08,0.11773374559384038,9.434465427157914e-06
0.15960000000000002,89.99305105967917,90.0,0.176010167314754,-0.05170553393367444,-9.960988889946439e-05,1.577980780745056e-05,12.00000000018982,0.00011225911018335793,-0.0016909086078612783,-1.581832464307375e-08,-1.581832464307375e-08,0.11734011154316931,9.354925848465183e-06
0.1598,89.99308620247672,90.0,0.17541787926556013,-0.051859915848080806,-0.00010004238342478644,1.570000476372047e-05,12.000000000189036,0.00011131269046636053,-0.0016982503359145849,-1.5753067831089587e-08,-1.5753067831089587e-08,0.11694525284370674,9.27605753871725e-06
0.16,89.9931212266397,90.0,0.17482382147905492,-0.05200851384109617,-0.000100461569906458,1.562047111797879e-05,12.00000000018823,0.00011037425793239412,-0.0017053661558195032,-1.5685710329053727e-08,-1.5685710329053727e-08,0.11654921431936995,9.197854827555235e-06
0.1602,89.9931561318208,90.0,0.17422806023085124,-0.05215141075202484,-0.00010086763400088618,1.5541207658919773e-05,12.000000000187395,0.00010944374511206894,-0.0017122592191508457,-1.5616338461967413e-08,-1.5616338461967413e-08,0.11615204015390083,9.120312092529987e-06
0.16040000000000001,89.99319091768585,90.0,0.17363066084738704,-0.052288688462223454,-0.00010126075923964723,1.546221514536553e-05,12.00000000018654,0.00010852108510665844,-0.0017189326414137648,-1.554503628904805e-08,-1.554503628904805e-08,0.11575377389825801,9.043423758747623e-06
0.16060000000000002,89.99322558391367,90.0,0.17303168771690147,-0.05242042790509774,-0.00010164112705153101,1.5383494306699357e-05,12.000000000185661,0.00010760621158337156,-0.0017253895024179648,-1.547188565483693e-08,-1.547188565483693e-08,0.11535445847793432,8.967184298475558e-06
0.1608,89.99326013019586,90.0,0.1724312043002963,-0.052546709077004206,-0.00010200891678671488,1.5305045843212432e-05,12.000000000184762,0.00010669905876892686,-0.0017316328466880613,-1.5396966239344066e-08,-1.5396966239344066e-08,0.11495413620019754,8.891588230607002e-06
0.161,89.99329455623662,90.0,0.17182927314187227,-0.05266761104549116,-0.00010236430573473256,1.522687042665271e-05,12.000000000183844,0.00010579956144759077,-0.0017376656837686084,-1.532035560686918e-08,-1.532035560686918e-08,0.11455284876124819,8.81663012049749e-06
0.1612,89.99332886175256,90.0,0.1712259558799715,-0.05278321196060537,-0.00010270746914962115,1.5148968700513826e-05,12.000000000182904,0.00010490765495379903,-0.0017434909886509765,-1.5242129254138895e-08,-1.5242129254138895e-08,0.11415063725331433,8.742304579350002e-06
0.16140000000000002,89.99336304647252,90.0,0.17062131325748967,-0.052893589063530394,-0.0001030385802688461,1.507134128052623e-05,12.000000000181949,0.00010402327516925,-0.00174911170209461,-1.516236065716534e-08,-1.516236065716534e-08,0.11374754217165979,8.66860626397273e-06
0.16160000000000002,89.99339711013744,90.0,0.17001540513229002,-0.05299881869650844,-0.00010335781033523828,1.499398875503274e-05,12.000000000180973,0.00010314635851766231,-0.0017545307309994153,-1.5081121317266047e-08,-1.5081121317266047e-08,0.11334360342152668,8.595529876342229e-06
0.1618,89.99343105250011,90.0,0.16940829048750292,-0.05309897631260313,-0.00010366532861857328,1.491691168536413e-05,12.00000000017998,0.00010227684195967714,-0.0017597509487720774,-1.499848080610452e-08,-1.499848080610452e-08,0.11293886032500193,8.523070163178596e-06
0.162,89.99346487332504,90.0,0.168800027441714,-0.05319413648424029,-0.00010396130243430727,1.4840110606301353e-05,12.000000000178975,0.00010141466298974877,-0.001764775195644105,-1.491450680968713e-08,-1.491450680968713e-08,0.11253335162780934,8.45122191568635e-06
0.1622,89.99349857238825,90.0,0.16819067325905446,-0.05328437291303332,-0.00010424589716532783,1.4763586026422228e-05,12.000000000177952,0.0001005597596306982,-0.001769606279041059,-1.4829265171558687e-08,-1.4829265171558687e-08,0.11212711550603631,8.37997996910058e-06
0.16240000000000002,89.99353214947718,90.0,0.16758028435917866,-0.05336975843945144,-0.00010451927628335106,1.4687338428448116e-05,12.000000000176914,9.971207042841004e-05,-0.0017742469739457744,-1.4742819935072186e-08,-1.4742819935072186e-08,0.11172018957278576,8.309339202245e-06
0.1626,89.99356560439044,90.0,0.16696891632713068,-0.053450365051266935,-0.00010478160136747762,1.4611368269677262e-05,12.000000000175863,9.88715344485162e-05,-0.0017787000232133549,-1.4655233384678206e-08,-1.4655233384678206e-08,0.11131261088475379,8.239294537255602e-06
0.1628,89.99359893693767,90.0,0.1663566239231147,-0.05352626389222326,-0.00010503303212327677,1.4535675982389273e-05,12.000000000174799,9.803809127258698e-05,-0.0017829681378951304,-1.4566566086377586e-08,-1.4566566086377586e-08,0.11090441594874312,8.169840939263241e-06
0.163,89.9936321469394,90.0,0.1657434610921656,-0.053597525271985164,-0.0001052737264048795,1.4460261974133993e-05,12.000000000173722,9.72116809919877e-05,-0.0017870539976136955,-1.4476876927413662e-08,-1.4476876927413662e-08,0.1104956407281104,8.100973415881698e-06
0.1632,89.99366523422688,90.0,0.16512948097370564,-0.053664218674153136,-0.00010550384023256026,1.4385126628164867e-05,12.000000000172633,9.639224420495675e-05,-0.0017909602508613626,-1.438622315499296e-08,-1.438622315499296e-08,0.11008632064913709,8.03268701696417e-06
0.16340000000000002,89.99369819864185,90.0,0.16451473591100946,-0.05372641276557111,-0.00010572352781335314,1.4310270303756722e-05,12.000000000171536,9.557972201133874e-05,-0.0017946895153501305,-1.4294660414281474e-08,-1.4294660414281474e-08,0.10967649060733962,7.964976834164372e-06
0.1636,89.9937310400365,90.0,0.16389927746056215,-0.053784175404063855,-0.00010593294155800976,1.4235693336639127e-05,12.000000000170427,9.47740560099149e-05,-0.0017982443782995484,-1.420224278550463e-08,-1.420224278550463e-08,0.1092661849737081,7.897838000714074e-06
0.1638,89.99376375827322,90.0,0.16328315640132918,-0.05383757364782721,-0.00010613223210183202,1.4161396039285275e-05,12.000000000169308,9.397518829276953e-05,-0.0018016273967903585,-1.4109022820366445e-08,-1.4109022820366445e-08,0.10885543760088612,7.831265690953635e-06
0.164,89.99379635322447,90.0,0.16266642274391804,-0.05388667376395728,-0.00010632154832350496,1.4087378701258673e-05,12.000000000168182,9.3183061441024e-05,-0.0018048410980841892,-1.4015051577642261e-08,-1.4015051577642261e-08,0.10844428182927869,7.765255119976501e-06
0.1642,89.99382882477269,90.0,0.1620491257396427,-0.05393154123648794,-0.00010650103736279163,1.4013641589588709e-05,12.000000000167045,9.239761852131037e-05,-0.0018078879799239321,-1.3920378657995714e-08,-1.3920378657995714e-08,0.10803275049309514,7.699801543335347e-06
0.16440000000000002,89.99386117281006,90.0,0.16143131388949597,-0.05397224077465551,-0.00010667084463877062,1.3940184949117333e-05,12.000000000165901,9.161880308174603e-05,-0.0018107705108433285,-1.3825052238074498e-08,-1.3825052238074498e-08,0.10762087592633063,7.634900256706617e-06
0.1646,89.99389339723837,90.0,0.16081303495302657,-0.05400883632138559,-0.00010683111386860398,1.3867009002816834e-05,12.00000000016475,9.08465591474148e-05,-0.0018134911304855616,-1.3729119103892235e-08,-1.3729119103892235e-08,0.10720868996868438,7.570546595513963e-06
0.1648,89.99392549796892,90.0,0.16019433595711982,-0.0540413910612898,-0.00010698198708517141,1.3794113952136539e-05,12.000000000163592,9.008083121658569e-05,-0.0018160522499026013,-1.3632624683478897e-08,-1.3632624683478897e-08,0.10679622397141321,7.506735934613137e-06
0.165,89.9939574749223,90.0,0.15957526320468599,-0.05406996742817849,-0.00010712360465358385,1.3721499977378361e-05,12.000000000162427,8.93215642576643e-05,-0.0018184562518355283,-1.3535613078823331e-08,-1.3535613078823331e-08,0.10638350880312399,7.44346368803794e-06
0.1652,89.99398932802833,90.0,0.15895586228326314,-0.054094627114585764,-0.00010725610529241185,1.3649167237899042e-05,12.000000000161258,8.856870370256143e-05,-0.0018207054910748927,-1.3438127097205981e-08,-1.3438127097205981e-08,0.10597057485550875,7.380725308447602e-06
0.16540000000000002,89.99402105722588,90.0,0.15833617807351014,-0.05411543107794362,-0.00010737962608709352,1.3577115872572383e-05,12.000000000160082,8.78221954457384e-05,-0.0018228022946883162,-1.3340208281743518e-08,-1.3340208281743518e-08,0.10555745204900677,7.318516287047236e-06
0.1656,89.99405266246272,90.0,0.1577162547576298,-0.054132439549855776,-0.0001074943025105973,1.3505345999991486e-05,12.000000000158902,8.708198583780461e-05,-0.0018247489623712506,-1.3241896941388145e-08,-1.3241896941388145e-08,0.10514416983841986,7.25683215305429e-06
0.1658,89.99408414369535,90.0,0.1570961358276849,-0.054145712042380334,-0.00010760026843710501,1.343385771890208e-05,12.00000000015772,8.634802168417215e-05,-0.001826547766679252,-1.314323218019361e-08,-1.314323218019361e-08,0.10473075721845658,7.195668473586438e-06
0.166,89.99411550088892,90.0,0.15647586409384284,-0.054155307357054205,-0.00010769765616211318,1.3362651108404773e-05,12.00000000015653,8.562025023888053e-05,-0.0018282009533692053,-1.3044251926032458e-08,-1.3044251926032458e-08,0.10431724272922856,7.135020853146973e-06
0.16620000000000001,89.99414673401712,90.0,0.15585548169251678,-0.05416128359128664,-0.00010778659641639632,1.3291726228359503e-05,12.000000000155339,8.48986192028586e-05,-0.0018297107416363574,-1.2944992958629518e-08,-1.2944992958629518e-08,0.10390365446167786,7.074884933479966e-06
0.16640000000000002,89.99417784306193,90.0,0.15523503009443304,-0.05416369814713664,-0.00010786721838555233,1.3221083119587757e-05,12.000000000154145,8.41830767179742e-05,-0.0018310793244461045,-1.2845490937046891e-08,-1.2845490937046891e-08,0.10349002006295537,7.015256393074403e-06
0.1666,89.99420882801363,90.0,0.15461455011259884,-0.05416260773781933,-0.0001079396497242504,1.3150721804248154e-05,12.00000000015295,8.34735713649016e-05,-0.0018323088687758559,-1.2745780426529507e-08,-1.2745780426529507e-08,0.10307636674173255,6.956130946986472e-06
0.1668,89.99423968887051,90.0,0.1539940819101944,-0.054158068395172836,-0.00010800401657273383,1.3080642286125339e-05,12.00000000015175,8.27700521592397e-05,-0.0018334015158951733,-1.2645894924796134e-08,-1.2645894924796134e-08,0.10266272127346293,6.8975043465160835e-06
0.167,89.9942704256389,90.0,0.15337366500838062,-0.054150135477362284,-0.00010806044357388722,1.301084455088999e-05,12.00000000015055,8.207246854712212e-05,-0.001834359381655493,-1.2545866887762504e-08,-1.2545866887762504e-08,0.10224911000558708,6.839372378841037e-06
0.16720000000000002,89.99430103833296,90.0,0.15275333829401744,-0.05413886367610404,-0.00010810905388919288,1.2941328566387716e-05,12.000000000149349,8.13807704015561e-05,-0.0018351845567609903,-1.2445727754699075e-08,-1.2445727754699075e-08,0.10183555886267828,6.7817308667119386e-06
0.16740000000000002,89.99433152697455,90.0,0.15213314002730025,-0.05412430702270959,-0.00010814996921193769,1.287209428301463e-05,12.000000000148146,8.069490802071139e-05,-0.0018358791069927696,-1.234550797284153e-08,-1.234550797284153e-08,0.10142209335153352,6.7245756683095975e-06
0.1676,89.99436189159312,90.0,0.15151310784932645,-0.05410651889687413,-0.00010818330978684512,1.2803141633861797e-05,12.000000000146944,8.001483212137602e-05,-0.0018364450735421241,-1.2245237021483478e-08,-1.2245237021483478e-08,0.10100873856621763,6.667902676699684e-06
0.1678,89.99439213222558,90.0,0.15089327878956185,-0.05408555203248311,-0.00010820919442274771,1.2734470535090802e-05,12.00000000014574,7.93404938374612e-05,-0.0018368844732256557,-1.2144943435526525e-08,-1.2144943435526525e-08,0.10059551919304124,6.611707819708134e-06
0.168,89.99442224891622,90.0,0.15027368927324003,-0.05406145852510133,-0.00010822774050920129,1.2666080886164867e-05,12.000000000144535,7.867184471551565e-05,-0.001837199298767306,-1.2044654828527905e-08,-1.2044654828527905e-08,0.10018245951549334,6.55598705954734e-06
0.16820000000000002,89.99445224171652,90.0,0.1496543751286762,-0.05403428983827732,-0.00010823906403033974,1.2597972570166646e-05,12.000000000143334,7.80088367121938e-05,-0.0018373915190335452,-1.1944397915245459e-08,-1.1944397915245459e-08,0.09976958341911746,6.500736392605168e-06
0.16840000000000002,89.99448211068506,90.0,0.14903537159450878,-0.05400409681045698,-0.00010824327958016295,1.2530145454058222e-05,12.00000000014213,7.735142219058569e-05,-0.0018374630792928896,-1.1844198533692877e-08,-1.1844198533692877e-08,0.09935691439633917,6.445951849139127e-06
0.1686,89.99451185588745,90.0,0.14841671332686174,-0.05397092966285216,-0.0001082405003800669,1.2462599388854465e-05,12.000000000140929,7.669955391480227e-05,-0.0018374159015134815,-1.1744081666699434e-08,-1.1744081666699434e-08,0.09894447555124117,6.391629492825125e-06
0.1688,89.99454147739615,90.0,0.14779843440641682,-0.05393483800398671,-0.00010823083828861681,1.2395334210056364e-05,12.000000000139728,7.60531850502116e-05,-0.0018372518845289891,-1.1644071463025518e-08,-1.1644071463025518e-08,0.09853228960427789,6.33776542077717e-06
0.169,89.99457097529037,90.0,0.14718056834543347,-0.053895870838432086,-0.00010821440382112139,1.2328349737737705e-05,12.000000000138531,7.541226915635946e-05,-0.001836972904370888,-1.1544191257979796e-08,-1.1544191257979796e-08,0.09812037889695566,6.284355762957407e-06
0.16920000000000002,89.99460034965598,90.0,0.146563148094669,-0.053854076571851206,-0.00010819130616058844,1.2261645776920635e-05,12.000000000137334,7.477676018616874e-05,-0.0018365808144544336,-1.1444463593617162e-08,-1.1444463593617162e-08,0.09770876539644602,6.231396682109413e-06
0.1694,89.9946296005854,90.0,0.14594620605024075,-0.05380950301844825,-0.00010816165317431189,1.2195222117749001e-05,12.00000000013614,7.414661248090609e-05,-0.0018360774458602328,-1.13449102384655e-08,-1.13449102384655e-08,0.0972974707001605,6.178884373338741e-06
0.1696,89.99465872817743,90.0,0.14532977406040296,-0.05376219740616783,-0.00010812555142520785,1.2129078535835042e-05,12.000000000134946,7.352178076894822e-05,-0.0018354646075266765,-1.1245552206851863e-08,-1.1245552206851863e-08,0.09688651604026863,6.1268150640101195e-06
0.1698,89.99468773253722,90.0,0.14471388343226407,-0.053712206383942224,-0.00010808310618794565,1.2063214792432709e-05,12.000000000133756,7.290222016093293e-05,-0.0018347440865237688,-1.1146409777769555e-08,-1.1146409777769555e-08,0.09647592228817604,6.075185013343361e-06
0.17,89.99471661377612,90.0,0.14409856493842088,-0.05365957602811233,-0.00010803442146315755,1.1997630634668793e-05,12.00000000013257,7.2287886146246e-05,-0.0018339176482943412,-1.1047502513335666e-08,-1.1047502513335666e-08,0.09606570995894725,6.023990512120617e-06
0.17020000000000002,89.9947453720116,90.0,0.14348384882351922,-0.05360435184803558,-0.00010797959998975608,1.1932325795831826e-05,12.000000000131386,7.167873459083196e-05,-0.0018329870368631435,-1.0948849276859187e-08,-1.0948849276859187e-08,0.09565589921567949,5.9732278825039295e-06
0.1704,89.99477400736707,90.0,0.14286976481075067,-0.05354657879231453,-0.00010791874325871062,1.18672999956032e-05,12.000000000130207,7.107472173385592e-05,-0.001831953975070705,-1.08504682504974e-08,-1.08504682504974e-08,0.09524650987383378,5.92289347775706e-06
0.1706,89.9948025199719,90.0,0.14225634210827717,-0.05348630125528081,-0.00010785195152742942,1.1802552940259394e-05,12.000000000129027,7.047580418384161e-05,-0.001830820164817475,-1.0752376952509801e-08,-1.0752376952509801e-08,0.0948375614055181,5.872983681923653e-06
0.1708,89.99483090996121,90.0,0.1416436094155821,-0.05342356308266516,-0.00010777932383224781,1.1738084322931978e-05,12.000000000127855,6.988193891613365e-05,-0.0018295872872758118,-1.0654592254148392e-08,-1.0654592254148392e-08,0.0944290729437214,5.823494909615757e-06
0.171,89.99485917747583,90.0,0.14103159492975595,-0.053358407577176525,-0.00010770095800071164,1.1673893823867636e-05,12.000000000126686,6.929308327044276e-05,-0.0018282570030985002,-1.055713039617809e-08,-1.055713039617809e-08,0.09402106328650396,5.774423605809269e-06
0.17120000000000002,89.99488732266217,90.0,0.1404203263517183,-0.05329087750541334,-0.00010761695066698289,1.16099811105726e-05,12.000000000125521,6.870919494601098e-05,-0.0018268309526802652,-1.046000700498353e-08,-1.046000700498353e-08,0.09361355090114554,5.725766245441023e-06
0.1714,89.99491534567213,90.0,0.1398098308923605,-0.05322101510288737,-0.00010752739728284244,1.1546345838101559e-05,12.00000000012436,6.813023199995425e-05,-0.0018253107563445477,-1.0363237108373104e-08,-1.0363237108373104e-08,0.09320655392824032,5.677519333270684e-06
0.1716,89.99494324666301,90.0,0.1392001352786306,-0.053148862080033304,-0.00010743239213100402,1.1482987649259888e-05,12.000000000123201,6.755615284383216e-05,-0.0018236980145695128,-1.0266835150998863e-08,-1.0266835150998863e-08,0.09280009018575372,5.629679403594881e-06
0.1718,89.9949710257974,90.0,0.13859126575954991,-0.05307445962776697,-0.00010733202833738158,1.141990617483476e-05,12.00000000012205,6.698691624092036e-05,-0.0018219943081962924,-1.0170815009444777e-08,-1.0170815009444777e-08,0.09239417717303326,5.582243020019921e-06
0.17200000000000001,89.9949986832431,90.0,0.1379832481121653,-0.05299784842330957,-0.00010722639788398615,1.1357101033797378e-05,12.000000000120902,6.642248130294918e-05,-0.0018202011986479132,-1.0075190006964883e-08,-1.0075190006964883e-08,0.09198883207477689,5.535206775189997e-06
0.17220000000000002,89.995026219173,90.0,0.13737610764743544,-0.052919068635919476,-0.00010711559162161444,1.1294571833505214e-05,12.000000000119758,6.586280748692626e-05,-0.0018183202281446898,-9.979972927890195e-09,-9.979972927890195e-09,0.09158407176495696,5.488567290522413e-06
0.1724,89.99505363376504,90.0,0.13676986921605058,-0.05283815993217614,-0.00010699969928149859,1.1232318169933112e-05,12.000000000118622,6.530785459265892e-05,-0.0018163529199019823,-9.885176031728126e-09,-9.885176031728126e-09,0.0911799128107004,5.442321216001112e-06
0.1726,89.99508092720207,90.0,0.1361645572141923,-0.052755161481890356,-0.00010687880948842742,1.1170339627846644e-05,12.00000000011749,6.475758275912251e-05,-0.0018143007783529349,-9.79081106691502e-09,-9.79081106691502e-09,0.0907763714761282,5.39646522987404e-06
0.1728,89.99510809967174,90.0,0.1355601955892257,-0.05267011196249951,-0.00010675300977033397,1.1108635781090992e-05,12.000000000116362,6.421195246337553e-05,-0.0018121652893112248,-9.696889284325265e-09,-9.696889284325265e-09,0.09037346372615046,5.350996038562739e-06
0.17300000000000001,89.99513515136651,90.0,0.13495680784534056,-0.05258304956587842,-0.00010662238657353648,1.104720619267763e-05,12.000000000115241,6.367092451523262e-05,-0.0018099479202297862,-9.603421450362189e-09,-9.603421450362189e-09,0.08997120523022704,5.30591037621843e-06
0.17320000000000002,89.99516208248346,90.0,0.13435441704911524,-0.05249401200255488,-0.00010648702527192134,1.098605041507322e-05,12.000000000114124,6.313446005634334e-05,-0.0018076501203566895,-9.51041785986819e-09,-9.51041785986819e-09,0.08956961136607683,5.261205004645243e-06
0.1734,89.99518889322422,90.0,0.1337530458350316,-0.05240303650763395,-0.00010634701018012668,1.0925167990344059e-05,12.000000000113015,6.260252055625605e-05,-0.0018052733209589407,-9.417888348660696e-09,-9.417888348660696e-09,0.08916869722335438,5.216876712972206e-06
0.1736,89.99521558379494,90.0,0.1331527164109225,-0.05231015984520676,-0.00010620242456319115,1.0864558450416093e-05,12.00000000011191,6.207506781102878e-05,-0.0018028189354862697,-9.325842305856106e-09,-9.325842305856106e-09,0.08876847760728165,5.17292231753749e-06
0.1738,89.99524215440616,90.0,0.13255345056336867,-0.05221541831446433,-0.00010605335065019499,1.0804221317190469e-05,12.000000000110813,6.155206393882892e-05,-0.001800288359802693,-9.23428868582346e-09,-9.23428868582346e-09,0.08836896704224578,5.12933866152171e-06
0.17400000000000002,89.99526860527273,90.0,0.1319552696630253,-0.05211884775429329,-0.00010589986964436037,1.074415610277466e-05,12.000000000109718,6.103347137808215e-05,-0.0017976829723579694,-9.143236019939383e-09,-9.143236019939383e-09,0.0879701797753502,5.086122614793676e-06
0.17420000000000002,89.99529493661373,90.0,0.1313581946698964,-0.05202048354850833,-0.00010574206173464663,1.0684362309655806e-05,12.000000000108631,6.051925288445819e-05,-0.0017950041343844337,-9.052692428039675e-09,-9.052692428039675e-09,0.08757212977993092,5.043271073659194e-06
0.1744,89.99532114865241,90.0,0.1307622461385488,-0.051920360630645646,-0.00010558000610632664,1.0624839430902937e-05,12.000000000107551,6.0009371528547715e-05,-0.0017922531900765326,-8.962665629630296e-09,-8.962665629630296e-09,0.08717483075903255,5.00078096066749e-06
0.1746,89.99534724161606,90.0,0.13016744422327153,-0.05181851348903477,-0.00010541378095222035,1.0565586950340314e-05,12.000000000106478,5.9503790692994683e-05,-0.0017894314667815184,-8.873162954823428e-09,-8.873162954823428e-09,0.08677829614884769,4.9586492243722245e-06
0.1748,89.995373215736,90.0,0.12957380868317678,-0.051714976171434474,-0.00010524346348291648,1.0506604342749664e-05,12.000000000105409,5.9002474070316655e-05,-0.0017865402751729652,-8.784191355045277e-09,-8.784191355045277e-09,0.08638253912211785,4.916872839149864e-06
0.17500000000000002,89.99539907124742,90.0,0.12898135888724818,-0.05160978229066002,-0.00010506912993931809,1.0447891073985735e-05,12.00000000010435,5.850538565894766e-05,-0.0017835809094637332,-8.695757413433743e-09,-8.695757413433743e-09,0.08598757259149878,4.875448804869908e-06
0.1752,89.99542480838937,90.0,0.1283901138193241,-0.051502965028343894,-0.00010489085560083236,1.03894466012363e-05,12.000000000103295,5.8012489762439195e-05,-0.001780554647544994,-8.607867355106528e-09,-8.607867355106528e-09,0.08559340921288275,4.834374146828319e-06
0.1754,89.99545042740466,90.0,0.12780009208303822,-0.05139455714076824,-0.00010470871479840886,1.0331270373108842e-05,12.000000000102247,5.7523750985024314e-05,-0.001777462751207558,-8.520527057062383e-09,-8.520527057062383e-09,0.08520006138869214,4.793645915377848e-06
0.1756,89.9954759285398,90.0,0.12721131190669316,-0.05128459096282764,-0.00010452278092321508,1.027336182986165e-05,12.000000000101206,5.7039134230343035e-05,-0.001774306466289145,-8.433742057964883e-09,-8.433742057964883e-09,0.08480754127112877,4.753261185821831e-06
0.1758,89.99550131204487,90.0,0.12662379114808864,-0.05117309841228357,-0.00010433312643599906,1.0215720403606079e-05,12.000000000100169,5.655860469961023e-05,-0.0017710870228333175,-8.347517567683584e-09,-8.347517567683584e-09,0.08441586076539243,4.7132170582615094e-06
0.17600000000000002,89.99552657817348,90.0,0.12603754729930108,-0.05106011099572738,-0.00010413982288045253,1.0158345518364296e-05,12.000000000099142,5.608212788676912e-05,-0.001767805635316324,-8.261858476495178e-09,-8.261858476495178e-09,0.08402503153286738,4.673510657192149e-06
0.1762,89.99555172718277,90.0,0.12545259749139467,-0.05094565981231616,-0.00010394294089137524,1.0101236590300423e-05,12.000000000098122,5.5609669577423443e-05,-0.001764463502785691,-8.176769364211093e-09,-8.176769364211093e-09,0.08363506499426311,4.634139131414061e-06
0.1764,89.9955767593332,90.0,0.12486895849908966,-0.050829775557803825,-0.0001037425502035351,1.004439302792276e-05,12.000000000097106,5.514119584720859e-05,-0.001761061809010627,-8.092254509075719e-09,-8.092254509075719e-09,0.08324597233272646,4.5950996538968645e-06
0.1766,89.99560167488859,90.0,0.12428664674538474,-0.050712488529929434,-0.00010353871966370657,9.987814232170453e-06,12.000000000096101,5.4676673057760285e-05,-0.001757601722686377,-8.008317896359141e-09,-8.008317896359141e-09,0.08285776449692317,4.556389421443534e-06
0.1768,89.99562647411597,90.0,0.12370567830611721,-0.05059382863229761,-0.00010333151723919127,9.931499596615722e-06,12.000000000095099,5.4216067855223065e-05,-0.0017540843975788643,-7.924963226847511e-09,-7.924963226847511e-09,0.08247045220407814,4.518005654566117e-06
0.17700000000000002,89.99565115728558,90.0,0.12312606891447907,-0.0504738253789076,-0.00010312101002786076,9.875448507608314e-06,12.000000000094106,5.375934716758491e-05,-0.0017505109726951673,-7.842193925087355e-09,-7.842193925087355e-09,0.08208404594298604,4.4799455972636096e-06
0.1772,89.99567572467079,90.0,0.12254783396548116,-0.05035250789896553,-0.00010290726426886711,9.819660344391056e-06,12.00000000009312,5.330647820146194e-05,-0.0017468825724653368,-7.760013147409551e-09,-7.760013147409551e-09,0.08169855597698746,4.4422065167540236e-06
0.1774,89.995700176548,90.0,0.1219709885203619,-0.0502299049401978,-0.00010269034534985648,9.76413447933099e-06,12.00000000009214,5.285742844141517e-05,-0.0017432003068648479,-7.678423789871182e-09,-7.678423789871182e-09,0.08131399234690793,4.404785703417443e-06
0.1776,89.99572451319655,90.0,0.1213955473109585,-0.050106044873533595,-0.00010247031781738786,9.708870278034912e-06,12.00000000009117,5.241216564685337e-05,-0.0017394652715914606,-7.59742849590898e-09,-7.59742849590898e-09,0.08093036487397234,4.3676804705379305e-06
0.1778,89.99574873489874,90.0,0.12082152474402409,-0.04998095569771138,-0.00010224724538718056,9.653867099464943e-06,12.000000000090203,5.1970657849005405e-05,-0.0017356785482391763,-7.517029663809882e-09,-7.517029663809882e-09,0.08054768316268272,4.330888154051229e-06
0.17800000000000002,89.99577284193971,90.0,0.12024893490549239,-0.04985466504274677,-0.00010202119095170629,9.599124296140762e-06,12.000000000089248,5.1532873349804565e-05,-0.001731841204427113,-7.437229454087638e-09,-7.437229454087638e-09,0.0801659566036616,4.294406112451775e-06
0.1782,89.9957968346074,90.0,0.11967779156470233,-0.049727200174765396,-0.0001017922165909771,9.544641214226266e-06,12.000000000088296,5.1098780718362644e-05,-0.0017279542939826363,-7.358029796576849e-09,-7.358029796576849e-09,0.07978519437646821,4.258231726498888e-06
0.1784,89.99582071319243,90.0,0.11910810817856778,-0.049598587999338,-0.00010156038357983842,9.4904171937318e-06,12.000000000087354,5.066834878997533e-05,-0.0017240188570651585,-7.2794323974696825e-09,-7.2794323974696825e-09,0.07940540545237852,4.2223623991338745e-06
0.1786,89.99584447798811,90.0,0.11853989789570843,-0.04946885506618243,-0.00010132575239846232,9.436451568600838e-06,12.000000000086416,5.02415466627157e-05,-0.001720035920344268,-7.2014387460751135e-09,-7.2014387460751135e-09,0.07902659859713897,4.186795555196158e-06
0.17880000000000001,89.99586812929036,90.0,0.11797317356052743,-0.0493380275727254,-0.00010108838274018182,9.382743666883309e-06,12.000000000085489,4.9818343695941177e-05,-0.0017160064971327162,-7.124050121501394e-09,-7.124050121501394e-09,0.07864878237368496,4.151528641298855e-06
0.17900000000000002,89.99589166739761,90.0,0.1174079477172477,-0.04920613136831736,-0.00010084833352085656,9.329292810851163e-06,12.000000000084567,4.9398709507622376e-05,-0.0017119315875454046,-7.047267599123523e-09,-7.047267599123523e-09,0.07827196514483181,4.116559125606188e-06
0.1792,89.9959150926108,90.0,0.11684423261390033,-0.049073191957314244,-0.00010060566288559562,9.276098317200607e-06,12.000000000083652,4.898261397357897e-05,-0.001707812178613506,-6.971092056984926e-09,-6.971092056984926e-09,0.07789615507593356,4.081884497769793e-06
0.1794,89.99593840523326,90.0,0.11628204020627744,-0.04893923450459678,-0.00010036042822118321,9.223159497052084e-06,12.000000000082746,4.8570027222453815e-05,-0.0017036492444953942,-6.895524181840299e-09,-6.895524181840299e-09,0.07752136013751829,4.047502268509908e-06
0.1796,89.99596160557068,90.0,0.11572138216182185,-0.04880428383744878,-0.00010011268615999962,9.170475656239199e-06,12.000000000081847,4.816091963691985e-05,-0.0016994437465432035,-6.820564475347914e-09,-6.820564475347914e-09,0.07714758810788122,4.0134099697159474e-06
0.17980000000000002,89.9959846939311,90.0,0.11516226986349527,-0.048668364450958235,-9.986249259218075e-05,9.118046095308693e-06,12.000000000080956,4.775526184876177e-05,-0.0016951966335092413,-6.746213259818926e-09,-6.746213259818926e-09,0.07677484657566351,3.979605154036633e-06
0.18000000000000002,89.99600767062478,90.0,0.11460471441358464,-0.048531500511200115,-9.960990267259906e-05,9.065870109693806e-06,12.000000000080071,4.735302473772823e-05,-0.0016909088416644904,-6.672470684003977e-09,-6.672470684003977e-09,0.07640314294238976,3.9460853947843554e-06
0.1802,89.99603053596414,90.0,0.11404872663747193,-0.04839371585801336,-9.935497082690018e-05,9.01394698991649e-06,12.000000000079192,4.695417943104511e-05,-0.0016865812949010835,-6.599336728775605e-09,-6.599336728775605e-09,0.07603248442498128,3.912848285894604e-06
0.1804,89.9960532902638,90.0,0.11349431708737208,-0.048255034010575154,-9.909775076408292e-05,8.962276021558523e-06,12.000000000078323,4.6558697298047954e-05,-0.0016822149049458522,-6.52681121242727e-09,-6.52681121242727e-09,0.07566287805824805,3.879891441478672e-06
0.1806,89.99607593384042,90.0,0.11294149604600717,-0.04811547816933365,-9.88382954805738e-05,8.91085648552152e-06,12.00000000007746,4.616654995104742e-05,-0.0016778105714294936,-6.454893796149595e-09,-6.454893796149595e-09,0.07529433069733812,3.847212495895785e-06
0.18080000000000002,89.9960984670127,90.0,0.11239027353025852,-0.04797507122004132,-9.857665726921499e-05,8.859687658113609e-06,12.000000000076604,4.5777709242531843e-05,-0.0016733691820391436,-6.383583989192688e-09,-6.383583989192688e-09,0.07492684902017234,3.814809103519968e-06
0.18100000000000002,89.99612089010134,90.0,0.11184065929477219,-0.047833835738078895,-9.831288772893722e-05,8.80876881110719e-06,12.000000000075755,4.539214726181323e-05,-0.0016688916126825766,-6.312881153867855e-09,-6.312881153867855e-09,0.07456043952984813,3.7826789384605566e-06
0.1812,89.99614320342891,90.0,0.11129266283551544,-0.047691793991289255,-9.804703777095542e-05,8.758099211912303e-06,12.000000000074913,4.5009836334196994e-05,-0.0016643787275933792,-6.242784510552448e-09,-6.242784510552448e-09,0.07419510855701028,3.750819694493001e-06
0.1814,89.99616540731994,90.0,0.11074629339330042,-0.04754896794347643,-9.777915762652284e-05,8.70767812369216e-06,12.00000000007408,4.463074901896283e-05,-0.0016598313794625793,-6.173293142511326e-09,-6.173293142511326e-09,0.07383086226220027,3.7192290848906093e-06
0.1816,89.9961875021007,90.0,0.11020155995726798,-0.047405379257848844,-9.750929685455986e-05,8.657504805478724e-06,12.000000000073253,4.425485810739611e-05,-0.001655250409568146,-6.104406000600036e-09,-6.104406000600036e-09,0.07346770663817866,3.6879048422604964e-06
0.18180000000000002,89.99620948809925,90.0,0.10965847126833157,-0.04726104930040684,-9.723750434915736e-05,8.607578512288268e-06,12.000000000072433,4.388213662087005e-05,-0.0016506366479023627,-6.0361219078524365e-09,-6.0361219078524365e-09,0.07310564751222104,3.6568447183837645e-06
0.182,89.99623136564543,90.0,0.10911703582258293,-0.047115999143987286,-9.696382834862084e-05,8.557898495179135e-06,12.000000000071623,4.3512557807746255e-05,-0.0016459909133253539,-5.96843956388892e-09,-5.96843956388892e-09,0.07274469054838863,3.6260464839572123e-06
0.1822,89.99625313507069,90.0,0.10857726187465107,-0.04697024957046675,-9.66883164402151e-05,8.508464001453993e-06,12.000000000070816,4.314609514341056e-05,-0.0016413140136456268,-5.901357549379114e-09,-5.901357549379114e-09,0.07238484124976738,3.5955079285963287e-06
0.1824,89.99627479670812,90.0,0.10803915744103602,-0.046823821075061084,-9.641101556981323e-05,8.459274274688705e-06,12.000000000070019,4.27827223266495e-05,-0.0016366067457838666,-5.834874330198672e-09,-5.834874330198672e-09,0.07202610496069069,3.5652268605333222e-06
0.1826,89.99629635089242,90.0,0.10750273030339354,-0.046676733868780046,-9.613197204723817e-05,8.41032855490568e-06,12.000000000069228,4.242241327916544e-05,-0.0016318698958636111,-5.768988261646284e-09,-5.768988261646284e-09,0.07166848686892902,3.5352011065767257e-06
0.18280000000000002,89.99631779795979,90.0,0.10696798801179132,-0.046529007882618545,-9.585123155566761e-05,8.361626078602761e-06,12.000000000068443,4.206514214205202e-05,-0.001627104239370901,-5.703697592390167e-09,-5.703697592390167e-09,0.07131199200786088,3.505428511817675e-06
0.183,89.99633913824795,90.0,0.10643493788791764,-0.0463806627702604,-9.55688391575674e-05,8.313166078897669e-06,12.000000000067669,4.171088327479035e-05,-0.0016223105412550023,-5.639000468447314e-09,-5.639000468447314e-09,0.07095662525861175,3.4759069395462616e-06
0.1832,89.99636037209602,90.0,0.10590358702825868,-0.04623171791038316,-9.52848392996957e-05,8.264947785701346e-06,12.000000000066898,4.1359611254900884e-05,-0.0016174895560133531,-5.5748949371001315e-09,-5.5748949371001315e-09,0.07060239135217246,3.4466342712225262e-06
0.1834,89.99638149984457,90.0,0.10537394230724946,-0.04608219241176806,-9.499927582466864e-05,8.216970425660181e-06,12.000000000066137,4.101130087270676e-05,-0.0016126420278878937,-5.511378950443155e-09,-5.511378950443155e-09,0.07024929487149964,3.4176084060400607e-06
0.1836,89.99640252183548,90.0,0.1048460103803665,-0.04593210511406562,-9.471219197237637e-05,8.169233222444896e-06,12.00000000006538,4.0665927133553853e-05,-0.0016077686908891053,-5.448450369245783e-09,-5.448450369245783e-09,0.06989734025357766,3.388827261111024e-06
0.18380000000000002,89.99642343841194,90.0,0.1043197976872114,-0.04578147459316678,-9.44236303921673e-05,8.121735396663889e-06,12.000000000064635,4.032346525204476e-05,-0.0016028702690028401,-5.386106966276961e-09,-5.386106966276961e-09,0.06954653179147427,3.360288770985631e-06
0.184,89.99644424991843,90.0,0.10379531045453294,-0.04563031916258062,-9.413363314570386e-05,8.074476166094343e-06,12.000000000063892,3.998389065311781e-05,-0.0015979474762388003,-5.324346429918132e-09,-5.324346429918132e-09,0.0691968736363553,3.331990887742077e-06
0.1842,89.99646495670065,90.0,0.10327255469923365,-0.04547865687692143,-9.384224171475132e-05,8.027454745740017e-06,12.000000000063157,3.964717896945557e-05,-0.001593001016762754,-5.2631663674821e-09,-5.2631663674821e-09,0.06884836979948909,3.3039315807705756e-06
0.1844,89.99648555910545,90.0,0.10275153623133595,-0.045326505534984796,-9.354949700801083e-05,7.980670347917905e-06,12.000000000062432,3.9313306039558585e-05,-0.0015880315850125297,-5.202564308479839e-09,-5.202564308479839e-09,0.06850102415422397,3.276108836612838e-06
0.18460000000000001,89.99650605748089,90.0,0.10223226065691368,-0.045173882683129996,-9.325543936867266e-05,7.934122182316018e-06,12.00000000006171,3.898224790524893e-05,-0.0015830398658262335,-5.1425377077677405e-09,-5.1425377077677405e-09,0.06815484043794245,3.248520658754038e-06
0.18480000000000002,89.99652645217604,90.0,0.10171473338098423,-0.04502080561718658,-9.29601085785239e-05,7.88780945616673e-06,12.000000000060997,3.865398081168455e-05,-0.00157802653451198,-5.083083948753758e-09,-5.083083948753758e-09,0.06780982225398949,3.221165067624006e-06
0.185,89.99654674354112,90.0,0.1011989596103792,-0.04486729138646259,-9.266354386697234e-05,7.841731374246772e-06,12.00000000006029,3.8328481203709274e-05,-0.0015729922570010737,-5.0242003463119145e-09,-5.0242003463119145e-09,0.06746597307358614,3.194040100293059e-06
0.1852,89.99656693192733,90.0,0.10068494435656915,-0.04471335679555708,-9.236578391494237e-05,7.79588713905057e-06,12.00000000005959,3.8005725725952626e-05,-0.0015679376899141453,-4.965884149830404e-09,-4.965884149830404e-09,0.06712329623771277,3.167143810480325e-06
0.1854,89.99658701768682,90.0,0.10017269243846728,-0.04455901840756424,-9.20668668620269e-05,7.750275950848035e-06,12.000000000058897,3.7685691220495706e-05,-0.0015628634806825554,-4.908132546041906e-09,-4.908132546041906e-09,0.0667817949589782,3.1404742683592285e-06
0.18560000000000001,89.99660700117276,90.0,0.0996622084851968,-0.04440429254758199,-9.17668303143556e-05,7.704897007713438e-06,12.000000000058211,3.736835472396796e-05,-0.0015577702676819625,-4.85094266174231e-09,-4.85094266174231e-09,0.06644147232346453,3.1140295603155573e-06
0.18580000000000002,89.99662688273916,90.0,0.0991534969388178,-0.044249195304032596,-9.146571134735266e-05,7.65974950572765e-06,12.000000000057533,3.705369346838672e-05,-0.0015526586802791348,-4.794311566651424e-09,-4.794311566651424e-09,0.06610233129254521,3.0878077890174223e-06
0.186,89.99664666274096,90.0,0.09864656205703909,-0.0440937425331597,-9.116354651592253e-05,7.614832638920356e-06,12.000000000056858,3.6741684876478656e-05,-0.001547529339004858,-4.738236275879366e-09,-4.738236275879366e-09,0.06576437470469272,3.0618070730253807e-06
0.1862,89.99666634153385,90.0,0.09814140791587843,-0.04393794985990043,-9.086037185616722e-05,7.570145599501182e-06,12.000000000056193,3.6432306563219654e-05,-0.0015423828555830856,-4.682713752682832e-09,-4.682713752682832e-09,0.06542760527725229,3.036025546920754e-06
0.1864,89.99668591947442,90.0,0.09763803841231312,-0.043781832682296906,-9.055622289537943e-05,7.525687577801911e-06,12.000000000055532,3.612553633123402e-05,-0.0015372198331005768,-4.627740910792616e-09,-4.627740910792616e-09,0.06509202560820875,3.0104613609222366e-06
0.18660000000000002,89.99670539691992,90.0,0.09713645726687944,-0.04362540617263888,-9.025113465439985e-05,7.481457762478704e-06,12.000000000054879,3.582135217179613e-05,-0.0015320408660469112,-4.573314616999914e-09,-4.573314616999914e-09,0.06475763817791963,2.985112680969359e-06
0.18680000000000002,89.99672477422843,90.0,0.09663666802625959,-0.043468685281075725,-8.994514165574862e-05,7.437455340512116e-06,12.000000000054232,3.5519732261541466e-05,-0.0015268465404525231,-4.5194316934241136e-09,-4.5194316934241136e-09,0.06442444535083973,2.9599776884484116e-06
0.187,89.99674405175863,90.0,0.09613867406582678,-0.043311684737749045,-8.963827792830363e-05,7.393679497322643e-06,12.000000000053593,3.5220654961691454e-05,-0.0015216374339681175,-4.4660889198621065e-09,-4.4660889198621065e-09,0.06409244937721786,2.9350545801278466e-06
0.1872,89.99676322986991,90.0,0.09564247859216624,-0.043154419055601995,-8.933057701356356e-05,7.350129416828506e-06,12.00000000005296,3.492409881607878e-05,-0.0015164141159709865,-4.4132830360028124e-09,-4.4132830360028124e-09,0.06376165239477749,2.9103415679937204e-06
0.1874,89.99678230892226,90.0,0.09514808464556383,-0.0429969025327884,-8.902207197097934e-05,7.306804281532324e-06,12.000000000052331,3.463004254982877e-05,-0.0015111771476555135,-4.361010743617591e-09,-4.361010743617591e-09,0.06343205643037589,2.8858368791398125e-06
0.18760000000000002,89.99680128927628,90.0,0.09465549510246712,-0.04283914925504306,-8.871279538319808e-05,7.263703272607776e-06,12.00000000005171,3.433846506807629e-05,-0.0015059270821221897,-4.309268708691669e-09,-4.309268708691669e-09,0.06310366340164475,2.8615387556606935e-06
0.18780000000000002,89.99682017129312,90.0,0.09416471267791937,-0.0426811730987251,-8.840277936288389e-05,7.2208255699285e-06,12.000000000051097,3.404934545348609e-05,-0.0015006644644933996,-4.258053563424074e-09,-4.258053563424074e-09,0.06277647511861291,2.8374454544450917e-06
0.188,89.99683895533447,90.0,0.09367573992795833,-0.04252298773310151,-8.80920555577665e-05,7.178170352154755e-06,12.000000000050488,3.376266296504863e-05,-0.0014953898319991228,-4.207361908244554e-09,-4.207361908244554e-09,0.06245049328530555,2.813555247075548e-06
0.1882,89.9968576417625,90.0,0.0931885792519894,-0.042364606621884265,-8.778065515394806e-05,7.1357367968778745e-06,12.000000000049887,3.347839703813896e-05,-0.0014901037140330692,-4.1571903138497645e-09,-4.1571903138497645e-09,0.06212571950132627,2.789866419833315e-06
0.1884,89.99687623093985,90.0,0.09270323289514071,-0.042206043026518675,-8.74686088833062e-05,7.093524080620264e-06,12.00000000004929,3.319652728152245e-05,-0.0014848066322783462,-4.107535323000928e-09,-4.107535323000928e-09,0.06180215526342714,2.7663772734488414e-06
0.18860000000000002,89.99689472322959,90.0,0.09221970295058089,-0.04204731000870901,-8.715594702911843e-05,7.0515313788931855e-06,12.0000000000487,3.2917033475638355e-05,-0.0014794991008029365,-4.058393452342455e-09,-4.058393452342455e-09,0.06147980196705393,2.7430861229587302e-06
0.1888,89.99691311899518,90.0,0.09173799136180746,-0.04188842043219276,-8.684269942993363e-05,7.009757866312311e-06,12.000000000048118,3.263989557215093e-05,-0.0014741816261254167,-4.0097611942436915e-09,-4.0097611942436915e-09,0.06115866090787164,2.7199912976683373e-06
0.189,89.9969314186005,90.0,0.09125809992491533,-0.04172938696555262,-8.652889548587169e-05,6.968202716626618e-06,12.000000000047539,3.236509369168086e-05,-0.001468854707321896,-3.961635018479275e-09,-3.961635018479275e-09,0.06083873328327689,2.69709114096272e-06
0.1892,89.99694962240973,90.0,0.09078003029083284,-0.041570222083917585,-8.621456416233052e-05,6.926865102833943e-06,12.000000000046967,3.2092608123422865e-05,-0.0014635188360889442,-3.914011373972216e-09,-3.914011373972216e-09,0.06052002019388856,2.6743840102747715e-06
0.1894,89.99696773078738,90.0,0.09030378396753841,-0.04141093807205798,-8.589973399695356e-05,6.88574419718099e-06,12.000000000046402,3.182241932232759e-05,-0.0014581744968618661,-3.866886690340244e-09,-3.866886690340244e-09,0.06020252264502561,2.651868276850378e-06
0.18960000000000002,89.99698574409825,90.0,0.08982936232224169,-0.04125154702600975,-8.558443310316376e-05,6.84483917127888e-06,12.000000000045844,3.155450790878922e-05,-0.0014528221668746936,-3.820257379544723e-09,-3.820257379544723e-09,0.05988624154816113,2.629542325722389e-06
0.1898,89.9970036627074,90.0,0.08935676658354595,-0.041092060855738646,-8.52686891761306e-05,6.804149196132047e-06,12.00000000004529,3.128885466651134e-05,-0.0014474623162614765,-3.77411983738219e-09,-3.77411983738219e-09,0.05957117772236396,2.607404555532771e-06
0.19,89.99702148698012,90.0,0.08888599784358034,-0.04093249128669611,-8.495252949614988e-05,6.7636734422538e-06,12.000000000044743,3.102544054225702e-05,-0.0014420954081136555,-3.728470445043773e-09,-3.728470445043773e-09,0.059257331895720224,2.5854533785117783e-06
0.1902,89.99703921728192,90.0,0.08841705706011377,-0.04077284986312622,-8.463598093611942e-05,6.723411079637425e-06,12.0000000000442,3.076424664254575e-05,-0.0014367218986069655,-3.683305570444041e-09,-3.683305570444041e-09,0.058944704706742505,2.563687220202703e-06
0.1904,89.99705685397845,90.0,0.08794994505863156,-0.04061314794883358,-8.431906996308325e-05,6.683361277929533e-06,12.000000000043663,3.0505254234704558e-05,-0.0014313422370276479,-3.6386215697700233e-09,-3.6386215697700233e-09,0.058633296705754366,2.5421045195494637e-06
0.19060000000000002,89.99707439743554,90.0,0.0874846625344025,-0.04045339673042475,-8.400182264555982e-05,6.643523206401163e-06,12.000000000043133,3.0248444743624726e-05,-0.001425956865896849,-3.5944147887265077e-09,-3.5944147887265077e-09,0.05832310835626833,2.5207037286263333e-06
0.1908,89.99709184801915,90.0,0.08702121005450962,-0.040293607219077876,-8.368426465743377e-05,6.603896034034457e-06,12.000000000042608,2.9993799751025396e-05,-0.0014205662210366845,-3.5506815638911592e-09,-3.5506815638911592e-09,0.05801414003633974,2.499483312576575e-06
0.191,89.99710920609535,90.0,0.08655958805986007,-0.040133790252638565,-8.33664212826127e-05,6.564478929580434e-06,12.000000000042089,2.974130099412864e-05,-0.0014151707316492899,-3.50741822399293e-09,-3.50741822399293e-09,0.05770639203990671,2.478441749502027e-06
0.1912,89.99712647203025,90.0,0.08609979686717116,-0.03997395649768229,-8.304831741960901e-05,6.525271061616779e-06,12.000000000041576,2.949093036436479e-05,-0.0014097708203945976,-3.4646210911522048e-09,-3.4646210911522048e-09,0.05739986457811411,2.4575775303552177e-06
0.19140000000000001,89.99714364619001,90.0,0.0856418366709328,-0.03981411645118872,-8.272997758521687e-05,6.486271598634504e-06,12.000000000041068,2.9242669906723033e-05,-0.0014043669034527555,-3.4222864821212635e-09,-3.4222864821212635e-09,0.05709455778062187,2.436889158885246e-06
0.19160000000000002,89.99716072894087,90.0,0.08518570754535086,-0.03965428044325511,-8.241142592062088e-05,6.4474797090379484e-06,12.000000000040565,2.8996501817280605e-05,-0.0013989593906278237,-3.3804107093753607e-09,-3.3804107093753607e-09,0.056790471696900574,2.4163751514318822e-06
0.1918,89.99717772064903,90.0,0.08473140944625925,-0.03949445863870028,-8.209268619491498e-05,6.4088945612314575e-06,12.000000000040068,2.8752408442617352e-05,-0.0013935486854075073,-3.3389900822812783e-09,-3.3389900822812783e-09,0.05648760629750617,2.3960340368767793e-06
0.192,89.99719462168066,90.0,0.08427894221301357,-0.03933466103899815,-8.177378180939381e-05,6.370515323677151e-06,12.000000000039577,2.851037227863846e-05,-0.0013881351850360062,-3.298020908193558e-09,-3.298020908193558e-09,0.05618596147534238,2.3758643565453692e-06
0.1922,89.99721143240193,90.0,0.08382830557036304,-0.039174897484536064,-8.145473580260614e-05,6.332341164923821e-06,12.00000000003909,2.8270375968809896e-05,-0.0013827192805997957,-3.2574994934792697e-09,-3.2574994934792697e-09,0.0558855370469087,2.355864664059817e-06
0.19240000000000002,89.99722815317891,90.0,0.08337949913029595,-0.03901517765683635,-8.113557085532556e-05,6.294371253635818e-06,12.00000000003861,2.8032402302427007e-05,-0.0013773013571120082,-3.2174221445098564e-09,-3.2174221445098564e-09,0.05558633275353063,2.3360335251947347e-06
0.19260000000000002,89.9972447843776,90.0,0.0829325223938601,-0.03885551107932177,-8.08163092921199e-05,6.2566047587375e-06,12.000000000038135,2.779643421537627e-05,-0.0013718817935390725,-3.1777851687716714e-09,-3.1777851687716714e-09,0.0552883482625734,2.3163695179406612e-06
0.1928,89.99726132636386,90.0,0.08248737475297442,-0.03869590712020024,-8.049697308787651e-05,6.2190408493843475e-06,12.000000000037662,2.756245478721657e-05,-0.001366460962911484,-3.138584875718833e-09,-3.138584875718833e-09,0.05499158316864961,2.296871232260839e-06
0.193,89.99727777950345,90.0,0.08204405549220717,-0.03853637499423716,-8.017758387173053e-05,6.181678695020735e-06,12.000000000037197,2.733044724014902e-05,-0.0013610392323904876,-3.0998175777088194e-09,-3.0998175777088194e-09,0.05469603699480478,2.2775372700053584e-06
0.1932,89.99729414416196,90.0,0.08160256379053445,-0.03837692376414495,-7.985816293010114e-05,6.14451746546661e-06,12.000000000036739,2.710039493862663e-05,-0.0013556169633196183,-3.0614795909459093e-09,-3.0614795909459093e-09,0.05440170919368963,2.2583662448786385e-06
0.19340000000000002,89.99731042070482,90.0,0.08116289872308204,-0.03821756234337034,-7.95387312129973e-05,6.107556330888596e-06,12.000000000036284,2.6872281386524463e-05,-0.0013501945113317446,-3.023567236244819e-09,-3.023567236244819e-09,0.05410859914872136,2.2393567822036007e-06
0.19360000000000002,89.99732660949724,90.0,0.08072505926283619,-0.03805829949670679,-7.921930933524263e-05,6.070794461944446e-06,12.000000000035833,2.6646090228040726e-05,-0.0013447722263698596,-2.9860768399922908e-09,-2.9860768399922908e-09,0.053816706175224126,2.220507518996763e-06
0.1938,89.99734271090422,90.0,0.0802890442823464,-0.037899143842671956,-7.889991758182788e-05,6.034231029783039e-06,12.000000000035389,2.642180524553177e-05,-0.0013393504527779425,-2.949004734892436e-09,-2.949004734892436e-09,0.05352602952156426,2.201817103787821e-06
0.194,89.99735872529055,90.0,0.07985485255540192,-0.03774010385584861,-7.8580575913181e-05,5.997865206044384e-06,12.000000000034948,2.6199410357380432e-05,-0.0013339295293904184,-2.9123472606854295e-09,-2.9123472606854295e-09,0.053236568370267946,2.1832841964420108e-06
0.1942,89.99737465302076,90.0,0.07942248275868069,-0.037581187867765764,-7.826130396702785e-05,5.961696162975177e-06,12.000000000034515,2.597888961836066e-05,-0.0013285097895637443,-2.876100764990733e-09,-2.876100764990733e-09,0.05294832183912046,2.164907468190495e-06
0.19440000000000002,89.99739049445908,90.0,0.07899193347338855,-0.03742240406918765,-7.794212106354533e-05,5.925723073428801e-06,12.000000000034083,2.5760227217553086e-05,-0.001323091561263887,-2.8402616039739986e-09,-2.8402616039739986e-09,0.05266128898225904,2.14668560145666e-06
0.19460000000000002,89.99740624996944,90.0,0.07856320318687228,-0.037263760510944655,-7.762304620710914e-05,5.889945110980887e-06,12.000000000033658,2.554340747875529e-05,-0.0013176751670959887,-2.8048261431396164e-09,-2.8048261431396164e-09,0.05237546879124819,2.128617289890304e-06
0.1948,89.99742191991551,90.0,0.07813629029422274,-0.03710526510723766,-7.730409809382498e-05,5.854361449842645e-06,12.000000000033237,2.5328414856597783e-05,-0.0013122609244322141,-2.769790757835798e-09,-2.769790757835798e-09,0.05209086019614849,2.110701238043969e-06
0.195,89.99743750466058,90.0,0.07771119309984059,-0.03694692563604786,-7.69852951122975e-05,5.8189712650053075e-06,12.000000000032822,2.5115233937629297e-05,-0.0013068491454248034,-2.735151834037091e-09,-2.735151834037091e-09,0.0518074620665604,2.0929361614633835e-06
0.1952,89.99745300456763,90.0,0.07728790981899707,-0.036788749741315865,-7.666665534853606e-05,5.783773732240139e-06,12.000000000032411,2.4903849438332677e-05,-0.0013014401370893469,-2.700905768915716e-09,-2.700905768915716e-09,0.051525273212664716,2.0753207865221175e-06
0.19540000000000002,89.99746841999925,90.0,0.07686643857936974,-0.03663074493437568,-7.634819658912163e-05,5.7487680281562085e-06,12.000000000032005,2.4694246204402376e-05,-0.0012960342013585463,-2.6670489714657156e-09,-2.6670489714657156e-09,0.0512442923862465,2.0578538503613763e-06
0.1956,89.99748375131765,90.0,0.07644677742256217,-0.03647291859536589,-7.602993632432218e-05,5.713953330258172e-06,12.000000000031603,2.4486409210043017e-05,-0.0012906316351350988,-2.6335778631051445e-09,-2.6335778631051445e-09,0.05096451828170812,2.040534100831544e-06
0.1958,89.99749899888462,90.0,0.0760289243056069,-0.03631527797568346,-7.571189175364773e-05,5.679328816917382e-06,12.000000000031207,2.428032355544311e-05,-0.0012852327303859955,-2.6004888781447e-09,-2.6004888781447e-09,0.05068594953707127,2.023360296281664e-06
0.196,89.9975141630616,90.0,0.07561287710244088,-0.036157830198978155,-7.53940797879968e-05,5.644893667458558e-06,12.000000000030813,2.4075974466744875e-05,-0.0012798377741789582,-2.567778464385756e-09,-2.567778464385756e-09,0.05040858473496059,2.0063312055569214e-06
0.1962,89.99752924420952,90.0,0.07519863360536898,-0.03600058226248526,-7.50765170525953e-05,5.610647062217565e-06,12.000000000030425,2.3873347295413964e-05,-0.0012744470487323278,-2.5354430836604237e-09,-2.5354430836604237e-09,0.05013242240357931,1.9894456079461196e-06
0.19640000000000002,89.99754424268889,90.0,0.07478619152651249,-0.035843541039048285,-7.475921989155026e-05,5.576588182541413e-06,12.000000000030042,2.3672427516397615e-05,-0.0012690608314923657,-2.5034792122772585e-09,-2.5034792122772585e-09,0.049857461017674985,1.972702293028196e-06
0.1966,89.99755915885977,90.0,0.07437554849923474,-0.035686713278754015,-7.444220437149995e-05,5.542716210817153e-06,12.000000000029662,2.347320072692761e-05,-0.0012636793951952153,-2.4718833414855377e-09,-2.4718833414855377e-09,0.049583698999489834,1.9561000605724655e-06
0.1968,89.99757399308172,90.0,0.07396670207954721,-0.03553010561018538,-7.412548628437312e-05,5.509030330529646e-06,12.000000000029289,2.32756526459627e-05,-0.0012583030079137414,-2.440651977958235e-09,-2.440651977958235e-09,0.04931113471969814,1.9396377204921575e-06
0.197,89.99758874571383,90.0,0.07355964974750209,-0.0353737245420106,-7.380908115093574e-05,5.475529726290462e-06,12.000000000028917,2.3079769113033407e-05,-0.0012529319331177364,-2.4097816442195238e-09,-2.4097816442195238e-09,0.04903976649833473,1.923314092748149e-06
0.19720000000000001,89.99760341711462,90.0,0.0731543889085662,-0.03521757646419084,-7.349300422344842e-05,5.442213583895657e-06,12.000000000028551,2.2885536087725672e-05,-0.001247566429719032,-2.3792688790918373e-09,-2.3792688790918373e-09,0.048769592605710795,1.9071280073059351e-06
0.19740000000000002,89.99761800764215,90.0,0.07275091689498105,-0.035061667649879474,-7.317727048994212e-05,5.409081090325771e-06,12.00000000002819,2.269293964795146e-05,-0.0012422067521440795,-2.3491102380514307e-09,-2.3491102380514307e-09,0.0485006112633207,1.8910783039915126e-06
0.1976,89.99763251765388,90.0,0.07234923096710139,-0.03490600425693552,-7.286189467759467e-05,5.376131433774719e-06,12.000000000027832,2.2501965988862285e-05,-0.0012368531503912676,-2.3193022936047436e-09,-2.3193022936047436e-09,0.04823282064473426,1.8751638324008413e-06
0.1978,89.9976469475068,90.0,0.07194932831471623,-0.034750592329412966,-7.254689125605288e-05,5.343363803678685e-06,12.000000000027477,2.2312601421784803e-05,-0.0012315058700873174,-2.289841635648641e-09,-2.289841635648641e-09,0.04796621887647748,1.8593834518111428e-06
0.198,89.99766129755723,90.0,0.07155120605835281,-0.03459543779796044,-7.223227443820935e-05,5.310777390831672e-06,12.000000000027129,2.212483237502374e-05,-0.0012261651525004675,-2.2607248719255776e-09,-2.2607248719255776e-09,0.04770080403890188,1.84373603124781e-06
0.19820000000000002,89.99767556816097,90.0,0.07115486125057607,-0.03444054648305653,-7.191805818760908e-05,5.278371387269957e-06,12.000000000026784,2.1938645389748987e-05,-0.0012208312346662037,-2.2319486281676244e-09,-2.2319486281676244e-09,0.04743657416705071,1.8282204491416683e-06
0.19840000000000002,89.99768975967322,90.0,0.07076029087725097,-0.034285924094640874,-7.160425621743457e-05,5.246144986445412e-06,12.000000000026443,2.1754027122081797e-05,-0.0012155043493700314,-2.2035095485954823e-09,-2.2035095485954823e-09,0.04717352725150065,1.8128355935028217e-06
0.1986,89.99770387244854,90.0,0.07036749185880915,-0.03413157623459315,-7.129088199614814e-05,5.214097383167742e-06,12.000000000026105,2.1570964340253957e-05,-0.0012101847252432556,-2.1754042961071258e-09,-2.1754042961071258e-09,0.0469116612392061,1.7975803616839191e-06
0.1988,89.99771790684089,90.0,0.069976461051487,-0.033977508397396036,-7.097794874889228e-05,5.182227773691142e-06,12.000000000025771,2.1389443924879307e-05,-0.0012048725867867518,-2.147629552637013e-09,-2.147629552637013e-09,0.04665097403432466,1.7824536604027808e-06
0.199,89.9977318632036,90.0,0.0695871952485563,-0.03382372597256399,-7.066546946301894e-05,5.150535355656523e-06,12.000000000025441,2.1209452866158724e-05,-0.001199568154464828,-2.1201820193177364e-09,-2.1201820193177364e-09,0.04639146349903753,1.7674544055094798e-06
0.19920000000000002,89.99774574188933,90.0,0.06919969118152695,-0.03367023424490147,-7.035345688854805e-05,5.119019328207073e-06,12.000000000025118,2.103097826481172e-05,-0.0011942716447130072,-2.093058416848969e-09,-2.093058416848969e-09,0.0461331274543513,1.752581522063975e-06
0.19940000000000002,89.99775954325011,90.0,0.0688139455213469,-0.033517038396178395,-7.004192354193931e-05,5.08767889198825e-06,12.000000000024794,2.0854007330550894e-05,-0.0011889832700020563,-2.0662554857061685e-09,-2.0662554857061685e-09,0.045875963680897934,1.7378339442089838e-06
0.1996,89.99777326763727,90.0,0.06842995487958242,-0.033364143506778174,-6.973088170980251e-05,5.05651324914779e-06,12.000000000024478,2.067852738058117e-05,-0.0011837032389009686,-2.0397699863371967e-09,-2.0397699863371967e-09,0.04561996991972161,1.7232106150449156e-06
0.1998,89.99778691540149,90.0,0.0680477158095802,-0.03321155455625435,-6.942034345005832e-05,5.025521603422371e-06,12.000000000024162,2.050452583996818e-05,-0.0011784317560966692,-2.013598699456215e-09,-2.013598699456215e-09,0.045365143873053466,1.7087104866605745e-06
0.2,89.9978004868927,90.0,0.06766722480762245,-0.033059276425298795,-6.911032059640021e-05,4.994703160108729e-06,12.000000000023853,2.0331990239554166e-05,-0.0011731690224697567,-1.987738426179582e-09,-1.987738426179582e-09,0.04511148320508163,1.6943325199594793e-06
0.20020000000000002,89.99781398246017,90.0,0.06728847831405979,-0.032907313896968216,-6.880082476102478e-05,4.964057126092539e-06,12.000000000023547,2.0160908215132966e-05,-0.0011679152351408528,-1.962185988223664e-09,-1.962185988223664e-09,0.04485898554270652,1.680075684591117e-06
0.20040000000000002,89.99782740245246,90.0,0.0669114727144298,-0.03275567165753543,-6.84918673364868e-05,4.933582709906204e-06,12.000000000023242,1.999126750725826e-05,-0.0011626705875020908,-1.9369382281275335e-09,-1.9369382281275335e-09,0.04460764847628654,1.6659389589349616e-06
0.2006,89.99784074721738,90.0,0.0665362043405663,-0.032604354298393395,-6.818345950001652e-05,4.9032791216999585e-06,12.000000000022943,1.982305595921797e-05,-0.001157435269290404,-1.9119920093560277e-09,-1.9119920093560277e-09,0.04435746956037753,1.6519213299316723e-06
0.2008,89.99785401710197,90.0,0.06616266947168625,-0.03245336631579665,-6.787561221278373e-05,4.873145573386323e-06,12.000000000022649,1.9656261518728442e-05,-0.0011522094665750327,-1.8873442166092245e-09,-1.8873442166092245e-09,0.044108446314457504,1.6380217932242786e-06
0.201,89.99786721245258,90.0,0.06579086433548002,-0.03230271211415969,-6.756833622747727e-05,4.84318127849565e-06,12.000000000022357,1.9490872233472262e-05,-0.0011469933618861883,-1.862991755760238e-09,-1.862991755760238e-09,0.043860576223653344,1.6242393527863291e-06
0.20120000000000002,89.99788033361477,90.0,0.06542078510916373,-0.032152396005750226,-6.72616420874606e-05,4.813385452320577e-06,12.000000000022066,1.932687625283617e-05,-0.0011417871342007202,-1.8389315541447657e-09,-1.8389315541447657e-09,0.043613856739442486,1.6105730210667193e-06
0.20140000000000002,89.99789338093333,90.0,0.06505242792053485,-0.032002422212518214,-6.695554013092027e-05,4.7837573118871345e-06,12.000000000021782,1.9164261825953877e-05,-0.0011365909590125354,-1.8151605606240585e-09,-1.8151605606240585e-09,0.04336828528035657,1.597021818826591e-06
0.2016,89.99790635475229,90.0,0.06468578884900741,-0.031852794867185966,-6.665004049328942e-05,4.7542960759836354e-06,12.000000000021501,1.900301730100507e-05,-0.0011314050083737403,-1.7916757457109544e-09,-1.7916757457109544e-09,0.04312385923267161,1.5835847750809184e-06
0.2018,89.99791925541487,90.0,0.0643208639266343,-0.031703518013965135,-6.63451531088003e-05,4.725000965218459e-06,12.00000000002122,1.8843131125146076e-05,-0.001126229450920993,-1.768474101722334e-09,-1.768474101722334e-09,0.04288057595108953,1.5702609270927296e-06
0.202,89.99793208326348,90.0,0.0639576491391214,-0.03155459560997263,-6.604088771367199e-05,4.695871202020045e-06,12.000000000020947,1.8684591843220434e-05,-0.0011210644519296172,-1.7455526428509957e-09,-1.7455526428509957e-09,0.042638432759414265,1.5570493202656516e-06
0.20220000000000002,89.99794483863975,90.0,0.0635961404268255,-0.03140603152697927,-6.573725385007785e-05,4.6669060106080084e-06,12.000000000020675,1.8527388095874882e-05,-0.0011159101733809512,-1.7229084051940243e-09,-1.7229084051940243e-09,0.042397426951217,1.5439490079869134e-06
0.2024,89.9979575218845,90.0,0.06323633368573238,-0.0312578295520648,-6.543426086755873e-05,4.6381046170509175e-06,12.000000000020407,1.837150861954638e-05,-0.0011107667739863364,-1.7005384468800835e-09,-1.7005384468800835e-09,0.04215755579048825,1.5309590516262615e-06
0.2026,89.9979701333377,90.0,0.06287822476842701,-0.031109993387907,-6.513191792358149e-05,4.6094662493529615e-06,12.00000000002014,1.8216942247073927e-05,-0.0011056344091965994,-1.6784398482231958e-09,-1.6784398482231958e-09,0.041918816512284685,1.5180785205869461e-06
0.2028,89.9979826733385,90.0,0.06252180948506096,-0.030962526655197883,-6.48302339890709e-05,4.580990137367286e-06,12.00000000001988,1.806367790462334e-05,-0.0011005132312959568,-1.656609711656123e-09,-1.656609711656123e-09,0.04168120632337397,1.5053064920494513e-06
0.203,89.9979951422252,90.0,0.06216708360429154,-0.030815432893244787,-6.452921784970138e-05,4.552675512853766e-06,12.000000000019622,1.7911704611723194e-05,-0.0010954033894239432,-1.635045161834165e-09,-1.635045161834165e-09,0.041444722402861026,1.4926420509744921e-06
0.20320000000000002,89.99800754033524,90.0,0.06181404285421441,-0.03066871556056175,-6.422887810716678e-05,4.524521609536794e-06,12.000000000019366,1.7761011481309943e-05,-0.001090305029596967,-1.6137433457308713e-09,-1.6137433457308713e-09,0.041209361902809605,1.4800842901067734e-06
0.2034,89.99801986800522,90.0,0.06146268292328943,-0.030522378036872966,-6.39292231837524e-05,4.496527663047491e-06,12.000000000019114,1.7611587717319884e-05,-0.0010852182947859203,-1.5927014325860084e-09,-1.5927014325860084e-09,0.04097512194885962,1.4676323097743193e-06
0.2036,89.99803212557089,90.0,0.06111299946124341,-0.030376423623307277,-6.36302613226804e-05,4.468692911010383e-06,12.000000000018863,1.7463422615387515e-05,-0.001080143324922044,-1.5719166140228195e-09,-1.5719166140228195e-09,0.04074199964082894,1.4552852179466719e-06
0.2038,89.99804431336707,90.0,0.06076498807997066,-0.030230855543655736,-6.333200059094118e-05,4.441016593043399e-06,12.000000000018616,1.731650556170013e-05,-0.0010750802569449893,-1.5513861040527528e-09,-1.5513861040527528e-09,0.04050999205331378,1.443042130139439e-06
0.20400000000000001,89.99805643172778,90.0,0.060418644354419224,-0.03008567694596415,-6.303444888290922e-05,4.413497950728981e-06,12.000000000018375,1.7170826031256166e-05,-0.0010700292248641996,-1.531107139039577e-09,-1.531107139039577e-09,0.040279096236279475,1.4309021692691562e-06
0.20420000000000002,89.99806848098606,90.0,0.06007396382345862,-0.02994089090267904,-6.273761392057957e-05,4.386136227700752e-06,12.000000000018133,1.7026373588607203e-05,-0.0010649903597629248,-1.5110769777967787e-09,-1.5110769777967787e-09,0.04004930921563908,1.4188644657151229e-06
0.2044,89.99808046147413,90.0,0.05973094199074632,-0.02979650041221255,-6.244150325712153e-05,4.358930669614629e-06,12.000000000017895,1.6883137886141477e-05,-0.0010599637898585446,-1.4912929015393509e-09,-1.4912929015393509e-09,0.03982062799383088,1.4069281571763584e-06
0.2046,89.99809237352328,90.0,0.05938957432557601,-0.02965250839977168,-6.214612427871495e-05,4.33188052417771e-06,12.00000000001766,1.674110866362038e-05,-0.0010549496405337414,-1.4717522138997194e-09,-1.4717522138997194e-09,0.03959304955038401,1.3950923886329785e-06
0.2048,89.99810421746385,90.0,0.059049856263716276,-0.029508917718174054,-6.185148420635581e-05,4.304985041177169e-06,12.00000000001743,1.6600275747727342e-05,-0.0010499480343671513,-1.452452240937808e-09,-1.452452240937808e-09,0.03936657084247752,1.3833563123086026e-06
0.20500000000000002,89.99811599362532,90.0,0.05871178320824016,-0.0293657311493614,-6.155759009929441e-05,4.278243472451359e-06,12.0000000000172,1.6460629050398002e-05,-0.0010449590911917263,-1.4333903310769476e-09,-1.4333903310769476e-09,0.039141188805493436,1.3717190875312006e-06
0.20520000000000002,89.99812770233623,90.0,0.05837535053033731,-0.029222951404823044,-6.126444885592721e-05,4.2516550719475966e-06,12.000000000016975,1.632215856901796e-05,-0.0010399829281098757,-1.414563855138082e-09,-1.414563855138082e-09,0.0389169003535582,1.3601798807495725e-06
0.2054,89.99813934392421,90.0,0.05804055357012113,-0.029080581126722876,-6.097206721633396e-05,4.225219095722161e-06,12.000000000016751,1.6184854385396578e-05,-0.0010350196595365333,-1.395970206299846e-09,-1.395970206299846e-09,0.038693702380080755,1.3487378654478322e-06
0.2056,89.99815091871591,90.0,0.057707387637423425,-0.028938622888653596,-6.0680451763945035e-05,4.1989348019691845e-06,12.00000000001653,1.6048706665371923e-05,-0.001030069397227462,-1.377606800088103e-09,-1.377606800088103e-09,0.038471591758282284,1.3373922221124845e-06
0.2058,89.99816242703706,90.0,0.057375848012579694,-0.028797079197088488,-6.038960892884053e-05,4.172801450991758e-06,12.000000000016314,1.591370565719701e-05,-0.001025132250335256,-1.3594710742927573e-09,-1.3594710742927573e-09,0.0382505653417198,1.326142138097948e-06
0.20600000000000002,89.99817386921245,90.0,0.057045929947198544,-0.02865595249174521,-6.009954498850775e-05,4.14681830525972e-06,12.000000000016097,1.5779841691791974e-05,-0.0010202083254221995,-1.3415604889824084e-09,-1.3415604889824084e-09,0.03803061996479903,1.314986807647567e-06
0.20620000000000002,89.99818524556594,90.0,0.056717628664926585,-0.028515245146653725,-5.981026607024545e-05,4.120984629409647e-06,12.000000000015888,1.5647105181771673e-05,-0.0010152977265010803,-1.3238725264462518e-09,-1.3238725264462518e-09,0.03781175244328439,1.3039254318125796e-06
0.2064,89.99819655642037,90.0,0.056390939362200944,-0.02837495947120702,-5.952177815352931e-05,4.09529969024486e-06,12.000000000015678,1.5515486620488902e-05,-0.0010104005550753434,-1.3064046911321306e-09,-1.3064046911321306e-09,0.03759395957480063,1.292957218372386e-06
0.2066,89.99820780209765,90.0,0.056065857208990065,-0.028235097710840255,-5.923408707151019e-05,4.069762756764311e-06,12.000000000015469,1.538497658170759e-05,-0.0010055169101645248,-1.289154509614354e-09,-1.289154509614354e-09,0.03737723813932671,1.2820813818073133e-06
0.2068,89.99821898291876,90.0,0.05574237734952644,-0.028095662048053735,-5.8947198513317075e-05,4.044373100162584e-06,12.000000000015266,1.5255565718671387e-05,-0.0010006468883433455,-1.2721195305238764e-09,-1.2721195305238764e-09,0.03716158489968429,1.2712971432209982e-06
0.20700000000000002,89.99823009920365,90.0,0.05542049490302773,-0.027956654603419905,-5.8661118026324174e-05,4.019129993829895e-06,12.000000000015064,1.512724476318664e-05,-0.0009957905837801944,-1.2552973244750503e-09,-1.2552973244750503e-09,0.036946996602018486,1.2606037302639709e-06
0.20720000000000002,89.99824115127132,90.0,0.055100204964406624,-0.027818077436219144,-5.83758510175515e-05,3.9940327133809825e-06,12.000000000014865,1.5000004525335183e-05,-0.0009909480882609053,-1.2386854840222845e-09,-1.2386854840222845e-09,0.03673346997627108,1.250000377109717e-06
0.2074,89.99825213943976,90.0,0.054781502604972845,-0.027679932544709462,-5.809140275421056e-05,3.969080536712888e-06,12.000000000014667,1.4873835893812187e-05,-0.0009861194911980188,-1.2222816236459146e-09,-1.2222816236459146e-09,0.036521001736648566,1.2394863244828339e-06
0.2076,89.99826306402602,90.0,0.05446438287313251,-0.027542221868523984,-5.780777836922482e-05,3.944272743889392e-06,12.000000000014474,1.474872983257613e-05,-0.0009813048797244954,-1.206083379535645e-09,-1.206083379535645e-09,0.03630958858208834,1.2290608193798617e-06
0.2078,89.9982739253461,90.0,0.054148840795059876,-0.02740494728783267,-5.752498285918868e-05,3.919608617285469e-06,12.000000000014282,1.4624677383070738e-05,-0.0009765043386590673,-1.1900884096700595e-09,-1.1900884096700595e-09,0.036099227196706586,1.2187231152544444e-06
0.20800000000000002,89.99828472371505,90.0,0.05383487137537873,-0.02726811062500415,-5.724302108817031e-05,3.895087441529505e-06,12.00000000001409,1.450166966212829e-05,-0.0009717179505707923,-1.1742943936601158e-09,-1.1742943936601158e-09,0.03588991425025248,1.2084724718426052e-06
0.2082,89.9982954594469,90.0,0.053522469597824626,-0.027131713645530395,-5.696189778979335e-05,3.870708503503296e-06,12.000000000013905,1.4379697861127595e-05,-0.0009669457958143933,-1.15869903265687e-09,-1.15869903265687e-09,0.03568164639854975,1.1983081550925776e-06
0.2084,89.99830613285465,90.0,0.05321163042589667,-0.02699575805858155,-5.668161756845521e-05,3.846471092370945e-06,12.00000000001372,1.4258753245780485e-05,-0.0009621879525509373,-1.143300049289239e-09,-1.143300049289239e-09,0.035474420283931114,1.1882294371470151e-06
0.2086,89.99831674425033,90.0,0.052902348803502884,-0.026860245517196443,-5.640218489969455e-05,3.822374499636629e-06,12.000000000013536,1.4138827156541814e-05,-0.0009574444967540742,-1.1280951876310622e-09,-1.1280951876310622e-09,0.03526823253566859,1.1782355963771553e-06
0.2088,89.99832729394497,90.0,0.05259461965560338,-0.026725177620601767,-5.612360413553535e-05,3.7984180190290534e-06,12.000000000013358,1.4019911005330678e-05,-0.0009527155023007545,-1.1130822129700521e-09,-1.1130822129700521e-09,0.03506307977040225,1.1683259171095893e-06
0.20900000000000002,89.99833778224853,90.0,0.052288437888826866,-0.02659055591329645,-5.584587950227188e-05,3.7746009466458915e-06,12.00000000001318,1.3901996277822842e-05,-0.0009480010409336277,-1.098258911868083e-09,-1.098258911868083e-09,0.03485895859255125,1.1584996898172977e-06
0.2092,89.99834820946995,90.0,0.051983798392098046,-0.02645638188663831,-5.5569015104102176e-05,3.75092258089601e-06,12.000000000013003,1.378507453142244e-05,-0.0009433011823227223,-1.0836230919902953e-09,-1.0836230919902953e-09,0.03465586559473203,1.1487562109506252e-06
0.2094,89.99835857591722,90.0,0.051680696037246086,-0.026322656980048816,-5.529301492587115e-05,3.727382222470576e-06,12.000000000012829,1.366913739387323e-05,-0.0009386159941120103,-1.069172581965855e-09,-1.069172581965855e-09,0.034453797358164055,1.1390947828215514e-06
0.2096,89.99836888189722,90.0,0.051379125679600166,-0.026189382580778853,-5.501788283245086e-05,3.70397917442973e-06,12.000000000012658,1.3554176564347072e-05,-0.0009339455419088881,-1.054905231375377e-09,-1.054905231375377e-09,0.03425275045306678,1.1295147136943979e-06
0.20980000000000001,89.99837912771586,90.0,0.05107908215858709,-0.026056560025098457,-5.4743622571449886e-05,3.6807127421736918e-06,12.00000000001249,1.344018381206879e-05,-0.0009292898893301679,-1.0408189106067935e-09,-1.0408189106067935e-09,0.03405272143905806,1.1200153176712334e-06
0.21000000000000002,89.99838931367796,90.0,0.05078056029831531,-0.02592419059875692,-5.4470237774218255e-05,3.6575822334716535e-06,12.000000000012324,1.3327150976188978e-05,-0.0009246490980191371,-1.0269115107737789e-09,-1.0269115107737789e-09,0.033853706865543544,1.1105959146812743e-06
0.2102,89.99839944008735,90.0,0.05048355490815418,-0.025792275538857434,-5.419773196016019e-05,3.6345869583751105e-06,12.000000000012157,1.3215069963201703e-05,-0.0009200232277187687,-1.0131809435051554e-09,-1.0131809435051554e-09,0.03365570327210279,1.1012558302656929e-06
0.2104,89.9984095072468,90.0,0.050188060783291015,-0.02566081603285858,-5.3926108534332324e-05,3.6117262293623067e-06,12.000000000011996,1.3103932749312446e-05,-0.00091541233623095,-9.996251409874475e-10,-9.996251409874475e-10,0.033458707188860674,1.0919943957749456e-06
0.2106,89.99841951545804,90.0,0.04989407270530013,-0.025529813220434572,-5.3655370791723985e-05,3.58899936125157e-06,12.000000000011834,1.2993731377868922e-05,-0.0009108164794891418,-9.862420557505413e-10,-9.862420557505413e-10,0.03326271513686675,1.0828109481546756e-06
0.21080000000000002,89.99842946502176,90.0,0.049601585442690416,-0.02539926819388462,-5.3385521918147994e-05,3.5664056712301983e-06,12.000000000011678,1.2884457959280125e-05,-0.0009062357115735,-9.730296605796423e-10,-9.730296605796423e-10,0.03306772362846028,1.0737048299389655e-06
0.21100000000000002,89.9984393562376,90.0,0.049310593751448084,-0.02526918199853545,-5.3116564991116125e-05,3.543944478883351e-06,12.00000000001152,1.2776104670941437e-05,-0.0009016700847257368,-9.599859484251323e-10,-9.599859484251323e-10,0.03287372916763206,1.0646753892440977e-06
0.2112,89.99844918940414,90.0,0.049021092375574934,-0.025139555634203434,-5.284850298319229e-05,3.5216151061362705e-06,12.000000000011365,1.26686637553198e-05,-0.000897119649406042,-9.471089322170637e-10,-9.471089322170637e-10,0.03268072825038329,1.0557219796089833e-06
0.2114,89.99845896481894,90.0,0.048733076047609965,-0.02501039005450173,-5.258133876030973e-05,3.4994168773698383e-06,12.000000000011212,1.25621275217515e-05,-0.0008925844542645171,-9.34396644866113e-10,-9.34396644866113e-10,0.032488717365073305,1.0468439601449802e-06
0.2116,89.99846868277844,90.0,0.04844653948915857,-0.024881686168645112,-5.231507508592644e-05,3.4773491193339086e-06,12.000000000011063,1.2456488343923592e-05,-0.0008880645462117144,-9.218471390439845e-10,-9.218471390439845e-10,0.03229769299277238,1.038040695326009e-06
0.21180000000000002,89.9984783435781,90.0,0.04816147741140148,-0.02475344484216048,-5.2049714622624737e-05,3.455411161147307e-06,12.000000000010914,1.235173865922682e-05,-0.0008835599704457904,-9.094584870575541e-10,-9.094584870575541e-10,0.032107651607600984,1.029311554934632e-06
0.21200000000000002,89.99848794751226,90.0,0.04787788451559526,-0.02462566689651996,-5.178525993119304e-05,3.4336023343845e-06,12.000000000010766,1.2247870969964946e-05,-0.0008790707704369189,-8.972287808141166e-10,-8.972287808141166e-10,0.03191858967706351,1.0206559141628298e-06
0.2122,89.99849749487426,90.0,0.04759575549357723,-0.024498353111266913,-5.152171347553511e-05,3.411921972960035e-06,12.000000000010623,1.2144877840251883e-05,-0.0008745969880106269,-8.851561315693251e-10,-8.851561315693251e-10,0.03173050366238482,1.0120731533534276e-06
0.2124,89.99850698595631,90.0,0.04731508502824577,-0.024371504222910276,-5.125907762002718e-05,3.390369413272993e-06,12.000000000010479,1.2042751898477133e-05,-0.0008701386633029306,-8.732386699517143e-10,-8.732386699517143e-10,0.03154339001883051,1.0035626582055515e-06
0.2126,89.99851642104962,90.0,0.04703586779405355,-0.02424512092703429,-5.099735463439053e-05,3.3689439940914226e-06,12.000000000010338,1.1941485834217786e-05,-0.0008656958348430492,-8.614745457092255e-10,-8.614745457092255e-10,0.031357245196035693,9.951238195172914e-07
0.21280000000000002,89.99852580044426,90.0,0.046758098457476374,-0.02411920387788731,-5.073654669267356e-05,3.347645056639017e-06,12.000000000010198,1.1841072399488101e-05,-0.0008612685395361254,-8.498619276699979e-10,-8.498619276699979e-10,0.03117206563831758,9.867560332898366e-07
0.21300000000000002,89.99853512442931,90.0,0.04648177167748702,-0.023993753689753997,-5.047665587640249e-05,3.3264719445373286e-06,12.000000000010061,1.1741504406906564e-05,-0.000856856812716709,-8.38399003549393e-10,-8.38399003549393e-10,0.030987847784991345,9.784587005747266e-07
0.2132,89.99854439329275,90.0,0.046206882106012905,-0.02386877093723898,-5.021768417518918e-05,3.3054240038346625e-06,12.000000000009926,1.1642774729729305e-05,-0.0008524606881590757,-8.270839798481608e-10,-8.270839798481608e-10,0.03080458807067527,9.702312274766396e-07
0.2134,89.99855360732145,90.0,0.04593342438839102,-0.023744256155546928,-4.995963348733103e-05,3.2845005830349636e-06,12.000000000009791,1.154487630188673e-05,-0.0008480801980874095,-8.15915081749229e-10,-8.15915081749229e-10,0.030622282925594015,9.620730251564425e-07
0.2136,89.99856276680127,90.0,0.04566139316381928,-0.023620209841823156,-4.9702505622890385e-05,3.2637010330400397e-06,12.00000000000966,1.144780211617942e-05,-0.0008437153732280775,-8.048905529238099e-10,-8.048905529238099e-10,0.03044092877587952,9.539835096808503e-07
0.21380000000000002,89.99857187201698,90.0,0.04539078306579261,-0.023496632455052083,-4.944630230340462e-05,3.2430247072073385e-06,12.000000000009528,1.1351545224953978e-05,-0.0008393662428047081,-7.940086554574816e-10,-7.940086554574816e-10,0.030260522043861746,9.45962102078747e-07
0.21400000000000002,89.99858092325226,90.0,0.045121588722540296,-0.02337352441666779,-4.9191025163260585e-05,3.222470961349949e-06,12.0000000000094,1.1256098739547045e-05,-0.0008350328345615223,-7.832676697150821e-10,-7.832676697150821e-10,0.0300810591483602,9.380082282948522e-07
0.2142,89.99858992078973,90.0,0.044853804757456234,-0.023250886111865404,-4.8936675752708436e-05,3.2020391536788233e-06,12.000000000009273,1.1161455828507749e-05,-0.0008307151748144951,-7.726658941463263e-10,-7.726658941463263e-10,0.029902536504970822,9.301213190415937e-07
0.2144,89.99859886491089,90.0,0.04458742578951424,-0.0231287178891151,-4.8683255536675277e-05,3.1817286448894415e-06,12.000000000009146,1.1067609718915399e-05,-0.0008264132884312162,-7.622016452395994e-10,-7.622016452395994e-10,0.029724950526342827,9.223008099089136e-07
0.2146,89.99860775589624,90.0,0.044322446433688704,-0.023007020061460014,-4.843076589774864e-05,3.1615387981040377e-06,12.000000000009024,1.0974553694614159e-05,-0.0008221271988815357,-7.518732573267801e-10,-7.518732573267801e-10,0.029548297622459137,9.145461412171589e-07
0.21480000000000002,89.99861659402517,90.0,0.04405886130136086,-0.022885792906728188,-4.8179208136622894e-05,3.1414689789004856e-06,12.0000000000089,1.0882281096311784e-05,-0.0008178569282451418,-7.416790824769275e-10,-7.416790824769275e-10,0.029372574200907237,9.068567580253095e-07
0.215,89.99862537957594,90.0,0.043796665000721845,-0.02276503666845072,-4.7928583474196976e-05,3.121518555283411e-06,12.000000000008779,1.079078532045182e-05,-0.0008136024972471709,-7.316174903309409e-10,-7.316174903309409e-10,0.029197776667147894,8.992321100369938e-07
0.2152,89.99863411282583,90.0,0.04353585213716623,-0.022644751556055845,-4.7678893051980646e-05,3.10168689771308e-06,12.000000000008662,1.0700059819328584e-05,-0.0008093639252651036,-7.216868679947455e-10,-7.216868679947455e-10,0.029023901424777485,8.916716516100717e-07
0.2154,89.99864279405094,90.0,0.04327641731368236,-0.022524937745058746,-4.743013793249102e-05,3.081973379134291e-06,12.000000000008543,1.0610098101206109e-05,-0.0008051412303354958,-7.118856199316095e-10,-7.118856199316095e-10,0.028850944875788244,8.841748417665463e-07
0.2156,89.99865142352635,90.0,0.04301835513124114,-0.022405595378670207,-4.7182319102966364e-05,3.0623773748897035e-06,12.000000000008427,1.0520893727978032e-05,-0.0008009344292170217,-7.022121677387593e-10,-7.022121677387593e-10,0.028678903420827424,8.767411439975536e-07
0.21580000000000002,89.99866000152609,90.0,0.04276166018916631,-0.022286724567247812,-4.693543747403834e-05,3.042898262806506e-06,12.000000000008313,1.043244031654261e-05,-0.0007967435373679349,-6.926649500980216e-10,-6.926649500980216e-10,0.028507773459444205,8.693700263779486e-07
0.216,89.99866852832302,90.0,0.04250632708551078,-0.02216832538917666,-4.6689493881745545e-05,3.0235354231675315e-06,12.0000000000082,1.0344731537708916e-05,-0.0007925685689802486,-6.832424226100999e-10,-6.832424226100999e-10,0.028337551390340523,8.62060961475154e-07
0.2162,89.99867700418898,90.0,0.04225235041742298,-0.022050397891380864,-4.6444489088684975e-05,3.004288238711252e-06,12.000000000008086,1.0257761115731157e-05,-0.0007884095369992821,-6.73943057658116e-10,-6.73943057658116e-10,0.028168233611615322,8.548134263103538e-07
0.2164,89.99868542939473,90.0,0.041999724781507375,-0.021932942090182254,-4.620042378597603e-05,2.9851560946028905e-06,12.000000000007976,1.017152282723495e-05,-0.0007842664531570006,-6.647653442429766e-10,-6.647653442429766e-10,0.027999816521004917,8.476269022690159e-07
0.21660000000000001,89.99869380420992,90.0,0.04174844477417526,-0.02181595797143488,-4.595729859353253e-05,2.966138378463313e-06,12.00000000000787,1.0086010501386596e-05,-0.0007801393279766325,-6.557077878759865e-10,-6.557077878759865e-10,0.027832296516116843,8.405008751149985e-07
0.21680000000000002,89.99870212890315,90.0,0.04149850499199373,-0.021699445490656957,-4.571511406032905e-05,2.9472344803979154e-06,12.000000000007763,1.0001218020064663e-05,-0.0007760281707771908,-6.467689104708031e-10,-6.467689104708031e-10,0.027665669994662488,8.334348350048495e-07
0.217,89.9987104037419,90.0,0.04124990003203338,-0.021583404573871715,-4.547387066632465e-05,2.928443792967734e-06,12.000000000007656,9.91713931680256e-06,-0.0007719329897061284,-6.379472501788923e-10,-6.379472501788923e-10,0.027499933354688925,8.264282763996861e-07
0.2172,89.99871862899262,90.0,0.04100262449220624,-0.021467835118434378,-4.5233568824355394e-05,2.909765711160559e-06,12.00000000000755,9.833768375743774e-06,-0.0007678537917714651,-6.292413612260357e-10,-6.292413612260357e-10,0.02733508299480416,8.194806979781323e-07
0.2174,89.99872680492065,90.0,0.04075667297159438,-0.02135273699313585,-4.499420888033703e-05,2.8911996324198186e-06,12.000000000007446,9.751099231839212e-06,-0.0007637905828452274,-6.206498138052916e-10,-6.206498138052916e-10,0.027171115314396258,8.125916026527635e-07
0.21760000000000002,89.99873493179024,90.0,0.0405120400707771,-0.02123811003865944,-4.475579111429324e-05,2.8727449566445837e-06,12.000000000007347,9.669125970431221e-06,-0.0007597433676809037,-6.12171193941817e-10,-6.12171193941817e-10,0.0270080267138514,8.057604975354418e-07
0.21780000000000002,89.99874300986458,90.0,0.04026872039215316,-0.02112395406767563,-4.45183157405382e-05,2.854401086218457e-06,12.000000000007246,9.587842727459107e-06,-0.0007557121499165437,-6.038041033854537e-10,-6.038041033854537e-10,0.026845813594768772,7.989868939544431e-07
0.218,89.99875103940579,90.0,0.04002670854026158,-0.021010268866355694,-4.428178291117647e-05,2.836167425922901e-06,12.000000000007146,9.50724368720563e-06,-0.0007516969321341686,-5.955471593933465e-10,-5.955471593933465e-10,0.02668447236017438,7.92270307266664e-07
0.2182,89.99875902067487,90.0,0.03978599912208547,-0.020897054193730197,-4.404619271456651e-05,2.818043383023911e-06,12.000000000007049,9.427323083756312e-06,-0.0007476977158336909,-5.873989946788901e-10,-5.873989946788901e-10,0.026523999414723647,7.856102569792312e-07
0.2184,89.99876695393179,90.0,0.03954658674736296,-0.020784309782833597,-4.381154517795904e-05,2.800028367214232e-06,12.000000000006953,9.348075199373691e-06,-0.0007437145014776999,-5.793582572228522e-10,-5.793582572228522e-10,0.02636439116490864,7.790062666140229e-07
0.21860000000000002,89.9987748394354,90.0,0.03930846602888515,-0.020672035340409817,-4.357784026677268e-05,2.782121790671141e-06,12.000000000006857,9.269494365348973e-06,-0.0007397472884791659,-5.714236101946577e-10,-5.714236101946577e-10,0.026205644019256766,7.724578637786397e-07
0.21880000000000002,89.99878267744351,90.0,0.03907163158279725,-0.020560230548398437,-4.3345077888032056e-05,2.7643230679697764e-06,12.000000000006764,9.191574959773403e-06,-0.0007357960752598035,-5.635937317378119e-10,-5.635937317378119e-10,0.026047754388531498,7.659645799806851e-07
0.219,89.99879046821283,90.0,0.03883607802888299,-0.020448895063266054,-4.311325788877025e-05,2.7466316161698064e-06,12.00000000000667,9.114311409022417e-06,-0.0007318608592229518,-5.558673149190825e-10,-5.558673149190825e-10,0.025890718685921993,7.595259507514459e-07
0.2192,89.998798211999,90.0,0.0386017999908564,-0.020338028517479477,-4.2882380059437643e-05,2.7290468547287625e-06,12.00000000000658,9.037698185538885e-06,-0.0007279416368114415,-5.48243067515447e-10,-5.48243067515447e-10,0.025734533327237602,7.531415154611608e-07
0.2194,89.99880590905659,90.0,0.038368792096636815,-0.020227630518468584,-4.2652444131444035e-05,2.7115682056175956e-06,12.000000000006487,8.96172980994449e-06,-0.000724038403465871,-5.407197119901004e-10,-5.407197119901004e-10,0.02557919473109121,7.468108174949704e-07
0.21960000000000002,89.99881355963906,90.0,0.03813704897863587,-0.020117700650803483,-4.242344978221375e-05,2.6941950931762297e-06,12.000000000006398,8.886400847598572e-06,-0.0007201511537104187,-5.332959852273285e-10,-5.332959852273285e-10,0.025424699319090575,7.405334039661529e-07
0.21980000000000002,89.99882116399888,90.0,0.037906565274019366,-0.020008238475494287,-4.219539663351706e-05,2.676926944200228e-06,12.000000000006311,8.811705910110897e-06,-0.000716279881124518,-5.259706384829272e-10,-5.259706384829272e-10,0.025271043516012913,7.343088258421886e-07
0.22,89.99882872238739,90.0,0.0376773356249773,-0.01989924353072335,-4.196828425314935e-05,2.6597631879119067e-06,12.000000000006224,8.737639654383194e-06,-0.0007124245783713624,-5.187424372276346e-10,-5.187424372276346e-10,0.025118223749984868,7.281366378648885e-07
0.2202,89.99883623505482,90.0,0.037449354678985386,-0.019790715331499995,-4.1742112154092336e-05,2.642703256018112e-06,12.000000000006139,8.664196783507e-06,-0.0007085852371836662,-5.116101610703438e-10,-5.116101610703438e-10,0.024966236452656925,7.22016398625214e-07
0.2204,89.99884370225043,90.0,0.037222617089070716,-0.019682653371452474,-4.151687979867131e-05,2.6257465825946623e-06,12.000000000006054,8.591372043964985e-06,-0.0007047618484342352,-5.045726035239935e-10,-5.045726035239935e-10,0.024815078059380477,7.159476703300542e-07
0.22060000000000002,89.99885112422231,90.0,0.03699711751405661,-0.019575057122104035,-4.129258659683307e-05,2.6088926041730166e-06,12.000000000005972,8.519160227165334e-06,-0.0007009544021067342,-4.976285719567646e-10,-4.976285719567646e-10,0.02466474500937108,7.099300189300912e-07
0.22080000000000002,89.99885850121757,90.0,0.036772850618816195,-0.019467926033937488,-4.10692319086041e-05,2.592140759682496e-06,12.00000000000589,8.44755616788895e-06,-0.0006971628873374153,-4.907768874122967e-10,-4.907768874122967e-10,0.024515233745877465,7.039630139904003e-07
0.221,89.9988658334822,90.0,0.036549811074513175,-0.019361259536020935,-4.0846815043186454e-05,2.5754904905080616e-06,12.000000000005809,8.37655474521367e-06,-0.0006933872923997701,-4.840163845349451e-10,-4.840163845349451e-10,0.024366540716342117,6.980462287674679e-07
0.2212,89.99887312126113,90.0,0.03632799355884741,-0.019255057037061117,-4.062533526139069e-05,2.5589412404325372e-06,12.000000000005727,8.306150880971652e-06,-0.0006896276047458296,-4.773459113916008e-10,-4.773459113916008e-10,0.02421866237256494,6.921792400806406e-07
0.2214,89.99888036479823,90.0,0.036107392756288235,-0.019149317925018686,-4.04047917747082e-05,2.542492455694387e-06,12.000000000005649,8.236339540683147e-06,-0.0006858838109904169,-4.707643293976798e-10,-4.707643293976798e-10,0.02407159517085883,6.863616283899392e-07
0.22160000000000002,89.99888756433631,90.0,0.03588800335831228,-0.019044041568861338,-4.0185183749381e-05,2.526143584872157e-06,12.00000000000557,8.16711573079322e-06,-0.0006821558969802331,-4.642705130898362e-10,-4.642705130898362e-10,0.02392533557220819,6.805929775657856e-07
0.2218,89.99889472011715,90.0,0.03566982006362087,-0.018939227317446287,-3.996651030376295e-05,2.5098940790000353e-06,12.000000000005494,8.098474500856246e-06,-0.0006784438477490624,-4.57863350104672e-10,-4.57863350104672e-10,0.023779880042413912,6.748728750710448e-07
0.222,89.9989018323814,90.0,0.0354528375783707,-0.018834874500197614,-3.974877050987532e-05,2.4937433915389593e-06,12.000000000005418,8.030410942627406e-06,-0.0006747476475441798,-4.515417410290363e-10,-4.515417410290363e-10,0.023635225052247133,6.69200911885315e-07
0.2222,89.99890890136874,90.0,0.035237050616396426,-0.018730982428482867,-3.953196339659819e-05,2.477690978289949e-06,12.000000000005343,7.962920187933964e-06,-0.0006710672798805249,-4.45304599201682e-10,-4.45304599201682e-10,0.023491367077597615,6.635766823275348e-07
0.22240000000000001,89.9989159273177,90.0,0.0350224538994176,-0.018627550394480927,-3.931608794699876e-05,2.4617362975096664e-06,12.000000000005269,7.895997410873103e-06,-0.0006674027274953493,-4.3915085069255096e-10,-4.3915085069255096e-10,0.023348302599611733,6.579997842391363e-07
0.22260000000000002,89.99892291046582,90.0,0.034809042157258614,-0.018524577672554908,-3.910114310151429e-05,2.445878809823744e-06,12.000000000005198,7.829637825686567e-06,-0.0006637539724022488,-4.3307943410567614e-10,-4.3307943410567614e-10,0.02320602810483907,6.524698188069313e-07
0.2228,89.9989298510496,90.0,0.034596810128052866,-0.018422063519537235,-3.8887127758593956e-05,2.430117978226786e-06,12.000000000005125,7.763836686501102e-06,-0.0006601209959020579,-4.27089300459321e-10,-4.27089300459321e-10,0.023064540085368575,6.469863905414822e-07
0.223,89.9989367493044,90.0,0.0343857525584435,-0.018320007173944122,-3.867404077283817e-05,2.4144532681690375e-06,12.000000000005056,7.69858928891889e-06,-0.0006565037785512654,-4.211794131406184e-10,-4.211794131406184e-10,0.022923835038962333,6.415491074096373e-07
0.2232,89.99894360546463,90.0,0.03417586420379348,-0.018218407858045228,-3.846188095981171e-05,2.398884147411937e-06,12.000000000004984,7.63389096667433e-06,-0.0006529023002437174,-4.153487476624446e-10,-4.153487476624446e-10,0.022783909469195656,6.361575805559299e-07
0.22340000000000002,89.9989504197636,90.0,0.03396713982837168,-0.018117264776702405,-3.8250647093306396e-05,2.3834100861436715e-06,12.000000000004915,7.569737093858346e-06,-0.0006493165401641518,-4.095962916445275e-10,-4.095962916445275e-10,0.022644759885581123,6.308114244879371e-07
0.22360000000000002,89.99895719243356,90.0,0.033759574205552284,-0.01801657711835869,-3.804033790762912e-05,2.3680305569214015e-06,12.000000000004846,7.506123083434367e-06,-0.0006457464768270376,-4.039210446463237e-10,-4.039210446463237e-10,0.022506382803701524,6.255102569526113e-07
0.2238,89.99896392370579,90.0,0.03355316211800315,-0.017916344055656546,-3.783095209902444e-05,2.3527450346423686e-06,12.000000000004778,7.44304438638364e-06,-0.0006421920881007235,-3.983220180263479e-10,-3.983220180263479e-10,0.022368774745335437,6.202536988650564e-07
0.224,89.99897061381041,90.0,0.03334789835786682,-0.017816564744624758,-3.762248832375177e-05,2.3375529966305657e-06,12.000000000004714,7.380496493320822e-06,-0.0006386533511747986,-3.927982348992784e-10,-3.927982348992784e-10,0.02223193223857788,6.150413744431602e-07
0.2242,89.99897726297662,90.0,0.033143777726950714,-0.01771723832672046,-3.741494520283636e-05,2.3224539224922872e-06,12.000000000004647,7.318474931175848e-06,-0.0006351302426407408,-3.873487298996746e-10,-3.873487298996746e-10,0.022095851817967145,6.098729109310845e-07
0.22440000000000002,89.9989838714325,90.0,0.03294079503689424,-0.017618363927285982,-3.720832131844144e-05,2.3074472942605795e-06,12.000000000004583,7.256975266057806e-06,-0.0006316227384303331,-3.8197254918890636e-10,-3.8197254918890636e-10,0.021960530024596157,6.047479388379196e-07
0.22460000000000002,89.99899043940513,90.0,0.03273894510935363,-0.017519940656872818,-3.700261521694112e-05,2.2925325963085696e-06,12.000000000004519,7.1959931011741225e-06,-0.0006281308138678277,-3.766687502688394e-10,-3.766687502688394e-10,0.021825963406235754,5.996660917642844e-07
0.2248,89.99899696712053,90.0,0.03253822277617118,-0.017421967611477893,-3.6797825409452295e-05,2.277709315349467e-06,12.000000000004459,7.135524076615413e-06,-0.0006246544436789742,-3.7143640186953924e-10,-3.7143640186953924e-10,0.021692148517447454,5.946270063843968e-07
0.225,89.99900345480374,90.0,0.03233862287954224,-0.017324443873132048,-3.6593950373190234e-05,2.2629769404076727e-06,12.000000000004395,7.075563868527895e-06,-0.0006211936020140318,-3.6627458381413084e-10,-3.6627458381413084e-10,0.021559081919694825,5.896303223771086e-07
0.2252,89.9990099026787,90.0,0.03214014027217505,-0.017227368509057317,-3.639098854947914e-05,2.248334962905449e-06,12.000000000004334,7.016108190755957e-06,-0.0006177482624139979,-3.6118238697887877e-10,-3.6118238697887877e-10,0.02142676018145003,5.846756825627853e-07
0.22540000000000002,89.99901631096836,90.0,0.031942769817460644,-0.01713074057297006,-3.618893834677811e-05,2.2337828765762495e-06,12.000000000004274,6.957152792780325e-06,-0.0006143183978619743,-3.5615891311168725e-10,-3.5615891311168725e-10,0.021295179878307095,5.797627327314872e-07
0.22560000000000002,89.99902267989464,90.0,0.03174650638962752,-0.017034559104941588,-3.5987798140336645e-05,2.2193201774936096e-06,12.000000000004214,6.89869346013672e-06,-0.0006109039807773196,-3.5120327474654193e-10,-3.5120327474654193e-10,0.021164337593085013,5.748911216778581e-07
0.2258,89.99902900967842,90.0,0.03155134487389809,-0.016938823131971915,-3.578756627351701e-05,2.2049463640422575e-06,12.000000000004157,6.840726013601667e-06,-0.0006075049830380975,-3.4631459507165945e-10,-3.4631459507165945e-10,0.021034229915932057,5.700605011332747e-07
0.226,89.99903530053959,90.0,0.03135728016663839,-0.016843531668198762,-3.558824105826489e-05,2.190660936918111e-06,12.000000000004098,6.783246309002172e-06,-0.0006041213759890645,-3.414920078221447e-10,-3.414920078221447e-10,0.020904853444425595,5.652705257499879e-07
0.2262,89.99904155269701,90.0,0.031164307175505446,-0.016748683714748067,-3.5389820774741944e-05,2.1764633991571718e-06,12.00000000000404,6.726250237643598e-06,-0.0006007531304354342,-3.367346571962596e-10,-3.367346571962596e-10,0.0207762047836703,5.605208531367778e-07
0.22640000000000002,89.99904776636849,90.0,0.030972420819596554,-0.016654278260297733,-3.519230367262584e-05,2.162353256106632e-06,12.000000000003984,6.6697337255045344e-06,-0.0005974002166649449,-3.3204169772604803e-10,-3.3204169772604803e-10,0.020648280546397703,5.5581114379186e-07
0.22660000000000002,89.99905394177088,90.0,0.030781616029591893,-0.016560314281987183,-3.499568797321939e-05,2.1483300153670947e-06,12.00000000000393,6.613692731825179e-06,-0.0005940626044836625,-3.274122941267874e-10,-3.274122941267874e-10,0.020521077353061263,5.511410609852511e-07
0.2268,89.99906007911996,90.0,0.030591887747886504,-0.01646679074418067,-3.479997186654335e-05,2.1343931869081374e-06,12.000000000003874,6.558123251400318e-06,-0.0005907402631666309,-3.228456212841812e-10,-3.228456212841812e-10,0.020394591831924335,5.4651027094985e-07
0.227,89.99906617863054,90.0,0.03040323092873703,-0.016373706600093185,-3.460515351511989e-05,2.1205422829527466e-06,12.00000000000382,6.503021311931876e-06,-0.000587433161522097,-3.1834086405937507e-10,-3.1834086405937507e-10,0.02026882061915802,5.419184426608172e-07
0.2272,89.99907224051641,90.0,0.030215640538389345,-0.016281060791258135,-3.4411231052712675e-05,2.1067768180351018e-06,12.000000000003766,6.4483829750971e-06,-0.0005841412678701226,-3.1389721723201265e-10,-3.1389721723201265e-10,0.020143760358926233,5.373652479245897e-07
0.22740000000000002,89.99907826499035,90.0,0.030029111555212432,-0.01618885224806954,-3.4218202585578165e-05,2.093096308971684e-06,12.000000000003714,6.3942043357631605e-06,-0.0005808645500638269,-3.0951388537567414e-10,-3.0951388537567414e-10,0.020019407703474955,5.328503613134318e-07
0.22760000000000002,89.99908425226414,90.0,0.02984363896982596,-0.016097079890315447,-3.4026066193697356e-05,2.0795002748323874e-06,12.000000000003663,6.3404815212096244e-06,-0.0005776029755102947,-3.051900827348001e-10,-3.051900827348001e-10,0.01989575931321731,5.283734601006407e-07
0.2278,89.99909020254854,90.0,0.029659217785222,-0.01600574262699258,-3.3834819930327716e-05,2.0659882369694054e-06,12.000000000003611,6.287210691588988e-06,-0.0005743565111629705,-3.0092503314720763e-10,-3.0092503314720763e-10,0.019772811856814666,5.239342242989246e-07
0.228,89.99909611605338,90.0,0.029475843016888603,-0.015914839356478916,-3.364446182239165e-05,2.0525597190172356e-06,12.00000000000356,6.234388039769555e-06,-0.0005711251235282533,-2.967179699446163e-10,-2.967179699446163e-10,0.01965056201125907,5.195323366473088e-07
0.22820000000000001,89.9991019929874,90.0,0.029293509692931503,-0.015824368967414154,-3.345498987252025e-05,2.0392142468348963e-06,12.00000000000351,6.182009789950185e-06,-0.0005679087787001895,-2.9256813581018316e-10,-2.9256813581018316e-10,0.019529006461954334,5.15167482495698e-07
0.22840000000000002,89.99910783355843,90.0,0.02911221285418566,-0.01573433033778962,-3.326640205691217e-05,2.0259513485925985e-06,12.00000000000346,6.130072199364248e-06,-0.0005647074423241263,-2.884747827470182e-10,-2.884747827470182e-10,0.01940814190279044,5.108393499468734e-07
0.2286,89.99911363797324,90.0,0.028931947554337423,-0.01564472233653995,-3.307869632903989e-05,2.0127705546561843e-06,12.000000000003414,6.078571555663304e-06,-0.0005615210796596278,-2.844371718936159e-10,-2.844371718936159e-10,0.019287965036224947,5.065476296384646e-07
0.2288,89.99911940643767,90.0,0.02875270886002821,-0.015555543822622019,-3.289187061748397e-05,1.9996713976737986e-06,12.000000000003364,6.027504178631006e-06,-0.0005583496555437095,-2.80454573493829e-10,-2.80454573493829e-10,0.01916847257335214,5.022920148857763e-07
0.229,89.99912513915652,90.0,0.028574491850968924,-0.015466793645885268,-3.270592282795384e-05,1.986653412518107e-06,12.000000000003318,5.9768664188071574e-06,-0.0005551931344251423,-2.765262667580836e-10,-2.765262667580836e-10,0.019049661233979283,4.980722015671254e-07
0.22920000000000001,89.99913083633366,90.0,0.028397291620044306,-0.015378470647572638,-3.25208508444463e-05,1.973716136257409e-06,12.000000000003272,5.9266546567398056e-06,-0.0005520514803841193,-2.72651539748146e-10,-2.72651539748146e-10,0.018931527746696205,4.938878880615158e-07
0.22940000000000002,89.99913649817196,90.0,0.0282211032734116,-0.015290573659392577,-3.233665252706412e-05,1.960859108242304e-06,12.000000000003226,5.876865304705465e-06,-0.0005489246570952243,-2.688296893482834e-10,-2.688296893482834e-10,0.018814068848941067,4.897387753919904e-07
0.2296,89.9991421248733,90.0,0.02804592193060979,-0.015203101504737311,-3.2153325714850967e-05,1.9480818700190253e-06,12.00000000000318,5.827494804724575e-06,-0.0005458126278755566,-2.650600211080859e-10,-2.650600211080859e-10,0.018697281287073195,4.856245670602526e-07
0.2298,89.99914771663859,90.0,0.027871742724654803,-0.015116052998460541,-3.1970868225260174e-05,1.935383965358327e-06,12.000000000003137,5.778539629055661e-06,-0.0005427153556757129,-2.613418491723604e-10,-2.613418491723604e-10,0.018581161816436535,4.815449690878459e-07
0.23,89.99915327366776,90.0,0.027698560802137704,-0.015029426947369827,-3.1789277855293986e-05,1.9227649402265956e-06,12.00000000000309,5.7299962794552446e-06,-0.0005396328030991263,-2.576744961691002e-10,-2.576744961691002e-10,0.018465707201425135,4.774996899544807e-07
0.23020000000000002,89.9991587961598,90.0,0.027526371323316538,-0.01494322215035479,-3.1608552381792216e-05,1.91022434278585e-06,12.000000000003048,5.6818612870610826e-06,-0.0005365649324069666,-2.54057293119743e-10,-2.54057293119743e-10,0.01835091421554436,4.734884405883033e-07
0.23040000000000002,89.99916428431271,90.0,0.027355169462207212,-0.01485743739851403,-3.1428689561717904e-05,1.8977617233937414e-06,12.000000000003006,5.634131212276637e-06,-0.0005335117055229892,-2.504895793501052e-10,-2.504895793501052e-10,0.018236779641471475,4.695109343562688e-07
0.2306,89.99916973832354,90.0,0.0271849504066729,-0.014772071475279968,-3.124968713243848e-05,1.8853766346035524e-06,12.000000000002963,5.586802644657333e-06,-0.0005304730840383075,-2.4697070240200133e-10,-2.4697070240200133e-10,0.018123300271115264,4.655668870546628e-07
0.2308,89.99917515838837,90.0,0.02701570935851182,-0.014687123156896647,-3.107154281283206e-05,1.8730686311353086e-06,12.000000000002922,5.539872202183825e-06,-0.0005274490292301739,-2.43500017925031e-10,-2.43500017925031e-10,0.018010472905674545,4.6165601684853963e-07
0.231,89.99918054470231,90.0,0.026847441533539455,-0.014602591211824022,-3.089425430188493e-05,1.8608372699335568e-06,12.000000000002881,5.49333653238783e-06,-0.0005244395020381702,-2.400768896310725e-10,-2.400768896310725e-10,0.01789829435569297,4.5777804436554253e-07
0.23120000000000002,89.99918589745955,90.0,0.026680142161678116,-0.014518474402284078,-3.071781928229526e-05,1.848682110051807e-06,12.00000000000284,5.44719230977737e-06,-0.0005214444631253826,-2.3670068912599175e-10,-2.3670068912599175e-10,0.017786761441118744,4.5393269248134004e-07
0.23140000000000002,89.99919121685329,90.0,0.026513806487028085,-0.01443477148329437,-3.0542235418205085e-05,1.8366027127392008e-06,12.0000000000028,5.401436237591987e-06,-0.0005184638728399012,-2.333707958865894e-10,-2.333707958865894e-10,0.01767587099135206,4.501196864658939e-07
0.2316,89.99919650307581,90.0,0.026348429767950533,-0.014351481203494307,-3.0367500357122006e-05,1.824598641382733e-06,12.00000000000276,5.356065046466888e-06,-0.0005154976912474415,-2.3008659713534717e-10,-2.3008659713534717e-10,0.017565619845300355,4.46338753872138e-07
0.2318,89.9992017563184,90.0,0.026184007277140233,-0.014268602304536186,-3.0193611728486734e-05,1.812669461565029e-06,12.000000000002721,5.311075495570926e-06,-0.000512545878107028,-2.2684748779745846e-10,-2.2684748779745846e-10,0.017456004851426822,4.425896246308101e-07
0.232,89.99920697677145,90.0,0.026020534301705988,-0.01418613352261852,-3.002056714724806e-05,1.8008147409487886e-06,12.000000000002684,5.266464370043439e-06,-0.0005096083929316801,-2.2365287033743245e-10,-2.2365287033743245e-10,0.017347022867803992,4.3887203083685507e-07
0.23220000000000002,89.9992121646244,90.0,0.025858006143232984,-0.014104073587152065,-2.984836421073667e-05,1.789034049392342e-06,12.000000000002647,5.2222284833758775e-06,-0.0005066851949353448,-2.205021547579694e-10,-2.205021547579694e-10,0.017238670762155323,4.3518570694789383e-07
0.23240000000000002,89.99921732006572,90.0,0.025696418117860543,-0.014022421222289428,-2.9677000502231805e-05,1.777326958834093e-06,12.000000000002608,5.178364674852016e-06,-0.0005037762430934412,-2.1739475843868087e-10,-2.1739475843868087e-10,0.01713094541190703,4.3153038957090755e-07
0.2326,89.999222443283,90.0,0.025535765556342557,-0.013941175145943662,-2.950647358865948e-05,1.7656930433791874e-06,12.000000000002572,5.13486981131684e-06,-0.0005008814961037875,-2.1433010611583335e-10,-2.1433010611583335e-10,0.01702384370422837,4.279058176096449e-07
0.2328,89.99922753446286,90.0,0.025376043804118734,-0.013860334070953549,-2.9336781023308237e-05,1.754131879212843e-06,12.000000000002537,5.09174078524021e-06,-0.0004980009124327016,-2.1130762974332408e-10,-2.1130762974332408e-10,0.01691736253607916,4.2431173210326115e-07
0.233,89.99923259379099,90.0,0.025217248221373122,-0.013779896704454779,-2.9167920344351897e-05,1.7426430446581316e-06,12.000000000002501,5.048974515872959e-06,-0.0004951344502899242,-2.0832676845367273e-10,-2.0832676845367273e-10,0.016811498814248746,4.207478763226589e-07
0.23320000000000002,89.99923762145217,90.0,0.025059374183099142,-0.013699861748681265,-2.89998890767151e-05,1.731226120118195e-06,12.000000000002466,5.006567947933765e-06,-0.0004922820676602872,-2.0538696844083739e-10,-2.0538696844083739e-10,0.01670624945539943,4.1721399566106136e-07
0.23340000000000002,89.99924261763024,90.0,0.024902417079155966,-0.013620227900688637,-2.883268473142005e-05,1.7198806881051395e-06,12.00000000000243,4.964518052152617e-06,-0.0004894437222926244,-2.0248768290283448e-10,-2.0248768290283448e-10,0.016601611386103977,4.1370983767930095e-07
0.2336,89.99924758250813,90.0,0.024746372314327848,-0.013540993852437067,-2.866630480577297e-05,1.708606333240033e-06,12.000000000002395,4.922821825195446e-06,-0.00048661937170293626,-1.9962837196513597e-10,-1.9962837196513597e-10,0.01649758154288523,4.102351520995386e-07
0.2338,89.99925251626784,90.0,0.024591235308382444,-0.013462158291227933,-2.8500746784377936e-05,1.6974026422240164e-06,12.000000000002363,4.881476288974741e-06,-0.00048380897319160083,-1.968085025856292e-10,-1.968085025856292e-10,0.016394156872254963,4.06789690747815e-07
0.234,89.99925741909048,90.0,0.02443700149612432,-0.013383719900133845,-2.8336008140135705e-05,1.6862692038094124e-06,12.000000000002327,4.840478489966261e-06,-0.0004810124838603284,-1.9402754846089264e-10,-1.9402754846089264e-10,0.016291334330749547,4.033732074971102e-07
0.23420000000000002,89.99926229115624,90.0,0.024283666327443342,-0.013305677358066231,-2.8172086334395895e-05,1.6752056087997273e-06,12.000000000002295,4.7998254991474655e-06,-0.00047822986061474515,-1.9128498995266276e-10,-1.9128498995266276e-10,0.016189110884962228,3.999854582622123e-07
0.23440000000000003,89.99926713264438,90.0,0.024131225267362468,-0.013228029338776176,-2.8008978814615318e-05,1.664211450136319e-06,12.000000000002263,4.7595144137825665e-06,-0.0004754610601246428,-1.885803140712625e-10,-1.885803140712625e-10,0.016087483511574976,3.966262011484724e-07
0.2346,89.99927194373326,90.0,0.023979673796096817,-0.013150774512713313,-2.7846683018696666e-05,1.6532863227539487e-06,12.000000000002231,4.7195423542711534e-06,-0.00047270603889762865,-1.8591301430805757e-10,-1.8591301430805757e-10,0.01598644919739788,3.932951961891897e-07
0.2348,89.99927672460036,90.0,0.023829007409091503,-0.01307391154601284,-2.7685196372615685e-05,1.6424298236674503e-06,12.0000000000022,4.67990646594582e-06,-0.00046996475323884653,-1.8328259062072556e-10,-1.8328259062072556e-10,0.015886004939394335,3.899922054954135e-07
0.23500000000000001,89.99928147542226,90.0,0.02367922161707119,-0.012997439101275203,-2.7524516292238036e-05,1.6316415519139499e-06,12.000000000002167,4.640603917778724e-06,-0.00046723715928181854,-1.8068854932455143e-10,-1.8068854932455143e-10,0.015786147744714124,3.8671699314815714e-07
0.23520000000000002,89.99928619637463,90.0,0.023530311946080577,-0.012921355837622689,-2.7364640183446657e-05,1.6209211085528666e-06,12.000000000002139,4.601631902330041e-06,-0.00046452321299060687,-1.7813040302250403e-10,-1.7813040302250403e-10,0.015686874630720386,3.8346932519410175e-07
0.2354,89.99929088763221,90.0,0.023382273937524168,-0.012845660410044354,-2.7205565440605513e-05,1.610268096723692e-06,12.000000000002107,4.562987636927947e-06,-0.0004618228701337356,-1.756076705725372e-10,-1.756076705725372e-10,0.015588182625016113,3.8024896974392887e-07
0.2356,89.99929554936894,90.0,0.02323510314821377,-0.012770351470528199,-2.704728944920071e-05,1.5996821215593206e-06,12.000000000002078,4.5246683617624795e-06,-0.0004591360863290244,-1.7311987696300194e-10,-1.7311987696300194e-10,0.015490068765475847,3.7705569681347463e-07
0.2358,89.99930018175779,90.0,0.02308879515040288,-0.012695427668109167,-2.6889809585948552e-05,1.5891627901860502e-06,12.000000000002048,4.486671339841795e-06,-0.000456462817045423,-1.7066655324506654e-10,-1.7066655324506654e-10,0.015392530100268587,3.7388927832008575e-07
0.23600000000000002,89.99930478497087,90.0,0.02294334553182052,-0.012620887648205827,-2.6733123217240725e-05,1.5787097117813604e-06,12.000000000002018,4.448993858179699e-06,-0.00045380301757661726,-1.6824723650178706e-10,-1.6824723650178706e-10,0.015295563687880345,3.7074948818157925e-07
0.23620000000000002,89.99930935917946,90.0,0.022798749895712758,-0.012546730054099474,-2.657722770259717e-05,1.5683224974583542e-06,12.00000000000199,4.411633225281813e-06,-0.0004511566430996434,-1.6586146970872212e-10,-1.6586146970872212e-10,0.01519916659714184,3.676361021067568e-07
0.2364,89.99931390455387,90.0,0.02265500386086701,-0.012472953525191647,-2.6422120390589515e-05,1.5580007604102074e-06,12.000000000001961,4.3745867741909484e-06,-0.00044852364860568624,-1.6350880175849855e-10,-1.6350880175849855e-10,0.015103335907244674,3.6454889784918615e-07
0.2366,89.99931842126361,90.0,0.022512103061656834,-0.012399556699198379,-2.6267798623965452e-05,1.5477441157368292e-06,12.000000000001934,4.3378518587386314e-06,-0.0004459039889870679,-1.6118878728718425e-10,-1.6118878728718425e-10,0.015008068707771223,3.614876548948277e-07
0.2368,89.99932290947727,90.0,0.02237004314806102,-0.012326538210755682,-2.61142597363863e-05,1.5375521805604206e-06,12.000000000001908,4.301425855981902e-06,-0.00044329761898186625,-1.5890098668195916e-10,-1.5890098668195916e-10,0.014913362098707346,3.584521546651015e-07
0.23700000000000002,89.99932736936262,90.0,0.022228819785698992,-0.012253896692179574,-2.596150105419953e-05,1.527424573967696e-06,12.00000000000188,4.265306164927741e-06,-0.00044070449320400437,-1.566449659811751e-10,-1.566449659811751e-10,0.014819213190465993,3.554421804105894e-07
0.23720000000000002,89.99933180108653,90.0,0.02208842865585731,-0.012181630773503076,-2.5809519896522056e-05,1.5173609170098835e-06,12.000000000001855,4.229490206499379e-06,-0.0004381245661446646,-1.5442029681128014e-10,-1.5442029681128014e-10,0.014725619103904873,3.524575172082271e-07
0.2374,89.99933620481501,90.0,0.021948865455516012,-0.012109739082868245,-2.5658313576153576e-05,1.5073608326738329e-06,12.000000000001826,4.1939754228876185e-06,-0.00043555779218779224,-1.5222655630687628e-10,-1.5222655630687628e-10,0.014632576970344008,3.4949795190724834e-07
0.2376,89.99934058071321,90.0,0.021810125897370334,-0.012038220245845978,-2.550787939798376e-05,1.497423945939798e-06,12.000000000001801,4.15875927875364e-06,-0.0004330041255830577,-1.5006332708390645e-10,-1.5006332708390645e-10,0.014540083931580223,3.4656327322941794e-07
0.2378,89.99934492894546,90.0,0.021672205709859872,-0.011967072886542519,-2.5358214661575533e-05,1.4875498836947656e-06,12.000000000001776,4.123839259346255e-06,-0.00043046352048970815,-1.4793019712596638e-10,-1.4793019712596638e-10,0.014448137139906581,3.4365327161213704e-07
0.23800000000000002,89.99934924967518,90.0,0.021535100637185674,-0.011896295626912828,-2.520931665955782e-05,1.4777382747902345e-06,12.00000000000175,4.089212871710586e-06,-0.000427935930949284,-1.4582675975875078e-10,-1.4582675975875078e-10,0.014356733758123782,3.4076773930916576e-07
0.23820000000000002,89.99935354306498,90.0,0.021398806439334853,-0.01182588708750543,-2.5061182679363864e-05,1.467988749984438e-06,12.000000000001725,4.054877643426401e-06,-0.00042542131091512735,-1.4375261355555448e-10,-1.4375261355555448e-10,0.01426587095955657,3.379064702854848e-07
0.2384,89.9993578092766,90.0,0.021263318892096733,-0.011755845887129732,-2.491381000245156e-05,1.4583009419712317e-06,12.000000000001702,4.020831123202709e-06,-0.0004229196142391469,-1.4170736229545036e-10,-1.4170736229545036e-10,0.014175545928064488,3.3506926026684493e-07
0.2386,89.99936204847097,90.0,0.021128633787082608,-0.011686170643238868,-2.4767195905196062e-05,1.448674485351204e-06,12.000000000001677,3.987070880237492e-06,-0.0004204307946869702,-1.3969061488760767e-10,-1.3969061488760767e-10,0.014085755858055072,3.322559066864112e-07
0.2388,89.99936626080816,90.0,0.02099474693174161,-0.011616859971951846,-2.462133765893967e-05,1.4391090166316776e-06,12.000000000001652,3.9535945041974655e-06,-0.00041795480593879075,-1.3770198531352449e-10,-1.3770198531352449e-10,0.013996497954494407,3.2946620868307676e-07
0.23900000000000002,89.99937044644737,90.0,0.020861654149375738,-0.011547912488074553,-2.4476232530039105e-05,1.4296041742267077e-06,12.000000000001629,3.920399605199011e-06,-0.00041549160159017,-1.357410925697822e-10,-1.357410925697822e-10,0.013907769432917159,3.2669996709987325e-07
0.23920000000000002,89.99937460554703,90.0,0.02072935127915516,-0.0114793268051211,-2.4331877779913545e-05,1.4201595984570822e-06,12.000000000001606,3.8874838137887165e-06,-0.00041304113515285343,-1.3380756061128504e-10,-1.3380756061128504e-10,0.013819567519436774,3.239569844823497e-07
0.2394,89.9993787382647,90.0,0.020597834176132777,-0.011411101536044715,-2.418827066675163e-05,1.4107749314925434e-06,12.000000000001583,3.854844779694342e-06,-0.00041060336008374684,-1.3190101826196493e-10,-1.3190101826196493e-10,0.013731889450755184,3.212370649744862e-07
0.2396,89.99938284475712,90.0,0.020467098711250964,-0.01134323529253661,-2.4045408443871438e-05,1.401449817409566e-06,12.00000000000156,3.8224801730467895e-06,-0.0004081782297570769,-1.3002109919296338e-10,-1.3002109919296338e-10,0.01364473247416731,3.1854001442052437e-07
0.2398,89.9993869251802,90.0,0.020337140771355774,-0.011275726685756344,-2.3903288361426315e-05,1.3921839021335782e-06,12.000000000001538,3.790387683131521e-06,-0.00040576569749334795,-1.2816744183465496e-10,-1.2816744183465496e-10,0.013558093847570517,3.158656402609196e-07
0.24000000000000002,89.99939097968905,90.0,0.02020795625920316,-0.011208574325629984,-2.3761907664763278e-05,1.382976833496742e-06,12.000000000001517,3.7585650196111327e-06,-0.0004033657165314754,-1.2633968935544933e-10,-1.2633968935544933e-10,0.013471970839468776,3.1321375163422146e-07
0.24020000000000002,89.99939500843793,90.0,0.020079541093473225,-0.0111417768219358,-2.3621263596959503e-05,1.3738282611512818e-06,12.000000000001496,3.7270099106615554e-06,-0.00040097824007184345,-1.2453748955893355e-10,-1.2453748955893355e-10,0.013386360728982149,3.105841592217576e-07
0.2404,89.99939901158031,90.0,0.01995189120877173,-0.011075332783595848,-2.3481353397165973e-05,1.364737836627266e-06,12.000000000001474,3.6957201042005606e-06,-0.0003986032212481878,-1.227604948638209e-10,-1.227604948638209e-10,0.01330126080584782,3.079766753500089e-07
0.2406,89.99940298926886,90.0,0.019825002555640223,-0.011009240819755909,-2.3342174303130978e-05,1.3557052132459366e-06,12.000000000001453,3.6646933660291978e-06,-0.0003962406131704333,-1.2100836220307103e-10,-1.2100836220307103e-10,0.013216668370426815,3.053911138357295e-07
0.24080000000000001,89.99940694165538,90.0,0.019698871100553076,-0.010943499538360275,-2.3203723547868543e-05,1.3467300462352684e-06,12.000000000001432,3.633927482296535e-06,-0.00039389036886813887,-1.1928075303680655e-10,-1.1928075303680655e-10,0.013132580733702052,3.0282729019134176e-07
0.24100000000000002,89.99941086889095,90.0,0.019573492825931682,-0.010878107547947921,-2.3065998363855895e-05,1.33781199258552e-06,12.00000000000141,3.6034202564053687e-06,-0.0003915524413617513,-1.1757733322064534e-10,-1.1757733322064534e-10,0.013048995217287787,3.0028502136707876e-07
0.2412,89.99941477112577,90.0,0.01944886373013738,-0.010813063456221551,-2.2928995979688952e-05,1.3289507111647936e-06,12.00000000000139,3.573169511482221e-06,-0.000389226783605831,-1.158977730193735e-10,-1.158977730193735e-10,0.012965909153424921,2.9776412595681723e-07
0.2414,89.9994186485093,90.0,0.019324979827481274,-0.010748365871482389,-2.2792713623435475e-05,1.3201458626034745e-06,12.000000000001371,3.5431730879038626e-06,-0.0003869133485459726,-1.1424174699322503e-10,-1.1424174699322503e-10,0.012883319884987515,2.952644239919548e-07
0.2416,89.9994225011902,90.0,0.01920183714821709,-0.01068401340155439,-2.2657148520120884e-05,1.311397109380902e-06,12.00000000000135,3.5134288451521437e-06,-0.00038461208907612614,-1.1260893399617794e-10,-1.1260893399617794e-10,0.01280122476547806,2.92785737095979e-07
0.24180000000000001,89.99942632931626,90.0,0.019079431738547,-0.010620004654502916,-2.252229789340772e-05,1.3027041157675887e-06,12.000000000001332,3.483934660576088e-06,-0.00038232295806710643,-1.1099901709531854e-10,-1.1099901709531854e-10,0.012719621159031334,2.9032788838130845e-07
0.24200000000000002,89.9994301330346,90.0,0.01895775966061865,-0.010556338238985857,-2.2388158966416873e-05,1.2940665477963305e-06,12.000000000001313,3.4546884287804478e-06,-0.00038004590838053336,-1.094116835072866e-10,-1.094116835072866e-10,0.012638506440412435,2.8789070239833913e-07
0.2422,89.99943391249147,90.0,0.018836816992518508,-0.01049301276388907,-2.225472896087607e-05,1.2854840732910974e-06,12.000000000001293,3.425688062249394e-06,-0.0003777808928543778,-1.0784662456641832e-10,-1.0784662456641832e-10,0.012557877995012338,2.8547400518741874e-07
0.2424,89.99943766783235,90.0,0.01871659982826918,-0.01043002683796736,-2.212200509628092e-05,1.276956361895923e-06,12.000000000001275,3.3969314919651784e-06,-0.0003755278642887194,-1.0630353569272008e-10,-1.0630353569272008e-10,0.01247773321884612,2.8307762433040143e-07
0.2426,89.99944139920197,90.0,0.018597104277831,-0.010367379070912536,-2.1989984592391615e-05,1.2684830849882345e-06,12.000000000001258,3.368416665560367e-06,-0.0003732867754881293,-1.0478211629894784e-10,-1.0478211629894784e-10,0.012398069518554001,2.807013887966678e-07
0.24280000000000002,89.99944510674426,90.0,0.018478326467091275,-0.010305068072983068,-2.1858664668368467e-05,1.260063915707742e-06,12.00000000000124,3.3401415479468105e-06,-0.00037105757924699563,-1.0328206976027734e-10,-1.0328206976027734e-10,0.012318884311394183,2.783451289955388e-07
0.24300000000000002,89.99944879060237,90.0,0.018360262537857844,-0.010243092454995158,-2.1728042542751798e-05,1.2516985289564404e-06,12.000000000001222,3.3121041213237606e-06,-0.0003688402283491818,-1.0180310336876646e-10,-1.0180310336876646e-10,0.012240175025238562,2.7600867677695194e-07
0.2432,89.99945245091872,90.0,0.018242908647852704,-0.010181450828313805,-2.1598115433441806e-05,1.243386601398608e-06,12.000000000001204,3.2843023851860344e-06,-0.00036663467556768503,-1.003449282882279e-10,-1.003449282882279e-10,0.012161939098568471,2.736918654321421e-07
0.2434,89.99945608783491,90.0,0.018126260970705597,-0.010120141805199115,-2.1468880558508988e-05,1.2351278114319165e-06,12.000000000001187,3.256734355716909e-06,-0.00036444087367839336,-9.890725949464936e-11,-9.890725949464936e-11,0.0120841739804704,2.713945296430489e-07
0.2436,89.99945970149182,90.0,0.01801031569594407,-0.010059163999147712,-2.134033513699348e-05,1.2269218391585423e-06,12.000000000001169,3.2293980651855256e-06,-0.00036225877547365476,-9.748981571758203e-11,-9.748981571758203e-11,0.01200687713062938,2.6911650543210093e-07
0.24380000000000002,89.99946329202952,90.0,0.01789506902897897,-0.009998516023806688,-2.1212476386367812e-05,1.2187683664718339e-06,12.000000000001153,3.2022915638110084e-06,-0.00036008833371920673,-9.609231944130567e-11,-9.609231944130567e-11,0.011930046019319313,2.668576303175584e-07
0.24400000000000002,89.9994668595874,90.0,0.01778051719110302,-0.009938196494747916,-2.108530152668514e-05,1.2106670769118656e-06,12.000000000001137,3.1754129166881693e-06,-0.00035792950122459345,-9.471449678768503e-11,-9.471449678768503e-11,0.011853678127402014,2.646177430573224e-07
0.2442,89.999470404304,90.0,0.01766665641946865,-0.009878204028016058,-2.0958807777187392e-05,1.2026176557809944e-06,12.000000000001119,3.1487602062765682e-06,-0.00035578223078558846,-9.335607753315521e-11,-9.335607753315521e-11,0.011777770946312433,2.623966838563562e-07
0.2444,89.99947392631721,90.0,0.017553482967082593,-0.009818537240831558,-2.083299235794942e-05,1.1946197900860814e-06,12.000000000001105,3.12233153117693e-06,-0.00035364647521210436,-9.201679503701936e-11,-9.201679503701936e-11,0.011702321978055062,2.601942942647202e-07
0.2446,89.99947742576407,90.0,0.017440993102792533,-0.009759194751927242,-2.0707852490667505e-05,1.1866731685096016e-06,12.000000000001087,3.096125005532925e-06,-0.00035152218734157807,-9.069638618564923e-11,-9.069638618564923e-11,0.011627328735195022,2.580104171277204e-07
0.24480000000000002,89.99948090278095,90.0,0.017329183111269627,-0.009700175181168676,-2.0583385397773962e-05,1.1787774814385341e-06,12.000000000001073,3.07013875966856e-06,-0.00034940932002394074,-8.939459136623669e-11,-8.939459136623669e-11,0.011552788740846419,2.558448966390238e-07
0.24500000000000002,89.99948435750345,90.0,0.017218049292995696,-0.009641477149891532,-2.045958830322738e-05,1.170932420935472e-06,12.000000000001059,3.0443709394892756e-06,-0.0003473078261350327,-8.811115441188285e-11,-8.811115441188285e-11,0.011478699528663799,2.536975782907506e-07
0.2452,89.99948779006644,90.0,0.017107587964246333,-0.009583099280878013,-2.0336458432459538e-05,1.1631376807386223e-06,12.000000000001041,3.0188197065034094e-06,-0.00034521765857570204,-8.684582256176705e-11,-8.684582256176705e-11,0.011405058642830888,2.515683088752623e-07
0.2454,89.99949120060406,90.0,0.016997795457074368,-0.00952504019833375,-2.02139930123234e-05,1.1553929562618057e-06,12.000000000001027,2.9934832378432275e-06,-0.0003431387702709219,-8.559834642167124e-11,-8.559834642167124e-11,0.011331863638049576,2.4945693648691426e-07
0.2456,89.9994945892497,90.0,0.01688866811929352,-0.009467298528220282,-2.009218927187238e-05,1.1476979445655675e-06,12.000000000001013,2.968359725670444e-06,-0.0003410711141830188,-8.436847991086108e-11,-8.436847991086108e-11,0.011259112079529014,2.473633104725161e-07
0.24580000000000002,89.99949795613603,90.0,0.016780202314458318,-0.009409872897871693,-1.997104444146653e-05,1.1400523443860668e-06,12.000000000000998,2.943447377817042e-06,-0.0003390146432964998,-8.315598023771492e-11,-8.315598023771492e-11,0.01118680154297221,2.452872814847331e-07
0.24600000000000002,89.999501301395,90.0,0.016672394421848428,-0.009352761936328061,-1.9850555753553977e-05,1.132455856106187e-06,12.000000000000984,2.918744417189898e-06,-0.00033696931063131755,-8.196060784745051e-11,-8.196060784745051e-11,0.011114929614565618,2.4322870143247156e-07
0.2462,89.99950462515781,90.0,0.01656524083644911,-0.009295964274308125,-1.9730720442609384e-05,1.124908181755535e-06,12.00000000000097,2.8942490817956822e-06,-0.000334935069241826,-8.07821263845208e-11,-8.07821263845208e-11,0.011043493890966073,2.41187423482954e-07
0.2464,89.99950792755499,90.0,0.016458737968931984,-0.00923947854453773,-1.961153574590413e-05,1.1174090249815522e-06,12.000000000000956,2.869959624150045e-06,-0.0003329118722298541,-7.962030264165032e-11,-7.962030264165032e-11,0.01097249197928799,2.391633020124847e-07
0.2466,89.99951120871631,90.0,0.016352882245632017,-0.009183303381717665,-1.9492998903433902e-05,1.1099580910495147e-06,12.000000000000941,2.8458743113069154e-06,-0.00033089967274347676,-7.847490652337097e-11,-7.847490652337097e-11,0.010901921497088012,2.37156192608891e-07
0.24680000000000002,89.99951446877085,90.0,0.01624767010852501,-0.009127437422136994,-1.937510715701745e-05,1.1025550868714222e-06,12.000000000000927,2.8219914255022964e-06,-0.00032889842396171604,-7.734571102342584e-11,-7.734571102342584e-11,0.010831780072350007,2.351659521251732e-07
0.24700000000000003,89.99951770784699,90.0,0.016143098015209332,-0.009071879304358068,-1.925785775190023e-05,1.0951997209482186e-06,12.000000000000915,2.79830926294708e-06,-0.0003269080791217632,-7.623249216154977e-11,-7.623249216154977e-11,0.010762065343472888,2.3319243857890556e-07
0.2472,89.99952092607235,90.0,0.016039162438879925,-0.00901662766882496,-1.9141247935842133e-05,1.0878917033986824e-06,12.000000000000902,2.774826134475312e-06,-0.00032492859150349304,-7.513502896183978e-11,-7.513502896183978e-11,0.010692774959253283,2.312355112062586e-07
0.2474,89.9995241235739,90.0,0.015935859868306677,-0.008961681158188552,-1.9025274959880112e-05,1.0806307459305361e-06,12.000000000000888,2.7515403649564376e-06,-0.0003229599144424093,-7.405310340425842e-11,-7.405310340425842e-11,0.010623906578871117,2.292950304130195e-07
0.24760000000000001,89.9995273004779,90.0,0.015833186807809266,-0.008907038416916136,-1.8909936077418525e-05,1.0734165618693368e-06,12.000000000000876,2.7284502939425344e-06,-0.0003210020013142034,-7.298650040348467e-11,-7.298650040348467e-11,0.010555457871872845,2.2737085782852794e-07
0.24780000000000002,89.99953045690988,90.0,0.015731139777236374,-0.00885269809232819,-1.879522854665545e-05,1.0662488660718056e-06,12.000000000000863,2.705554273849051e-06,-0.0003190548055759413,-7.193500773483366e-11,-7.193500773483366e-11,0.010487426518157582,2.2546285615407137e-07
0.248,89.99953359299472,90.0,0.01562971531193279,-0.008798658833131377,-1.8681149627157072e-05,1.0591273750413878e-06,12.00000000000085,2.6828506724575367e-06,-0.0003171182807079133,-7.08984160538119e-11,-7.08984160538119e-11,0.010419810207955193,2.2357088937144553e-07
0.2482,89.9995367088566,90.0,0.015528909962723892,-0.008744919291173228,-1.8567696583961703e-05,1.0520518067838036e-06,12.000000000000838,2.6603378698592385e-06,-0.0003151923802833005,-6.987651879655668e-11,-6.987651879655668e-11,0.010352606641815929,2.2169482248825437e-07
0.2484,89.99953980461896,90.0,0.015428720295879396,-0.008691478119970446,-1.845486668414359e-05,1.0450218809226073e-06,12.000000000000828,2.6380142609620834e-06,-0.00031327705790984493,-6.88691121998632e-11,-6.88691121998632e-11,0.010285813530586264,2.198345217468251e-07
0.24860000000000002,89.99954288040463,90.0,0.015329142893094335,-0.008638333976103418,-1.8342657200075357e-05,1.0380373185836276e-06,12.000000000000814,2.615878253053971e-06,-0.00031137226728522984,-6.78759952162905e-11,-6.78759952162905e-11,0.010219428595396223,2.1798985442114945e-07
0.24880000000000002,89.9995459363357,90.0,0.015230174351454072,-0.008585485517746301,-1.8231065405995787e-05,1.0310978425105277e-06,12.000000000000803,2.5939282683081628e-06,-0.0003094779621388174,-6.689696953418568e-11,-6.689696953418568e-11,0.01015344956763605,2.1616068902566577e-07
0.249,89.99954897253362,90.0,0.015131811283415795,-0.008532931406417518,-1.8120088582104474e-05,1.0242031769203555e-06,12.000000000000792,2.5721627407306596e-06,-0.00030759409630115624,-6.593183948120836e-11,-6.593183948120836e-11,0.010087874188943862,2.1434689506087414e-07
0.2492,89.99955198911914,90.0,0.015034050316770459,-0.008480670305860829,-1.800972401195052e-05,1.0173530475902132e-06,12.00000000000078,2.5505801180542557e-06,-0.0003057206236596539,-6.498041203211751e-11,-6.498041203211751e-11,0.010022700211180307,2.1254834317117417e-07
0.2494,89.99955498621235,90.0,0.014936888094617295,-0.008428700882009706,-1.7899968982352343e-05,1.0105471818572571e-06,12.000000000000767,2.5291788617710115e-06,-0.0003038574981572157,-6.404249677748374e-11,-6.404249677748374e-11,0.009957925396411531,2.1076490514757082e-07
0.24960000000000002,89.99955796393265,90.0,0.014840321275338486,-0.00837702180401783,-1.779082078580986e-05,1.0037853085320291e-06,12.000000000000757,2.507957445318674e-06,-0.0003020046738331921,-6.311790585507867e-11,-6.311790585507867e-11,0.009893547516892325,2.08996453776543e-07
0.24980000000000002,89.9995609223988,90.0,0.014744346532562692,-0.008325631743497578,-1.7682276718728628e-05,9.970671579562345e-07,12.000000000000746,2.4869143553575753e-06,-0.0003001621047932329,-6.220645394538243e-11,-6.220645394538243e-11,0.009829564355041795,2.0724286294645172e-07
0.25,89.99956386172887,90.0,0.014648960555136484,-0.008274529374480172,-1.757433408133008e-05,9.903924620027438e-07,12.000000000000735,2.4660480918069325e-06,-0.0002983297452077637,-6.130795824156743e-11,-6.130795824156743e-11,0.009765973703424323,2.0550400765056512e-07
0.25020000000000003,89.99956678204032,90.0,0.014554160047096835,-0.008223713374443057,-1.7466990180056748e-05,9.837609539889223e-07,12.000000000000725,2.4453571660341305e-06,-0.0002965075493528152,-6.042223838275678e-11,-6.042223838275678e-11,0.009702773364731224,2.0377976383616523e-07
0.2504,89.99956968344988,90.0,0.014459941727631726,-0.008173182422833825,-1.7360242324126168e-05,9.771723687921898e-07,12.000000000000714,2.4248401033657212e-06,-0.0002946954715515245,-5.954911647486384e-11,-5.954911647486384e-11,0.009639961151754485,2.0207000861379807e-07
0.2506,89.99957256607367,90.0,0.014366302331057375,-0.008122935202459512,-1.7254087828781595e-05,9.706264427344604e-07,12.000000000000703,2.4044954406554536e-06,-0.0002928934662293172,-5.8688417012177e-11,-5.8688417012177e-11,0.009577534887371583,2.003746200546094e-07
0.2508,89.99957543002716,90.0,0.01427323860677998,-0.008072970399077888,-1.7148524014341107e-05,9.641229136110335e-07,12.000000000000693,2.3843217269481607e-06,-0.00029110148789776574,-5.7839966861794984e-11,-5.7839966861794984e-11,0.009515492404519986,1.986934772456686e-07
0.251,89.99957827542515,90.0,0.014180747319261814,-0.008023286700994864,-1.704354820526054e-05,9.576615207194826e-07,12.000000000000684,2.3643175241380892e-06,-0.00028931949113868204,-5.7003595247821804e-11,-5.7003595247821804e-11,0.009453831546174542,1.9702646034482953e-07
0.25120000000000003,89.99958110238181,90.0,0.014088825247992001,-0.007973882799378957,-1.693915773087215e-05,9.512420048307665e-07,12.000000000000675,2.3444814063908132e-06,-0.0002875474306166569,-5.617913371134722e-11,-5.617913371134722e-11,0.009392550165328,1.9537345053255677e-07
0.2514,89.99958391101066,90.0,0.013997469187453841,-0.007924757388926198,-1.6835349926943047e-05,9.448641081314485e-07,12.000000000000664,2.3248119589543195e-06,-0.0002857852611055147,-5.536641605924555e-11,-5.536641605924555e-11,0.009331646124969227,1.9373432991284924e-07
0.2516,89.99958670142459,90.0,0.013906675947084298,-0.007875909167093041,-1.673212213388672e-05,9.385275742814766e-07,12.000000000000654,2.305307779440989e-06,-0.0002840329374579536,-5.4565278361605055e-11,-5.4565278361605055e-11,0.009271117298056198,1.9210898162007198e-07
0.2518,89.99958947373582,90.0,0.013816442351242467,-0.007827336834052318,-1.66294716966639e-05,9.322321484141839e-07,12.000000000000647,2.285967477867679e-06,-0.0002822904146038625,-5.377555892484818e-11,-5.377555892484818e-11,0.009210961567494978,1.904972898222963e-07
0.252,89.999592228056,90.0,0.01372676523917842,-0.007779039093715565,-1.6527395967176358e-05,9.25977577049618e-07,12.000000000000636,2.266789674849633e-06,-0.00028055764759095673,-5.2997098229937414e-11,-5.2997098229937414e-11,0.009151176826118946,1.8889913957079274e-07
0.25220000000000004,89.9995949644961,90.0,0.013637641464990368,-0.0077310146526073905,-1.6425892301640524e-05,9.197636081812118e-07,12.000000000000625,2.247773003500652e-06,-0.0002788345915401941,-5.222973894217891e-11,-5.222973894217891e-11,0.009091760976660245,1.873144169583779e-07
0.2524,89.99959768316646,90.0,0.013549067897594858,-0.007683262220534409,-1.6324958062154965e-05,9.135899912180028e-07,12.000000000000618,2.2289161082405094e-06,-0.00027712120167238367,-5.1473325861875906e-11,-5.1473325861875906e-11,0.009032711931729906,1.857430090200329e-07
0.2526,89.9996003841768,90.0,0.013461041420688952,-0.007635780510532426,-1.6224590616581455e-05,9.074564769846334e-07,12.000000000000608,2.210217644843055e-06,-0.0002754174333061667,-5.072770589922034e-11,-5.072770589922034e-11,0.008974027613792636,1.8418480373691192e-07
0.2528,89.99960306763627,90.0,0.013373558932713466,-0.007588568239170392,-1.6124787339260046e-05,9.01362817692461e-07,12.0000000000006,2.191676279867691e-06,-0.0002737232418701551,-4.9992728037939645e-11,-4.9992728037939645e-11,0.00891570595514231,1.826396899889651e-07
0.253,89.99960573365334,90.0,0.013286617346812312,-0.007541624125783072,-1.6025545609220066e-05,8.953087669973384e-07,12.00000000000059,2.1732906919415697e-06,-0.0002720385828725629,-4.926824333382393e-11,-4.926824333382393e-11,0.008857744897874874,1.8110755766178858e-07
0.25320000000000004,89.99960838233586,90.0,0.013200213590801046,-0.0074949468931376955,-1.5926862811742445e-05,8.892940799418325e-07,12.000000000000583,2.1550595705690897e-06,-0.0002703634119277267,-4.8554104867211023e-11,-4.8554104867211023e-11,0.008800142393867364,1.7958829754741542e-07
0.2534,89.99961101379112,90.0,0.013114344607127397,-0.007448535267378829,-1.582873633823561e-05,8.833185129552257e-07,12.000000000000576,2.136981616182081e-06,-0.0002686976847539996,-4.785016771916315e-11,-4.785016771916315e-11,0.008742896404751599,1.7808180134849822e-07
0.2536,89.99961362812577,90.0,0.013029007352832534,-0.007402387977974306,-1.5731163586113733e-05,8.773818238535159e-07,12.000000000000565,2.1190555401890635e-06,-0.00026704135717168376,-4.7156288947853034e-11,-4.7156288947853034e-11,0.008686004901888356,1.7658796168241364e-07
0.2538,89.99961622544583,90.0,0.01294419879951316,-0.007356503757662284,-1.563414195867759e-05,8.71483771839415e-07,12.000000000000558,2.1012800650234345e-06,-0.0002653943851010085,-4.6472327565156304e-11,-4.6472327565156304e-11,0.008629465866342107,1.7510667208527807e-07
0.254,89.99961880585676,90.0,0.012859915933283915,-0.007310881342754039,-1.553766886582694e-05,8.656241174734609e-07,12.00000000000055,2.0836539235760297e-06,-0.00026375672457422275,-4.579814450238468e-11,-4.579814450238468e-11,0.008573277288855943,1.7363782696466117e-07
0.25420000000000004,89.99962136946337,90.0,0.012776155754736502,-0.007265519473076874,-1.544174172393203e-05,8.598026226740163e-07,12.000000000000542,2.0661758592471104e-06,-0.0002621283317334141,-4.5133602587689506e-11,-4.5133602587689506e-11,0.008517437169824334,1.721813216039181e-07
0.2544,89.99962391636994,90.0,0.01269291527889945,-0.0072204168915627,-1.534635795487659e-05,8.540190507461589e-07,12.000000000000533,2.0488446266127246e-06,-0.0002605091628142631,-4.4478566534613225e-11,-4.4478566534613225e-11,0.0084619435192663,1.7073705221771947e-07
0.2546,89.99962644668008,90.0,0.012610191535202538,-0.007175572344908862,-1.5251514987607075e-05,8.482731663239019e-07,12.000000000000526,2.031658990239508e-06,-0.00025889917417234234,-4.3832902897733374e-11,-4.3832902897733374e-11,0.008406794356801693,1.693049158532849e-07
0.2548,89.99962896049686,90.0,0.01252798156743372,-0.007130984582807474,-1.5157210256336158e-05,8.425647354279732e-07,12.000000000000519,2.0146177259699086e-06,-0.00025729832225262,-4.3196480072701964e-11,-4.3196480072701964e-11,0.00835198771162248,1.6788481049748513e-07
0.255,89.99963145792273,90.0,0.012446282433704586,-0.007086652359318295,-1.5063441203756455e-05,8.368935253502562e-07,12.000000000000512,1.99771961850513e-06,-0.0002557065636440139,-4.256916823101295e-11,-4.256916823101295e-11,0.008297521622469724,1.664766348754204e-07
0.25520000000000004,89.99963393905956,90.0,0.012365091206400508,-0.00704257443137801,-1.4970205277561523e-05,8.312593047693496e-07,12.000000000000504,1.9809634639294953e-06,-0.0002541238550203345,-4.195083934234813e-11,-4.195083934234813e-11,0.008243394137600338,1.6508028866078433e-07
0.2554,89.99963640400865,90.0,0.012284404972147828,-0.006998749559464959,-1.4877499932003832e-05,8.256618436927869e-07,12.000000000000497,1.964348068521688e-06,-0.0002525501531667317,-4.134136713149211e-11,-4.134136713149211e-11,0.00818960331476522,1.6369567237680053e-07
0.2556,89.99963885287072,90.0,0.012204220831773069,-0.0069551765082527485,-1.4785322629427722e-05,8.201009133992578e-07,12.00000000000049,1.9478722475761233e-06,-0.0002509854150057175,-4.074062703633276e-11,-4.074062703633276e-11,0.008136147221182045,1.6232268729800363e-07
0.2558,89.99964128574587,90.0,0.012124535900254918,-0.0069118540454773565,-1.4693670837626724e-05,8.145762865252761e-07,12.000000000000483,1.9315348273097374e-06,-0.0002494295975523055,-4.014849621950919e-11,-4.014849621950919e-11,0.008083023933503278,1.609612356091383e-07
0.256,89.99964370273368,90.0,0.012045347306689226,-0.006868780942954134,-1.4602542032225314e-05,8.090877369785118e-07,12.000000000000476,1.9153346430607235e-06,-0.00024788265795444206,-3.9564853516174655e-11,-3.9564853516174655e-11,0.008030231537792818,1.5961122025505395e-07
0.25620000000000004,89.99964610393312,90.0,0.01196665219424222,-0.0068259559754465975,-1.451193369404003e-05,8.036350400244601e-07,12.000000000000469,1.8992705411938108e-06,-0.0002463445534482104,-3.898957944564266e-11,-3.898957944564266e-11,0.007977768129494814,1.5827254509947806e-07
0.2564,89.9996484894426,90.0,0.011888447720116744,-0.006783377922040423,-1.442184331229572e-05,7.98217972170881e-07,12.000000000000462,1.8833413766821635e-06,-0.0002448152414124274,-3.842255614953662e-11,-3.842255614953662e-11,0.007925631813411162,1.569451147235076e-07
0.2566,89.99965085935997,90.0,0.011810731055502795,-0.006741045565363826,-1.4332268382808884e-05,7.928363112255806e-07,12.000000000000455,1.8675460144007929e-06,-0.00024329467933780516,-3.786366739351831e-11,-3.786366739351831e-11,0.00787382070366853,1.556288345333935e-07
0.25680000000000003,89.99965321378252,90.0,0.011733499385536845,-0.0066989576918860365,-1.424320640869038e-05,7.8748983626752e-07,12.000000000000448,1.8518833285630115e-06,-0.00024178282483887993,-3.731279853766465e-11,-3.731279853766465e-11,0.007822332923691229,1.5432361071357853e-07
0.257,89.99965555280696,90.0,0.01165674990925804,-0.006657113091145583,-1.4154654898546577e-05,7.821783277045959e-07,12.00000000000044,1.8363522040066252e-06,-0.00024027963562347587,-3.6769836537921874e-11,-3.6769836537921874e-11,0.007771166606172026,1.530293503338798e-07
0.25720000000000004,89.99965787652944,90.0,0.011580479839572735,-0.00661551055747716,-1.4066611370520765e-05,7.769015671291905e-07,12.000000000000433,1.820951533162811e-06,-0.0002387850695613093,-3.6234669876169914e-11,-3.6234669876169914e-11,0.00772031989304849,1.5174596109689544e-07
0.2574,89.99966018504557,90.0,0.011504686403199807,-0.0065741488878036216,-1.3979073347137811e-05,7.716593374915111e-07,12.00000000000043,1.8056802198170902e-06,-0.0002372990845964752,-3.570718860304519e-11,-3.570718860304519e-11,0.007669790935466538,1.504733516514188e-07
0.2576,89.9996624784504,90.0,0.0114293668406409,-0.006533026884081333,-1.3892038361024598e-05,7.664514228973611e-07,12.000000000000423,1.7905371748404994e-06,-0.00023582163884455337,-3.518728424858069e-11,-3.518728424858069e-11,0.007619577893760601,1.4921143123670301e-07
0.25780000000000003,89.99966475683846,90.0,0.011354518406122891,-0.00649214335108822,-1.3805503949745768e-05,7.61277608781479e-07,12.000000000000416,1.7755213199541607e-06,-0.00023435269050494362,-3.4674849865010997e-11,-3.4674849865010997e-11,0.0075696789374152616,1.4796010999617494e-07
0.258,89.99966702030365,90.0,0.011280138367565386,-0.006451497097799481,-1.3719467659023877e-05,7.561376817919787e-07,12.000000000000409,1.760631585309639e-06,-0.0002328921979155288,-3.4169779968520814e-11,-3.4169779968520814e-11,0.007520092245043591,1.4671929877579827e-07
0.2582,89.99966926893941,90.0,0.011206224006532772,-0.006411086936965328,-1.363392704175799e-05,7.510314298192403e-07,12.000000000000405,1.7458669101651995e-06,-0.00023144011953601528,-3.367197053188281e-11,-3.367197053188281e-11,0.007470816004355181,1.4548890918042837e-07
0.2584,89.9996715028386,90.0,0.011132772618190906,-0.006370911685050571,-1.3548879657887679e-05,7.459586419959087e-07,12.000000000000398,1.731226242940795e-06,-0.0002299964139456242,-3.318131896707714e-11,-3.318131896707714e-11,0.007421848412127271,1.442688535783948e-07
0.2586,89.99967372209353,90.0,0.011059781511264632,-0.0063309701628857865,-1.3464323075920497e-05,7.409191086391151e-07,12.000000000000393,1.71670854004168e-06,-0.0002285610398690208,-3.269772408866184e-11,-3.269772408866184e-11,0.007373187674176423,1.4305904500346867e-07
0.25880000000000003,89.99967592679602,90.0,0.0109872480079877,-0.0062912611945316055,-1.33802548702829e-05,7.359126213371457e-07,12.000000000000387,1.7023127677677634e-06,-0.00022713395613134553,-3.2221086126331676e-11,-3.2221086126331676e-11,0.007324832005325134,1.418593973139757e-07
0.259,89.9996781170373,90.0,0.01091516944406585,-0.006251783608648257,-1.3296672624526494e-05,7.309389728338834e-07,12.00000000000038,1.6880378998995949e-06,-0.0002257151217126411,-3.175130666928134e-11,-3.175130666928134e-11,0.007276779629377235,1.4066982499162846e-07
0.2592,89.9996802929081,90.0,0.01084354316862396,-0.006212536237000679,-1.3213573927839602e-05,7.259979571443652e-07,12.000000000000377,1.6738829202265077e-06,-0.00022430449568863522,-3.128828868860125e-11,-3.128828868860125e-11,0.00722902877908264,1.394902433522046e-07
0.2594,89.99968245449861,90.0,0.010772366544170731,-0.006173517915475031,-1.313095637742798e-05,7.210893694681152e-07,12.00000000000037,1.6598468207458267e-06,-0.000222902037271154,-3.083193649185678e-11,-3.083193649185678e-11,0.007181577696113821,1.383205683954813e-07
0.2596,89.9996846018985,90.0,0.010701636946551235,-0.006134727484367693,-1.304881757919618e-05,7.162130061602527e-07,12.000000000000366,1.6459286011079616e-06,-0.00022150770581968828,-3.0382155697868527e-11,-3.0382155697868527e-11,0.0071344246310341575,1.3716071675899263e-07
0.25980000000000003,89.99968673519692,90.0,0.01063135176489656,-0.006096163787604431,-1.2967155145928183e-05,7.113686647892724e-07,12.000000000000359,1.632127269910887e-06,-0.00022012146081050931,-2.993885324012018e-11,-2.993885324012018e-11,0.007087567843264373,1.360106058259032e-07
0.26,89.99968885448247,90.0,0.010561508401582194,-0.006057825673037561,-1.2885966697987128e-05,7.065561441081555e-07,12.000000000000355,1.6184418441378277e-06,-0.00021874326184854694,-2.9501937341572965e-11,-2.9501937341572965e-11,0.0070410056010547966,1.348701536781483e-07
0.2602,89.99969095984329,90.0,0.010492104272182973,-0.00601971199238303,-1.280524986317368e-05,7.017752440543683e-07,12.000000000000348,1.604871349214543e-06,-0.00021737306866498533,-2.907131749927253e-11,-2.907131749927253e-11,0.006994736181455316,1.3373927910120803e-07
0.2604,89.99969305136696,90.0,0.01042313680542889,-0.0059818216015140036,-1.2725002277417718e-05,6.970257657209732e-07,12.000000000000345,1.5914148184502741e-06,-0.0002160108411290045,-2.8646904459882984e-11,-2.8646904459882984e-11,0.006948757870285926,1.3261790153751902e-07
0.2606,89.99969512914053,90.0,0.010354603443157466,-0.00594415336003908,-1.2645221583798034e-05,6.923075113855185e-07,12.000000000000338,1.5780712937135314e-06,-0.0002146565392311395,-2.8228610214045347e-11,-2.8228610214045347e-11,0.006903068962104977,1.3150594114279058e-07
0.26080000000000003,89.9996971932506,90.0,0.010286501640271018,-0.005906706131953165,-1.2565905434069133e-05,6.876202844522583e-07,12.000000000000334,1.5648398242559694e-06,-0.00021331012310919827,-2.7816347963183974e-11,-2.7816347963183974e-11,0.006857667760180679,1.3040331868799382e-07
0.261,89.99969924378321,90.0,0.010218828864686277,-0.005869478784856592,-1.2487051486841746e-05,6.829638895099324e-07,12.000000000000329,1.5517194680068989e-06,-0.00021197155301737534,-2.74100321233924e-11,-2.74100321233924e-11,0.0068125525764575175,1.2930995566723803e-07
0.2612,89.99970128082393,90.0,0.010151582597293207,-0.0058324701906081675,-1.2408657409114526e-05,6.783381322739866e-07,12.000000000000323,1.5387092903951754e-06,-0.00021064078935225278,-2.700957829270631e-11,-2.700957829270631e-11,0.0067677217315288045,1.282257741995945e-07
0.2614,89.99970330445778,90.0,0.010084760331906131,-0.005795679224901644,-1.2330720875289816e-05,6.737428196154629e-07,12.00000000000032,1.5258083650265905e-06,-0.00020931779263609257,-2.66149032460869e-11,-2.66149032460869e-11,0.006723173554604087,1.271506970855458e-07
0.2616,89.99970531476933,90.0,0.010018359575219866,-0.005759104767559755,-1.2253239567866351e-05,6.691777595321089e-07,12.000000000000314,1.5130157731243996e-06,-0.0002080025235285955,-2.622592491236965e-11,-2.622592491236965e-11,0.00667890638347991,1.2608464776036334e-07
0.26180000000000003,89.99970731184264,90.0,0.009952377846762488,-0.005722745702468266,-1.2176211177290803e-05,6.646427611483781e-07,12.000000000000309,1.500330603589363e-06,-0.00020669494282438093,-2.5842562360547027e-11,-2.5842562360547027e-11,0.006634918564508326,1.2502755029911037e-07
0.262,89.99970929576128,90.0,0.009886812678848562,-0.005686600917510658,-1.209963340181071e-05,6.6013763471543e-07,12.000000000000306,1.4877519530592365e-06,-0.00020539501145049047,-2.546473578617364e-11,-2.546473578617364e-11,0.006591208452565708,1.2397932942159988e-07
0.2622,89.99971126660829,90.0,0.009821661616533616,-0.005650669304504575,-1.202350394733142e-05,6.556621916111304e-07,12.000000000000302,1.4752789259666388e-06,-0.00020410269046395931,-2.5092366497880308e-11,-2.5092366497880308e-11,0.006547774411022412,1.2293991049721682e-07
0.2624,89.99971322446625,90.0,0.009756922217568867,-0.005614949759493868,-1.1947820528104313e-05,6.512162443111609e-07,12.000000000000297,1.4629106339813859e-06,-0.00020281794106349915,-2.472537689533296e-11,-2.472537689533296e-11,0.006504614811712578,1.219092194984458e-07
0.2626,89.99971516941726,90.0,0.009692592052352938,-0.0055794411826811975,-1.1872580866575057e-05,6.467996063890193e-07,12.000000000000291,1.4506461960718644e-06,-0.00020154072458692228,-2.4363690456298247e-11,-2.4363690456298247e-11,0.006461728034901959,1.2088718300598576e-07
0.26280000000000003,89.99971710154293,90.0,0.009628668703884184,-0.005544142477650903,-1.179778269157258e-05,6.424120925737988e-07,12.000000000000288,1.4384847397961463e-06,-0.00020027100248039877,-2.400723174097691e-11,-2.400723174097691e-11,0.006419112469256123,1.1987372831634264e-07
0.263,89.99971902092437,90.0,0.009565149767721957,-0.005509052553091295,-1.1723423742340185e-05,6.380535186057398e-07,12.000000000000284,1.4264253982750278e-06,-0.00019900873636688587,-2.3655926336028207e-11,-2.3655926336028207e-11,0.006376766511814639,1.1886878318958283e-07
0.2632,89.99972092764222,90.0,0.009502032851927987,-0.005474170320581159,-1.1649501763367829e-05,6.337237014095676e-07,12.00000000000028,1.414467313958008e-06,-0.0001977538879584045,-2.330970089377256e-11,-2.330970089377256e-11,0.006334688567951992,1.1787227616316457e-07
0.2634,89.99972282177666,90.0,0.00943931557703356,-0.005439494697030853,-1.1576014510102998e-05,6.294224588922647e-07,12.000000000000275,1.4026096343583296e-06,-0.000196506419152983,-2.2968483059768655e-11,-2.2968483059768655e-11,0.006292877051355707,1.1688413619652478e-07
0.2636,89.99972470340738,90.0,0.009376995575978217,-0.005405024602465062,-1.150295974377454e-05,6.25149610116409e-07,12.000000000000272,1.39085151582237e-06,-0.00019526629194679005,-2.2632201511933355e-11,-2.2632201511933355e-11,0.006251330383985478,1.1590429298519488e-07
0.26380000000000003,89.9997265726136,90.0,0.009315070494074137,-0.005370758961394169,-1.1430335234603019e-05,6.209049751846149e-07,12.000000000000266,1.3791921211139564e-06,-0.00019403346848863152,-2.2300785914327315e-11,-2.2300785914327315e-11,0.006210046996049425,1.1493267675949382e-07
0.264,89.99972842947405,90.0,0.009253537988954808,-0.0053366967023873065,-1.1358138760808777e-05,6.166883752684227e-07,12.000000000000263,1.367630620094888e-06,-0.00019280791106311197,-2.197416691386984e-11,-2.197416691386984e-11,0.0061690253259698725,1.1396921834123817e-07
0.2642,89.99973027406702,90.0,0.009192395730528496,-0.005302836758007391,-1.1286368108465684e-05,6.124996326082991e-07,12.00000000000026,1.3561661897840636e-06,-0.00019158958208815208,-2.1652276128567054e-11,-2.1652276128567054e-11,0.0061282638203523305,1.1301384914866952e-07
0.2644,89.99973210647035,90.0,0.009131641400932424,-0.005269178065102414,-1.1215021072187652e-05,6.083385704847474e-07,12.000000000000256,1.3447980138005526e-06,-0.00019037844412664225,-2.1335046127661877e-11,-2.1335046127661877e-11,0.006087760933954949,1.1206650115004366e-07
0.2646,89.99973392676137,90.0,0.009071272694483804,-0.0052357195643818,-1.1144095454144172e-05,6.042050132471963e-07,12.000000000000252,1.3335252830410366e-06,-0.00018917445986973134,-2.1022410428492786e-11,-2.1022410428492786e-11,0.006047515129655869,1.1112710692008405e-07
0.26480000000000004,89.99973573501698,90.0,0.009011287317635504,-0.005202460200709778,-1.1073589064751501e-05,6.000987862851113e-07,12.000000000000249,1.3223471951209743e-06,-0.00018797759214855947,-2.0714303476936413e-11,-2.0714303476936413e-11,0.00600752487842367,1.1019559959341224e-07
0.265,89.99973753131363,90.0,0.008951682988928497,-0.005169398923394249,-1.1003499723353744e-05,5.960197159991043e-07,12.000000000000245,1.311262953819834e-06,-0.00018678780394581975,-2.0410660628292557e-11,-2.0410660628292557e-11,0.005967788659285664,1.0927191281831727e-07
0.2652,89.9997393157273,90.0,0.008892457438940956,-0.005136534685405191,-1.093382525640177e-05,5.91967629858713e-07,12.000000000000242,1.3002717703762308e-06,-0.00018560505836484487,-2.0111418152569635e-11,-2.0111418152569635e-11,0.005928304959293971,1.0835598086468373e-07
0.2654,89.99974108833351,90.0,0.00883360841024635,-0.005103866444026663,-1.086456349898254e-05,5.87942356344622e-07,12.000000000000238,1.2893728623108076e-06,-0.0001844293186555678,-1.9816513207413063e-11,-1.9816513207413063e-11,0.005889072273497567,1.0744773852589851e-07
0.2656,89.99974284920735,90.0,0.0087751336573639,-0.005071393160432378,-1.0795712293832862e-05,5.839437249775515e-07,12.000000000000234,1.2785654541044063e-06,-0.00018326054819778006,-1.9525883835492712e-11,-1.9525883835492712e-11,0.005850089104909268,1.065471211753651e-07
0.26580000000000004,89.99974459842343,90.0,0.008717030946714093,-0.005039113799978848,-1.0727269492030096e-05,5.799715662893687e-07,12.000000000000231,1.2678487766394233e-06,-0.0001820987105128566,-1.923946894594477e-11,-1.923946894594477e-11,0.005811353964476062,1.0565406471994992e-07
0.266,89.99974633605596,90.0,0.008659298056570789,-0.005007027332493799,-1.0659232953672199e-05,5.760257117941972e-07,12.000000000000227,1.257222066645449e-06,-0.0001809437692752997,-1.8957208296242105e-11,-1.8957208296242105e-11,0.005772865371047192,1.0476850555378544e-07
0.2662,89.99974806217867,90.0,0.008601932777010043,-0.004975132731494147,-1.0591600546055673e-05,5.721059940461964e-07,12.000000000000224,1.2466845679948282e-06,-0.0001797956882818093,-1.867904249774467e-11,-1.867904249774467e-11,0.0057346218513400285,1.0389038066623375e-07
0.2664,89.99974977686487,90.0,0.008544932909867702,-0.004943428974837365,-1.0524370145203475e-05,5.682122465817826e-07,12.00000000000022,1.236235530526077e-06,-0.0001786544314772195,-1.8404912989839254e-11,-1.8404912989839254e-11,0.005696621939911802,1.0301962754383785e-07
0.2666,89.99975148018743,90.0,0.008488296268689771,-0.004911915044652149,-1.0457539635708921e-05,5.643443039196287e-07,12.000000000000217,1.225874210107014e-06,-0.000177519962951849,-1.8134762030151695e-11,-1.8134762030151695e-11,0.005658864179126514,1.0215618417558265e-07
0.26680000000000004,89.99975317221877,90.0,0.008432020678683445,-0.0048805899265595264,-1.0391106908920687e-05,5.605020016184433e-07,12.000000000000213,1.2155998699274715e-06,-0.0001763922469106907,-1.786853270007052e-11,-1.786853270007052e-11,0.005621347119122296,1.0129998916062083e-07
0.267,89.99975485303088,90.0,0.008376103976677174,-0.004849452610682906,-1.0325069865308966e-05,5.566851761903023e-07,12.000000000000211,1.205411778704372e-06,-0.00017527124771357815,-1.7606168871846258e-11,-1.7606168871846258e-11,0.005584069317784783,1.0045098155869589e-07
0.2672,89.99975652269532,90.0,0.008320544011068997,-0.004818502091220651,-1.0259426413472453e-05,5.528936651295375e-07,12.00000000000021,1.1953092113626655e-06,-0.0001741569298583287,-1.734761520685819e-11,-1.734761520685819e-11,0.005547029340712665,9.960910094688705e-08
0.2674,89.99975818128323,90.0,0.008265338641779923,-0.004787737366381014,-1.0194174469991869e-05,5.491273069127375e-07,12.000000000000206,1.1852914490945739e-06,-0.00017304925797825705,-1.709281714614879e-11,-1.709281714614879e-11,0.005510225761186615,9.877428742454613e-08
0.2676,89.99975982886531,90.0,0.008210485740207971,-0.004757157438673214,-1.012931196011601e-05,5.453859409698573e-07,12.000000000000203,1.1753577788028133e-06,-0.00017194819685382117,-1.6841720893604396e-11,-1.6841720893604396e-11,0.005473657160138648,9.794648156689945e-08
0.26780000000000004,89.99976146551185,90.0,0.008155983189178902,-0.004726761314838651,-1.006483681760689e-05,5.416694076842186e-07,12.000000000000199,1.1655074931632335e-06,-0.00017085371140999352,-1.65942734069244e-11,-1.65942734069244e-11,0.005437322126119268,9.712562443026785e-08
0.268,89.99976309129272,90.0,0.008101828882897679,-0.0046965480054278665,-1.00007469837566e-05,5.379775484213997e-07,12.000000000000195,1.1557398913017595e-06,-0.00016976576669957194,-1.6350422396009996e-11,-1.6350422396009996e-11,0.005401219255265119,9.63116576084784e-08
0.2682,89.99976470627733,90.0,0.008048020726904987,-0.0046665165247398305,-9.937040407250637e-06,5.343102055292352e-07,12.000000000000192,1.1460542788496743e-06,-0.0001686843279008596,-1.6110116313804878e-11,-1.6110116313804878e-11,0.005365347151269992,9.550452323747134e-08
0.2684,89.99976631053474,90.0,0.007994556638034136,-0.00463666589182757,-9.873715046524099e-06,5.306672222511463e-07,12.000000000000192,1.1364499661527285e-06,-0.00016760936035766218,-1.587330432544522e-11,-1.587330432544522e-11,0.005329704425356091,9.47041638460592e-08
0.2686,89.9997679041335,90.0,0.007941434544356628,-0.004606995129711643,-9.810768867929508e-06,5.270484427839212e-07,12.000000000000188,1.1269262695707787e-06,-0.0001665408295481861,-1.5639936314496443e-11,-1.5639936314496443e-11,0.005294289696237752,9.391052246423009e-08
0.26880000000000004,89.99976948714188,90.0,0.007888652385136771,-0.0045775032653167565,-9.748199845594094e-06,5.234537122777146e-07,12.000000000000185,1.1174825115355312e-06,-0.0001654787010826158,-1.540996287428634e-11,-1.540996287428634e-11,0.00525910159009118,9.31235426279595e-08
0.269,89.99977105962759,90.0,0.007836208110786941,-0.004548189329409294,-9.686005961279164e-06,5.198828768360476e-07,12.000000000000181,1.1081180206074134e-06,-0.00016442294070072658,-1.5183335299311374e-11,-1.5183335299311374e-11,0.005224138740524627,9.234316838394972e-08
0.2692,89.99977262165804,90.0,0.007784099682823509,-0.004519052357601611,-9.624185206733321e-06,5.163357834291383e-07,12.00000000000018,1.098832129685882e-06,-0.00016337351431183108,-1.496000555546113e-11,-1.496000555546113e-11,0.0051893997885490055,9.156934414048879e-08
0.26940000000000003,89.9997741733002,90.0,0.007732325073811341,-0.0044900913888534354,-9.562735580195661e-06,5.128122800094612e-07,12.000000000000178,1.08962417854096e-06,-0.0001623303879354202,-1.4739926300530415e-11,-1.4739926300530415e-11,0.005154883382540894,9.080201487841199e-08
0.2696,89.9997757146206,90.0,0.007680882267325508,-0.004461305466484237,-9.501655088767168e-06,5.093122154250776e-07,12.000000000000174,1.080493512016198e-06,-0.000161293527741418,-1.4523050854567023e-11,-1.4523050854567023e-11,0.005120588178217005,9.004112600134853e-08
0.26980000000000004,89.99977724568542,90.0,0.0076297692579012834,-0.004432693637748123,-9.440941747422947e-06,5.058354394485258e-07,12.00000000000017,1.0714394807074822e-06,-0.00016026290003341424,-1.4309333199039506e-11,-1.4309333199039506e-11,0.005086512838600856,8.928662339228892e-08
0.27,89.99977876656042,90.0,0.007578984050989126,-0.004404254954126273,-9.380593579701293e-06,5.023818027479304e-07,12.00000000000017,1.0624614404050396e-06,-0.00015923847126036146,-1.4098727961931479e-11,-1.4098727961931479e-11,0.00505265603399275,8.853845336708538e-08
0.2702,89.99978027731098,90.0,0.007528524662906246,-0.004375988471259293,-9.320608617551441e-06,4.989511568870031e-07,12.000000000000167,1.0535587521550213e-06,-0.0001582202080139905,-1.3891190410077119e-11,-1.3891190410077119e-11,0.005019016441937497,8.779656267958388e-08
0.27040000000000003,89.99978177800205,90.0,0.007478389120788869,-0.004347893248880571,-9.260984901183497e-06,4.955433543250424e-07,12.000000000000163,1.0447307823201958e-06,-0.00015720807702626307,-1.3686676441558264e-11,-1.3686676441558264e-11,0.004985592747192578,8.706089852668179e-08
0.2706,89.9997832686982,90.0,0.0074285754625453785,-0.004319968350395588,-9.201720478090615e-06,4.921582484458235e-07,12.000000000000162,1.035976903254749e-06,-0.0001562020451527728,-1.3485142584952156e-11,-1.3485142584952156e-11,0.004952383641696919,8.633140860456126e-08
0.27080000000000004,89.9997847494636,90.0,0.007379081736814394,-0.0042922128435339164,-9.142813404578323e-06,4.887956934998181e-07,12.00000000000016,1.0272964921271327e-06,-0.00015520207939870612,-1.3286545978093785e-11,-1.3286545978093785e-11,0.0049193878245429295,8.560804101059326e-08
0.271,89.99978622036207,90.0,0.007329906002915094,-0.004264625799924586,-9.084261744777807e-06,4.854555446330852e-07,12.000000000000156,1.0186889315984473e-06,-0.00015420814690209243,-1.3090844367622241e-11,-1.3090844367622241e-11,0.004886604001943396,8.48907442998695e-08
0.2712,89.999787681457,90.0,0.007281046330802535,-0.004237206295388981,-9.026063571336042e-06,4.821376578583806e-07,12.000000000000155,1.01015360926402e-06,-0.00015322021494551926,-1.2897996094951935e-11,-1.2897996094951935e-11,0.00485403088720169,8.417946743866725e-08
0.27140000000000003,89.9997891328114,90.0,0.007232500801019681,-0.004209953409518573,-8.968216964434416e-06,4.788418900840465e-07,12.000000000000153,1.0016899183296323e-06,-0.00015223825093947313,-1.2707960095850414e-11,-1.2707960095850414e-11,0.004821667200679788,8.347415986080163e-08
0.2716,89.99979057448792,90.0,0.0071842675046541096,-0.004182866226325023,-8.910720013313786e-06,4.7556809905623256e-07,12.00000000000015,9.932972564360954e-07,-0.00015126222244822788,-1.2520695880020771e-11,-1.2520695880020771e-11,0.004789511669769406,8.27747713696736e-08
0.2718,89.99979200654882,90.0,0.007136344543287624,-0.004155943833814561,-8.853570815285531e-06,4.7231614338778526e-07,12.00000000000015,9.849750263385401e-07,-0.00015029209717305688,-1.233616353095869e-11,-1.233616353095869e-11,0.004757563028858416,8.208125219487733e-08
0.272,89.99979342905597,90.0,0.007088730028950217,-0.004129185323568424,-8.796767474756246e-06,4.690858825871376e-07,12.000000000000146,9.767226365802047e-07,-0.00014932784293567703,-1.2154323705580617e-11,-1.2154323705580617e-11,0.004725820019300145,8.139355304834941e-08
0.2722,89.99979484207088,90.0,0.007041422084079321,-0.0041025897917517755,-8.740308105591376e-06,4.658771769716399e-07,12.000000000000144,9.685394996985196e-07,-0.00014836942771837214,-1.1975137607742174e-11,-1.1975137607742174e-11,0.004694281389386214,8.071162497487567e-08
0.27240000000000003,89.99979624565468,90.0,0.006994418841467062,-0.004076156337974252,-8.684190828457704e-06,4.6268988775422935e-07,12.000000000000142,9.604250341378895e-07,-0.0001474168196188808,-1.1798567001246752e-11,-1.1798567001246752e-11,0.004662945894311375,8.003541951148984e-08
0.2726,89.9997976398681,90.0,0.006947718444221036,-0.0040498840663009995,-8.628413773191753e-06,4.5952387695676004e-07,12.000000000000139,9.523786624538532e-07,-0.00014646998689060077,-1.1624574183708515e-11,-1.1624574183708515e-11,0.004631812296147357,7.936488853782018e-08
0.2728,89.99979902477156,90.0,0.006901319045713127,-0.004023772084470677,-8.572975076977779e-06,4.5637900746778306e-07,12.000000000000139,9.443998126086241e-07,-0.00014552889791165984,-1.1453121993075795e-11,-1.1453121993075795e-11,0.004600879363808752,7.86999843840511e-08
0.273,89.99980040042506,90.0,0.006855218809537516,-0.003997819504547362,-8.517872885876894e-06,4.532551429847665e-07,12.000000000000135,9.364879167940164e-07,-0.00014459352121087322,-1.1284173788390046e-11,-1.1284173788390046e-11,0.004570145873025011,7.804065973283382e-08
0.2732,89.99980176688825,90.0,0.006809415909461037,-0.003972025442140696,-8.463105353009902e-06,4.501521480718756e-07,12.000000000000133,9.286424127250272e-07,-0.0001436638254368965,-1.11176934562521e-11,-1.11176934562521e-11,0.004539610606307358,7.738686772708474e-08
0.27340000000000003,89.9998031242204,90.0,0.006763908529382602,-0.003946389017059768,-8.408670640090861e-06,4.470698881021923e-07,12.000000000000131,9.20862742460966e-07,-0.00014273977938425846,-1.0953645391838339e-11,-1.0953645391838339e-11,0.004509272352921734,7.673856187174633e-08
0.2736,89.99980447248046,90.0,0.006718694863285053,-0.003920909353245895,-8.354566917275762e-06,4.440082292577161e-07,12.00000000000013,9.131483524666591e-07,-0.00014182135199079226,-1.0791994492915392e-11,-1.0791994492915392e-11,0.004479129908856702,7.609569603888743e-08
0.2738,89.99980581172697,90.0,0.00667377311518791,-0.003895585578351372,-8.300792362183423e-06,4.4096703855825317e-07,12.000000000000128,9.054986942877648e-07,-0.0001409085123210149,-1.0632706160059088e-11,-1.0632706160059088e-11,0.0044491820767919394,7.54582245239796e-08
0.274,89.99980714201816,90.0,0.006629141499104894,-0.0038704168240354265,-8.247345160592522e-06,4.3794618383252687e-07,12.000000000000124,8.979132239895561e-07,-0.00014000122957795948,-1.0475746284403858e-11,-1.0475746284403858e-11,0.004419427666069929,7.48261019991289e-08
0.2742,89.99980846341185,90.0,0.006584798238997746,-0.0038454022258997476,-8.194223506296441e-06,4.349455337181777e-07,12.000000000000124,8.90391402215624e-07,-0.0001390994731007112,-1.0321081241799619e-11,-1.0321081241799619e-11,0.0043898654926651645,7.41992835179679e-08
0.27440000000000003,89.99980977596555,90.0,0.006540741568731441,-0.003820540923425948,-8.141425600962485e-06,4.319649576617632e-07,12.00000000000012,8.829326942448271e-07,-0.0001382032123620175,-1.0168677887007073e-11,-1.0168677887007073e-11,0.004360494379154294,7.357772452040152e-08
0.2746,89.99981107973639,90.0,0.006496969732029454,-0.0037958320602683795,-8.088949654821843e-06,4.290043258898683e-07,12.00000000000012,8.755365694329265e-07,-0.00013731241698000042,-1.0018503541934322e-11,-1.0018503541934322e-11,0.0043313131546863035,7.296138078607648e-08
0.2748,89.99981237478119,90.0,0.006453480982425979,-0.00377127478383214,-8.036793885688805e-06,4.260635094379948e-07,12.000000000000117,8.682025018885741e-07,-0.0001364270567015075,-9.870525996128501e-12,-9.870525996128501e-12,0.004302320654950652,7.23502084907138e-08
0.275,89.99981366115638,90.0,0.006410273583223183,-0.003746868245568666,-7.98495651965698e-06,4.2314238012167175e-07,12.000000000000117,8.609299699124309e-07,-0.00013554710141393023,-9.724713495167587e-12,-9.724713495167587e-12,0.004273515722148789,7.174416415936854e-08
0.2752,89.99981493891804,90.0,0.006367345807444702,-0.003722611600200255,-7.933435789291967e-06,4.2024081059423526e-07,12.000000000000114,8.537184572867616e-07,-0.00013467252111452413,-9.58103474706744e-12,-9.58103474706744e-12,0.004244897204963135,7.114320477389613e-08
0.27540000000000003,89.99981620812194,90.0,0.006324695937798058,-0.0036985040074439444,-7.882229937666059e-06,4.1735867420237897e-07,12.000000000000114,8.465674502470413e-07,-0.00013380328597889916,-9.439458887152607e-12,-9.439458887152607e-12,0.004216463958532039,7.054728752058612e-08
0.2756,89.9998174688235,90.0,0.006282322266617619,-0.003674544629800249,-7.831337213195547e-06,4.1449584515949347e-07,12.00000000000011,8.394764412458858e-07,-0.00013293936627338122,-9.299955508388366e-12,-9.299955508388366e-12,0.004188214844411746,6.995637010382317e-08
0.2758,89.99981872107777,90.0,0.006240223095832657,-0.003650732634640179,-7.780755874523709e-06,4.1165219837232666e-07,12.00000000000011,8.324449253022587e-07,-0.00013208073243790248,-9.162494620678028e-12,-9.162494620678028e-12,0.004160148730555105,6.937041044185426e-08
0.276,89.99981996493949,90.0,0.006198396736911489,-0.0036270671923508964,-7.730484186192381e-06,4.0882760958543365e-07,12.000000000000108,8.254724031486703e-07,-0.000131227355012525,-9.027046675085979e-12,-9.027046675085979e-12,0.004132264491274327,6.878936692905524e-08
0.2762,89.99982120046305,90.0,0.00615684151082701,-0.0036035474777086733,-7.6805204218559e-06,4.0602195526561675e-07,12.000000000000107,8.185583788140492e-07,-0.00013037920469199832,-8.893582535312188e-12,-8.893582535312188e-12,0.004104561007218006,6.821319823450349e-08
0.27640000000000003,89.99982242770251,90.0,0.006115555748006374,-0.0035801726690980907,-7.630862862461777e-06,4.032351126597058e-07,12.000000000000107,8.117023609182035e-07,-0.00012953625229487586,-8.762073484353821e-12,-8.762073484353821e-12,0.0040770371653375825,6.764186340984969e-08
0.2766,89.9998236467116,90.0,0.006074537788289675,-0.0035569419488096178,-7.5815097969514015e-06,4.004669597656676e-07,12.000000000000103,8.04903862109105e-07,-0.0001286984687754096,-8.632491213737863e-12,-8.632491213737863e-12,0.004049691858859784,6.707532184242483e-08
0.2768,89.99982485754373,90.0,0.006033785980885138,-0.003533854502977044,-7.53245952211917e-06,3.9771737533260644e-07,12.000000000000103,7.981623991198762e-07,-0.00012786582522115875,-8.504807818663498e-12,-8.504807818663498e-12,0.004022523987256758,6.651353325998912e-08
0.277,89.99982606025195,90.0,0.005993298684325173,-0.0035109095218714016,-7.48371034330494e-06,3.9498623883187405e-07,12.0000000000001,7.914774922094103e-07,-0.00012703829286474436,-8.378995787595971e-12,-8.378995787595971e-12,0.003995532456216782,6.595645768411697e-08
0.2772,89.99982725488898,90.0,0.005953074266418926,-0.003488106198768881,-7.43526057175314e-06,3.9227343054373925e-07,12.0000000000001,7.848486670684319e-07,-0.00012621584303901937,-8.255028014340997e-12,-8.255028014340997e-12,0.003968716177612618,6.540405558903546e-08
0.27740000000000004,89.99982844150726,90.0,0.005913111104217836,-0.00346544373167911,-7.387108528657366e-06,3.8957883141293827e-07,12.000000000000098,7.782754517870899e-07,-0.0001253984472457269,-8.132877765297239e-12,-8.132877765297239e-12,0.003942074069478558,6.485628764892363e-08
0.2776,89.99982962015889,90.0,0.00587340758396152,-0.003442921321848507,-7.3392525416680005e-06,3.869023231642349e-07,12.000000000000096,7.717573793847118e-07,-0.00012458607709621606,-8.012518697299717e-12,-8.012518697299717e-12,0.003915605055974347,6.431311494872546e-08
0.2778,89.99983079089561,90.0,0.005833962101040534,-0.0034205381744188304,-7.291690946436292e-06,3.8424378824463993e-07,12.000000000000096,7.65293986626674e-07,-0.00012377870433765312,-7.893924841837182e-12,-7.893924841837182e-12,0.003889308067360356,6.377449888555565e-08
0.278,89.99983195376888,90.0,0.005794773059951813,-0.0033982934983649536,-7.2444220864742795e-06,3.816031098234121e-07,12.000000000000092,7.588848140810668e-07,-0.00012297630085064364,-7.77707060061811e-12,-7.77707060061811e-12,0.0038631820399678755,6.324040117342175e-08
0.2782,89.99983310882983,90.0,0.005755838874254867,-0.0033761865064337064,-7.197444313017093e-06,3.7898017179205697e-07,12.000000000000092,7.525294061743873e-07,-0.00012217883864689512,-7.66193074116863e-12,-7.66193074116863e-12,0.003837225916169912,6.271078384786512e-08
0.27840000000000004,89.99983425612928,90.0,0.005717157966528342,-0.003354216415083232,-7.150755984886437e-06,3.7637485876432804e-07,12.00000000000009,7.462273112467494e-07,-0.0001213862898668994,-7.548480392466184e-12,-7.548480392466184e-12,0.003811438644352228,6.218560927056199e-08
0.2786,89.9998353957177,90.0,0.005678728768327706,-0.0033323824444238866,-7.104355468357537e-06,3.737870560762258e-07,12.000000000000089,7.399780816057159e-07,-0.00012059862677767425,-7.436695040602205e-12,-7.436695040602205e-12,0.003785819178885137,6.16648401338092e-08
0.2788,89.9998365276453,90.0,0.005640549720143331,-0.0033106838185150023,-7.058241137857984e-06,3.712166497571085e-07,12.000000000000089,7.337812729643329e-07,-0.00011981582178462629,-7.326550519199173e-12,-7.326550519199173e-12,0.003760366480095554,6.114843941369395e-08
0.279,89.99983765196197,90.0,0.005602619271355265,-0.0032891197653017214,-7.012411375825533e-06,3.6866352652969184e-07,12.000000000000085,7.276364444986458e-07,-0.00011903784742913715,-7.2180230053424176e-12,-7.2180230053424176e-12,0.0037350795142368433,6.063637037488672e-08
0.2792,89.99983876871725,90.0,0.005564935880188702,-0.003267689515842289,-6.966864570907015e-06,3.6612757386782887e-07,12.000000000000085,7.215431601347838e-07,-0.00011826467635798946,-7.111089025971713e-12,-7.111089025971713e-12,0.003709957253459135,6.012859667789821e-08
0.27940000000000004,89.9998398779604,90.0,0.005527498013678192,-0.003246392305323885,-6.921599120337519e-06,3.6360867990984016e-07,12.000000000000085,7.155009867487603e-07,-0.0001174962813637542,-7.005725437922959e-12,-7.005725437922959e-12,0.0036849986757854615,5.962508222906293e-08
0.2796,89.99984097974038,90.0,0.005490304147620687,-0.0032252273726418026,-6.876613428962246e-06,3.611067334874039e-07,12.000000000000082,7.095094948414083e-07,-0.00011673263536818628,-6.901909429298966e-12,-6.901909429298966e-12,0.0036602027650804577,5.912579123678362e-08
0.2798,89.99984207410584,90.0,0.005453352766532666,-0.0032041939603395762,-6.831905909101724e-06,3.5862162412555583e-07,12.000000000000082,7.035682585928868e-07,-0.00011597371141993668,-6.79961851552319e-12,-6.79961851552319e-12,0.0036355685110217775,5.86306882160735e-08
0.28,89.99984316110512,90.0,0.005416642363608548,-0.003183291314550917,-6.787474980421088e-06,3.5615324204268906e-07,12.000000000000082,6.976768559155635e-07,-0.0001152194826923333,-6.6988305354170194e-12,-6.6988305354170194e-12,0.003611094909072365,5.813973799296323e-08
0.2802,89.99984424078627,90.0,0.005380171440679648,-0.0031625186852976767,-6.743319070631627e-06,3.537014781216644e-07,12.000000000000078,6.918348678909629e-07,-0.00011446992249528997,-6.5995236422514315e-12,-6.5995236422514315e-12,0.0035867809604530985,5.765290565757987e-08
0.28040000000000004,89.99984531319704,90.0,0.005343938508169403,-0.003141875325716791,-6.699436613688917e-06,3.5126622396759e-07,12.000000000000078,6.860418800571554e-07,-0.00011372500424471928,-6.501676310129557e-12,-6.501676310129557e-12,0.0035626256721129354,5.7170156671429245e-08
0.2806,89.99984637838487,90.0,0.005307942085057755,-0.0031213604934316264,-6.655826053003113e-06,3.48847371792262e-07,12.000000000000078,6.802974799931173e-07,-0.00011298470151702816,-6.4052673099840234e-12,-6.4052673099840234e-12,0.0035386280567051695,5.6691456666092735e-08
0.2808,89.99984743639693,90.0,0.005272180698829903,-0.00310097344870408,-6.6124858371250415e-06,3.464448145586137e-07,12.000000000000075,6.746012604600492e-07,-0.00011224898797588806,-6.310275731158211e-12,-6.310275731158211e-12,0.0035147871325532684,5.621677170500375e-08
0.281,89.99984848728006,90.0,0.0052366528854459575,-0.0030807134561685514,-6.569414423803629e-06,3.4405844583626636e-07,12.000000000000075,6.68952816363792e-07,-0.000111517837441111,-6.216680952585855e-12,-6.216680952585855e-12,0.003491101923630639,5.574606803031565e-08
0.2812,89.99984953108084,90.0,0.005201357189290778,-0.0030605797840513715,-6.526610278167101e-06,3.416881598593087e-07,12.000000000000075,6.633517460490732e-07,-0.00011079122385777486,-6.12446264941402e-12,-6.12446264941402e-12,0.0034675714595271854,5.5279312170755756e-08
0.28140000000000004,89.99985056784556,90.0,0.005166292163132963,-0.0030405717037582667,-6.4840718717634965e-06,3.393338515551871e-07,12.000000000000071,6.577976519668821e-07,-0.0001100691212799359,-6.033600794333282e-12,-6.033600794333282e-12,0.0034441947754219756,5.481647099723985e-08
0.2816,89.9998515976202,90.0,0.0051314563680883215,-0.0030206884908891675,-6.441797684937553e-06,3.369954164580357e-07,12.000000000000071,6.522901388752079e-07,-0.000109351503910977,-5.944075639358634e-12,-5.944075639358634e-12,0.0034209709120588813,5.435751157293367e-08
0.2818,89.99985262045044,90.0,0.005096848373571931,-0.003000929423750187,-6.3997862033577276e-06,3.34672750824236e-07,12.000000000000071,6.4682881636094e-07,-0.0001086383460446528,-5.855867731956047e-12,-5.855867731956047e-12,0.003397898915714621,5.390240136341135e-08
0.28200000000000003,89.99985363638174,90.0,0.005062466757267034,-0.002981293785086543,-6.358035922071265e-06,3.323657514879676e-07,12.00000000000007,6.414132958032337e-07,-0.0001079296221339258,-5.768957887309882e-12,-5.768957887309882e-12,0.003374977838178022,5.3451107983602496e-08
0.2822,89.99985464545922,90.0,0.005028310105074188,-0.0029617808605904832,-6.316545342022098e-06,3.300743159767673e-07,12.000000000000068,6.360431928991038e-07,-0.00010722530673185662,-5.683327204442956e-12,-5.683327204442956e-12,0.0033522067367161255,5.300359940825835e-08
0.28240000000000004,89.99985564772771,90.0,0.0049943770110775785,-0.0029423899399200508,-6.275312972436641e-06,3.2779834242486016e-07,12.000000000000068,6.307181258605484e-07,-0.00010652537453210349,-5.598957048456744e-12,-5.598957048456744e-12,0.0033295846740517185,5.255984382171207e-08
0.2826,89.99985664323182,90.0,0.004960666077499516,-0.0029231203159250183,-6.234337329019636e-06,3.255377296309386e-07,12.000000000000068,6.254377167028798e-07,-0.0001058298003382963,-5.5158290568921094e-12,-5.5158290568921094e-12,0.003307110718333011,5.211980972523969e-08
0.2828,89.99985763201582,90.0,0.0049271759146638965,-0.002903971285306401,-6.193616935500408e-06,3.232923770003827e-07,12.000000000000064,6.202015900607073e-07,-0.00010513855909028471,-5.433925127040488e-12,-5.433925127040488e-12,0.0032847839431092637,5.1683465838392e-08
0.28300000000000003,89.99985861412371,90.0,0.00489390514095211,-0.002884942147844363,-6.153150321833165e-06,3.210621846030406e-07,12.000000000000064,6.150093744744633e-07,-0.00010445162583358768,-5.353227422229593e-12,-5.353227422229593e-12,0.0032626034273014063,5.1250781206205e-08
0.2832,89.99985958959925,90.0,0.004860852382767715,-0.0028660322074147,-6.112936026577634e-06,3.1884705308655806e-07,12.000000000000064,6.098607005896171e-07,-0.00010376897575980552,-5.273718354695137e-12,-5.273718354695137e-12,0.003240568255178477,5.082172504913449e-08
0.28340000000000004,89.99986055848592,90.0,0.0048280162744895536,-0.0028472407708575575,-6.072972594259977e-06,3.1664688376304845e-07,12.000000000000062,6.047552030619934e-07,-0.0001030905841618206,-5.1953805965467515e-12,-5.1953805965467515e-12,0.0032186775163263685,5.039626692183252e-08
0.2836,89.99986152082688,90.0,0.004795395458437755,-0.002828567148640517,-6.033258576927086e-06,3.144615785513132e-07,12.00000000000006,5.996925193705219e-07,-0.00010241642646018202,-5.118197067402668e-12,-5.118197067402668e-12,0.00319693030562517,4.99743766142099e-08
0.2838,89.99986247666509,90.0,0.004762988584832223,-0.0028100106551558974,-5.99379253484664e-06,3.122910399479513e-07,12.00000000000006,5.946722892547817e-07,-0.00010174647821498927,-5.042150926976595e-12,-5.042150926976595e-12,0.003175325723221482,4.95560241045649e-08
0.28400000000000003,89.99986342604318,90.0,0.004730794311747636,-0.0027915706075921087,-5.954573033873958e-06,3.101351711140298e-07,12.00000000000006,5.896941566179216e-07,-0.00010108071508119374,-4.9672255858450555e-12,-4.9672255858450555e-12,0.0031538628744984245,4.9141179718159886e-08
0.2842,89.99986436900353,90.0,0.004698811305081358,-0.0027732463265993917,-5.915598647012252e-06,3.079938758173033e-07,12.000000000000059,5.847577683369988e-07,-0.00010041911283508453,-4.893404693318752e-12,-4.893404693318752e-12,0.0031325408700542392,4.8729814028083e-08
0.2844,89.99986530558829,90.0,0.004667038238513942,-0.0027550371369452153,-5.876867955949635e-06,3.0586705837443435e-07,12.000000000000057,5.798627730827057e-07,-9.976164740037963e-05,-4.820672125740246e-12,-4.820672125740246e-12,0.0031113588256759615,4.832189775689191e-08
0.2846,89.99986623583929,90.0,0.00463547379346185,-0.0027369423660271713,-5.838379547588201e-06,3.0375462376655343e-07,12.000000000000057,5.750088238404523e-07,-9.91082947893059e-05,-4.749012001635945e-12,-4.749012001635945e-12,0.0030903158623078997,4.791740198670413e-08
0.2848,89.99986715979814,90.0,0.004604116659047365,-0.002718961345252054,-5.8001320172717444e-06,3.0165647752369876e-07,12.000000000000057,5.701955754876477e-07,-9.845903115739073e-05,-4.678408661062031e-12,-4.678408661062031e-12,0.003069411106031577,4.7516297957303745e-08
0.28500000000000003,89.99986807750616,90.0,0.004572965532052482,-0.0027010934092609315,-5.762123966979662e-06,2.9957252578259664e-07,12.000000000000055,5.654226860828212e-07,-9.781383277280291e-05,-4.608846671871155e-12,-4.608846671871155e-12,0.0030486436880349877,4.711855717356822e-08
0.2852,89.99986898900443,90.0,0.0045420191168822075,-0.0026833378958779084,-5.724354005211607e-06,2.97502675286661e-07,12.000000000000053,5.606898169122688e-07,-9.717267601439458e-05,-4.540310826948822e-12,-4.540310826948822e-12,0.0030280127445881386,4.6724151409355526e-08
0.2854,89.99986989433376,90.0,0.004511276125527747,-0.00266569414641399,-5.686820747702323e-06,2.954468333571038e-07,12.000000000000053,5.5599663192164e-07,-9.653553738383574e-05,-4.472786137179833e-12,-4.472786137179833e-12,0.003007517417018498,4.633305266013646e-08
0.2856,89.99987079353471,90.0,0.004480735277526818,-0.002648161505611677,-5.649522817296911e-06,2.9340490789293486e-07,12.000000000000053,5.513427977663711e-07,-9.590239350349696e-05,-4.4062578288924355e-12,-4.4062578288924355e-12,0.0029871568516845453,4.594523314719739e-08
0.2858,89.99987168664758,90.0,0.004450395299924129,-0.0026307393215897765,-5.612458843826585e-06,2.9137680737096196e-07,12.000000000000053,5.467279838619608e-07,-9.527322111434018e-05,-4.3407113413231476e-12,-4.3407113413231476e-12,0.00296693019994942,4.5560665321829866e-08
0.28600000000000003,89.99987257371241,90.0,0.004420254927232868,-0.0026134269454343613,-5.5756274631570465e-06,2.8936244087468074e-07,12.000000000000052,5.421518630481539e-07,-9.464799705976468e-05,-4.276132328310616e-12,-4.276132328310616e-12,0.0029468366181552453,4.5179321920679296e-08
0.2862,89.99987345476902,90.0,0.004390312901400522,-0.0025962237322168626,-5.5390273195727615e-06,2.8736171800760496e-07,12.00000000000005,5.376141097866945e-07,-9.402669832608084e-05,-4.212506643063152e-12,-4.212506643063152e-12,0.0029268752676003484,4.480117581555769e-08
0.2864,89.99987432985691,90.0,0.004360567971763461,-0.0025791290398648357,-5.502657063142477e-06,2.8537454897993623e-07,12.00000000000005,5.33114402064784e-07,-9.340930199778897e-05,-4.149820348486658e-12,-4.149820348486658e-12,0.002907045314508974,4.442620017206515e-08
0.2866,89.9998751990154,90.0,0.004331018895014033,-0.0025621422294712943,-5.466515350446364e-06,2.8340084457967404e-07,12.00000000000005,5.286524208216765e-07,-9.279578526992287e-05,-4.088059710416082e-12,-4.088059710416082e-12,0.002887345930009356,4.405436840180619e-08
0.2868,89.99987606228356,90.0,0.004301664435164346,-0.002545262665954677,-5.430600846123305e-06,2.8144051611483605e-07,12.00000000000005,5.24227848764256e-07,-9.218612547431537e-05,-4.027211186942661e-12,-4.027211186942661e-12,0.002867776290109564,4.368565406368782e-08
0.28700000000000003,89.99987691970017,90.0,0.0042725033635024,-0.0025284897172870623,-5.394912221071868e-06,2.794934754712378e-07,12.000000000000046,5.198403716532832e-07,-9.158030004905949e-05,-3.967261434468507e-12,-3.967261434468507e-12,0.0028483355756682665,4.332003097110676e-08
0.2872,89.99987777130377,90.0,0.004243534458557249,-0.002511822754445516,-5.35944815234079e-06,2.775596351124928e-07,12.000000000000046,5.154896783476905e-07,-9.097828653664922e-05,-3.908197305283429e-12,-3.908197305283429e-12,0.002829022972371499,4.295747319564071e-08
0.2874,89.99987861713268,90.0,0.004214756506064418,-0.00249526115171908,-5.324207323850835e-06,2.7563890805112273e-07,12.000000000000046,5.111754602333243e-07,-9.038006259623332e-05,-3.850005841128837e-12,-3.850005841128837e-12,0.002809837670709612,4.259795501944353e-08
0.2876,89.99987945722498,90.0,0.0041861682989281,-0.0024788042870112605,-5.289188427106536e-06,2.737312078196671e-07,12.000000000000046,5.068974106557575e-07,-8.978560601569738e-05,-3.792674266959569e-12,-3.792674266959569e-12,0.0027907788659520664,4.224145088797963e-08
0.2878,89.9998802916185,90.0,0.004157768637179561,-0.0024624515414266804,-5.254390160234887e-06,2.7183644849957374e-07,12.000000000000046,5.026552255884202e-07,-8.919489469534532e-05,-3.7361899928686676e-12,-3.7361899928686676e-12,0.002771845758119707,4.188793546570152e-08
0.28800000000000003,89.99988112035082,90.0,0.004129556327940638,-0.0024462022988648363,-5.219811227040009e-06,2.699545447500882e-07,12.000000000000044,4.984486042942498e-07,-8.860790663185202e-05,-3.6805406158401395e-12,-3.6805406158401395e-12,0.0027530375519604247,4.153738369118733e-08
0.2882,89.99988194345931,90.0,0.004101530185391582,-0.0024300559466857528,-5.185450338563241e-06,2.6808541175047436e-07,12.000000000000043,4.942772481360912e-07,-8.802461994474639e-05,-3.625713909542865e-12,-3.625713909542865e-12,0.0027343534569277215,4.1189770678007456e-08
0.2884,89.99988276098105,90.0,0.0040736890307316335,-0.002414011875299646,-5.151306212128597e-06,2.66228965228904e-07,12.000000000000043,4.901408612420783e-07,-8.744501286020766e-05,-3.571697826218887e-12,-3.571697826218887e-12,0.0027157926871544226,4.0845071770173044e-08
0.2886,89.99988357295295,90.0,0.004046031692143742,-0.002398069478472953,-5.117377572062479e-06,2.643851214335671e-07,12.000000000000043,4.860391499352346e-07,-8.686906372328282e-05,-3.5184804906444964e-12,-3.5184804906444964e-12,0.002697354461429161,4.050326249460274e-08
0.2888,89.99988437941165,90.0,0.004018557004756458,-0.002382228153275113,-5.083663149573869e-06,2.625537971326717e-07,12.000000000000043,4.819718227819307e-07,-8.629675099585272e-05,-3.4660501981357816e-12,-3.4660501981357816e-12,0.0026790380031709716,4.016431856516075e-08
0.28900000000000003,89.99988518039356,90.0,0.003991263810605934,-0.0023664872996702387,-5.050161681804304e-06,2.60734909643334e-07,12.00000000000004,4.779385912554486e-07,-8.572805324050517e-05,-3.4143954164032507e-12,-3.4143954164032507e-12,0.002660842540403956,3.982821593795392e-08
0.2892,89.99988597593486,90.0,0.003964150958602633,-0.0023508463208259094,-5.016871912553816e-06,2.589283768026882e-07,12.000000000000039,4.7393916916305334e-07,-8.5162949132858e-05,-3.3635047796251633e-12,-3.3635047796251633e-12,0.002642767305735088,3.949493076358765e-08
0.2894,89.99988676607153,90.0,0.003937217304494862,-0.0023353046234175206,-4.983792592996861e-06,2.571341169389969e-07,12.000000000000039,4.6997327207713355e-07,-8.460141747371216e-05,-3.313367082706996e-12,-3.313367082706996e-12,0.002624811536329908,3.9164439339761e-08
0.2896,89.99988755083926,90.0,0.0039104617108284365,-0.002319861616506151,-4.950922479063817e-06,2.5535204895832046e-07,12.000000000000039,4.660406192321903e-07,-8.404343714460184e-05,-3.2639712907726482e-12,-3.2639712907726482e-12,0.0026069744738856245,3.883671826934907e-08
0.2898,89.99988833027358,90.0,0.003883883046919505,-0.0023045167129217108,-4.918260334677852e-06,2.535820922289576e-07,12.000000000000039,4.621409310984461e-07,-8.348898716274132e-05,-3.215306521987947e-12,-3.215306521987947e-12,0.0025892553646130034,3.851174425820372e-08
0.29000000000000004,89.99988910440973,90.0,0.0038574801888111737,-0.0022892693281365535,-4.885804929126853e-06,2.518241666681153e-07,12.000000000000039,4.5827393128270096e-07,-8.293804663641262e-05,-3.16736205708139e-12,-3.16736205708139e-12,0.002571653459207449,3.818949427355829e-08
0.2902,89.99988987328278,90.0,0.003831252019243272,-0.002274118880933813,-4.853555038629542e-06,2.5007819268412853e-07,12.000000000000037,4.544393453362972e-07,-8.239059479155088e-05,-3.1201273299117008e-12,-3.1201273299117008e-12,0.002554168012828848,3.786994544469132e-08
0.2904,89.99989063692756,90.0,0.0038051974276146123,-0.002259064793354702,-4.821509446216826e-06,2.483440911764606e-07,12.000000000000036,4.50636900803116e-07,-8.184661096973008e-05,-3.0735919257197804e-12,-3.0735919257197804e-12,0.002536798285076408,3.7553075066926223e-08
0.2906,89.99989139537867,90.0,0.0037793153099454336,-0.0022441064902908045,-4.789666940783187e-06,2.466217835645929e-07,12.000000000000036,4.468663278825544e-07,-8.130607461206027e-05,-3.0277455830363543e-12,-3.0277455830363543e-12,0.0025195435399636224,3.723886065687942e-08
0.2908,89.99989214867051,90.0,0.003753604568844839,-0.0022292433997938817,-4.7580263178148886e-06,2.449111917591352e-07,12.000000000000036,4.4312735885568663e-07,-8.076896527154904e-05,-2.982578188190674e-12,-2.982578188190674e-12,0.0025024030458965594,3.692727990464044e-08
0.29100000000000004,89.99989289683721,90.0,0.003728064113474583,-0.0022144749526700367,-4.726586378445573e-06,2.432122381907152e-07,12.000000000000036,4.394197287465549e-07,-8.023526259706992e-05,-2.938079777192747e-12,-2.938079777192747e-12,0.002485376075649722,3.6618310728879465e-08
0.2912,89.99989363991276,90.0,0.0037026928595176797,-0.0021998005827911565,-4.695345930188161e-06,2.415248457810891e-07,12.000000000000036,4.357431747468362e-07,-7.97049463457867e-05,-2.894240530311603e-12,-2.894240530311603e-12,0.00246846190634512,3.631193122890291e-08
0.2914,89.99989437793084,90.0,0.0036774897291429074,-0.0021852197274006193,-4.664303787653831e-06,2.398489379142512e-07,12.000000000000036,4.3209743564574295e-07,-7.917799639535826e-05,-2.851050766833507e-12,-2.851050766833507e-12,0.002451659819428605,3.600811963714514e-08
0.2916,89.99989511092502,90.0,0.00365245365096649,-0.0021707318267045255,-4.633458771601019e-06,2.3818443846532413e-07,12.000000000000034,4.2848225249397034e-07,-7.865439272779509e-05,-2.8085009470459088e-12,-2.8085009470459088e-12,0.0024349691006443266,3.570685437449743e-08
0.2918,89.9998958389286,90.0,0.0036275835600181,-0.002156336323468952,-4.602809707997966e-06,2.365312718294487e-07,12.000000000000032,4.248973692621635e-07,-7.813411541354573e-05,-2.766581674070146e-12,-2.766581674070146e-12,0.0024183890400120665,3.5408114105180196e-08
0.29200000000000004,89.99989656197464,90.0,0.0036028783977114275,-0.0021420326640446763,-4.572355430421913e-06,2.3488936283511413e-07,12.000000000000032,4.2134253103263397e-07,-7.761714465222383e-05,-2.7252836816078313e-12,-2.7252836816078313e-12,0.0024019189318076183,3.511187758605274e-08
0.2922,89.99989728009604,90.0,0.0035783371118032464,-0.0021278202972442074,-4.542094777438739e-06,2.3325863683082782e-07,12.000000000000032,4.1781748589709667e-07,-7.710346072812675e-05,-2.6845978429492797e-12,-2.6845978429492797e-12,0.002385558074535498,3.4818123824757963e-08
0.2924,89.99989799332546,90.0,0.0035539586563651123,-0.0021136986750128085,-4.512026594175108e-06,2.3163901962733543e-07,12.000000000000032,4.1432198376220367e-07,-7.659304403692313e-05,-2.6445151623136442e-12,-2.6445151623136442e-12,0.0023693057709100744,3.4526831980183547e-08
0.2926,89.99989870169537,90.0,0.003529741991747509,-0.002099667252378443,-4.482149732205796e-06,2.3003043749762106e-07,12.000000000000032,4.108557763951068e-07,-7.608587508374038e-05,-2.6050267733525987e-12,-2.6050267733525987e-12,0.0023531613278316727,3.423798136625881e-08
0.2928,89.99989940523803,90.0,0.003505686084544576,-0.0020857254866919733,-4.452463047781652e-06,2.2843281723468685e-07,12.000000000000032,4.074186186987968e-07,-7.55819344530836e-05,-2.5661239444548532e-12,-2.5661239444548532e-12,0.0023371240563630504,3.395155155823297e-08
0.29300000000000004,89.99990010398547,90.0,0.003481789907567341,-0.002071872839010878,-4.422965405067745e-06,2.2684608603599357e-07,12.00000000000003,4.0401026628518036e-07,-7.508120286380432e-05,-2.5277980635014296e-12,-2.5277980635014296e-12,0.002321193271711561,3.3667522190431615e-08
0.2932,89.99990079796956,90.0,0.003458052439801421,-0.002058108773329647,-4.393655674349269e-06,2.252701715612403e-07,12.000000000000028,4.0063047675933247e-07,-7.4583661138645e-05,-2.4900406433693143e-12,-2.4900406433693143e-12,0.0023053682932009474,3.3385873063277624e-08
0.2934,89.99990148722193,90.0,0.003434472666373364,-0.002044432755822244,-4.364532730264589e-06,2.2370500199014428e-07,12.000000000000028,3.9727901099277077e-07,-7.408929017424457e-05,-2.452843327131685e-12,-2.452843327131685e-12,0.0022896484442489094,3.310658424939748e-08
0.2936,89.99990217177401,90.0,0.0034110495785254795,-0.002030844255872772,-4.3355954542178385e-06,2.2215050593577116e-07,12.000000000000028,3.939556313097435e-07,-7.359807098209295e-05,-2.416197876410806e-12,-2.416197876410806e-12,0.0022740330523503198,3.282963594247855e-08
0.2938,89.99990285165704,90.0,0.003387782173579471,-0.0020173427456694325,-4.306842733434037e-06,2.2060661247342499e-07,12.000000000000028,3.9066010214870196e-07,-7.310998467249138e-05,-2.3800961733537875e-12,-2.3800961733537875e-12,0.0022585214490529804,3.2555008512391755e-08
0.29400000000000004,89.99990352690206,90.0,0.003364669454903813,-0.0020039277005142377,-4.278273461687101e-06,2.1907325111175817e-07,12.000000000000028,3.8739218948855106e-07,-7.262501246691067e-05,-2.3445302159324813e-12,-2.3445302159324813e-12,0.0022431129699358753,3.228268245737918e-08
0.2942,89.9999041975399,90.0,0.003341710431878413,-0.0019905985984184056,-4.249886538358206e-06,2.1755035182166157e-07,12.000000000000028,3.8415166150880374e-07,-7.214313568200658e-05,-2.3094921198914857e-12,-2.3094921198914857e-12,0.0022278069545856086,3.2012638459066904e-08
0.2944,89.99990486360122,90.0,0.003318904119863446,-0.0019773549204141067,-4.22168086916837e-06,2.1603784500737444e-07,12.000000000000028,3.8093828801398494e-07,-7.166433574205568e-05,-2.2749741141031716e-12,-2.2749741141031716e-12,0.002212602746575631,3.174485733449867e-08
0.29460000000000003,89.99990552511645,90.0,0.0032962495401648085,-0.001964196149795697,-4.193655364408752e-06,2.1453566156426426e-07,12.000000000000027,3.777518417080104e-07,-7.118859414891401e-05,-2.2409685456963585e-12,-2.2409685456963585e-12,0.0021974996934432055,3.147932014233413e-08
0.2948,89.99990618211582,90.0,0.003273745720008198,-0.0019511217731493329,-4.165808941350856e-06,2.1304373279215706e-07,12.000000000000027,3.7459209638144594e-07,-7.07158925229312e-05,-2.2074678689708135e-12,-2.2074678689708135e-12,0.0021824971466721317,3.121600803178709e-08
0.29500000000000004,89.99990683462943,90.0,0.003251391692501293,-0.0019381312799448937,-4.138140523297086e-06,2.1156199042422741e-07,12.000000000000025,3.714588275748296e-07,-7.024621258683325e-05,-2.1744646474231053e-12,-2.1744646474231053e-12,0.002167594461667529,3.0954902297902404e-08
0.2952,89.9999074826871,90.0,0.003229186496600932,-0.0019252241621348868,-4.110649038647013e-06,2.1009036665588808e-07,12.000000000000025,3.6835181323562566e-07,-6.977953614987215e-05,-2.1419515556288533e-12,-2.1419515556288533e-12,0.002152790997733955,3.069598443630207e-08
0.2954,89.99990812631854,90.0,0.0032071291770843923,-0.001912399914469613,-4.083333421637654e-06,2.086287941159004e-07,12.000000000000025,3.6527083313952464e-07,-6.931584512039228e-05,-2.1099213747413243e-12,-2.1099213747413243e-12,0.0021380861180562614,3.043923609496032e-08
0.29560000000000003,89.9999087655532,90.0,0.0031852187845175274,-0.0018996580344526831,-4.056192612243326e-06,2.0717720586637405e-07,12.000000000000025,3.622156689309322e-07,-6.885512150413055e-05,-2.078366991244934e-12,-2.078366991244934e-12,0.0021234791896783517,3.018463907757762e-08
0.2958,89.99990940042039,90.0,0.0031634543752231195,-0.0018869980226520937,-4.029225556906718e-06,2.057355353738774e-07,12.000000000000025,3.5918610354799175e-07,-6.839734741662638e-05,-2.047281392633023e-12,-2.047281392633023e-12,0.0021089695834820795,2.9932175295665915e-08
0.29600000000000004,89.9999100309492,90.0,0.0031418350112459373,-0.0018744193819409006,-4.0024312067679225e-06,2.0430371656721702e-07,12.000000000000025,3.561819224974734e-07,-6.794250505315919e-05,-2.016657672427374e-12,-2.016657672427374e-12,0.002094556674163958,2.9681826874789388e-08
0.2962,89.99991065716856,90.0,0.003120359760326196,-0.0018619216181707053,-3.975808519242157e-06,2.028816837796581e-07,12.000000000000025,3.5320291265804575e-07,-6.749057671553044e-05,-1.986489022741382e-12,-1.986489022741382e-12,0.0020802398402174644,2.9433576054837086e-08
0.2964,89.99991127910717,90.0,0.003099027695865432,-0.0018495042397687336,-3.949356457081913e-06,2.0146937177781435e-07,12.000000000000025,3.5024886293889754e-07,-6.704154479614359e-05,-1.9567687362097005e-12,-1.9567687362097005e-12,0.002066018463910288,2.9187405244908068e-08
0.29660000000000003,89.99991189679359,90.0,0.0030778378968969594,-0.0018371667580518586,-3.923073989114668e-06,2.000667157327579e-07,12.000000000000023,3.473195637020721e-07,-6.659539179052677e-05,-1.927490201771189e-12,-1.927490201771189e-12,0.0020518919312646398,2.894329697517262e-08
0.2968,89.9999125102562,90.0,0.0030567894480529566,-0.0018249086868253695,-3.896960089308841e-06,1.9867365124890934e-07,12.000000000000021,3.4441480741954735e-07,-6.615210028147724e-05,-1.898646906570294e-12,-1.898646906570294e-12,0.0020378596320353042,2.8701233951628895e-08
0.29700000000000004,89.99991311952314,90.0,0.003035881439535754,-0.0018127295426981578,-3.871013737514125e-06,1.9729011433514791e-07,12.000000000000021,3.415343880945029e-07,-6.571165295162867e-05,-1.870232431792733e-12,-1.870232431792733e-12,0.0020239209596905026,2.846119900787519e-08
0.2972,89.99991372462244,90.0,0.003015112967085734,-0.0018006288450378948,-3.845233919360574e-06,1.9591604140481135e-07,12.000000000000021,3.3867810130213443e-07,-6.527403258173816e-05,-1.8422404515930585e-12,-1.8422404515930585e-12,0.0020100753113904894,2.8223175108511154e-08
0.2974,89.99991432558194,90.0,0.002994483131949815,-0.0017886061159270265,-3.819619626159537e-06,1.945513692756959e-07,12.000000000000021,3.358457442297278e-07,-6.483922204900449e-05,-1.8146647320270374e-12,-1.8146647320270374e-12,0.0019963220879665434,2.7987145352477264e-08
0.29760000000000003,89.99991492242923,90.0,0.0029739910408503913,-0.0017766608797641365,-3.7941698539754527e-06,1.9319603519894636e-07,12.000000000000021,3.3303711633138257e-07,-6.44072043113117e-05,-1.7874991329004504e-12,-1.7874991329004504e-12,0.001982660693900261,2.7753093027615164e-08
0.2978,89.99991551519179,90.0,0.0029536358059586475,-0.0017647926635819546,-3.7688836043725423e-06,1.9184997683016593e-07,12.000000000000021,3.302520187467043e-07,-6.397796241990427e-05,-1.7607376037061773e-12,-1.7607376037061773e-12,0.001969090537305765,2.7521001562225308e-08
0.298,89.99991610389691,90.0,0.0029334165448644217,-0.0017530009973605503,-3.743759885150637e-06,1.9051313220052664e-07,12.000000000000021,3.2749025372388785e-07,-6.35514795318781e-05,-1.7343741797019323e-12,-1.7343741797019323e-12,0.001955611029909614,2.7290854476990606e-08
0.2982,89.99991668857166,90.0,0.0029133323805425296,-0.0017412854132697708,-3.7187977085781906e-06,1.891854397745488e-07,12.000000000000021,3.2475162589300567e-07,-6.312773888018534e-05,-1.708402986690772e-12,-1.708402986690772e-12,0.0019422215870283533,2.7062635491083757e-08
0.2984,89.99991726924303,90.0,0.0028933824413276007,-0.0017296454466999176,-3.693996093804879e-06,1.878668383634316e-07,12.000000000000021,3.220359404522948e-07,-6.2706723814589e-05,-1.6828182313594537e-12,-1.6828182313594537e-12,0.0019289216275517338,2.683632837102452e-08
0.29860000000000003,89.99991784593773,90.0,0.0028735658608771233,-0.001718080634789063,-3.6693540634231653e-06,1.8655726724061256e-07,12.000000000000021,3.193430056760874e-07,-6.228841774329448e-05,-1.6576142117459462e-12,-1.6576142117459462e-12,0.0019157105739180823,2.6611917139673904e-08
0.2988,89.99991841868237,90.0,0.0028538817781516394,-0.0017065905181717553,-3.644870647558892e-06,1.8525666599731798e-07,12.00000000000002,3.166726298638046e-07,-6.187280420238861e-05,-1.6327853019848858e-12,-1.6327853019848858e-12,0.0019025878521010929,2.6389385821983674e-08
0.299,89.99991898750335,90.0,0.002834329337374458,-0.0016951746391464092,-3.620544879591791e-06,1.839649746870126e-07,12.00000000000002,3.140246244673689e-07,-6.145986678319399e-05,-1.608325965533915e-12,-1.608325965533915e-12,0.0018895528915829718,2.616871870561403e-08
0.2992,89.99991955242695,90.0,0.0028149076880125885,-0.0016838325434250408,-3.596375800248397e-06,1.8268213368094993e-07,12.000000000000018,3.1139880103926155e-07,-6.104958920174748e-05,-1.584230740113632e-12,-1.584230740113632e-12,0.0018766051253417257,2.594990008660509e-08
0.2994,89.99992011347919,90.0,0.0027956159847379422,-0.0016725637786580124,-3.5723624541578224e-06,1.8140808378373202e-07,12.000000000000018,3.087949737427892e-07,-6.064195524033341e-05,-1.5604942480125107e-12,-1.5604942480125107e-12,0.0018637439898252948,2.573291447856573e-08
0.29960000000000003,89.99992067068601,90.0,0.0027764533874047553,-0.0016613678951130448,-3.5485038914419062e-06,1.8014276617552952e-07,12.000000000000018,3.062129581503343e-07,-6.023694877447681e-05,-1.5371111895152226e-12,-1.5371111895152226e-12,0.0018509689249365038,2.551774651252782e-08
0.2998,89.99992122407313,90.0,0.002757419061019767,-0.001650244445633585,-3.524799167621488e-06,1.7888612241208174e-07,12.000000000000018,3.036525712812562e-07,-5.9834553771352426e-05,-1.5140763420114768e-12,-1.5140763420114768e-12,0.0018382793740131782,2.5304380940104644e-08
0.3,89.99992177366614,90.0,0.0027385121757127046,-0.0016391929855975925,-3.5012473435236285e-06,1.7763809442469667e-07,12.000000000000018,3.01113631639423e-07,-5.9434754288209746e-05,-1.491384559109965e-12,-1.491384559109965e-12,0.0018256747838084695,2.5092802636618546e-08
0.3002,89.99992231949042,90.0,0.00271973190670724,-0.0016282130728769886,-3.4778474851903107e-06,1.7639862452025092e-07,12.000000000000018,2.985959592501384e-07,-5.903753447082318e-05,-1.4690307697565444e-12,-1.4690307697565444e-12,0.0018131546044714932,2.4882996604178163e-08
0.3004,89.99992286157125,90.0,0.002701077434292462,-0.0016173042677978212,-3.4545986637887654e-06,1.751676553811898e-07,12.000000000000018,2.960993756964148e-07,-5.8642878551969786e-05,-1.447009977356575e-12,-1.447009977356575e-12,0.001800718289528308,2.4674947974701195e-08
0.30060000000000003,89.99992339993368,90.0,0.002682547943794679,-0.0016064661334561684,-3.431499956353408e-06,1.7394513003663733e-07,12.000000000000018,2.9362370353958385e-07,-5.8250770864023906e-05,-1.4253172562608633e-12,-1.4253172562608633e-12,0.0017883652958631195,2.4468641961631953e-08
0.3008,89.9999239346026,90.0,0.0026641426255457055,-0.0015956982346080409,-3.408550443194437e-06,1.72730991949066e-07,12.000000000000018,2.9116876820533313e-07,-5.78611957949673e-05,-1.403947758875684e-12,-1.403947758875684e-12,0.001776095083697137,2.4264064017111057e-08
0.301,89.99992446560283,90.0,0.002645860674863909,-0.0015850001394192804,-3.385749211991114e-06,1.7152518486984723e-07,12.000000000000018,2.8873439493161546e-07,-5.747413785787385e-05,-1.3828967015507863e-12,-1.3828967015507863e-12,0.0017639071165759393,2.4061199577634585e-08
0.3012,89.99992499295891,90.0,0.00262770129201502,-0.0015743714176344767,-3.363095353515713e-06,1.70327652983701e-07,12.000000000000018,2.863204118946626e-07,-5.708958161832229e-05,-1.3621593769876645e-12,-1.3621593769876645e-12,0.0017518008613433467,2.3860034324555183e-08
0.3014,89.99992551669528,90.0,0.0026096636821941357,-0.0015638116419729308,-3.3405879648992405e-06,1.6913834079313598e-07,12.000000000000016,2.839266477709204e-07,-5.670751174983279e-05,-1.3417311428800068e-12,-1.3417311428800068e-12,0.0017397757881294235,2.366055398091e-08
0.30160000000000003,89.99992603683626,90.0,0.0025917470554917073,-0.0015533203877258913,-3.318226148693943e-06,1.6795719314733978e-07,12.000000000000016,2.8155293239552746e-07,-5.6327913017952743e-05,-1.3216074238270647e-12,-1.3216074238270647e-12,0.0017278313703278046,2.3462744366293923e-08
0.3018,89.99992655340591,90.0,0.0025739506268638974,-0.001542897232004621,-3.2960090111189917e-06,1.6678415529995845e-07,12.000000000000014,2.7919909803048315e-07,-5.5950770250476714e-05,-1.3017837156703226e-12,-1.3017837156703226e-12,0.0017159670845759316,2.3266591502540235e-08
0.302,89.99992706642823,90.0,0.002556273616111871,-0.0015325417544220258,-3.2739356636565246e-06,1.656191728513168e-07,12.000000000000014,2.7686497816049714e-07,-5.5576068364539776e-05,-1.2822555794995484e-12,-1.2822555794995484e-12,0.0017041824107412475,2.3072081513374734e-08
0.3022,89.999927575927,90.0,0.002538715247853032,-0.0015222535374077644,-3.252005223791798e-06,1.6446219171952853e-07,12.000000000000014,2.745504069143316e-07,-5.520379237918176e-05,-1.2630186384098842e-12,-1.2630186384098842e-12,0.001692476831902021,2.2879200576194272e-08
0.3024,89.9999280819259,90.0,0.002521274751488866,-0.0015120321654528085,-3.230216813250974e-06,1.6331315819827598e-07,12.000000000000014,2.7225522033615106e-07,-5.4833927385433206e-05,-1.2440685818514673e-12,-1.2440685818514673e-12,0.0016808498343259105,2.268793502801256e-08
0.30260000000000004,89.99992858444841,90.0,0.0025039513611813473,-0.0015018772250764965,-3.208569557926949e-06,1.6217201895681015e-07,12.000000000000014,2.699792564155265e-07,-5.446645854505624e-05,-1.225401164798447e-12,-1.225401164798447e-12,0.0016693009074542316,2.2498271367960517e-08
0.3028,89.99992908351787,90.0,0.002486744315829402,-0.001491788305859484,-3.1870625902970726e-06,1.6103872095328106e-07,12.000000000000014,2.6772235327165244e-07,-5.410137113158611e-05,-1.2070121995476049e-12,-1.2070121995476049e-12,0.001657829543886268,2.231019610597101e-08
0.303,89.99992957915748,90.0,0.002469652859034194,-0.0014817649993294638,-3.1656950468223327e-06,1.5991321152140729e-07,12.000000000000014,2.6548435104318547e-07,-5.3738650486181575e-05,-1.1888975625217051e-12,-1.1888975625217051e-12,0.0016464352393561294,2.212369592026543e-08
0.3032,89.99993007139028,90.0,0.0024526762390766925,-0.0014718068992851108,-3.144466068707395e-06,1.5879543834158622e-07,12.000000000000014,2.6326509130154053e-07,-5.337828203052678e-05,-1.171053191023833e-12,-1.171053191023833e-12,0.001635117492717795,2.1938757608461685e-08
0.3034,89.99993056023918,90.0,0.0024358137088915754,-0.00146191360175965,-3.123374801818589e-06,1.5768534944089398e-07,12.000000000000014,2.610644170840569e-07,-5.3020251265439015e-05,-1.1534750825218377e-12,-1.1534750825218377e-12,0.001623875805927717,2.1755368090338052e-08
0.30360000000000004,89.9999310457269,90.0,0.0024190645260416988,-0.0014520847053404728,-3.1024203974342034e-06,1.5658289316419564e-07,12.000000000000014,2.5888217231123664e-07,-5.266454378360531e-05,-1.1361592915399966e-12,-1.1361592915399966e-12,0.001612709684027799,2.1573514359269695e-08
0.3038,89.99993152787603,90.0,0.002402427952688922,-0.0014423198107731392,-3.0816020113222283e-06,1.5548801820303486e-07,12.000000000000014,2.5671820243906564e-07,-5.231114525392672e-05,-1.1191019314264092e-12,-1.1191019314264092e-12,0.0016016186351259481,2.1393183536588778e-08
0.304,89.99993200670905,90.0,0.002385903255569164,-0.0014326185212818112,-3.0609188044925e-06,1.5440067356674436e-07,12.000000000000014,2.545723538754937e-07,-5.196004143428627e-05,-1.1022991712828688e-12,-1.1022991712828688e-12,0.0015906021703794427,2.1214362822957786e-08
0.3042,89.99993248224824,90.0,0.002369489705964215,-0.001422980442174631,-3.0403699422775347e-06,1.5332080861133549e-07,12.000000000000014,2.5244447463151524e-07,-5.1611218155945814e-05,-1.085747237705854e-12,-1.085747237705854e-12,0.0015796598039761434,2.1037039552626246e-08
0.3044,89.99993295451577,90.0,0.002353186579677762,-0.0014134051808102426,-3.0199545942571644e-06,1.5224837303949832e-07,12.000000000000014,2.5033441435164453e-07,-5.1264661322266686e-05,-1.0694424140870849e-12,-1.0694424140870849e-12,0.001568791053118508,2.0861201195970352e-08
0.30460000000000004,89.99993342353365,90.0,0.002336993157011867,-0.001403892347275493,-2.999671935845737e-06,1.5118331684282205e-07,12.000000000000012,2.4824202311335216e-07,-5.092035693565295e-05,-1.0533810352800408e-12,-1.0533810352800408e-12,0.0015579954380079111,2.0686835259445992e-08
0.3048,89.99993388932373,90.0,0.0023209087227358265,-0.0013944415532761373,-2.97952114570252e-06,1.501255903884644e-07,12.000000000000012,2.4616715331236927e-07,-5.0578291053592166e-05,-1.0375594940056036e-12,-1.0375594940056036e-12,0.0015472724818238845,2.0513929442697417e-08
0.305,89.99993435190775,90.0,0.0023049325660675236,-0.0013850524135318866,-2.95950140899536e-06,1.490751443035922e-07,12.000000000000012,2.441096572254502e-07,-5.023844984405704e-05,-1.021974230914227e-12,-1.021974230914227e-12,0.0015366217107116824,2.0342471435454165e-08
0.3052,89.99993481130731,90.0,0.0022890639806388653,-0.0013757245443070647,-2.939611913969763e-06,1.4803192959094092e-07,12.00000000000001,2.42069389515262e-07,-4.99008195272645e-05,-1.0066217432730143e-12,-1.0066217432730143e-12,0.0015260426537592436,2.0172449126271815e-08
0.3054,89.99993526754385,90.0,0.002273302264478231,-0.0013664575640966437,-2.9198518535548603e-06,1.4699589757103494e-07,12.00000000000001,2.4004620602222565e-07,-4.956538640293745e-05,-9.914985796708946e-13,-9.914985796708946e-13,0.0015155348429854874,2.000385050185212e-08
0.30560000000000004,89.99993572063865,90.0,0.002257646719984838,-0.0013572510939457222,-2.9002204261133944e-06,1.4596699985329752e-07,12.00000000000001,2.3803996318188032e-07,-4.923213686303602e-05,-9.766013371868647e-13,-9.766013371868647e-13,0.0015050978133232256,1.9836663598490008e-08
0.3058,89.99993617061288,90.0,0.0022420966538994943,-0.00134810475705342,-2.880716834519224e-06,1.4494518836494086e-07,12.00000000000001,2.3605051867729265e-07,-4.8901057376097944e-05,-9.61926663124663e-13,-9.61926663124663e-13,0.001494731102599663,1.9670876556441038e-08
0.306,89.99993661748759,90.0,0.002226651377279966,-0.0013390181787384806,-2.8613402860798827e-06,1.4393041535096603e-07,12.00000000000001,2.3407773147038642e-07,-4.857213448592394e-05,-9.47471254428299e-13,-9.47471254428299e-13,0.0014844342515199773,1.9506477622532184e-08
0.3062,89.99993706128366,90.0,0.0022113102054766394,-0.0013299909860500195,-2.842089991629511e-06,1.4292263340305275e-07,12.00000000000001,2.3212146244812024e-07,-4.824535479617998e-05,-9.332318593014767e-13,-9.332318593014767e-13,0.001474206803651093,1.9343455204010002e-08
0.3064,89.99993750202184,90.0,0.0021960724581127898,-0.00132102280880579,-2.822965167958544e-06,1.4192179537288994e-07,12.00000000000001,2.3018157260186265e-07,-4.792070501164195e-05,-9.19205269980808e-13,-9.19205269980808e-13,0.0014640483054085265,1.9181797716821872e-08
0.30660000000000004,89.99993793972274,90.0,0.002180937459052807,-0.0013121132784820015,-2.8039650352221184e-06,1.409278544588452e-07,12.00000000000001,2.28257924913502e-07,-4.759817189420263e-05,-9.053883288539046e-13,-9.053883288539046e-13,0.001453958306035205,1.9021493742791816e-08
0.3068,89.99993837440684,90.0,0.0021659045363831447,-0.0013032620288972608,-2.7850888185413245e-06,1.399407641481851e-07,12.00000000000001,2.2635038314919996e-07,-4.727774229005335e-05,-8.917779234818917e-13,-8.917779234818917e-13,0.0014439363575887631,1.886253192909998e-08
0.307,89.9999388060945,90.0,0.0021509730223855726,-0.0012944686961752303,-2.7663357479191386e-06,1.3896047821707523e-07,12.00000000000001,2.2445881189339097e-07,-4.695940312825699e-05,-8.783709861159452e-13,-8.783709861159452e-13,0.001433982014923715,1.8704900991115898e-08
0.30720000000000003,89.99993923480594,90.0,0.002136142253510693,-0.0012857329179971032,-2.7477050564960264e-06,1.3798695078835986e-07,12.00000000000001,2.2258307781293364e-07,-4.6643141391136253e-05,-8.651644974752448e-13,-8.651644974752448e-13,0.0014240948356737955,1.8548589817744455e-08
0.3074,89.99993966056124,90.0,0.00212141157036019,-0.0012770543349979045,-2.729195983816422e-06,1.3702013621600246e-07,12.00000000000001,2.2072304721873453e-07,-4.632894416972322e-05,-8.521554776306604e-13,-8.521554776306604e-13,0.0014142743802401268,1.8393587268227862e-08
0.30760000000000004,89.99994008338034,90.0,0.0021067803176529083,-0.001268432588942773,-2.7108077715692602e-06,1.3605998922953518e-07,12.00000000000001,2.1887858918505285e-07,-4.601679859145349e-05,-8.393409962091716e-13,-8.393409962091716e-13,0.0014045202117686057,1.823988243208772e-08
0.3078,89.99994050328306,90.0,0.002092247844211976,-0.0012598673244853366,-2.692539667700338e-06,1.351064647896094e-07,12.00000000000001,2.1704957248969858e-07,-4.570669188997488e-05,-8.267181612197843e-13,-8.267181612197843e-13,0.0013948318961413172,1.808746437414153e-08
0.308,89.9999409202891,90.0,0.002077813502931535,-0.001251358187700175,-2.6743909229854636e-06,1.3415951820355507e-07,12.00000000000001,2.1523586811727188e-07,-4.5398611346975466e-05,-8.142841270487404e-13,-8.142841270487404e-13,0.0013852090019543567,1.7936322343105974e-08
0.30820000000000003,89.99994133441804,90.0,0.0020634766507607273,-0.0012429048271262746,-2.6563607934718224e-06,1.332191050387114e-07,12.00000000000001,2.1343734743381808e-07,-4.5092544333626616e-05,-8.020360876342584e-13,-8.020360876342584e-13,0.0013756511005071513,1.7786445619484826e-08
0.3084,89.99994174568928,90.0,0.00204923664867526,-0.0012345068930167805,-2.638448538727457e-06,1.3228518118020633e-07,12.00000000000001,2.1165388345345286e-07,-4.478847828086733e-05,-7.899712801763491e-13,-7.899712801763491e-13,0.001366157765783507,1.7637823621121057e-08
0.30860000000000004,89.99994215412215,90.0,0.0020350928616578124,-0.0012261640380221844,-2.6206534234408145e-06,1.3135770277317703e-07,12.00000000000001,2.0988534963280222e-07,-4.448640070655704e-05,-7.780869805167214e-13,-7.780869805167214e-13,0.0013567285744385416,1.7490445802733504e-08
0.3088,89.99994255973581,90.0,0.0020210446586707096,-0.001217875916796899,-2.6029747165042862e-06,1.304366262516594e-07,12.00000000000001,2.0813162052097958e-07,-4.418629919991844e-05,-7.663805047753234e-13,-7.663805047753234e-13,0.0013473631057804732,1.7344301710081616e-08
0.309,89.99994296254934,90.0,0.0020070914126327417,-0.0012096421856116184,-2.585411690110766e-06,1.295219083674784e-07,12.000000000000009,2.0639257240429645e-07,-4.388816140620128e-05,-7.548492108934033e-13,-7.548492108934033e-13,0.0013380609417551611,1.7199381033691357e-08
0.30920000000000003,89.99994336258165,90.0,0.001993232500400739,-0.0012014625030381371,-2.5679636213568765e-06,1.28613506132468e-07,12.000000000000009,2.0466808209921548e-07,-4.35919750538976e-05,-7.434904940998383e-13,-7.434904940998383e-13,0.0013288216669338259,1.7055673508267946e-08
0.3094,89.99994375985153,90.0,0.0019794673027432796,-0.0011933365295573647,-2.5506297913297456e-06,1.2771137684736113e-07,12.000000000000009,2.0295802760101784e-07,-4.3297727939239515e-05,-7.32301788512794e-13,-7.32301788512794e-13,0.0013196448684955197,1.6913168966751474e-08
0.30960000000000004,89.9999441543777,90.0,0.0019657952043187613,-0.0011852639278839825,-2.5334094858686536e-06,1.2681547807289976e-07,12.000000000000009,2.0126228749644556e-07,-4.3005407939128386e-05,-7.212805647122311e-13,-7.212805647122311e-13,0.0013105301362125077,1.677185729137045e-08
0.3098,89.9999445461787,90.0,0.0019522155936497585,-0.0011772443622200934,-2.5163019938232837e-06,1.2592576768761474e-07,12.000000000000007,1.9958074222677696e-07,-4.271500298156809e-05,-7.104243332733621e-13,-7.104243332733621e-13,0.0013014770624331722,1.663172851889807e-08
0.31,89.99994493527296,90.0,0.001938727863106024,-0.0011692774992973064,-2.499306609492003e-06,1.2504220380115614e-07,12.000000000000007,1.9791327226373103e-07,-4.242650108705561e-05,-6.99730638403326e-13,-6.99730638403326e-13,0.0012924852420706828,1.6492772688644242e-08
0.31020000000000003,89.99994532167881,90.0,0.0019253314088756293,-0.0011613630072706215,-2.4824226300394284e-06,1.2416474484096282e-07,12.000000000000007,1.9625975999187003e-07,-4.2139890324743384e-05,-6.891970634348215e-13,-6.891970634348215e-13,0.0012835542725837528,1.6354979999322493e-08
0.3104,89.99994570541443,90.0,0.001912025630948357,-0.00115350055676106,-2.4656493579359387e-06,1.2329334946559285e-07,12.000000000000007,1.9462008788400565e-07,-4.1855158853850814e-05,-6.788212245446215e-13,-6.788212245446215e-13,0.0012746837539655714,1.621834065700046e-08
0.3106,89.99994608649791,90.0,0.001898809933087886,-0.0011456898197510093,-2.448986098378527e-06,1.2242797665139315e-07,12.000000000000007,1.9299414038227255e-07,-4.157229487988241e-05,-6.68600776171771e-13,-6.68600776171771e-13,0.0012658732887252575,1.6082845031856035e-08
0.3108,89.9999464649472,90.0,0.0018856837228156758,-0.0011379304706275396,-2.432432161731857e-06,1.2156858560582983e-07,12.000000000000007,1.9138180207290818e-07,-4.1291286696065476e-05,-6.58533404816842e-13,-6.58533404816842e-13,0.0012571224818771173,1.5948483506075673e-08
0.311,89.99994684078013,90.0,0.001872646411383829,-0.0011302221850786952,-2.4159868609512447e-06,1.2071513585415784e-07,12.000000000000007,1.8978295956646894e-07,-4.1012122639604465e-05,-6.486168343872595e-13,-6.486168343872595e-13,0.0012484309409225526,1.581524663053907e-08
0.31120000000000003,89.99994721401443,90.0,0.0018596974137600356,-0.0011225646414935592,-2.3996495148576117e-06,1.1986758712386143e-07,12.000000000000007,1.8819749905602476e-07,-4.073479114727427e-05,-6.388488182072092e-13,-6.388488182072092e-13,0.0012397982758400239,1.5683124921335387e-08
0.3114,89.99994758466771,90.0,0.0018468361485966468,-0.0011149575198532592,-2.3834194455485644e-06,1.190258994313238e-07,12.000000000000007,1.866253082021884e-07,-4.045928071147255e-05,-6.292271443681181e-13,-6.292271443681181e-13,0.001231224099064431,1.5552109016849025e-08
0.3116,89.99994795275745,90.0,0.0018340620382123825,-0.001107400501705426,-2.3672959783408954e-06,1.181900330818271e-07,12.000000000000007,1.8506627615637392e-07,-4.01855798792436e-05,-6.197496352863429e-13,-6.197496352863429e-13,0.0012227080254749217,1.5422189679697818e-08
0.3118,89.99994831830104,90.0,0.001821374508574406,-0.0010998932708497066,-2.35127844337537e-06,1.1735994861177268e-07,12.000000000000007,1.8352029235311696e-07,-3.9913677279520175e-05,-6.10414143602125e-13,-6.10414143602125e-13,0.0012142496723829374,1.529335769609307e-08
0.312,89.9999486813157,90.0,0.001808772989272616,-0.0010924355125913271,-2.335366173874781e-06,1.1653560684646083e-07,12.000000000000007,1.8198724777323067e-07,-3.9643561593553385e-05,-6.012185555282773e-13,-6.012185555282773e-13,0.0012058486595150773,1.5165603981102547e-08
0.31220000000000003,89.99994904181861,90.0,0.0017962569135022953,-0.0010850269144274099,-2.3195585077505476e-06,1.1571696884231106e-07,12.000000000000007,1.8046703373539375e-07,-3.9375221582185226e-05,-5.921607868009017e-13,-5.921607868009017e-13,0.0011975046090015303,1.503891947794947e-08
0.3124,89.99994939982679,90.0,0.0017838257180389713,-0.0010776671656565974,-2.3038547866931133e-06,1.1490399591575187e-07,12.000000000000007,1.78959542543355e-07,-3.910864607040779e-05,-5.832387841875127e-13,-5.832387841875127e-13,0.0011892171453593142,1.4913295211946242e-08
0.3126,89.99994975535718,90.0,0.0017714788432178692,-0.0010703559573503676,-2.2882543561073705e-06,1.1409664964322091e-07,12.000000000000007,1.7746466751204967e-07,-3.88438239462671e-05,-5.7445052512674e-13,-5.7445052512674e-13,0.0011809858954785794,1.4788722292670798e-08
0.3128,89.99995010842655,90.0,0.001759215732913597,-0.001063092982324666,-2.272756565048795e-06,1.1329489186116484e-07,12.000000000000007,1.7598230299343545e-07,-3.858074415977893e-05,-5.657940173698689e-13,-5.657940173698689e-13,0.0011728104886090645,1.4665191916119612e-08
0.313,89.99995045905163,90.0,0.0017470358345200831,-0.0010558779354671644,-2.25736076699095e-06,1.1249868463714954e-07,12.000000000000007,1.7451234378676292e-07,-3.831939573595749e-05,-5.572672968645356e-13,-5.572672968645356e-13,0.001164690556346722,1.4542695315563567e-08
0.31320000000000003,89.99995080724901,90.0,0.001734938598926934,-0.0010487105129937105,-2.242066318090039e-06,1.1170799032763978e-07,12.000000000000007,1.7305468639910227e-07,-3.80597677453556e-05,-5.488684309662648e-13,-5.488684309662648e-13,0.001156625732617956,1.4421223866591847e-08
0.3134,89.99995115303514,90.0,0.001722923480504117,-0.0010415904134927502,-2.2268725796284514e-06,1.109227714913297e-07,12.000000000000007,1.7160922721911968e-07,-3.78018493455447e-05,-5.405955128035422e-13,-5.405955128035422e-13,0.0011486156536694113,1.4300768934926632e-08
0.3136,89.99995149642642,90.0,0.0017109899370748947,-0.0010345173368217285,-2.2117789154379927e-06,1.1014299097581235e-07,12.000000000000007,1.7017586439718686e-07,-3.754562973737334e-05,-5.324466662411858e-13,-5.324466662411858e-13,0.0011406599580499298,1.4181322033098897e-08
0.3138,89.99995183743907,90.0,0.0016991374299010886,-0.0010274909847970502,-2.196784693514686e-06,1.0936861185979997e-07,12.000000000000007,1.6875449663365527e-07,-3.729109819237894e-05,-5.244200420309264e-13,-5.244200420309264e-13,0.0011327582866007258,1.4062874719471264e-08
0.314,89.99995217608928,90.0,0.0016873654236609244,-0.0010205110611631527,-2.1818892859491443e-06,1.0859959745312395e-07,12.000000000000007,1.673450232070151e-07,-3.703824405160585e-05,-5.165138175302555e-13,-5.165138175302555e-13,0.0011249102824406163,1.3945418600584583e-08
0.31420000000000003,89.9999525123931,90.0,0.0016756733864266944,-0.0010135772715613106,-2.16709206885634e-06,1.0783591129673488e-07,12.000000000000007,1.6594734400230517e-07,-3.678705672441318e-05,-5.087261964232088e-13,-5.087261964232088e-13,0.0011171155909511295,1.3828945333525423e-08
0.3144,89.99995284636644,90.0,0.0016640607896431685,-0.0010066893227889534,-2.1523924206466164e-06,1.0707751722048229e-07,12.000000000000007,1.6456136076902703e-07,-3.653752565912467e-05,-5.010554117998994e-13,-5.010554117998994e-13,0.0011093738597621123,1.3713446730752244e-08
0.3146,89.99995317802515,90.0,0.0016525271081142732,-0.0009998469238468775,-2.1377897244755134e-06,1.0632437925644501e-07,12.000000000000007,1.6318697529237783e-07,-3.62896403846152e-05,-4.934997207344562e-13,-4.934997207344562e-13,0.0011016847387428487,1.3598914607698144e-08
0.3148,89.99995350738497,90.0,0.001641071819977964,-0.0009930497855488917,-2.1232833673342176e-06,1.0557646166782102e-07,12.000000000000007,1.6182409004043229e-07,-3.6043390494870984e-05,-4.86057405733705e-13,-4.86057405733705e-13,0.0010940478799853093,1.3485340836702683e-08
0.315,89.99995383446152,90.0,0.001629694406685158,-0.0009862976201371301,-2.1088727391527685e-06,1.048337289778174e-07,12.000000000000007,1.6047260880616482e-07,-3.5798765633766136e-05,-4.787267761075772e-13,-4.787267761075772e-13,0.0010864629377901054,1.3372717400513726e-08
0.31520000000000004,89.99995415927033,90.0,0.0016183943529837826,-0.0009795901416150493,-2.0945572335804827e-06,1.0409614594076036e-07,12.000000000000007,1.5913243611249616e-07,-3.5555755508310665e-05,-4.715061659881481e-13,-4.715061659881481e-13,0.001078929568655855,1.3261036342708005e-08
0.3154,89.99995448182682,90.0,0.0016071711468982003,-0.0009729270660739738,-2.0803362487518514e-06,1.0336367751320544e-07,12.000000000000005,1.5780347662321583e-07,-3.53143499016518e-05,-4.64393932430781e-13,-4.64393932430781e-13,0.001071447431265467,1.3150289718601313e-08
0.3156,89.99995480214629,90.0,0.0015960242797056767,-0.0009663081105944224,-2.0662091847208577e-06,1.0263628894060705e-07,12.000000000000005,1.5648563701861206e-07,-3.5074538629520736e-05,-4.573884600478722e-13,-4.573884600478722e-13,0.0010640161864704512,1.3040469751551e-08
0.3158,89.99995512024397,90.0,0.0015849532459247255,-0.0009597329942956538,-2.052175445916058e-06,1.0191394567064901e-07,12.000000000000005,1.5517882416457687e-07,-3.483631158190839e-05,-4.5048815579261434e-13,-4.5048815579261434e-13,0.0010566354972831504,1.2931568680381401e-08
0.316,89.99995543613498,90.0,0.0015739575432919203,-0.000953201438303282,-2.0382344410676743e-06,1.0119661335324429e-07,12.000000000000005,1.5388294514209548e-07,-3.459965872182781e-05,-4.436914487521877e-13,-4.436914487521877e-13,0.0010493050288612803,1.2823578761841284e-08
0.31620000000000004,89.99995574983434,90.0,0.001563036672738853,-0.0009467131650065683,-2.0243855814740434e-06,1.0048425789831503e-07,12.000000000000005,1.5259790850701133e-07,-3.436457005588654e-05,-4.3699679310591274e-13,-4.3699679310591274e-13,0.0010420244484925685,1.2716492375584271e-08
0.3164,89.99995606135695,90.0,0.001552190138377654,-0.0009402678983934737,-2.0106282817866673e-06,9.977684544690246e-08,12.000000000000005,1.5132362369319437e-07,-3.413103564761318e-05,-4.3040266621653475e-13,-4.3040266621653475e-13,0.0010347934255851027,1.2610301974432858e-08
0.3166,89.99995637071764,90.0,0.0015414174474827477,-0.0009338653647357233,-1.996961961613989e-06,9.907434231338724e-08,12.000000000000005,1.5005999980527836e-07,-3.389904564468191e-05,-4.239075652366739e-13,-4.239075652366739e-13,0.0010276116316551651,1.2504999983773191e-08
0.3168,89.99995667793114,90.0,0.001530718110464485,-0.0009275052911309104,-1.983386042116251e-06,9.837671510104897e-08,12.000000000000004,1.488069481131172e-07,-3.36685902211092e-05,-4.1751001317286666e-13,-4.1751001317286666e-13,0.0010204787403096567,1.2400579009426429e-08
0.317,89.99995698301204,90.0,0.0015200916408600244,-0.0009211874065555752,-1.9698999484685246e-06,9.768393061539654e-08,12.000000000000004,1.4756438021767777e-07,-3.3439659619064464e-05,-4.112085538647794e-13,-4.112085538647794e-13,0.001013394427240016,1.2297031684806477e-08
0.31720000000000004,89.9999572859749,90.0,0.001509537555311408,-0.0009149114421898637,-1.956503110622366e-06,9.699595583527822e-08,12.000000000000004,1.4633220746367941e-07,-3.321224416179942e-05,-4.0500175025156725e-13,-4.0500175025156725e-13,0.0010063583702076052,1.2194350621973281e-08
0.3174,89.99995758683413,90.0,0.0014990553735406541,-0.0009086771299616678,-1.94319495990525e-06,9.631275802844124e-08,12.000000000000004,1.4511034343220135e-07,-3.2986334195922454e-05,-3.9888819031163945e-13,-3.9888819031163945e-13,0.0009993702490271028,1.2092528619350108e-08
0.3176,89.99995788560406,90.0,0.0014886446183409933,-0.0009024842039554718,-1.9299749323152947e-06,9.56343046359722e-08,12.000000000000004,1.4389870149088488e-07,-3.2761920147327534e-05,-3.9286648062904087e-13,-3.9286648062904087e-13,0.0009924297455606622,1.1991558457573737e-08
0.3178,89.99995818229894,90.0,0.0014783048155522771,-0.0008963323996674747,-1.9168424667828225e-06,9.49605633300769e-08,12.000000000000004,1.4269719605567221e-07,-3.253899249168372e-05,-3.869352492533197e-13,-3.869352492533197e-13,0.0009855365437015182,1.1891433004639348e-08
0.318,89.9999584769329,90.0,0.001468035494044632,-0.0008902214543380374,-1.903797005949549e-06,9.429150198519037e-08,12.000000000000004,1.4150574199635047e-07,-3.23175417676621e-05,-3.81093143944256e-13,-3.81093143944256e-13,0.000978690329363088,1.1792145166362536e-08
0.31820000000000004,89.99995876952,90.0,0.0014578361856987397,-0.0008841511065688794,-1.8908379952760263e-06,9.362708870686687e-08,12.000000000000004,1.4032425527686262e-07,-3.20975585617844e-05,-3.7533883344899e-13,-3.7533883344899e-13,0.0009718907904658266,1.169368793973855e-08
0.3184,89.9999590600742,90.0,0.0014477064253899958,-0.000878121097011499,-1.8779648846529817e-06,9.296729177399999e-08,12.000000000000004,1.3915265174497644e-07,-3.1879033535775926e-05,-3.696710042975209e-13,-3.696710042975209e-13,0.000965137616926664,1.1596054312081367e-08
0.3186,89.99995934860935,90.0,0.001437645750965068,-0.0008721311669133614,-1.8651771250053616e-06,9.23120797543823e-08,12.000000000000004,1.3799084962303227e-07,-3.166195736891818e-05,-3.6408836650543716e-13,-3.6408836650543716e-13,0.0009584305006433787,1.1499237468586018e-08
0.31880000000000003,89.99995963513925,90.0,0.0014276537032352147,-0.0008661810602401951,-1.8524741732547374e-06,9.166142133136597e-08,12.000000000000004,1.368387658250226e-07,-3.144632084228721e-05,-3.585896444830221e-13,-3.585896444830221e-13,0.0009517691354901431,1.1403230485418546e-08
0.319,89.99995991967752,90.0,0.0014177298259450387,-0.0008602705215007353,-1.839855487237673e-06,9.101528547720212e-08,12.000000000000004,1.3569631968773688e-07,-3.1232114752491365e-05,-3.5317358566484584e-13,-3.5317358566484584e-13,0.0009451532172966925,1.1308026640644737e-08
0.31920000000000004,89.99996020223782,90.0,0.0014078736657662891,-0.0008543992975144305,-1.8273205298390923e-06,9.037364130859137e-08,12.000000000000004,1.345634299024568e-07,-3.101932998183645e-05,-3.4783895296933536e-13,-3.4783895296933536e-13,0.0009385824438441928,1.1213619158538065e-08
0.3194,89.9999604828336,90.0,0.0013980847722713102,-0.0008485671363085498,-1.8148687664171004e-06,8.973645817335348e-08,12.000000000000004,1.3344001639443165e-07,-3.080795745461127e-05,-3.4258452898519e-13,-3.4258452898519e-13,0.0009320565148475403,1.1120001366202634e-08
0.3196,89.99996076147829,90.0,0.001388362697919347,-0.0008427737874543385,-1.8024996655905154e-06,8.910370562153752e-08,12.000000000000004,1.3232599972504513e-07,-3.059798815045628e-05,-3.3740911429868427e-13,-3.3740911429868427e-13,0.0009255751319462315,1.1027166643753757e-08
0.31980000000000003,89.9999610381852,90.0,0.0013787069980386825,-0.0008370190016868029,-1.790212698352143e-06,8.847535343431172e-08,12.000000000000004,1.3122130172976927e-07,-3.0389413089311072e-05,-3.3231152869859053e-13,-3.3231152869859053e-13,0.000919137998692455,1.0935108477480769e-08
0.32,89.99996131296757,90.0,0.0013691172308134482,-0.0008313025319521099,-1.7780073405190295e-06,8.785137153729381e-08,12.000000000000004,1.301258436892202e-07,-3.018222337300822e-05,-3.272906067357662e-13,-3.272906067357662e-13,0.0009127448205422989,1.0843820307435014e-08
0.32020000000000004,89.99996158583853,90.0,0.0013595929572583364,-0.000825624131951192,-1.7658830693306918e-06,8.723173011611052e-08,12.000000000000004,1.2903954882225813e-07,-2.9976410127527177e-05,-3.2234520318058957e-13,-3.2234520318058957e-13,0.0009063953048388909,1.0753295735188174e-08
0.3204,89.99996185681114,90.0,0.00135013374120973,-0.0008199835575484486,-1.7538393667435123e-06,8.661639950083815e-08,12.000000000000004,1.279623398363192e-07,-2.977196455891765e-05,-3.174741872069225e-13,-3.174741872069225e-13,0.0009000891608064867,1.0663528319693263e-08
0.3206,89.99996212589836,90.0,0.001340739149301084,-0.0008143805656715573,-1.7418757168616457e-06,8.60053502526721e-08,12.000000000000004,1.2689414080442627e-07,-2.9568877909688433e-05,-3.126764464084077e-13,-3.126764464084077e-13,0.000893826099534056,1.0574511733702186e-08
0.32080000000000003,89.9999623931131,90.0,0.0013314087509506917,-0.0008088149150049348,-1.729991607559701e-06,8.539855310614723e-08,12.000000000000004,1.2583487595026965e-07,-2.9367141486352953e-05,-3.079508838291034e-13,-3.079508838291034e-13,0.0008876058339671277,1.0486239662522467e-08
0.321,89.99996265846812,90.0,0.0013221421183416523,-0.0008032863652512252,-1.718186528758636e-06,8.47959790269175e-08,12.000000000000004,1.2478447090414928e-07,-2.9166746630162032e-05,-3.032964205200122e-13,-3.032964205200122e-13,0.0008814280788944348,1.0398705908679103e-08
0.32120000000000004,89.99996292197616,90.0,0.0013129388264100567,-0.0007977946781806164,-1.7064599748803236e-06,8.41975991250864e-08,12.000000000000004,1.2374285087228828e-07,-2.896768475877093e-05,-2.9871199126833733e-13,-2.9871199126833733e-13,0.0008752925509400378,1.0311904239357354e-08
0.3214,89.99996318364984,90.0,0.0013037984528213927,-0.000792339616532083,-1.6948114422816809e-06,8.360338474187652e-08,12.000000000000004,1.227099425125396e-07,-2.876994732268286e-05,-2.9419654850460046e-13,-2.9419654850460046e-13,0.0008691989685475952,1.0225828542711631e-08
0.3216,89.99996344350168,90.0,0.0012947205779593467,-0.000786920944708292,-1.683240430880602e-06,8.301330739184994e-08,12.000000000000004,1.2168567271815365e-07,-2.8573525832849728e-05,-2.8974905940832165e-13,-2.8974905940832165e-13,0.0008631470519728978,1.0140472726512802e-08
0.32180000000000003,89.99996370154417,90.0,0.0012857047849069837,-0.0007815384283940553,-1.6717464432662352e-06,8.242733879179792e-08,12.000000000000004,1.206699692569398e-07,-2.837841184556881e-05,-2.853685070804636e-13,-2.853685070804636e-13,0.0008571365232713224,1.0055830771411647e-08
0.322,89.99996395778966,90.0,0.0012767506594317374,-0.0007761918345353699,-1.6603289846517958e-06,8.184545086074104e-08,12.000000000000004,1.1966276079035449e-07,-2.818459696168172e-05,-2.8105389034985584e-13,-2.8105389034985584e-13,0.0008511671062878249,9.971896732529538e-09
0.32220000000000004,89.99996421225045,90.0,0.001267857789971179,-0.0007708809320300918,-1.648987564490973e-06,8.126761566214937e-08,12.000000000000004,1.1866397566111948e-07,-2.799207285401343e-05,-2.7680422098774434e-13,-2.7680422098774434e-13,0.0008452385266474528,9.888664638426621e-09
0.3224,89.99996446493874,90.0,0.0012590257676106007,-0.0007656054909860931,-1.6377216947463266e-06,8.069380546172223e-08,12.000000000000004,1.176735431521968e-07,-2.7800831237977767e-05,-2.726185261957597e-13,-2.726185261957597e-13,0.0008393505117404005,9.806128596016397e-09
0.3226,89.99996471586668,90.0,0.0012502541860691023,-0.0007603652827018362,-1.6265308898455544e-06,8.01239927273882e-08,12.000000000000004,1.1669139350447789e-07,-2.761086387083503e-05,-2.684958484125151e-13,-2.684958484125151e-13,0.0008335027907127348,9.724282792039822e-09
0.32280000000000003,89.99996496504632,90.0,0.0012415426416860463,-0.0007551600800027317,-1.615414667469478e-06,7.95581501004153e-08,12.000000000000004,1.1571745731877187e-07,-2.74221625650683e-05,-2.6443524385097613e-13,-2.6443524385097613e-13,0.0008276950944573643,9.643121443230986e-09
0.323,89.9999652124896,90.0,0.001232890733403536,-0.0007499896572166727,-1.6043725484969686e-06,7.899625039541088e-08,12.000000000000004,1.1475166557807992e-07,-2.7234719187448544e-05,-2.604357823592509e-13,-2.604357823592509e-13,0.0008219271556023572,9.562638798173324e-09
0.32320000000000004,89.99996545820844,90.0,0.0012242980627490752,-0.0007448537897945548,-1.5934040561198725e-06,7.843826662921157e-08,12.000000000000004,1.137939502848802e-07,-2.7048525644010184e-05,-2.5649654853448344e-13,-2.5649654853448344e-13,0.0008161987084993835,9.482829190406682e-09
0.3234,89.99996570221461,90.0,0.001215764233822873,-0.0007397522546478184,-1.5825087166336687e-06,7.788417199199341e-08,12.000000000000004,1.1284424386203293e-07,-2.6863573893472773e-05,-2.5261664028673187e-13,-2.5261664028673187e-13,0.0008105094892152487,9.403686988502741e-09
0.3236,89.99996594451986,90.0,0.0012072888532810573,-0.0007346848301250119,-1.571686059384706e-06,7.73339398472718e-08,12.000000000000004,1.119024791741228e-07,-2.667985594634532e-05,-2.487951687003752e-13,-2.487951687003752e-13,0.0008048592355207048,9.325206597843564e-09
0.32380000000000003,89.99996618513585,90.0,0.001198871530319109,-0.0007296512959886609,-1.5609356167181283e-06,7.67875437319015e-08,12.000000000000004,1.1096858954852261e-07,-2.6497363864042304e-05,-2.4503125789556373e-13,-2.4503125789556373e-13,0.0007992476868794059,9.247382462376882e-09
0.324,89.99996642407413,90.0,0.0011905118766558564,-0.0007246514333929207,-1.5502569239275635e-06,7.624495735607665e-08,12.000000000000004,1.1004250879574112e-07,-2.631608975802963e-05,-2.413240448889573e-13,-2.413240448889573e-13,0.0007936745844372375,9.170209066311757e-09
0.3242,89.99996666134622,90.0,0.0011822095065173557,-0.0007196850245057974,-1.5396495183738832e-06,7.570615463222073e-08,12.000000000000004,1.0912417184515704e-07,-2.6136025774865303e-05,-2.3767268066715454e-13,-2.3767268066715454e-13,0.0007881396710115704,9.093680987096417e-09
0.3244,89.99996689696354,90.0,0.0011739640366253722,-0.0007147518532036076,-1.529112941110134e-06,7.517110961720661e-08,12.000000000000004,1.0821351352919005e-07,-2.595716412378314e-05,-2.3407632759070105e-13,-2.3407632759070105e-13,0.0007826426910835815,9.017792794099168e-09
0.3246,89.9999671309374,90.0,0.0011657750861777559,-0.0007098517043330351,-1.5186467351587121e-06,7.463979657013651e-08,12.000000000000004,1.0731046983872332e-07,-2.5779497047447277e-05,-2.305341616972956e-13,-2.305341616972956e-13,0.0007771833907851706,8.942539153226941e-09
0.32480000000000003,89.99996736327908,90.0,0.001157642276837346,-0.0007049843640509089,-1.5082504463070516e-06,7.411218992345199e-08,12.000000000000004,1.064149773219792e-07,-2.560301683545921e-05,-2.270453713266369e-13,-2.270453713266369e-13,0.000771761517891564,8.867914776831597e-09
0.325,89.99996759399978,90.0,0.0011495652327170073,-0.0007001496205138544,-1.4979236247217303e-06,7.35882642251542e-08,12.000000000000004,1.0552697187306713e-07,-2.542771585175777e-05,-2.2360915462373205e-13,-2.2360915462373205e-13,0.0007663768218113382,8.793914322755591e-09
0.3252,89.99996782311062,90.0,0.0011415435803566172,-0.0006953472624250745,-1.4876658215538517e-06,7.306799425436349e-08,12.000000000000004,1.0464639122218994e-07,-2.52535864769944e-05,-2.202247241862467e-13,-2.202247241862467e-13,0.0007610290535710781,8.720532601849158e-09
0.3254,89.99996805062264,90.0,0.0011335769487168996,-0.0006905770800915549,-1.47747659141137e-06,7.255135493464964e-08,12.000000000000004,1.0377317309777635e-07,-2.5080621150501653e-05,-2.1689130333756317e-13,-2.1689130333756317e-13,0.0007557179658112663,8.647764424814694e-09
0.3256,89.99996827654678,90.0,0.0011256649691609986,-0.000685838864687793,-1.4673554906400323e-06,7.203832139181175e-08,12.000000000000004,1.0290725648037881e-07,-2.490881234111166e-05,-2.1360812835070014e-13,-2.1360812835070014e-13,0.0007504433127739991,8.575604706698232e-09
0.32580000000000003,89.99996850089396,90.0,0.001117807275444636,-0.0006811324096631403,-1.4573020806147119e-06,7.152886883831862e-08,12.000000000000004,1.0204857915424488e-07,-2.4738152603027517e-05,-2.1037444366998682e-13,-2.1037444366998682e-13,0.000745204850296424,8.504048262853737e-09
0.326,89.99996872367498,90.0,0.0011100035036897497,-0.0006764575085733678,-1.4473159226731342e-06,7.102297274664805e-08,12.000000000000004,1.0119708143225074e-07,-2.4568634489821725e-05,-2.0718950876214102e-13,-2.0718950876214102e-13,0.0007400023357931665,8.433090119354225e-09
0.3262,89.99996894490062,90.0,0.0011022532923837393,-0.0006718139572112396,-1.437396583096916e-06,7.05206086759476e-08,12.000000000000004,1.0035270246544215e-07,-2.440025063899086e-05,-2.0405259103807199e-13,-2.0405259103807199e-13,0.0007348355282558263,8.36272520545351e-09
0.3264,89.99996916458151,90.0,0.0010945562823533924,-0.0006672015521490217,-1.4275436297073291e-06,7.002175238759409e-08,12.000000000000004,9.951538273713313e-08,-2.4232993714167628e-05,-2.0096297036099435e-13,-2.0096297036099435e-13,0.0007297041882355949,8.29294856142776e-09
0.3266,89.99996938272831,90.0,0.0010869121167562698,-0.000662620091081726,-1.4177566326687925e-06,6.952637981630369e-08,12.000000000000004,9.868506345861956e-08,-2.4066856418760368e-05,-1.9791993774457098e-13,-1.9791993774457098e-13,0.0007246080778375132,8.223755288218294e-09
0.32680000000000003,89.99996959935153,90.0,0.0010793204410676695,-0.0006580693735194496,-1.4080351661090288e-06,6.903446701235218e-08,12.000000000000004,9.786168535528413e-08,-2.3901831523455736e-05,-1.9492279299695301e-13,-1.9492279299695301e-13,0.0007195469607117797,8.155140446273676e-09
0.327,89.99996981446161,90.0,0.0010717809030599253,-0.0006535491993373865,-1.3983788047317194e-06,6.854599025713452e-08,12.000000000000004,9.704519115385952e-08,-2.373791180871746e-05,-1.919708490892037e-13,-1.919708490892037e-13,0.0007145206020399502,8.087099262821625e-09
0.3272,89.99997002806897,90.0,0.0010642931527981244,-0.000649059370546204,-1.388787127955886e-06,6.806092591871533e-08,12.000000000000004,9.623552251169358e-08,-2.357509013505362e-05,-1.8906342645059645e-13,-1.8906342645059645e-13,0.000709528768532083,8.019626875974463e-09
0.3274,89.99997024018393,90.0,0.0010568568426157123,-0.0006445996898368953,-1.3792597165169311e-06,6.757925056738853e-08,12.000000000000004,9.543262250871013e-08,-2.341335938531828e-05,-1.8619985732332033e-13,-1.8619985732332033e-13,0.0007045712284104749,7.952718542392508e-09
0.3276,89.99997045081673,90.0,0.0010494716271067933,-0.0006401699612805724,-1.3697961541035742e-06,6.710094091789752e-08,12.000000000000004,9.463643442672687e-08,-2.3252712492498947e-05,-1.8337948341999242e-13,-1.8337948341999242e-13,0.000699647751404529,7.886369535560571e-09
0.32780000000000004,89.99997065997758,90.0,0.0010421371631100967,-0.0006357699899508056,-1.3603960264768792e-06,6.662597385832509e-08,12.000000000000004,9.384690238507785e-08,-2.309314242476184e-05,-1.8060165690844367e-13,-1.8060165690844367e-13,0.0006947581087400644,7.820575198756486e-09
0.328,89.99997086767655,90.0,0.0010348531096975866,-0.0006313995826182656,-1.3510589230955953e-06,6.615432639231356e-08,12.000000000000004,9.306397012461947e-08,-2.2934642213042515e-05,-1.7786573814445207e-13,-1.7786573814445207e-13,0.0006899020731317245,7.755330843718287e-09
0.3282,89.99997107392373,90.0,0.0010276191281551623,-0.0006270585466579587,-1.3417844345637744e-06,6.56859757257346e-08,12.000000000000004,9.228758287798375e-08,-2.2777204907718396e-05,-1.751710988041566e-13,-1.751710988041566e-13,0.0006850794187701083,7.690631906498643e-09
0.3284,89.99997127872909,90.0,0.0010204348819755377,-0.0006227466911051006,-1.3325721551001022e-06,6.522089918001941e-08,12.000000000000002,9.151768553291732e-08,-2.262082362052643e-05,-1.725171185499105e-13,-1.725171185499105e-13,0.000680289921317025,7.626473794409777e-09
0.3286,89.99997148210254,90.0,0.0010133000368392651,-0.0006184638259180784,-1.3234216808171092e-06,6.475907424993863e-08,12.000000000000002,9.075422388688236e-08,-2.2465491495352165e-05,-1.6990318707483682e-13,-1.6990318707483682e-13,0.0006755333578928434,7.56285199057353e-09
0.32880000000000004,89.99997168405392,90.0,0.0010062142606042067,-0.000614209762319019,-1.31433261051864e-06,6.430047857471229e-08,12.000000000000002,8.999714404520954e-08,-2.2311201721767037e-05,-1.6732870293129957e-13,-1.6732870293129957e-13,0.0006708095070694711,7.49976200376746e-09
0.329,89.99997188459302,90.0,0.0009991772232910525,-0.0006099843127735708,-1.3053045456543356e-06,6.384508993801001e-08,12.000000000000002,8.924639243950768e-08,-2.21579475342557e-05,-1.6479307344135045e-13,-1.6479307344135045e-13,0.0006661181488607017,7.437199369958973e-09
0.3292,89.99997208372956,90.0,0.000992188597069096,-0.0006057872909710411,-1.2963370902749177e-06,6.339288626795081e-08,12.000000000000002,8.850191584575069e-08,-2.200572221145694e-05,-1.6229571460694405e-13,-1.6229571460694405e-13,0.0006614590647127306,7.375159653812556e-09
0.3294,89.99997228147318,90.0,0.0009852480562420652,-0.0006016185114493425,-1.2874298501570819e-06,6.294384566599313e-08,12.000000000000002,8.776366201752854e-08,-2.185451906130849e-05,-1.5983605203769274e-13,-1.5983605203769274e-13,0.0006568320374947101,7.31363850146071e-09
0.3296,89.99997247783347,90.0,0.0009783552772387166,-0.0005974777902924009,-1.278582434435068e-06,6.2497946349155e-08,12.000000000000002,8.703157846753366e-08,-2.1704331448743442e-05,-1.5741351879722275e-13,-1.5741351879722275e-13,0.0006522368514924777,7.252631538961138e-09
0.32980000000000004,89.99997267281995,90.0,0.0009715099385947037,-0.0005933649440390265,-1.2697944530519608e-06,6.205516673668367e-08,12.000000000000002,8.630561433632296e-08,-2.155515275242526e-05,-1.5502755836761205e-13,-1.5502755836761205e-13,0.0006476732923964691,7.192134528026912e-09
0.33,89.99997286644206,90.0,0.0009647117209476823,-0.0005892797910971636,-1.2610655200665755e-06,6.161548533449615e-08,12.000000000000002,8.558571793759669e-08,-2.140697642088323e-05,-1.5267762048787458e-13,-1.5267762048787458e-13,0.0006431411472984549,7.13214316146639e-09
0.3302,89.99997305870923,90.0,0.0009579603070157459,-0.0005852221510032397,-1.2523952519245387e-06,6.11788807929589e-08,12.000000000000002,8.487183801608774e-08,-2.1259795943163468e-05,-1.5036316312860406e-13,-1.5036316312860406e-13,0.000638640204677164,7.07265316800731e-09
0.3304,89.99997324963076,90.0,0.0009512553815846164,-0.0005811918436937353,-1.2437832657568813e-06,6.074533196466765e-08,12.000000000000002,8.416392499432168e-08,-2.111360481994706e-05,-1.480836543688144e-13,-1.480836543688144e-13,0.0006341702543897443,7.0136604161934726e-09
0.3306,89.9999734392159,90.0,0.0009445966315029619,-0.0005771886909197339,-1.2352291826875996e-06,6.031481778888785e-08,12.000000000000002,8.346192851762426e-08,-2.0968396619696907e-05,-1.458385683168614e-13,-1.458385683168614e-13,0.0006297310876686414,6.95516070980202e-09
0.33080000000000004,89.9999736274739,90.0,0.0009379837456615796,-0.0005732125155073118,-1.226732626107078e-06,5.988731734933438e-08,12.000000000000002,8.276579871106171e-08,-2.0824164949348545e-05,-1.43627387043644e-13,-1.43627387043644e-13,0.0006253224971077198,6.897149892588474e-09
0.331,89.99997381441388,90.0,0.0009314164149811988,-0.0005692631409852378,-1.2182932208031833e-06,5.9462809903061566e-08,12.000000000000002,8.207548681018335e-08,-2.068090343956021e-05,-1.414496014563583e-13,-1.414496014563583e-13,0.0006209442766541326,6.839623900848612e-09
0.3312,89.99997400004492,90.0,0.000924894332404356,-0.0005653403922841697,-1.2099105945968592e-06,5.904127482268326e-08,12.000000000000002,8.139094394088287e-08,-2.0538605772477548e-05,-1.393047092543011e-13,-1.393047092543011e-13,0.000616596221602904,6.782578661740238e-09
0.33140000000000003,89.99997418437603,90.0,0.0009184171928793306,-0.0005614440950036828,-1.201584376630494e-06,5.862269165415272e-08,12.000000000000002,8.071212237029184e-08,-2.039726565267814e-05,-1.371922167815257e-13,-1.371922167815257e-13,0.0006122781285862204,6.726010197524319e-09
0.3316,89.99997436741617,90.0,0.0009119846933525043,-0.0005575740764674161,-1.1933141998356112e-06,5.8207040030092896e-08,12.000000000000002,8.003897367078699e-08,-2.0256876849061303e-05,-1.3511163606453266e-13,-1.3511163606453266e-13,0.0006079897955683362,6.669914472565582e-09
0.33180000000000004,89.99997454917427,90.0,0.0009055965327486055,-0.0005537301649849436,-1.1850996992096266e-06,5.779429972757622e-08,12.000000000000002,7.937144997558218e-08,-2.0117433165595516e-05,-1.3306248667834852e-13,-1.3306248667834852e-13,0.0006037310218324037,6.614287497965181e-09
0.332,89.99997472965912,90.0,0.0008992524119593372,-0.0005499121891253554,-1.1769405101189701e-06,5.7384450725904394e-08,12.000000000000002,7.87095052236572e-08,-1.9978928412513383e-05,-1.310442975206496e-13,-1.310442975206496e-13,0.0005995016079728915,6.5591254353047655e-09
0.3322,89.99997490887951,90.0,0.0008929520338406,-0.0005461199794897355,-1.168836272443196e-06,5.6977473062158914e-08,12.000000000000002,7.80530920871089e-08,-1.9841356476659194e-05,-1.2905660201715287e-13,-1.2905660201715287e-13,0.0005953013558937334,6.504424340592407e-09
0.33240000000000003,89.9999750868442,90.0,0.0008866951031889866,-0.0005423533676125287,-1.1607866280093914e-06,5.657334691787075e-08,12.000000000000002,7.740216384674538e-08,-1.9704711277937204e-05,-1.270989409073089e-13,-1.270989409073089e-13,0.0005911300687926577,6.450180320562115e-09
0.3326,89.99997526356181,90.0,0.0008804813267312089,-0.0005386121855915065,-1.1527912197283723e-06,5.6172052647910276e-08,12.000000000000002,7.675667502076535e-08,-1.9568986754648297e-05,-1.251708630676834e-13,-1.251708630676834e-13,0.0005869875511541393,6.396389585063778e-09
0.33280000000000004,89.99997543904095,90.0,0.0008743104131176683,-0.0005348962667893315,-1.1448496932356081e-06,5.5773570722707425e-08,12.0,7.611658014246057e-08,-1.94341768913452e-05,-1.2327192357106934e-13,-1.2327192357106934e-13,0.0005828736087451122,6.343048345205047e-09
0.333,89.99997561329015,90.0,0.0008681820729078378,-0.0005312054454578773,-1.1369616960147069e-06,5.5377881757141635e-08,12.0,7.548183439403594e-08,-1.930027570395336e-05,-1.214016845370869e-13,-1.214016845370869e-13,0.0005787880486052252,6.290152866169662e-09
0.3332,89.99997578631793,90.0,0.0008620960185602198,-0.0005275395574347479,-1.1291268790269828e-06,5.498496645276202e-08,12.0,7.485239238890809e-08,-1.9167277267433352e-05,-1.1955971325407662e-13,-1.1955971325407662e-13,0.0005747306790401466,6.237699365742341e-09
0.33340000000000003,89.99997595813268,90.0,0.0008560519644141023,-0.0005238984390519912,-1.1213448941624022e-06,5.459480568445707e-08,12.0,7.4228210040609e-08,-1.9035175672509915e-05,-1.1774558483157972e-13,-1.1774558483157972e-13,0.0005707013096094015,6.18568417005075e-09
0.3336,89.9999761287428,90.0,0.0008500496266839414,-0.0005202819278387989,-1.1136153958830666e-06,5.420738044267487e-08,12.0,7.360924333945352e-08,-1.8903965053570577e-05,-1.1595888030906683e-13,-1.1595888030906683e-13,0.0005666997511226276,6.134103611621127e-09
0.33380000000000004,89.9999762981566,90.0,0.0008440887234455459,-0.0005166898625022149,-1.1059380411797805e-06,5.382267183342308e-08,12.0,7.299544837010891e-08,-1.8773639587928373e-05,-1.141991866049715e-13,-1.141991866049715e-13,0.000562725815630364,6.082954030842409e-09
0.334,89.99997646638234,90.0,0.0008381689746226538,-0.0005131220825531229,-1.098312488699291e-06,5.344066110715888e-08,12.0,7.238678194389397e-08,-1.8644193481006485e-05,-1.1246609733578215e-13,-1.1246609733578215e-13,0.0005587793164151025,6.0322318286578304e-09
0.3342,89.9999766334282,90.0,0.0008322901019777939,-0.0005095784286487572,-1.0907383995461294e-06,5.3061329629898986e-08,12.0,7.178320099516475e-08,-1.851562097994973e-05,-1.1075921186283508e-13,-1.1075921186283508e-13,0.0005548600679851959,5.9819334162637296e-09
0.33440000000000003,89.99997679930236,90.0,0.0008264518290989305,-0.0005060587422187842,-1.0832154364100609e-06,5.268465891210961e-08,12.0,7.118466321353034e-08,-1.8387916358812763e-05,-1.0907813610005432e-13,-1.0907813610005432e-13,0.0005509678860659537,5.932055267794195e-09
0.3346,89.9999769640129,90.0,0.0008206538813908806,-0.0005025628658085893,-1.0757432643696741e-06,5.231063057981658e-08,12.0,7.059112643952858e-08,-1.826107393220126e-05,-1.0742248157246654e-13,-1.0742248157246654e-13,0.0005471025875939204,5.882593869960715e-09
0.33480000000000004,89.99997712756785,90.0,0.0008148959860623337,-0.0004990906430611538,-1.0683215508515807e-06,5.193922637460527e-08,12.0,7.00025486811301e-08,-1.8135088054579302e-05,-1.057918653647724e-13,-1.057918653647724e-13,0.0005432639907082225,5.833545723427509e-09
0.335,89.9999772899752,90.0,0.0008091778721134696,-0.0004956419186997662,-1.0609499655914922e-06,5.1570428153620663e-08,12.0,6.94188881294812e-08,-1.8009953119608665e-05,-1.041859100689429e-13,-1.041859100689429e-13,0.0005394519147423131,5.784907344123433e-09
0.3352,89.99997745124288,90.0,0.0008034992703232864,-0.0004922165381550567,-1.053628179763817e-06,5.1204217918457227e-08,12.0,6.88401037902525e-08,-1.7885663545373438e-05,-1.0260424456842024e-13,-1.0260424456842024e-13,0.0005356661802155242,5.736675315854374e-09
0.33540000000000003,89.99997761137878,90.0,0.000797859913241837,-0.0004888143479094293,-1.0463558667878275e-06,5.0840577786269e-08,12.0,6.826615487827193e-08,-1.7762213788064976e-05,-1.0104650311975174e-13,-1.0104650311975174e-13,0.0005319066088278914,5.688846239855994e-09
0.3356,89.99997777039069,90.0,0.0007922595351779083,-0.0004854351951245864,-1.0391327014583586e-06,5.047949001865952e-08,12.0,6.769700144842912e-08,-1.7639598327225224e-05,-9.951232612565616e-14,-9.951232612565616e-14,0.0005281730234519389,5.641416787369093e-09
0.33580000000000004,89.9999779282864,90.0,0.0007866978721913835,-0.0004820789286966802,-1.0319583624135104e-06,5.012093693501211e-08,12.0,6.713260255967316e-08,-1.7517811707636752e-05,-9.800135759033063e-14,-9.800135759033063e-14,0.000524465248127589,5.59438354663943e-09
0.336,89.99997808507362,90.0,0.0007811746620733671,-0.00047874539780747564,-1.0248325287498952e-06,4.976490102804947e-08,12.0,6.657291876123099e-08,-1.7396848481865504e-05,-9.651324839038974e-14,-9.651324839038974e-14,0.0005207831080489114,5.547743230102583e-09
0.3362,89.99997824076002,90.0,0.0007756896443428393,-0.00047543445263022063,-1.0177548816732565e-06,4.941136490605388e-08,12.0,6.60179108663878e-08,-1.727670323828059e-05,-9.504765453748678e-14,-9.504765453748678e-14,0.0005171264295618928,5.501492572198984e-09
0.33640000000000003,89.9999783953532,90.0,0.0007702425602354161,-0.0004721459446692261,-1.0107251052937106e-06,4.906031126397732e-08,12.0,6.546753935154094e-08,-1.715737061455373e-05,-9.360423632310571e-14,-9.360423632310571e-14,0.0005134950401569441,5.455628279295079e-09
0.3366,89.99997854886074,90.0,0.0007648331526878284,-0.00046887972602765006,-1.0037428849158192e-06,4.871172294122127e-08,12.0,6.49217656064059e-08,-1.7038845268632735e-05,-9.218265989449936e-14,-9.218265989449936e-14,0.0005098887684585523,5.410147133867158e-09
0.33680000000000004,89.99997870129013,90.0,0.0007594611663314512,-0.00046563564975373416,-9.968079078488144e-07,4.836558289274675e-08,12.0,6.438055132700918e-08,-1.6921121892495307e-05,-9.07825963758644e-14,-9.07825963758644e-14,0.0005063074442209674,5.365045943917432e-09
0.337,89.99997885264885,90.0,0.000754126347481155,-0.0004624135701805097,-9.899198642021278e-07,4.802187416018451e-08,12.0,6.384385791462521e-08,-1.6804195225653406e-05,-8.940372102968661e-14,-8.940372102968661e-14,0.0005027508983207699,5.320321492885434e-09
0.3372,89.9999790029443,90.0,0.0007488284441207802,-0.0004592133421949725,-9.830784451785908e-07,4.7680579929614765e-08,12.0,6.331164772471726e-08,-1.6688060026179784e-05,-8.804571479886919e-14,-8.804571479886919e-14,0.0004992189627471867,5.275970643726438e-09
0.33740000000000003,89.99997915218384,90.0,0.0007435672058966666,-0.00045603482193959117,-9.76283344715232e-07,4.734168347378743e-08,12.0,6.278388284469306e-08,-1.657271109856104e-05,-8.670826266925005e-14,-8.670826266925005e-14,0.0004957114705977777,5.231990237057755e-09
0.3376,89.99997930037476,90.0,0.0007383423841034381,-0.0004528778657266457,-9.695342569468903e-07,4.7005168238791787e-08,12.0,6.226052695768455e-08,-1.6458143250641655e-05,-8.539105596083406e-14,-8.539105596083406e-14,0.0004922282560689587,5.188377246473712e-09
0.3378,89.99997944752434,90.0,0.0007331537316817145,-0.0004497423318113874,-9.628308803518595e-07,4.667101769960701e-08,12.0,6.174154226928014e-08,-1.6344351363997618e-05,-8.409378838368545e-14,-8.409378838368545e-14,0.0004887691544544763,5.145128522440012e-09
0.338,89.9999795936398,90.0,0.0007280010031962876,-0.0004466280785852116,-9.561729135304484e-07,4.633921550455168e-08,12.0,6.122689261145135e-08,-1.623133032227613e-05,-8.281615988191622e-14,-8.281615988191622e-14,0.00048533400213085834,5.102241050954279e-09
0.3382,89.99997973872826,90.0,0.0007228839548342913,-0.00044353496563891734,-9.495600576909351e-07,4.6009745388614045e-08,12.0,6.071654159916885e-08,-1.6119075053395505e-05,-8.155787425163442e-14,-8.155787425163442e-14,0.0004819226365561942,5.059711799930737e-09
0.33840000000000003,89.99997988279685,90.0,0.000717802344391508,-0.0004404628530330423,-9.429920149453801e-07,4.5682591231231833e-08,12.0,6.021045387828993e-08,-1.6007580500616022e-05,-8.031864061961285e-14,-8.031864061961285e-14,0.00047853489626100527,5.017537823190827e-09
0.3386,89.99998002585265,90.0,0.0007127559312669352,-0.00043741160271136526,-9.364684916148297e-07,4.535773694073269e-08,12.0,5.970859267151657e-08,-1.58968416786468e-05,-7.909817037949247e-14,-7.909817037949247e-14,0.0004751706208446235,4.9757160559597146e-09
0.3388,89.99998016790266,90.0,0.0007077444764414031,-0.00043438107633941896,-9.29989193178681e-07,4.503516662767351e-08,12.0,5.921092349700423e-08,-1.578685358790971e-05,-7.789618167101072e-14,-7.789618167101072e-14,0.0004718296509609354,4.934243624750353e-09
0.339,89.99998030895385,90.0,0.0007027677424805657,-0.000431371137085025,-9.235538284369343e-07,4.471486446039099e-08,12.0,5.871741108837552e-08,-1.5677611285194872e-05,-7.671239555971188e-14,-7.671239555971188e-14,0.00046851182832037715,4.89311759069796e-09
0.3392,89.99998044901314,90.0,0.0006978254935176872,-0.00042838164888371713,-9.171621077949447e-07,4.439681472278144e-08,12.0,5.8228020647076874e-08,-1.5569109854543816e-05,-7.554653750558212e-14,-7.554653750558212e-14,0.00046521699567845815,4.852335053923073e-09
0.33940000000000003,89.99998058808741,90.0,0.0006929174952450156,-0.00042541247678196635,-9.10813744066874e-07,4.408100178541082e-08,12.0,5.774271723811361e-08,-1.5461344420888294e-05,-7.439833658470317e-14,-7.439833658470317e-14,0.0004619449968300104,4.811893103176134e-09
0.3396,89.99998072618348,90.0,0.0006880435149009547,-0.000422463486208728,-9.045084507742305e-07,4.376741016329459e-08,12.0,5.726146703682968e-08,-1.5354310121167494e-05,-7.32675269063744e-14,-7.32675269063744e-14,0.00045869567660063653,4.771788919735807e-09
0.3398,89.99998086330814,90.0,0.0006832033212656083,-0.00041953454367976196,-8.982459437929982e-07,4.34560244581179e-08,12.0,5.678423610410228e-08,-1.5248002132288551e-05,-7.2153846099644e-14,-7.2153846099644e-14,0.0004554688808437388,4.732019675341856e-09
0.34,89.9999809994681,90.0,0.0006783966846484479,-0.00041662551642514375,-8.920259404843062e-07,4.314682938712548e-08,12.0,5.631099101725655e-08,-1.5142415656369397e-05,-7.105703600044851e-14,-7.105703600044851e-14,0.0004522644564322986,4.6925825847713795e-09
0.3402,89.99998113467008,90.0,0.0006736233768800798,-0.00041373627308831005,-8.858481613296824e-07,4.2839809725341875e-08,12.0,5.584169765006244e-08,-1.5037545948497697e-05,-6.997684118791082e-14,-6.997684118791082e-14,0.0004490822512533865,4.65347480417187e-09
0.34040000000000004,89.9999812689207,90.0,0.0006688831712960971,-0.0004108666822824279,-8.797123265580229e-07,4.253495042113097e-08,12.0,5.537632365420845e-08,-1.4933388259472613e-05,-6.891301179254266e-14,-6.891301179254266e-14,0.0004459221141973981,4.614693637850704e-09
0.3406,89.99998140222658,90.0,0.0006641758427372808,-0.00040801661401176003,-8.736181594684966e-07,4.223223648063649e-08,12.0,5.491483599810299e-08,-1.4829937892212134e-05,-6.786530060107354e-14,-6.786530060107354e-14,0.0004427838951581872,4.576236333175249e-09
0.3408,89.99998153459426,90.0,0.0006595011675338788,-0.00040518593893917225,-8.675653847199916e-07,4.1931653025561694e-08,12.0,5.445720221733398e-08,-1.4727190172715908e-05,-6.683346444406033e-14,-6.683346444406033e-14,0.00043966744502258587,4.5381001847778315e-09
0.341,89.99998166603024,90.0,0.000654858923497839,-0.000402374528375288,-8.615537283066996e-07,4.1633185293169474e-08,12.0,5.400339042454503e-08,-1.4625140449650767e-05,-6.58172641430247e-14,-6.58172641430247e-14,0.00043657261566522603,4.500282535378753e-09
0.3412,89.999981796541,90.0,0.0006502488899156317,-0.0003995822549790098,-8.555829191966926e-07,4.133681857850249e-08,12.0,5.355336808808787e-08,-1.4523784122166079e-05,-6.481646309385718e-14,-6.481646309385718e-14,0.00043349925994375446,4.462780674007322e-09
0.34140000000000004,89.99998192613293,90.0,0.0006456708475325303,-0.0003968089916697564,-8.49652686790803e-07,4.104253832105289e-08,12.0,5.3107103897717285e-08,-1.4423116596757459e-05,-6.383082930274075e-14,-6.383082930274075e-14,0.0004304472316883535,4.425591991476441e-09
0.3416,89.99998205481245,90.0,0.0006411245785498948,-0.0003940546126894851,-8.43762763405793e-07,4.0750330018092614e-08,12.0,5.266456592233697e-08,-1.4323133329419328e-05,-6.286013328680216e-14,-6.286013328680216e-14,0.0004274163856999299,4.388713826861414e-09
0.3418,89.99998218258587,90.0,0.0006366098666098221,-0.0003913189925154435,-8.379128817343954e-07,4.0460179311343094e-08,12.0,5.2225723475223846e-08,-1.4223829782528319e-05,-6.190415008174811e-14,-6.190415008174811e-14,0.00042440657773988144,4.3521436229353205e-09
0.342,89.99998230945948,90.0,0.0006321264967924735,-0.00038860200692225383,-8.321027773286215e-07,4.017207190030553e-08,12.0,5.179054527171703e-08,-1.4125201466998206e-05,-6.096265717072454e-14,-6.096265717072454e-14,0.00042141766452831567,4.315878772643086e-09
0.3422,89.99998243543953,90.0,0.0006276742556013064,-0.00038590353225074906,-8.263321868921996e-07,3.988599360004074e-08,12.0,5.1359000678468074e-08,-1.4027243913293514e-05,-6.003543580498989e-14,-6.003543580498989e-14,0.0004184495037342043,4.279916723205673e-09
0.34240000000000004,89.99998256053222,90.0,0.0006232529309565371,-0.0003832234453988449,-8.206008482600254e-07,3.9601930341169105e-08,12.0,5.093105972175214e-08,-1.392995267108068e-05,-5.912227095099924e-14,-5.912227095099924e-14,0.00041550195397102477,4.244254976812678e-09
0.3426,89.99998268474373,90.0,0.0006188623121888061,-0.0003805616245232382,-8.149085020393885e-07,3.9319868112090816e-08,12.0,5.0506691865049875e-08,-1.3833323337088386e-05,-5.822294993799388e-14,-5.822294993799388e-14,0.0004125748747925374,4.208890988754156e-09
0.3428,89.99998280808015,90.0,0.0006145021900245581,-0.00037791794830845105,-8.09254889902878e-07,3.9039793016765635e-08,12.0,5.008586725810781e-08,-1.3737351526129104e-05,-5.733726375130559e-14,-5.733726375130559e-14,0.0004096681266830387,4.173822271508984e-09
0.343,89.99998293054757,90.0,0.0006101723565803362,-0.00037529229595886315,-8.03639754570446e-07,3.8761691274712926e-08,12.0,4.9668556744193615e-08,-1.364203287079461e-05,-5.6465006979101384e-14,-5.6465006979101384e-14,0.00040678157105355746,4.139046395349468e-09
0.3432,89.99998305215205,90.0,0.000605872605356458,-0.00037268454825569656,-7.980628422812358e-07,3.8485549134341923e-08,12.0,4.9254730022427527e-08,-1.3547363063416041e-05,-5.560597585036365e-14,-5.560597585036365e-14,0.0004039150702376387,4.104560835202294e-09
0.34340000000000004,89.99998317289955,90.0,0.0006016027312192645,-0.0003700945857558738,-7.925238985849396e-07,3.821135301740127e-08,12.0,4.884435874653263e-08,-1.345333778462089e-05,-5.475997142419211e-14,-5.475997142419211e-14,0.0004010684874795097,4.070363228877719e-09
0.3436,89.99998329279606,90.0,0.0005973625304034215,-0.0003675222905715874,-7.870226725018755e-07,3.7939089374529486e-08,12.0,4.8437413445728974e-08,-1.3359952773951591e-05,-5.3926796343942244e-14,-5.3926796343942244e-14,0.0003982416869356143,4.036451120477415e-09
0.3438,89.99998341184747,90.0,0.0005931518004943421,-0.00036496754492467277,-7.815589131454611e-07,3.7668744800814584e-08,12.0,4.8033866008024614e-08,-1.3267203772530976e-05,-5.310625735924263e-14,-5.310625735924263e-14,0.00039543453366289475,4.0028221673353845e-09
0.34400000000000003,89.99998353005965,90.0,0.0005889703404267593,-0.00036243023221042836,-7.761323722094317e-07,3.7400305949124365e-08,12.0,4.763368783632401e-08,-1.3175086565283565e-05,-5.2298163388938635e-14,-5.2298163388938635e-14,0.0003926468936178396,3.969473986360334e-09
0.3442,89.99998364743846,90.0,0.000584817950471353,-0.0003599102366236717,-7.707428030952334e-07,3.713375955899633e-08,12.0,4.723685048066748e-08,-1.3083596966122792e-05,-5.150232613650475e-14,-5.150232613650475e-14,0.0003898786336475687,3.93640420672229e-09
0.34440000000000004,89.99998376398966,90.0,0.0005806944322256611,-0.00035740744279077867,-7.653899600528873e-07,3.6869092485527544e-08,12.0,4.684332626502111e-08,-1.2992730803366915e-05,-5.071856067464219e-14,-5.071856067464219e-14,0.00038712962148377406,3.9036105220850925e-09
0.3446,89.99998387971904,90.0,0.0005765995886088903,-0.00035492173647298027,-7.600735998258137e-07,3.660629164159489e-08,12.0,4.6453087063403775e-08,-1.2902483947660418e-05,-4.9946684179569924e-14,-4.9946684179569924e-14,0.0003843997257392602,3.871090588616981e-09
0.3448,89.9999839946323,90.0,0.0005725332238491805,-0.0003524530038380375,-7.547934799496618e-07,3.6345344055634814e-08,12.0,4.606610554655155e-08,-1.2812852283096112e-05,-4.918651713545662e-14,-4.918651713545662e-14,0.00038168881589945367,3.838842128879296e-09
0.34500000000000003,89.9999841087351,90.0,0.0005684951434788,-0.00035000113145353215,-7.495493587372043e-07,3.608623687164336e-08,12.0,4.568235518802754e-08,-1.2723831706958716e-05,-4.84378832824979e-14,-4.84378832824979e-14,0.00037899676231920005,3.806862932335628e-09
0.3452,89.99998422203312,90.0,0.0005644851543296862,-0.00034756600770172684,-7.443409985865983e-07,3.582895723361658e-08,12.0,4.5301807808945375e-08,-1.2635418185883615e-05,-4.7700607186879393e-14,-4.7700607186879393e-14,0.0003763234362197908,3.775150650745448e-09
0.34540000000000004,89.99998433453193,90.0,0.0005605030645125039,-0.00034514752061869623,-7.39168160932143e-07,3.557349245888991e-08,12.0,4.492443729601367e-08,-1.2547607670144403e-05,-4.697451783269854e-14,-4.697451783269854e-14,0.0003736687096750026,3.743703108001139e-09
0.3456,89.99998444623708,90.0,0.0005565486834207354,-0.00034274555932112336,-7.34030609579411e-07,3.5319829922578535e-08,12.0,4.455021713539007e-08,-1.2460396150267781e-05,-4.625944617395068e-14,-4.625944617395068e-14,0.0003710324556138236,3.712518094615839e-09
0.3458,89.9999845571541,90.0,0.0005526218217182243,-0.00034036001363363594,-7.289281098355254e-07,3.5067957086467376e-08,12.0,4.417912104375561e-08,-1.2373779642269723e-05,-4.555522571538275e-14,-4.555522571538275e-14,0.0003684145478121495,3.6815934203129673e-09
0.34600000000000003,89.99998466728849,90.0,0.0005487222913310624,-0.0003379907744327504,-7.238604293142267e-07,3.481786147012113e-08,12.0,4.381112236339303e-08,-1.228775420132175e-05,-4.4861691907116995e-14,-4.4861691907116995e-14,0.00036581486088737496,3.650926863616086e-09
0.3462,89.99998477664569,90.0,0.0005448499054355132,-0.00033563773291946596,-7.188273362367713e-07,3.456953070866409e-08,12.0,4.344619530801416e-08,-1.2202315892908156e-05,-4.4178683291114405e-14,-4.4178683291114405e-14,0.0003632332702903421,3.6205162756678465e-09
0.34640000000000004,89.9999848852311,90.0,0.0005410044784544878,-0.00033330078061434543,-7.138285994208567e-07,3.432295255278011e-08,12.0,4.308431496724049e-08,-1.2117460792638e-05,-4.3506041449433604e-14,-4.3506041449433604e-14,0.0003606696523029919,3.5903595806033743e-09
0.3466,89.9999849930501,90.0,0.0005371858260537374,-0.0003309798107732836,-7.088639915909273e-07,3.4078114753153075e-08,12.0,4.272545485049873e-08,-1.2033185042438581e-05,-4.2843608686533855e-14,-4.2843608686533855e-14,0.00035812388403582497,3.560454570874894e-09
0.3468,89.99998510010805,90.0,0.0005333937651218208,-0.00032867471658317967,-7.039332851623586e-07,3.383500520491633e-08,12.0,4.23695899886735e-08,-1.1949484778990656e-05,-4.219123088847741e-14,-4.219123088847741e-14,0.0003555958434145472,3.5307991657227914e-09
0.34700000000000003,89.99998520641022,90.0,0.0005296281137712131,-0.00032638539187402867,-6.990362539060827e-07,3.359361188987292e-08,12.0,4.201669570222322e-08,-1.1866356161985973e-05,-4.154875632936383e-14,-4.154875632936383e-14,0.00035308540918080875,3.5013913085186017e-09
0.3472,89.99998531196188,90.0,0.0005258886913306682,-0.00032411173146352796,-6.941726737551459e-07,3.3353922847605684e-08,12.0,4.166674699565687e-08,-1.1783795387818836e-05,-4.0916035089402987e-14,-4.0916035089402987e-14,0.00035059246088711216,3.4722289163047392e-09
0.34740000000000004,89.99998541676825,90.0,0.0005221753183340217,-0.00032185363078617284,-6.893423219389467e-07,3.311592620436714e-08,12.0,4.131971918700422e-08,-1.1701798674889528e-05,-4.0292919602441117e-14,-4.0292919602441117e-14,0.00034811687888934784,3.4433099322503515e-09
0.3476,89.99998552083453,90.0,0.0005184878165131978,-0.0003196109858834912,-6.845449769612505e-07,3.287961017307952e-08,12.0,4.097558791670868e-08,-1.1620362263231105e-05,-3.967926462841916e-14,-3.967926462841916e-14,0.00034565854434213185,3.41463232639239e-09
0.3478,89.9999856241659,90.0,0.0005148260087910811,-0.00031738369374936304,-6.797804194083542e-07,3.264496302444481e-08,12.0,4.0634328541453414e-08,-1.1539482428228236e-05,-3.907492668224623e-14,-3.907492668224623e-14,0.000343217339194054,3.386194045121118e-09
0.34800000000000003,89.99998572676745,90.0,0.0005111897192707508,-0.0003151716516044456,-6.750484302541055e-07,3.241197314472463e-08,12.0,4.029591737832226e-08,-1.1459155451844383e-05,-3.847976510940603e-14,-3.847976510940603e-14,0.0003407931461805005,3.357993114860188e-09
0.3482,89.99998582864428,90.0,0.0005075787732327601,-0.0003129747576029164,-6.703487925124883e-07,3.218062897796035e-08,12.0,3.996033047778643e-08,-1.1379377650674957e-05,-3.789364096270902e-14,-3.789364096270902e-14,0.0003383858488218401,3.330027539815536e-09
0.34840000000000004,89.99998592980144,90.0,0.0005039929971245854,-0.00031079291046247175,-6.6568129037389e-07,3.195091905486304e-08,12.0,3.962754425235502e-08,-1.1300145361285172e-05,-3.7316417530197706e-14,-3.7316417530197706e-14,0.00033599533141639016,3.3022953543629185e-09
0.3486,89.99998603024395,90.0,0.0005004322185540709,-0.00030862600945517297,-6.610457091844957e-07,3.1722831992813486e-08,12.0,3.929753548490947e-08,-1.1221454939860269e-05,-3.674796030762263e-14,-3.674796030762263e-14,0.00033362147903604725,3.2747946237424558e-09
0.3488,89.99998612997678,90.0,0.000496896266283028,-0.0003064739547537802,-6.564418362567343e-07,3.1496356466972236e-08,12.0,3.897028072160679e-08,-1.1143302775963084e-05,-3.618813644542847e-14,-3.618813644542847e-14,0.00033126417752201863,3.2475233934672326e-09
0.34900000000000003,89.99998622900488,90.0,0.0004933849702171337,-0.00030433664670710637,-6.518694591763903e-07,3.1271481268059425e-08,12.0,3.8645757515193926e-08,-1.106568526379675e-05,-3.5636815787012e-14,-3.5636815787012e-14,0.0003289233134780891,3.2204797929328273e-09
0.3492,89.99998632733316,90.0,0.0004898981614035711,-0.00030221398725780737,-6.473283691174615e-07,3.104819518679523e-08,12.0,3.832394196706349e-08,-1.0988598858475427e-05,-3.5093868745962696e-14,-3.5093868745962696e-14,0.0003265987742690474,3.193661830588624e-09
0.34940000000000004,89.99998642496652,90.0,0.0004864356720131081,-0.0003001058777857311,-6.428183558024114e-07,3.0826487187239155e-08,12.0,3.80048124414573e-08,-1.0912039990473033e-05,-3.4559169432634094e-14,-3.4559169432634094e-14,0.00032429044800873875,3.1670677034547752e-09
0.3496,89.9999865219098,90.0,0.00048299733534637506,-0.0002980122212483112,-6.383392125053162e-07,3.0606346233450725e-08,12.0,3.768834586606678e-08,-1.0836005150553208e-05,-3.4032592493377524e-14,-3.4032592493377524e-14,0.00032199822356425,3.1406954888388982e-09
0.3498,89.99998661816782,90.0,0.0004795829858157876,-0.00029593292073424107,-6.338907326727661e-07,3.038776140504906e-08,12.0,3.737452021596175e-08,-1.0760490832408067e-05,-3.351401517912553e-14,-3.351401517912553e-14,0.0003197219905438584,3.114543351330146e-09
0.35000000000000003,89.99998671374534,90.0,0.00047619245894404267,-0.0002938678801719162,-6.294727115802736e-07,3.0170721839433056e-08,12.0,3.706331328503134e-08,-1.0685493560776249e-05,-3.3003316287352935e-14,-3.3003316287352935e-14,0.00031746163929602844,3.0886094404192786e-09
0.3502,89.99998680864714,90.0,0.00047282559135466723,-0.0002918170039609669,-6.250849454719971e-07,2.9955216760671316e-08,12.0,3.6754703313235347e-08,-1.0611009876839457e-05,-3.250037665642035e-14,-3.250037665642035e-14,0.0003152170609031115,3.0628919427696124e-09
0.3504,89.9999869028779,90.0,0.0004694822207662762,-0.0002897801973195122,-6.207272323732603e-07,2.974123545061221e-08,12.0,3.644866837866949e-08,-1.0537036352015222e-05,-3.200507864071568e-14,-3.200507864071568e-14,0.0003129881471775175,3.037389031555791e-09
0.3506,89.99998699644232,90.0,0.0004661621859835359,-0.00028775736591626997,-6.16399371231575e-07,2.9528767277773832e-08,12.0,3.614518702429219e-08,-1.0463569573375502e-05,-3.1517306597612566e-14,-3.1517306597612566e-14,0.00031077479065569065,3.0120989186910158e-09
0.3508,89.99998708934505,90.0,0.0004628653268918295,-0.0002857484158631103,-6.121011618998766e-07,2.931780169734394e-08,12.0,3.584423826470447e-08,-1.0390606143362103e-05,-3.1036946859781104e-14,-3.1036946859781104e-14,0.000308576884594553,2.987019855392039e-09
0.35100000000000003,89.99998718159071,90.0,0.000459591484452252,-0.00028375325441860866,-6.078324067819267e-07,2.9108328193400198e-08,12.0,3.5545800362042987e-08,-1.0318142707717891e-05,-3.0563886732967484e-14,-3.0563886732967484e-14,0.000306394322968168,2.9621500301702487e-09
0.3512,89.99998727318389,90.0,0.00045634050068829953,-0.0002817717889036466,-6.035929082987645e-07,2.8900336365579852e-08,12.0,3.524985268861274e-08,-1.024617591247903e-05,-3.0098015961374836e-14,-3.0098015961374836e-14,0.00030422700045886636,2.9374877240510618e-09
0.3514,89.99998736412915,90.0,0.00045311221868552177,-0.0002798039274114699,-5.99382470548755e-07,2.8693815871299954e-08,12.0,3.495637449685525e-08,-1.0174702432154793e-05,-2.963922571770558e-14,-2.963922571770558e-14,0.0003020748124570145,2.913031208071271e-09
0.3516,89.999987454431,90.0,0.0004499064825822314,-0.00027784957879471576,-5.952008992783827e-07,2.8488756425757325e-08,12.0,3.466534493116124e-08,-1.0103718969231806e-05,-2.9187408596328123e-14,-2.9187408596328123e-14,0.00029993765505482094,2.8887787442634367e-09
0.3518,89.99998754409394,90.0,0.000446723137561145,-0.00027590865229846996,-5.910480010254067e-07,2.82851478308185e-08,12.0,3.437674365373607e-08,-1.0033222239628818e-05,-2.87424590793903e-14,-2.87424590793903e-14,0.00029781542504076327,2.8647286378113393e-09
0.35200000000000004,89.99998763312243,90.0,0.0004435620298446406,-0.00027398105790891753,-5.869235839345247e-07,2.8082979946129787e-08,12.0,3.409055023539135e-08,-9.963208986542858e-06,-2.8304273038453486e-14,-2.8304273038453486e-14,0.00029570801989642706,2.8408791862826124e-09
0.3522,89.99998772152091,90.0,0.00044042300668648666,-0.00027206670598652137,-5.828274569008011e-07,2.7882242718007203e-08,12.0,3.380674478129917e-08,-9.893675965908663e-06,-2.787274819402898e-14,-2.787274819402898e-14,0.00029361533779099114,2.8172287317749308e-09
0.3524,89.99998780929378,90.0,0.00043730591636733236,-0.0002701655079702694,-5.787594312166325e-07,2.768292612165665e-08,12.0,3.352530670625192e-08,-9.824619974356417e-06,-2.7447783159388977e-14,-2.7447783159388977e-14,0.00029153727757822155,2.7937755588543266e-09
0.3526,89.99998789644543,90.0,0.00043421060818264246,-0.00026827737529501374,-5.747193180421131e-07,2.7485020247843608e-08,12.0,3.3246216595712126e-08,-9.75603780627044e-06,-2.7029278835268598e-14,-2.7029278835268598e-14,0.0002894737387884283,2.7705180496426773e-09
0.3528,89.99998798298017,90.0,0.00043113693244242697,-0.00026640222010163614,-5.707069300653235e-07,2.728851524511337e-08,12.0,3.296945497568321e-08,-9.687926281973086e-06,-2.661713744677081e-14,-2.661713744677081e-14,0.00028742462162828465,2.7474545813069344e-09
0.35300000000000004,89.99998806890231,90.0,0.00042808474046332175,-0.0002645399552259908,-5.667220814774379e-07,2.709340131979101e-08,12.0,3.2695002322778154e-08,-9.620282247302188e-06,-2.621126253511054e-14,-2.621126253511054e-14,0.0002853898269755478,2.7245835268981793e-09
0.3532,89.99998815421617,90.0,0.00042505388456067405,-0.00026269049418785285,-5.627645879478436e-07,2.6899668735981395e-08,12.0,3.24228390742832e-08,-9.553102573188705e-06,-2.5811558949218177e-14,-2.5811558949218177e-14,0.0002833692563737827,2.7019032561902667e-09
0.3534,89.99998823892595,90.0,0.00042204421804058293,-0.0002608537504692628,-5.588342649379846e-07,2.6707307873348978e-08,12.0,3.2152946868749786e-08,-9.48638412703369e-06,-2.541793373442213e-14,-2.541793373442213e-14,0.0002813628120270553,2.679412239062482e-09
0.3536,89.99998832303591,90.0,0.0004190555952003563,-0.00025902963893624953,-5.549309310250734e-07,2.651630911155822e-08,12.0,3.188530608446858e-08,-9.420123829129333e-06,-2.5030294303782085e-14,-2.5030294303782085e-14,0.00027937039680023756,2.6571088403723818e-09
0.3538,89.99998840655024,90.0,0.00041608787131272514,-0.0002572180747509756,-5.510544053607634e-07,2.632666291694326e-08,12.0,3.16198977052488e-08,-9.354318609519133e-06,-2.4648549794608347e-14,-2.4648549794608347e-14,0.0002773919142084834,2.6349914754374e-09
0.35400000000000004,89.99998848947311,90.0,0.0004131409026224013,-0.00025541897336693066,-5.472045076603282e-07,2.613835984250794e-08,12.0,3.135670332479514e-08,-9.288965407814214e-06,-2.427261104059292e-14,-2.427261104059292e-14,0.0002754272684149342,2.613058610399595e-09
0.3542,89.99998857180863,90.0,0.0004102145463426901,-0.0002536322508794734,-5.433810590225839e-07,2.5951390499035877e-08,12.0,3.1095704535777444e-08,-9.224061187111764e-06,-2.3902390107863327e-14,-2.3902390107863327e-14,0.0002734763642284601,2.591308711314787e-09
0.3544,89.99998865356093,90.0,0.00040730866064820904,-0.00025185782401566427,-5.395838819069985e-07,2.5765745555090497e-08,12.0,3.083688293908991e-08,-9.159602933606457e-06,-2.3537800286013905e-14,-2.3537800286013905e-14,0.000271539107098806,2.5697402449241595e-09
0.3546,89.9999887347341,90.0,0.0004044231046676973,-0.00025009561012422695,-5.358128001110924e-07,2.558141573701502e-08,12.0,3.058022015299189e-08,-9.095587656206815e-06,-2.3178756078969992e-14,-2.3178756078969992e-14,0.0002696154031117982,2.548351679415991e-09
0.3548,89.99998881533217,90.0,0.00040155773847672165,-0.00024834552681009107,-5.320676379169384e-07,2.5398391857822336e-08,12.0,3.0325698437619194e-08,-9.032012372046795e-06,-2.2825173623294725e-14,-2.2825173623294725e-14,0.0002677051589844811,2.527141536468266e-09
0.35500000000000004,89.99998889535917,90.0,0.00039871242309498484,-0.00024660749264117767,-5.283482217438409e-07,2.5216664759415253e-08,12.0,3.0073299467933035e-08,-8.96887413454051e-06,-2.247696981151962e-14,-2.247696981151962e-14,0.0002658082820633232,2.5061082889944195e-09
0.3552,89.9999889748191,90.0,0.000395887020475095,-0.00024488142606690416,-5.246543776213257e-07,2.5036225399256152e-08,12.0,2.982300619370816e-08,-8.906169990485468e-06,-2.213406356570549e-14,-2.213406356570549e-14,0.00026392468031673005,2.4852505161423466e-09
0.3554,89.99998905371592,90.0,0.000393081393503924,-0.00024316724684116564,-5.20985934515685e-07,2.485706473480742e-08,12.0,2.9574800376861225e-08,-8.84389703653169e-06,-2.1796374117411607e-14,-2.1796374117411607e-14,0.0002620542623359493,2.464566698071769e-09
0.3556,89.99998913205359,90.0,0.0003902954059877812,-0.00024146487458054928,-5.173427209610986e-07,2.4679173839091032e-08,12.0,2.9328665071245357e-08,-8.782052361993959e-06,-2.1463822696921666e-14,-2.1463822696921666e-14,0.00026019693732518744,2.44405542260378e-09
0.3558,89.999989209836,90.0,0.0003875289226538894,-0.00023977422983220828,-5.137245675559791e-07,2.4502543814018856e-08,12.0,2.908458277506563e-08,-8.720633091228041e-06,-2.113633124939987e-14,-2.113633124939987e-14,0.00025835261510259293,2.423715231255469e-09
0.35600000000000004,89.99998928706705,90.0,0.00038478180913981933,-0.00023809523370383874,-5.101313060991911e-07,2.432716581928255e-08,12.0,2.884253605954872e-08,-8.659636368967751e-06,-2.0813822852877657e-14,-2.0813822852877657e-14,0.00025652120609321287,2.40354467162906e-09
0.3562,89.9999893637506,90.0,0.00038205393198701744,-0.00023642780749937107,-5.065627687391376e-07,2.4153031101243467e-08,12.0,2.8602508192408004e-08,-8.599059345880422e-06,-2.0496222115628947e-14,-2.0496222115628947e-14,0.00025470262132467833,2.3835423493673335e-09
0.3564,89.9999894398905,90.0,0.0003793451586384351,-0.00023477187342620286,-5.030187896274463e-07,2.3980130935152857e-08,12.0,2.8364481910384844e-08,-8.538899206638749e-06,-2.018345434010869e-14,-2.018345434010869e-14,0.00025289677242562337,2.3637068258654035e-09
0.35660000000000003,89.99998951549053,90.0,0.0003766553574283957,-0.000233127353515236,-4.994992023954098e-07,2.3808456711821548e-08,12.0,2.8128441277841825e-08,-8.479153127082576e-06,-1.9875446735080924e-14,-1.9875446735080924e-14,0.00025110357161893044,2.3440367731534855e-09
0.3568,89.99998959055449,90.0,0.000373984397584495,-0.00023149417139988772,-4.960038443128049e-07,2.3637999793170482e-08,12.0,2.789436860816461e-08,-8.419818344816133e-06,-1.9572126377007303e-14,-1.9572126377007303e-14,0.00024932293172299667,2.324530717347051e-09
0.35700000000000004,89.99998966508613,90.0,0.00037133214920926234,-0.000229872250158856,-4.925325512468326e-07,2.3468751685570074e-08,12.0,2.766224817849549e-08,-8.360892073634505e-06,-1.9273422627874456e-14,-1.9273422627874456e-14,0.0002475547661395082,2.3051873482079574e-09
0.3572,89.99998973908919,90.0,0.0003686984832864685,-0.00022826151374601231,-4.890851610042207e-07,2.3300703924280647e-08,12.0,2.74320637607701e-08,-8.302371560256834e-06,-1.897926550054748e-14,-1.897926550054748e-14,0.00024579898885764565,2.2860053133975083e-09
0.3574,89.99998981256734,90.0,0.00036608327167117,-0.0002266618866212302,-4.856615124693621e-07,2.3133848102342304e-08,12.0,2.720379924960991e-08,-8.244254069695962e-06,-1.8689586056232374e-14,-1.8689586056232374e-14,0.00024405551444744669,2.266983270800826e-09
0.35760000000000003,89.99998988552429,90.0,0.0003634863870839358,-0.00022507329409759505,-4.822614464167351e-07,2.2968175841685056e-08,12.0,2.6977438054426914e-08,-8.186536899049515e-06,-1.840431600619904e-14,-1.840431600619904e-14,0.00024232425805595722,2.2481198378689094e-09
0.3578,89.99998995796369,90.0,0.0003609077031010213,-0.0002234956616171416,-4.78884803818877e-07,2.2803678850908593e-08,12.0,2.6752964342390308e-08,-8.129217348777232e-06,-1.812338848861483e-14,-1.812338848861483e-14,0.0002406051354006809,2.229413695199192e-09
0.35800000000000004,89.99999002988916,90.0,0.00035834709415281723,-0.00022192891510395993,-4.7553142667207957e-07,2.264034889639241e-08,12.0,2.6530362425160938e-08,-8.072292736717401e-06,-1.7846737658925573e-14,-1.7846737658925573e-14,0.0002388980627685448,2.210863535430078e-09
0.3582,89.99999010130429,90.0,0.00035580443551839927,-0.0002203729806013141,-4.7220115714868707e-07,2.2478177831185683e-08,12.0,2.6309617381057586e-08,-8.01576038369685e-06,-1.7574299059441954e-14,-1.7574299059441954e-14,0.0002372029570122662,2.1924681150881323e-09
0.3584,89.99999017221268,90.0,0.00035327960332421146,-0.00021882778569088805,-4.6889384091523076e-07,2.231715747944769e-08,12.0,2.6090712595787655e-08,-7.959617669857313e-06,-1.7306008083050014e-14,-1.7306008083050014e-14,0.0002355197355494743,2.1742260496489713e-09
0.35860000000000003,89.99999024261787,90.0,0.0003507724745263884,-0.00021729325733647642,-4.6560932209345063e-07,2.21572798097872e-08,12.0,2.5873633476338086e-08,-7.903861949117218e-06,-1.7041802259919504e-14,-1.7041802259919504e-14,0.00023384831635092559,2.156136123028174e-09
0.3588,89.9999903125234,90.0,0.0003482829269178114,-0.00021576932367019203,-4.623474474353174e-07,2.1998536790812973e-08,12.0,2.5658364365825193e-08,-7.84849062004397e-06,-1.6781619337570786e-14,-1.6781619337570786e-14,0.0002321886179452076,2.1381970304854327e-09
0.35900000000000004,89.99999038193276,90.0,0.00034581083911481837,-0.0002142559129080963,-4.591080637895517e-07,2.1840920477803468e-08,12.0,2.5444890406099145e-08,-7.793501082847329e-06,-1.652539841107211e-14,-1.652539841107211e-14,0.0002305405594098789,2.1204075338415956e-09
0.3592,89.99999045084944,90.0,0.00034335609055614425,-0.00021275295405926185,-4.5589101975942955e-07,2.168442295492703e-08,12.0,2.5233196308619864e-08,-7.738890767521181e-06,-1.6273079162318984e-14,-1.6273079162318984e-14,0.00022890406037076285,2.1027663590516553e-09
0.3594,89.99999051927688,90.0,0.0003409185614938582,-0.00021126037620257602,-4.5269616401315726e-07,2.1529036393021705e-08,12.0,2.5023267596451896e-08,-7.68465710516162e-06,-1.6024602594119552e-14,-1.6024602594119552e-14,0.00022727904099590547,2.0852722997043248e-09
0.35960000000000003,89.99999058721855,90.0,0.0003384981329925393,-0.00020977810955140423,-4.495233477729873e-07,2.1374752962925525e-08,12.0,2.4815088759603426e-08,-7.630797570220464e-06,-1.5779909917632247e-14,-1.5779909917632247e-14,0.0002256654219950262,2.0679240633002855e-09
0.3598,89.99999065467782,90.0,0.0003360946869163254,-0.00020830608401442108,-4.463724214522321e-07,2.1221564951036126e-08,12.0,2.4608645732437928e-08,-7.5773096234175205e-06,-1.5538944010639534e-14,-1.5538944010639534e-14,0.00022406312461088364,2.0507204777031608e-09
0.36000000000000004,89.99999072165808,90.0,0.0003337081059324293,-0.00020684423026633364,-4.4324323715802197e-07,2.1069464672641024e-08,12.0,2.4403924043495592e-08,-7.524190754225683e-06,-1.5301648304574612e-14,-1.5301648304574612e-14,0.0002224720706216195,2.033660336957966e-09
0.3602,89.9999907881627,90.0,0.0003313382735022624,-0.0002053924793802171,-4.401356478328366e-07,2.0918444500807534e-08,12.0,2.420090944201417e-08,-7.471438466298153e-06,-1.5067967143705238e-14,-1.5067967143705238e-14,0.00022089218233484157,2.016742453501181e-09
0.3604,89.99999085419503,90.0,0.0003289850738769928,-0.0002039507631765834,-4.3704950807110945e-07,2.0768496837492872e-08,12.0,2.3999587288341067e-08,-7.419050291330562e-06,-1.4837845421948338e-14,-1.4837845421948338e-14,0.00021932338258466187,1.9999656073617556e-09
0.36060000000000003,89.99999091975836,90.0,0.0003266483920889313,-0.00020251901350081122,-4.3398467243101317e-07,2.0619614171323936e-08,12.0,2.379994379535795e-08,-7.367023760403002e-06,-1.4611229286388167e-14,-1.4611229286388167e-14,0.00021776559472595417,1.9833286496131624e-09
0.3608,89.999990984856,90.0,0.0003243281139511971,-0.00020109716293322249,-4.3094099709454755e-07,2.0471789019817532e-08,12.0,2.3601964798432794e-08,-7.31535643216053e-06,-1.438806541665348e-14,-1.438806541665348e-14,0.00021621874263413142,1.9668303998693994e-09
0.36100000000000004,89.9999910494912,90.0,0.00032202412604932144,-0.0001996851444220866,-4.279183390105757e-07,2.032501395827024e-08,12.0,2.3405636381332348e-08,-7.2640458782659455e-06,-1.4168301373667393e-14,-1.4168301373667393e-14,0.00021468275069954764,1.9504696984443625e-09
0.3612,89.99999111366724,90.0,0.0003197363157371039,-0.0001982828916331069,-4.2491655671236913e-07,2.017928159086856e-08,12.0,2.321094426625347e-08,-7.2130896972778715e-06,-1.3951885245916982e-14,-1.3951885245916982e-14,0.00021315754382473593,1.9342453555211222e-09
0.3614,89.99999117738732,90.0,0.0003174645711282205,-0.00019689033787188875,-4.219355077995213e-07,2.0034584637358557e-08,12.0,2.3017875670202615e-08,-7.162485471905455e-06,-1.3738766673496021e-14,-1.3738766673496021e-14,0.00021164304741881366,1.918156305850218e-09
0.36160000000000003,89.99999124065464,90.0,0.0003152087811005703,-0.00019550741786636552,-4.1897505310445527e-07,1.9890915788596414e-08,12.0,2.2826416223287277e-08,-7.112230839736124e-06,-1.352889511865973e-14,-1.352889511865973e-14,0.00021013918740038018,1.9022013519406066e-09
0.3618,89.99999130347238,90.0,0.0003129688352798544,-0.00019413406596751384,-4.160350524879614e-07,1.9748267850997894e-08,12.0,2.263655306577596e-08,-7.062323421863543e-06,-1.3322221575557212e-14,-1.3322221575557212e-14,0.0002086458901865696,1.8863794221479967e-09
0.36200000000000004,89.99999136584373,90.0,0.0003107446240439935,-0.00019277021757660694,-4.1311536817535913e-07,1.9606633630978758e-08,12.0,2.2448272381536698e-08,-7.012760879519986e-06,-1.3118697197504126e-14,-1.3118697197504126e-14,0.00020716308269599568,1.870689365128058e-09
0.3622,89.99999142777179,90.0,0.0003085360385108237,-0.00019141580806222072,-4.10215862226113e-07,1.946600602162446e-08,12.0,2.226156125938948e-08,-6.9635408711222896e-06,-1.2918274307062604e-14,-1.2918274307062604e-14,0.0002056906923405491,1.8551301049491234e-09
0.3624,89.99999148925967,90.0,0.00030634297053878863,-0.00019007077311647175,-4.0733639736657834e-07,1.9326377973800247e-08,12.0,2.2076407076989828e-08,-6.914661066407966e-06,-1.2720906041786238e-14,-1.2720906041786238e-14,0.0002042286470258591,1.8397005897491524e-09
0.36260000000000003,89.99999155031048,90.0,0.00030416531272313484,-0.00018873504946024725,-4.044768386391776e-07,1.9187742438371364e-08,12.0,2.1892796275194464e-08,-6.866119174430485e-06,-1.2526545690584418e-14,-1.2526545690584418e-14,0.00020277687514875655,1.8243996895995386e-09
0.3628,89.9999916109273,90.0,0.00030200295838402486,-0.00018740857411606558,-4.0163705170389913e-07,1.9050092423982856e-08,12.0,2.1710715603646236e-08,-6.8179129147266836e-06,-1.2335147358504816e-14,-1.2335147358504816e-14,0.00020133530558934994,1.809226300303853e-09
0.36300000000000004,89.99999167111316,90.0,0.00029985580156315447,-0.00018609128404808132,-3.988169019970934e-07,1.8913421025949444e-08,12.0,2.1530152740312385e-08,-6.7700400030370805e-06,-1.2146666276951106e-14,-1.2146666276951106e-14,0.00019990386770876964,1.794179395026032e-09
0.3632,89.9999917308711,90.0,0.0002977237370244702,-0.00018478311687363013,-3.960162563948677e-07,1.8777721368475758e-08,12.0,2.1351095060098646e-08,-6.7224981795425075e-06,-1.1961058139396014e-14,-1.1961058139396014e-14,0.0001984824913496468,1.7792579216748873e-09
0.3634,89.99999179020413,90.0,0.0002956066602465869,-0.00018348401085264136,-3.9323498318925004e-07,1.8642986604656325e-08,12.0,2.1173529644490972e-08,-6.675285208459492e-06,-1.1778279103895762e-14,-1.1778279103895762e-14,0.00019707110683105794,1.764460803707581e-09
0.36360000000000003,89.99999184911523,90.0,0.000293504467415522,-0.0001821939041669507,-3.9047295040421326e-07,1.8509209974255345e-08,12.0,2.0997444521265064e-08,-6.628398849454238e-06,-1.1598286425519379e-14,-1.1598286425519379e-14,0.00019566964494368135,1.7497870434387553e-09
0.3638,89.99999190760737,90.0,0.000291417055425566,-0.0001809127359873295,-3.877300282901175e-07,1.8376384717037042e-08,12.0,2.0822826817671375e-08,-6.581836899986563e-06,-1.1421037492548271e-14,-1.1421037492548271e-14,0.00019427803695037731,1.7352355681392812e-09
0.364,89.9999919656835,90.0,0.000289344321867828,-0.00017964044539167743,-3.8500608679599775e-07,1.8244504159435304e-08,12.0,2.06496646207074e-08,-6.535597152401197e-06,-1.1246490774427917e-14,-1.1246490774427917e-14,0.000192896214578552,1.72080538505895e-09
0.3642,89.99999202334654,90.0,0.00028728616503154457,-0.00017837697207739254,-3.8230099723481574e-07,1.811356165677394e-08,12.0,2.047794574498077e-08,-6.489677422195947e-06,-1.1074605179512938e-14,-1.1074605179512938e-14,0.00019152411002102969,1.7064954787483973e-09
0.3644,89.99999208059938,90.0,0.0002852424838966628,-0.00017712225599574407,-3.796146314295769e-07,1.798355062215654e-08,12.0,2.0307658357376147e-08,-6.444075533526769e-06,-1.0905340363665668e-14,-1.0905340363665668e-14,0.00019016165593110853,1.6923048631146789e-09
0.36460000000000004,89.99999213744495,90.0,0.00028321317813122487,-0.00017587623805876313,-3.769468633662464e-07,1.7854464468686687e-08,12.0,2.0138789749907724e-08,-6.398789347266529e-06,-1.0738656109879158e-14,-1.0738656109879158e-14,0.0001888087854208166,1.678232479158977e-09
0.3648,89.99999219388606,90.0,0.0002811981480802609,-0.0001746388587026489,-3.7429756583655946e-07,1.7726296725027563e-08,12.0,1.9971328814786495e-08,-6.353816704015671e-06,-1.0574513552064993e-14,-1.0574513552064993e-14,0.00018746543205350728,1.664277401232208e-09
0.365,89.99999224992558,90.0,0.00027919729477119244,-0.00017341005931639867,-3.716666137772824e-07,1.7599040919842348e-08,12.0,1.9805263576604853e-08,-6.309155480787202e-06,-1.0412873936897637e-14,-1.0412873936897637e-14,0.00018613152984746164,1.6504386313837378e-09
0.3652,89.99999230556635,90.0,0.00027721051990286567,-0.00017218978151595276,-3.69053882574602e-07,1.7472690639574006e-08,12.0,1.964058243675261e-08,-6.264803562223183e-06,-1.0253699234492153e-14,-1.0253699234492153e-14,0.0001848070132685771,1.6367152030627175e-09
0.3654,89.99999236081116,90.0,0.0002752377258431708,-0.0001709779674961418,-3.664592488872107e-07,1.7347239499555405e-08,12.0,1.9477273561208105e-08,-6.2207588545668495e-06,-1.009695183072551e-14,-1.009695183072551e-14,0.0001834918172287805,1.6231061301006754e-09
0.36560000000000004,89.9999924156628,90.0,0.00027327881562218856,-0.00016977455966584593,-3.6388258979419426e-07,1.7222681172899213e-08,12.0,1.9315325504487872e-08,-6.177019271197743e-06,-9.94259482255657e-15,-9.94259482255657e-15,0.00018218587708145902,1.6096104587073226e-09
0.3658,89.99999247012404,90.0,0.00027133369292988433,-0.00016857950064477555,-3.613237827877846e-07,1.709900939049787e-08,12.0,1.915472721257785e-08,-6.1335827325086895e-06,-9.790592006415152e-15,-9.790592006415152e-15,0.0001808891286199229,1.596227267714821e-09
0.366,89.99999252419764,90.0,0.00026940226211352074,-0.000167392733970401,-3.5878270742636284e-07,1.6976217883243836e-08,12.0,1.8995466795751894e-08,-6.0904471939660366e-06,-9.640907287021845e-15,-9.640907287021845e-15,0.0001796015080756805,1.5829555663126577e-09
0.3662,89.99999257788629,90.0,0.00026748442816733705,-0.00016621420266245684,-3.562592419797427e-07,1.685430049758915e-08,12.0,1.883753400263769e-08,-6.0476105891623e-06,-9.493505842338049e-15,-9.493505842338049e-15,0.00017832295211155802,1.5697945002198075e-09
0.3664,89.99999263119273,90.0,0.0002655800967384082,-0.00016504385100747984,-3.5375326760043253e-07,1.673325105109595e-08,12.0,1.8680917136586548e-08,-6.005070900624627e-06,-9.34835265782465e-15,-9.34835265782465e-15,0.00017705339782560548,1.5567430947155456e-09
0.36660000000000004,89.99999268411963,90.0,0.00026368917411208,-0.00016388162311738673,-3.5126466495557605e-07,1.661306344799607e-08,12.0,1.8525605535136715e-08,-5.962826102640952e-06,-9.205413687678576e-15,-9.205413687678576e-15,0.00017579278274138668,1.543800461261393e-09
0.3668,89.9999927366697,90.0,0.00026181156721401873,-0.00016272746399815038,-3.487933167251023e-07,1.6493731592521347e-08,12.0,1.8371587721698287e-08,-5.920874203666861e-06,-9.064654985150518e-15,-9.064654985150518e-15,0.00017454104480934586,1.5309656434748573e-09
0.367,89.99999278884557,90.0,0.0002599471835998931,-0.00016158131846957878,-3.463391050775846e-07,1.6375249475573295e-08,12.0,1.8218853264381253e-08,-5.8792132034775175e-06,-8.926043555347479e-15,-8.926043555347479e-15,0.00017329812239992871,1.518237772031771e-09
0.3672,89.99999284064987,90.0,0.0002580959314577516,-0.00016044313187917741,-3.43901913338852e-07,1.6257611116943335e-08,12.0,1.8067391542500053e-08,-5.837841121492859e-06,-8.789546775409925e-15,-8.789546775409925e-15,0.00017206395430516773,1.5056159618750044e-09
0.3674,89.99999289208523,90.0,0.00025625771960153615,-0.00015931285009309238,-3.414816259715995e-07,1.614081056531278e-08,12.0,1.7917191754820354e-08,-5.796755996431474e-06,-8.65513239533062e-15,-8.65513239533062e-15,0.00017083847973435744,1.4930993129016962e-09
0.36760000000000004,89.99999294315424,90.0,0.0002544324574656518,-0.00015819041913325713,-3.3907812772775e-07,1.6024841927142744e-08,12.0,1.776824354170008e-08,-5.755955871921682e-06,-8.52276881229859e-15,-8.52276881229859e-15,0.00016962163831043455,1.4806869618083402e-09
0.3678,89.99999299385948,90.0,0.00025262005510276654,-0.00015707578552959152,-3.366913044721065e-07,1.5909699337784224e-08,12.0,1.7620536372650193e-08,-5.71543881048329e-06,-8.392424787148115e-15,-8.392424787148115e-15,0.00016841337006851103,1.4683780310541827e-09
0.368,89.9999930442035,90.0,0.00025082042317820994,-0.00015596889595690966,-3.3432104233417653e-07,1.579537699036802e-08,12.0,1.7474060168692773e-08,-5.67520287912954e-06,-8.264069714954004e-15,-8.264069714954004e-15,0.00016721361545213995,1.4561716807243978e-09
