time_s,angle_deg,reference_deg,velocity_deg_s,acceleration_rad_s2,output_em_torque_nm,gravity_load_nm,bus_v,terminal_v,stator_a,supply_a,battery_a,motor_rpm,duty
0.0,0.0,0.0,0.0,0.0,0.1301085272529697,0.1301085272529697,11.999997871392884,0.009637668685405165,0.2208632407072017,0.00017738392635846577,0.00017738392635846577,0.0,0.0008031391995810817
0.0002,0.0,1.6611510787729881e-06,0.0,4.375687088318626,0.13998237799474098,0.1301085272529697,11.999997536056563,0.010369065036647482,0.23762440708983812,0.00020532861977728612,0.00020532861977728612,0.0,0.0008640889304761443
0.0004,5.007976332664819e-06,1.3264732710572209e-05,0.050048833345439775,8.718820992542826,0.14981931580528354,0.1301085272529692,11.999997043051,0.011626747434374493,0.2543229126324258,0.0002464124167150545,0.0002464124167150545,0.33365888896959844,0.0009688958582791777
0.0006000000000000001,2.4996438529585274e-05,4.4685947902356986e-05,0.14977415876679018,13.02948615922139,0.1596192593678916,0.13010852725295732,11.99999636731788,0.013406774176890388,0.2709586192973469,0.0003027235099916521,0.0003027235099916521,0.9984943917786012,0.0011172315196197793
0.0008,6.986352451757493e-05,0.00010572682462672118,0.2988046008889315,17.307766979924377,0.16938212794701552,0.13010852725287297,11.999995484256342,0.015705213815132325,0.287531390033514,0.00037631197153057875,0.00037631197153057875,1.9920306725928767,0.001308768310432877
0.001,0.00014943319373464037,0.0002061163963393716,0.4967697496024909,21.55374779176909,0.1791078413889121,0.1301085272525272,11.999994369720346,0.018518145146073597,0.30404108877747427,0.00046918997116852213,0.00046918997116852213,3.311798330683273,0.0015431794862171384
0.0012000000000000001,0.00027345542012082715,0.00035551088249660657,0.7433001594412921,25.767512877941,0.18879632012225012,0.13010852725148786,11.999993000016046,0.021841657206188064,0.320487580454437,0.0005833319962034203,0.0005833319962034203,4.955334396275281,0.0018201391622610827
0.0014,0.0004516063849851585,0.0005634938690727935,1.038027348965856,29.94914646820963,0.1984474851586728,0.13010852724892813,11.99999135189914,0.02567184926497537,0.3368707309792286,0.0007206750716626277,0.0007206750716626277,6.92018232643904,0.0021393223138375427
0.0016,0.0006934886697498698,0.0008395764890778484,1.3805838001528914,34.09873273943967,0.20806125809331824,0.13010852724343935,11.999989402572226,0.030004830818546383,0.3531904072571761,0.0008831189812728905,0.0008831189812728905,9.203892001019277,0.002500404776367117
0.0018000000000000002,0.0010086314485731336,0.001193197603074713,1.770602957790721,38.21635581609693,0.21763756110529806,0.13010852723280947,11.99998712968213,0.0348367215832682,0.3694464771849196,0.0010725264891139274,0.0010725264891139274,11.804019718604806,0.002903063245551247
0.002,0.001406490680851452,0.0016337239796968333,2.2077192288805785,42.30209977074971,0.2271763169581367,0.13010852721376806,11.999984511317257,0.04016365148946842,0.38563880965115804,0.0012907235619375268,0.0012907235619375268,14.718128192537186,0.0033469752774755537
0.0022,0.0018964493036028914,0.002170450476165641,2.691567982043724,46.3560486245653,0.23667744900017115,0.13010852718169869,11.999981526004895,0.04598176067519786,0.40176727453732763,0.0015394995921341535,0.0015394995921341535,17.94378654695816,0.0038318192886840534
0.0024000000000000002,0.00248781742373231,0.0028126002188080253,3.2217855469343215,50.378286347801506,0.24614088116491234,0.1301085271303197,11.999978152708543,0.052287199480051366,0.41783174271821544,0.0018206076213291803,0.0018206076213291803,21.478570312895474,0.004357274556224879
0.0026000000000000003,0.0031898325101797314,0.0035693247835738157,3.7980092136580086,54.36889686029389,0.25556653797137013,0.13010852705133455,11.999974370825225,0.059076128439046235,0.4338320860625111,0.0021357645645909643,0.0021357645645909643,25.320061424386722,0.00492302121766812
0.0028,0.004011659585952995,0.004449704376553264,4.419877232196123,58.327964031938116,0.2649543445243418,0.13010852693405198,11.999970160182777,0.06634471827655748,0.44976817743329633,0.0024866514352330908,0.0024866514352330908,29.465848214640822,0.005528740271096387
0.003,0.004962391420045806,0.005462748014494512,5.087028811835519,62.25557168316753,0.274304226514665,0.1301085267649779,11.999965501037158,0.07408914990030975,0.46563989068847467,0.002874913570193223,0.002874913570193223,33.913525412236794,0.006174113575068713
0.0032,0.006051048719242303,0.006617393705321084,5.7991041206039124,66.1518035854266,0.28361611021943756,0.13010852652737884,11.99996037406973,0.08230561439542515,0.4814471006811441,0.003302160855971125,0.003302160855971125,38.660694137359414,0.006858823848558393
0.0034000000000000002,0.007286580319809236,0.00792250862864935,6.555744284710713,70.01674346163948,0.29288992250220297,0.13010852620081884,11.999954760384538,0.0909903130185265,0.49718968325991253,0.0037699679551085065,0.0037699679551085065,43.70496189807141,0.0075825546708653355
0.0036000000000000003,0.008677863379076865,0.009386889316306012,7.356591387993284,73.85047498667421,0.30212559081310436,0.13010852576066978,11.999948641505602,0.10013945719189578,0.5128675152691587,0.00427987453319351,0.00427987453319351,49.04394258662189,0.008344990481503556
0.0038,0.010233703566909622,0.01101926183284558,8.201288471368573,77.6530817878026,0.3113230431890067,0.1301085251775967,11.999941999374164,0.10974926849768665,0.5284804745492399,0.0048333854863727085,0.0048333854863727085,54.67525647579048,0.00914581658006434
0.004,0.011962835257067657,0.012828281956067864,9.089479532290063,81.42464744515564,0.3204822082535892,0.1301085244170186,11.999934816345968,0.11981597867219146,0.5440284399366484,0.005431971169353706,0.005431971169353706,60.596530215267094,0.009984719126055714
0.004200000000000001,0.01387392171846028,0.01482253535753544,10.02080952421001,85.16525549217448,0.329603015217407,0.1301085234385456,11.999927075188513,0.13033582960016143,0.5595112912641169,0.006077067623881426,0.006077067623881426,66.80539682806673,0.010861385138718763
0.0044,0.015975555306292383,0.017010537783091112,10.994924356046864,88.8749894160572,0.33868539387792534,0.13010852219539365,11.999918759078309,0.14130507330918,0.5749289093606759,0.006770076807671415,0.006770076807671415,73.2994957069791,0.011775502496821352
0.0046,0.018276257653104838,0.019400735233375405,12.011470891657888,92.55393265820142,0.3477292746195257,0.13010852063377676,11.999909851598115,0.15271997196408849,0.5902811760516641,0.00751236682378357,0.00751236682378357,80.0764726110526,0.012726759938429841
0.0048000000000000004,0.020784479859709982,0.022001504144344076,13.070096949316875,96.20216861464266,0.356734588413485,0.1301085186922788,11.999900336734195,0.16457679786146437,0.6055679741586938,0.008305272150419811,0.008305272150419811,87.13397966211251,0.013714847060659372
0.005,0.02350860268602307,0.024821151567785527,14.170451301196938,99.81978063648846,0.3657012668179288,0.13010851630120446,11.999890198873548,0.17687183342415055,0.6207891874995706,0.009150093871129333,0.009150093871129333,94.46967534131291,0.014739454319403177
0.005200000000000001,0.026456936741790865,0.027867915351838336,15.312183672858309,103.40685203034812,0.3746292419777587,0.13010851338191096,11.999879422801136,0.1896013711958362,0.6359447008881708,0.010048099905405299,0.010048099905405299,102.08122448572206,0.01580027302904161
0.0054,0.029637722677218235,0.031149964321508735,16.494944742741122,106.96346605875897,0.38351844662455686,0.13010850984612116,11.999867993697123,0.20276171383568808,0.6510344001342787,0.011000525239656838,0.011000525239656838,109.96629828494079,0.0168969953621313
0.0056,0.03305913137349382,0.03467539845918803,17.71838614166307,110.48970594060822,0.39236881407646595,0.13010850559521828,11.999855897134097,0.21634917411303223,0.6660581720433837,0.012008572158540454,0.012008572158540454,118.12257427775383,0.018029314349075017
0.0058000000000000005,0.036729264133215686,0.03845224908517015,18.982160452322002,113.98565485155054,0.4011802782380463,0.1301085005195239,11.999843119074281,0.23036007490208538,0.6810159044164368,0.013073410476634973,0.013073410476634973,126.54773634881336,0.019196923877772856
0.006,0.040656152870718026,0.042488479038169075,20.285921208803256,117.45139592442246,0.4099527736001124,0.1301084944975594,11.999829645866754,0.24479074917673554,0.6959074860495736,0.01419617777044444,0.01419617777044444,135.23947472535502,0.020399518693255098
0.006200000000000001,0.04484776030229978,0.04679198285583637,21.62932289609185,120.88701224965179,0.4186862352395465,0.13010848739529146,11.999815464244671,0.2596375400053722,0.7107328067337982,0.015377979610713327,0.015377979610713327,144.19548597394567,0.021636794397297435
0.0064,0.04931198013635615,0.05137058695527858,23.01202094958933,124.29258687566411,0.4273805988190937,0.1301084790653629,11.99980056132246,0.2748968005457637,0.7254917572546344,0.016619889795038704,0.016619889795038704,153.41347299726223,0.022908447448018936
0.0066,0.05405663726341394,0.05623204981357478,24.433671754635366,127.66820280928481,0.43603580058713626,0.13010846934630918,11.999784924593031,0.290564894039984,0.7401842293917438,0.01792295058076412,0.01792295058076412,162.89114503090244,0.024214175159463402
0.0068000000000000005,0.05908948794607177,0.06138406214829407,25.893932646033903,131.01394301613774,0.4446517773774504,0.13010845806176138,11.999768541924983,0.3066381938093864,0.7548101159185115,0.019288172918140015,0.019288172918140015,172.62621764022603,0.025553675701164482
0.007,0.06441822000884587,0.06683424709801293,27.392461907583993,134.32989042103938,0.45322846660894306,0.13010844501963625,11.999751401559795,0.3231130832496241,0.769369310601601,0.020716536683735586,0.020716536683735586,182.6164127172266,0.026926648097695096
0.007200000000000001,0.07005045302792251,0.07259016040283285,28.928918771615088,137.61612790839047,0.46176580628537456,0.13010843001131442,11.99973349210903,0.3399859558257185,0.7838617082004816,0.022208990914087522,0.022208990914087522,192.85945847743392,0.02833279222820171
0.0074,0.07599373852081803,0.07865929058489772,30.502963418526903,140.87273832256244,0.47026373499506097,0.1301084128108068,11.999714802551525,0.35725321506717284,0.7982872044669246,0.02376645403957048,0.02376645403957048,203.35308945684602,0.029771808825923875
0.0076,0.08225556013594719,0.08504905912891124,32.11425697633368,144.09980446828163,0.47872219191056437,0.13010839317391046,11.999695322230579,0.3749112745631324,0.8126456961444767,0.025389814118475115,0.025389814118475115,214.0950465088912,0.03124339947769953
0.0078000000000000005,0.0888433338421008,0.09176682066265474,33.762461520212895,147.29740911100888,0.48714111678836525,0.13010837083735435,11.999675040851145,0.3929565579575901,0.8269370809679041,0.027079929071278888,0.027079929071278888,225.0830768014193,0.03274726662345662
0.008,0.09576440811783365,0.09881986313750407,35.44724007205834,150.4656349773156,0.4955204499685217,0.13010834551793554,11.999653948477018,0.4113854989446369,0.8411612576626141,0.02883762691509549,0.02883762691509549,236.3149338137223,0.03428311355569128
0.0082,0.1030260641407634,0.10621540800894771,37.16825660003751,153.60456475525712,0.5038601323743153,0.1301083169116466,11.99963203552802,0.4301945412637574,0.8553181259440538,0.03066370599828879,0.03066370599828879,247.78837733358338,0.03585064441893343
0.008400000000000001,0.1106355159767813,0.11396061041710374,38.92517601815328,156.71428109474164,0.5121601055118835,0.13010828469279498,11.999609292777176,0.4493801386951699,0.8694075865170864,0.03255893523523709,0.03255893523523709,259.50117345435524,0.037449564209199836
0.0086,0.11859991076917586,0.1220625593672376,40.71766418580986,159.79486660789573,0.5204203114698389,0.1301082485131146,11.999585711347905,0.46893875505520916,0.883429541075344,0.034524054341233706,0.034524054341233706,271.45109457206576,0.039079578773435306
0.0088,0.12692632892767,0.13052827791027963,42.545387907382874,162.84640386942715,0.528640692918879,0.13010820800087075,11.99956128271119,0.48886686419175446,0.8973838923005665,0.03655977406751062,0.03655977406751062,283.63591938255246,0.04074039480894251
0.009000000000000001,0.13562178431737265,0.13936472332334213,44.40801493179369,165.86897541698326,0.5368211931113827,0.13010816275995857,11.999535998682763,0.5091609499796995,0.9112705438619152,0.03866677643637083,0.03866677643637083,296.05343287862456,0.042431719862800706
0.0092,0.14469322444764554,0.1485787872902373,46.30521395208778,168.86266375150674,0.5449617558809972,0.13010811236899567,11.999509851420283,0.5298175063164657,0.9250894004152731,0.040845714976416474,0.040845714976416474,308.7014263472519,0.04415326233127394
0.0094,0.15414753066088643,0.1581772960819947,48.236654605017286,171.8275513375881,0.5530623256422171,0.13010805638040993,11.999482833420505,0.5508330371175579,0.9388403676025292,0.043097214957859266,0.043097214957859266,321.57769736678193,0.04590473145920911
0.009600000000000001,0.16399151832122869,0.1681670107373783,50.202007470627436,174.76372060381345,0.5611228473899504,0.13010799431952255,11.999454937516465,0.572204056312161,0.9525233520508419,0.04542187362789957,0.04542187362789957,334.6800498041829,0.04768583733942422
0.0098,0.17423193700315903,0.1785546272434043,52.20094407184717,177.67125394311128,0.56914326669908,0.130107925683627,11.999426156874646,0.5939270878387808,0.9661382613718952,0.04782026044616185,0.04782026044616185,348.0062938123144,0.0494962909120876
0.01,0.18487547068005358,0.18934677671585867,54.23313687408355,180.55023371309377,0.5771235297240146,0.13010784994106492,11.999396484992157,0.6159986656409229,0.979685004161136,0.05029291732017272,0.05029291732017272,361.5542458272236,0.051335803964087906
0.0102,0.19592873791263324,0.2005500255798143,56.29825928482022,183.40074223639658,0.5850635831982346,0.13010776653029885,11.99936591569391,0.638415333662815,0.9931634899970033,0.05284035884086932,0.05284035884086932,375.3217285654681,0.05320408912839593
0.010400000000000001,0.20739829203733906,0.2121708757501488,58.39598565321968,186.22286180101432,0.5929633744338293,0.13010767485898275,11.999334443129783,0.661173645845169,1.0065736294401424,0.05546307251812507,0.05546307251812507,389.30657102146455,0.05510085988341828
0.0106,0.2192906213546286,0.2242157648120619,60.52599126972943,189.01667466063296,0.6008228513210281,0.13010757430303077,11.999302061771804,0.6842701661209825,1.0199153340326095,0.0581615190162802,0.0581615190162802,403.50660846486295,0.057025830552343296
0.0108,0.23161214931719384,0.23669106620159275,62.687952365691906,191.7822630349603,0.6086419623277289,0.1301074642056848,11.999268766411324,0.7077014684113813,1.0331885162970709,0.060936132389665054,0.060936132389665054,417.91968243794605,0.05897871630247988
0.011000000000000001,0.24436923471810132,0.24960308938613762,64.88154611295822,194.51970911005156,0.616420656499018,0.1301073438765813,11.999234552156182,0.7314641366215011,1.0463930897359874,0.06378732031810329,0.06378732031810329,432.54364075305483,0.06095923314458937
0.0112,0.2575681718788556,0.26295808004496724,67.1064506235056,197.2290950386332,0.6241588834566872,0.13010721259081773,11.999199414427892,0.7555547646364076,1.0595289688307965,0.0667154643423831,0.0667154643423831,447.37633749003726,0.06296709793221081
0.0114,0.2712151908373866,0.2767622202497443,69.36234494905851,199.9105029404234,0.6318565933987481,0.1301070695880196,11.999163348958803,0.7799699563170567,1.072596069041085,0.0697209200996847,0.0697209200996847,462.41563299372336,0.0650020283609804
0.011600000000000001,0.28531645753596113,0.2910216286450411,71.6489090807136,202.5640149024493,0.6395137370989411,0.13010691407140806,11.999126351789293,0.8047063254962921,1.0855943068037581,0.07280401755895159,0.07280401755895159,477.65939387142396,0.06706374296794494
0.0118,0.2998780740090204,0.30574236062885674,73.96582394856796,205.189712979361,0.6471302659062421,0.13010674520686893,11.999088419264925,0.8297604959748812,1.0985235995322014,0.07596506125619426,0.07596506125619426,493.105492990453,0.06915196113087006
0.012,0.314906078570943,0.32093040853313476,76.31277142135129,207.78767919374374,0.6547061317443683,0.13010656212202332,11.999049548033643,0.8551291015175895,1.1113838656154402,0.0792043305297144,0.0792043305297144,508.75180947567526,0.07126640306754335
0.0122,0.3304064460037349,0.33659170180428066,78.68943430606144,210.3579955364259,0.662241287111281,0.13010636390530073,11.999009735042936,0.8808087858492913,1.1241750244172983,0.08252207975523863,0.08252207975523863,524.5962287070763,0.07340678983507297
0.012400000000000001,0.3463850877446471,0.3527321071836793,81.09549634760359,212.90074396678477,0.669735685078687,0.13010614960501454,11.998968977537029,0.9067962026511196,1.136896996275549,0.08591853858094954,0.08591853858094954,540.6366423173572,0.07557284332918188
0.0126,0.36284785207372094,0.3693574288882124,83.53064222843268,215.41600641304922,0.6771892792915396,0.13010591822844103,11.99892727305405,0.9330880155566491,1.1495497025010706,0.0893939121624034,0.0893939121624034,556.8709481895512,0.07776428628349816
0.0128,0.37980052430126265,0.38647340879077585,85.9945575681997,217.9038647725998,0.68460202396754,0.13010566874090157,11.998884619423233,0.9596808981481205,1.162133065376997,0.09294838139732313,0.09294838139732313,573.2970504546646,0.07998084226884172
0.013000000000000001,0.3972488269552477,0.40408572660079767,88.48692892340097,220.36440091226575,0.6919738738966378,0.1301054000648493,11.998841014762077,0.9865715339526964,1.174647008157873,0.09658210316025571,0.09658210316025571,589.9128594893398,0.08222223569250775
0.0132,0.4151984199686547,0.4222000000447549,91.00744378703112,222.79769666861924,0.6993047844405327,0.13010511107895995,11.998796457473555,1.0137566164387564,1.1870914550688056,0.10029521053708271,0.10029521053708271,606.7162919135409,0.08448819179754727
0.0134,0.4336549008667306,0.4408217850466916,93.55579058823928,225.2038338482672,0.7065947115321775,0.13010480061722773,11.998750946243288,1.041232849012226,1.1994663313046223,0.10408781305937369,0.10408781305937369,623.7052705882619,0.08677843666204503
0.013600000000000001,0.45262380495418764,0.4599565759087358,96.13165869198856,227.58289422813996,0.713843611675282,0.13010446746806653,11.998704480036738,1.0689969450129415,1.2117715630290282,0.10795999693857132,0.10795999693857132,640.877724613257,0.08909269719839524
0.013800000000000002,0.47211060550233236,0.4796098054916172,98.734738398719,229.93495955577717,0.7210514419438198,0.13010411037341682,11.9986570580964,1.0970456277110494,1.2240070773737683,0.11191182529999805,0.11191182529999805,658.2315893247934,0.09143070115257522
0.014,0.49212071393612716,0.49978684539518536,101.36472094401351,232.2601115496121,0.7282181599815376,0.1301037280278587,11.998608679939,1.1253756303034395,1.2361728024377956,0.11594333841667348,0.11594333841667348,675.7648062934235,0.09379217710341736
0.0142,0.5126594800211861,0.5204930061389258,104.02129849826733,234.55843189925145,0.735343724001466,0.1301033190777315,11.998559345352685,1.153983695910215,1.2482686672864394,0.12005455394293274,0.12005455394293274,693.4753233217822,0.09617685446187997
0.014400000000000001,0.5337321920507043,0.5417335373424783,106.70416416636037,236.83000226575464,0.7424280927854363,0.1301028821202604,11.998509054394226,1.1828665775711944,1.2602946019505865,0.1242454671478352,0.1242454671478352,711.3610944424024,0.09858446347031692
0.0146,0.5553440770323226,0.5635136279061544,109.41301198733308,239.07490428190786,0.7494712256835967,0.13010241570269,11.99845780738622,1.212021038242447,1.2722505374258588,0.1285160511483528,0.1285160511483528,729.4200799155537,0.1010147352017465
0.0148,0.5775003008749269,0.5858384061914557,112.14753693406507,241.29321955249924,0.7564730826139394,0.13010191832142617,11.998405604914293,1.241443850792863,1.284136405671811,0.13286625714233025,0.13286625714233025,747.6502462271004,0.10346740155911997
0.015000000000000001,0.6002059685753846,0.6087129402015883,114.90743491295714,243.48502965458715,0.7634336240618239,0.13010138842118546,11.998352447824306,1.2711317980007566,1.295952139611121,0.137296014641204,0.137296014641204,766.0495660863809,0.10594219527458992
0.0152,0.6234661244052171,0.632142237761984,117.6924027636162,245.65041613776964,0.7703528110795129,0.13010082439415302,11.99829833721957,1.301081672550501,1.307697673128803,0.1418052317024733,0.1418052317024733,784.6160184241081,0.10843884990877863
0.0154,0.64728575209721,0.6561312467008164,120.50213825854334,247.78946052444988,0.7772306052857098,0.1301002245791495,11.998243274458057,1.3312902770291974,1.319372941071421,0.14639379516191184,0.14639379516191184,803.3475883902889,0.110957099850047
0.015600000000000001,0.6716697750319602,0.6806848550295161,123.33634010282475,249.90224431009764,0.7840669688650995,0.1300995872608068,11.998187261149614,1.3617544239233732,1.3309778792463112,0.15106157086551014,0.15106157086551014,822.2422673521651,0.11349668031376399
0.0158,0.6966230564243632,0.7058078911232927,126.19470793382591,251.98884896351197,0.790861864567903,0.13009891066875354,11.998130299153186,1.3924709356157179,1.342512424420823,0.155808403901142,0.155808403901142,841.2980528921728,0.11605732734157728
0.016,0.7221503995100376,0.7315051239016479,129.07694232088846,254.04935592707764,0.7976152557094295,0.13009819297681008,11.998072390574041,1.4234366443818436,1.3539765143215625,0.16063411882994144,0.16063411882994144,860.512948805923,0.1186387778006847
0.0162,0.7482565477316913,0.7577812630088964,131.98274476503008,256.0838466170217,0.8043271061696424,0.1300974323021938,11.998013537760992,1.4546483923870845,1.3653700876336525,0.16553851991738522,0.16553851991738522,879.8849651002006,0.1212407693831077
0.0164,0.7749461849254257,0.7846409589946809,134.91181769864738,258.0924024236669,0.8109973803927286,0.13009662670473485,11.997953743303631,1.4861030316833197,1.3766930840000025,0.17052139136406796,0.17052139136406796,899.4121179909826,0.12386304060496585
0.0166,0.8022239355069831,0.8120888034944899,137.86386448522146,260.0751047116818,0.8176260433866754,0.1300957741861025,11.997893010029566,1.5177974242058327,1.3879454440205912,0.17558249753616387,0.17558249753616387,919.0924299014764,0.1265053308057539
0.016800000000000002,0.8300943646579335,0.8401293294101777,140.83858941902656,262.0320348203307,0.8242130607228588,0.13009487268904274,11.997831341001653,1.5497284417702006,1.3991271092517668,0.18072158319556486,0.18072158319556486,938.9239294601771,0.12916738014762089
0.017,0.8585619785118049,0.8687670110904777,143.8356977248413,263.9632740637184,0.8307583985356339,0.13009392009662718,11.997768739515244,1.5818929660692116,1.4102380222055517,0.18593837372968514,0.18593837372968514,958.9046514989419,0.1318489296146515
0.0172,0.8876312243401552,0.8980062645115242,146.8548955576628,265.86890373103586,0.8372620235219411,0.13009291423151356,11.997705209095429,1.6142878886698135,1.4212781263489744,0.19123257538092636,0.19123257538092636,979.0326370510853,0.1345497210121504
0.017400000000000002,0.9173064907385874,0.9278514474573669,149.8958900024235,267.74900508680133,0.8437239029409158,0.13009185285521827,11.997640753494291,1.6469101110100928,1.4322473661034067,0.19660387547579164,0.19660387547579164,999.3059333494899,0.13726949696592916
0.0176,0.9475921078127089,0.9583068597004893,152.958389073711,269.6036593710992,0.8501440046135078,0.13009073366740112,11.997575376688157,1.679756544396283,1.4431456868439179,0.20205194265364174,0.20205194265364174,1019.72259382474,0.14000800092159682
0.0178,0.9784923473640342,0.9893767431823256,156.0421017154901,271.43294779981807,0.8565222969221129,0.13008955430516259,11.99750908287486,1.7128241099998018,1.4539730348986486,0.2075764270950846,0.2075764270950846,1040.2806781032675,0.1427649771438533
0.018000000000000002,1.0100114230758335,1.0210652821937807,159.146737800828,273.23695156488645,0.8628587488102137,0.13008831234235393,11.997441876471001,1.7461097388543179,1.4647293575482025,0.21317696074998999,0.21317696074998999,1060.9782520055198,0.1455401707157867
0.0182,1.0421534906989252,1.0533766035557435,162.27200813162185,275.0157518345038,0.8691533297820256,0.13008700528890024,11.99737376210922,1.7796103718528467,1.4754146030250437,0.2188531575651194,0.2188531575651194,1081.8133875441456,0.1483333275381744
0.0184,1.0749226482374148,1.086314776799608,165.41762443832909,276.76942975337363,0.8754060099021619,0.13008563059013692,11.997304744635464,1.8133229597448728,1.4860287205129294,0.22460461371136636,0.22460461371136636,1102.784162922194,0.15114419432878798
0.018600000000000002,1.1083229361343812,1.1198838143477894,168.58329937970038,278.49806644293034,0.8816167597953015,0.13008418562615964,11.997234829106272,1.847244463133505,1.4965716601463455,0.2304309078105956,0.2304309078105956,1123.8886625313357,0.15397251862170264
0.0188,1.1423583374575073,1.1540876716942403,171.76874654251498,280.20174300156606,0.8877855506458704,0.13008266771118823,11.997164020786055,1.881371852472654,1.5070433730099655,0.23633160116207413,0.23633160116207413,1145.1249769500998,0.15681804876661062
0.019,1.1770327780846606,1.1889302475849708,174.97368044131883,281.88054050485624,0.8939123541977375,0.13008107409294448,11.997092325144378,1.915702108064242,1.517443811138135,0.24230623796848869,0.24230623796848869,1166.4912029421255,0.15968053392813977
0.019200000000000002,1.2123501268894197,1.2244153841985652,178.19781651816518,283.5345400057808,0.8999971427539171,0.13007940195204437,11.997019747853262,1.9502322200554378,1.5277729275143657,0.24835434556153735,0.24835434556153735,1187.9854434544345,0.16255972408517633
0.0194,1.2483141959265514,1.260546867326696,181.44087114235754,285.1638225349442,0.9060398891762842,0.13007764840140473,11.996946294784475,1.984959188435921,1.538030676070853,0.25447543462709127,0.25447543462709127,1209.605807615717,0.16545537003019323
0.0196,1.2849287406174335,1.297328426554648,184.7025616101953,286.7684691007952,0.9120405668853057,0.13007581048566486,11.99687197200684,2.019880023035173,1.5482170116880192,0.2606689994299174,0.2606689994299174,1231.3504107346353,0.16836722336858337
0.0198,1.3221974599354296,1.3347637354418302,187.9826061447217,288.3485606898412,0.917999149859777,0.13007388518062268,11.996796785783545,2.0549917435197895,1.5583318901940661,0.26693451803795293,0.26693451803795293,1253.2173742981445,0.17129503651799768
0.02,1.360123996591213,1.3728564117022939,191.28072389547435,289.90417826686416,0.9239156126365786,0.1300718693926867,11.996720742569448,2.0902913793908318,1.5683752683645626,0.27327145254612895,0.27327145254612895,1275.204825969829,0.17423856270768998
0.020200000000000003,1.3987119372180408,1.4116100173852544,194.59663493823803,291.4354027751317,0.9297899303104389,0.13006975995834283,11.996643849008404,2.12577596998119,1.5783471039220416,0.2796792492997288,0.2796792492997288,1297.3108995882535,0.17719755597786613
0.0204,1.4379648125569775,1.4510280590556024,197.93006027479987,292.9423151366076,0.9356220785337128,0.13006755364363703,11.996566111930592,2.161442564452985,1.5882473555356238,0.28615733911727986,0.28615733911727986,1319.5337351653325,0.18017177117904004
0.0206,1.4778860976420736,1.4911139879744266,201.2807218327071,294.42499625216084,0.9414120335161754,0.13006524714367398,11.996487538349845,2.1972882217949863,1.5980759828206683,0.2927051375129682,0.2927051375129682,1341.8714788847137,0.1831609639713951
0.020800000000000003,1.5184792119854915,1.53187120027953,204.64834246502684,295.88352700177126,0.9471597720248254,0.1300628370821312,11.996408135460978,2.2333100108200648,1.6078329463384384,0.2993220449185704,0.2993220449185704,1364.322283100179,0.18616489082415225
0.021,1.559747519762586,1.5733030371659442,208.0326459501086,297.31798824473424,0.9528652713837031,0.13006032001079,11.996327910637142,2.2695050101626624,1.6175182075957926,0.30600744690489295,0.30600744690489295,1386.8843063340573,0.18918330901494387
0.0212,1.6016943299969386,1.61541278506645,211.43335699134855,298.7284608198632,0.9585285094737237,0.1300576924090822,11.996246871427168,2.3058703082762935,1.6271317290449017,0.31276071440271586,0.31276071440271586,1409.555713275657,0.1922159766291946
0.021400000000000002,1.6443228967453412,1.6582036758320953,214.85020121695663,300.11502554569137,0.9641494647325244,0.13005495068365397,11.996165025552921,2.3424030034310688,1.6366734740829891,0.31958120392323064,0.31958120392323064,1432.334674779711,0.19526265255950861
0.0216,1.6876364192827376,1.7016788869127084,218.28290517972547,301.47776322066886,0.9697281161543225,0.13005209116794597,11.996082380906664,2.3791002037112436,1.646143407052091,0.3264682577779658,0.3264682577779658,1455.2193678648364,0.19832309650506344
0.0218,1.731638042287116,1.7458415415374218,221.7311963568019,302.8167546233615,0.975264443289793,0.1300491101217905,11.995998945548422,2.4159590270127933,1.6555414932388464,0.33342120429819483,0.33342120429819483,1478.2079757120127,0.2013970689710112
0.022000000000000002,1.7763308560243583,1.790694708895187,225.19480314946023,304.13208051264564,0.9807584262459575,0.1300460037310258,11.995914727703354,2.4529766010410086,1.664867698874311,0.34043935805381814,0.34043935805381814,1501.298687663068,0.2044843312678863
0.0222,1.8217178965330418,1.8362414043152857,228.6734548828783,305.4238216279,0.986210045686085,0.13004276810712756,11.99582973575914,2.49015006330812,1.6741219911337863,0.3475220200717109,0.3475220200717109,1524.4896992191889,0.20758464551102052
0.0224,1.8678021458091982,1.8824845894478606,232.16688180591507,306.6920586892005,0.9916192828296175,0.13003939928685762,11.995743978263357,2.5274765611309435,1.6833043381366968,0.3546684780535363,0.3546684780535363,1547.7792120394338,0.2106977746199657
0.022600000000000002,1.9145865319910285,1.9294271724444179,235.67481509089092,307.9368723975069,0.9969861194520984,0.1300358932319305,11.995657463920884,2.5649532516285514,1.6924147089464636,0.36187800659300745,0.36187800659300745,1571.1654339392726,0.21382348231792328
0.0228,1.9620739295435716,1.9770720081383553,239.19698683336966,309.1583434348532,1.002310537885125,0.13003224582869716,11.995570201591288,2.602577301719966,1.7014530735704283,0.3691498673926017,0.3691498673926017,1594.6465788891312,0.21696153313118186
0.023,2.010267159443334,2.0254218982254777,242.73313005194296,310.3565524645332,1.0075925210163137,0.13002845288784715,11.995482200286244,2.640345888121876,1.7104194029597921,0.3764833094797136,0.3764833094797136,1618.220867012953,0.22011169238856196
0.023200000000000002,2.0591689893628713,2.074479591444512,246.2829786880165,311.5315801312855,1.0128320522892797,0.13002451014412814,11.995393469166933,2.678256197346377,1.71931366900958,0.38387756942224266,0.38387756942224266,1641.8865245867764,0.22327372622086894
0.0234,2.1087821338553323,2.1242477837576232,249.84626760559863,312.6835070614756,1.0180291157036319,0.13002041325608377,11.995304017541477,2.716305425698738,1.7281358445586346,0.39133187154361,0.39133187154361,1665.6417840373242,0.22644740156035362
0.0236,2.159109254538956,2.1747291185309403,253.42273259109083,313.8124138632793,1.0231836958149891,0.13001615780580986,11.995213854862353,2.7544907792751827,1.7368859033896422,0.39884542813719726,0.39884542813719726,1689.4848839406056,0.2296324861401807
0.0238,2.210152960281532,2.225926186715062,257.01211035308006,314.91838112685974,1.0282957777350044,0.13001173929872864,11.995122990723837,2.7928094739607023,1.7455638202291743,0.40641743968019906,0.40641743968019906,1713.4140690205338,0.23282874849390536
0.024,2.2619158073848147,2.277841527025582,260.6141385221334,316.00148942454746,1.0333653471314115,0.13000715316338154,11.995031434859438,2.8312587354268857,1.7541695707477667,0.41404709504688714,0.41404709504688714,1737.427590147556,0.23603595795495833
0.024200000000000003,2.314400299768901,2.3304776261236073,264.22855565059456,317.06181931101605,1.0383923902280858,0.13000239475124065,11.994939197139345,2.8698357991297727,1.7627031315600226,0.42173357172127596,0.42173357172127596,1761.5237043372967,0.23925388465613862
0.0244,2.367608889156563,2.3838369187962685,267.8551012123823,318.09945132345683,1.0433768938051207,0.1299974593365386,11.994846287567889,2.90853791030773,1.7711644802247422,0.4294760360091852,0.4294760360091852,1785.7006747492153,0.24248229952911501
0.0246,2.4215439752575465,2.437921788137245,271.493515602791,319.11446598175235,1.048318845198922,0.12999234211611752,11.994752716281003,2.9473623239793483,1.779553595245084,0.43727364324969387,0.43727364324969387,1809.9567706852733,0.2457209743039358
0.024800000000000003,2.4762079059528226,2.4927345657272806,275.1435401382928,320.1069437886473,1.0532182323023178,0.12998703820929647,11.994658493543689,2.9863063049413623,1.7878704560687497,0.44512553802597754,0.44512553802597754,1834.2902675886187,0.24896968150854715
0.025,2.5316029774788062,2.548277531814693,278.8049170563421,321.076965229919,1.058075043564686,0.12998154265775827,11.994563629747493,3.02536712776659,1.7961150430882018,0.4530308543755261,0.4530308543755261,1858.6994470422806,0.25222819446832007
0.0252,2.5877314346115328,2.6045529154959066,282.4773895151817,322.02461077454643,1.0628892679920998,0.12997585042545498,11.994468135408002,3.064542076801898,1.8042873376409105,0.4609887159997328,0.4609887159997328,1883.182596767878,0.2554962873055859
0.025400000000000002,2.644595470850795,2.6615628948959538,286.1607015936506,322.9499608748757,1.0676608951474866,0.12996995639853276,11.994372021162325,3.1038284461661787,1.8123873220096227,0.4689982364728487,0.4689982364728487,1907.7380106243374,0.2587737349391802
0.0256,2.702197228604245,2.719309597349004,289.85459829099426,323.8530959667865,1.0723899151508078,0.12996385538527597,11.994275297766595,3.1432235397483588,1.8204149794226678,0.4770585194503013,0.4770585194503013,1932.3639886066285,0.26206031308399647
0.0258,2.7605387993714556,2.777795099578875,293.5588255266762,324.7340964698555,1.0770763186792547,0.1299575421160703,11.994177976093484,3.182724671205425,1.8283702940542907,0.4851686588763649,0.4851686588763649,1957.0588368445076,0.26535579825054767
0.026000000000000002,2.819622223927947,2.8370214278795576,297.2731301401914,325.59304278751927,1.0817200969674612,0.12995101124338576,11.994080067129705,3.2223291639604636,1.8362532510250116,0.4933277391911813,0.4933277391911813,1981.8208676012762,0.26865996774453726
0.0262,2.8794494925091723,2.8969905582957183,300.9972598908822,326.43001530723427,1.086321241807733,0.12994425734177847,11.993981581973554,3.262034351200732,1.8440638364020163,0.5015348355371226,0.5015348355371226,2006.648399272548,0.27197259966643866
0.0264,2.9400225449944695,2.9577044168032374,304.7309634577549,327.24509440063633,1.0908797455502959,0.12993727490791265,11.993882531832426,3.3018375758757426,1.8518020371995767,0.5097890139644932,0.5097890139644932,2031.5397563850327,0.27529347291108475
0.026600000000000002,3.0013432710909766,3.0191648794897046,308.4739904392991,328.03836042369954,1.0953956011035624,0.12993005836060156,11.993782928020362,3.3417361906953666,1.8594678413795043,0.5180893316365623,0.5180893316365623,2056.493269595327,0.27862236716726524
0.0268,3.0634135105175115,3.081373772734961,312.2260913533081,328.8098937168922,1.0998688019344145,0.12992260204086858,11.993682781955593,3.3817275581279636,1.8670612378516298,0.5264348370339234,0.5264348370339234,2081.5072756887203,0.2819590629173341
0.027,3.1262350531884113,3.1443328733915847,315.98701763670164,329.55977460533074,1.1042993420685017,0.1299149002120277,11.9935821051581,3.421809050398524,1.8745822164743087,0.5348245701581711,0.5348245701581711,2106.5801175780107,0.2853033414368257
0.027200000000000002,3.1898096393973443,3.2080439089654473,319.75652164535,330.2880833989355,1.1086872160905639,0.12990694705978367,11.993480909247182,3.461978049486837,1.8820307680549697,0.5432575627348984,0.5432575627348984,2131.7101443023334,0.28865498479408025
0.0274,3.2541389600010797,3.2725085577961925,323.5343566538997,330.99490039258046,1.113032419144763,0.12989873669235227,11.993379205939007,3.5022319471256718,1.8894068843506782,0.551732838415997,0.551732838415997,2156.895711025998,0.2920137758498789
0.027600000000000003,3.319224656603227,3.337728449237784,327.3202768556013,331.6803058662468,1.1173349469350424,0.12989026314060012,11.993277007044224,3.542568144798983,1.8967105580687451,0.5602494129812657,0.5602494129812657,2182.1351790373424,0.2953794982570872
0.027800000000000002,3.385068321737939,3.4037051638390046,331.1140373621386,332.34438008517037,1.1215947957254964,0.1298815203582044,11.993174324465528,3.5829840537401347,1.9039417828673553,0.5688062945393155,0.5688062945393155,2207.4269157475906,0.298751936460309
0.028,3.4516714990535817,3.470440233523983,334.91539420345924,332.98720329998986,1.1258119623407588,0.1298725022218326,11.993071170195268,3.6234770949301387,1.9111005533562266,0.5774024837277649,0.5774024837277649,2232.769294689728,0.302130875695549
0.028200000000000003,3.5190356834963716,3.5379351417727047,338.72410432760773,333.60885574689485,1.129986444166416,0.12986320253134198,11.992967556313047,3.664044699095918,1.9181868650973115,0.5860369739127279,0.5860369739127279,2258.160695517385,0.30551610198988494
0.0284,3.5871623214939765,3.6061913238015335,342.5399256005594,334.20941764776916,1.1341182391494278,0.12985361500999926,11.99286349498335,3.7046843067085837,1.9252007146055103,0.5947087513875756,0.5947087513875756,2283.5995040037296,0.3089074021611489
0.0286,3.6560528111390873,3.6752101667437325,346.36261680605594,334.7889692103374,1.1382073457985784,0.12984373330472007,11.992758998453148,3.7453933679817304,1.932142099349439,0.6034167955709844,0.6034167955709844,2309.0841120403734,0.31230456381761856
0.028800000000000003,3.7257085023729513,3.7449930098299737,350.19193764544326,335.3475906283056,1.142253763184934,0.12983355098632843,11.992654079049549,3.7861693428697576,1.9390110177522033,0.6121600792042446,0.6121600792042446,2334.6129176362883,0.3157073753577175
0.029,3.796130697168883,3.8155411445688583,354.02764873751,335.8853620815034,1.146257490942326,0.12982306154983642,11.992548749177425,3.8270097010661974,1.9458074691922203,0.6209375685478419,0.6209375685478419,2360.184324916733,0.3191156259697251
0.0292,3.86732064971573,3.8868558149274364,357.8695116183285,336.4023637360246,1.1502185292678515,0.12981225841474356,11.992443021317072,3.867911922002068,1.9525314540040692,0.6297482235772964,0.6297482235772964,2385.79674412219,0.3225291056314957
0.029400000000000003,3.93927956660132,3.9589382175117267,361.7172887410964,336.8986757443655,1.1541368789223885,0.12980113492535655,11.992336908021862,3.908873494844242,1.9591829734793635,0.6385909981782554,0.6385909981782554,2411.4485916073095,0.32594760511018794
0.0296,4.012008606995866,4.031789501747225,365.5707434759808,337.37437824556264,1.1580125412311337,0.12978968435112884,11.99223042191591,3.949891918493836,1.9657620298676657,0.6474648403408386,0.6474648403408386,2437.138289839872,0.32937091596200263
0.0298,4.085508882835346,4.105410770059428,369.4296401099629,337.82955136532803,1.161845518084154,0.1297778998870203,11.99212357569176,3.9909647015846113,1.9722686263774223,0.6563686923532233,0.6563686923532233,2462.8642673997533,0.33279883053193055
0.030000000000000002,4.159781459004852,4.179803078054353,373.293743846685,338.26427521618723,1.1656358119369645,0.1297657746538769,11.992016382108066,4.032089362481396,1.9787027671769464,0.6653014909944751,0.6653014909944751,2488.6249589779,0.3362311419535101
0.0302,4.234827353521904,4.254967434699048,377.1628208062985,338.67862989760954,1.1693834258111122,0.12975330169883043,11.99190885398728,4.073263429278527,1.9850644573954068,0.6742621677266052,0.6742621677266052,2514.4188053753232,0.3396676441485942
0.0304,4.310647537719741,4.330904802502118,381.03663802531344,339.0726954961432,1.1730883632947917,0.1297404739957183,11.99180100421337,4.114484439798303,1.991353703123875,0.683249648885862,0.683249648885862,2540.2442535020896,0.34310813182712596
0.030600000000000002,4.387242936430573,4.407616097694235,384.9149634564498,339.4465520855458,1.1767506285434683,0.12972728444552323,11.99169284572952,4.155749941589453,1.9975705114163818,0.6922628558732419,0.6922628558732419,2566.0997563763326,0.3465524004869252
0.0308,4.464614428168812,4.485102190408661,388.79756596849,339.8002797269152,1.1803702262805278,0.12971372587683286,11.99158439153587,4.197057491925634,2.0037148902910196,0.7013007053442224,0.7013007053442224,2591.9837731232665,0.3500002464134832
0.031,4.542762845314268,4.563363904861755,392.6842153461327,340.1339584688166,1.183947161797935,0.12969979104631965,11.991475654687228,4.238404657803931,2.009786848731063,0.7103621093977032,0.7103621093977032,2617.8947689742176,0.35345146667976796
0.031200000000000002,4.62168897429532,4.64240201953351,396.5746822898484,340.44766834741324,1.1874814409569228,0.12968547263924027,11.99136664829083,4.279789015943384,2.0157863966861345,0.7194459757641608,0.7194459757641608,2643.831215265656,0.3569058591460379
0.031400000000000004,4.701393555772051,4.722217267348053,400.4687384157362,340.74148938659056,1.1909730701886876,0.12967076326995522,11.991257385504085,4.321208152783516,2.0217135450733896,0.728551207993001,0.728551207993001,2669.791589438241,0.36036322245966557
0.0316,4.781877284819368,4.802810335854162,404.36615625538207,341.015501598083,1.1944220564951111,0.12965565548246813,11.991147879532331,4.362659664482903,2.0275683057787384,0.7376767056391125,0.7376767056391125,2695.774375035881,0.3638233560549711
0.0318,4.863140811110077,4.884181867405801,408.2667092557183,341.26978498159895,1.1978284074494991,0.12964014175098507,11.991038143626618,4.40414115691773,2.0333506916581006,0.7468213644486111,0.7468213644486111,2721.778061704789,0.3672860601530639
0.032,4.945184739097942,4.966332459342621,412.1701717788847,341.50441952494225,1.2011921311973328,0.12962421448049344,11.990928191081474,4.445650245680389,2.0390607165386827,0.7559840765437731,0.7559840765437731,2747.8011451925645,0.37075113576169544
0.0322,5.028009628200715,5.049262664170487,416.07631910209074,341.71948520413616,1.2045132364570472,0.12960786600736074,11.990818035232714,4.4871845560780725,2.0446983952202964,0.7651637306071477,0.7651637306071477,2773.842127347272,0.3742183846751192
0.0324,5.111615992983133,5.13297298974198,419.98492741747947,341.91506198354267,1.207791732520819,0.12959108859995302,11.990707689455222,4.528741723131399,2.050263743476699,0.7743592120648513,0.7743592120648513,2799.8995161165294,0.3776876094739622
0.032600000000000004,5.1960043033398895,5.217463899436939,423.8957738319921,342.0912298159833,1.211027629255379,0.12957387445927296,11.990597167160772,4.5703193915730385,2.055756778056971,0.7835694032690299,0.7835694032690299,2825.971825546614,0.38115861352510394
0.0328,5.2811749846785885,5.302735812342953,427.8086363672349,342.24806864285745,1.2142209371028383,0.1295562157196176,11.990486481795847,4.611915215846369,2.061177516686917,0.7927931836794908,0.7927931836794908,2852.0575757815664,0.38463120098156606
0.033,5.367128418102656,5.388789103435902,431.7232939593464,342.3856583942614,1.217371667081539,0.12953810444925534,11.990375646839466,4.6535268601041295,2.0665259780705143,0.8020294300444989,0.8020294300444989,2878.1552930623093,0.3881051767824096
0.0332,5.453864940594236,5.475624103760456,435.6395264588666,342.50407898910373,1.2204798307869138,0.1295195326511229,11.990264675801031,4.695151998207112,2.0718021818913663,0.811277016580724,0.811277016580724,2904.263509725777,0.3915803466526433
0.0334,5.541384845197062,5.563241100610598,439.5571146306071,342.60341033521996,1.2235454403923676,0.12950049226354116,11.990153582218172,4.736788313722844,2.0770061488142044,0.8205348151523449,0.8205348151523449,2930.3807642040474,0.3950565171031396
0.033600000000000005,5.629688381199295,5.651640337710159,443.47584015352254,342.68373232949057,1.226568508650184,0.12948097516095072,11.990042379654607,4.778433499924306,2.082137900486424,0.829801695449303,0.829801695449303,2956.505601023484,0.3985334954305605
0.033800000000000004,5.7187757543163364,5.740822015393293,447.3954856205836,342.74512485794907,1.229549048892433,0.12946097315466645,11.989931081698025,4.8200852597886445,2.0871974595396243,0.8390765251646866,0.8390765251646866,2982.6365708038907,0.4020110897172913
0.034,5.808647126873625,5.830786290785044,451.3158345386507,342.7876677959002,1.2324870750319163,0.12944047799365138,11.989819701957945,4.86174130599592,2.0921848495912165,0.8483581701712694,0.8483581701712694,3008.7722302576713,0.4054891088313859
0.0342,5.899302617989397,5.921533277981827,455.2366713283494,342.81144100802703,1.2353826015631144,0.12941948136530967,11.989708254063634,4.90339936092785,2.0971000952460277,0.8576454946971663,0.8576454946971663,3034.911142188996,0.40896736242651743
0.0344,5.990742303757432,6.013063048231967,459.15778132394695,342.816524348504,1.2382356435631605,0.12939797489629848,11.989596751661992,4.945057156666581,2.101943222097958,0.8669373615006258,0.8669373615006258,3061.05187549298,0.4124456609419412
0.0346,6.082966217429763,6.105375630116199,463.0789507732301,342.8029976611043,1.2410462166928267,0.12937595015335898,11.989485208415473,4.986712434993472,2.1067142567316504,0.8762326320439378,0.8762326320439378,3087.193005154867,0.41592381560246444
0.034800000000000005,6.175974349599375,6.1984710097282125,466.99996683738334,342.7709407793102,1.2438143371975325,0.1293533986441659,11.989373638000004,5.028362947387877,2.1114132267242067,0.8855301666664662,0.8855301666664662,3113.3331122492223,0.41940163841842526
0.035,6.269766648382868,6.292349130855132,470.9206175908699,342.7204335264182,1.246540021908364,0.12933031181819613,11.98926205410292,5.070006455025965,2.1160401606469144,0.894828824756785,0.894828824756785,3139.470783939133,0.4228789421856808
0.0352,6.3643430196031,6.387009895158063,474.84069202131235,342.651555715648,1.2492232882431198,0.12930668106761573,11.989150470420913,5.111640728779535,2.1205950880670246,0.904127464923932,0.904127464923932,3165.6046134754156,0.4263555404856034
0.0354,6.459703326971813,6.482453162352598,478.75998002937524,342.56438715024507,1.251864154207362,0.1292824977281856,11.989038900657988,5.153263549214855,2.1250780395495346,0.913424945167753,0.913424945167753,3191.733200195835,0.429831247685086
0.0356,6.5558473922722245,6.578678750389341,482.6782724286489,342.459007623588,1.2544626383954982,0.12925775308018544,11.98892735852342,5.1948727065915135,2.129489046659025,0.9227201230483577,0.9227201230483577,3217.8551495243255,0.43330587893655603
0.0358,6.652774995541601,6.675686435634416,486.59536094553374,342.33549691929045,1.2570187599918692,0.12923243834935627,11.988815857729744,5.236466000861275,2.133828141961507,0.932011855854655,0.932011855854655,3243.969072970225,0.4367792501779968
0.036000000000000004,6.750485875253815,6.773475953049991,490.51103821912676,342.1939348113032,1.259532538771857,0.12920654470786092,11.988704411990735,5.278041241666963,2.138095359026301,0.9412990007719834,0.9412990007719834,3270.073588127512,0.44025117813297887
0.0362,6.848979728501863,6.872046996374792,494.42509780110777,342.0344010640171,1.2620039951030122,0.12918006327526263,11.988593035019413,5.319596248341344,2.142290732427953,0.9505804150488218,0.9505804150488218,3296.167318674052,0.4437214803106985
0.0364,6.948256211180383,6.97139921830462,498.3373341556283,341.8569754323621,1.2644331499461938,0.1291529851195218,11.98848174052605,5.361128849906033,2.146414297748169,0.9598549561625785,0.9598549561625785,3322.2488943708554,0.44718997500602514
0.0366,7.048314938168127,7.071532230672873,502.2475426592003,341.6617376619096,1.2668200248567327,0.12912530125801044,11.988370542216186,5.4026368850704065,2.1504660915777873,0.9691214819844561,0.9691214819844561,3348.316951061335,0.4506564812995568
0.0368,7.149155483510427,7.172445604631059,506.15551960058673,341.4487674889681,1.2691646419856009,0.12909700265854432,11.988259453788679,5.444118202230534,2.1544461515187674,0.9783788509433771,0.9783788509433771,3374.370130670578,0.45412081905768364
0.037000000000000005,7.250777380601635,7.274138870829325,510.0610621806928,341.21814464068507,1.27146702408061,0.12906808024043262,11.988148488933732,5.485570659468111,2.158354516186221,0.9876259221889817,0.9876259221889817,3400.407081204619,0.45758280893265924
0.037200000000000004,7.35318012236754,7.376611519596944,513.9639685124586,340.96994883513855,1.273727194487608,0.12903852487554535,11.988037661330956,5.52699212454942,2.1621912252104463,0.9968615557536727,0.9968615557536727,3426.4264567497235,0.46104227236268064
0.0374,7.456363161447764,7.479863001122867,517.8640376207527,340.70425978143834,1.2759451771517143,0.12900832738939777,11.987926984647435,5.56838047492429,2.1659563192390214,1.0060846127137266,1.0060846127137266,3452.426917471684,0.4644990315719758
0.0376,7.560325910378139,7.58389272563623,521.7610694422665,340.42115717982017,1.278120996618556,0.12897747856225197,11.987816472535807,5.6097335977250795,2.169649839938907,1.0152939553494464,1.0152939553494464,3478.4071296151096,0.4679529095708988
0.0378,7.665067741773058,7.688700063586859,525.6548648254103,340.1207207217374,1.280254678035519,0.12894596913023568,11.987706138632348,5.651049389765665,2.1732718299985665,1.0244884473043525,1.0244884473043525,3504.3657655027346,0.4714037301560331
0.038,7.770587988507809,7.7942843458258055,529.5452255302093,339.8030300899577,1.2823462471530238,0.12891378978647766,11.98759599655508,5.692325757540437,2.1768223331301333,1.0336669537434218,1.0336669537434218,3530.301503534729,0.4748513179103018
0.038200000000000005,7.876885943900892,7.900644863785847,533.4319542282025,339.4681649586541,1.2843957303258113,0.12888093118226024,11.987486059901876,5.733560617223327,2.1803013940715936,1.0428283415103579,1.0428283415103579,3556.213028188017,0.4782954982030869
0.038400000000000004,7.983960861896307,8.007780869662016,537.31485450234,339.1162049934971,1.2864031545142436,0.1288473839281878,11.987376342248593,5.774751894666822,2.183709058588994,1.0519714792838846,1.0519714792838846,3582.099030015601,0.48173609719035426
0.0386,8.091811957245831,8.11569157659211,541.1937308468841,338.7472298517456,1.2883685472856217,0.1288131385953721,11.987266857147203,5.815897525401007,2.187045373478679,1.0610952377330707,1.0610952377330707,3607.958205645894,0.4851729418147872
0.0388,8.200438405691264,8.224376158837217,545.068388667309,338.361319182337,1.2902919368155183,0.12877818571663383,11.987157618123941,5.856995454632615,2.190310386569553,1.0701984896716685,1.0701984896716685,3633.7892577820603,0.48860585980592686
0.039,8.309839344146667,8.333833751962235,548.9386342802032,337.9585526259781,1.2921733518891274,0.12874251578771986,11.98704863867746,5.898043637244086,2.193504146725371,1.0792801102114726,1.0792801102114726,3659.590895201354,0.4920346796803205
0.0392,8.420013870880572,8.444063453016375,552.8042749131718,337.53900981522963,1.2940128219026195,0.12870611926853684,11.986939932277025,5.939040037792646,2.1966267038470395,1.0883389769146763,1.0883389769146763,3685.3618327544777,0.4954592307416754
0.039400000000000004,8.530961045698184,8.555064320713688,556.6651187047404,337.10277037459815,1.2958103768645248,0.12866898658439999,11.986831512360657,5.979982630509381,2.1996781088749655,1.0973739699452483,1.0973739699452483,3711.1007913649364,0.4988793430810223
0.0396,8.642679890123539,8.66683537561358,560.52097470426,336.6499139206212,1.2975660473971231,0.12863110812729797,11.986723392333369,6.020869399298338,2.202658413791413,1.106383972219295,1.106383972219295,3736.8064980283993,0.5022948475768821
0.0398,8.755169387581677,8.779375600301337,564.3716528718121,336.18052006195194,1.2992798647378443,0.12859247425717268,11.986615585565346,6.061698337735635,2.2055676716228843,1.1153678695544254,1.1153678695544254,3762.4776858120804,0.5057055758954445
0.04,8.868428483580772,8.89268393956863,568.2169640781157,335.6946683994464,1.3009518607406925,0.12855307530321441,11.986508105390183,6.102467449068571,2.2084059364425337,1.1243245508181021,1.1243245508181021,3788.113093854104,0.5091113604907477
0.0402,8.982456085894244,9.006759300594045,572.0567201044341,335.19243852624845,1.3025820678776796,0.12851290156517187,11.986400965103101,6.143174746214755,2.2111732633726047,1.1332529080749814,1.1332529080749814,3813.711467362894,0.5125120346048689
0.040400000000000005,9.09725106474287,9.121600553123592,575.8907336424846,334.67391002787053,1.3041705192402675,0.12847194331467707,11.986294177959202,6.183818251761252,2.2138697085868744,1.1421518367332262,1.1421518367332262,3839.271557616564,0.5159074322681203
0.040600000000000004,9.21281225297686,9.237206529651218,579.7188182943466,334.1391624822788,1.3057172485408313,0.1284301907965847,11.986187757171722,6.224395997963731,2.21649532931314,1.1510202356898016,1.1510202356898016,3864.7921219623113,0.5192973882992509
0.0408,9.329138446257923,9.353576025599338,583.5407885723724,333.5882754599754,1.3072222901141335,0.12838763423032598,11.986081715910302,6.264906026745616,2.2190501838357206,1.159857007474736,1.159857007474736,3890.2719238158165,0.5226817383056543
0.041,9.446228403241303,9.47070779949935,587.3564598990981,333.0213285240788,1.3086856789188093,0.1283442638112767,11.985976067299267,6.305346389697268,2.221534331497979,1.1686610583943504,1.1686610583943504,3915.709732660654,0.5260603186835844
0.0412,9.564080845757827,9.588600573172137,591.165648607156,332.43840123040496,1.3101074505388675,0.12830006971213886,11.985870824415919,6.345715148075162,2.223947832704868,1.1774312986734465,1.1774312986734465,3941.1043240477065,0.5294329666183761
0.0414,9.682694458995893,9.707253031908616,594.9681719391874,331.8395731275472,1.3114876411852017,0.1282550420843367,11.985766000288843,6.386010372801083,2.226290748925497,1.1861666425964514,1.1861666425964514,3966.454479594582,0.5327995200846728
0.041600000000000005,9.80206789168348,9.826663824650204,598.7638480477564,331.22492375695435,1.312826287697114,0.12820917105942573,11.98566160789623,6.42623014446132,2.2285631426957186,1.1948660086475114,1.1948660086475114,3991.7589869850426,0.5361598178466576
0.041800000000000004,9.92219975627012,9.946831564169395,602.5524959952643,330.594532653011,1.3141234275438554,0.12816244675051522,11.985557660164204,6.466372553305883,2.2307650776207426,1.203528319649535,1.203528319649535,4017.0166399684285,0.5395136994582939
0.042,10.043088629108848,10.06775482725023,606.3339357538657,329.94847934311355,1.3153790988261724,0.12811485925370392,11.985454169965173,6.506435699247726,2.232896618377762,1.2121525029021751,1.2121525029021751,4042.2262383591055,0.5428610052635687
0.0422,10.164733050638157,10.189432154868848,610.1079882053847,329.286843347748,1.3165933402778693,0.1280663986495286,11.985351150116175,6.54641769186198,2.2349578307186055,1.2207374903187491,1.2207374903187491,4067.386588035898,0.5462015763967437
0.0424,10.28713152556392,10.311862052373977,613.8744751412319,328.6097041805648,1.3177661912673786,0.128017055004425,11.985248613377255,6.586316650385188,2.2369487814724023,1.2292822185620846,1.2292822185620846,4092.4965009415455,0.5495352547826096
0.0426,10.410282523041294,10.435042989667474,617.6332192623225,327.9171413484576,1.3188976917993505,0.1279668183722015,11.98514657244985,6.6261307037145665,2.2388695385482804,1.2377856291793048,1.2377856291793048,4117.55479508215,0.5528618831367481
0.042800000000000005,10.53418447685662,10.558973401384833,621.3840441789959,327.2092343516342,1.3199878825162417,0.12791567879552482,11.985045039975173,6.665857990407256,2.240720170938065,1.246246668735519,1.246246668735519,4142.560294526638,0.556181304965798
0.043000000000000003,10.65883578560929,10.683651687075685,625.1267744109346,326.4860626836923,1.3210368046999243,0.12786362630741757,11.984944028532642,6.705496658679602,2.242500748719008,1.2546642889464419,1.2546642889464419,4167.51182940623,0.5594933645677258
0.0432,10.784234812893624,10.809076211384346,628.8612353870852,325.7477058316931,1.3220445002733041,0.12781065093276764,11.984843550638281,6.7450448664064275,2.244211343056535,1.2630374468099237,1.2630374468099237,4192.408235913901,0.5627979070321034
0.0434,10.910379887480696,10.93524530423032,632.5872534455798,324.99424327623404,1.3230110118019465,0.1277567426898489,11.984743618743163,6.784500781120327,2.2458520262070083,1.2713651047363845,1.2713651047363845,4217.248356303865,0.5660947782403889
0.0436,11.037269303500182,11.062157260988814,636.3046558336582,324.2257544915197,1.3239363824957124,0.1277018915918533,11.984644245231863,6.823862580010964,2.2474228715205,1.2796462306781495,1.2796462306781495,4242.031038891054,0.5693838248662128
0.0438,11.164901320622155,11.189810342671263,640.0132707075904,323.4423189454362,1.324820656210414,0.12764608764843347,11.984545442420908,6.863128449924377,2.248923953443604,1.287879798257694,1.287879798257694,4266.755138050603,0.5726648943756693
0.044000000000000004,11.293274164238904,11.31820277610584,643.7129271326013,322.6440160996173,1.325663877449459,0.12758932086725655,11.984447222557263,6.902296587362302,2.25035534752223,1.2960647868947615,1.2960647868947615,4291.419514217342,0.5759378350276115
0.0442,11.422386025646698,11.447332754117964,647.4034550827942,321.8309254095162,1.3264660913655248,0.12753158125556804,11.984349597816811,6.941365198481489,2.2517171304044408,1.304200181932385,1.304200181932385,4316.023033885294,0.579202495873952
0.0444,11.55223506222757,11.577198435710846,651.0846854410768,321.00312632447833,1.3272273437622402,0.1274728588217659,11.984252580302858,6.980332499093048,2.2530093798433093,1.3122849747617962,1.3122849747617962,4340.564569607179,0.5824587267599667
0.0446,11.682819397631059,11.707797946245996,654.7564499990872,320.16069828780496,1.327947681095859,0.12741314357698474,11.984156182044646,7.019196714661785,2.254232174699761,1.3203181629461933,1.3203181629461933,4365.042999993915,0.5857063783246041
0.0448,11.814137121955957,11.839129377623717,658.4185814571207,319.30372073682366,1.328627150476961,0.12735242553668927,11.984060414995879,7.057956080305556,2.2553855949454586,1.3282987503434025,1.3282987503434025,4389.457209714138,0.588945302000798
0.045000000000000005,11.94618629193203,11.971190788463648,662.0709134240574,318.4322731029549,1.3292657996721498,0.12729069472227741,11.983965291033272,7.09660884079463,2.256469721665687,1.3362257472273962,1.3362257472273962,4413.806089493716,0.5921753500157837
0.045200000000000004,12.078964931101725,12.103980204285273,665.7132804172903,317.5464348117809,1.3298636771057704,0.12722794116269237,11.983870821955096,7.135153250551054,2.257484637062265,1.3440981704086867,1.3440981704086867,4438.088536115269,0.5953963753914194
0.0454,12.212471030001872,12.237495617688433,669.3455178626548,316.6462852831085,1.3304208318616186,0.12716415489604335,11.983777019479756,7.173587573648037,2.258430424456452,1.351915043353568,1.351915043353568,4462.303452417698,0.5986082319445108
0.0456,12.346702546345362,12.371734988533875,672.9674620943583,315.73190393103766,1.330937313684674,0.12709932597123508,11.983683895244374,7.211910083809331,2.2593071682918855,1.3596753963022223,1.3596753963022223,4486.449747295722,0.6018107742871387
0.0458,12.481657405202814,12.50669624412371,676.5789503549112,314.8033701640229,1.3314131729828267,0.12703344444960538,11.983591460803371,7.250119064408626,2.260114954137515,1.3673782663856693,1.3673782663856693,4510.526335699407,0.605003857826991
0.046,12.61733349918423,12.642377279381991,680.179820795057,313.860763384941,1.3318484608286234,0.1269665004065705,11.983499727627102,7.2882128084689555,2.260853868690565,1.375022697741568,1.375022697741568,4534.532138633715,0.6081873387676976
0.046200000000000005,12.753728688620635,12.7787759570352,683.7699124737061,312.9041629911538,1.3322432289610135,0.1268984839332786,11.983408707100454,7.326189618662105,2.2615239997794987,1.382607741628859,1.382607741628859,4558.46608315804,0.6113610741091693
0.046400000000000004,12.890840801745703,12.915890107792746,687.3490653578667,311.9336483745673,1.332597529787095,0.12682938513826988,11.983318410521505,7.364047807308033,2.2621254363669823,1.3901324565412296,1.3901324565412296,4582.327102385779,0.614524921647939
0.0466,13.028667634877372,13.053717530527528,690.9171203225794,310.94929892170006,1.3329114163838858,0.12675919414914458,11.983228849100167,7.40178569637429,2.262658268552893,1.397595908319436,1.397595908319436,4606.114135483864,0.617678739977506
0.0468,13.167206952599441,13.192255992456436,694.473919150851,309.9511940137414,1.3331849425000823,0.12668790111423683,11.98314003395685,7.439401617475461,2.2631225875773007,1.4049971702624304,1.4049971702624304,4629.82612767234,0.620822388488684
0.047,13.306456487943157,13.33150322932085,698.0193045335888,308.93941302661307,1.333418162557833,0.1266154962042959,11.983051976121153,7.476893911872606,2.2635184858234823,1.4123353232373215,1.4123353232373215,4653.462030223925,0.6239557273699513
0.0472,13.446413942568794,13.471456945567184,701.5531200695368,307.91403533103124,1.3336111316545143,0.1265419696141727,11.982964686530543,7.514260930472709,2.263846056820935,1.4196094557881507,1.4196094557881507,4677.020800463579,0.6270786176078043
0.047400000000000005,13.587076986947208,13.612114814527358,705.0752102652116,306.8751402925628,1.333763905564508,0.12646731156451269,11.982878176029079,7.551501033828128,2.264105395248394,1.4268186642434741,1.4268186642434741,4700.501401768077,0.6301909209871118
0.0476,13.72844326054139,13.753474478599388,708.5854205348389,305.82280727168967,1.3338765407409965,0.12639151230345425,11.982792455366127,7.588612592136073,2.264296596936877,1.4339620528227728,1.4339620528227728,4723.902803565593,0.6332925000914745
0.0478,13.870510371987994,13.89553354942784,712.0835972002916,304.757115623864,1.3339490943177448,0.12631456210833197,11.9827075351951,7.625593985238064,2.264419758872715,1.441038733741644,1.441038733741644,4747.223981335278,0.6363832183035839
0.048,14.01327589927887,14.038289608084371,715.5695874910273,303.6781446995679,1.3339816241108995,0.12623645128738517,11.982623426072209,7.662443602619424,2.2644749792006014,1.448047827315811,1.448047827315811,4770.463916606849,0.6394629398055865
0.0482,14.156737389942576,14.181740205248257,719.0432395440276,302.5859738443726,1.33397418862079,0.12615717018147066,11.982540138455233,7.699159843408754,2.26446235722665,1.4549884620639186,1.4549884620639186,4793.621596960184,0.6425315295794466
0.048400000000000006,14.300892361225857,14.3258828613869,722.5044024037375,301.48068239899203,1.3339268470337227,0.12607670916578018,11.98245768270229,7.735741116377432,2.264381993421443,1.4618597748091176,1.4618597748091176,4816.696016024916,0.645588853407314
0.048600000000000004,14.445738300275162,14.470715066936322,725.9529260220049,300.36234969934077,1.3338396592237887,0.12599505865156121,11.982376069070646,7.772185839939113,2.2642339894230985,1.4686609107794395,1.4686609107794395,4839.686173480034,0.648634777871892
0.0488,14.591272664318096,14.616234282481729,729.3886612580225,299.23105507659307,1.3337126857546788,0.12591220908784206,11.982295307715516,7.808492442149233,2.2640184480403502,1.475391023706961,1.475391023706961,4862.591075053483,0.6516691703568072
0.049,14.737492880844886,14.76243793893799,732.8114598782679,298.0868778572337,1.333545987881484,0.12582815096315947,11.98221540868889,7.84465936070453,2.263735473255606,1.4820492759257293,1.4820492759257293,4885.409732521786,0.6546918990469812
0.0492,14.884396347789847,14.909323437730196,736.2211745564466,296.92989736311637,1.3333396275525142,0.12574287480728985,11.982136381938378,7.880685042942562,2.263385170228034,1.4886348384684747,1.4886348384684747,4908.141163709644,0.6577028329290043
0.0494,15.031980433712803,15.056888150974121,739.6176588734342,295.7601929115152,1.333093667411108,0.12565637119298265,11.982058237306056,7.916567945841231,2.2629676452966345,1.4951468911620802,1.4951468911620802,4930.78439248956,0.6607018417915088
0.049600000000000005,15.180242477980531,15.20512942165678,743.000767317219,294.5778438151816,1.3328081707974535,0.12556863073769625,11.981980984527338,7.952306536018325,2.262483005983332,1.5015846227218312,1.5015846227218312,4953.338448781461,0.6636887962255454
0.049800000000000004,15.329179790948167,15.35404456381693,746.3703552828475,293.3829293823949,1.332483201750401,0.1254796441053356,11.981904633229867,7.9878992897310495,2.2619313609960514,1.5079472308444066,1.5079472308444066,4975.802368552318,0.666663567624959
0.05,15.47878965414062,15.503630862725602,749.7262790723672,292.1755289170162,1.332118825009282,0.1253894020079917,11.981829192932405,8.023344692875586,2.2613128202318062,1.5142339222996417,1.5142339222996417,4998.175193815781,0.6696260281867673
0.0502,15.629069320433956,15.653885575066626,753.0683958947725,290.9557217185418,1.3317151060157308,0.1252978952076821,11.981754673043747,8.058641240986638,2.2606274947797904,1.5204439130210363,1.5204439130210363,5020.455972631817,0.6725760509115387
0.0504,15.7800160142368,15.80480592911708,756.3965638659499,289.7235870821516,1.3312721109154966,0.12520511451809235,11.981681082861659,8.093787439236994,2.2598754969244546,1.5265764281950052,1.5265764281950052,5042.643759106332,0.6755135096037713
0.0506,15.931626931671692,15.956389124927913,759.710642008625,288.47920429876416,1.3307899065602677,0.12511105080631815,11.981608431571814,8.128781802437093,2.259056940148603,1.532630702348881,1.532630702348881,5064.737613390833,0.6784382788722727
0.050800000000000005,16.08389924075646,16.108632334504392,763.0104902523083,287.22265265508565,1.330268560509488,0.12501569499460763,11.981536728246748,8.1636228550346,2.258171939136477,1.5386059794376565,1.5386059794376565,5086.736601682055,0.6813502341305411
0.051000000000000004,16.236830081585563,16.261532701986624,766.295969433243,285.9540114336577,1.3297081410321678,0.12491903806210337,11.981465981844845,8.198309131113973,2.2572206097768284,1.5445015129294433,1.5445015129294433,5108.639796221621,0.6842492515971438
0.0512,16.39041656651144,16.415087343830105,769.5669412943537,284.6733599129111,1.3291087171087086,0.12482107104658416,11.981396201209323,8.232839174396068,2.256203069166018,1.5503165658896916,1.5503165658896916,5130.4462752956915,0.6871352082960999
0.0514,16.544655780325844,16.5692933489862,772.8232684851937,283.38077736721266,1.328470358432712,0.12472178504620578,11.98132739506723,8.26721153823771,2.2551194356110855,1.5560504110641127,1.5560504110641127,5152.1551232346255,0.6900079820572602
0.0516,16.69954478044115,16.724147779082692,776.0648145618951,282.0763430669141,1.3277931354127932,0.12462117122124063,11.981259572028476,8.301424785631305,2.2539698286328282,1.5617023309603357,1.5617023309603357,5173.7654304126345,0.6928674515166889
0.051800000000000006,16.85508059707168,16.879647668604303,779.2914439871179,280.760136278401,1.3270771191743913,0.12451922079581573,11.981192740584861,8.335477489204427,2.2527543689688745,1.5672716179282782,1.5672716179282782,5195.276293247453,0.6957134961170428
0.052000000000000005,17.011260233414994,17.035790025073144,782.5030221300004,279.4322362641374,1.3263223815615715,0.12441592505964909,11.981126909109129,8.369368231219434,2.251473178576742,1.5727575742392292,1.5727575742392292,5216.686814200003,0.6985459961079529
0.0522,17.168080665833187,17.192571829229326,785.6994152661102,278.0927222827173,1.3255289951388378,0.12431127536978333,11.981062085854036,8.403095603573089,2.2501263806369165,1.5781595121636576,1.5781595121636576,5237.996101774069,0.7013648325464042
0.0524,17.32553884403416,17.34999003521143,788.8804905773952,276.7416735889093,1.3246970331929306,0.12420526315231722,11.980998278951429,8.43665820779616,2.248714099555901,1.583476754047713,1.583476754047713,5259.203270515968,0.7041698872971154
0.0526,17.48363169125291,17.508041570737024,792.0461161521353,275.37916943370163,1.323826569734621,0.12409787990413387,11.980935496411337,8.470054655053058,2.2472364609692645,1.5887086323884323,1.5887086323884323,5280.307441014235,0.706961043032917
0.0528,17.64235610443277,17.666723337283194,795.1961609848954,274.0052890643499,1.3229176795005082,0.12398911719462569,11.980873746121109,8.503283566141468,2.2456935917446903,1.5938544899076514,1.5938544899076514,5301.307739899303,0.7097381832351305
0.053000000000000005,17.801708954406685,17.826032210267023,798.3304949764779,272.6201117244204,1.3219704379548052,0.12387896666741564,11.980813035844506,8.536343571491969,2.244085619985009,1.5989136796246075,1.5989136796246075,5322.203299843186,0.7125011921939451
0.053200000000000004,17.961687086078424,17.98596503922617,801.4489889338761,271.223716653836,1.3209849212911247,0.12376742004207449,11.980753373220873,8.569233311167695,2.2424126750312303,1.6038855649272385,1.6038855649272385,5342.9932595591745,0.7152499550087947
0.0534,18.122287318603846,18.14651864799937,804.5515145702287,269.81618308892115,1.3199612064342605,0.12365446911583347,11.980694765764294,8.601951434863965,2.240674887465566,1.6087695196421696,1.6087695196421696,5363.676763801525,0.7179843575887324
0.0536,18.283506445572105,18.307689834906885,807.6379445047734,268.3975902624428,1.3188993710419534,0.12354010576529229,11.980637220862759,8.634496601907937,2.2388723891144275,1.6135649281033746,1.6135649281033746,5384.252963365157,0.7207042866528048
0.0538,18.445341235186874,18.469475372931107,810.708152262803,266.9680174036573,1.3177994935066688,0.12342432194812188,11.980580745777365,8.66686748125827,2.2370053130514442,1.6182711852195402,1.6182711852195402,5404.721015085353,0.7234096297304257
0.054,18.607788430447542,18.63187200989705,813.7620122756198,265.52754373835023,1.3166616529573492,0.12330710970476168,11.98052534764152,8.69906275150477,2.2350737936004386,1.622887696540084,1.622887696540084,5425.080081837465,0.7261002751617451
0.054200000000000005,18.77084474933043,18.794876468652866,816.7993998804926,264.0762484888815,1.3154859292611767,0.12318846116011103,11.980471033460162,8.731081100868073,2.2330779663384175,1.6274138783198702,1.6274138783198702,5445.329332536618,0.7287761120980223
0.054400000000000004,18.934506884969956,18.958485447250325,819.8201913206127,262.61421087422445,1.3142724030253148,0.12306836852521419,11.98041781010901,8.762921227199302,2.2310179680985285,1.6318491575825735,1.6318491575825735,5465.467942137418,0.7314370305019912
0.0546,19.09877150583983,19.122695619125373,822.8242637450509,261.14151011000894,1.3130211555986513,0.12294682409893878,11.980365684333808,8.794581837979743,2.2288939369730194,1.6361929721827269,1.6361929721827269,5485.495091633673,0.7340829211482273
0.0548,19.263635255934236,19.28750363327866,825.8114952087151,259.65822540856453,1.311732269073537,0.12282382026964742,11.980314662749603,8.826061650320534,2.2267060123161895,1.640444770866437,1.640444770866437,5505.4099680581,0.7367136756235136
0.055,19.429094754948963,19.452906114456027,828.7817646723086,258.1644359789559,1.3104058262874996,0.12269934951686158,11.980264751840032,8.857359390962337,2.224454334747299,1.6446040133307356,1.6446040133307356,5525.211764482057,0.7393291863272009
0.055200000000000006,19.595146598462595,19.618899663329042,831.7349520022881,256.6602210270276,1.3090419108249696,0.12257340441291815,11.98021595795662,8.888473796275028,2.222139046153498,1.6486701702816227,1.6486701702816227,5544.8996800152545,0.7419293464715698
0.055400000000000005,19.761787358117633,19.785480856675502,834.670937970823,255.14565975544184,1.3076406070189852,0.12244597762461759,11.980168287318111,8.9194036122574,2.219760289692722,1.65264272349074,1.65264272349074,5564.4729198054865,0.7445140500821882
0.055600000000000004,19.92901358180165,19.952646247559944,837.5896042557547,253.62083136371766,1.3062019999528889,0.1223170619148637,11.980121746009791,8.950147594536848,2.217318209796571,1.6565211658507055,1.6565211658507055,5583.930695038364,0.7470831919982671
0.0558,20.096821793828415,20.120392365514206,840.4908334405566,252.08581504827015,1.30472617546202,0.12218665014429465,11.980076339982851,8.980704508369081,2.2148129521731827,1.6603050014290983,1.6603050014290983,5603.272222937044,0.7496366678730143
0.056,20.265208495119005,20.28871571671791,843.3745090142944,250.5406900024494,1.3032132201353934,0.1220547352729047,11.980032075053746,9.011073128637815,2.2122446638100817,1.6639937455210854,1.6639937455210854,5622.496726761963,0.7521743741739847
0.0562,20.434170163382944,20.457612784178952,846.2405153715868,248.98553541657768,1.3016632213173684,0.1219213103616563,11.979988956903592,9.041252239854495,2.209613492977015,1.6675869247006954,1.6675869247006954,5641.603435810579,0.7546962081834292
0.056400000000000006,20.603703253299287,20.627080027914115,849.0887378125673,247.42043047798805,1.3000762671093091,0.12178636857408243,11.97994699107755,9.071240636158004,2.206919589228766,1.6710840768707302,1.6710840768707302,5660.591585417116,0.7572020679986399
0.056600000000000004,20.773804196697732,20.79711388512946,851.9190625428454,245.84545437105885,1.2984524463712261,0.1216499031778785,11.979906182984266,9.101037121314375,2.204163103407946,1.6744847513113084,1.6744847513113084,5679.460416952303,0.759691852532292
0.0568,20.9444694027397,20.967710770400934,854.7313766734692,244.26068627725405,1.296791848723422,0.12151190754648358,11.979866537895276,9.130640508716528,2.2013441876477846,1.6777885087270614,1.6777885087270614,5698.209177823129,0.7621654615127854
0.057,21.11569525809944,21.13886707585488,857.5255682208877,242.66620537515797,1.295094564548112,0.12137237516065075,11.979828060944484,9.160049621383974,2.1984629953748818,1.680994921292943,1.680994921292943,5716.837121472584,0.7646227954845789
0.0572,21.287478127145082,21.31057917134851,860.3015261069145,241.06209084050974,1.293360684991034,0.1212312996100058,11.979790757127617,9.18926329196257,2.1955196813119406,1.6841035726986744,1.6841035726986744,5735.34350737943,0.7670637558085256
0.0574,21.45981435211972,21.48284340465045,863.0591401586903,239.4484218462417,1.2915903019630555,0.12108867459459444,11.979754631301699,9.218280362724226,2.1925144014804956,1.6871140581918243,1.6871140581918243,5753.727601057936,0.7694882446622018
0.057600000000000005,21.632700253322472,21.655656101621283,865.7983011086483,237.82527756251216,1.2897835081417561,0.12094449392641722,11.979719688184566,9.247099685566667,2.1894473132035985,1.690025984619504,1.690025984619504,5771.988674057656,0.7718961650402351
0.057800000000000004,21.806132129289526,21.829013566393982,868.5189005944774,236.19273715673873,1.2879403969729997,0.12079875153095206,11.979685932354375,9.275720122013148,2.1863185751084875,1.6928389704686801,1.6928389704686801,5790.1260039631825,0.7742874207546262
0.058,21.980106256975215,22.00291208155455,871.2208311590874,234.5508797936393,1.2860610626725102,0.12065144144866391,11.979653368249139,9.30414054321222,2.1831283471292613,1.6955526459051395,1.6955526459051395,5808.138874393915,0.7766619164350702
0.0582,22.154618891933012,22.177347908322425,873.9039862505746,232.89978463525833,1.284145600227403,0.1205025578365013,11.979622000166268,9.33235982993747,2.1798767905094807,1.6981666528110273,1.6981666528110273,5826.02657500383,0.779019557529273
0.0584,22.329666268496613,22.352317286731072,876.5682602221873,231.2395308410027,1.2821941053977226,0.12035209496937911,11.979591832262148,9.360376872587263,2.1765640678047764,1.7006806448210259,1.7006806448210259,5843.788401481248,0.7813602503032618
0.058600000000000006,22.50524459996093,22.52781643580846,879.2135483322916,229.5701975676784,1.280206674717971,0.12020004724164786,11.979562868551714,9.388190571184511,2.173190342885445,1.7030942873571595,1.7030942873571595,5861.4236555486095,0.7836839018416963
0.058800000000000005,22.681350078763117,22.70384155375758,881.8397467443383,227.89186396951555,1.2781834054985932,0.12004640916854831,11.979535112908053,9.415799835376419,2.1697557809389703,1.7054072576621693,1.7054072576621693,5878.931644962255,0.7859904200481713
0.059000000000000004,22.85797887666361,22.880388818137018,884.4467525268299,226.2046091982115,1.2761243958274915,0.11989117538765169,11.979508569062022,9.443203584434258,2.166260548472594,1.7076192448315624,1.7076192448315624,5896.3116835122,0.7882797136455195
0.0592,23.035127144927092,23.05745438604137,887.0344636532875,224.50851240295142,1.2740297445714726,0.11973434066028509,11.97948324060187,9.470400747253107,2.162704813315772,1.7097299498441925,1.7097299498441925,5913.563091021916,0.7905516921761058
0.0594,23.212791014503534,23.23503439428186,889.6027790022187,222.80365273044737,1.2718995513777227,0.11957589987294125,11.979459130972902,9.497390262351646,2.159088744622678,1.7117390855915133,1.7117390855915133,5930.685193348125,0.7928062660021215
0.0596,23.390966596209154,23.41312495956681,892.1515983570862,221.09010932496716,1.2697339166752437,0.11941584803867296,11.979436243477135,9.52417107787191,2.1554125128746424,1.7136463769054049,1.7136463769054049,5947.677322380575,0.7950433463058724
0.059800000000000006,23.56964998090743,23.591722178682165,894.6808224062756,219.36796132836648,1.267532941676281,0.1192541802984715,11.979414581272984,9.550742151579065,2.1516762898825763,1.7154515605846106,1.7154515605846106,5964.538816041837,0.7972628450900614
0.060000000000000005,23.748837239690072,23.770822128671988,897.1903527430651,217.6372878801138,1.2652967283777188,0.11909089192262852,11.979394147374963,9.577102450861192,2.147880248789338,1.7171543854197593,1.7171543854197593,5981.269018287099,0.7994646751780695
0.060200000000000004,23.928524424058008,23.95042086701902,899.680091865594,215.89816811732922,1.2630253795624906,0.11892597831208158,11.979374944653395,9.603250952729049,2.1440245640721294,1.7187546122170305,1.7187546122170305,5997.867279103961,0.8016487502142294
0.0604,24.10870756610232,24.13051443182518,902.1499431768333,214.1506811748073,1.2607189988009382,0.11875943499974244,11.979356975834154,9.62918664381587,2.140109411544803,1.7202520138203747,1.7202520138203747,6014.3329545122215,0.8038149846640967
0.0606,24.28938267868526,24.31109884199204,904.5998109845549,212.39490618504894,1.2583776904521713,0.11859125765180821,11.979340243498413,9.654908520377141,2.136134968360168,1.7216463751323512,1.7216463751323512,6030.665406563699,0.8059632938147142
0.0608,24.470545755621163,24.492170097401456,907.0296005013029,210.63092227828977,1.2560015596654046,0.11842144206905482,11.979324750082398,9.680415588290382,2.1321014130122613,1.7229374931335657,1.7229374931335657,6046.86400334202,0.8080935937748742
0.061000000000000006,24.65219277185741,24.67372417909593,909.4392178443638,208.85880858253012,1.2535907123812788,0.11824998418811247,11.97931049787719,9.705706863054948,2.128008925338591,1.724125176900702,1.724125176900702,6062.928118962425,0.8102058014753738
0.061200000000000004,24.834319683655394,24.855757049459257,911.8285700357382,207.0786442235603,1.251145255333155,0.1180768800827228,11.979297489028522,9.730781369791812,2.1238576865223315,1.7252092476231378,1.7252092476231378,6078.857133571587,0.8122998346692651
0.0614,25.01692242877143,25.038264652396972,914.1975650021119,205.29050832499195,1.2486652960484017,0.11790212596497752,11.979285725536581,9.755638143243369,2.1196478790945092,1.726189538618177,1.726189538618177,6094.650433347412,0.8143756119321037
0.0616,25.19999692663771,25.221242913516917,916.5461115748286,203.49448000828363,1.246150942849653,0.11772571818653808,11.979275209255862,9.780276227773221,2.11537968693614,1.7270658953448539,1.7270658953448539,6110.307410498857,0.8164330526621869
0.0618,25.383539078543226,25.40468774030967,918.8741194898612,201.69063839276524,1.2436023048560436,0.11754765323983603,11.979265941895004,9.804694677365985,2.111053295280321,1.7278381754163334,1.7278381754163334,6125.827463265742,0.8184720770807912
0.062,25.56754476781469,25.588595022329187,921.1814993877854,199.87906259567106,1.2410194919844437,0.11736792775925389,11.979257925016668,9.828892555627089,2.106668890714334,1.7285062486109282,1.7285062486109282,6141.209995918569,0.8204926062324026
0.062200000000000005,25.75200985999746,25.77296063137324,923.4681628137525,198.0598317321638,1.2384026149506555,0.11718653852228628,11.979251160037421,9.852868935782586,2.1022266611816685,1.7290699968816834,1.7290699968816834,6156.454418758351,0.822494561984942
0.062400000000000004,25.93693020303644,25.957780421663927,925.7340222174623,196.2330249153546,1.2357517852705793,0.11700348245068067,11.979245648227625,9.876622900678948,2.0977267959840082,1.7295293143645405,1.7295293143645405,6171.560148116415,0.8244778670299855
0.0626,26.122301627457,26.14305023002823,927.9789909531376,194.39872125634048,1.2330671152613988,0.11681875661155786,11.97924139071138,9.90015354278288,2.093169485783239,1.7298841073851463,1.7298841073851463,6186.52660635425,0.8264424448829781
0.06280000000000001,26.308119946545865,26.32876587607854,930.2029832794975,192.55699986422013,1.2303487180426984,0.11663235821851162,11.979238388466431,9.923459964181133,2.0885549226033464,1.7301342944641918,1.7301342944641918,6201.353221863316,0.8283882198834448
0.063,26.49438095653203,26.514923162393057,932.4059143597328,190.7079398461196,1.227596707537581,0.11644428463268734,11.979236642324143,9.94654127658031,2.083883299832314,1.7302798063213713,1.7302798063213713,6216.039429064886,0.8303151171951921
0.0632,26.68108043676764,26.70151787469652,934.5877002614797,188.8516203072253,1.2248111984737804,0.11625453336383941,11.979236152969465,9.96939660130669,2.07915481222401,1.7303205858779542,1.7303205858779542,6230.584668409865,0.8322230628065073
0.0634,26.868214149908866,26.888545782040516,936.7482579567958,186.98812035079848,1.221992306384713,0.11606310207136672,11.979236920940906,9.992025069306035,2.074369655899976,1.7302565882579009,1.7302565882579009,6244.988386378639,0.8341119835303511
0.0636,27.05577784209681,27.076002636984153,938.8875053221351,185.11751907820678,1.2191401476105428,0.11586998856532674,11.979238946630549,10.014425821143409,2.0695280283512303,1.7300877807876114,1.7300877807876114,6259.250035480901,0.8359818070045434
0.06380000000000001,27.243767243138365,27.263884175774454,941.0053611383238,183.23989558894218,1.2162548392991985,0.11567519080742698,11.979242230284068,10.036598007003004,2.064630128439998,1.7298141429942395,1.7298141429942395,6273.369074255493,0.8378324616919448
0.064,27.432178066687097,27.45218611852694,943.1017450905364,181.35532898064776,1.2133364994073839,0.11547870691199437,11.979246772000769,10.058540786687962,2.0596761564014234,1.729435666602618,1.729435666602618,6287.344967270243,0.8396638768806319
0.06420000000000001,27.621006010424107,27.64090416940618,945.1765777682726,179.463898349143,1.210385246701564,0.1152805351469217,11.979252571733632,10.080253329620188,2.054666313845248,1.7289523555307786,1.7289523555307786,6301.177185121817,0.8414759826840664
0.0644,27.810246756238897,27.830034016806223,947.2297806653332,177.56568278843864,1.2074012007589072,0.1150806739345913,11.979259629289391,10.101734814840194,2.0496008037574045,1.728364225884034,1.728364225884034,6314.865204435556,0.8432687100412589
0.0646,27.99989597041022,28.019571333531157,949.2612761797983,175.66076139076978,1.2043844819682417,0.11487912185277538,11.979267944328626,10.122984431006907,2.044479830501645,1.7276713059477116,1.7276713059477116,6328.408507865321,0.845041990716925
0.0648,28.189949303786943,28.20951177697567,951.2709876140032,173.7492132466092,1.2013352115309464,0.114675877635513,11.979277516365858,10.144001376397505,2.0393035998210514,1.7268736361784223,1.7268736361784223,6341.806584093355,0.8467957573016374
0.065,28.380402391968897,28.39985098930551,953.2588391745177,171.83111744469417,1.198253511461849,0.11447094017396324,11.979288344769673,10.164784858907248,2.034072318839559,1.725971269193975,1.725971269193975,6355.058927830119,0.848529943211972
0.06520000000000001,28.57125085548771,28.590584597637974,955.2247559721229,169.9065530720461,1.1951395045900834,0.11426430851723458,11.979300428762858,10.185334096049315,2.0287861960634137,1.7249642697618615,1.7249642697618615,6368.165039814153,0.8502444826906465
0.0654,28.762490299987657,28.781708214222515,957.1686640217904,167.97559921399088,1.1919933145599242,0.11405598187318994,11.979313767422564,10.20564831495462,2.0234454413825875,1.723852714786344,1.723852714786344,6381.124426811936,0.8519393108066523
0.0656,28.9541163164065,28.97321743662123,959.09049024266,166.0383349541835,1.188815065831608,0.11384595960922737,11.97932835968047,10.225726752371664,2.018050266072174,1.7226366932941657,1.7226366932941657,6393.936601617733,0.8536143634553832
0.0658,29.146124481156303,29.16510784788933,960.9901624580198,164.09483937462633,1.185604883682115,0.11363424125303619,11.979344204322974,10.245568654666364,2.012600882793714,1.7213163064188377,1.7213163064188377,6406.601083053465,0.8552695773587553
0.066,29.338510356304273,29.357375016755693,962.8676093952844,162.1451915556863,1.182362894205924,0.11342082649332808,11.979361299991398,10.265173277821892,2.0070975055964766,1.7198916673835294,1.7198916673835294,6419.117395968563,0.8569048900653212
0.06620000000000001,29.531269489753583,29.55001449780338,964.7227606859751,160.1894705761214,1.1790892243157642,0.11320571518054336,11.97937964518221,10.284539887438502,2.001540349918736,1.7183629014825963,1.7183629014825963,6431.485071239833,0.8585202399503777
0.0664,29.724397415424196,29.74302183165014,966.5555468656992,158.22775551309547,1.1757840017433123,0.11298890732753174,11.979399238247261,10.303667758733386,1.9959296325889564,1.7167301460616802,1.7167301460616802,6443.7036457713275,0.8601155662160688
0.0666,29.917889653433658,29.936392545128978,968.3658993741304,156.26012544219964,1.1724473550398848,0.11277040311020778,11.979420077394042,10.322556176540505,1.9902655718269653,1.714993550496441,1.714993550496441,6455.7726624942015,0.8616908088914798
0.0668,30.111741710277926,30.130122151468576,970.1537505549893,154.28665943747052,1.1690794135770919,0.11255020286818049,11.979442160685961,10.341204435310427,1.9845483872450638,1.7131532761698856,1.7131532761698856,6467.691670366595,0.863245908832726
0.067,30.305949079012183,30.324206150473948,971.9190336560238,152.30743657141286,1.16568030754748,0.11232830710535727,11.97946548604262,10.359611839110185,1.9787782998491175,1.7112094964483382,1.7112094964483382,6479.460224373492,0.8647808077230373
0.06720000000000001,30.50050723943162,30.518640028706773,973.6616828289905,150.3225359150096,1.162250167965117,0.11210471649052162,11.979490051240127,10.377777701623103,1.9729555320395507,1.709162396655976,1.709162396655976,6491.0778855266035,0.8662954480728323
0.0674,30.69541165825226,30.713419259666107,975.3816331296351,148.33203653775047,1.1587891266661958,0.11187943185788465,11.979515853911423,10.395701346148645,1.9670803076123697,1.7070121740480486,1.7070121740480486,6502.5442208642335,0.8677897732197877
0.06760000000000001,30.890657789291737,30.908539303968727,977.0788205176752,146.33601750764228,1.1552973163095688,0.11165245420761026,11.979542891546608,10.413382105602278,1.9611528517600707,1.7047590377826682,1.7047590377826682,6513.858803451169,0.8692637273289038
0.0678,31.086241073650097,31.1039956095298,978.753181856781,144.33455789123065,1.1517748703772817,0.11142378470631367,11.979571161493304,10.43081932251529,1.9551733910725464,1.7024032088912486,1.7024032088912486,6525.0212123785395,0.8707172553925582
0.068,31.282156939890577,31.299783611743308,980.4046549145576,142.32773675361565,1.1482219231750679,0.11119342468753314,11.97960066095703,10.44801234903466,1.949142153537924,1.6999449202475623,1.6999449202475623,6536.031032763716,0.8721503032305574
0.0682,31.4784008042204,31.495898733662575,982.0331783625277,140.3156331584708,1.1446386098328232,0.11096137565217497,11.979631387001575,10.464960546922896,1.943059368543373,1.6973844165354401,1.6973844165354401,6546.887855750184,0.8735628174901806
0.0684,31.674968070671554,31.692336386180838,983.6386917761139,138.29832616805626,1.141025066305041,0.11072763926893125,11.979663336549418,10.48166328755788,1.9369252668758414,1.6947219542150784,1.6947219542150784,6557.591278507425,0.8749547456462148
0.06860000000000001,31.871854131281566,31.889091968211666,985.2211356346219,136.27589484324156,1.1373814293712414,0.11049221737467059,11.979696506382144,10.498119951932736,1.9307400807227866,1.6919578014880252,1.6919578014880252,6568.140904230811,0.8763260360009869
0.0688,32.069054366274294,32.08616086686958,986.7804513212228,134.24841824351466,1.1337078366363433,0.11025511197480135,11.979730893140871,10.514329930655657,1.9245040436728054,1.6890922382607543,1.6890922382607543,6578.536342141487,0.8776766376843869
0.069,32.266564144240675,32.2835384576505,988.3165811229376,132.21597542700596,1.1300044265310407,0.11001632524360766,11.979766493326718,10.530292623949766,1.9182173907162732,1.686125556106935,1.686125556106935,6588.77720748625,0.8790065006538837
0.0692,32.464378822319496,32.4812201046123,989.8294682306199,130.17864545049696,1.1262713383121206,0.10977585952455751,11.97980330330126,10.54600744165298,1.9118803582458839,1.6830580582283055,1.6830580582283055,6598.863121537466,0.8803155756945383
0.0694,32.66249374637818,32.67920116055535,991.3190567389404,128.1365073694395,1.122508712062774,0.10953371733058341,11.97984131928703,10.561473803217837,1.9054931840571783,1.6798900594142212,1.6798900594142212,6608.793711592936,0.8816038144190038
0.06960000000000001,32.86090425119353,32.877476967202945,992.7852916463706,126.08964023797196,1.1187166886928734,0.10928990134433514,11.979880537368,10.57669113771137,1.8990561073490138,1.676621885999861,1.676621885999861,6618.568610975804,0.8828711692675265
0.0698,33.0596056606325,33.0760428553819,994.2281188551675,124.03812310892992,1.1148954099392114,0.10904441441840461,11.979920953490122,10.591658883814949,1.8925693687239704,1.6732538758230646,1.6732538758230646,6628.1874590344505,0.884117593507933
0.07,33.25859328783292,33.27489414520304,995.647485171358,121.98203503386812,1.111045018365735,0.10879725957552262,11.979962563461843,10.60637648982414,1.886033210188748,1.6697863781798787,1.6697863781798787,6637.649901142386,0.8853430412356165
0.0702,33.4578624353843,33.474026146241705,997.043338304724,119.92145506306751,1.1071656573637194,0.10854844000872764,11.980005362954657,10.62084341364856,1.8794478751544623,1.6662197537787198,1.6662197537787198,6646.95558869816,0.8865474673735134
0.0704,33.65740839550852,33.67343415771833,998.415626868787,117.85646224555491,1.1032574711519416,0.1082979590815062,11.98004934750368,10.63505912281172,1.8728136084369382,1.662554374693245,1.662554374693245,6656.104179125246,0.887730827672073
0.07060000000000001,33.85722645024064,33.87311346867886,999.764300380794,115.78713562911284,1.0993206047768052,0.1080458203279053,11.980094512508234,10.649023094450897,1.8661306562569226,1.6587906243138761,1.6587906243138761,6665.09533587196,0.8888930787092216
0.0708,34.05731187160958,34.07305935817533,1001.0893092617032,113.7135542602982,1.0953552041124546,0.10779202745261621,11.980140853232424,10.662734815316979,1.859399266240278,1.6549288972980334,1.6549288972980334,6673.928728411355,0.8900341778903218
0.07100000000000001,34.257659921818906,34.27326709544645,1002.3906048361689,111.63579718445283,1.0913614158608447,0.10753658433102992,11.980188364805771,10.676193781774316,1.852619687418101,1.6509695995190197,1.6509695995190197,6682.604032241126,0.8911540834481197
0.0712,34.45826585342757,34.47373194009792,1003.6681393325282,109.55394344571572,1.0873393875517854,0.10727949500926433,11.980237042223838,10.68939949980059,1.8457921702267965,1.6469131480136137,1.6469131480136137,6691.120928883521,0.8922527544426921
0.0714,34.65912490953059,34.67444914228321,1004.9218658827872,107.46807208703977,1.083289267542967,0.10702076370416261,11.98028688034886,10.702351484986659,1.8389169665081233,1.6427599709283658,1.6427599709283658,6699.479105885248,0.8933301507613824
0.0716,34.86023232393987,34.87541394288384,1006.1517385226077,105.37826215020019,1.079211205019941,0.10676039480326323,11.980337873910425,10.715049262536418,1.8319943295091592,1.638510507464573,1.638510507464573,6707.678256817385,0.8943862331187316
0.0718,35.06158332136482,35.07662157369003,1007.3577121912932,103.28459267581287,1.075105349996091,0.10649839286474139,11.980390017506135,10.727492367266656,1.8250245138822534,1.6341652078219906,1.6341652078219906,6715.718081275288,0.8954209630564026
0.07200000000000001,35.263173117593205,35.27806725758124,1008.5397427317764,101.18714270334048,1.0709718533125512,0.10623476261732161,11.980443305602305,10.739680343606912,1.8180077756848865,1.629724533141214,1.629724533141214,6723.59828487851,0.8964343029430983
0.0722,35.464996919671776,35.47974620870655,1009.6977868906059,99.08599127110998,1.0668108666381202,0.10596950896016197,11.980497732534662,10.751612745599324,1.8109443723795253,1.6251889554448227,1.6251889554448227,6731.318579270707,0.897426215974472
0.0724,35.66704992608702,35.681653632665345,1010.8318023179343,96.98121741632039,1.0626225424691247,0.10570263696270954,11.980553292509073,10.763289136898502,1.803834562833391,1.6205589575772081,1.6205589575772081,6738.878682119563,0.8983966661730327
0.0726,35.86932732694589,35.88378472668769,1011.9417475675045,94.8729001750572,1.0584070341292695,0.10543415186452715,11.980609979602281,10.77470909077137,1.7966786073182046,1.6158350331431581,1.6158350331431581,6746.2783171166975,0.8993456183880428
0.0728,36.071824304156536,36.08613467981494,1013.0275820966389,92.7611185823049,1.0541644957694554,0.10516405907509141,11.980667787762659,10.785872190097031,1.7894767675098782,1.611017686445166,1.611017686445166,6753.517213977593,0.9002730382954095
0.07300000000000001,36.27453603160897,36.28869867308017,1014.0892662662261,90.64595167195502,1.0498950823675575,0.1048923641735623,11.980726710810966,10.796778027366617,1.782229306488138,1.6061074324194708,1.6061074324194708,6760.595108441506,0.9011788923975708
0.0732,36.477457675355815,36.49147187968885,1015.1267613407102,88.52747847681694,1.0455989497281823,0.10461907290852397,11.98078674244115,10.807426204683162,1.7749364887361123,1.6011047965708505,1.6011047965708505,6767.5117422714,0.9020631480233735
0.0734,36.680584393793026,36.694449465199156,1016.1400294880779,86.40577802863373,1.0412762544824068,0.10434419119769676,11.980847876221127,10.817816333761435,1.7675985801398884,1.596010314906187,1.596010314906187,6774.266863253853,0.9029257733279455
0.0736,36.88391133784056,36.89762658770268,1017.1290337798479,84.2809293580881,1.0369271540874667,0.10406772512762102,11.9809101055936,10.827948035927806,1.760215847987984,1.5908245338667595,1.5908245338667595,6780.860225198986,0.9037667372925615
0.0738,37.08743365112309,37.1009983980048,1018.0937381910597,82.15301149481634,1.032551806826436,0.10378968095331195,11.980973423876888,10.837820942120121,1.7527885609708023,1.5855480102593331,1.5855480102593331,6787.291587940399,0.9045860097245039
0.07400000000000001,37.291146470150764,37.30456003980527,1019.0341076002625,80.0221034674136,1.0281503718078562,0.10351006509788616,11.98103782426577,10.84743469288753,1.745316989180003,1.5801813111859861,1.5801813111859861,6793.560717335083,0.905383561256914
0.0742,37.4950449244998,37.508306649878705,1019.9501077895036,77.88828430344802,1.023723008965358,0.10322888415215975,11.981103299832327,10.85678893839036,1.7378014041078609,1.574725013972753,1.574725013972753,6799.667385263358,0.9061593633486408
0.07440000000000001,37.69912413699328,37.71223335825519,1020.8417054443186,75.75163302947179,1.0192698790572492,0.10294614487421784,11.981169843526835,10.865883338399975,1.7302420786465653,1.569179706097048,1.569179706097048,6805.61136962879,0.906913388284081
0.0746,37.9033792238818,37.916335288400624,1021.7088681537202,73.61222867102472,1.014791143666056,0.10266185418895593,11.981237448178634,10.874717562298613,1.722639287087441,1.5635459851138453,1.5635459851138453,6811.392454358135,0.9076456091730131
0.0748,38.107805295024185,38.120607557397456,1022.551564410189,71.47015025265173,1.0102869651980675,0.10237601918759281,11.981306106497032,10.88329128907926,1.7149933051201767,1.5578244585807246,1.5578244585807246,6817.010429401261,0.9083559999504263
0.075,38.31239745406817,38.32504527612495,1023.3697636096621,69.3254767979061,1.0057575068828204,0.10208864712715542,11.981375811072219,10.891604207345502,1.7073044098319485,1.5520157439816653,1.5520157439816653,6822.465090731081,0.9090445353763431
0.0752,38.51715079863108,38.52964354943996,1024.1634360515236,67.17828732935995,1.001202932772573,0.10179974542993547,11.981446554376204,10.899656015311376,1.6995728797065286,1.5461204686496892,1.5461204686496892,6827.75624034349,0.9097111910356345
0.07540000000000001,38.72206042048053,38.73439747635724,1024.9325529385953,65.02866086861358,0.9966234077417468,0.10150932168291811,11.981518328763741,10.907446420801227,1.691798994623336,1.540139269688321,1.540139269688321,6832.883686257302,0.9103559433378309
0.0756,38.92712140571513,38.93930215023008,1025.6770863771267,62.87667643630477,0.9920190974863414,0.10121738363718268,11.981591126473297,10.914975141249567,1.683983035856444,1.5340727938918812,1.5340727938918812,6837.847242514178,0.9109787695169262
0.0758,39.132328834945135,39.14435265893082,1026.397009376785,60.722413052116565,0.9873901685233184,0.10092393920727558,11.981664939628025,10.92224190370092,1.6761252860735345,1.5279216976646153,1.5279216976646153,6842.646729178568,0.911579647631175
0.076,39.337677783473154,39.34954408503125,1027.0922958506471,58.56594973478414,0.9827367881899549,0.10062899647055551,11.981739760236735,10.929246444809687,1.6682260293348004,1.521686646938667,1.521686646938667,6847.281972337647,0.9121585565628866
0.0762,39.543163321474815,39.55487150598332,1027.762920615189,56.40736550210933,0.9780591246431878,0.10033256366651112,11.981815580194908,10.935988510839993,1.6602855510918313,1.5153683170909358,1.5153683170909358,6851.75280410126,0.9127154760182093
0.07640000000000001,39.74878051417945,39.76032999429951,1028.4088593902782,54.246739370958565,0.9733573468588923,0.10003464919605112,11.981892391285694,10.942467857665548,1.6523041381863914,1.5089673928587413,1.5089673928587413,6856.059062601856,0.9132503865269138
0.0766,39.954524422050774,39.96591461773334,1029.0300887991643,52.08415035727724,0.9686316246311711,0.09973526162076717,11.981970185180948,10.948684250769492,1.6442820788492105,1.5024845682544152,1.5024845682544152,6860.2005919944295,0.9137632694421655
0.07680000000000001,40.16039010096756,40.171620439460014,1029.6265863684705,49.919677476098094,0.9638821285716026,0.09943440966216953,11.982048953442256,10.954637465244254,1.6362196626987084,1.4959205464787595,1.4959205464787595,6864.1772424564715,0.9142541069402956
0.077,40.366372602404304,40.37744251825681,1030.1983305281847,47.75339974154379,0.9591090301084487,0.09913210220089579,11.982128687522,10.9603272857914,1.6281171807396508,1.4892760398333689,1.4892760398333689,6867.988870187898,0.914722882020564
0.0772,40.57246697361191,40.58337590868368,1030.7453006116518,45.585396166839665,0.9543125014858604,0.09882834827589251,11.982209378764416,10.965753506721494,1.6199749253618003,1.482551769631893,1.482551769631893,6871.635337411013,0.915169578504917
0.07740000000000001,40.77866825779836,40.78941566126372,1031.2674768555655,43.41574576431621,0.9494927157630314,0.09852315708357037,11.982291018406677,10.97091593195393,1.6117931903384795,1.4757484661101665,1.4757484661101665,6875.116512370437,0.9155941810377402
0.0776,40.98497149430938,40.99555682266368,1031.7648403999597,41.244527545418464,0.9446498468133421,0.09821653797693267,11.982373597579976,10.975814375016817,1.6035722708251179,1.4688668683352841,1.4688668683352841,6878.432269333064,0.9159966750856067
0.07780000000000001,41.19137171880907,41.201794435874575,1032.237373288201,39.07182052071341,0.9397840693234734,0.09790850046467742,11.982457107310637,10.980448659046795,1.5953124633577482,1.4619077241135918,1.4619077241135918,6881.5824885880065,0.9163770469370172
0.078,41.397863963460665,41.40812354039204,1032.6850584669812,36.89770369989482,0.9348955587924872,0.09759905421027336,11.982541538521229,10.984818616788905,1.5870140658514447,1.4548717898976067,1.4548717898976067,6884.567056446541,0.9167352837021374
0.0782,41.60444325710709,41.61453917239703,1033.1078797863097,34.72225609178942,0.9299844915308852,0.09728820903100993,11.982626882031697,10.988924090596434,1.5786773775987253,1.4477598306918846,1.4477598306918846,6887.385865242065,0.9170713733125289
0.0784,41.81110462545169,41.82103636493618,1033.5058219995053,32.54555670436597,0.9250510446596483,0.09697597489702138,11.982713128560505,10.992764932430774,1.5703026992679217,1.4405726199578555,1.4405726199578555,6890.038813330036,0.9173853045208756
0.0786,42.017843091238866,42.027610148102426,1033.8788707631902,30.36768454473921,0.9200953961092376,0.0966623619302854,11.98280026872579,10.99634100386125,1.561890332901484,1.433310939517598,1.433310939517598,6892.525805087934,0.917677066900704
0.07880000000000001,42.22465367443476,42.23425554921547,1034.2270126372812,28.188718619176395,0.9151177246185784,0.09634738040359624,11.982888293046521,10.999652176064993,1.5534405819142538,1.4259755794566056,1.4259755794566056,6894.846750915208,0.9179466508460999
0.079,42.43153139240787,42.44096759300231,1034.5502350849845,26.008737933102072,0.9101182097340135,0.09603104073951267,11.982977191943693,11.002698329826773,1.5449537510916898,1.4185673380255248,1.4185673380255248,6897.001567233231,0.9181940475714188
0.0792,42.638471260109746,42.647741301777764,1034.8485264727874,23.827821491109066,0.9050970318082452,0.09571335350928115,11.98306695574151,11.005479355538847,1.5364301465880708,1.411087021540906,1.411087021540906,6898.990176485248,0.918419249110991
0.0794,42.84546829025563,42.854571695625,1035.1218760704514,21.646048296955694,0.9000543719992236,0.09539432943173401,11.983157574668581,11.007995153200817,1.5278700759246082,1.4035354442849184,1.4035354442849184,6900.812507136343,0.9186222483188256
0.0796,43.05251749350511,43.061453792576074,1035.3702740510073,19.463497353577207,0.8949904122690402,0.09507397937216336,11.98324903885915,11.010245632419466,1.5192738479875685,1.395913428404119,1.395913428404119,6902.468493673382,0.9188030388683036
0.07980000000000001,43.25961387864277,43.26838260879228,1035.5937114907467,17.28024766308853,0.8899053353827802,0.09475231434117061,11.983341338354313,11.012230712408607,1.5106417730263246,1.388221803807223,1.388221803807223,6903.958076604978,0.9189616152518719
0.08,43.46675245275885,43.47535315874493,1035.7921803692168,15.096378226791956,0.8847993249073591,0.09442934549349198,11.983434463103258,11.01395032198894,1.5019741626513814,1.3804614080619193,1.3804614080619193,6905.281202461445,0.91909797278073
0.08020000000000001,43.67392822142989,43.68236045539571,1035.965673569213,12.911968045181098,0.8796725652103304,0.09410508412680046,11.983528402964511,11.015404399587874,1.4932713298323512,1.3726330862907232,1.3726330862907232,6906.437823794755,0.9192121075845123
0.0804,43.88113618889939,43.88939951037717,1036.1141848767747,10.727096117942201,0.8745252414586615,0.09377954168048389,11.98362314770721,11.016592893239395,1.4845335888958762,1.3647376910658726,1.3647376910658726,6907.427899178498,0.9193040166109667
0.0806,44.088371358258435,44.09646533417337,1036.2377089811769,8.5418414439651,0.8693575396175092,0.09345272973440016,11.98371868701236,11.0175157605839,1.4757612555235498,1.3567760823033266,1.3567760823033266,6908.251393207846,0.9193736976256289
0.08080000000000001,44.29562873162638,44.30355293630032,1036.3362414749256,6.356283021345477,0.8641696464489522,0.0931246600076093,11.983815010474132,11.018172968868035,1.4669546467497647,1.3487491271558045,1.3487491271558045,6908.908276499505,0.9194211492114903
0.081,44.50290331033143,44.51065732548642,1036.4097788537522,4.170499847385514,0.858961749510699,0.09279534435708282,11.983912107601142,11.018564494944552,1.45811408095952,1.3406576999049202,1.3406576999049202,6909.398525691681,0.9194463707686665
0.08120000000000001,44.71019009509138,44.71777350985319,1036.458318516607,1.9845709186050042,0.8537340371547941,0.09246479477639073,11.98400996781777,11.018690325272145,1.4492398778862248,1.3325026818524381,1.3325026818524381,6909.722123444047,0.9194493625140563
0.0814,44.91748408619414,44.92489649709556,1036.481858765654,-0.2014247692604177,0.8484866985262763,0.09213302339436642,11.984108580465472,11.018550455915287,1.4403323586094199,1.3242849612106022,1.3242849612106022,6909.879058437693,0.9194301254809991
0.0816,45.1247802836785,45.13202129466255,1036.4803988062647,-2.3874082212482546,0.8432199235618408,0.09180004247374962,11.9842079348041,11.018144892544077,1.4313918455525079,1.3160054329916306,1.3160054329916306,6909.869325375097,0.9193886615189296
0.0818,45.33207368751467,45.33914290993764,1036.4539387470143,-4.573300443174214,0.8379339029884474,0.09146586440980797,11.984308020013245,11.017473650434082,1.4224186624803894,1.3076649988962867,1.3076649988962867,6909.692924980095,0.9193249732930268
0.082,45.53935929778499,45.546256350419526,1036.4024795996745,-6.759022441618779,0.8326288283219454,0.09113050172893715,11.98440882519358,11.016536754466179,1.4134131344971297,1.299264567201659,1.299264567201659,6909.349863997831,0.9192390642838599
0.08220000000000001,45.746632114864525,45.753356623902285,1036.3260232792102,-8.944495223929316,0.8273048918656456,0.09079396708724032,11.984510339368224,11.01533423912639,1.4043755880435345,1.290805052648042,1.290805052648042,6908.840155194735,0.9191309387870306
0.0824,45.95388713960171,45.960438738656244,1036.2245726037725,-11.129639798214576,0.8219622867088868,0.0904562732690867,11.984612551484101,11.013866148505722,1.3953063508947154,1.2822873763250116,1.2822873763250116,6908.163817358484,0.9190006019128113
0.0826,46.16111937349902,46.1674977036083,1036.0981312946951,-13.314377173341784,0.8166012067255778,0.09011743318565005,11.984715450413319,11.012132536300012,1.3862057521576168,1.2737124655566747,1.2737124655566747,6907.320875297968,0.9188480595857814
0.0828,46.36832381889356,46.37452852852245,1035.9467039764884,-15.498628358931324,0.8112218465727232,0.08977745987342697,11.984819024954568,11.01013346580976,1.377074122268512,1.2650812537861096,1.2650812537861096,6906.311359843256,0.9186733185444573
0.083,46.57549547913773,46.58152622418034,1035.7702961768355,-17.68231436535453,0.805824401688925,0.08943636649273576,11.984923263834492,11.007869009939972,1.3679117929904594,1.2563946804590107,1.2563946804590107,6905.13530784557,0.9184763863409235
0.08320000000000001,46.78262935877984,46.78848580256188,1035.568914326587,-19.865356203729206,0.8004090682928673,0.08909416632619574,11.985028155709122,11.005339251199986,1.3587190974107317,1.2476536909065448,1.2476536909065448,6903.792762177246,0.9182572713404552
0.0834,46.98972046374478,46.99540227702551,1035.3425657597563,-22.04767488591993,0.7949760433817736,0.08875087277718768,11.98513368916527,11.002544281703324,1.349496369938196,1.2388592362274273,1.2388592362274273,6902.283771731709,0.9180159827211423
0.08360000000000001,47.196763801514585,47.20227066248904,1035.0912587135156,-24.229191424530597,0.7895255247298618,0.08840649936829573,11.985239852721968,10.99948420316753,1.3402439463006917,1.230012273169261,1.230012273169261,6900.608391423437,0.9177525304735088
0.0838,47.40375438130913,47.4090859756098,1034.8150023281905,-26.40982683290121,0.7840577108867715,0.08806105973973061,11.985346634831892,10.996159126913978,1.3309621635423592,1.2211137640091096,1.2211137640091096,6898.766682187937,0.9174669254001273
0.084,47.61068721426674,47.61584323496558,1034.5138066472564,-28.589502125108744,0.7785728011759638,0.08771456764773536,11.9854540238828,10.992569173867748,1.3216513600209265,1.2121646764333278,1.2121646764333278,6896.75871098171,0.9171591791152357
0.08420000000000001,47.817557313624796,47.82253746123472,1034.1876826173338,-30.768138315962712,0.773070995693118,0.08736703696297306,11.985562008199,10.98871447455743,1.3123118754049845,1.2031659834166808,1.2031659834166808,6894.584550782225,0.9168293040443448
0.0844,48.02435969490039,48.02916367737703,1033.8366420881841,-32.94565642099825,0.7675524953045119,0.08701848166889758,11.985670576042791,10.984595169114971,1.3029440506712395,1.1941186631007648,1.1941186631007648,6892.244280587895,0.9164773134238487
0.08460000000000001,48.231089376070955,48.23571690881389,1033.4606978127056,-35.121977456481936,0.7620175016453614,0.08666891586010725,11.98577971561594,10.980211407275513,1.293548228101694,1.185023698671684,1.185023698671684,6889.737985418036,0.9161032213006302
0.0848,48.437741377754875,48.44219218360912,1033.0598634469288,-37.29702243940111,0.7564662171181786,0.08631835374068206,11.985889415061155,10.975563348377214,1.284124751280859,1.1758820782371024,1.1758820782371024,6887.065756312858,0.9157070425316629
0.085,48.64431072339211,48.648584532649416,1032.634153550013,-39.47071238746085,0.7508988448910958,0.08596680962250472,11.98599966246357,10.970651161361092,1.2746739650929098,1.1666947947025925,1.1666947947025925,6884.22769033342,0.9152887927836145
0.0852,48.85079243942484,48.85488898982467,1032.1835835842428,-41.64296831909084,0.7453155888961532,0.08561429792356591,11.986110445852233,10.965475024770857,1.2651962157187788,1.157462845647293,1.157462845647293,6881.223890561618,0.9148484885324443
0.0854,49.057181555478074,49.06110059220877,1031.7081699150226,-43.813711253434626,0.7397166538276099,0.08526083316625405,11.986221753201612,10.960035126752741,1.2556918506332886,1.148187233198981,1.148187233198981,6878.05446610015,0.9143861470630003
0.08560000000000001,49.26347310454028,49.26721438023986,1031.2079298108747,-45.98286221034789,0.7341022451402193,0.0849064299756301,11.986333572433098,10.95433166505533,1.2461612186022242,1.1388689639084775,1.1388689639084775,6874.719532072497,0.9139017864686138
0.0858,49.469662123144005,49.47322539790104,1030.6828814434336,-48.15034221040123,0.7284725690474807,0.08455110307768764,11.986445891416519,10.948364847029389,1.2366046696793656,1.1295090486234185,1.1295090486234185,6871.219209622891,0.9133954256506928
0.08600000000000001,49.6757436515465,49.679128692900875,1030.1330438874443,-50.316072274868034,0.7228278325199101,0.0841948672975987,11.986558697971663,10.942134889627706,1.2270225552035514,1.120108502361472,1.120108502361472,6867.553625916294,0.912867084318313
0.0862,49.881712733910334,49.88491931685368,1029.558437120757,-52.47997342573869,0.7171682432832365,0.08383773755794566,11.986671979869804,10.935642019404924,1.2174152277956176,1.1106683441828678,1.1106683441828678,6863.7229141383805,0.9123167829878084
0.0864,50.087564418484035,50.090592325460484,1028.9590820243243,-54.64196668569703,0.7114940098166712,0.08347972887693958,11.98678572483525,10.928886472517343,1.2077830413554607,1.1011895970624743,1.1011895970624743,6859.727213495496,0.9117445429823559
0.08660000000000001,50.29329375778268,50.29614277868905,1028.3350003821981,-56.80197307814071,0.705805341351065,0.08312085636662561,11.986899920546865,10.921868494722798,1.1981263510589069,1.0916732877611666,1.0916732877611666,6855.566669214653,0.9111503864315672
0.0868,50.498895808768516,50.50156574095467,1027.6862148815248,-58.95991362715701,0.700102447867152,0.08276113523107542,11.98701455463964,10.914588341380442,1.1884455133547336,1.0821204466967815,1.0821204466967815,6851.241432543498,0.9105343362710685
0.08700000000000001,50.704365633031635,50.706856281300766,1027.0127491125431,-61.11570935754398,0.6943855400936803,0.08240058076456738,11.987129614706227,10.907046277450599,1.1787408859614945,1.072532107814388,1.072532107814388,6846.751660750288,0.9098964162420882
0.0872,50.90969829697051,50.91200947357906,1026.3146275685808,-63.269281294789785,0.6886548295056237,0.08203920834975492,11.987245088298526,10.899242577494594,1.169012827864485,1.0629093084561654,1.0629093084561654,6842.097517123871,0.9092366508910378
0.0874,51.11488887197267,51.11702039663055,1025.5918756460499,-65.42055046507537,0.6829105283223312,0.08167703345582321,11.98736096292923,10.891177525674573,1.1592616993125995,1.053253089230699,1.053253089230699,6837.279170973666,0.9085550655690947
0.0876,51.319932434595295,51.321884134465606,1024.844519644445,-67.56943789528168,0.6771528495056522,0.0813140716366347,11.98747722607342,10.882851415753342,1.1494878618151505,1.0435644938817483,1.0435644938817483,6832.296797629633,0.9078516864317826
0.0878,51.524824066745815,51.52659577644469,1024.0725867663396,-69.7158646129777,0.6713820067580977,0.08095033852886406,11.98759386517012,10.874264551094173,1.1396916781387463,1.0338445691566078,1.0338445691566078,6827.150578442264,0.9071265404385513
0.08800000000000001,51.72955885586258,51.731150417458956,1023.2761051173826,-71.85975164642367,0.6655982145209541,0.08058584985012258,11.987710867623914,10.865417244660664,1.129873512304089,1.0240943646739369,1.0240943646739369,6821.840700782552,0.9063796553523567
0.0882,51.93413189509542,51.9355431581105,1022.4551037062956,-74.00102002457042,0.6598016879723976,0.08022062139707287,11.987828220806506,10.856309819016541,1.1200337295827738,1.0143149327911485,1.0143149327911485,6816.367358041971,0.9056110597392395
0.0884,52.13853828348627,52.1397691048932,1021.6096124448695,-76.1395907770488,0.6539926430256204,0.07985466904353383,11.987945912058343,10.846942606325493,1.110172696494109,1.004507328471387,1.004507328471387,6810.730749632464,0.9048207829679022
0.0886,52.34277312614981,52.34382337037301,1020.7396621479614,-78.27538493417795,0.6481712963269064,0.0794880087385767,11.988063928690199,10.837315948351002,1.1002907808018474,0.9946726091500131,0.9946726091500131,6804.93108098641,0.9040088552092893
0.0888,52.54683153445406,52.54770107336843,1019.8452845334926,-80.40832352696718,0.6423378652537113,0.07912065650461222,11.988182257984793,10.82743019645617,1.0903883515109298,0.9848118346006951,0.9848118346006951,6798.9685635566175,0.903175307436163
0.08900000000000001,52.75070862620097,52.75139733913134,1018.9265122224439,-82.53832758710209,0.6364925679127716,0.07875262843546972,11.988300887198386,10.817285711603539,1.080465778864273,0.9749260668011525,0.9749260668011525,6792.843414816293,0.902320171422682
0.0892,52.95439952580706,52.954907299527136,1017.9833787388543,-84.66531814694595,0.6306356231381698,0.07838394069446804,11.988419803562419,10.806882864354925,1.0705234343394858,0.9650163697984602,0.9650163697984602,6786.555858259028,0.9014434797439781
0.08940000000000001,53.15789936448405,53.15822609321558,1017.0159185098173,-86.78921623954861,0.6247672504893755,0.07801460951247934,11.988538994285111,10.796222034871237,1.060561690645545,0.9550838095739541,0.9550838095739541,6780.106123398783,0.900545265775734
0.0896,53.36120328041943,53.36134886583096,1016.0241668654782,-88.90994289863266,0.6188876702493323,0.07764465118598546,11.988658446553107,10.78530361291231,1.0505809217195459,0.9451294539078577,0.9451294539078577,6773.494445769854,0.8996255636937612
0.0898,53.56430641895707,53.56427077016302,1015.0081600390313,-91.02741915860476,0.6129971034224789,0.07727408207512802,11.988778147533079,10.774127997836725,1.040581502723344,0.9351543722434755,0.9351543722434755,6766.721066926874,0.8986844084735781
0.09000000000000001,53.76720393277787,53.76698696633707,1013.9679351667169,-93.14156605453628,0.6070957717328351,0.07690291860175198,11.988898084373385,10.76269559860164,1.0305638100403067,0.9251596355511653,0.9251596355511653,6759.786234444779,0.8977218358899883
0.0902,53.969890982080315,53.96949262199488,1012.9035302878194,-95.25230462217802,0.6011838976220043,0.07653117724744361,11.989018244205697,10.751006833762608,1.020528221271921,0.9151463161918747,0.9151463161918747,6752.690201918795,0.8967378825166589
0.09040000000000001,54.17236273476114,54.17178291247487,1011.8149843446636,-97.3595558979579,0.5952617042472091,0.0761588745515629,11.989138614146635,10.73906213147342,1.0104751152344602,0.9051154877804393,0.9051154877804393,6745.4332289644235,0.8957325857257016
0.0906,54.374614366595885,54.37385302099285,1010.7023371826123,-99.46324091896649,0.5893294154793499,0.07578602710927103,11.989259181299417,10.726861929485901,1.0004048719556868,0.8950682250486313,0.8950682250486313,6738.015581217415,0.8947059836872511
0.0908,54.57664106141955,54.57569813882243,1009.5656295500638,-101.5632807229739,0.5833872559009867,0.07541265156955336,11.989379932755506,10.714406675149771,0.9903178726714282,0.8850056037078335,0.8850056037078335,6730.437530333759,0.8936581153690482
0.091,54.778438011307166,54.77731346547565,1008.4049030984493,-103.65959634841207,0.5774354508043973,0.07503876463323808,11.989500855596262,10.701696825412435,0.9802144998222795,0.8749287003115728,0.8749287003115728,6722.699353989662,0.8925890205360195
0.0912,54.98000041675441,54.97869420888324,1007.2202003822297,-105.7521088343861,0.5714742261895635,0.07466438305101125,11.989621936894586,10.688732846818835,0.970095137050185,0.8648385921177106,0.8648385921177106,6714.8013358815315,0.891498739749863
0.09140000000000001,55.181323486858204,55.17983558557549,1006.0115648588941,-107.84073922066591,0.5655038087622005,0.07428952362142843,11.989743163716595,10.67551521551126,0.9599601691950936,0.854736356950475,0.854736356950475,6706.74376572596,0.89038731436863
0.0916,55.38240243949736,55.38073282086251,1004.7790408889555,-109.92540854768333,0.5595244259317701,0.07391420318892344,11.989864523123252,10.662044417229183,0.9498099822915852,0.8446230730622613,0.8446230730622613,6698.526939259704,0.8892547865463133
0.0918,55.583232501513145,55.58138114901483,1003.5226737359504,-112.00603785654089,0.5535363058094648,0.07353843864181445,11.989986002172058,10.64832094730907,0.9396449635654496,0.8344998189951901,0.8344998189951901,6690.15115823967,0.8881011992324314
0.092,55.78380890888987,55.78177581344395,1002.2425095664349,-114.08254818900363,0.5475396772062295,0.0731622469103082,11.99010758791869,10.63434531068423,0.929465501430328,0.8243676734425484,0.8243676734425484,6681.616730442899,0.8869265961716195
0.0922,55.98412690693553,55.98191206688278,1000.9385954499818,-116.15486058749232,0.5415347696307762,0.07278564496450232,11.99022926741868,10.620118021884615,0.9192719854843424,0.8142277151100463,0.8142277151100463,6672.923969666545,0.8857310219032175
0.09240000000000001,56.18418175046242,56.18178517156622,999.6109793591793,-118.22289609509671,0.5355218132875537,0.07240864981238641,11.990351027729076,10.605639605036655,0.9090648065066499,0.8040810225768609,0.8040810225768609,6664.073195727861,0.884514521760863
0.0926,56.38396870396768,56.38139039941162,998.2597101696279,-120.28657575556639,0.5295010390747672,0.07203127849784224,11.99047285591012,10.590910593863097,0.8988443564540802,0.7939286741566127,0.7939286741566127,6655.064734464186,0.8832771418720841
0.09280000000000001,56.583483041813956,56.58072303219945,996.8848376599376,-122.34582061330022,0.5234726785823993,0.07165354809864348,11.9905947390269,10.575931531682802,0.8886110284577767,0.7837717477582244,0.7837717477582244,6645.898917732919,0.8820189291578955
0.093,56.78272004840995,56.77977836175354,995.4864125117265,-124.40055171336678,0.5174369640901622,0.07127547572445521,11.99071666415104,10.5607029714106,0.8783652168197198,0.7736113207465649,0.7736113207465649,6636.576083411511,0.8807399313323957
0.0932,56.98167501839105,56.97855169012194,994.0644863096167,-126.4506901014854,0.5113941285655381,0.070897078514834,11.990838618362362,10.545225475557098,0.8681073170094012,0.7634484698031331,0.7634484698031331,6627.096575397445,0.8794401969023666
0.09340000000000001,57.180343256799965,57.17703832975711,992.6191115412336,-128.4961568240323,0.5053444056617646,0.07051837363722845,11.99096058875056,10.529499616228513,0.8578377256604031,0.7532842707865773,0.7532842707865773,6617.460743608224,0.878119775166876
0.0936,57.37872007926723,57.375233603696614,991.1503415972021,-130.53687292803863,0.49928802971583924,0.0701393782849809,11.991082562416882,10.513525975126498,0.8475568405670112,0.7431197985931796,0.7431197985931796,6607.668943981348,0.8767787162168807
0.09380000000000001,57.5768008121919,57.5731328457437,989.6582307711452,-132.57275946118546,0.49322523574653165,0.06976010967533071,11.991204526475792,10.497305143547965,0.837265060680841,0.7329561270172982,0.7329561270172982,6597.721538474301,0.8754170709348343
0.094,57.7745807929221,57.77073140064764,988.142834259681,-134.60373747181595,0.48715625945235996,0.06938058504741942,11.99132646805666,10.480837722384914,0.8269627861074013,0.7227943286117214,0.7227943286117214,6587.618895064539,0.8740348909942957
0.0942,57.972055369935646,57.96802462428434,986.60420816242,-136.62972800890978,0.48108133720965407,0.06900082166029806,11.991448374305422,10.464124322124265,0.8166504181028079,0.7126354745481297,0.7126354745481297,6577.361387749467,0.8726322288595414
0.0944,58.16921990302062,58.16500788383689,985.042409481964,-138.65065212211226,0.47500070607049805,0.06862083679093726,11.991570232386271,10.447165562847674,0.80632835907029,0.7024806344773664,0.7024806344773664,6566.949396546426,0.87120913778518
0.0946,58.36606976345598,58.36167655797599,983.4574961239018,-140.6664308617056,0.4689146037608063,0.0682406477322404,11.991692029483321,10.42996207423137,0.7959970125569243,0.6923308763899187,0.6923308763899187,6556.383307492678,0.8697656718157695
0.09480000000000001,58.56260033419216,58.55802603704058,981.8495268968088,-142.67698527862896,0.4628232686782938,0.06786027179106008,11.991813752802285,10.412514495545981,0.7856567832501903,0.6821872664762618,0.6821872664762618,6545.663512645392,0.8683018857854385
0.095,58.758807010031674,58.75405172321829,980.2185615122427,-144.6822364244625,0.4567269398905298,0.06747972628621851,11.991935389572152,10.394823475656356,0.775308076974665,0.6720508689873593,0.6720508689873593,6534.790410081618,0.8668178353175084
0.0952,58.95468519780969,58.94974903072583,978.5646605847427,-146.6821053514342,0.4506258571329454,0.06709902854653199,11.992056927046859,10.376889673021406,0.764951300688642,0.6619227460951533,0.6619227460951533,6523.764403898284,0.865313576824122
0.0954,59.15023031657463,59.145113385989916,976.8878856318263,-148.676513112417,0.4445202608068679,0.06671819590884011,11.992178352506961,10.358713755693916,0.7545868624807944,0.6518039577531526,0.6518039577531526,6512.585904212175,0.863789167505871
0.0956,59.34543779776881,59.340140227827234,975.1882990739872,-150.66538076092638,0.4384103919775582,0.06633724571603954,11.992299653261316,10.340296401320398,0.7442151715668428,0.6416955615571109,0.6416955615571109,6501.2553271599145,0.862244665351432
0.09580000000000001,59.54030308540895,59.53482500762545,973.4659642346925,-152.64862935112137,0.43229649237224566,0.06595619531512352,11.992420816648732,10.321638297140888,0.7338366382862196,0.631598612605793,0.631598612605793,6489.773094897951,0.860680129137201
0.096,59.73482163626685,59.72916318952332,971.7209453403807,-154.62617993780145,0.4261788043781788,0.06557506205522669,11.992541830039658,10.302740139988805,0.7234516740987604,0.6215141633618759,0.6215141633618759,6478.139635602537,0.8590956184269348
0.09620000000000001,59.928988920049946,59.923150250591654,969.9533075204595,-156.59795357640172,0.42005757104068525,0.065193863285676,11.992662680837844,10.283602636290771,0.7130606915814103,0.6114432635129881,0.6114432635129881,6466.3553834697295,0.8574911935713952
0.0964,60.12280041958189,60.11678168101329,968.1631168073028,-158.5638713230054,0.4139330360611988,0.06481261635404814,11.992783356482006,10.264226502066437,0.7026641044248746,0.6013869598328383,0.6013869598328383,6454.420778715352,0.8558669157079956
0.0966,60.316251630983196,60.310052984264146,966.3504401362488,-160.52385423432833,0.40780544379535766,0.06443133860423339,11.99290384444749,10.244612462928323,0.6922623274303912,0.591346296042606,0.591346296042606,6442.336267574993,0.8542228467604537
0.09680000000000001,60.50933806385175,60.50295967729337,964.5153453455974,-162.47782336771573,0.40167503925107945,0.06405004737450677,11.99302413224793,10.224761254081642,0.6818557765064621,0.5813223126724629,0.5813223126724629,6430.102302303983,0.8525590494384463
0.097,60.70205524144349,60.695497290703926,962.657901176608,-164.42569978116134,0.3955420680865961,0.06366875999560653,11.99314420743692,10.20467362032414,0.6714448686655181,0.5713160469232237,0.5713160469232237,6417.719341177387,0.850875587237269
0.09720000000000001,60.894398700852925,60.88766136893344,960.7781772734967,-166.36740453328,0.3894067766085997,0.0632874937888203,11.993264057609661,10.184350316045922,0.6610300220207712,0.5613285325283541,0.5613285325283541,6405.187848489977,0.8491725244374994
0.0974,61.08636399319378,61.079447470434104,958.8762441834341,-168.30285868332456,0.3832694117702966,0.06290626606407941,11.993383670404608,10.16379210522929,0.650611655782911,0.5513607996160621,0.5513607996160621,6392.508294556227,0.8474499261046657
0.0976,61.27794668377956,61.270851167853756,956.9521733565433,-170.23198329118128,0.37713022116951916,0.06252509411806152,11.993503033505139,10.142999761448575,0.6401901902568999,0.5414138745716999,0.5414138745716999,6379.681155710288,0.8457078580889184
0.0978,61.46914235230414,61.46186804821604,955.0060371458967,-172.15469941736094,0.3709894530468554,0.06214399523230216,11.993622134641194,10.12197406786997,0.6297660468387978,0.5314887799004347,0.5314887799004347,6366.706914305978,0.8439463870247054
0.098,61.65994659302234,61.652493713101244,953.0379088075142,-174.07092812300488,0.3648473562837534,0.06176298667131501,11.993740961590918,10.100715817251375,0.6193396480125445,0.5215865340901448,0.5215865340901448,6353.586058716761,0.8421655803304559
0.09820000000000001,61.85035501493058,61.84272377882647,951.0478625003602,-175.98059046987976,0.3587041804006623,0.06138208568072192,11.993859502182303,10.079225811942216,0.6089114173468034,0.5117081514746373,0.5117081514746373,6340.319083335735,0.8403655062082629
0.0984,62.04036324194738,62.03255387662635,949.0359732863419,-177.88360752038074,0.352560175555162,0.06100130948539229,11.993977744294835,10.057504863883295,0.5984817794917875,0.5018546420971429,0.5018546420971429,6326.906488575614,0.8385462336435751
0.09860000000000001,62.22996691309401,62.22197965283359,947.0023171303062,-179.77990033752687,0.34641559254012155,0.06062067528759271,11.99409567586111,10.035553794606622,0.5880511601761323,0.49202701157415285,0.49202701157415285,6313.348780868709,0.8367078324048907
0.0988,62.41916168267503,62.41099676905931,944.9469709000373,-181.66938998495198,0.34027068278187755,0.06024020026514666,11.994213284868485,10.013373435235248,0.5776199862038046,0.482226260959603,0.482226260959603,6299.6464726669155,0.8348503730434575
0.099,62.60794322045895,62.5996009023738,942.8700123662544,-183.55199752692266,0.3341256983383625,0.05985990156960493,11.994330559360687,9.990964626483121,0.567188685450924,0.47245338660932235,0.47245338660932235,6285.800082441697,0.832973926892978
0.09920000000000001,62.796307211858725,62.78778774548685,940.7715202026096,-185.42764402831727,0.32798089189733143,0.05947979632442689,11.994447487439448,9.968328218654902,0.5567576868627541,0.46270938004596757,0.46270938004596757,6271.810134684064,0.8310785660693173
0.0994,62.984249358112415,62.975553006928315,938.6515739856846,-187.29625055463248,0.3218365167745379,0.05909990162317299,11.994564057266109,9.945465071645819,0.5463274204506046,0.4529952278242521,0.4529952278242521,6257.677159904563,0.8291643634702188
0.09960000000000001,63.17176537646372,63.162892411228746,936.5102541949886,-189.15773817198084,0.3156928269119411,0.05872023452770863,11.99468025706324,9.922376054941507,0.535898317288789,0.4433119113965966,0.4433119113965966,6243.401694633257,0.827231392775024
0.0998,63.35885100034261,63.349801699099665,934.347642212956,-191.01202794709735,0.30955007687590547,0.058340812066419785,11.99479607511625,9.899062047617841,0.525470809511568,0.4336604069791636,0.4336604069791636,6228.984281419705,0.8252797284443956
0.1,63.54550197954588,63.53627662761444,932.1638203249431,-192.85904094731544,0.3034085218554802,0.057961651232440674,11.994911499774979,9.875523938340788,0.5150453303102288,0.42404168541841436,0.42404168541841436,6214.425468832954,0.8233094457200497
0.10020000000000001,63.73171408041773,63.722312970388316,929.9588717192271,-194.69869824059356,0.2972684176605777,0.057582768981893705,11.995026519455305,9.851762625366248,0.5046223139299931,0.41445671205794826,0.41445671205794826,6199.725811461514,0.8213206206244901
0.1004,63.917483086030366,63.9079065177595,927.7328804870016,-196.5309208954926,0.29113002072027483,0.057204182232141895,11.995141122640728,9.827779016539889,0.49420219566713325,0.40490644660595243,0.40490644660595243,6184.885869913344,0.8193133299607488
0.10060000000000001,64.10280479636458,64.09305307696903,925.4859316223752,-198.3556299811837,0.2849935880810588,0.05682590786005414,11.995255297883965,9.803574029296998,0.48378541186599494,0.3953918430030316,0.3953918430030316,6169.906210815835,0.8172876513121323
0.1008,64.28767502849034,64.27774847234207,923.2181110223689,-200.17274656744092,0.27885937740511996,0.056447962700283495,11.995369033808513,9.779148590662334,0.47337239991609875,0.38591384929057126,0.38591384929057126,6154.787406815792,0.8152436630419755
0.101,64.47208961674734,64.46198854546768,920.9295054869132,-201.9821917246462,0.27272764696863055,0.05607036354355883,11.995482319110245,9.75450363724996,0.4629635982492186,0.376473407479567,0.376473407479567,6139.530036579421,0.8131814442933956
0.1012,64.6560444129256,64.64576915537975,918.6202027188456,-203.7838865237822,0.26659865566006424,0.05569312713498991,11.99559514255896,9.729640115263097,0.4525594463365289,0.3670714534200115,0.3670714534200115,6124.134684792303,0.8111010749890581
0.1014,64.83953528644606,64.82908617873754,916.290291323908,-205.5777520364311,0.26047266297851523,0.05531627017238623,11.995707492999951,9.704558980493976,0.44216038468575125,0.3577089166707973,0.3577089166707973,6108.601942159386,0.8090026358309449
0.10160000000000001,65.02255812454118,65.011935510006,913.939860810744,-207.3637093347735,0.2543499290320319,0.05493980930459003,11.995819359355558,9.679261198323678,0.43176685483832583,0.34838672037016855,0.34838672037016855,6092.932405404959,0.8068862083001281
0.1018,65.20510883243543,65.19431306163631,911.5690015908962,-209.14167949159145,0.24823071453595552,0.054563761129823245,11.99593073062672,9.653747743721986,0.42137929936659124,0.3391057811067285,0.3391057811067285,6077.126677272641,0.8047518746565514
0.10200000000000001,65.38718333352598,65.37621476424651,909.1778049788039,-210.9115835802554,0.24211528081130895,0.054188142194049195,11.996041595894507,9.628019601247244,0.4109981618710492,0.3298670087910762,0.3298670087910762,6061.18536652536,0.8025997179388167
0.1022,65.5687775695632,65.55763656680206,906.7663631918,-212.67334267472955,0.236003889783159,0.05381296898934869,11.996151944321664,9.602077765046198,0.4006238869775848,0.32067130652798437,0.32067130652798437,6045.109087945333,0.8004298219639764
0.1024,65.74988750083126,65.73857443679609,904.3347693501082,-214.42687784957107,0.22989680397900686,0.05343825795231106,11.99626176515413,9.575923238853854,0.3902569203347339,0.31151957048920736,0.31151957048920736,6028.898462334055,0.7982422713273313
0.10260000000000001,65.93050910632877,65.91902436043019,901.883117476841,-216.17211017992597,0.223794286527202,0.0530640254624403,11.996371047722558,9.54955703599333,0.37989770861099115,0.3024126897869303,0.3024126897869303,6012.554116512274,0.7960371514022365
0.1028,66.11063838394922,66.09898234279487,899.4115024979964,-217.90896074152047,0.2176966011553808,0.052690287840576416,11.996479781443824,9.522980179375713,0.36954669949215885,0.2933515463478732,0.2933515463478732,5996.076683319975,0.7938145483399118
0.10300000000000001,66.29027135066171,66.27844440805,896.920020242455,-219.6373506106724,0.21160401218887587,0.05231706134733216,11.996587955822545,9.496193701499909,0.35920434167864734,0.28433701478799456,0.28433701478799456,5979.466801616367,0.7915745490692568
0.1032,66.46940404269142,66.45740659960522,894.408767441978,-221.35720086427898,0.20551678454919348,0.051944362181545474,11.996695560452544,9.469198644452508,0.3488710848828902,0.27536996228794214,0.27536996228794214,5962.725116279852,0.7893172412966781
0.1034,66.64803251570024,66.63586498030095,891.8778417312036,-223.06843257981316,0.19943518375248834,0.051572206478747676,11.99680258501837,9.441996059907634,0.3385473798267549,0.2664512484691669,0.2664512484691669,5945.8522782080245,0.787042713505915
0.10360000000000001,66.82615284496727,66.8138156325882,889.327341647645,-224.77096683532972,0.19335947590803215,0.05120061030964764,11.996909019296751,9.414587009126802,0.3282336782389435,0.25758172527071543,0.25758172527071543,5928.848944317633,0.7847510549578776
0.1038,67.00376112556953,66.99125465870954,886.7573666316869,-226.46472470946208,0.18728992771671882,0.05082958967863203,11.997014853158078,9.386972562958789,0.3179304328524548,0.24876223682677148,0.24876223682677148,5911.7157775445785,0.7824423556904887
0.10400000000000001,67.18085347256239,67.16817818087979,884.168017026583,-228.14962728140327,0.18122680646962155,0.05045916052228192,11.99712007656786,9.359153801839481,0.3076380974021354,0.23999361934498128,0.23999361934498128,5894.453446843887,0.7801167065185323
0.1042,67.35742602116026,67.34458234146582,881.5593940784535,-229.8255956309317,0.17517038004646673,0.05008933870790584,11.997224679588175,9.331131815791748,0.29735712662208863,0.2312767009854009,0.2312767009854009,5877.06262718969,0.7777741990335097
0.1044,67.53347492691707,67.52046330316784,878.9315999362816,-231.4925508383872,0.16912091691423436,0.04972014003208933,11.997328652379116,9.302907704425293,0.2870879762432991,0.2226123017403572,0.2226123017403572,5859.54399957521,0.7754149256035001
0.1046,67.70899636590687,67.69581724919965,876.2847376519111,-233.15041398466954,0.16307868612572596,0.04935158021926121,11.997431985200219,9.27448257693653,0.2768311029912015,0.21400123331502874,0.21400123331502874,5841.898251012742,0.7730389793730306
0.1048,67.88398653490448,67.87064038346877,873.6189111800436,-234.7991061512513,0.15704395731811738,0.04898367492027691,11.997534668411895,9.245857552108433,0.266586964583224,0.20544429900878397,0.20544429900878397,5824.126074533625,0.7706464542629491
0.10500000000000001,68.05844165156593,68.04492893075764,870.9342253782352,-236.43854842016097,0.15101700071159385,0.04861643971101849,11.997636692476831,9.217033758310418,0.2563560197264711,0.19694229359742202,0.19694229359742202,5806.228169188234,0.768237444970308
0.1052,68.23235795460914,68.21867913690355,868.2307860068938,-238.06866187398478,0.1449980871079618,0.04824989009101201,11.997738047961406,9.188012333498198,0.2461387281153673,0.18849600321619134,0.18849600321619134,5788.205240045958,0.7658120469682516
0.10540000000000001,68.4057317039944,68.39188726897952,865.5086997292765,-239.68936759586467,0.13898748788928528,0.04788404148206196,11.997838725537076,9.158794425213665,0.23593555042934233,0.18010620524366547,0.18010620524366547,5770.057998195177,0.7633703565059112
0.1056,68.57855918110504,68.56454961547469,862.7680741114863,-241.30058666949603,0.13298547501654162,0.047518909226903126,11.997938715981762,9.129381190584745,0.2257469483305491,0.171773668186484,0.171773668186484,5751.787160743242,0.7609124706083072
0.1058,68.75083668892789,68.73666248647473,860.009017622469,-242.90224017912192,0.12699232102830005,0.04715450858786979,11.99803801018122,9.09977379632527,0.2155733844616205,0.16349915156497974,0.16349915156497974,5733.393450816459,0.7584384870762569
0.10600000000000001,68.92256055223393,68.9082222138426,857.2316396340108,-244.49424920953507,0.1210082990394038,0.046790854745582595,11.998136599130405,9.069973418734863,0.2054153224434324,0.155283405799682,0.155283405799682,5714.877597560072,0.755948504486291
0.1062,69.09372711775885,69.07922515139893,854.4360504207351,-246.076534846073,0.11503368273968118,0.04642796279765282,11.998234473934815,9.039981243698799,0.1952732268729156,0.14712717209874454,0.14712717209874454,5696.240336138235,0.7534426221905748
0.10640000000000001,69.26433275438355,69.24966767510234,851.6223611600993,-247.64901817461566,0.10906874639267283,0.04606584775740461,11.998331625811844,9.009798466687881,0.18514756332089527,0.1390311823462979,0.1390311823462979,5677.482407733995,0.7509209403168376
0.1066,69.4343738533148,69.41954618323062,848.790683932392,-249.211620281576,0.10311376483438939,0.045704524552614756,11.998428046092098,8.97942629275832,0.175038798329982,0.1309961589917591,0.1309961589917591,5658.604559549281,0.7483835597683091
0.1068,69.6038468282657,69.58885709656028,845.94113172073,-250.76426225390776,0.09716901347204976,0.045344008024270514,11.99852372622072,8.948865936551611,0.16494739941243017,0.12302281494005157,0.12302281494005157,5639.607544804867,0.745830582223661
0.10700000000000001,69.77274811563636,69.75759685854783,843.0738184110552,-252.30686517910036,0.09123476828286647,0.04498431292534516,11.998618657758687,8.918118622294397,0.15487383504807584,0.115111853442836,0.115111853442836,5620.492122740368,0.7432621101369581
0.1072,69.9410741746944,69.92576193550998,840.1888587921317,-253.8393501451722,0.08531130581285183,0.044625453919591704,11.998712832384111,8.88718558379837,0.14481857468231024,0.10726396799073372,0.10726396799073372,5601.259058614211,0.7406782467376137
0.10740000000000001,70.1088214877555,70.09334881680428,837.2863685555424,-255.36163824066324,0.07939890317564378,0.04426744558035447,11.998806241893522,8.856068064460134,0.1347820887240867,0.09947984220655681,0.09947984220655681,5581.909123703616,0.7380790960303535
0.1076,70.275986560364,70.2603540150095,834.3664642956867,-256.8736505546441,0.07349783805131394,0.04391030238939887,11.998898878203125,8.824767317261097,0.12476484854389713,0.09176014973951475,0.09176014973951475,5562.443095304578,0.735464762795187
0.1078,70.44256592147345,70.42677406610635,831.4292635097764,-258.3753081767059,0.06760838868523511,0.04355403873575929,11.998990733350073,8.793284604767347,0.11476732647184974,0.08410555416050935,0.08410555416050935,5542.861756731842,0.7328353525873834
0.108,70.60855612362715,70.59260552965775,828.4748845978337,-259.8665321969573,0.061730833886952,0.04319866891460498,11.999081799493698,8.761621199129538,0.10478999579575186,0.07651670885846408,0.07651670885846408,5523.165897318891,0.730190971737457
0.1082,70.77395374313879,70.7578449889895,825.503446862687,-261.34724370602055,0.0558654530290722,0.04284420712612436,11.999172068916748,8.72977838208277,0.09483333075922751,0.0689942569377245,0.0689942569377245,5503.356312417913,0.727531727351158
0.10840000000000001,70.93875538027287,70.92248905137089,822.5150705099688,-262.81736379503036,0.0500125260461689,0.042490667474427354,11.999261534026601,8.697757444946491,0.08489780655985463,0.06153883111653541,0.06153883111653541,5483.433803399792,0.7248577273094721
0.1086,71.10295765942541,71.08653434819487,819.5098766481121,-264.2768135556363,0.044172333433693645,0.04213806396646603,11.99935018735648,8.665559688624363,0.07498389934731947,0.054151053626608735,0.054151053626608735,5463.399177654081,0.7221690802686234
0.10880000000000001,71.26655722930442,71.24997753515905,816.4879872883472,-265.7255140799806,0.03834515624696322,0.04178641051097338,11.999438021566633,8.63318642360417,0.06509208622169683,0.04683153611387689,0.04683153611387689,5443.2532485889815,0.7194658956600896
0.109,71.4295507631105,71.4128152924456,813.4495253446987,-267.16338646072666,0.03253127610004947,0.041435720917420496,11.999525029445518,8.600638969957693,0.05522284523156546,0.039580879540237195,0.039580879540237195,5422.996835631325,0.7167482836906184
0.1092,71.59193495871735,71.57504432490259,810.3946146339824,-268.5903517910196,0.02673097516484224,0.04108600889499184,11.99961120391096,8.567918657340607,0.04537665537241739,0.03239967408663508,0.03239967408663508,5402.63076422655,0.7140163553422562
0.10940000000000001,71.75370653885237,71.73666136222369,807.3233798758023,-270.0063311645108,0.02094453616998493,0.04073728805157884,11.999696538011314,8.53502682499238,0.035553996584850964,0.02528849905713377,0.02528849905713377,5382.155865838682,0.7112702223723796
0.1096,71.91486225127724,71.89766315912914,804.2359466925469,-271.41124567533893,0.01517224239992676,0.040389571892791645,11.999781024926587,8.501964821736157,0.0257553497529621,0.018247922784285508,0.018247922784285508,5361.572977950313,0.7085099973137361
0.10980000000000001,72.07539886896839,72.05804649554634,801.1324416093868,-272.8050164181376,0.009414377693932607,0.04004287382098908,11.999864657969573,8.468734005978662,0.01598119670266338,0.011278502535626064,0.011278502535626064,5340.882944062579,0.7057357934744913
0.11,72.23531319029765,72.21780817678992,798.0129920542706,-274.18756448802253,0.003671226445158604,0.039697207134326895,11.999947430586943,8.435335745710084,0.0062320202001149155,0.004380784421440202,0.004380784421440202,5320.086613695138,0.7029477249382828
0.1102,72.39460203921274,72.37694503374276,794.8777263579227,-275.55881098059433,-0.0020569264002900933,0.03935258502582395,12.000029336360356,8.401771418503994,-0.003491696049875159,-0.0024446966962867636,-0.0024446966962867636,5299.184842386151,0.7001459065642814
0.11040000000000001,72.55326226541786,72.53545392303613,791.7267737538391,-276.9186769919305,-0.007769795344260255,0.03900902058244678,12.000110369007523,8.368042411517218,-0.013189467405380064,-0.009197417293643822,-0.009197417293643822,5278.178491692261,0.697330453987258
0.1106,72.71129074455423,72.69333172723054,788.5602643782852,-278.2670836185831,-0.013467094337443752,0.03866652678421197,12.00019052238328,8.334150121489762,-0.02286080828887057,-0.015876865273319492,-0.015876865273319492,5257.068429188568,0.6945014836176593
0.11080000000000001,72.86868437838065,72.85057535499587,785.378329270292,-279.6039519575811,-0.019148536780265846,0.038325116503306736,12.000269790480623,8.300095954744698,-0.03250523218872289,-0.02248254005186415,-0.02248254005186415,5235.855528468614,0.6916591126416893
0.111,73.02544009495404,73.00718174129219,782.1811003716531,-280.929203106422,-0.024813835523728844,0.037984802503227506,12.000348167431747,8.265881327188065,-0.042122251660650825,-0.029013952645626055,-0.029013952645626055,5214.540669144354,0.6888034590213966
0.11120000000000001,73.18155484881,73.1631478475502,778.9687105269212,-282.2427581630623,-0.03046270287023789,0.03764559743793617,12.000425647509065,8.231507664308793,-0.051711378329107535,-0.035470625755376885,-0.035470625755376885,5193.124736846141,0.6859346414947717
0.1114,73.33702562114338,73.31847066185179,775.7412934834051,-283.54453822593126,-0.03609485057445938,0.037307513851034556,12.000502225126196,8.196976401178581,-0.061272122888742786,-0.04185209384966861,-0.04185209384966861,5171.608623222701,0.6830527795758466
0.1116,73.49184941998881,73.47314719911034,772.4989838911665,-284.83446439390195,-0.04170998984406615,0.03697056417495641,12.000577894838962,8.162288982451818,-0.07080399510566786,-0.0481579032467353,-0.0481579032467353,5149.99322594111,0.6801579935548053
0.11180000000000001,73.64602328040124,73.62717450125149,769.2419173030169,-286.11245776631824,-0.047307831340590134,0.03663476073017723,12.000652651346343,8.127446862365499,-0.08030650381890302,-0.05438761219518023,-0.05438761219518023,5128.279448686779,0.6772504044980994
0.112,73.7995442646365,73.78054963739363,765.9702301745139,-287.3784394429591,-0.05288808518011778,0.036300115724441674,12.000726489491438,8.092451504739113,-0.08977915694155798,-0.0605407909531241,-0.0605407909531241,5106.468201163426,0.6743301342485685
0.11220000000000001,73.95240946233187,73.9332697040282,762.6840598639582,-288.632330524062,-0.05845046093410011,0.03596664125200858,12.000799404262393,8.057304382974571,-0.09922146146220699,-0.06661702186611294,-0.06661702186611294,5084.560399093055,0.6713973054255713
0.1124,74.1046159906866,74.08533182520044,759.3835446323909,-289.8740521103047,-0.06399466763005046,0.0356343492929135,12.000871390793321,8.022006980056108,-0.10863292344607334,-0.07261589944350645,-0.07261589944350645,5062.556964215939,0.6684520414251195
0.1126,74.25616099464249,74.23673315268991,756.0688236435894,-291.1035253028041,-0.06952041375226548,0.03530325171224846,12.0009424443652,7.986560788550202,-0.11801304803625313,-0.07853703043348659,-0.07853703043348659,5040.458824290596,0.665494466420021
0.11280000000000001,74.40704164706436,74.38747086619075,752.7400369640648,-292.3206712031117,-0.07502740724252022,0.034973360259459164,12.00101256040676,7.950967310605484,-0.12736133945489544,-0.08438003389661311,-0.08438003389661311,5018.266913093765,0.6625247053600279
0.113,74.5572551489207,74.53754217349245,749.3973255630578,-293.52541091321825,-0.08051535550076527,0.03464468656765927,12.001081734495337,7.915228057952652,-0.13667730100438552,-0.09014454127794048,-0.09014454127794048,4995.982170420386,0.6595428839719921
0.11320000000000001,74.70679872946415,74.68694431066037,746.0408313125367,-294.7176655355355,-0.08598396538575848,0.03431724215296183,12.001149962357731,7.879344551904393,-0.1459604350684172,-0.09583019647760373,-0.09583019647760373,4973.605542083578,0.6565491287600265
0.1134,74.85566964641208,74.83567454221605,742.6706969871932,-295.8973561729051,-0.0914329432157377,0.03399103841382758,12.001217239871039,7.843318323355298,-0.155210243113135,-0.10143665591997596,-0.10143665591997596,4951.137979914622,0.6535435670056732
0.1136,75.00386518612709,74.98373016131785,739.2870662644395,-297.06440392858946,-0.09686199476903734,0.033666086630430164,12.001283563063456,7.80715091278178,-0.1644262256881807,-0.10696358862127114,-0.10696358862127114,4928.5804417629315,0.6505263267680779
0.11380000000000001,75.15138266379759,75.13110848994172,735.8900837244051,-298.21872990626406,-0.10227082528469245,0.033342397964038054,12.001348928115068,7.770843870241995,-0.17360788242771868,-0.11241067625562463,-0.11241067625562463,4905.933891496034,0.6474975368841712
0.114,75.29821942361833,75.27780687906105,732.4798948499332,-299.3602552100242,-0.10765913946305694,0.033019983456413125,12.001413331358636,7.734398755375766,-0.18275471205148558,-0.11777761321966315,-0.11777761321966315,4883.199298999555,0.6444573269688548
0.11420000000000001,75.44437283897096,75.42382270882783,729.056646026578,-300.48890094437365,-0.11302664146636554,0.03269885402922555,12.001476769280345,7.697817137404503,-0.191866212365744,-0.12306410669546958,-0.12306410669546958,4860.3776401771875,0.6414058274151951
0.1144,75.58984031260454,75.5691533887532,725.6204845426013,-301.60458821422,-0.11837303491929452,0.032379020483485156,12.001539238520543,7.661100595131126,-0.20094188026423454,-0.1282698767119862,-0.1282698767119862,4837.469896950674,0.6383431693946223
0.11460000000000001,75.73461927681609,75.7137963578872,722.1715585889684,-302.70723812486875,-0.12369802290950338,0.032060493498988984,12.001600735874458,7.624250716939998,-0.20998121172909529,-0.1333946562048197,-0.1333946562048197,4814.47705725979,0.6352694848571365
0.1148,75.87870719363117,75.85774908500022,718.7100172593466,-303.7967717820364,-0.1290013079882022,0.03174328363378481,12.001661258292895,7.58726910079684,-0.21898370183182475,-0.13843819107447805,-0.13843819107447805,4791.400115062311,0.6321849065315185
0.115,76.02210155498437,76.00100906876281,715.2360105501006,-304.8731102918242,-0.13428259217061633,0.031427401323650676,12.001720802882915,7.550157354248669,-0.22794884473407098,-0.14340024024288445,-0.14340024024288445,4768.240070334004,0.6290895679255476
0.11520000000000001,76.16479988289989,76.14357383792668,711.7496893602892,-305.9361747607205,-0.13954157693649893,0.031112856881590066,12.001779366908501,7.512917094423719,-0.23687613368850133,-0.1482805757083126,-0.1482805757083126,4744.997929068594,0.6259836033262247
0.1154,76.306799729672,76.28544095150482,708.2512054916633,-306.9858862956158,-0.14477796323065484,0.030799660497342864,12.001836947791183,7.47554994803138,-0.2457650610396919,-0.15307898259868638,-0.15307898259868638,4721.674703277756,0.6228671478000023
0.11560000000000001,76.44809867804567,76.4266079989525,704.7407116486614,-308.0221660037636,-0.14999145146333026,0.030487822236911544,12.001893543110677,7.43805755136212,-0.25461511822478905,-0.157795259223071,-0.157795259223071,4698.271410991077,0.6197403371930182
0.1158,76.5886943413971,76.5670726003473,701.2183614384074,-309.0449349928065,-0.15518174151073147,0.0301773520421028,12.001949150605459,7.400441550287426,-0.2634257957743899,-0.162429217121619,-0.162429217121619,4674.789076256049,0.6166033081313379
0.116,76.72858436391417,76.70683240656977,697.6843093707064,-310.0541143707682,-0.16034853271545213,0.029868259730084237,12.002003768173363,7.362703600259731,-0.27219658331326757,-0.16698068111371756,-0.16698068111371756,4651.228729138043,0.6134561980211986
0.11620000000000001,76.86776642077707,76.84588509948429,694.1387108580424,-311.0496252460294,-0.1654915238868501,0.029560554992955963,12.002057393872132,7.32484536631235,-0.280926969561011,-0.1714494893443654,-0.1714494893443654,4627.591405720283,0.6102991450492632
0.1164,77.00623821833882,76.98422839211895,690.5817222155745,-312.03138872734485,-0.17061041330150173,0.029254247397337098,12.002110025919947,7.286868523059425,-0.2896164423327962,-0.17583549332889475,-0.17583549332889475,4603.87814810383,0.6071322881828769
0.11660000000000001,77.14399749430574,77.12186002884681,687.0135006611342,-312.99932592383567,-0.17570489870358563,0.02894934638396674,12.00216166269595,7.248774754695849,-0.2982644885400374,-0.18013855799586417,-0.18013855799586417,4580.0900044075615,0.6039557671703294
0.1168,77.28104201791804,77.25877778556564,683.4342043152218,-313.95335794497726,-0.18077467730524244,0.02864586126731949,12.002212302740737,7.210565754997212,-0.306870594190998,-0.1843585617281556,-0.1843585617281556,4556.228028768145,0.6007697225411235
0.117,77.41736959013033,77.39497946987919,679.8439922010035,-314.8934059005958,-0.1858194457869397,0.028343801235235038,12.002261944756828,7.1722432273197425,-0.31543424439141005,-0.18849539640228605,-0.18849539640228605,4532.293281340023,0.5975742956062484
0.11720000000000001,77.55297804379224,77.53046292127718,676.2430242443081,-315.8193909008777,-0.19083890029785122,0.028043175348561954,12.002310587609111,7.133808884600243,-0.3239549233451179,-0.19254896742592592,-0.19254896742592592,4508.286828295388,0.5943696284584579
0.1174,77.68786524382875,77.66522601131578,672.6314612736243,-316.7312340563563,-0.19583273645617205,0.027743992540815346,12.002358230325282,7.0952644493560335,-0.3324321143546131,-0.19651919377352411,-0.19651919377352411,4484.209741824162,0.5911558639725538
0.11760000000000001,77.82202908742097,77.79926664379876,669.0094650200967,-317.6288564778979,-0.200800649349418,0.027446261617848113,12.00240487209624,7.056611653684898,-0.34086529982154296,-0.20040600802007422,-0.20040600802007422,4460.063100133978,0.5879331458056746
0.1178,77.95546750418646,77.93258275495734,665.3771981175234,-318.5121792767128,-0.20574233353476812,0.027149991257535692,12.002450512276477,7.017852239265024,-0.34925396124729163,-0.20420935637306017,-0.20420935637306017,4435.847987450156,0.5847016183975887
0.11800000000000001,78.08817845635991,78.06517231363095,661.734824102353,-319.38112356435255,-0.2106574830393625,0.02685519000947414,12.00249515038443,6.978987957354951,-0.3575975792334858,-0.20792919870247528,-0.20792919870247528,4411.565494015686,0.5814614269709928
0.1182,78.22015993897358,78.19703332144772,658.0825074136804,-320.2356104526924,-0.21554579136055402,0.02656186629469133,12.002538786102827,6.940020568793513,-0.365895633482422,-0.21156550856889575,-0.21156550856889575,4387.216716091203,0.5782127175318138
0.1184,78.35140998003786,78.32816381300509,654.4204133932456,-321.0755610539392,-0.2204069514662037,0.02627002840537087,12.002581419278997,6.900951843999794,-0.3741476027975681,-0.21511827324967908,-0.21511827324967908,4362.802755954971,0.5749556368695176
0.11860000000000001,78.4819266407218,78.45856185605032,650.7487082854285,-321.90089648062053,-0.22524065579492286,0.025979684504588922,12.002623049925159,6.861783562973064,-0.38235296508397404,-0.21858749376317255,-0.21858749376317255,4338.324721902857,0.5716903325574195
0.1188,78.61170801553364,78.58822555166071,647.0675592372476,-322.7115378455831,-0.23004659625632168,0.025690842626063297,12.002663678218692,6.822517515292743,-0.3905111973486943,-0.2219731848909733,-0.2219731848909733,4313.783728248317,0.5684169529530022
0.11900000000000001,78.74075223250131,78.71715303442461,643.3771342983557,-323.50740626199143,-0.23482446423124764,0.025403510673914963,12.00270330450238,6.783155500118339,-0.39862177570119206,-0.2252753751982026,-0.2252753751982026,4289.180895322371,0.5651356471982344
0.1192,78.86905745335301,78.84534247262168,639.6776024210377,-324.2884228433171,-0.23957395057198888,0.025117696422441476,12.002741929284621,6.743699326189407,-0.4066841753536849,-0.22849410705175427,-0.22849410705175427,4264.5173494735845,0.5618465652198973
0.1194,78.99662187369769,78.97279206840312,635.9691334602074,-325.054508703343,-0.24429474560250203,0.02483340751590241,12.002779553239638,6.704150811825503,-0.4146978706215313,-0.231629436636554,-0.231629436636554,4239.794223068049,0.5585498577299126
0.11960000000000001,79.1234437232056,79.09950005797282,632.2518981734042,-325.8055849561501,-0.24898653911858654,0.024550651468316222,12.002816177207638,6.6645117849261295,-0.4226623349235266,-0.23468143396973637,-0.23468143396973637,4215.012654489362,0.5552456762256752
0.1198,79.24952126578877,79.2254647117674,628.5260682207906,-326.54157271613013,-0.2536490203881077,0.02426943566326869,12.002851802194954,6.624784082970701,-0.4305770407822817,-0.2376501829128187,-0.2376501829128187,4190.173788138604,0.5519341729903915
0.12000000000000001,79.37485279978162,79.35068433463667,624.7918161651485,-327.2623930979557,-0.2582818781511118,0.023989767353732448,12.002886429374179,6.584969553018489,-0.4384414598244183,-0.24053578118170243,-0.24053578118170243,4165.278774434323,0.548615501093417
0.1202,79.49943665812138,79.47515726602478,621.049315471877,-327.96796721660206,-0.26288480062004593,0.023711653661897526,12.002920060084257,6.5450700517085885,-0.44625506278094224,-0.24333834035468682,-0.24333834035468682,4140.328769812513,0.5452898143906029
0.12040000000000001,79.6232712085287,79.59888188014982,617.2987405089893,-328.65821618732326,-0.2674574754798665,0.023435101579012574,12.002952695830539,6.50508744525987,-0.45401731948742774,-0.24605798587826935,-0.24605798587826935,4115.324936726596,0.5419572675246433
0.1206,79.74635485368816,79.72185658618523,613.5402665471097,-329.3330611256644,-0.2719995898882163,0.023160117965236683,12.00298433828485,6.465023609470942,-0.4617276988843179,-0.2486948570708836,-0.2486948570708836,4090.2684436473983,0.5386180159254255
0.1208,79.86868603142872,79.84407982843959,609.7740697594704,-329.9924231474495,-0.27651083047553693,0.02288670954950154,12.003014989285493,6.424880429720102,-0.4693856690171152,-0.2512491071244309,-0.2512491071244309,4065.1604650631357,0.5352722158103843
0.12100000000000001,79.9902632149043,79.96555008653749,606.0003272219091,-330.63622336877296,-0.2809908833451807,0.022614882929383493,12.003044650837243,6.384659800965313,-0.4769906970365722,-0.2537209031036472,-0.2537209031036472,4040.0021814793936,0.5319200241848611
0.1212,80.11108491277433,80.08626587560018,602.2192169128658,-331.26438290600765,-0.2854394340735474,0.0223446445709856,12.00307332511132,6.344363627744148,-0.4845422491989231,-0.2561104259433055,-0.2561104259433055,4014.794779419106,0.5285615988424621
0.12140000000000001,80.2311496693842,80.2062257464259,598.4309177133806,-331.87682287578934,-0.28985616771016054,0.022076000808829245,12.003101014445317,6.303993824173765,-0.49203979086601335,-0.25841787044316056,-0.25841787044316056,3989.5394514225377,0.5251970983654246
0.1216,80.3504560649458,80.32542828567024,594.6356094070899,-332.4734643950207,-0.2942407687777776,0.02180895784575517,12.003127721343128,6.263552313950862,-0.4994827865054868,-0.26064344526069816,-0.26064344526069816,3964.237396047266,0.5218266821249805
0.1218,80.46900271571812,80.44387211602691,590.8334726802245,-333.0542285808633,-0.29859292127246273,0.021543521752833583,12.00315344847482,6.223041030351652,-0.506870699690909,-0.26278737290160825,-0.26278737290160825,3938.8898178681634,0.518450510281728
0.12200000000000001,80.5867882741876,80.56155589640824,587.0246891216062,-333.6190365507405,-0.30291230866367763,0.021279698469283296,12.003178198676496,6.182461916231813,-0.514202993101922,-0.2648498897080085,-0.2648498897080085,3913.4979274773746,0.5150687437860006
0.1222,80.70381142924883,80.67847832212564,583.2094412226454,-334.16780942231424,-0.3071986138943028,0.02101749380239944,12.003201974950132,6.141816924026468,-0.5214791285242796,-0.266831245844324,-0.266831245844324,3888.062941484303,0.5116815443782436
0.12240000000000001,80.82007090638496,80.79463812506991,579.3879123773386,-334.70046831351794,-0.3114515193807769,0.02075691342748973,12.003224780463372,6.101108015750146,-0.5286985668500843,-0.2687317052809654,-0.2687317052809654,3862.5860825155905,0.5082890745893888
0.1226,80.9355654678482,80.91003407389219,575.5602868822649,-335.2169343425031,-0.31567070701303485,0.02049796288781894,12.003246618549305,6.060337162996748,-0.5358607680776827,-0.27055154577550866,-0.27055154577550866,3837.0685792151,0.5048914977412329
0.1228,81.05029391284046,81.0246649741842,571.7267499365842,-335.7171286276921,-0.3198558581546756,0.020240647594561307,12.003267492706222,6.019506346939518,-0.5429651913119494,-0.27229105885172844,-0.27229105885172844,3811.5116662438945,0.5014889779468188
0.12300000000000001,81.16425507769372,81.13852966865872,567.8874876420338,-336.20097228771795,-0.3240066536428687,0.019984972826760768,12.003287406597313,5.978617558331016,-0.550011294764129,-0.2739505497760439,-0.2739505497760439,3785.916584280226,0.49808168011081827
0.1232,81.27744783605063,81.25162703733038,564.0426870029265,-336.6683864414608,-0.3281227737884702,0.019730943731298658,12.003306364050381,5.9376727975030805,-0.5569985357520328,-0.2755303375317574,-0.2755303375317574,3760.2845800195105,0.4946697699299145
0.12340000000000001,81.38987109904501,81.36395599769556,560.1925359261475,-337.1192922080348,-0.3322038983760203,0.019478565322868728,12.00332436905749,5.896674074366805,-0.5639263707000346,-0.2770307547907882,-0.2770307547907882,3734.6169061743167,0.4912534138931894
0.1236,81.50152381548236,81.47551550491387,556.3372232211518,-337.5536107067715,-0.3362497066637257,0.019227842483959267,12.003341425774597,5.855623408412511,-0.5707942551390407,-0.2784521478829685,-0.2784521478829685,3708.914821474345,0.4878327792825103
0.12380000000000001,81.61240497202034,81.58630455198778,552.4769385999618,-337.9712630572353,-0.34025987738350694,0.018978779964841926,12.003357538521154,5.814522828709714,-0.5776016437065705,-0.27979487676294634,-0.27979487676294634,3683.1795906664124,0.4844080341729185
0.124,81.72251359334936,81.6963221699437,548.6118726771648,-338.372170379189,-0.34423408874092776,0.018731382383567204,12.003372711779694,5.773374373907103,-0.5843479901466367,-0.28105931497452546,-0.28105931497452546,3657.4124845144324,0.48097934743301884
0.1242,81.83184874237303,81.80556742801225,544.7422169699104,-338.75625379262874,-0.3481720184152735,0.018485654225966236,12.003386950195353,5.732180092232515,-0.591032747309878,-0.2822458496126408,-0.2822458496126408,3631.614779799403,0.4775468887253713
0.12440000000000001,81.94040952038867,81.91403943380844,540.8681638979082,-339.12343441776966,-0.3520733435595128,0.01824159984565881,12.003400258575393,5.690942041492902,-0.5976553671534941,-0.28335488128272784,-0.28335488128272784,3605.787759319389,0.4741108285068821
0.1246,82.04819506726788,82.02173733351336,536.989906783425,-339.4736333750162,-0.35593774080021845,0.017999223464067123,12.00341264188869,5.649662289074317,-0.6042153007411116,-0.2843868240575321,-0.2843868240575321,3579.9327118895,0.47067133802919603
0.12480000000000001,82.15520456163699,82.12866031205299,533.1076398512826,-339.80677178498934,-0.35976488623761127,0.017758529170435206,12.003424105265179,5.608342911941881,-0.6107119982428587,-0.2853421054314678,-0.2853421054314678,3554.0509323418837,0.46722858933909023
0.125,82.26143722105759,82.23480759328045,529.2215582288553,-340.1227707684985,-0.3635544554454735,0.01751952092185393,12.003434653995267,5.566985996639769,-0.6171449089352175,-0.28622116627230115,-0.28622116627230115,3528.1437215257024,0.46378275527886786
0.1252,82.36689230220708,82.34017844015499,525.331857946068,-340.4215514465691,-0.3673061234711826,0.017282202543290923,12.003444293529245,5.525593639291178,-0.6235134812010816,-0.28702446077033583,-0.28702446077033583,3502.2123863071197,0.4603340094867509
0.1254,82.47156910105907,82.44477215492387,521.4387359353929,-340.7030349404052,-0.37101956483559395,0.017046577727625755,12.003453029476617,5.484167945598314,-0.6298171625295578,-0.2877524563848682,-0.2877524563848682,3476.2582395692853,0.45688252639727606
0.12560000000000002,82.57546695306407,82.5485880793017,517.5423900318478,-340.9671423714071,-0.3746944535330418,0.01681265003568951,12.003460867605458,5.442711030842363,-0.6360553995159661,-0.28840563378809886,-0.28840563378809886,3450.2826002123193,0.45342848124168683
0.1258,82.6785852333298,82.65162559465146,513.6430189729942,-341.2137948611743,-0.3783304630313047,0.0165804228963091,12.003467813841677,5.401225019883476,-0.6422276378617827,-0.28898448680636235,-0.28898448680636235,3424.286793153295,0.44997205004832924
0.126,82.78092335680182,82.75388412216573,509.7408223989341,-341.4429135314613,-0.3819272662714574,0.016349899606355783,12.003473874268302,5.359712047160748,-0.6483333223743877,-0.28948952235859116,-0.28948952235859116,3398.272149326227,0.4465134096430448
0.1262,82.88248077844405,82.85536312304566,505.8360008523083,-341.6544195042355,-0.3854845356679515,0.01612108333079767,12.003479055124707,5.318174256692198,-0.6543718969672017,-0.28992126039225685,-0.28992126039225685,3372.2400056820557,0.4430527376495636
0.1264,82.98325699341916,82.9560620986829,501.9287557782943,-341.84823390161586,-0.3890019431084221,0.01589397710275607,12.003483362805797,5.27661380207475,-0.6603428046593587,-0.29028023381638235,-0.29028023381638235,3346.1917051886285,0.4395902124898975
0.12660000000000002,83.0832515372692,83.0559805908394,498.01928952460395,-342.02427784590867,-0.39247915995371035,0.0156685838235654,12.003486803861183,5.235032846484215,-0.666245487575743,-0.2905669884319757,-0.2905669884319757,3320.1285968306934,0.4361260133847319
0.1268,83.1824639860961,83.15511818182789,494.107805341481,-342.1824724595901,-0.39591585703776166,0.01544490626283648,12.003489384994316,5.193433562675273,-0.6720793869468178,-0.2907820828596066,-0.2907820828596066,3294.0520356098737,0.43266032035381624
0.127,83.28089395674202,83.25347449469298,490.1945073816997,-342.32273886529606,-0.3993117046675393,0.015222947058523013,12.003491113061571,5.151818132981461,-0.6778439431084773,-0.2909260884642098,-0.2909260884642098,3267.9633825446645,0.4291933142163551
0.1272,83.37854110697009,83.35104919339086,486.2796007005619,-342.44499818583597,-0.4026663726229858,0.01500270871699084,12.003491995071325,5.110188749315148,-0.6835385955019823,-0.29099958927711617,-0.29099958927711617,3241.8640046704127,0.42572517659139597
0.1274,83.47540513564475,83.4478419829707,482.36329125589583,-342.5491715441721,-0.40597953015690785,0.014784193613090035,12.003492038182983,5.068547613167523,-0.6891627826737634,-0.2910031819151978,-0.2910031819151978,3215.755275039306,0.4222560898982167
0.12760000000000002,83.57148578291229,83.5438526097543,478.44578590805327,-342.63518006342775,-0.40925084599491973,0.014567403990229462,12.003491249705966,5.0268969356085815,-0.6947159422753268,-0.29093747549720705,-0.29093747549720705,3189.638572720355,0.4187862373567123
0.1278,83.66678283038138,83.6390808615173,474.52729241990806,-342.7029448668831,-0.41247998833536026,0.014352341960453477,12.003489637098687,4.985238937287111,-0.7001975110631117,-0.2908030915572197,-0.2908030915572197,3163.515282799387,0.4153158029877778
0.128,83.76129610130356,83.73352656766937,470.6080194568541,-342.75238707796035,-0.41566662484918054,0.014139009504520829,12.003487207967462,4.9435758484306715,-0.7056069248983005,-0.2906006639551649,-0.2906006639551649,3137.386796379027,0.41184497161369177
0.1282,83.85502546075377,83.82718959943476,466.68817658680314,-342.7834278202415,-0.4188104226799062,0.013927408471985273,12.003483970065414,4.9019099088455835,-0.7109436187467545,-0.2903308387844884,-0.2903308387844884,3111.2545105786876,0.40837392885849544
0.12840000000000001,83.94797081581078,83.92006987003269,462.7679742801831,-342.79598821744685,-0.42191104844350624,0.013717540581277948,12.003479931291322,4.860243367916915,-0.7162070266787915,-0.2899942742768108,-0.2899942742768108,3085.119828534554,0.4049028611483716
0.12860000000000002,84.04013211573776,84.01216733485823,458.84762390993626,-342.78998939344524,-0.4249681682283357,0.013509407419791026,12.003475099688444,4.818578484608471,-0.7213965818690885,-0.2895916407036748,-0.2895916407036748,3058.9841593995748,0.4014319557120204
0.1288,84.13150935216281,84.10348199166252,454.9273377515171,-342.76535247223285,-0.4279814475950027,0.01330301044396267,12.003469483443304,4.77691752746278,-0.7265117165964553,-0.2891236202752555,-0.2891236202752555,3032.8489183434476,0.3979614005810325
0.129,84.22210255925934,84.1940138807333,451.00732898289095,-342.7219985779499,-0.430950551576322,0.01309835097936292,12.003463090884434,4.735262774601073,-0.7315518622437566,-0.2885909070361221,-0.2885909070361221,3006.7155265526058,0.3944913845902592
0.1292,84.31191181392671,84.28376308507565,447.0878116845318,-342.65984883487556,-0.43387514467721905,0.01289543022078048,12.003455930481095,4.693616513723282,-0.7365164492977485,-0.2879942067579363,-0.2879942067579363,2980.585411230212,0.39102209737818094
0.12940000000000002,84.40093723597064,84.37272973059217,443.1690008394207,-342.57882436740687,-0.43675489087459457,0.012694249232310058,12.00344801084195,4.651981042108027,-0.7414049073488489,-0.2873342368290711,-0.2873342368290711,2954.4600055961378,0.38755372938727184
0.1296,84.48917898828375,84.46091398626388,439.2511123330441,-342.47884630007644,-0.4395894536172792,0.012494808947440034,12.003439340713694,4.6103586666125995,-0.7462166650910604,-0.2866117261412152,-0.2866117261412152,2928.3407488869602,0.38408647186436146
0.1298,84.57663727702605,84.54831606433028,435.33436295339214,-342.35983575753914,-0.4423784958259169,0.01229711016914051,12.003429928979674,4.568751703672956,-0.7509511503217726,-0.2858274149728304,-0.2858274149728304,2902.2290863559483,0.380620516860993
0.13,84.66331235180544,84.6349362204706,431.4189703909571,-342.22171386457774,-0.44512167989288953,0.012101153569951216,12.003419784658433,4.527162479303703,-0.7556077899416336,-0.2849820548695155,-0.2849820548695155,2876.1264692730474,0.3771560572337783
0.1302,84.74920450585823,84.72077475398315,427.50515323873134,-342.06440174608224,-0.44781866768218576,0.011906939692069352,12.003408916902256,4.485593329098094,-0.7601860099543278,-0.28407640852119087,-0.28407640852119087,2850.034354924876,0.37369328664474927
0.13040000000000002,84.8343140762296,84.80583200796713,423.5931309922064,-341.88782052706864,-0.4504691205293551,0.011714468947436957,12.003397334995633,4.444046598228015,-0.764685235466498,-0.2831112496361694,-0.2831112496361694,2823.954206614709,0.37023239956170556
0.1306,84.91864144395414,84.89010836950234,419.683124049371,-341.691891332664,-0.45307269924138927,0.011523741617827862,12.003385048353744,4.402524641443971,-0.7691048906875436,-0.2820873628119903,-0.2820873628119903,2797.8874936624725,0.3667735912585571
0.1308,85.00218703423631,84.97360426982982,415.7753537107093,-341.4765352881038,-0.45562906409663156,0.011334757854933864,12.003372066520836,4.3610298230750875,-0.7734443989294673,-0.28100554340305944,-0.28100554340305944,2771.8356914047285,0.36331705781566487
0.131,85.084951316631,85.05632018453247,411.87004217920025,-341.24167351873984,-0.45813787484471,0.01114751768044987,12.00335839916862,4.31956451702909,-0.777703182606761,-0.27986659738506475,-0.27986659738506475,2745.8002811946685,0.35986299612017525
0.1312,85.16693480522396,85.13825663371576,407.9674125603152,-340.98722715002975,-0.46059879070643056,0.010962020986158179,12.003344056094594,4.2781311067923,-0.7818806632362248,-0.2786713412161088,-0.2786713412161088,2719.7827504021016,0.3564116038663505
0.13140000000000002,85.24813805881233,85.21941418218776,404.067688862017,-340.71311730751626,-0.4630114703736488,0.010778267534011315,12.003329047220333,4.236731985429628,-0.7859762614367497,-0.27742060169454524,-0.27742060169454524,2693.7845924134463,0.35296307955589606
0.1316,85.32856168108513,85.29979343964037,400.17109599475856,-340.4192651168634,-0.46537557200927065,0.01059625695621354,12.003313382589763,4.195369555584568,-0.7899893969293176,-0.27611521581358556,-0.27611521581358556,2667.8073066317243,0.34951762249828056
0.1318,85.4082063208038,85.37939506082864,396.27785977148136,-340.105591703836,-0.4676907532471282,0.010415988755300662,12.00329707236735,4.154046229479174,-0.7939194885367918,-0.2747560306124999,-0.2747560306124999,2641.8523984765425,0.3460754328110528
0.132,85.4870726719826,85.45821974575277,392.38820690761406,-339.7720181942766,-0.4699566711918493,0.010237462304218226,12.003280126836295,4.112764428914074,-0.7977659541836949,-0.27334390302446226,-0.27334390302446226,2615.921379384094,0.3426367114201538
0.1322,85.56516147406926,85.53626823983755,388.50236502107157,-339.41846571413515,-0.47217298241885025,0.010060676846397575,12.003262556396653,4.071526585268446,-0.8015282108961965,-0.2718796997210894,-0.2718796997210894,2590.015766807144,0.33920166006022173
0.13240000000000002,85.64247351212528,85.61354133411353,384.6205626322534,-339.0448553894491,-0.47433934297421704,0.00988563149583006,12.003244371563444,4.030335139500018,-0.8052056748019117,-0.27036429695351355,-0.27036429695351355,2564.1370842150227,0.3357704812748938
0.1326,85.71900961700662,85.69003986539677,380.7430291640425,-338.6511083463412,-0.47645540837462974,0.009712325237138776,12.003225582964681,3.9891925421450574,-0.8087977611297729,-0.26879858039005605,-0.26879858039005605,2538.286861093617,0.3323433784171009
0.1328,85.79477066554405,85.76576471647037,376.86999494180446,-338.2371457110378,-0.4785208336073358,0.009540756925648089,12.003206201339406,3.9481012533183644,-0.8123038842099838,-0.26718344495047874,-0.26718344495047874,2512.4666329453635,0.32892055564935696
0.133,85.86975758072374,85.8407168162639,373.0016911933856,-337.8028886098311,-0.4805352731299979,0.00937092528745041,12.00318623753564,3.907063742713266,-0.815723457473762,-0.26551979463669295,-0.26551979463669295,2486.6779412892374,0.3255022179440432
0.1332,85.94397133186773,85.9148971400352,369.13835004911243,-337.34825816909733,-0.48249838087067193,0.00920282891947057,12.003165702508321,3.866082489601609,-0.8190558934533012,-0.26380854236004525,-0.26380854236004525,2460.9223336607492,0.32208857108368566
0.13340000000000002,86.01741293481437,85.98830670954933,365.28020454179045,-336.8731755153068,-0.48440981022776886,0.009036466289527008,12.00314460731718,3.8251599828337532,-0.8223006037817066,-0.2620506097650732,-0.2620506097650732,2435.2013636119364,0.31867982166122666
0.1336,86.09008345209892,86.06094659326034,361.427488606703,-336.37756177499733,-0.48626921406993834,0.00887183573639023,12.003122963124596,3.784298720838563,-0.8254569991927967,-0.2602469270496728,-0.2602469270496728,2409.5165907113533,0.31527617708028977
0.1338,86.16198399313396,86.1328179064917,357.58043708161006,-335.861338074783,-0.4880762447360323,0.008708935469838114,12.003100781193382,3.743501211623402,-0.8285244895210426,-0.2583984327817429,-0.2583984327817429,2383.869580544067,0.3118778455554393
0.134,86.23311571438991,86.20392181161574,353.73928570674764,-335.32442554135247,-0.48983055403505066,0.008547763570707849,12.003078072884547,3.7027699727741283,-0.8315024837014751,-0.25650607371222633,-0.25650607371222633,2358.261904711651,0.30848503611243183
0.1342,86.30347981957556,86.27425951823547,349.9042711248265,-334.76674530147807,-0.4915317932461146,0.008388317990944624,12.003054849655015,3.662107531455085,-0.8343903897696392,-0.2545708045845481,-0.2545708045845481,2332.6951408321765,0.3050979585884621
0.13440000000000002,86.37307755981847,86.34383228336416,346.0756308810312,-334.1882184819891,-0.4931796131183606,0.008230596553646729,12.003031123055285,3.621516424409095,-0.8371876148614148,-0.2525935879403722,-0.2525935879403722,2307.170872540208,0.3017168236324013
0.1346,86.44191023384563,86.41264141160691,342.25360342301934,-333.58876620978066,-0.49477366387092014,0.008074596953107072,12.00300690472706,3.5809991979574565,-0.8398935652129819,-0.25057539392173733,-0.25057539392173733,2281.6906894867952,0.2983418427050289
0.1348,86.50997918816374,86.48068825533967,338.43842810092065,-332.96830961183286,-0.4963135951929261,0.007920316754850979,12.002982206400834,3.540558407999932,-0.8425076461608315,-0.24851720006951658,-0.24851720006951658,2256.256187339471,0.29497322807925663
0.135,86.57728581723991,86.5479742148908,334.63034516733603,-332.3267698151714,-0.49779905624339005,0.007767753395669995,12.002957039893417,3.5001966200147483,-0.8450292621415573,-0.24641999111809698,-0.24641999111809698,2230.8689677822404,0.29161119284034603
0.13520000000000001,86.64383156368201,86.61450073872204,330.82959577733686,-331.6640679468925,-0.4992296956512298,0.007616904183651843,12.002931417105437,3.4599164090585868,-0.8474578166919026,-0.24428475878639783,-0.24428475878639783,2205.530638515579,0.28825595088611794
0.13540000000000002,86.70961791841924,86.68026932360749,327.0364219884642,-330.98012513415097,-0.5006051615152168,0.007467766298206248,12.002905350018782,3.419720359766579,-0.8497927124486707,-0.24211250156508463,-0.24211250156508463,2180.2428132564282,0.28490771692715444
0.1356,86.77464642088258,86.74528151481536,323.251066760728,-330.27486250417496,-0.5019251014039883,0.007320336790086552,12.002878850694,3.379611066352295,-0.8520333511487457,-0.23990422450002805,-0.23990422450002805,2155.0071117381867,0.2815667064869931
0.1358,86.83891865918532,86.80953890628811,319.4737739566062,-329.54820118422526,-0.5031891623559392,0.007174612581407084,12.002851931267664,3.339591132607745,-0.8541791336289093,-0.23766093897189297,-0.23766093897189297,2129.825159710708,0.2782331359023138
0.136,86.90243627030354,86.8730431408232,315.7047883410444,-328.8000623016395,-0.5043969908793084,0.007030590465656084,12.002824603949664,3.29966317190337,-0.8562294598259867,-0.23538366247198497,-0.23538366247198497,2104.698588940296,0.2749072223231171
0.13620000000000002,86.96520094025658,86.93579591025289,311.94435558145483,-328.03036698380225,-0.5055482329521048,0.006888267107704102,12.00279688102049,3.2598298071880327,-0.8581837287767213,-0.2330734183741579,-0.2330734183741579,2079.6290372096987,0.27158918371289464
0.1364,87.02721440428758,86.99779895562568,308.1927222477161,-327.23903635814855,-0.5066425340221101,0.00674763904380794,12.002768774828436,3.220093670989018,-0.8600413386177796,-0.2307312357028739,-0.2307312357028739,2054.6181483181076,0.2682792388487918
0.1366,87.08847844704393,87.05905406738626,304.45013581217233,-326.42599155217806,-0.5076795390069139,0.006608702681609869,12.002740297786769,3.1804574054120174,-0.8618016865858107,-0.2283581488973662,-0.2283581488973662,2029.667572081149,0.26497760732176084
0.1368,87.14899490275776,87.1195630855561,300.7168446496324,-325.5911536934158,-0.5086588922938291,0.006471454300132027,12.002711462370861,3.1409236621411325,-0.8634641690173026,-0.2259551975718133,-0.2259551975718133,2004.7789643308824,0.2616845095367072
0.137,87.20876565542652,87.17932789991417,296.99309803736975,-324.73444390945747,-0.5095802377400067,0.006335890049766079,12.00268228111526,3.101495102438862,-0.865028181348777,-0.22352342627164346,-0.22352342627164346,1979.9539869157984,0.2584001667126258
0.13720000000000002,87.26779263899333,87.23835045017725,293.2791461551219,-323.8557833279309,-0.5104432186723632,0.006202005952257915,12.002652766610709,3.0621743971461,-0.8664931181166661,-0.2210638842257699,-0.2210638842257699,1955.194307700813,0.25512480088272954
0.1374,87.3260778375276,87.29663272618052,289.57524008508966,-322.95509307652935,-0.5112474778876769,0.006069797900687382,12.002622931501138,3.022964226682123,-0.8678583729574764,-0.21857762509489145,-0.21857762509489145,1930.5016005672646,0.25185863489456867
0.1376,87.38362328540546,87.35417676805821,285.88163181193676,-322.0322942829695,-0.5119926576525189,0.005939261659443009,12.002592788480587,2.9838672810445894,-0.8691233386076711,-0.2160657067156871,-0.2160657067156871,1905.8775454129118,0.24860189241014136
0.1378,87.44043106749024,87.41098466642362,282.19857422278955,-321.0873080750193,-0.5126783997033466,0.005810392864191541,12.002562350290091,2.944886259809532,-0.8702874069038292,-0.21352919084102162,-0.21352919084102162,1881.3238281519305,0.24535479790599518
0.138,87.496503319313,87.46705856255045,278.5263211072366,-320.12005558049407,-0.5133043452465301,0.00568318702184228,12.002531629714513,2.9060238721313487,-0.8713499687826901,-0.2109691428760377,-0.2109691428760377,1856.8421407149106,0.24211757667331973
0.13820000000000002,87.55184222725305,87.52240064855249,274.86512715732783,-319.13045792723665,-0.5138701349583499,0.00555763951050632,12.00250063957932,2.8672828367427976,-0.8723104142811496,-0.20838663161012783,-0.20838663161012783,1832.4341810488522,0.2388904548180298
0.1384,87.60645002871831,87.57701316756507,271.2152479675751,-318.118436243146,-0.5143754089851066,0.005433745579450328,12.002469392747338,2.8286658819549877,-0.8731681325364465,-0.20578272894481778,-0.20578272894481778,1808.1016531171674,0.2356736592608392
0.1386,87.66032901232597,87.63089841392448,267.576940034951,-317.0839116561436,-0.5148198069430973,0.00531150034904514,12.00243790211541,2.7901757456573772,-0.873922511786122,-0.2031585096174376,-0.2031585096174376,1783.8462668996733,0.23246741773732596
0.1388,87.7134815180829,87.6840587333492,263.950460758889,-316.02680529419774,-0.5152029679187279,0.00519089881070878,12.002406180611048,2.75181517531776,-0.874572939368211,-0.2005150509206628,-0.2005150509206628,1759.6697383925934,0.22927195879798692
0.139,87.76590993756612,87.73649652312034,260.33606844128315,-314.94703828530635,-0.515524530468536,0.005071935826844229,12.002374241189013,2.713586927982263,-0.8751188017212803,-0.19785343241781114,-0.19785343241781114,1735.5737896085543,0.22608751180828385
0.13920000000000002,87.81761671410331,87.78821423226199,256.7340222864877,-313.8445317575096,-0.5157841326192879,0.004954606130771585,12.002342096827848,2.6754937702753354,-0.8755594843845939,-0.19517473565393456,-0.19517473565393456,1711.5601485765847,0.2229143069486791
0.1394,87.86860434295335,87.83921436172173,253.14458240131697,-312.7192068388823,-0.5159814118680347,0.004838904326654791,12.002309760526352,2.637538478399743,-0.8758943719982072,-0.19248004386263548,-0.19248004386263548,1687.630549342113,0.21975257521466235
0.1396,87.91887537148676,87.88949946455176,249.56800979504507,-311.570984657515,-0.5161160051821492,0.0047248248894227575,12.002277245300023,2.5997238381365615,-0.8761228483030311,-0.18977044166859328,-0.18977044166859328,1663.7867319669672,0.21660254841676718
0.1398,87.9684323993662,87.93907214608798,246.00456637940604,-310.3997863415584,-0.5161875489995094,0.004612362164684945,12.00224456417743,2.5620526448451653,-0.8762442961411425,-0.1870470147858351,-0.1870470147858351,1640.0304425293737,0.21346445918057785
0.14,88.01727807872695,87.98793506413209,242.45451496859317,-309.20553301916686,-0.5161956792284624,0.0045015103686413625,12.002211730196539,2.5245277034632227,-0.8762580974557234,-0.18431084971159112,-0.18431084971159112,1616.3634331239546,0.21033854094672624
0.14020000000000002,88.06541511435744,88.03609092913135,238.91811927925943,-307.98814581854185,-0.5161400312480178,0.004392263587986886,12.00217875640099,2.4871518285066863,-0.8761636332913884,-0.181563033415875,-0.181563033415875,1592.7874618617295,0.2072250279708791
0.1404,88.11284626387973,88.08354250435886,235.39564393051708,-306.7475458679077,-0.5160202399078939,0.004284615779809914,12.002145655836319,2.4499278440697854,-0.8759602837942645,-0.178804653026626,-0.178804653026626,1569.3042928701138,0.2041241553237151
0.1406,88.15957433792998,88.1302926060951,231.8873544439377,-305.4836542955213,-0.5158359395286473,0.004178560771485482,12.002112441546124,2.4128585838250167,-0.87564742821221,-0.1760367955104707,-0.1760367955104707,1545.915696292918,0.20103615889089185
0.1408,88.20560220033896,88.17634410380697,228.393517243552,-304.1963922296697,-0.5155867639017793,0.0040740922605626145,12.002079126568189,2.375946891023134,-0.8752244448949958,-0.17326054734904175,-0.17326054734904175,1522.6234482903467,0.19796127537300276
0.14100000000000001,88.25093276831252,88.22169992032947,224.91439965584993,-302.88568079865354,-0.5152723462898183,0.003971203814645978,12.00204572393053,2.339195618493144,-0.8746907112944449,-0.17047699421082957,-0.17047699421082957,1499.4293310389994,0.19489974228552467
0.14120000000000002,88.29556901261213,88.26636303204593,221.45026990978081,-301.55144113081786,-0.5148923194265116,0.0038698888712718465,12.002012246647423,2.302607628642292,-0.8740456039647575,-0.16768722061858374,-0.16768722061858374,1476.3351327318721,0.19185179795875396
0.1414,88.33951395773532,88.31033646906798,218.001397136753,-300.1935943545194,-0.5144463155168821,0.0037701407377784724,12.001978707715345,2.266185793456058,-0.8732884985626087,-0.16489230961216034,-0.16489230961216034,1453.3426475783533,0.1888176815377338
0.1416,88.3827706820962,88.35362331541704,214.56805137063432,-298.8120615981453,-0.5139339662374063,0.0036719525911706953,12.001945120108882,2.2299329944981423,-0.872418769847449,-0.162093342406873,-0.162093342406873,1430.4536758042289,0.1857976329821705
0.1418,88.42534231820592,88.39622670920402,211.15050354775187,-297.4067639901089,-0.5133549027361449,0.0035753174779787887,12.001911496776568,2.193852122910459,-0.8714357916817276,-0.15929139804726766,-0.15929139804726766,1407.6700236516792,0.18279189306633997
0.14200000000000002,88.46723205285322,88.43814984281039,207.7490255068922,-295.97762265884774,-0.5127087556328858,0.0034802283141118257,12.001877850636676,2.1579460794131227,-0.8703389370311334,-0.15648755305631504,-0.15648755305631504,1384.9935033792815,0.17980070337898396
0.1422,88.50844312728486,88.47939596306809,204.3638899893014,-294.52455873281343,-0.5119951550192731,0.003386677884705115,12.00184419457296,2.122217774304445,-0.8691275779648155,-0.15368288107998826,-0.15368288107998826,1362.4259332620095,0.17682430632319635
0.1424,88.54897883738617,88.5199683714406,200.9953706386854,-293.04749334049103,-0.5112137304590089,0.003294658843962243,12.001810541430327,2.086670127460917,-0.8678010856557251,-0.15087845252722581,-0.15087845252722581,1339.969137591236,0.1738629451162988
0.1426,88.5888425338615,88.55987042420323,197.6437420012098,-291.5463476103886,-0.5103641109879933,0.003204163714991302,12.001776904010462,2.0513060683372046,-0.8663588303808529,-0.1480753342052139,-0.1480753342052139,1317.624946674732,0.17091686378970675
0.1428,88.6280376224147,88.59910553262394,194.3092795255003,-290.0210426710208,-0.509445925114457,0.0031151848896355614,12.0017432950674,2.0161285359661343,-0.8648001815214549,-0.14527458894998027,-0.14527458894998027,1295.395196836669,0.16798630718878513
0.14300000000000002,88.66656756392966,88.63767716314295,190.9922595626429,-288.4714996509381,-0.5084588008192013,0.0030277146282985347,12.001709727303027,1.9811404789586835,-0.863124507563459,-0.14247727525230744,-0.14247727525230744,1273.2817304176192,0.1650715209726937
0.1432,88.70443587465078,88.67558883755451,187.6929593661839,-286.8976396787191,-0.5074023655557616,0.002941745059763483,12.001676213362547,1.9463448555039677,-0.8613311760977436,-0.13968444687888557,-0.13968444687888557,1251.2863957745594,0.1621727516142226
0.1434,88.74164612636348,88.71284413318618,184.41165709213024,-285.29938388294283,-0.506276246250531,0.0028572681810073437,12.001642765829864,1.911744633369234,-0.859419553820346,-0.13689715248869283,-0.13689715248869283,1229.4110472808684,0.15929024639961817
0.1436,88.77820194657458,88.74944668308068,181.14863179894985,-283.6766533922133,-0.5050800693030063,0.00277427585700923,12.001609397222936,1.8773427898998447,-0.8573890065328812,-0.13411643524462188,-0.13411643524462188,1207.6575453263324,0.1564242534283981
0.1438,88.814107018693,88.78540017617526,177.9041634475718,-282.02936933516986,-0.5038134605860087,0.0026927598205533196,12.001576119989043,1.8431423120192674,-0.8552388991429162,-0.13134333242028604,-0.13134333242028604,1186.0277563171455,0.1535750216131571
0.14400000000000002,88.84936508221007,88.82070835748277,174.67853290138655,-280.35745284045055,-0.5024760454458038,0.0026127116720264334,12.001542946500024,1.809146196229064,-0.8529685956641733,-0.12857887500196036,-0.12857887500196036,1164.5235526759102,0.15074280067936266
0.1442,88.8839799328801,88.8553750282719,171.4720219262464,-278.66082503672067,-0.5010674487023729,0.0025341228792101073,12.00150988904743,1.7753574486088781,-0.8505774592169911,-0.12582408728570033,-0.12582408728570033,1143.1468128416427,0.14792784116514107
0.1444,88.91795542290087,88.88940404624806,168.28491319046583,-276.9394070526798,-0.499587294649642,0.0024569847770674175,12.001476959837635,1.7417790848164203,-0.8480648520287134,-0.12307998646955944,-0.12307998646955944,1121.8994212697723,0.14513039442105335
0.1446,88.95129546109412,88.92279932573373,165.11749026482144,-275.19312001701877,-0.49803520705560383,0.002381288567524373,12.00144417098689,1.7084141300874587,-0.8454301354338956,-0.12034758224086721,-0.12034758224086721,1100.783268432143,0.14235071260986204
0.1448,88.98400401308602,88.95556483784853,161.97003762255278,-273.42188505846605,-0.4964108091626448,0.002307025319246101,12.001411534516304,1.675265619235805,-0.8426726698748601,-0.11762787635861974,-0.11762787635861974,1079.8002508170184,0.1395890487062882
0.14500000000000002,89.01608510148768,88.98770461069067,158.84284063936255,-271.6256233057695,-0.4947137236877339,0.002234185967407869,12.001379062346771,1.6423365966533003,-0.8397918149020176,-0.11492186223087121,-0.11492186223087121,1058.9522709290836,0.13684565649675887
0.1452,89.04754280607563,89.0192227295168,155.73618559341685,-269.80425588767645,-0.4929435728226105,0.002162761313460803,12.001346766293846,1.6096301163098048,-0.8367869291741846,-0.11223052448713726,-0.11223052448713726,1038.2412372894455,0.13412079057914575
0.1454,89.07838126397236,89.05012333692201,152.65035966534572,-267.95770393297306,-0.4910999782341132,0.002092742024892566,12.001314658062551,1.577149241753181,-0.8336573704591429,-0.10955483854581685,-0.10955483854581685,1017.6690644356381,0.13141470636249364
0.1456,89.10860466982678,89.08041063302251,149.5856509382436,-266.0858885704547,-0.4891825610643565,0.002024118634983057,12.001282749242119,1.5448970461092806,-0.8304024956339386,-0.10689577017653892,-0.10689577017653892,997.2376729216239,0.12872766006674086
0.1458,89.13821727599463,89.11008887563278,146.5423483976695,-264.1887309289273,-0.4871909419309827,0.0019568815425549816,12.00125105130069,1.5128766120819346,-0.8270216606853104,-0.10425427505746288,-0.10425427505746288,976.9489893177968,0.12605990872243023
0.14600000000000002,89.16722339271915,89.13916238044943,143.52074193164788,-262.2661521372357,-0.4851247409274804,0.00189102101171955,12.001219575579931,1.4810910319529313,-0.8235142207102293,-0.10163129832750256,-0.10163129832750256,956.8049462109859,0.12341171017041083
0.1462,89.19562738831142,89.16763552122958,140.5211223306685,-260.31807332422443,-0.482983577623355,0.0018265271716173322,12.001188333289601,1.449543407582009,-0.8198795299161892,-0.09902777413340423,-0.09902777413340423,936.8074822044567,0.1207833230615322
0.1464,89.22343368933093,89.1955127299724,137.54378128768738,-258.3444156187524,-0.4807670710644247,0.0017633900161541838,12.00115733550206,1.41823685040684,-0.8161169416217087,-0.09644462517171175,-0.09644462517171175,916.9585419179159,0.11817500685632908
0.1466,89.25064678076606,89.22279849709838,134.58901139812718,-256.34510014971295,-0.4784748397731344,0.0017015994037326042,12.001126593146708,1.3871744814430125,-0.8122258082568641,-0.09388276222556914,-0.09388276222556914,897.2600759875146,0.11558702182469803
0.1468,89.27727120621451,89.24949737163216,131.65710615987751,-254.32004804600572,-0.47610650174876606,0.0016411450569782764,12.001096117004355,1.3563594312840181,-0.8082054813636462,-0.09134308369631264,-0.09134308369631264,877.7140410658501,0.11301962904556628
0.14700000000000002,89.30331156806392,89.27561396138043,128.74835997329558,-252.26918043654518,-0.4736616744677344,0.001582016562462059,12.001065917701558,1.3257948401012372,-0.8040553115964628,-0.08882647512986457,-0.08882647512986457,858.3223998219704,0.11047309040655225
0.1472,89.32877252767224,89.30115293311415,125.86306814120671,-250.19241845028807,-0.4711399748839319,0.001524203370417418,12.001036005704854,1.2954838576439198,-0.799774648722724,-0.08633380873789591,-0.08633380873789591,839.087120941378,0.1079476686036184
0.1474,89.35365880554833,89.32611901274844,123.00152686890465,-248.0896832161666,-0.4685410194288643,0.0014676947944534556,12.001006391314965,1.2654296432391763,-0.7953628416230722,-0.08386594291368435,-0.08386594291368435,820.0101791260311,0.10544362714071696
0.1476,89.37797518153235,89.35051698552341,120.16403326415252,-245.96089586316543,-0.46586442401211536,0.0014124800112634967,12.000977084660914,1.2356353657919548,-0.7908192382921713,-0.08142372174274273,-0.08142372174274273,801.0935550943502,0.1029612303294276
0.14780000000000001,89.40172649497633,89.37435169618408,117.35088533718302,-243.8059775202775,-0.46310980402154256,0.0013585480603293982,12.000948095694095,1.2061042037850278,-0.7861431858390384,-0.07900797450808235,-0.07900797450808235,782.3392355812202,0.10050074328858855
0.14800000000000002,89.42491764492463,89.3976280491616,114.56238200069897,-241.62484931650903,-0.4602767743235877,0.0013058878436215955,12.000919434182283,1.1768393452789774,-0.7813340304875719,-0.0766195151901569,-0.0766195151901569,763.7492133379932,0.09806243194392086
0.1482,89.44755359029445,89.42035100875339,111.79882306987412,-239.41743238089109,-0.45736494926360716,0.0012544881252950567,12.000891109703538,1.1478439879121756,-0.776391117577111,-0.07425914196144363,-0.07425914196144363,745.3254871324941,0.09564656302764596
0.1484,89.4696393500563,89.44252559930393,109.06050926235349,-237.18364784247106,-0.4543739426661596,0.0012043375313811066,12.000863131640108,1.119121338900769,-0.7713137915629253,-0.0719276366756264,-0.0719276366756264,727.0700617490232,0.09325340407809679
0.1486,89.4911800034145,89.46415690538477,106.34774219825402,-234.9234168303072,-0.45130336783530617,0.0011554245494752899,12.000835509172216,1.0906746150386637,-0.7661013960167236,-0.0696257643513654,-0.0696257643513654,708.9849479883601,0.0908832234393233
0.14880000000000002,89.51218068998772,89.48525007197543,103.6608244001653,-232.63666047349219,-0.44815283755497926,0.001107737528421266,12.000808251271808,1.0625070426975043,-0.7607532736272797,-0.06735427265063622,-0.06735427265063622,691.0721626677686,0.08853629026069167
0.149,89.53264660998941,89.50581030464402,101.00005929314987,-230.32329990112405,-0.44492196408923534,0.0010612646779909675,12.00078136669622,1.0346218578266593,-0.7552687662008626,-0.06511389135158514,-0.06511389135158514,673.3337286209991,0.08621287449647853
0.1492,89.55258302440836,89.52584286972733,98.36575120474411,-227.98325624233007,-0.44161035918263336,0.0010159940685610148,12.000754863981792,1.0070223059532015,-0.7496472146618778,-0.06290533181591236,-0.06290533181591236,655.7716746982942,0.08391324690545979
0.1494,89.57199525518912,89.54535309451192,95.75820536495866,-225.61645062623992,-0.4382176340605002,0.0009719136307853603,12.000728751437409,0.9797116421818942,-0.7438879590533183,-0.06072928645072253,-0.06072928645072253,638.388035766391,0.08163767905049496
0.1496,89.59088868541255,89.564346367414,93.17772790627917,-223.22280418203047,-0.4347433994293625,0.0009290111552644752,12.000703037137978,0.9526931311951662,-0.7379903385374982,-0.05858642816485738,-0.05858642816485738,621.1848527085278,0.0793864432981063
0.14980000000000002,89.60926875947628,89.58282813816055,90.62462586366676,-220.80223803886497,-0.43118726547714303,0.0008872742922110238,12.000677728917836,0.925970047253102,-0.7319536913963849,-0.056477409819629475,-0.056477409819629475,604.1641724244452,0.07715981281805503
0.15,89.62714098327527,89.60080391796922,88.09920717455893,-218.35467332595778,-0.4275488418736444,0.0008466905511120794,12.00065283436409,0.899545674193416,-0.7257773550324211,-0.05440286367400352,-0.05440286367400352,587.3280478303928,0.07495806158291243
0.1502,89.64451092438222,89.61827927972955,85.60178067886982,-215.88003117252498,-0.42382773777077787,0.0008072473003881159,12.00062836080989,0.8734233054314386,-0.7194606659689131,-0.05236340082412682,-0.05236340082412682,570.678537859132,0.07278146436762864
0.1504,89.6613842122281,89.6352598581829,83.13265611899112,-213.3782327078032,-0.42002356180294975,0.0007689317670487463,12.000604315327646,0.8476062439600963,-0.7130029598506864,-0.05035961063723911,-0.05035961063723911,554.2177074599407,0.07063029674909789
0.1506,89.67776653828268,89.65175135010313,80.6921441397927,-210.84919906106785,-0.4161359220874496,0.0007317310363452652,12.000580704722159,0.8220978023498904,-0.7064035714447447,-0.04839206017991474,-0.04839206017991474,537.947627598618,0.06850483510572114
0.15080000000000002,89.69366365623497,89.66775951447737,78.28055628862306,-208.29285136159504,-0.41216442622471416,0.00069563205142023,12.000557535523686,0.7969013027488815,-0.6996618346407186,-0.046461293640598346,-0.046461293640598346,521.870375257487,0.06640535661696705
0.151,89.70908138217375,89.68329017268628,75.89820501531015,-205.70911073868876,-0.4081086812987415,0.0006606216129540213,12.000534813980957,0.7720200768826683,-0.6927770824515674,-0.0445678317464409,-0.0445678317464409,505.98803343540106,0.06433213926293047
0.1512,89.72402559476807,89.69834920868439,73.54540367216208,-203.09789832168065,-0.40396829387744687,0.0006266863788085027,12.000512546054093,0.7474574660543677,-0.6857486470141846,-0.04271217117438636,-0.04271217117438636,490.30269114774717,0.062285461823890206
0.1514,89.73850223544771,89.71294256918145,71.22246651396759,-200.4591352399185,-0.3997428700129947,0.0005938128636680082,12.000490737407478,0.7232168211445968,-0.6785758595899603,-0.04089478395648793,-0.04089478395648793,474.8164434264506,0.06026560387986573
0.1516,89.7525173085837,89.72707626382171,68.92970869799683,-197.79274262277065,-0.39543201524216987,0.0005619874386775458,12.000469393402554,0.6993015026114519,-0.6712580505654119,-0.03911611687943581,-0.03911611687943581,459.53139131997875,0.058272845810173377
0.15180000000000002,89.76607688166885,89.74075636536512,66.66744628400207,-195.09864159964494,-0.39103533458678497,0.0005311963310783899,12.00044851909054,0.6757148804904869,-0.6637945494528759,-0.03737659087826987,-0.03737659087826987,444.4496418933472,0.05630746879298277
0.152,89.77918708549818,89.75398900986855,64.43599623421817,-192.376753299943,-0.38655243255394317,0.0005014256238411202,12.00042811920509,0.652460334394698,-0.656184684890953,-0.03567660042423474,-0.03567660042423474,429.5733082281211,0.05436975480487417
0.1522,89.79185411434945,89.76678039686487,62.235676413363535,-189.62699885310752,-0.38198291313651367,0.0004726612552963675,12.000408198154883,0.6295412535144996,-0.6484277846453165,-0.034016512906786533,-0.034016512906786533,414.90450942242353,0.05245998662039633
0.1524,89.80408422616367,89.77913678954393,60.066805588640676,-186.8492993886204,-0.3773263798134987,0.0004448890187630066,12.000388760016115,0.6069610366177026,-0.6405231756093344,-0.0323966680096939,-0.0323966680096939,400.4453705909378,0.05057844781162636
0.1526,89.81588374272557,89.79106451493459,57.92970342973662,-184.04357603594894,-0.37258243555028614,0.0004180945621742266,12.000369808524976,0.5847230920494993,-0.6324701838044982,-0.030817377081209945,-0.030817377081209945,386.1980228649108,0.04872542274773201
0.15280000000000002,89.82725904984414,89.80256996408207,55.824690508824084,-181.20974992462797,-0.36775068279920964,0.0003922633877014201,12.00035134706998,0.5628308377324354,-0.6242681343813745,-0.029278922498325134,-0.029278922498325134,372.1646033921606,0.04690119659453611
0.153,89.83821659753303,89.81365959223193,53.75208830056165,-178.34774218418852,-0.3628307234997664,0.00036738085137586016,12.0003333786843,0.5412877011663951,-0.6159163516199739,-0.02778155702502,-0.02778155702502,358.3472553370777,0.04510605531408505
0.1532,89.84876290019119,89.82433991900851,51.712219182094756,-175.45747394418947,-0.35782215907906756,0.00034343216270844905,12.000315906037974,0.5200971194285784,-0.607414158930516,-0.026325503164540975,-0.026325503164540975,344.7481278806317,0.043340285664220796
0.1534,89.85890453678324,89.8346175285958,49.705406433056375,-172.53886633423198,-0.3527245904522527,0.0003204023843075359,12.000298931430066,0.4992625391734775,-0.5987608788541328,-0.02491095250565004,-0.02491095250565004,331.3693762203759,0.0416041751981574
0.15360000000000001,89.86864815102004,89.84449906991821,47.73197423556748,-169.5918404839153,-0.3475376180227738,0.00029827643149485454,12.000282456780752,0.47878741663286095,-0.5899558330633506,-0.02353806506281719,-0.02353806506281719,318.21316157044987,0.039898012264063205
0.15380000000000002,89.87800045153918,89.85399125682093,45.79224767423805,-166.6163175229002,-0.3422608416829238,0.0002770390719196915,12.000266483623324,0.4586752176157444,-0.5809983423629881,-0.022206968610356,-0.022206968610356,305.281651161587,0.03822208600464791
0.154,89.8869682120854,89.8631008682507,43.88655273616734,-163.61221858085452,-0.3368938608141002,0.000256674925171449,12.000251013096126,0.4389294175083752,-0.5718877266906023,-0.02091775801044106,-0.02091775801044106,292.57701824111564,0.03657668635675723
0.1542,89.89555827169124,89.87183474843592,42.01521631094482,-160.57946478746933,-0.3314362742872311,0.00023716846239039312,12.00023604593442,0.4195535012742093,-0.5626233051172134,-0.019670494535010966,-0.019670494535010966,280.1014420729655,0.03496210405097411
0.1544,89.90377753485741,89.88019980706721,40.17856619065087,-157.51797727247376,-0.32588768046319766,0.00021850400587709632,12.000221582462178,0.40055096345388824,-0.5532043958480208,-0.018465205181518514,-0.018465205181518514,267.8571079376724,0.033378630611227776
0.15460000000000002,89.91163297173328,89.88820301947881,38.37693106985732,-154.42767716561184,-0.3202476771931746,0.0002006657287003027,12.00020762258379,0.38192530816521963,-0.5436303162229816,-0.017301881982498036,-0.017301881982498036,255.84620713238215,0.03182655835441175
0.15480000000000002,89.91913161829753,89.89585142682763,36.610640545628335,-151.3084855966825,-0.3145158618191125,0.0001836376543033197,12.000194165775707,0.36368004910315005,-0.5339003827176293,-0.016180481308936113,-0.016180481308936113,244.07093697085554,0.030306180390010495
0.155,89.92628057653845,89.90315213627485,34.88002511752073,-148.1603236954811,-0.308691831174001,0.00016740365610932526,12.000181211078008,0.34581870953974997,-0.5240139109435203,-0.015100923167399966,-0.015100923167399966,232.5335007834715,0.028817790619737164
0.1552,89.93308701463458,89.9101123211661,33.18541618758505,-144.9831125918583,-0.30277518158239664,0.00015194745712519998,12.000168757085891,0.32834482232418505,-0.5139702156491301,-0.014063090490922237,-0.014063090490922237,221.23610791723365,0.02736168373718104
0.1554,89.93955816713517,89.91673922121193,31.527146060365915,-141.77677341567343,-0.29676550886071507,0.0001372526295442995,12.000156801941083,0.31126192988269874,-0.5037686107203497,-0.01306682842359012,-0.01306682842359012,210.18097373577277,0.02593815522746758
0.15560000000000002,89.94570133514064,89.92304014266844,29.905547942902977,-138.54122729683763,-0.290662408317725,0.00012330259434814852,12.000145343323187,0.2945735842185855,-0.4934084091813234,-0.012111943598833328,-0.012111943598833328,199.37031961935315,0.024547501366930072
0.1558,89.95152388648314,89.9290224585177,28.320955944731292,-135.27639536527784,-0.28446547475486755,0.00011008062090700594,12.000134378440936,0.27828334691217155,-0.48288892319499127,-0.011198203411366752,-0.011198203411366752,188.80637296487532,0.023190019222795257
0.156,89.95703325590699,89.93469360864817,26.773705077882184,-131.98219875094765,-0.2781743024666793,9.756982657945285e-05,12.000123904023393,0.2623947891207918,-0.47220946406380754,-0.010325335282773372,-0.010325335282773372,178.49136718588124,0.02186600665288266
0.1562,89.96223694524923,89.94006110003576,25.264131256883935,-128.65855858385498,-0.2717884852412559,8.575317631120923e-05,12.000113916311047,0.24691149157876385,-0.461369342230527,-0.009493025920696585,-0.009493025920696585,168.4275417125596,0.020575762305318754
0.1564,89.96714252362011,89.94513250692331,23.79257129876221,-125.30539599402012,-0.2653076163605594,7.461348223283546e-05,12.000104411046859,0.23183704459736879,-0.4503678672787274,-0.008700920571607889,-0.008700920571607889,158.61714199174804,0.01931958561826746
0.15660000000000002,89.97175762758354,89.94991547100275,22.359362923040905,-121.92263211149337,-0.2587312886008603,6.41334032569263e-05,12.000095383467205,0.21717504806482815,-0.4392043479335592,-0.007948622267133408,-0.007948622267133408,149.06241948693935,0.0180977768196772
0.1568,89.97608996133766,89.95441770159317,20.96484475174286,-118.5101880663755,-0.25205909423318684,5.429544467436192e-05,12.000086828292767,0.20292911144627765,-0.4278780920625086,-0.007235691063905949,-0.007235691063905949,139.76563167828573,0.016910636927045305
0.157,89.98014729689528,89.95864697582432,19.60935630939028,-115.06798498877819,-0.24529062502363955,4.508195774996029e-05,12.000078739719322,0.18910285378374853,-0.4163884066759314,-0.006561643276911396,-0.006561643276911396,130.72904206260185,0.015758467747201764
0.1572,89.98393747426445,89.96261113881435,18.293238023005657,-111.59594400887099,-0.23842547223390206,3.647513931743804e-05,12.000071111408475,0.17569990369613953,-0.4047345979279202,-0.005925950706310837,-0.005925950706310837,121.95492015337105,0.01464157187611176
0.1574,89.98746840162887,89.96631810385223,17.016831222112128,-108.09398625684382,-0.23146322662156138,2.8457031373875024e-05,12.000063936478291,0.16272389937919682,-0.39291597111684806,-0.00532803985769939,-0.00532803985769939,113.44554148074751,0.013560252698699544
0.15760000000000002,89.99074805552846,89.96977585257741,15.780478138734262,-104.56203286290682,-0.22440347844051325,2.100952067355754e-05,12.000057207493871,0.15017848860549243,-0.3809318306860565,-0.004767291155781311,-0.004767291155781311,105.20318759156173,0.01251481438869375
0.1578,89.99378448103982,89.97299243516075,14.584521907398875,-101.00000495733381,-0.2172458174414663,1.4114338321390503e-05,12.000050916457816,0.13806732872439534,-0.36878148022471136,-0.004243038151431773,-0.004243038151431773,97.23014604932584,0.011505561908494815
0.158,89.9965857919568,89.97597597048427,13.42930656513533,-97.40782367041902,-0.20998983287225104,7.753059365778356e-06,12.000045054800665,0.12639408666205193,-0.35646422246832743,-0.0037545667221106234,-0.0037545667221106234,89.52871043423555,0.010532801009066835
0.1582,89.99916017097088,89.97873464632251,12.315177051476333,-93.7854101324857,-0.2026351134782465,1.9071023912765391e-06,12.000039613371186,0.1151624389213627,-0.3439793592994926,-0.0033011142656060467,-0.0033011142656060467,82.10118034317554,0.009596838229853974
0.1584,90.00151586985179,89.98127671952317,11.242479208458633,-90.13268547390807,-0.1951812475028368,-3.4422708893513487e-06,12.000034582426645,0.10437607158195593,-0.33132619174864275,-0.00288186888707615,-0.00288186888707615,74.94986138972423,0.008697980898722462
0.15860000000000002,90.00366120962794,89.98361051618686,10.211559780623485,-86.44957082507985,-0.18762782268774789,-8.313956043170837e-06,12.000029951622952,0.09403868030016745,-0.3185040199946338,-0.0024959685793569763,-0.0024959685793569763,68.07706520415657,0.007836537131930168
0.1588,90.00560458076693,89.98574443184711,9.22276641501745,-82.73598731645697,-0.1799744262735521,-1.2727006325577476e-05,12.000025710004758,0.08415397030901198,-0.30551214336559773,-0.002142500396511311,-0.002142500396511311,61.48510943344967,0.0070128158341236264
0.159,90.00735444335609,89.98768693165347,8.276447661192725,-78.9918560785062,-0.17222064499996037,-1.6700633089025905e-05,12.000021845995448,0.07472565641816475,-0.29234986033943894,-0.0018204996205830781,-0.0018204996205830781,55.17631774128484,0.0062271266983652705
0.1592,90.00891932728292,89.98944655054927,7.372952971208059,-75.21709824173966,-0.1643660651063086,-2.0254206191869385e-05,12.000018347387059,0.06575746301393531,-0.2790164685446597,-0.0015289489215322208,-0.0015289489215322208,49.15301980805373,0.0054797802061905725
0.15940000000000001,90.01030783241568,89.9910318934527,6.5126326996292665,-71.4116349367198,-0.15641027233197743,-2.3407254407512026e-05,12.000015201330124,0.057253124059241746,-0.26551126476107284,-0.0012667775103157297,-0.0012667775103157297,43.41755133086178,0.004771087627696973
0.15960000000000002,90.01152862878376,89.99245163543875,5.6958381035296926,-67.57538729403157,-0.14835285191673847,-2.6179465833731345e-05,12.00001239432342,0.04921638309359002,-0.2518335449203894,-0.0010328602850845229,-0.0010328602850845229,37.972254023531285,0.004101361021666254
0.1598,90.01259045675832,89.99371452191855,4.922921342490995,-63.708276444302534,-0.14019338860120867,-2.8590688302059848e-05,12.000009912203645,0.04165099323304855,-0.23798260410699007,-0.0008260169704662574,-0.0008260169704662574,32.81947561660663,0.0034709132357208104
0.16,90.01350212723268,89.9948293688195,4.194235478603691,-59.81022351821392,-0.13193146662728436,-3.066092978743407e-05,12.000007740134999,0.03456071717022186,-0.22395773655866175,-0.000645011249901068,-0.000645011249901068,27.96156985735794,0.002880057906515405
0.1602,90.01427252180294,89.99580506276753,3.510134476467586,-55.88114964645914,-0.12356666973845681,-3.24103588177438e-05,12.000005862598691,0.027949327174231722,-0.2097582356671335,-0.0004885498909981971,-0.0004885498909981971,23.400896509783905,0.002329109459966471
0.16040000000000001,90.01491059294834,89.99665056126508,2.8709732031926736,-51.920975959791384,-0.11509858118032892,-3.3859304883638446e-05,12.000004263382365,0.0218206050906884,-0.19538339397895346,-0.00035528186388255803,-0.00035528186388255803,19.139821354617826,0.0018183831115188259
0.16060000000000002,90.01542536421188,89.99737489287392,2.2771074283994874,-47.92962358901323,-0.10652678370100133,-3.502825884837159e-05,12.00000292556943,0.01617834234166577,-0.18083250319614425,-0.0002437974524967681,-0.0002437974524967681,15.180716189329917,0.0013481948664523403
0.1608,90.01582593038076,89.99798715739517,1.7288938242195795,-43.9070136649336,-0.09785085955138469,-3.593787335758218e-05,12.000001831528305,0.011026339925683224,-0.1661048541767333,-0.00015262735882644803,-0.00015262735882644803,11.525958828130529,0.0009188615202301952
0.161,90.0161214576669,89.99849652604794,1.2266899652964853,-39.853067318438654,-0.08907039048576897,-3.6608963249288295e-05,12.0000009629016,0.006368408417673745,-0.15119973693571895,-8.024180001554423e-05,-8.024180001554423e-05,8.177933101976569,0.0005307006588884359
0.1612,90.01632118388746,89.998912241653,0.7708543287858803,-35.76770568043747,-0.08018495776211053,-3.706250596376427e-05,12.00000030059518,0.0022083679689642527,-0.13611644064555803,-2.504959833677381e-05,-2.504959833677381e-05,5.139028858572535,0.0001840306594704603
0.16140000000000002,90.01643441864528,89.9992436188104,0.36174629435635763,-31.650849881874393,-0.07119414214246954,-3.731964195349383e-05,11.999999824767167,-0.001449951692748553,-0.12085425363690819,1.4602736016298068e-05,1.4602736016298068e-05,2.411641962375718,-0.00012082930949348461
0.16160000000000002,90.01647054350948,89.99950004408205,-0.00027385580993624653,-27.5024210537578,-0.06209752389348434,-3.740167509319104e-05,11.999999514816848,-0.004602711263426622,-0.1054124633994333,4.043192935091743e-05,4.043192935091743e-05,-0.0018257053995749768,-0.0003835592874602605
0.1618,90.01643901219587,89.99969097617036,-0.3148449370169937,-23.322340327123086,-0.05289468278669759,-3.733007308968032e-05,11.999999349373486,-0.0072460618627114524,-0.08979035658235703,5.421887614557649e-05,5.421887614557649e-05,-2.0989662467799577,-0.0006038385212987338
0.162,90.01634935074753,89.9998259461008,-0.5816048620542155,-19.110528833058357,-0.04358519809902375,-3.71264678919478e-05,11.999999306285064,-0.009376145033951,-0.07398721899525638,5.780957800513217e-05,5.780957800513217e-05,-3.8773657470281035,-0.0007813454646651683
0.1622,90.01621115771525,89.99991455740117,-0.800190641195974,-14.866907702673515,-0.034168648613088944,-3.681265610101356e-05,11.999999362606921,-0.010989092744220243,-0.05800233560863865,5.311608993671221e-05,5.311608993671221e-05,-5.334604274639828,-0.0009157577773264927
0.16240000000000002,90.01603410433805,89.99996648628196,-0.9702383822008229,-10.591398067148567,-0.024644612617749338,-3.641059937996828e-05,11.999999494590313,-0.012081027384351215,-0.041834990554821413,4.211747398362094e-05,4.211747398362094e-05,-6.468255881338819,-0.0010067523244311326
0.1626,90.01582793472372,89.99999148181752,-1.0913832903112597,-6.28392105769763,-0.015012667908419663,-3.5942424863854766e-05,11.999999677670877,-0.012648061768954836,-0.025484467128490174,2.6860760254004008e-05,2.6860760254004008e-05,-7.275888602075065,-0.0010540051757242834
0.1628,90.01560246602926,89.9999993661268,-1.1632596682530756,-1.9443978055729496,-0.0052723917874917935,-3.543042556962429e-05,11.999999886457015,-0.012686299136445051,-0.00895004778740891,9.461915382573477e-06,9.461915382573477e-06,-7.755064455020505,-0.0010571916047068118
0.163,90.01536758864145,90.0,-1.1855009162347525,1.2261275100798545,0.0018662738068432733,-3.489706080599407e-05,12.00000003926047,-0.012392600936352596,0.003168057388159878,-3.2717059022066794e-06,-3.2717059022066794e-06,-7.903339441565016,-0.0010327167413173043
0.1632,90.01513189167105,90.0,-1.1714779070051555,1.2131295965852107,0.0018477180896311497,-3.4361834915504184e-05,12.000000038409514,-0.012245751058206168,0.0031365584854849767,-3.200792855817691e-06,-3.200792855817691e-06,-7.809852713367703,-0.0010204792515841714
0.16340000000000002,90.01489898442743,90.0,-1.1576035509976537,1.2002613382755065,0.0018293400655571908,-3.38329439977255e-05,12.000000037576296,-0.01210045929454589,0.0031053612223964663,-3.1313580790670726e-06,-3.1313580790670726e-06,-7.717357006651025,-0.0010083716047212517
0.1636,90.01466883732837,90.0,-1.1438763653950488,1.1875214908399738,0.0018111380766870626,-3.331032087663063e-05,12.000000036760461,-0.011956710094680401,0.0030744627844996437,-3.0633716748779286e-06,-3.0633716748779286e-06,-7.625842435966992,-0.0009963925048377127
0.1638,90.0144414210867,90.0,-1.1302948816107878,1.1749088215959882,0.0017931104802646576,-3.279389904637887e-05,12.000000035961651,-0.011814488057213138,0.0030438603831653144,-2.996804336413398e-06,-2.996804336413398e-06,-7.535299210738585,-0.0009845406684839525
0.164,90.01421670670763,90.0,-1.1168576451559784,1.1624221093819023,0.0017752556485737554,-3.228361266493153e-05,12.000000035179529,-0.011673777928646918,0.0030135512552949555,-2.931627335647933e-06,-2.931627335647933e-06,-7.445717634373189,-0.0009728148245353125
0.1642,90.01399466548582,90.0,-1.1035632155076285,1.1500601444515888,0.0017575719688026506,-3.1779396547667365e-05,12.00000003441375,-0.011534564602001246,0.0029835326630909195,-2.8678125121592375e-06,-2.8678125121592375e-06,-7.35708810338419,-0.0009612137140768565
0.16440000000000002,90.0137752690027,90.0,-1.090410165978092,1.1378217283706675,0.0017400578429116946,-3.128118616099787e-05,12.000000033663987,-0.011396833115442161,0.0029538018938315806,-2.805332262136405e-06,-2.805332262136405e-06,-7.269401106520614,-0.0009497360902891882
0.1646,90.01355848912362,90.0,-1.077397083585702,1.125705673911548,0.0017227116874970728,-3.0788917616213866e-05,12.000000032929915,-0.011260568650924915,0.002924356259640093,-2.744159527589528e-06,-2.744159527589528e-06,-7.18264722390468,-0.0009383807183353432
0.1648,90.01334429799518,90.0,-1.0645225689266036,1.1137108049515685,0.0017055319336608025,-3.0302527663216325e-05,12.000000032211213,-0.011125756532848847,0.0028951930972637083,-2.684267785773089e-06,-2.684267785773089e-06,-7.096817126177357,-0.0009271463752486948
0.165,90.01313266804252,90.0,-1.0517852360477526,1.1018359563706297,0.0016885170268785734,-2.982195368442071e-05,12.000000031507572,-0.010992382226724778,0.002866309767849431,-2.625631038805704e-06,-2.625631038805704e-06,-7.011901573651683,-0.0009160318498219033
0.1652,90.01292357196664,90.0,-1.0391837123210834,1.090079973950109,0.001671665426869586,-2.934713368869009e-05,12.000000030818686,-0.010860431337854581,0.002837703656723063,-2.568223803489201e-06,-2.568223803489201e-06,-6.92789141547389,-0.0009050359424968802
0.16540000000000002,90.01271698274174,90.0,-1.0267166383188353,1.0784417142733882,0.0016549756074691938,-2.8878006305268323e-05,12.000000030144253,-0.010729889610022818,0.0028093721731730146,-2.5120211013244463e-06,-2.5120211013244463e-06,-6.844777588792235,-0.0008941574652557591
0.1656,90.01251287361261,90.0,-1.0143826676900132,1.0669200446269027,0.0016384460565017991,-2.8414510777799846e-05,12.000000029483981,-0.010600742924200324,0.002781312750234536,-2.4569984487162335e-06,-2.4569984487162335e-06,-6.762551117933421,-0.0008833952415128596
0.1658,90.01231121809198,90.0,-1.0021804670379837,1.0555138429009971,0.0016220752756523462,-2.7956586958493977e-05,12.000000028837583,-0.010472977297259899,0.0027535228444715756,-2.4031318473613997e-06,-2.4031318473613997e-06,-6.681203113586558,-0.0008727481060076627
0.166,90.01211198995803,90.0,-0.9901087157992013,1.044221997493427,0.0016058617803430414,-2.7504175302202492e-05,12.000000028204774,-0.010346578880703595,0.002725999935767509,-2.3503977748265857e-06,-2.3503977748265857e-06,-6.600724771994677,-0.0008622149046987516
0.16620000000000001,90.01191516325171,90.0,-0.9781661061230418,1.0330434072126278,0.0015898040996085965,-2.7057216860641693e-05,12.000000027585278,-0.010221533959401752,0.0026987415271133588,-2.2987731753020538e-06,-2.2987731753020538e-06,-6.521107374153613,-0.0008517944946587303
0.16640000000000002,90.01172071227435,90.0,-0.9663513427527384,1.0219769811821688,0.0015739007759733169,-2.6615653276643313e-05,12.000000026978825,-0.01009782895034361,0.0026717451443991494,-2.2482354505332458e-06,-2.2482354505332458e-06,-6.442342285018255,-0.0008414857439701096
0.1666,90.01152861158502,90.0,-0.9546631429074137,1.0110216387460305,0.0015581503653291776,-2.6179426778463272e-05,12.000000026385148,-0.009975450401399402,0.0026450083362069376,-2.1987624509254656e-06,-2.1987624509254656e-06,-6.364420952716091,-0.0008312875316221464
0.1668,90.01133883599817,90.0,-0.9431002361651931,1.000176309374673,0.0015425514368148526,-2.5748480174148146e-05,12.000000025803988,-0.009854384990093812,0.00261852867360546,-2.150332466818396e-06,-2.150332466818396e-06,-6.287334907767955,-0.0008211987474086341
0.167,90.01115136058107,90.0,-0.9316613643473927,0.9894399325719028,0.001527102572695692,-2.5322756845959462e-05,12.00000002523509,-0.009734619522390717,0.0025923037499463912,-2.1029242199272767e-06,-2.1029242199272767e-06,-6.211075762315952,-0.0008112182918266292
0.16720000000000002,90.01096616065142,90.0,-0.920345281403773,0.978811457783224,0.001511802368246274,-2.4902200744797934e-05,12.000000024678203,-0.009616140931489027,0.0025663311806649715,-2.0565168549498213e-06,-2.0565168549498213e-06,-6.135635209358488,-0.0008013450759761059
0.16740000000000002,90.01078321177494,90.0,-0.9091507532988401,0.9682898443042277,0.0014966494316321637,-2.448675638474334e-05,12.00000002413308,-0.009498936276629611,0.0025406086030792907,-2.0110899313311133e-06,-2.0110899313311133e-06,-6.061005021992267,-0.0007915780214605329
0.1676,90.01060248976293,90.0,-0.8980765578991949,0.9578740611900984,0.0014816423837933973,-2.4076368837623215e-05,12.00000002359948,-0.009382992741913234,0.002515133676192496,-1.966623415187037e-06,-1.966623415187037e-06,-5.9871770526613,-0.0007819160602883685
0.1678,90.01042397066998,90.0,-0.8871214848619171,0.9475630871658445,0.001466779858328787,-2.367098372763936e-05,12.000000023077172,-0.009268297635129295,0.002489904080496398,-1.9230976713819907e-06,-1.9230976713819907e-06,-5.914143232412782,-0.0007723581347754544
0.168,90.01024763079155,90.0,-0.8762843355239759,0.937355910537258,0.0014520605013810645,-2.3270547226052116e-05,12.00000002256592,-0.009154838386595436,0.002464917517776499,-1.8804934557580637e-06,-1.8804934557580637e-06,-5.84189557015984,-0.0007629031974483187
0.16820000000000002,90.01007344666172,90.0,-0.8655639227926589,0.9272515291029388,0.001437482971523654,-2.2875006045893543e-05,12.000000022065503,-0.009042602548007731,0.002440171710919783,-1.8387919075138124e-06,-1.8387919075138124e-06,-5.770426151951059,-0.0007535502109483555
0.16840000000000002,90.00990139505079,90.0,-0.8549590710370077,0.9172489500680816,0.001423045939650714,-2.2484307436651685e-05,12.000000021575694,-0.008931577791301297,0.002415664403728064,-1.797974541731843e-06,-1.797974541731843e-06,-5.6997271402467184,-0.0007442981479368789
0.1686,90.00973145296305,90.0,-0.8444686159802385,0.9073471899560813,0.0014087480888612554,-2.2098399179243755e-05,12.00000002109628,-0.008821751907521762,0.0023913933607212674,-1.7580232420408306e-06,-1.7580232420408306e-06,-5.629790773201591,-0.0007351459910010763
0.1688,90.00956359763455,90.0,-0.834091404593174,0.8975452745243987,0.001394588114352355,-2.1717229580758188e-05,12.000000020627043,-0.008713112805706743,0.0023673563669561587,-1.7189202534284045e-06,-1.7189202534284045e-06,-5.5606093639544945,-0.0007260927325607997
0.169,90.00939780653086,90.0,-0.8238262949886387,0.8878422386785653,0.0013805647233072185,-2.1340747469456714e-05,12.000000020167779,-0.008605648511777874,0.002343551227836328,-1.6806481751841638e-06,-1.6806481751841638e-06,-5.4921752999242575,-0.0007171373747762339
0.16920000000000002,90.00923405734471,90.0,-0.8136721563168352,0.8782371263893456,0.0013666766347897872,-2.0968902189631955e-05,12.000000019718279,-0.008499347167442751,0.002319975768933281,-1.6431899539848353e-06,-1.6431899539848353e-06,-5.424481042112235,-0.0007082789294563925
0.1694,90.00907232799403,90.0,-0.8036278686616706,0.8687289906076623,0.0013529225796333163,-2.0601643596753953e-05,12.000000019278346,-0.00839419702910733,0.0022966278357972967,-1.606528877103637e-06,-1.606528877103637e-06,-5.357519124411136,-0.0006995164179684842
0.1696,90.0089125966196,90.0,-0.7936923229380537,0.8593168931833711,0.0013393013003371382,-2.0238922052414453e-05,12.000000018847782,-0.008290186466798001,0.0022735052937821795,-1.5706485657586164e-06,-1.5706485657586164e-06,-5.291282152920357,-0.000690848871148086
0.1698,90.0087548415829,90.0,-0.7838644207901225,0.8499999047828433,0.001325811550959847,-1.9880688419473404e-05,12.000000018426395,-0.008187303963093766,0.002250606027863938,-1.5355329685832335e-06,-1.5355329685832335e-06,-5.2257628052674825,-0.0006822753292101576
0.17,90.00859904146408,90.0,-0.7741430744904132,0.8407771048075112,0.0013124520970139446,-1.9526894057234377e-05,12.000000018013996,-0.008085538112068238,0.0022279279424619433,-1.5011663552229841e-06,-1.5011663552229841e-06,-5.160953829936088,-0.000673794841660875
0.17020000000000002,90.00844517505979,90.0,-0.7645272068399621,0.8316475813137134,0.0012992217153627345,-1.9177490816619945e-05,12.0000000176104,-0.007984877618241355,0.0022054689612639013,-1.4675333100565238e-06,-1.4675333100565238e-06,-5.096848045599748,-0.0006654064672102734
0.1704,90.008293221381,90.0,-0.7550157510693228,0.8226104309338192,0.001286119194119438,-1.8832431035347103e-05,12.000000017215424,-0.007885311295540594,0.002183227027054602,-1.4346187260387994e-06,-1.4346187260387994e-06,-5.033438340462153,-0.0006571092736856817
0.1706,90.00814315965108,90.0,-0.7456076507404866,0.8136647587954167,0.0012731433325410182,-1.8491667533362672e-05,12.000000016828894,-0.007786828066272127,0.0021612001015356794,-1.4024077986556023e-06,-1.4024077986556023e-06,-4.970717671603244,-0.0006489023379459848
0.1708,90.00799496930362,90.0,-0.7363018596497256,0.8048096784449863,0.0012602929409317137,-1.8155153608018684e-05,12.000000016450631,-0.007689416960101012,0.00213938616516186,-1.3708860200040941e-06,-1.3708860200040941e-06,-4.908679064331505,-0.0006407847457966415
0.171,90.00784862998044,90.0,-0.727097341731311,0.7960443117695988,0.001247566840541215,-1.7822843029507818e-05,12.00000001608047,-0.007593067113041023,0.002117783216968112,-1.3400391729801947e-06,-1.3400391729801947e-06,-4.847315611542073,-0.0006327555919055013
0.17120000000000002,90.00770412152958,90.0,-0.7179930709621247,0.7873677889195063,0.0012349638634641732,-1.7494690036327667e-05,12.00000001571824,-0.007497767766453839,0.0020963892743990596,-1.3098533255783528e-06,-1.3098533255783528e-06,-4.7866204730808315,-0.0006248139797194053
0.1714,90.0075614240033,90.0,-0.7089880312671574,0.7787792482326801,0.001222482852543515,-1.7170649330687282e-05,12.000000015363778,-0.007403508266057309,0.002075202373144856,-1.280314825304101e-06,-1.280314825304101e-06,-4.726586875114382,-0.0006169590213815406
0.1716,90.00742051765604,90.0,-0.7000812164258692,0.7702778361594884,0.0012101226612733552,-1.6850676074000334e-05,12.000000015016923,-0.007310278060942867,0.002054220566976375,-1.2514102936927234e-06,-1.2514102936927234e-06,-4.667208109505795,-0.0006091898376495592
0.1718,90.00728138294258,90.0,-0.6912716299794122,0.7618627071871551,0.00119788215370067,-1.6534725882493885e-05,12.00000001467752,-0.007218066702602149,0.002033441927578298,-1.223126620931298e-06,-1.223126620931298e-06,-4.608477533196081,-0.0006015055578144616
0.17200000000000001,90.00714400051595,90.0,-0.6825582851387163,0.7535330237668464,0.0011857602043323868,-1.6222754822701554e-05,12.00000001434541,-0.00712686384396234,0.002012864544391398,-1.1954509605889624e-06,-1.1954509605889624e-06,-4.550388567591441,-0.0005939053196202103
0.17220000000000002,90.00700835122564,90.0,-0.6739402046934092,0.7452879562394344,0.0011737556980386758,-1.591471940715895e-05,12.000000014020449,-0.00703665923843061,0.0019924865244483696,-1.1683707244439196e-06,-1.1683707244439196e-06,-4.492934697956062,-0.0005863882691840986
0.1724,90.0068744161156,90.0,-0.6654164209215859,0.737126682762802,0.0011618675299591283,-1.5610576590070175e-05,12.000000013702483,-0.006947442738947322,0.0019723059922145698,-1.1418735774122418e-06,-1.1418735774122418e-06,-4.436109472810573,-0.0005789535609178517
0.1726,90.00674217642236,90.0,-0.6569859755004088,0.7290483892399524,0.0011500946054101167,-1.5310283763003255e-05,12.000000013391368,-0.0068592042970479225,0.001952321089430754,-1.1159474325747206e-06,-1.1159474325747206e-06,-4.379906503336058,-0.000571600357449451
0.1728,90.00661161357326,90.0,-0.6486479194175301,0.7210522692472019,0.0011384358397916537,-1.501379875067222e-05,12.000000013086964,-0.006771933961933583,0.001932529974954968,-1.090580446298318e-06,-1.090580446298318e-06,-4.324319462783533,-0.0005643278295456871
0.17300000000000001,90.00648270918444,90.0,-0.6404013128833357,0.7131375239642286,0.001126890158497898,-1.4721079806661405e-05,12.000000012789133,-0.006685621879550228,0.0019129308246106295,-1.0657610134543937e-06,-1.0657610134543937e-06,-4.269342085888905,-0.0005571351560354127
0.17320000000000002,90.00635544505913,90.0,-0.6322452252439896,0.7053033621034634,0.001115456496825447,-1.4432085609294203e-05,12.000000012497733,-0.006600258291676203,0.0018935218310308518,-1.0414777627262646e-06,-1.0414777627262646e-06,-4.214968168293264,-0.000550021523733515
0.1734,90.00622980318576,90.0,-0.6241787348952845,0.6975489998398966,0.0011041337998819204,-1.41467752575596e-05,12.000000012212634,-0.00651583353501844,0.0018743012035032603,-1.0177195520069107e-06,-1.0177195520069107e-06,-4.161191565968563,-0.0005429861273655957
0.1736,90.00610576573621,90.0,-0.6162009291972962,0.6898736607434264,0.00109292102249981,-1.3865108266923144e-05,12.000000011933706,-0.006432338040316728,0.0018552671678237517,-9.94475463889635e-07,-9.94475463889635e-07,-4.108006194648642,-0.0005360281694933272
0.1738,90.005983315064,90.0,-0.6083109043898115,0.6822765757094468,0.0010818171291455574,-1.3587044565369036e-05,12.000000011660816,-0.006349762331456521,0.0018364179661421501,-9.717348012406834e-07,-9.717348012406834e-07,-4.05540602926541,-0.0005291468604405197
0.17400000000000002,90.00586243370248,90.0,-0.6005077655085496,0.6747569828926742,0.0010708210938355377,-1.3312544489268889e-05,12.000000011393844,-0.0062680970245896014,0.0018177518568195858,-9.494870828628968e-07,-9.494870828628968e-07,-4.003385103390331,-0.0005223414182198437
0.17420000000000002,90.00574310436315,90.0,-0.5927906263021405,0.6673141276384789,0.0010599319000455685,-1.304156877953937e-05,12.000000011132665,-0.0061873328272632495,0.0017992671142748851,-9.27722039236683e-07,-9.27722039236683e-07,-3.951937508680937,-0.0005156110684602604
0.1744,90.0056253099339,90.0,-0.5851586091498894,0.6599472624177992,0.0010491485406281336,-1.2774078577597625e-05,12.000000010877155,-0.006107460537557131,0.0017809620288440542,-9.064296083494475e-07,-9.064296083494475e-07,-3.901057394332596,-0.0005089550443350957
0.1746,90.00550903347728,90.0,-0.5776108449802837,0.652655646760609,0.0010384700177255948,-1.251003542151892e-05,12.0000000106272,-0.006028471043228346,0.0017628349066329543,-8.855999316014551e-07,-8.855999316014551e-07,-3.850738966535225,-0.0005023725864907944
0.1748,90.00539425822882,90.0,-0.570146473190263,0.645438547191157,0.0010278953426869058,-1.224940124213653e-05,12.000000010382681,-0.005950355320864262,0.0017448840693759205,-8.652233497932464e-07,-8.652233497932464e-07,-3.8009764879350874,-0.0004958629429763229
0.17500000000000002,90.00528096759531,90.0,-0.5627646415652285,0.6382952371624646,0.0010174235359819692,-1.1992138359286042e-05,12.000000010143484,-0.005873104435043362,0.0017271078542903803,-8.452903991880722e-07,-8.452903991880722e-07,-3.751764277101523,-0.0004894253691732403
0.1752,90.00516914515318,90.0,-0.5554645061998013,0.6312249969936464,0.0010070536271219546,-1.1738209477905225e-05,12.000000009909503,-0.005796709537503557,0.0017095046139415898,-8.257918076548636e-07,-8.257918076548636e-07,-3.7030967079986756,-0.0004830591277263901
0.1754,90.00505877464677,90.0,-0.5482452314192984,0.6242271138057434,0.0009967846545755412,-1.1487577684336136e-05,12.000000009680623,-0.005721161866318371,0.001692072716100456,-8.067184908818452e-07,-8.067184908818452e-07,-3.6549682094619893,-0.0004767634884752503
0.1756,90.0049498399868,90.0,-0.5411059897019422,0.6173008814582268,0.0009866156656861062,-1.1240206442656112e-05,12.000000009456738,-0.0056464527450808405,0.0016748105436029583,-7.880615486637306e-07,-7.880615486637306e-07,-3.607373264679615,-0.00047053772838592404
0.1758,90.00484232524865,90.0,-0.5340459616017961,0.6104456004882914,0.0009765457165948217,-1.0996059590864286e-05,12.000000009237748,-0.005572573582094617,0.001657716494219605,-7.698122612649452e-07,-7.698122612649452e-07,-3.5603064106786406,-0.00046438113148373176
0.17600000000000002,90.00473621467077,90.0,-0.5270643356723941,0.6036605780475668,0.000966573872157129,-1.0755101337357054e-05,12.000000009023545,-0.005499515869572932,0.0016407889805136453,-7.519620858474851e-07,-7.519620858474851e-07,-3.5137622378159605,-0.0004582929887864587
0.1762,90.00463149265316,90.0,-0.5201603083910946,0.5969451278416131,0.0009566992058651148,-1.0517296257259042e-05,12.00000000881403,-0.005427271182844741,0.0016240264297093,-7.345026529721322e-07,-7.345026529721322e-07,-3.4677353892739644,-0.00045227259823819974
0.1764,90.0045281437557,90.0,-0.5133330840841265,0.5902985700696753,0.0009469207997699036,-1.0282609288811877e-05,12.00000000860911,-0.005355831179568213,0.0016074272835600218,-7.174257631669169e-07,-7.174257631669169e-07,-3.422220560560843,-0.00044631926464381677
0.1766,90.00442615269662,90.0,-0.5065818748523232,0.5837202313643315,0.000937237744403226,-1.0051005729849633e-05,12.00000000840868,-0.005285187598951544,0.001590989998215353,-7.007233835609636e-07,-7.007233835609636e-07,-3.3772124990154873,-0.0004404322996040075
0.1768,90.00432550435102,90.0,-0.4999059004975477,0.5772094447310404,0.0009276491386981636,-9.82245123436093e-06,12.000000008212652,-0.005215332260981132,0.0015747130440863892,-6.84387644582576e-07,-6.84387644582576e-07,-3.3327060033169844,-0.00043461102145098525
0.17700000000000002,90.00422618374918,90.0,-0.4933043884498093,0.5707655494907851,0.0009181540899165543,-9.596911808877699e-06,12.00000000802093,-0.005146257065656567,0.001558594905722546,-6.68410836725809e-07,-6.68410836725809e-07,-3.2886959229987283,-0.00042885475518472947
0.1772,90.00412817607523,90.0,-0.48677657369503496,0.5643878912207909,0.0009087517135713372,-9.374353809095073e-06,12.000000007833425,-0.0050779539922329335,0.0015426340816797393,-6.52785407375556e-07,-6.52785407375556e-07,-3.2451771579669,-0.0004231628324098433
0.1774,90.00403146666548,90.0,-0.48032169870352004,0.5580758216965445,0.0008994411333513719,-9.154743936462376e-06,12.000000007650048,-0.005010415098470079,0.0015268290843927612,-6.3750395769565e-07,-6.3750395769565e-07,-3.202144658023467,-0.0004175345912729933
0.1776,90.00393604100707,90.0,-0.47393901335904154,0.5518286988347405,0.0008902214810478629,-8.93804923477413e-06,12.00000000747071,-0.004943632519888808,0.0015111784400503848,-6.225592395780802e-07,-6.225592395780802e-07,-3.1595934223936104,-0.00041196937640092533
0.1778,90.00384188473637,90.0,-0.46762777488862356,0.5456458866357152,0.0008810918964790367,-8.724237086876598e-06,12.00000000729533,-0.004877598469034055,0.0014956806884675008,-6.079441526498108e-07,-6.079441526498108e-07,-3.1175184992574905,-0.00040646653883906226
0.17800000000000002,90.0037489836376,90.0,-0.46138724779296164,0.5395267551285798,0.0008720515274205737,-8.513275211229899e-06,12.00000000712382,-0.004812305234744631,0.0014803343829670234,-5.936517413413002e-07,-5.936517413413002e-07,-3.075914985286411,-0.00040102543599064984
0.1782,90.0036573236414,90.0,-0.4552167037774745,0.5334706803136723,0.0008630995295292426,-8.305131658759006e-06,12.000000006956103,-0.004747745181430085,0.0014651380902502577,-5.796751920069215e-07,-5.796751920069215e-07,-3.034778025183163,-0.0003956454315564945
0.1784,90.0035668908233,90.0,-0.44911542168401347,0.5274770441084207,0.0008542350662739534,-8.099774809502524e-06,12.000000006792094,-0.004683910748353979,0.0014500903902798594,-5.660078301060226e-07,-5.660078301060226e-07,-2.9941028112267567,-0.0003903258954752374
0.1786,90.00347767140235,90.0,-0.44308268742319157,0.5215452342919331,0.0008454573088633146,-7.897173369434801e-06,12.000000006631717,-0.004620794448923957,0.0014351898761568614,-5.526431174360429e-07,-5.526431174360429e-07,-2.9538845828212774,-0.0003850662038641922
0.17880000000000001,90.00338965173977,90.0,-0.43711779390734606,0.5156746444511887,0.0008367654361763932,-7.69729636723027e-06,12.000000006474895,-0.004558388869988298,0.001420435154003137,-5.395746494211936e-07,-5.395746494211936e-07,-2.914118626048974,-0.0003798657389607256
0.17900000000000002,90.00330281833745,90.0,-0.4312200409841164,0.5098646739266633,0.0008281586346916395,-7.500113151143334e-06,12.000000006321553,-0.00449668667113908,0.0014058248428407462,-5.267961524523338e-07,-5.267961524523338e-07,-2.8748002732274425,-0.0003747238890641869
0.1792,90.00321715783666,90.0,-0.4253887353706442,0.5041147277595347,0.0008196360984189767,-7.3055933858304845e-06,12.000000006171618,-0.004435680584021707,0.0013913575744766583,-5.143014812802981e-07,-5.143014812802981e-07,-2.8359249024709614,-0.0003696400484783691
0.1794,90.0031326570166,90.0,-0.41962319058837644,0.4984242166386659,0.0008111970288308633,-7.113707049259084e-06,12.000000006025015,-0.004375363411650876,0.001377031993385725,-5.020846164589587e-07,-5.020846164589587e-07,-2.797487937255843,-0.0003646136174545061
0.1796,90.00304930279316,90.0,-0.4139227268984761,0.49279255684736833,0.0008028406347923282,-6.924424429702822e-06,12.000000005881677,-0.004315728027733043,0.0013628467565919152,-4.901396618371631e-07,-4.901396618371631e-07,-2.7594848459898405,-0.0003596440021348111
0.17980000000000002,90.00296708221745,90.0,-0.4082866712378404,0.48721917021350264,0.000794566132498297,-6.737716122534932e-06,12.00000000574153,-0.004256767375994782,0.001348800533561924,-4.78460842103638e-07,-4.78460842103638e-07,-2.7219111415856023,-0.00035473061449650716
0.18000000000000002,90.00288598247457,90.0,-0.40271435715569043,0.48170348405575714,0.0007863727454014988,-6.55355302739699e-06,12.000000005604509,-0.004198474469517862,0.0013348920060827915,-4.6704250037371157e-07,-4.6704250037371157e-07,-2.6847623810379364,-0.00034987287229641635
0.1802,90.00280599088222,90.0,-0.39720512475077485,0.4762449311343368,0.0007782597041501678,-6.3719063450788075e-06,12.00000000547055,-0.004140842390080102,0.0013211198681561491,-4.5587909582867576e-07,-4.5587909582867576e-07,-2.648034165005166,-0.0003450701990160315
0.1804,90.00272709488947,90.0,-0.391758320609138,0.4708429496003092,0.000770226246522126,-6.1927475745716575e-06,12.000000005339583,-0.004083864287502462,0.0013074828258863253,-4.4496520139866956e-07,-4.4496520139866956e-07,-2.6117221373942536,-0.00034032202380710705
0.1806,90.00264928207537,90.0,-0.3863732977424667,0.46549698294469244,0.0007622716173577781,-6.016048510208187e-06,12.000000005211547,-0.004027533379002326,0.001293979597366599,-4.342955014898847e-07,-4.342955014898847e-07,-2.575821984949778,-0.0003356277814377655
0.18080000000000002,90.00257254014781,90.0,-0.3810494155270199,0.4602064799494216,0.0007543950684970036,-5.841781238715638e-06,12.000000005086378,-0.003971842948552649,0.0012806089125720743,-4.238647897580944e-07,-4.238647897580944e-07,-2.540329436846799,-0.00033098691223909375
0.18100000000000002,90.00249685694212,90.0,-0.3757860396431184,0.45497089463838913,0.0007465958587157493,-5.669918136326873e-06,12.000000004964015,-0.00391678634624707,0.0012673695132520437,-4.1366796692516216e-07,-4.1366796692516216e-07,-2.505240264287456,-0.00032639886205223514
0.1812,90.00242222041986,90.0,-0.3705825420151954,0.44978968622890964,0.0007388732536631436,-5.500431865920261e-06,12.0000000048444,-0.003862356987670887,0.0012542601528232377,-4.037000386381918e-07,-4.037000386381918e-07,-2.470550280101303,-0.0003218630821759711
0.1814,90.00234861866765,90.0,-0.36543830075240125,0.44466231908289605,0.0007312265257974646,-5.333295374246266e-06,12.000000004727474,-0.0038085483532779925,0.0012412795962611282,-3.9395611336962283e-07,-3.9395611336962283e-07,-2.4362553383493415,-0.0003173790293147993
0.1816,90.0022760398958,90.0,-0.36035270008976716,0.4395882626598798,0.0007236549543259503,-5.1684818890673345e-06,12.000000004613177,-0.0037553539877734285,0.0012284266199977553,-3.8443140036017954e-07,-3.8443140036017954e-07,-2.4023513339317812,-0.00031294616552747935
0.18180000000000002,90.00220447243721,90.0,-0.3553251303299059,0.4345669914686501,0.0007161578251409263,-5.0059649164711445e-06,12.000000004501455,-0.0037027674995018865,0.001215700011813301,-3.7512120759981333e-07,-3.7512120759981333e-07,-2.368834202199373,-0.000308563958176075
0.182,90.00213390474612,90.0,-0.3503549877852657,0.4295979850210862,0.0007087344307605947,-4.845718238068286e-06,12.000000004392252,-0.003650782559841714,0.0012030985707355776,-3.66020939850357e-07,-3.66020939850357e-07,-2.335699918568438,-0.00030423187987545426
0.1822,90.00206432539689,90.0,-0.3454416747209122,0.4246807277856619,0.0007013840702686084,-4.687715908276608e-06,12.000000004285514,-0.003599392902604591,0.0011906211069374528,-3.571260967059517e-07,-3.571260967059517e-07,-2.3029444981394147,-0.0002999494084432628
0.1824,90.00199572308283,90.0,-0.3405845992978418,0.41981470914098074,0.0006941060492532738,-4.531932251663357e-06,12.000000004181189,-0.0035485923234408524,0.001178266441633644,-3.484322706910214e-07,-3.484322706910214e-07,-2.270563995318945,-0.0002957160268503673
0.1826,90.00192808661508,90.0,-0.33578317551682696,0.41499942333076495,0.0006868996797496972,-4.37834186022952e-06,12.000000004079222,-0.003498374679250209,0.001166033406982511,-3.399351453967332e-07,-3.399351453967332e-07,-2.238554503445513,-0.000291531223171749
0.18280000000000002,90.00186140492136,90.0,-0.33103682316277616,0.4102343694177856,0.0006797642801790278,-4.226919590838632e-06,12.000000003979565,-0.0034487338875981302,0.0011539208459829177,-3.316304936522872e-07,-3.316304936522872e-07,-2.2069121544185073,-0.00028739449053786874
0.183,90.00179566704486,90.0,-0.32634496774961985,0.40551905123995086,0.0006726991752922963,-4.0776405625300115e-06,12.000000003882171,-0.003399663926137449,0.0011419276123788983,-3.235141757340726e-07,-3.235141757340726e-07,-2.1756331183307993,-0.0002833053270864674
0.1832,90.00173086214312,90.0,-0.32170704046570014,0.4008529773649621,0.0006657036961104862,-3.93048015400534e-06,12.000000003786987,-0.0033511588320355576,0.0011300525705579244,-3.1558213760788065e-07,-3.1558213760788065e-07,-2.144713603104668,-0.0002792632359148326
0.1834,90.00166697948686,90.0,-0.31712247811967753,0.3962356610474724,0.0006587771798700138,-3.7854140009708003e-06,12.000000003693966,-0.0033032127014066812,0.0011182945954583568,-3.0783040920794794e-07,-3.0783040920794794e-07,-2.1141498541311834,-0.00027526772503248765
0.1836,90.00160400845891,90.0,-0.31259072308692887,0.39166662018408505,0.0006519189699627482,-3.6424179937103176e-06,12.000000003603061,-0.0032558196887497405,0.0011066525724676283,-3.0025510274698463e-07,-3.0025510274698463e-07,-2.083938153912859,-0.00027131830731434703
0.18380000000000002,90.00154193855303,90.0,-0.30811122325645907,0.3871453772715594,0.0006451284158830926,-3.5014682744565835e-06,12.000000003514229,-0.0032089740063911236,0.0010951253973324104,-2.9285241106244215e-07,-2.9285241106244215e-07,-2.054074821709727,-0.00026741450045428066
0.184,90.0014807593729,90.0,-0.3036834319782912,0.3826714593631957,0.0006384048731704079,-3.3625412349643083e-06,12.000000003427424,-0.0031626699239328633,0.0010837119760608777,-2.8561860599288774e-07,-2.8561860599288774e-07,-2.024556213188608,-0.0002635558269191288
0.1842,90.00142046063095,90.0,-0.2993068080113555,0.37824439802627224,0.0006317477033534734,-3.2256135140545745e-06,12.000000003342599,-0.0031169017677059293,0.0010724112248284273,-2.7855003678702706e-07,-2.7855003678702706e-07,-1.9953787200757034,-0.00025974181390314303
0.1844,90.00136103214739,90.0,-0.2949808154718648,0.3738637293005179,0.0006251562738969585,-3.0906619951303137e-06,12.000000003259718,-0.0030716639202285185,0.0010612220698868124,-2.716431285446724e-07,-2.716431285446724e-07,-1.966538769812432,-0.0002559719932828435
0.18460000000000001,90.00130246384896,90.0,-0.290704923782165,0.36952899365653613,0.0006186299581473795,-2.957663803749549e-06,12.000000003178734,-0.0030269508196694053,0.0010501434474724037,-2.648943806879182e-07,-2.648943806879182e-07,-1.9380328252144332,-0.00025224590157229854
0.18480000000000002,90.0012447457681,90.0,-0.2864786076200615,0.36523973595418396,0.0006121681352785504,-2.826596305256431e-06,12.000000003099604,-0.0029827569593163573,0.0010391743037135887,-2.58300365461984e-07,-2.58300365461984e-07,-1.9098573841337434,-0.00024856307987882587
0.185,90.00118786804174,90.0,-0.2823013468686207,0.3609955054016135,0.0006057701902381819,-2.697437102412262e-06,12.000000003022294,-0.002939076887049486,0.0010283135945401238,-2.518577264658722e-07,-2.518577264658722e-07,-1.8820089791241374,-0.00024492307385910473
0.1852,90.00113182091032,90.0,-0.27817262656644076,0.3567958555156803,0.0005994355136972783,-2.5701640329687477e-06,12.00000000294676,-0.00289590520481936,0.0010175602855972319,-2.455631772129069e-07,-2.455631772129069e-07,-1.854484177109605,-0.00024132543367568602
0.1854,90.00107659471678,90.0,-0.2740919368583749,0.35264034408013983,0.0005931635019939837,-2.444755167472367e-06,12.000000002872962,-0.0028532365681302966,0.001006913352150281,-2.394134997171679e-07,-2.394134997171679e-07,-1.827279579055833,-0.00023776971395393276
0.18560000000000001,90.0010221799055,90.0,-0.27005877294673253,0.3485285331073547,0.0005869535570852315,-2.321188806837618e-06,12.000000002800867,-0.002811065685528141,0.000996371779002708,-2.3340554311078357e-07,-2.3340554311078357e-07,-1.8003918196448836,-0.0002342554737393352
0.18580000000000002,90.00096856702135,90.0,-0.2660726350429185,0.3444599887984819,0.00058080508649447,-2.1994434800936092e-06,12.000000002730435,-0.002769387318092961,0.0009859345604072796,-2.2753622228668382e-07,-2.2753622228668382e-07,-1.7738175669527902,-0.00023078227645523543
0.186,90.00091574670864,90.0,-0.262133028319528,0.34043428150393956,0.0005747175032596595,-2.079497942159538e-06,12.00000000266163,-0.002728196278936537,0.0009756006999778172,-2.2180251656808383e-07,-2.2180251656808383e-07,-1.747553522130187,-0.00022734968986095139
0.1862,90.00086370971015,90.0,-0.25823946286289284,0.3364509856855715,0.0005686902258848548,-1.961331171533499e-06,12.000000002594419,-0.0026874874327043586,0.0009653692106070068,-2.162014684054284e-07,-2.162014684054284e-07,-1.7215964190859523,-0.00022395728601027663
0.1864,90.00081244686615,90.0,-0.25439145362606125,0.3325096798776399,0.0005627226782886839,-1.844922368125742e-06,12.000000002528761,-0.0026472556950824333,0.0009552391143789388,-2.107301820976883e-07,-2.107301820976883e-07,-1.6959430241737417,-0.0002206046412103814
0.18660000000000002,90.00076194911348,90.0,-0.25058852038222307,0.3286099466491502,0.0005568142897555662,-1.7302509510341511e-06,12.000000002464631,-0.002607496032308601,0.0009452094424863008,-2.053858225397878e-07,-2.053858225397878e-07,-1.670590135881487,-0.00021729133598108818
0.18680000000000002,90.0007122074845,90.0,-0.24683018767856635,0.32475137256571335,0.0005509644948854827,-1.6172965564063932e-06,12.000000002401986,-0.002568203460688518,0.0009352792351451097,-2.0016561399408215e-07,-2.0016561399408215e-07,-1.6455345845237757,-0.00021401695501453767
0.187,90.0006632131062,90.0,-0.2431159847905699,0.3209335481530813,0.0005451727335472926,-1.506039035215396e-06,12.000000002340801,-0.0025293730461159753,0.000925447541515466,-1.9506683888724184e-07,-1.9506683888724184e-07,-1.6207732319371326,-0.0002107810871352149
0.1872,90.00061495719926,90.0,-0.23944544567671283,0.3171560678594899,0.0005394384508289084,-1.396458451179275e-06,12.000000002281041,-0.0024909999035978756,0.0009157134196169744,-1.900868366296307e-07,-1.900868366296307e-07,-1.5963029711780854,-0.00020758332526036411
0.1874,90.0005674310771,90.0,-0.23581810893361482,0.3134185300196679,0.0005337610969910036,-1.2885350785945943e-06,12.000000002222677,-0.0024530791967834827,0.0009060759362501605,-1.8522300245914125e-07,-1.8522300245914125e-07,-1.5721207262240988,-0.00020442326636075964
0.18760000000000002,90.00052062614496,90.0,-0.23223351775158788,0.30972053681799966,0.0005281401274183941,-1.1822494002851817e-06,12.000000002165674,-0.0024156061374982067,0.0008965341669139406,-1.804727863069426e-07,-1.804727863069426e-07,-1.5482234516772524,-0.00020130051142185461
0.18780000000000002,90.00047453389897,90.0,-0.22869121987060959,0.30606169425263197,0.0005225750025732716,-1.0775821055220578e-06,12.000000002110003,-0.0023785759852817004,0.0008870871957262328,-1.7583369168619127e-07,-1.7583369168619127e-07,-1.5246081324707308,-0.00019821466540528892
0.188,90.00042914592528,90.0,-0.22519076753670694,0.30244161210050907,0.0005170651879502603,-9.745140879144745e-07,12.00000000205564,-0.002341984046930159,0.0008777341153476643,-1.71303274603204e-07,-1.71303274603204e-07,-1.5012717835780465,-0.00019516533721074746
0.1882,90.00038445389914,90.0,-0.2217317174587395,0.2988599038811891,0.0005116101540282878,-8.730264434454011e-07,12.000000002002551,-0.002305825676043085,0.0008684740268998714,-1.6687914248900602e-07,-1.6687914248900602e-07,-1.4782114497249303,-0.00019215213963819086
0.1884,90.000340449584,90.0,-0.218313630765597,0.29531618682266014,0.0005062093762267816,-7.731004683914531e-07,12.000000001950706,-0.002270096272574103,0.0008593060398911417,-1.6255895315334913e-07,-1.6255895315334913e-07,-1.4554242051039803,-0.00018917468935042325
0.18860000000000002,90.0002971248307,90.0,-0.21493607296378756,0.2918100818259253,0.0005008623348586578,-6.747176573872691e-07,12.000000001900084,-0.002234791282386149,0.0008502292721366105,-1.583404137582965e-07,-1.583404137582965e-07,-1.4329071530919169,-0.0001862326068360243
0.1888,90.00025447157647,90.0,-0.21159861389543086,0.28834121343121955,0.0004955685150867822,-5.778597014032187e-07,12.000000001850655,-0.0021999061968106786,0.0008412428496843526,-1.5422127981315594e-07,-1.5422127981315594e-07,-1.410657425969539,-0.0001833255163726172
0.189,90.00021248184417,90.0,-0.20830082769663813,0.2849092097844102,0.0004903274068805369,-4.825084857519996e-07,12.000000001802391,-0.0021654365522109577,0.0008323459067416523,-1.5019935418923573e-07,-1.5019935418923573e-07,-1.3886721846442542,-0.0001804530459904759
0.1892,90.00017114774145,90.0,-0.20504229275627575,0.28151370260180275,0.00048513850496833123,-3.8864608826857443e-07,12.00000000175527,-0.0021313779295497066,0.0008235375855943895,-1.4627248615281556e-07,-1.4627248615281556e-07,-1.3669486183751716,-0.0001776148274364954
0.1894,90.0001304614598,90.0,-0.20182259167513197,0.2781543271383509,0.0004800013087977352,-2.962547772589888e-07,12.000000001709264,-0.002097725953960445,0.0008148170365393654,-1.4243857041952483e-07,-1.4243857041952483e-07,-1.3454839445008797,-0.00017481049613847063
0.18960000000000002,90.00009041527382,90.0,-0.19864131122544662,0.27483072215353155,0.0004749153224898445,-2.0531700968030774e-07,12.000000001664347,-0.0020644762943230954,0.000806183417806835,-1.386955462256454e-07,-1.386955462256454e-07,-1.3242754081696442,-0.00017203969116973014
0.1898,90.00005100154029,90.0,-0.19549804231083165,0.2715425298795416,0.0004698800547987461,-1.1581542917610304e-07,12.000000001620496,-0.0020316246628433433,0.0007976358954916988,-1.3504139641926972e-07,-1.3504139641926972e-07,-1.303320282072211,-0.0001693020552140825
0.19,90.00001221269746,90.0,-0.19239237992655492,0.2682893959875154,0.00046489501906604806,-2.7732864314169993e-08,12.000000001577689,-0.0019991668146362015,0.0007891736434763163,-1.3147414656799727e-07,-1.3147414656799727e-07,-1.282615866177033,-0.00016659723453111357
0.1902,89.99997404126412,90.0,-0.18932392312021065,0.26507096955641335,0.0004599597331813292,5.8947673349095555e-08,12.000000001535902,-0.001967098547313223,0.0007807958433633676,-1.2799186408597502e-07,-1.2799186408597502e-07,-1.2621594874680708,-0.00016392487892178753
0.1904,89.99993647983888,90.0,-0.18629227495274564,0.26188690304098655,0.000455073719540128,1.4424299108876045e-07,12.000000001495113,-0.0019354157005736581,0.0007725016844045384,-1.245926573774884e-07,-1.245926573774884e-07,-1.2419484996849708,-0.0001612846416943766
0.19060000000000002,89.99989952109935,90.0,-0.18329704245985168,0.2587368522395418,0.0004502365050011562,2.2816971677363766e-07,12.000000001455296,-0.001904114155799536,0.0007642903634278887,-1.2127467499731037e-07,-1.2127467499731037e-07,-1.2219802830656776,-0.00015867617963071792
0.1908,89.9998631578013,90.0,-0.18033783661372668,0.25562047626328754,0.0004454476208468961,3.107443007152394e-07,12.000000001416433,-0.0018731898356543983,0.0007561610847709657,-1.1803610482859887e-07,-1.1803610482859887e-07,-1.202252244091511,-0.0001560991529527745
0.191,89.99982738277797,90.0,-0.1774142722851866,0.25253743750474833,0.0004407066027417261,3.9198301740117093e-07,12.000000001378503,-0.0018426387036859177,0.0007481130602097204,-1.1487517327641568e-07,-1.1487517327641568e-07,-1.1827618152345774,-0.00015355322528952034
0.1912,89.99979218893918,90.0,-0.17452596820613833,0.24948740160774927,0.0004360129906934103,4.719019673151934e-07,12.000000001341482,-0.0018124567639320886,0.0007401455088931349,-1.1179014447811299e-07,-1.1179014447811299e-07,-1.1635064547075888,-0.0001510380636441228
0.19140000000000001,89.99975756927066,90.0,-0.171672546932396,0.2464700374364585,0.0004313663290120978,5.505170786417282e-07,12.000000001305352,-0.0017826400605312276,0.0007322576572736229,-1.0877931952872591e-07,-1.0877931952872591e-07,-1.1444836462159735,-0.00014855333836144276
0.19160000000000002,89.99972351683324,90.0,-0.16885363480685123,0.24348501704528017,0.00042676616627100985,6.278441089992498e-07,12.000000001270092,-0.0017531846773355926,0.0007244487390402946,-1.0584103572217567e-07,-1.0584103572217567e-07,-1.1256908987123415,-0.00014609872309583616
0.1918,89.9996900247621,90.0,-0.16606886192298773,0.24053201564922677,0.000422212055267959,7.038986471736804e-07,12.000000001235684,-0.001724086737528581,0.0007167179950536342,-1.0297366580773358e-07,-1.0297366580773358e-07,-1.1071257461532515,-0.0001436738947792538
0.192,89.99965708626604,90.0,-0.16331786208873503,0.23761071159405525,0.00041770355298602845,7.786961147940026e-07,12.000000001202107,-0.00169534240324557,0.0007090646732787521,-1.0017561726104274e-07,-1.0017561726104274e-07,-1.0887857472582334,-0.00014127853358964485
0.1922,89.99962469462672,90.0,-0.16060027279066308,0.23472078632652413,0.0004132402205542478,8.52251767978984e-07,12.000000001169344,-0.0016669478751983667,0.0007014880287186307,-9.744533156963877e-08,-9.744533156963877e-08,-1.070668485271087,-0.00013891232291966086
0.19240000000000002,89.99959284319795,90.0,-0.1579157351585177,0.2318619243661918,0.00040882162321158306,9.245806990705711e-07,12.000000001137376,-0.0016388993923030105,0.000693987323352996,-9.478128353345133e-08,-9.478128353345133e-08,-1.0527715677234513,-0.00013657494934563944
0.19260000000000002,89.99956152540494,90.0,-0.15526389393007822,0.22903381327588784,0.0004044473302675539,9.95697838222833e-07,12.000000001106184,-0.0016111932313112325,0.0006865618260714651,-9.218198057842116e-08,-9.218198057842116e-08,-1.0350926262005216,-0.00013426610259689245
0.1928,89.99953073474362,90.0,-0.15264439741635277,0.22623614363372319,0.00040011691506616244,1.0656179550775751e-06,12.000000001075751,-0.0015838257064452403,0.0006792108126123129,-8.964596208454214e-08,-8.964596208454214e-08,-1.0176293161090186,-0.00013198547552527139
0.193,89.99950046477984,90.0,-0.15005689746709394,0.22346860900447998,0.0003958299549481023,1.134355660353284e-06,12.000000001046061,-0.0015567931690360132,0.0006719335654983219,-8.717179872688442e-08,-8.717179872688442e-08,-1.000379316447293,-0.0001297327640750254
0.1932,89.99947070914882,90.0,-0.14750104943664138,0.22073090591110434,0.0003915860312129317,1.2019254074051812e-06,12.000000001017096,-0.0015300920071650587,0.0006647293739725694,-8.475809182975454e-08,-8.475809182975454e-08,-0.9833403295776092,-0.0001275076672529476
0.19340000000000002,89.99944146155431,90.0,-0.1449765121500906,0.21802273380807397,0.00038738472908535557,1.2683414939008374e-06,12.000000000988841,-0.0015037186453093117,0.0006575975339411901,-8.240347273460889e-08,-8.240347273460889e-08,-0.9665100810006041,-0.00012530988709878334
0.19360000000000002,89.99941271576793,90.0,-0.14248294786976615,0.2153437950534156,0.00038322563767809344,1.3336180633513366e-06,12.000000000961279,-0.0014776695439895028,0.000650537347910344,-8.01066021798178e-08,-8.01066021798178e-08,-0.9498863191317742,-0.00012313912865592766
0.1938,89.99938446562855,90.0,-0.14002002226201501,0.21269379488045917,0.000379108349953861,1.3977691065846604e-06,12.000000000934394,-0.0014519411994219785,0.0006435481249216777,-7.786616969264902e-08,-7.786616969264902e-08,-0.9334668150801001,-0.00012099509994241012
0.194,89.99935670504156,90.0,-0.1375874043643232,0.2100724413721736,0.0003750324626931168,1.460808463392413e-06,12.00000000090817,-0.00142653014317351,0.0006366291804975749,-7.568089299457573e-08,-7.568089299457573e-08,-0.9172493624288214,-0.00011887751192212908
0.1942,89.99932942797821,90.0,-0.13518476655272532,0.2074794454341365,0.00037099757645836544,1.5227498240320949e-06,12.000000000882594,-0.0014014329418194531,0.0006297798365805587,-7.354951741772937e-08,-7.354951741772937e-08,-0.9012317770181688,-0.00011678607847636487
0.19440000000000002,89.9993026284749,90.0,-0.13281178450952363,0.20491452076758024,0.0003670032955583797,1.5836067307004878e-06,12.00000000085765,-0.001376646196605188,0.0006229994214725583,-7.147081533301108e-08,-7.147081533301108e-08,-0.8854118967301575,-0.00011472051637556649
0.19460000000000002,89.99927630063262,90.0,-0.1304681371913155,0.20237738384322407,0.00036304922801399966,1.6433925790359295e-06,12.000000000833323,-0.0013521665431106976,0.0006162872697768513,-6.944358558995217e-08,-6.944358558995217e-08,-0.8697875812754366,-0.00011268054525139986
0.1948,89.99925043861623,90.0,-0.12815350679731982,0.19986775387516809,0.00035913498552382416,1.7021206195916977e-06,12.0000000008096,-0.0013279906509183193,0.0006096427223398251,-6.746665296775495e-08,-6.746665296775495e-08,-0.8543567119821321,-0.00011066588756906035
0.195,89.99922503665384,90.0,-0.12586757873800208,0.19738535279591501,0.0003552601834322874,1.759803959367175e-06,12.000000000786468,-0.0013041152232834714,0.0006030651261967843,-6.553886763775417e-08,-6.553886763775417e-08,-0.8391171915866805,-0.00010867626859983342
0.1952,89.99920008903611,90.0,-0.12361004160398523,0.19492990522965953,0.0003514244406934432,1.816455563165674e-06,12.000000000763908,-0.0012805369968087225,0.0005965538345104746,-6.365910463584509e-08,-6.365910463584509e-08,-0.8240669440265682,-0.00010671141639393373
0.19540000000000002,89.99917559011573,90.0,-0.12138058713526587,0.19250113846777978,0.00034762737983964106,1.8720882550967122e-06,12.000000000741915,-0.001257252741120725,0.0005901082065179093,-6.182626334638388e-08,-6.182626334638388e-08,-0.8092039142351057,-0.00010477106175358281
0.1956,89.99915153430668,90.0,-0.11917891019071081,0.19009878244329975,0.00034386862694755935,1.9267147199627256e-06,12.000000000720473,-0.0012342592585503052,0.0005837276074727089,-6.003926699594605e-08,-6.003926699594605e-08,-0.7945260679380721,-0.00010285493820635008
0.1958,89.99912791608368,90.0,-0.11700470871784563,0.18772256970646964,0.0003401478116066054,1.9803475047035653e-06,12.000000000699565,-0.0012115533838154683,0.0005774114085914598,-5.829706215765471e-08,-5.829706215765471e-08,-0.7800313914523043,-0.00010096278197873652
0.196,89.99910472998158,90.0,-0.11485768372292271,0.18537223539967077,0.0003364645668855013,2.032999019754321e-06,12.000000000679183,-0.0011891319837074896,0.000571158986996993,-5.659861826513781e-08,-5.659861826513781e-08,-0.7657178914861513,-9.909433197001553e-05
0.1962,89.99908197059469,90.0,-0.1127375392412758,0.18304751723307572,0.00033281852930039336,2.0846815404320377e-06,12.000000000659316,-0.001166991956779922,0.0005649697256642481,-5.4942927136509316e-08,-5.4942927136509316e-08,-0.7515835949418388,-9.7249329726317e-05
0.19640000000000002,89.9990596325762,90.0,-0.11064398230795357,0.18074815546140852,0.0003292093387852976,2.1354072083802083e-06,12.000000000639947,-0.0011451302330403794,0.0005588430133701041,-5.3329002508280624e-08,-5.3329002508280624e-08,-0.7376265487196905,-9.542751941494257e-05
0.1966,89.99903771063765,90.0,-0.1085767229286185,0.1784738928582335,0.0003256366386565444,2.1851880327821503e-06,12.000000000621071,-0.0011235437736455691,0.000552778244633023,-5.1755879577668014e-08,-5.1755879577668014e-08,-0.7238448195241235,-9.362864779895158e-05
0.1968,89.99901619954824,90.0,-0.10653547405073999,0.17622447469420696,0.00032210007558623846,2.2340358918632816e-06,12.000000000602672,-0.001102229570598767,0.0005467748196679975,-5.022261455555062e-08,-5.022261455555062e-08,-0.7102364936715999,-9.185246421195084e-05
0.197,89.99899509413429,90.0,-0.1045199515350361,0.17399964871176904,0.0003185992995671881,2.2819625340756042e-06,12.00000000058474,-0.0010811846464505522,0.0005408321443270169,-4.87282842270672e-08,-4.87282842270672e-08,-0.6967996769002407,-9.009872053315566e-05
0.19720000000000001,89.99897438927869,90.0,-0.10252987412720482,0.17179916510308074,0.0003151339638851752,2.3289795795133106e-06,12.000000000567264,-0.0010604060540020577,0.000534949630051995,-4.7271985522206744e-08,-4.7271985522206744e-08,-0.6835324941813655,-8.836717116266084e-05
0.19740000000000002,89.99895407992027,90.0,-0.1005649634299077,0.16962277648653817,0.00031170372508768757,2.375098521183938e-06,12.000000000550234,-0.0010398908760111513,0.0005291266938216919,-4.585283509449114e-08,-4.585283509449114e-08,-0.6704330895327181,-8.665757299695579e-05
0.1976,89.99893416105326,90.0,-0.0986249438750219,0.16747023788366078,0.0003083082429532984,2.420330726279524e-06,12.000000000533639,-0.0010196362249014063,0.000523362758099735,-4.4469968908255897e-08,-4.4469968908255897e-08,-0.6574996258334792,-8.496968540467193e-05
0.1978,89.99891462772673,90.0,-0.09670954269615663,0.16534130669705968,0.00030494718046334736,2.4646874375055435e-06,12.00000000051747,-0.000999639242473695,0.0005176572507865465,-4.3122541834580356e-08,-4.3122541834580356e-08,-0.6447302846410442,-8.3303270202549e-05
0.198,89.99889547504401,90.0,-0.09481848990142179,0.16323574268769206,0.00030162020377174097,2.5081797743231707e-06,12.000000000501718,-0.0009798970996205882,0.0005120096051680789,-4.1809727255092195e-08,-4.1809727255092195e-08,-0.6321232660094787,-8.165809163163491e-05
0.19820000000000002,89.99887669816219,90.0,-0.09295151824645631,0.16115330795176766,0.00029832698217371987,2.550818734133769e-06,12.00000000048637,-0.0009604069960435752,0.0005064192598627961,-4.053071667364382e-08,-4.053071667364382e-08,-0.6196767883097086,-8.003391633372076e-05
0.19840000000000002,89.99885829229149,90.0,-0.09110836320772103,0.15909376690051208,0.00029506718808108097,2.592615193665603e-06,12.000000000471417,-0.0009411661599726052,0.0005008856587796129,-3.928471933670311e-08,-3.928471933670311e-08,-0.6073890880514735,-7.84305133279693e-05
0.1986,89.99884025269478,90.0,-0.08928876295602269,0.15705688623669903,0.0002918404969896525,2.633579910071656e-06,12.00000000045685,-0.0009221718478886397,0.0004954082510626817,-3.80709618603633e-08,-3.80709618603633e-08,-0.5952584197068179,-7.684765398779432e-05
0.1988,89.99882257468705,90.0,-0.08749245833030636,0.15504243493369005,0.00028864658745240306,2.6737235222007836e-06,12.000000000442665,-0.0009034213442486307,0.000489986491045746,-3.688868786565735e-08,-3.688868786565735e-08,-0.5832830555353757,-7.528511201794206e-05
0.199,89.99880525363486,90.0,-0.08571919281168795,0.1530501842140981,0.00028548514105147013,2.7130565518110924e-06,12.000000000428845,-0.0008849119612131127,0.00048461983820465617,-3.5737157621094834e-08,-3.5737157621094834e-08,-0.5714612854112531,-7.374266343179072e-05
0.19920000000000002,89.99878828495576,90.0,-0.0839687124977302,0.1510799075280813,0.00028235584236911736,2.7515894047255334e-06,12.000000000415387,-0.0008666410383764499,0.00047930775710806965,-3.4615647692303824e-08,-3.4615647692303824e-08,-0.5597914166515348,-7.222008652887088e-05
0.19940000000000002,89.9987716641179,90.0,-0.08224076607696724,0.14913138053340397,0.0002792583789626147,2.789332372103058e-06,12.00000000040228,-0.0008486059424994187,0.000474049717374809,-3.352345059924558e-08,-3.352345059924558e-08,-0.5482717738464482,-7.071716187258087e-05
0.1996,89.99875538663935,90.0,-0.08053510480365712,0.14720438107333012,0.000276192441333858,2.826295631507544e-06,12.00000000038952,-0.0008308040672445913,0.0004688451936222899,-3.245987447973605e-08,-3.245987447973605e-08,-0.5369006986910475,-6.923367226813529e-05
0.1998,89.99873944808773,90.0,-0.07885148247278712,0.14529868915664512,0.0002731577229037516,2.8624892481211732e-06,12.000000000377092,-0.0008132328329140356,0.00046369366542303524,-3.142424276036818e-08,-3.142424276036818e-08,-0.5256765498185808,-6.776940274070669e-05
0.2,89.99872384407963,90.0,-0.07718965539530749,0.14341408693693147,0.0002701539199846534,2.897923175871133e-06,12.000000000364992,-0.000795889686189577,0.0004585946172578994,-3.041589383387643e-08,-3.041589383387643e-08,-0.5145977026353833,-6.632414051378077e-05
0.20020000000000002,89.99870857028016,90.0,-0.07554938237360252,0.14155035869217533,0.0002671807317533939,2.932607258556328e-06,12.00000000035321,-0.0007787720998755227,0.00045354753847026745,-2.9434180743122345e-08,-2.9434180743122345e-08,-0.5036625491573502,-6.489767498771668e-05
0.20040000000000002,89.99869362240239,90.0,-0.07393042467719436,0.13970729080540883,0.0002642378602265194,2.96655123103186e-06,12.000000000341743,-0.0007618775726436831,0.00044855192322402994,-2.8478470871737278e-08,-2.8478470871737278e-08,-0.4928694978479624,-6.348979771849883e-05
0.2006,89.99867899620688,90.0,-0.07233254601866862,0.13788467174424093,0.0002613250102327508,2.99976472027796e-06,12.000000000330576,-0.0007452036287809438,0.00044360727045683016,-2.7548145640744385e-08,-2.7548145640744385e-08,-0.48221697345779074,-6.210030239670124e-05
0.2008,89.99866468750123,90.0,-0.07075551252983385,0.13608229204107009,0.00025844188938683793,3.0322572464977986e-06,12.000000000319712,-0.0007287478179392062,0.00043871308383568175,-2.66426002115096e-08,-2.66426002115096e-08,-0.47170341686555906,-6.0728984826649205e-05
0.201,89.99865069213958,90.0,-0.06919909273810734,0.1342999442736128,0.0002555882080639622,3.0640382242153056e-06,12.000000000309136,-0.0007125077148876785,0.00043386887171351616,-2.5761243194794086e-08,-2.5761243194794086e-08,-0.4613272849207156,-5.937564290577695e-05
0.20120000000000002,89.99863700602211,90.0,-0.06766305754312375,0.1325374230460989,0.0002527636793755095,3.0951169634018752e-06,12.000000000298842,-0.0006964809192674231,0.0004290741470880563,-2.4903496365861066e-08,-2.4903496365861066e-08,-0.45108705028749174,-5.804007660417319e-05
0.20140000000000002,89.9986236250946,90.0,-0.06614718019355877,0.13079452496899027,0.00024996801914121014,3.1255026704586236e-06,12.000000000288825,-0.0006806650553484426,0.00042432842755452344,-2.4068794385030472e-08,-2.4068794385030472e-08,-0.44098120129039176,-5.6722087944338325e-05
0.2016,89.9986105453479,90.0,-0.06465123626418433,0.12907104864151026,0.00024720094586765356,3.1552044494008704e-06,12.00000000027908,-0.0006650577717887455,0.00041963123526916505,-2.325658452454827e-08,-2.325658452454827e-08,-0.43100824176122876,-5.5421480981106536e-05
0.2018,89.99859776281761,90.0,-0.06317500363312434,0.12736679463125514,0.0002444621807198135,3.1842313027826205e-06,12.000000000269596,-0.0006496567413960441,0.00041498209690091805,-2.2466326400357583e-08,-2.2466326400357583e-08,-0.4211666908874956,-5.41380617817874e-05
0.202,89.99858527358343,90.0,-0.061718262459342914,0.12568156545661746,0.00024175144749894934,3.2125921328232684e-06,12.000000000260371,-0.0006344596608914418,0.00041038054359389555,-2.1697491709948258e-08,-2.1697491709948258e-08,-0.41145508306228606,-5.2871638406472966e-05
0.20220000000000002,89.99857307376885,90.0,-0.060280795160334105,0.12401516556806941,0.00023906847261767337,3.2402957424187423e-06,12.000000000251394,-0.0006194642506754578,0.0004058261109250629,-2.094956397528856e-08,-2.094956397528856e-08,-0.40187196773556066,-5.162202088854003e-05
0.2024,89.99856115954064,90.0,-0.05886238639002539,0.12236740132974505,0.00023641298507553565,3.267350836152654e-06,12.000000000242665,-0.0006046682545962738,0.00040131833886279206,-2.0222038291061107e-08,-2.0222038291061107e-08,-0.3924159092668359,-5.038902121533718e-05
0.2026,89.99854952710842,90.0,-0.057462823016891956,0.12073808100096092,0.0002337847164342876,3.293766021278553e-06,12.000000000234174,-0.0005900694397202327,0.00039685677172487103,-1.951442107802543e-08,-1.951442107802543e-08,-0.3830854867792797,-4.917245330905982e-05
0.2028,89.99853817272424,90.0,-0.05608189410228208,0.11912701471909787,0.00023118340079614943,3.319549808788853e-06,12.000000000225914,-0.0005756655961043458,0.00039244095814161176,-1.882622984167487e-08,-1.882622984167487e-08,-0.37387929401521386,-4.7972133007792355e-05
0.203,89.99852709268208,90.0,-0.05471939087893875,0.11753401448098033,0.00022860877477839914,3.344710614339309e-06,12.000000000217884,-0.000561454536571147,0.00038807045101271466,-1.8156992935528633e-08,-1.8156992935528633e-08,-0.36479593919292497,-4.6787878046746054e-05
0.20320000000000002,89.99851628331747,90.0,-0.05337510672973366,0.11595889412597278,0.00022606057749179745,3.369256759289054e-06,12.000000000210076,-0.0005474340964855067,0.0003837448074706439,-1.750624932958492e-08,-1.750624932958492e-08,-0.35583404486489106,-4.5619508039660266e-05
0.2034,89.99850574100707,90.0,-0.052048837166595203,0.11440146931792677,0.0002235385505161612,3.3931964716250747e-06,12.000000000202483,-0.0005336021335337096,0.0003794635888391626,-1.6873548383293242e-08,-1.6873548383293242e-08,-0.34699224777730137,-4.446684446039215e-05
0.2036,89.99849546216821,90.0,-0.050740379809642126,0.11286155752812495,0.00022104243787809431,3.4165378869444687e-06,12.0000000001951,-0.0005199565275045442,0.00037522636059553053,-1.6258449623353995e-08,-1.6258449623353995e-08,-0.3382691987309476,-4.332971062467421e-05
0.2038,89.99848544325849,90.0,-0.049449534366512914,0.11133897801814355,0.0002185719860283631,3.4392890494078106e-06,12.000000000187926,-0.0005064951800724889,0.00037103269233209794,-1.5660522526048608e-08,-1.5660522526048608e-08,-0.3296635624434194,-4.220793167204641e-05
0.20400000000000001,89.99847568077536,90.0,-0.04817610261189088,0.10983355182263256,0.00021612694381891397,3.46145791266363e-06,12.000000000180952,-0.0004932160145829932,0.0003668821577172923,-1.5079346304016953e-08,-1.5079346304016953e-08,-0.32117401741260587,-4.1101334547962987e-05
0.20420000000000002,89.99846617125573,90.0,-0.046919888367226235,0.1083451017330819,0.00021370706248202971,3.483052340830665e-06,12.000000000174175,-0.0004801169758396818,0.00036277433446023566,-1.4514509697564461e-08,-1.4514509697564461e-08,-0.31279925578150825,-4.0009747986059425e-05
0.2044,89.9984569112755,90.0,-0.0456806974806438,0.10687345228042505,0.00021131209560661197,3.5040801093645628e-06,12.000000000167589,-0.0004671960298937345,0.00035870880427048334,-1.3965610770063168e-08,-1.3965610770063168e-08,-0.304537983204292,-3.893300249060081e-05
0.2046,89.99844789744924,90.0,-0.044458337807049664,0.10541842971863169,0.0002089417991166073,3.5245489059823542e-06,12.000000000161187,-0.0004544511638352101,0.00035468515282140135,-1.3432256707715841e-08,-1.3432256707715841e-08,-0.2963889187136644,-3.787093031909215e-05
0.2048,89.99843912642974,90.0,-0.04325261918842552,0.10397986200927249,0.00020659593125154832,3.5444663316447094e-06,12.00000000015497,-0.00044188038558619705,0.00035070296971713454,-1.2914063623569209e-08,-1.2914063623569209e-08,-0.28835079458950347,-3.682336546504088e-05
0.20500000000000002,89.99843059490762,90.0,-0.042063353434299504,0.10255757880419888,0.00020427425254253834,3.563839901364858e-06,12.000000000148928,-0.0004294817236961677,0.00034676184845183983,-1.2410656365276431e-08,-1.2410656365276431e-08,-0.28042235622866335,-3.579014364090313e-05
0.20520000000000002,89.99842229961092,90.0,-0.040890354302415215,0.10115141142956541,0.00020197652579120797,3.582677045104173e-06,12.00000000014306,-0.00041725322713920704,0.0003428613863739642,-1.1921668327021133e-08,-1.1921668327021133e-08,-0.27260236201610144,-3.4771102261186054e-05
0.2054,89.9984142373048,90.0,-0.03973343747958327,0.09976119287081724,0.00019970251605077433,3.6009851087255376e-06,12.000000000137362,-0.0004051929651130146,0.00033900118465409227,-1.1446741265436991e-08,-1.1446741265436991e-08,-0.2648895831972219,-3.376608042569803e-05
0.2056,89.99840640479101,90.0,-0.038592420562704684,0.09838675775614154,0.0001974519906033633,3.6187713548022648e-06,12.000000000131827,-0.00039329902684000044,0.0003351808482464501,-1.0985525119107208e-08,-1.0985525119107208e-08,-0.25728280375136453,-3.277491890297332e-05
0.2058,89.99839879890766,90.0,-0.03746712303998355,0.09702794234053833,0.00019522471893862098,3.6360429634559016e-06,12.000000000126452,-0.0003815695213702857,0.0003313999858525974,-1.053767783188021e-08,-1.053767783188021e-08,-0.24978082026655696,-3.17974601138554e-05
0.20600000000000002,89.99839141652872,90.0,-0.03635736627232171,0.09568458449156633,0.00019302047273608736,3.652807033309597e-06,12.000000000121235,-0.0003700025773863485,0.00032765820989150634,-1.0102865180035805e-08,-1.0102865180035805e-08,-0.24238244181547808,-3.0833548115217535e-05
0.20620000000000002,89.99838425456376,90.0,-0.035262973474876634,0.09435652367283012,0.00019083902584215133,3.669070582239239e-06,12.00000000011617,-0.00035859634300979557,0.00032395513646044213,-9.680760602735768e-09,-9.680760602735768e-09,-0.23508648983251088,-2.9883028583860337e-05
0.2064,89.99837730995746,90.0,-0.034183769698808104,0.09304360092950703,0.00018868015425161576,3.6848405482690418e-06,12.000000000111253,-0.00034734898560978984,0.0003202903853036688,-9.271045036230554e-09,-9.271045036230554e-09,-0.22789179799205403,-2.894574880054746e-05
0.2066,89.99837057968938,90.0,-0.03311958181319032,0.09174565887268406,0.00018654363608634034,3.7001237903515717e-06,12.000000000106482,-0.000336258691613441,0.00031666357977619506,-8.873406751352248e-09,-8.873406751352248e-09,-0.22079721208793548,-2.8021557634204764e-05
0.2068,89.99836406077345,90.0,-0.03207023848710326,0.09046254166536596,0.0001844292515776405,3.7149270892633355e-06,12.00000000010185,-0.0003253236663178136,0.00031307434681389595,-8.487541194557242e-09,-8.487541194557242e-09,-0.21380158991402173,-2.711030552625437e-05
0.20700000000000002,89.99835775025774,90.0,-0.031035570171884005,0.08919409500657546,0.000182336783044091,3.7292571483270276e-06,12.000000000097359,-0.00031454213370396696,0.00030952231689583353,-8.113150832051751e-09,-8.113150832051751e-09,-0.20690380114589335,-2.621184447511792e-05
0.20720000000000002,89.99835164522403,90.0,-0.030015409083559874,0.0879401661178385,0.0001802660148747518,3.743120594307115e-06,12.000000000093,-0.00030391233625251356,0.0003060071240157824,-7.749944997402362e-09,-7.749944997402362e-09,-0.20010272722373248,-2.5326028020846522e-05
0.2074,89.99834574278749,90.0,-0.029009589185436235,0.08670060372775405,0.0001782167335077856,3.7565239781320875e-06,12.000000000088772,-0.00029343253476115505,0.0003025284056459324,-7.397639742106681e-09,-7.397639742106681e-09,-0.19339726123624157,-2.445271122991536e-05
0.2076,89.99834004009634,90.0,-0.028017946170860484,0.08547525805823102,0.00017618872741282418,3.769473775732263e-06,12.000000000084672,-0.00028310100816380244,0.00029908580270695466,-7.055957689435129e-09,-7.055957689435129e-09,-0.18678630780573655,-2.3591750680150407e-05
0.2078,89.99833453433145,90.0,-0.027040317446144022,0.08426398080987976,0.00017418178707122499,3.781976388790925e-06,12.000000000080696,-0.000272916053351522,0.0002956789595344869,-6.724627891224491e-09,-6.724627891224491e-09,-0.1802687829742935,-2.2743004445807226e-05
0.20800000000000002,89.99832922270608,90.0,-0.02607654211365059,0.08306662514799149,0.0001721957049575615,3.7940381455243496e-06,12.000000000076842,-0.000262875984995149,0.00029230752384771245,-6.403385687705697e-09,-6.403385687705697e-09,-0.17384361409100393,-2.190633208278881e-05
0.2082,89.99832410246546,90.0,-0.025126460955045442,0.08188304568909703,0.0001702302755223328,3.8056653014907244e-06,12.000000000073104,-0.0002529791353695108,0.0002889711467200094,-6.091972570293223e-09,-6.091972570293223e-09,-0.16750973970030295,-2.108159461399747e-05
0.2084,89.99831917088656,90.0,-0.02418991641469803,0.08071309848631936,0.0001682852951717234,3.816864040283502e-06,12.00000000006948,-0.0002432238541794911,0.00028566948254459223,-5.790136047129523e-09,-5.790136047129523e-09,-0.1612661094313202,-2.0268654514840234e-05
0.2086,89.99831442527761,90.0,-0.023266752583252292,0.07955664101638082,0.00016636056225109006,3.827640474340323e-06,12.00000000006597,-0.00023360850838758935,0.0002824021890064801,-5.497629511569267e-09,-5.497629511569267e-09,-0.15511168388834862,-1.9467375698858757e-05
0.2088,89.99830986297795,90.0,-0.022356815181345566,0.07841353216539704,0.00016445587702548664,3.8380006456363674e-06,12.00000000006257,-0.0002241314820432716,0.00027916892704943726,-5.214212113307841e-09,-5.214212113307841e-09,-0.1490454345423038,-1.8677623503508576e-05
0.20900000000000002,89.99830548135753,90.0,-0.021459951543489758,0.07728363221596311,0.00016257104166307346,3.847950526464386e-06,12.000000000059277,-0.00021479117611382145,0.00027596936084780995,-4.93964863229899e-09,-4.93964863229899e-09,-0.14306634362326506,-1.789926467606337e-05
0.2092,89.99830127781675,90.0,-0.020576010602100465,0.07616680283338055,0.0001607058602163926,3.857496020128057e-06,12.000000000056083,-0.0002055860083169139,0.0002728031577747406,-4.67370935524134e-09,-4.67370935524134e-09,-0.1371734040140031,-1.7132167359662757e-05
0.2094,89.99829724978602,90.0,-0.01970484287168348,0.0750629070528145,0.00015886013860568583,3.866642961693122e-06,12.000000000052994,-0.0001965144129547009,0.00026966998837384945,-4.416169954712834e-09,-4.416169954712834e-09,-0.13136561914455652,-1.637620107948609e-05
0.2096,89.99829339472548,90.0,-0.018846300433168157,0.07397180926594557,0.0001570336846009064,3.8753971186807436e-06,12.000000000050001,-0.00018757484074954648,0.0002665695263286992,-4.166811370798287e-09,-4.166811370798287e-09,-0.1256420028877877,-1.5631236729063744e-05
0.20980000000000001,89.99828971012474,90.0,-0.018000236918393503,0.07289337520819007,0.00015522630780493164,3.883764191789755e-06,12.000000000047105,-0.00017876575868128644,0.0002635014484342976,-3.925419695232515e-09,-3.925419695232515e-09,-0.1200015794559567,-1.4897146556715392e-05
0.21000000000000002,89.9982861935025,90.0,-0.017166507494740434,0.07182747194576913,0.00015343781963629818,3.891749815590017e-06,12.000000000044302,-0.00017008564982606936,0.00026046543456779015,-3.6917860579607156e-09,-3.6917860579607156e-09,-0.11444338329826957,-1.4173804152120118e-05
0.2102,89.99828284240628,90.0,-0.016344968849911757,0.07077396786298404,0.00015166803331229513,3.899359559215771e-06,12.000000000041588,-0.00016153301319673193,0.00025746116765976027,-3.465706516090495e-09,-3.465706516090495e-09,-0.10896645899941171,-1.3461084433014342e-05
0.2104,89.99827965441212,90.0,-0.015535479176857932,0.06973273265005041,0.00014991676383324063,3.906598927087896e-06,12.000000000038963,-0.00015310636358462765,0.00025448833366753813,-3.2469819452018016e-09,-3.2469819452018016e-09,-0.10356986117905288,-1.2758863632010877e-05
0.2106,89.99827662712426,90.0,-0.014737898158841687,0.0687036372897052,0.0001481838279637722,3.913473359520583e-06,12.000000000036426,-0.00014480423140314453,0.0002515466215434405,-3.0354179328787506e-09,-3.0354179328787506e-09,-0.09825265439227791,-1.2067019283558748e-05
0.21080000000000002,89.99827375817486,90.0,-0.013952086954656185,0.06768655404544913,0.0001464690442178309,3.919988233443597e-06,12.000000000033971,-0.00013662516253257225,0.0002486357232092809,-2.830824674564624e-09,-2.830824674564624e-09,-0.09301391303104124,-1.1385430211015457e-05
0.21100000000000002,89.99827104522372,90.0,-0.013177908183977129,0.06668135644962084,0.0001447722328431394,3.926148863095623e-06,12.000000000031596,-0.0001285677181664222,0.0002457553335300206,-2.6330168715916324e-09,-2.6330168715916324e-09,-0.08785272122651419,-1.0713976513840307e-05
0.2112,89.99826848595794,90.0,-0.012415225912851784,0.06568791929024123,0.00014309321580268893,3.931960500602069e-06,12.000000000029303,-0.00012063047465941682,0.00024290515028234236,-2.4418136313086987e-09,-2.4418136313086987e-09,-0.08276817275234523,-1.0052539554926855e-05
0.2114,89.99826607809167,90.0,-0.011663905639338083,0.06470611860019893,0.00014143181676157316,3.937428336726205e-06,12.000000000027086,-0.00011281202337666903,0.00024008487413230015,-2.2570383694113794e-09,-2.2570383694113794e-09,-0.07775937092892056,-9.401001948034533e-06
0.2116,89.99826381936586,90.0,-0.010923814279267635,0.06373583164412178,0.00013978786106830782,3.942557501418065e-06,12.000000000024944,-0.00010511097054457947,0.000237294208603609,-2.0785187142401165e-09,-2.0785187142401165e-09,-0.0728254285284509,-8.759247545363414e-06
0.21180000000000002,89.99826170754788,90.0,-0.010194820152158729,0.06277693690758955,0.00013816117574149675,3.947353064536703e-06,12.000000000022872,-9.752593710292385e-05,0.00023453286005500995,-1.9060864131875123e-09,-1.9060864131875123e-09,-0.0679654676810582,-8.127161425228164e-06
0.21200000000000002,89.99825974043132,90.0,-0.009476792967252907,0.06182931408509796,0.00013655158945347513,3.951820036456871e-06,12.000000000020876,-9.005555855846981e-05,0.0002318005376525041,-1.739577241034463e-09,-1.739577241034463e-09,-0.06317861978168605,-7.504629879859429e-06
0.2122,89.9982579158357,90.0,-0.008769603809688777,0.060892844068214436,0.00013495893251428445,3.955963368675715e-06,12.000000000018947,-8.269848484001995e-05,0.00022909695334214956,-1.5788309102358835e-09,-1.5788309102358835e-09,-0.058464025397925175,-6.891540403324115e-06
0.2124,89.99825623160618,90.0,-0.00807312512681199,0.05996740893427911,0.00013338303685680804,3.959787954448347e-06,12.000000000017085,-7.545338015480833e-05,0.00022642182182482852,-1.423690983122395e-09,-1.423690983122395e-09,-0.053820834178746606,-6.2877816795584085e-06
0.2126,89.99825468561328,90.0,-0.007387230714613508,0.05905289193528515,0.00013182373602221682,3.96329862942343e-06,12.000000000015287,-6.831892284622983e-05,0.00022377486053154092,-1.2740047859633925e-09,-1.2740047859633925e-09,-0.049248204764090045,-5.6932435705118995e-06
0.21280000000000002,89.99825327575265,90.0,-0.006711795704295966,0.05814917748622719,0.00013028086514406406,3.966500172220966e-06,12.000000000013555,-6.129380525302375e-05,0.00022115578959640508,-1.129623324840453e-09,-1.129623324840453e-09,-0.04474530469530644,-5.107817104412876e-06
0.21300000000000002,89.99825199994477,90.0,-0.006046696548972661,0.05725615115399041,0.00012875426093353205,3.969397305038989e-06,12.000000000011884,-5.4376733569773776e-05,0.00021856433183161308,-9.904012033209566e-10,-9.904012033209566e-10,-0.040311310326484405,-4.531394464143327e-06
0.2132,89.9982508561347,90.0,-0.005391811010493834,0.056373699647127684,0.0001272437616666474,3.971994694318039e-06,12.000000000010274,-4.7566427708607706e-05,0.00021600021270572865,-8.561965418918444e-10,-8.561965418918444e-10,-0.035945406736625565,-3.963868975713915e-06
0.2134,89.99824984229183,90.0,-0.004747018146389939,0.05550171080331342,0.0001257492071659661,3.974296951203387e-06,12.000000000008722,-4.0861621162543386e-05,0.00021346316031259683,-7.268708990705215e-10,-7.268708990705215e-10,-0.03164678764259959,-3.4051350968761404e-06
0.2136,89.9982489564096,90.0,-0.0041121982969582055,0.05464007357983938,0.0001242704387892497,3.976308632238402e-06,12.000000000007226,-3.426106086983147e-05,0.00021095290535212143,-6.02289194244373e-10,-6.02289194244373e-10,-0.027414655313054707,-2.85508840581757e-06
0.21380000000000002,89.99824819650522,90.0,-0.0034872330724579773,0.053788678042841535,0.0001228072994150825,3.978034239942347e-06,12.000000000005787,-2.7763507079674323e-05,0.00020846918110584993,-4.823196321269485e-10,-4.823196321269485e-10,-0.023248220483053184,-2.3136255899717443e-06
0.21400000000000002,89.99824756061952,90.0,-0.0028720053404293765,0.05294741535563313,0.00012135963342629576,3.9794782233015065e-06,12.000000000004402,-2.1367733219411246e-05,0.00020601172340883544,-3.6683362882245996e-10,-3.6683362882245996e-10,-0.019146702269529182,-1.780644434950284e-06
0.2142,89.99824704681659,90.0,-0.0022663992131453543,0.05211617776900042,0.00011992728669786736,3.980644978404765e-06,12.00000000000307,-1.50725257627818e-05,0.00020358027062909585,-2.5570573948752944e-10,-2.5570573948752944e-10,-0.015109328087635696,-1.2560438135648288e-06
0.2144,89.99824665318359,90.0,-0.0016703000351745091,0.05129485861023199,0.00011851010658176743,3.981538848963622e-06,12.000000000001787,-8.876684099586406e-06,0.0002011745636418892,-1.488135875267438e-10,-1.488135875267438e-10,-0.011135333567830063,-7.397236749654237e-07
0.2146,89.99824637783045,90.0,-0.0010835943710695156,0.05048335227374452,0.00011710794189543037,3.982164126947775e-06,12.000000000000552,-2.7790204064058572e-06,0.00019879434581014419,-4.6037795307039e-11,-4.6037795307039e-11,-0.0072239624737967705,-2.315850338671441e-07
0.21480000000000002,89.99824621888973,90.0,-0.0005061699931630154,0.04968155421008227,0.0001157206429063339,3.982525053076245e-06,11.999999999999368,3.221640481254792e-06,0.0001964393629582829,5.2738083651528385e-11,5.2738083651528385e-11,-0.0033744666210867693,2.6847004010458015e-07
0.215,89.99824617451627,90.0,6.208413051108195e-05,0.048889360915091586,0.00011434806131688206,3.982625817308502e-06,11.999999999998227,9.126461195519324e-06,0.00019410936334655907,1.4762763102246617e-10,1.4762763102246617e-10,0.00041389420340721294,7.605384329600561e-07
0.2152,89.998246242887,90.0,0.0006212778481724042,0.04810666992140015,0.00011299005025457097,3.982470559508938e-06,11.999999999997137,1.4936591961775179e-05,0.00019180409765436434,2.3874162860503364e-10,2.3874162860503364e-10,0.004141852321149361,1.2447159968148952e-06
0.2154,89.99824642220075,90.0,0.0011715198361511444,0.04733337978719049,0.00011164646425574737,3.982063369880213e-06,11.999999999996085,2.065317072280014e-05,0.0001895233189526576,3.261881218568515e-10,3.261881218568515e-10,0.00781013224100763,1.7210975602339066e-06
0.2156,89.9982467106779,90.0,0.0017129176106171447,0.04656939008728378,0.00011031715925465964,3.98140828956994e-06,11.99999999999508,2.627732326192873e-05,0.00018726678268537905,4.100724820705901e-10,4.100724820705901e-10,0.011419450737447632,2.189776938494959e-06
0.21580000000000002,89.99824710656026,90.0,0.0022455775392068752,0.045814601402589895,0.00010900199256860358,3.980509311132928e-06,11.999999999994113,3.181016332484999e-05,0.0001850342466442345,4.904974672038804e-10,4.904974672038804e-10,0.014970516928045836,2.6508469437387997e-06
0.216,89.99824760811079,90.0,0.0027696048525294747,0.045068915310792025,0.0001077008228858523,3.97937037908009e-06,11.99999999999319,3.725279274033323e-05,0.0001828254709482061,5.675632814076001e-10,5.675632814076001e-10,0.018464032350196495,3.1043993950295313e-06
0.2162,89.99824821361338,90.0,0.003285103655566608,0.04433223437646917,0.00010641351025218232,3.977995390369564e-06,11.999999999992305,4.2606301539727424e-05,0.00018064021802067988,6.413676332663439e-10,6.413676332663439e-10,0.021900691037110724,3.5505251283128955e-06
0.2164,89.99824892137264,90.0,0.0037921769389592263,0.0436044621417317,0.00010513991605850367,3.976388194926742e-06,11.999999999991456,4.7871768075346844e-05,0.0001784782525684476,7.120057927879988e-10,7.120057927879988e-10,0.025281179593061507,3.989314006281744e-06
0.21660000000000001,89.99824972971366,90.0,0.004290926590187212,0.04288550311736175,0.00010387990302958008,3.974552596193168e-06,11.999999999990646,5.3050259137805386e-05,0.0001763393415625588,7.795706471742511e-10,7.795706471742511e-10,0.028606177267914742,4.420854928153895e-06
0.21680000000000002,89.9982506369818,90.0,0.004781453404647667,0.04217526277302943,0.00010263333521050273,3.972492351588785e-06,11.999999999989871,5.814283007211302e-05,0.00017422325421535958,8.44152755371896e-10,8.44152755371896e-10,0.031876356030984446,4.845235839346841e-06
0.217,89.99825164154247,90.0,0.005263857096621444,0.04147364752730962,0.0001014000779526037,3.970211172945275e-06,11.999999999989129,6.315052489254945e-05,0.00017212976195658038,9.05840401433124e-10,9.05840401433124e-10,0.035092380644142954,5.2625437410505545e-06
0.2172,89.9982527417809,90.0,0.005738236310125361,0.040780564739634984,0.00010017999790379956,3.967712727083864e-06,11.999999999988423,6.807437639665771e-05,0.00017005863841694372,9.64719646759109e-10,9.64719646759109e-10,0.03825490873416908,5.6728646997269485e-06
0.2174,89.998253936102,90.0,0.006204688629672553,0.040095922700600625,9.89729629950038e-05,3.965000636248668e-06,11.99999999998775,7.291540627797542e-05,0.00016800965940509907,1.0208743811799647e-09,1.0208743811799647e-09,0.04136459086448368,6.0762838565041545e-06
0.21760000000000002,89.99825522293003,90.0,0.0066633105909217035,0.03941963062348992,9.777884242930032e-05,3.962078478626708e-06,11.999999999987107,7.767462523779614e-05,0.0001659826028892444,1.0743863729524874e-09,1.0743863729524874e-09,0.044422070606144684,6.472885436489966e-06
0.21780000000000002,89.99825660070844,90.0,0.0071141976912294045,0.038751598635224954,9.659750666969033e-05,3.958949788810154e-06,11.999999999986496,8.235303309580106e-05,0.0001639772489763262,1.125335317660083e-09,1.125335317660083e-09,0.04742798460819603,6.862752757991144e-06
0.218,89.99825806789977,90.0,0.0075574444000994145,0.038091737766750414,9.54288274254273e-05,3.955618058200779e-06,11.999999999985913,8.695161889949624e-05,0.00016199337988884267,1.1737988860293751e-09,1.1737988860293751e-09,0.05038296266732943,7.245968241633193e-06
0.2182,89.99825962298526,90.0,0.0079931441695214,0.03743995994570341,9.427267764360321e-05,3.952086735587759e-06,11.999999999985363,9.147136103287075e-05,0.00016003077995056103,1.2198527707706263e-09,1.2198527707706263e-09,0.053287627796809324,7.622613419415194e-06
0.2184,89.99826126446477,90.0,0.008421389444226142,0.03679617798635775,9.312893149429226e-05,3.948359227494352e-06,11.999999999984837,9.591322732369467e-05,0.0001580892355612986,1.2635707323199258e-09,1.2635707323199258e-09,0.05614259629484095,7.992768943651322e-06
0.21860000000000002,89.99826299085656,90.0,0.008842271671825594,0.03616030558221592,9.199746436178735e-05,3.944438898726804e-06,11.99999999998434,0.00010027817515005111,0.00015616853518204645,1.3050246436610508e-09,1.3050246436610508e-09,0.05894847781217063,8.356514595848498e-06
0.21880000000000002,89.99826480069706,90.0,0.009255881312868463,0.03553225729658737,9.087815283105754e-05,3.940329072749922e-06,11.999999999983867,0.00010456715154562138,0.0001542684693119804,1.3442845341065486e-09,1.3442845341065486e-09,0.061705875419123084,8.713929295480163e-06
0.219,89.99826669254074,90.0,0.009662307850787703,0.03491194855473877,8.977087467778948e-05,3.936033032178196e-06,11.999999999983423,0.00010878109330409324,0.00015238883047155623,1.381418632170909e-09,1.381418632170909e-09,0.06441538567191801,9.065091108686959e-06
0.2192,89.9982686649598,90.0,0.010061639801758572,0.0342992956354587,8.867550885698427e-05,3.931554019209152e-06,11.999999999983002,0.00011292092708251663,0.00015052941318315235,1.4164934074877367e-09,1.4164934074877367e-09,0.06707759867839048,9.410077256889715e-06
0.2194,89.9982707165441,90.0,0.010453964724459898,0.0336942156627574,8.759193549178843e-05,3.926895236056699e-06,11.999999999982606,0.0001169875695036537,0.00014869001395211002,1.4495736118122435e-09,1.4495736118122435e-09,0.06969309816306597,9.748964125318607e-06
0.21960000000000002,89.99827284590091,90.0,0.010839369229740626,0.033096626597698714,8.652003586255417e-05,3.9220598453844784e-06,11.999999999982231,0.00012098192725734484,0.00014687043124816297,1.4807223191288692e-09,1.4807223191288692e-09,0.07226246153160416,1.0081827271460332e-05
0.21980000000000002,89.9982750516547,90.0,0.011217938990193008,0.032506447230362626,8.545969239612593e-05,3.917050970739212e-06,11.999999999981881,0.0001249048972009043,0.00014507046548725084,1.5100009648833132e-09,1.5100009648833132e-09,0.07478625993462006,1.0408741433424407e-05
0.22,89.99827733244702,90.0,0.011589758749633548,0.03192359717158104,8.441078865451915e-05,3.911871696955158e-06,11.99999999998155,0.00012875736645849602,0.00014328991901230105,1.5374693843419523e-09,1.5374693843419523e-09,0.07726505833089031,1.0729780538224498e-05
0.2202,89.99827968693624,90.0,0.011954912332489777,0.03134799684516042,8.337320932465775e-05,3.906525070587465e-06,11.999999999981242,0.00013254021251959256,0.00014152859607580794,1.5631858501263733e-09,1.5631858501263733e-09,0.07969941554993185,1.1045017709983311e-05
0.2204,89.99828211379743,90.0,0.012313482653098024,0.03077956748022885,8.234684020832747e-05,3.9010141003455135e-06,11.999999999980954,0.0001362543033365089,0.00013978630282277814,1.5872071089278444e-09,1.5872071089278444e-09,0.08208988435398683,1.135452527806043e-05
0.22060000000000002,89.99828461172214,90.0,0.012665551724913425,0.03021823110335012,8.133156821151022e-05,3.8953417574973815e-06,11.999999999980684,0.00013990049742096318,0.0001380628472726254,1.6095884174021545e-09,1.6095884174021545e-09,0.08443701149942283,1.1658374785099032e-05
0.22080000000000002,89.99828717941826,90.0,0.013011200669630005,0.029663910530052993,8.032728133227576e-05,3.889510976216518e-06,11.999999999980435,0.00014347964393957962,0.00013635803929861628,1.6303835772413807e-09,1.6303835772413807e-09,0.08674133779753336,1.1956636994984463e-05
0.221,89.99828981560975,90.0,0.013350509726203687,0.029116529358272324,7.933386865306077e-05,3.883524654072873e-06,11.999999999980204,0.00014699258280869077,0.00013467169061476367,1.6496449695591408e-09,1.6496449695591408e-09,0.08900339817469125,1.2249381900744438e-05
0.2212,89.99829251903661,90.0,0.013683558259800553,0.028576011960118157,7.835122032897607e-05,3.877385652379577e-06,11.999999999979991,0.00015044014478805492,0.00013300361475597792,1.6674235884381133e-09,1.6674235884381133e-09,0.09122372173200369,1.2536678732358814e-05
0.2214,89.99829528845459,90.0,0.014010424770650735,0.02804228347484247,7.737922757883407e-05,3.871096796626289e-06,11.999999999979796,0.00015382315157377817,0.00013135362706283562,1.6837690737905093e-09,1.6837690737905093e-09,0.09340283180433824,1.2818595964503096e-05
0.22160000000000002,89.99829812263502,90.0,0.014331186902821808,0.02751526980049717,7.641778267304868e-05,3.864660876796984e-06,11.999999999979615,0.00015714241589015346,0.00012972154466103946,1.6987297434227339e-09,1.6987297434227339e-09,0.09554124601881206,1.30952013242017e-05
0.2218,89.99830102036476,90.0,0.0146459214528971,0.02699489758750123,7.54667789259183e-05,3.858080647832195e-06,11.999999999979451,0.0001603987415808194,0.00012810718644831813,1.7123526244837347e-09,1.7123526244837347e-09,0.09763947635264733,1.3366561798424505e-05
0.222,89.99830398044585,90.0,0.014954704378580253,0.02648109423124497,7.452611068559556e-05,3.851358830004576e-06,11.999999999979304,0.00016359292369896823,0.0001265103730773999,1.7246834841678985e-09,1.7246834841678985e-09,0.09969802919053503,1.3632743641604198e-05
0.2222,89.99830700169551,90.0,0.015257610807214954,0.02597378786445757,7.359567332343188e-05,3.8444981092655855e-06,11.99999999997917,0.00016672574859661078,0.0001249309269379245,1.7357668597191757e-09,1.7357668597191757e-09,0.10171740538143303,1.3893812383075014e-05
0.22240000000000001,89.99831008294588,90.0,0.01555471504421799,0.025472907349695515,7.267536322353177e-05,3.837501137592165e-06,11.999999999979053,0.0001697979940129409,0.00012336867213871136,1.7456460877691624e-09,1.7456460877691624e-09,0.10369810029478661,1.4149832834436441e-05
0.22260000000000002,89.99831322304384,90.0,0.015846090581425592,0.02497838227372852,7.176507777666986e-05,3.830370533477864e-06,11.999999999978947,0.00017281042916210624,0.00012182343449743342,1.7543633331283455e-09,1.7543633331283455e-09,0.10564060387617062,1.4400869096867452e-05
0.2228,89.99831642085095,90.0,0.016131810105376416,0.024490142938461242,7.086471536605574e-05,3.823108882135072e-06,11.999999999978858,0.00017576381481970577,0.00012029504151645267,1.7619596167386547e-09,1.7619596167386547e-09,0.10754540070250945,1.464698456833462e-05
0.223,89.99831967524321,90.0,0.016411945505490043,0.024008120355908772,6.997417536248777e-05,3.815718736015035e-06,11.99999999997878,0.0001786589034088781,0.00011878332237459345,1.7684748432288042e-09,1.7684748432288042e-09,0.1094129700366003,1.488824195076617e-05
0.2232,89.99832298511087,90.0,0.0166865678821883,0.0235322462400546,6.909335811217031e-05,3.808202615067867e-06,11.999999999978712,0.00018149643908524227,0.00011728810790646197,1.7739478276755217e-09,1.7739478276755217e-09,0.11124378588125534,1.5124703257130354e-05
0.22340000000000002,89.99832634935841,90.0,0.016955747554923496,0.023062453000614918,6.822216492890906e-05,3.8005630071470054e-06,11.999999999978659,0.00018427715782117851,0.00011580923058919749,1.7784163218727294e-09,1.7784163218727294e-09,0.11303831703282331,1.5356429818458853e-05
0.22360000000000002,89.99832976690422,90.0,0.017219554070135146,0.022598673735481568,6.736049808315719e-05,3.792802368298113e-06,11.999999999978616,0.00018700178748912023,0.00011434652452387796,1.7819170399309838e-09,1.7819170399309838e-09,0.11479702713423431,1.5583482290787788e-05
0.2238,89.99833323668055,90.0,0.017478056209120553,0.022140842225417047,6.650826079625348e-05,3.7849231232213133e-06,11.999999999978586,0.0001896710479443199,0.00011289982542573895,1.7844856834390744e-09,1.7844856834390744e-09,0.11652037472747036,1.5805920662054865e-05
0.224,89.99833675763335,90.0,0.0177313219958444,0.021688892925992406,6.566535722816347e-05,3.7769276655023126e-06,11.999999999978566,0.0001922856511064891,0.00011146897060336394,1.7861569658896846e-09,1.7861569658896846e-09,0.11820881330562936,1.6023804258902713e-05
0.2242,89.99834032872207,90.0,0.01797941870465645,0.021242760961785137,6.483169247042652e-05,3.768818358016857e-06,11.999999999978556,0.0001948463010408525,0.0001100537989467117,1.7869646366915635e-09,1.7869646366915635e-09,0.11986279136437633,1.623719175343339e-05
0.22440000000000002,89.99834394891954,90.0,0.01822241286794266,0.020802382119959384,6.400717253760268e-05,3.7605975332774104e-06,11.999999999978556,0.00019735369403838765,0.00010865415091259716,1.7869415046036515e-09,1.7869415046036515e-09,0.12148275245295106,1.6446141169895026e-05
0.22460000000000002,89.99834761721186,90.0,0.01846037028370286,0.020367692842883024,6.319170435640599e-05,3.752267493693166e-06,11.999999999978566,0.00019980851869511648,0.00010726986850624475,1.7861194605742477e-09,1.7861194605742477e-09,0.12306913522468572,1.6650709891289447e-05
0.2248,89.99835133259818,90.0,0.018693356023044293,0.019938630223349022,6.23851957608551e-05,3.7438305120322815e-06,11.999999999978584,0.00020221145599095346,0.00010590079527305651,1.7845295002335713e-09,1.7845295002335713e-09,0.12462237348696195,1.6850954665942862e-05
0.225,89.9983550940906,90.0,0.018921434437620264,0.019515131996320757,6.15875554792512e-05,3.7352888315952214e-06,11.999999999978613,0.00020456317936736813,0.00010454677627650668,1.7822017456474383e-09,1.7822017456474383e-09,0.12614289625080177,1.7046931613977726e-05
0.2252,89.99835890071402,90.0,0.019144669166974184,0.019097136534362128,6.079869312969062e-05,3.726644666676994e-06,11.99999999997865,0.00020686435480467982,0.00010320765809052422,1.7791654668196891e-09,1.7791654668196891e-09,0.1276311277798279,1.723869623375399e-05
0.22540000000000002,89.99836275150601,90.0,0.019363123145831856,0.01868458284029779,6.001851920905816e-05,3.7179002027982706e-06,11.999999999978694,0.00020911564089832262,0.00010188328878080862,1.7754491025221254e-09,1.7754491025221254e-09,0.12908748763887906,1.742630340822449e-05
0.22560000000000002,89.99836664551665,90.0,0.019576858611309415,0.01827741054141222,5.924694508554681e-05,3.7090575970520637e-06,11.999999999978748,0.00021131768893447957,0.00010057351789213194,1.7710802807511243e-09,1.7710802807511243e-09,0.13051239074206278,1.7609807411237817e-05
0.2258,89.99837058180839,90.0,0.019785937110055142,0.017875559883741118,5.848388299133764e-05,3.700118978450407e-06,11.999999999978808,0.00021347114296503008,9.927819643591268e-05,1.7660858387265403e-09,1.7660858387265403e-09,0.1319062474003676,1.7789261913783923e-05
0.226,89.99837455945593,90.0,0.01999041950532583,0.017478971725388374,5.7729246012946284e-05,3.6910864481843644e-06,11.999999999978876,0.00021557663988163272,9.799717687382859e-05,1.7604918423652666e-09,1.7604918423652666e-09,0.13326946336883885,1.7964719990167685e-05
0.2262,89.99837857754606,90.0,0.020190365983986765,0.017087587531015514,5.698294808424605e-05,3.6819620799707064e-06,11.999999999978948,0.00021763480948919862,9.673031310597325e-05,1.7543236053904963e-09,1.7543236053904963e-09,0.1346024398932451,1.8136234124131703e-05
0.22640000000000002,89.99838263517756,90.0,0.02038583606344891,0.016701349365708294,5.624490397798203e-05,3.6727479203408132e-06,11.999999999979028,0.0002196462745785897,9.547746045645098e-05,1.7476057079600604e-09,1.7476057079600604e-09,0.13590557375632606,1.8303856214914464e-05
0.22660000000000002,89.99838673146104,90.0,0.02057688859853558,0.01632019988894169,5.551502929745564e-05,3.66344598892957e-06,11.999999999979115,0.00022161165099858387,9.423847565926114e-05,1.7403620148729223e-09,1.7403620148729223e-09,0.1371792573235705,1.8467637583247464e-05
0.2268,89.99839086551883,90.0,0.020763581788280222,0.015944082348996413,5.479324046920667e-05,3.6540582787931565e-06,11.99999999997921,0.0002235315477271862,9.301321684587554e-05,1.7326156933899141e-09,1.7326156933899141e-09,0.1384238785885348,1.862762897729779e-05
0.227,89.9983950364848,90.0,0.020945973182660598,0.015572940577819498,5.407945473667985e-05,3.6445867567557283e-06,11.999999999979307,0.00022540656694234045,9.180154353448742e-05,1.7243892306793586e-09,1.7243892306793586e-09,0.1396398212177373,1.8783880578560762e-05
0.2272,89.99839924350428,90.0,0.021124119689273687,0.01520671898383594,5.3373590149051316e-05,3.6350333635827527e-06,11.999999999979412,0.00022723730409165586,9.060331661104391e-05,1.7157044507076403e-09,1.7157044507076403e-09,0.1408274645951579,1.893644200767048e-05
0.22740000000000002,89.99840348573393,90.0,0.021298077579929072,0.014845362547361192,5.267556555606659e-05,3.62540001435658e-06,11.999999999979522,0.00022902434796171744,8.941839832048343e-05,1.7065825309303993e-09,1.7065825309303993e-09,0.1419871838661938,1.908536233017569e-05
0.22760000000000002,89.99840776234161,90.0,0.021467902497189037,0.014488816815022138,5.198530060051568e-05,3.615688598765341e-06,11.999999999979636,0.00023076828074665778,8.824665225396181e-05,1.6970440185274583e-09,1.6970440185274583e-09,0.14311934998126025,1.9230690062254118e-05
0.2278,89.99841207250623,90.0,0.02163364946084548,0.01413702789355579,5.1302715709200074e-05,3.6059009813340674e-06,11.999999999979755,0.00023246967811594964,8.708794333351865e-05,1.6871088462131082e-09,1.6871088462131082e-09,0.1442243297389699,1.9372473176361818e-05
0.228,89.99841641541762,90.0,0.021795372874325765,0.013789942445483592,5.062773208822456e-05,3.596039001800258e-06,11.999999999979877,0.00023412910928176722,8.594213780408491e-05,1.6767963478229197e-09,1.6767963478229197e-09,0.14530248582883842,1.951075910684665e-05
0.22820000000000001,89.99842079027648,90.0,0.02195312653104881,0.013447507682012956,4.996027171176488e-05,3.5861044752583316e-06,11.999999999980005,0.0002357471370653391,8.48091032144157e-05,1.6661252733258884e-09,1.6661252733258884e-09,0.14635417687365873,1.9645594755477658e-05
0.22840000000000002,89.99842519629416,90.0,0.022106963620700602,0.01310967135924882,4.930025731850569e-05,3.5760991925640833e-06,11.999999999980139,0.00023732431796301664,8.368870841104361e-05,1.6551138037407978e-09,1.6551138037407978e-09,0.14737975747133736,1.9777026496950786e-05
0.2286,89.9984296326926,90.0,0.022256936735465544,0.012776381771979933,4.8647612402371256e-05,3.566024920536914e-06,11.999999999980275,0.0002388612022114533,8.258082352254382e-05,1.6437795655199251e-09,1.6437795655199251e-09,0.14837957823643697,1.9905100184320492e-05
0.2288,89.99843409870424,90.0,0.022403097876187564,0.012447587748629054,4.8002261205918066e-05,3.5558834022487302e-06,11.999999999980414,0.00024035833385223875,8.148531994831771e-05,1.6321396446855172e-09,1.6321396446855172e-09,0.14935398584125043,2.002986115438592e-05
0.229,89.99843859357182,90.0,0.022545498458473017,0.012123238645573837,4.7364128712207006e-05,3.5456763572550614e-06,11.999999999980556,0.000241816250795805,8.040207034479586e-05,1.6202106005858845e-09,1.6202106005858845e-09,0.15030332305648678,2.01513542330164e-05
0.22920000000000001,89.9984431165483,90.0,0.0226841893187286,0.011803284342624338,4.673314063932473e-05,3.5354054819128524e-06,11.999999999980705,0.00024323548488484163,7.933094861613767e-05,1.6080084794209775e-09,1.6080084794209775e-09,0.151227928791524,2.026962374043606e-05
0.22940000000000002,89.99844766689678,90.0,0.022819220720147748,0.011487675237861816,4.610922343336842e-05,3.525072449640468e-06,11.999999999980854,0.0002446165619570531,7.827182990232295e-05,1.5955488274020045e-09,1.5955488274020045e-09,0.1521281381343183,2.0384713496453617e-05
0.2296,89.99845224389033,90.0,0.02295064235863799,0.011176362242204793,4.5492304260742995e-05,3.514678911148816e-06,11.999999999981007,0.00024596000190724084,7.722459056607608e-05,1.5828467035790022e-09,1.5828467035790022e-09,0.15300428239091995,2.0496666825635845e-05
0.2298,89.9984568468119,90.0,0.023078503368686054,0.010869296774417274,4.48823110014396e-05,3.504226494701353e-06,11.99999999998116,0.0002472663187487996,7.618910818145613e-05,1.5699166924010235e-09,1.5699166924010235e-09,0.1538566891245737,2.060552656243232e-05
0.23,89.99846147495427,90.0,0.023202852329165986,0.010566430755841212,4.4279172241621343e-05,3.4937168063452065e-06,11.99999999998132,0.000248536020674561,7.516526152127081e-05,1.5567729159573692e-09,1.5567729159573692e-09,0.1546856821944399,2.071133505624566e-05
0.23020000000000002,89.9984661276198,90.0,0.02332373726908682,0.010267716606279264,4.368281726884712e-05,3.4831514302289625e-06,11.99999999998148,0.00024976961011719293,7.415293054896889e-05,1.543429046024319e-09,1.543429046024319e-09,0.15549158179391215,2.081413417646487e-05
0.23040000000000002,89.99847080412046,90.0,0.023441205673293348,0.00997310723852191,4.309317606408673e-05,3.4725319288048935e-06,11.999999999981641,0.00025096758380886556,7.315199640508552e-05,1.5298983157172683e-09,1.5298983157172683e-09,0.15627470448862232,2.091396531743746e-05
0.2306,89.99847550377763,90.0,0.023555304488104493,0.009682556053316964,4.251017929471755e-05,3.4618598430600796e-06,11.999999999981807,0.000252130432840331,7.216234139535389e-05,1.5161935309008246e-09,1.5161935309008246e-09,0.15703536325402995,2.101086940339277e-05
0.2308,89.99848022592202,90.0,0.02366608012689355,0.009396016935130794,4.1933758309323e-05,3.4511366928053077e-06,11.999999999981974,0.0002532586427195211,7.118384898187548e-05,1.5023270813940195e-09,1.5023270813940195e-09,0.15777386751262368,2.110488689332513e-05
0.231,89.99848496989361,90.0,0.023773578475620675,0.009113444246910414,4.136384513011499e-05,3.440363976877298e-06,11.99999999998214,0.00025435269342946555,7.021640377025694e-05,1.4883109518268593e-09,1.4883109518268593e-09,0.1584905231708045,2.119605778582034e-05
0.23120000000000002,89.99848973504147,90.0,0.023877844898304725,0.008834792825640833,4.0800372447164326e-05,3.429543173398717e-06,11.999999999982311,0.00025541305948570186,6.9259891499816e-05,1.4741567323034864e-09,1.4741567323034864e-09,0.1591856326553648,2.1284421623839864e-05
0.23140000000000002,89.99849452072371,90.0,0.02397892424244504,0.00856001797761692,4.0243273611921505e-05,3.418675740009292e-06,11.999999999982482,0.00025644020999310453,6.831419903258281e-05,1.459875628787654e-09,1.459875628787654e-09,0.1598594949496336,2.1370017499456576e-05
0.2316,89.99849932630735,90.0,0.024076860844388585,0.008289075473436413,3.969248263003949e-05,3.407763114068045e-06,11.999999999982656,0.00025743460870208414,6.737921434111642e-05,1.4454784732153526e-09,1.4454784732153526e-09,0.16051240562925723,2.145288405853802e-05
0.2318,89.99850415116822,90.0,0.024171698534640084,0.008021921544493554,3.9147934157656526e-05,3.3968067129710797e-06,11.99999999998283,0.0002583967140644407,6.645482650219473e-05,1.43097573349285e-09,1.43097573349285e-09,0.16114465689760055,2.153305950540087e-05
0.232,89.99850899469087,90.0,0.024263480643131982,0.007758512877041895,3.860956349196233e-05,3.3858079342671386e-06,11.999999999983004,0.0002593269792883689,6.554092568080025e-05,1.416377523049124e-09,1.416377523049124e-09,0.16175653762087988,2.1610581607394686e-05
0.23220000000000002,89.99851385626849,90.0,0.024352250004426566,0.007498806608838754,3.807730656774238e-05,3.374768155975397e-06,11.99999999998318,0.00026022585239318907,6.463740312425404e-05,1.4016936103762306e-09,1.4016936103762306e-09,0.16234833336284377,2.168548769946282e-05
0.23240000000000002,89.99851873530275,90.0,0.024438048962879533,0.007242760323711912,3.755109994903227e-05,3.363688736729908e-06,11.999999999983356,0.0002610937762633079,6.374415114804862e-05,1.3869334281638477e-09,1.3869334281638477e-09,0.1629203264191969,2.1757814688639174e-05
0.2326,89.99852363120375,90.0,0.02452091937774186,0.006990332048343999,3.703088082590465e-05,3.352571016097393e-06,11.999999999983535,0.0002619311887019081,6.28610631303937e-05,1.372106082402692e-09,1.372106082402692e-09,0.1634727958516124,2.1827599058522294e-05
0.2328,89.99852854338997,90.0,0.02460090262822419,0.0067414802466223625,3.651658700553292e-05,3.341416314692802e-06,11.999999999983714,0.00026273852248381705,6.198803349704664e-05,1.3572203610594578e-09,1.3572203610594578e-09,0.16400601752149457,2.1894876873681136e-05
0.233,89.998533471288,90.0,0.024678039618497263,0.006496163816565162,3.600815690922391e-05,3.330225934497101e-06,11.999999999983892,0.0002635162054081423,6.112495771627516e-05,1.3422847427623e-09,1.3422847427623e-09,0.16452026412331508,2.1959683784041336e-05
0.23320000000000002,89.99853841433269,90.0,0.024752370782656935,0.006254342084809981,3.550552956372209e-05,3.3190011589728327e-06,11.999999999984073,0.0002642646603501079,6.0271732284096153e-05,1.3273074050658702e-09,1.3273074050658702e-09,0.1650158052177129,2.2022055029204884e-05
0.23340000000000002,89.99854337196683,90.0,0.024823936089626002,0.006015974803322261,3.500864459765019e-05,3.3077432533530156e-06,11.999999999984253,0.0002649843053126034,5.942825471823335e-05,1.3122962327060143e-09,1.3122962327060143e-09,0.16549290726417334,2.2082025442745925e-05
0.2336,89.99854834364125,90.0,0.024892775048018692,0.005781022144734866,3.451744223471801e-05,3.296453464814482e-06,11.999999999984432,0.0002656755534770991,5.859442354658923e-05,1.297258825535988e-09,1.297258825535988e-09,0.16595183365345795,2.2139629456453648e-05
0.2338,89.99855332881455,90.0,0.02495892671095166,0.005549444698117534,3.403186328789119e-05,3.285133022680109e-06,11.999999999984613,0.00026633881325406654,5.777013829734617e-05,1.2822025063048506e-09,1.2822025063048506e-09,0.16639284473967778,2.2194901104534006e-05
0.234,89.99855832695316,90.0,0.025022429680806545,0.00532120346516929,3.355184915450785e-05,3.273783138649936e-06,11.999999999984794,0.00026697448833295725,5.6955299490676914e-05,1.2671343282827565e-09,1.2671343282827565e-09,0.16681619787204366,2.224787402777463e-05
0.23420000000000002,89.99856333753114,90.0,0.02508332211394922,0.005096259856115996,3.3077341810669424e-05,3.2624050070033953e-06,11.999999999984976,0.00026758297773167073,5.61498086292228e-05,1.2520610826741423e-09,1.2520610826741423e-09,0.1672221474263281,2.2298581477667146e-05
0.23440000000000003,89.99856836003016,90.0,0.025141641725401988,0.004874575685673655,3.260828380574546e-05,3.250999804801541e-06,11.999999999985157,0.00026816467584553214,5.535356818876546e-05,1.2369893058543508e-09,1.2369893058543508e-09,0.16761094483601324,2.2347056320488652e-05
0.2346,89.9985733939394,90.0,0.025197425793469484,0.004656113168365811,3.214461825532937e-05,3.239568692031498e-06,11.999999999985338,0.000268719972495667,5.4566481606269e-05,1.2219252863699866e-09,1.2219252863699866e-09,0.16798283862312988,2.2393331041332944e-05
0.2348,89.99857843875542,90.0,0.025250711164311154,0.004440834915691827,3.1686288838476135e-05,3.2281128118953617e-06,11.999999999985517,0.00026924925297712845,5.3788453275190976e-05,1.2068750719298188e-09,1.2068750719298188e-09,0.16833807442874102,2.2437437748121116e-05
0.23500000000000001,89.99858349398214,90.0,0.025301534256481517,0.004228703931208603,3.123323979003485e-05,3.216633290925757e-06,11.999999999985697,0.0002697528981063195,5.301938853246658e-05,1.1918444760395725e-09,1.1918444760395725e-09,0.1686768950432101,2.247940817555342e-05
0.23520000000000002,89.99858855913068,90.0,0.025349931065413778,0.004019683607112455,3.078541589644052e-05,3.2051312392169573e-06,11.999999999985878,0.000270231284268074,5.225919365136509e-05,1.1768390846032488e-09,1.1768390846032488e-09,0.16899954043609186,2.251927368903267e-05
0.2354,89.99859363371938,90.0,0.02539593716786478,0.0038137377205196494,3.0342762490768802e-05,3.193607750627115e-06,11.999999999986057,0.0002706847834622735,5.1507775833095196e-05,1.1618642623350747e-09,1.1618642623350747e-09,0.16930624778576522,2.2557065288549e-05
0.2356,89.9985987172736,90.0,0.02543958772631707,0.0036108304294516303,2.9905225447064174e-05,3.1820639029515993e-06,11.999999999986237,0.00027111376334995764,5.0765043197176846e-05,1.1469251589854638e-09,1.1469251589854638e-09,0.16959725150878047,2.2592813612522383e-05
0.2358,89.99860380932569,90.0,0.02548091749333527,0.003410926268883952,2.9472751174778482e-05,3.1705007580963373e-06,11.999999999986414,0.0002715185872989595,5.003090477200052e-05,1.1320267154164776e-09,1.1320267154164776e-09,0.1698727832889018,2.2626548941605577e-05
0.23600000000000002,89.99860890941495,90.0,0.025519960815877152,0.0032139901468585803,2.904528661331939e-05,3.1589193622511513e-06,11.999999999986594,0.00027189961442906945,4.930527048557304e-05,1.1171736695302722e-09,1.1171736695302722e-09,0.1701330721058477,2.2658301202447768e-05
0.23620000000000002,89.99861401708748,90.0,0.02555675163956027,0.003019987341723942,2.862277922919786e-05,3.147320746149769e-06,11.999999999986771,0.00027225719965692324,4.858805116067539e-05,1.1023705621506152e-09,1.1023705621506152e-09,0.17037834426373513,2.268809997143528e-05
0.2364,89.99861913189615,90.0,0.025591323512897005,0.0028288834972875205,2.8205177008268867e-05,3.135705925156494e-06,11.999999999986947,0.00027259169374019195,4.7879158501690987e-05,1.0876217425704378e-09,1.0876217425704378e-09,0.17060882341931333,2.2715974478374037e-05
0.2366,89.99862425340048,90.0,0.025623709591474374,0.002640644619821893,2.779242845225847e-05,3.1240758994973238e-06,11.999999999987125,0.0002729034433215053,4.717850508871037e-05,1.0729313741236695e-09,1.0729313741236695e-09,0.17082473060982917,2.274195361014984e-05
0.2368,89.9986293811666,90.0,0.02565394264209922,0.002455237074763887,2.7384482574544372e-05,3.112431654462179e-06,11.999999999987299,0.00027319279097195423,4.648600437036854e-05,1.0583034395907404e-09,1.0583034395907404e-09,0.17102628428066147,2.2766065914353614e-05
0.23700000000000002,89.9986345147671,90.0,0.025682055046906065,0.0022726275823999895,2.6981288893534855e-05,3.1007741605204644e-06,11.999999999987475,0.0002734600752340212,4.580157065260547e-05,1.0437417463759086e-09,1.0437417463759086e-09,0.17121370031270713,2.278833960285889e-05
0.23720000000000002,89.99863965378111,90.0,0.025708078807415245,0.002092783214331775,2.6582797427829458e-05,3.0891043734944054e-06,11.999999999987649,0.000273705630664116,4.5125119090451245e-05,1.0292499316215009e-09,1.0292499316215009e-09,0.17138719204943498,2.2808802555366476e-05
0.2374,89.99864479779404,90.0,0.025732045548550846,0.0019156713910632253,2.6188958693968437e-05,3.0774232348190607e-06,11.999999999987821,0.000273929787874879,4.4456565684205684e-05,1.0148314672943706e-09,1.0148314672943706e-09,0.1715469703236723,2.282748232292975e-05
0.2376,89.99864994639762,90.0,0.025753986522631073,0.0017412598771396756,2.5799723698435148e-05,3.065731671600099e-06,11.999999999987995,0.00027413287357676795,4.379582726586214e-05,1.0004896649228803e-09,1.0004896649228803e-09,0.17169324348420717,2.284440613142018e-05
0.2378,89.99865509918978,90.0,0.025773932613302755,0.0015695167784963912,2.5415043934776976e-05,3.054030596844921e-06,11.999999999988166,0.00027431521061943185,4.3142821494220184e-05,9.862276804096027e-10,9.862276804096027e-10,0.17182621742201837,2.28596008849752e-05
0.23800000000000002,89.99866025577461,90.0,0.025791914339446033,0.0014004105391382258,2.503487137913734e-05,3.042320909635996e-06,11.999999999988336,0.00027447711803265333,4.249746684730105e-05,9.7204851866223e-10,9.7204851866223e-10,0.17194609559630689,2.287309316941001e-05
0.23820000000000002,89.99866541576222,90.0,0.025807961859040426,0.0012339099375178963,2.465915848505054e-05,3.030603495275313e-06,11.999999999988503,0.0002746189110668279,4.185968261351172e-05,9.579550380780526e-10,9.579550380780526e-10,0.1720530790602695,2.2884909255590918e-05
0.2384,89.99867057876878,90.0,0.025822104972990024,0.001069984082971403,2.4287858178335635e-05,3.0188792254288303e-06,11.999999999988674,0.00027474090123301773,4.1229388882977166e-05,9.439499549172e-10,9.439499549172e-10,0.17214736648660015,2.2895075102773088e-05
0.2386,89.99867574441636,90.0,0.025834373128907604,0.0009086024129212792,2.392092385375081e-05,3.0071489583287033e-06,11.999999999988841,0.000274843396342703,4.060650654186095e-05,9.300358476323026e-10,9.300358476323026e-10,0.17222915419271734,2.2903616361913217e-05
0.2388,89.99868091233286,90.0,0.025844795424866937,0.0007497346890585005,2.355830936923314e-05,2.9954135388888467e-06,11.999999999989004,0.00027492670054701676,3.9990957262587125e-05,9.162151609941591e-10,9.162151609941591e-10,0.17229863616577956,2.2910558378939056e-05
0.23900000000000002,89.998686082152,90.0,0.025853400613111255,0.0005933509942960698,2.3199969041905413e-05,2.983673798878271e-06,11.999999999989171,0.00027499111437564826,3.9382663497061665e-05,9.024902101789937e-10,9.024902101789937e-10,0.17235600408740834,2.2915926197991366e-05
0.23920000000000002,89.9986912535132,90.0,0.025860217103727098,0.0004394217304815651,2.284585764582811e-05,2.971930557152203e-06,11.999999999989335,0.0002750369347755094,3.8781548472856366e-05,8.888631848193112e-10,8.888631848193112e-10,0.17240144735818067,2.2919744564646156e-05
0.2394,89.99869642606153,90.0,0.02586527296829168,0.0002879176133044617,2.249593040317081e-05,2.9601846196520865e-06,11.999999999989495,0.00027506445514863335,3.818753617822206e-05,8.753361526950476e-10,8.753361526950476e-10,0.17243515312194455,2.2922037929072845e-05
0.2396,89.99870159944763,90.0,0.025868595943462334,0.00013880967119226615,2.2150142984660014e-05,2.9484367797233696e-06,11.999999999989658,0.00027507396539014876,3.7600551362848796e-05,8.619110636869745e-10,8.619110636869745e-10,0.17245730628974887,2.292283044919882e-05
0.2398,89.99870677332767,90.0,0.02587021343455328,-7.930759328297798e-06,2.1808451501752074e-05,2.936687818144396e-06,11.999999999989818,0.00027506575192550684,3.702051952457915e-05,8.485897533091592e-10,8.485897533091592e-10,0.17246808956368856,2.2922145993811687e-05
0.24000000000000002,89.99871194736326,90.0,0.02587015251905913,-0.000152332036064102,2.1470812503918458e-05,2.924938503328634e-06,11.999999999989974,0.00027504009774752334,3.6447366904799855e-05,8.353739463453646e-10,8.353739463453646e-10,0.17246768346039418,2.2920008145646095e-05
0.24020000000000002,89.99871712122142,90.0,0.025868439950150642,-0.000294422214260307,2.11371829743369e-05,2.913189591469125e-06,11.999999999990134,0.0002749972824530107,3.588102048112746e-05,8.222652603299152e-10,8.222652603299152e-10,0.17245626633433758,2.2916440204436402e-05
0.2404,89.99872229457442,90.0,0.02586510216013532,-0.00043422904965588726,2.0807520325667788e-05,2.9014418266829336e-06,11.999999999990289,0.0002749375822790434,3.532140796023854e-05,8.092652089406333e-10,8.092652089406333e-10,0.17243401440090217,2.2911465189938824e-05
0.2406,89.99872746709987,90.0,0.025860165263882486,-0.0005717800014895465,2.0481782395916578e-05,2.889695941155597e-06,11.999999999990443,0.0002748612701388548,3.476845777084605e-05,7.963752053059576e-10,7.963752053059576e-10,0.1724011017592166,2.2905105844922808e-05
0.24080000000000001,89.9987326384805,90.0,0.025853655062214327,-0.0007071022354582154,2.015992744437837e-05,2.8779526552855764e-06,11.999999999990596,0.00027476861565738065,3.422209905681514e-05,7.835965652281847e-10,7.835965652281847e-10,0.17235770041476217,2.2897384638132998e-05
0.24100000000000002,89.99873780840423,90.0,0.025845597045263232,-0.0008402226269836614,1.9841914146833682e-05,2.8662126777998125e-06,11.999999999990749,0.00027465988520639057,3.36822616690078e-05,7.709305102923686e-10,7.709305102923686e-10,0.17230398030175487,2.288832376721686e-05
0.2412,89.99874297656399,90.0,0.025836016395791354,-0.000971167763360557,1.9527701593327374e-05,2.8544767059559576e-06,11.9999999999909,0.0002745353419394111,3.3148876161512525e-05,7.583781709929114e-10,7.583781709929114e-10,0.1722401093052757,2.287794516163494e-05
0.2414,89.99874814265775,90.0,0.025824937992485968,-0.0010999639472918867,1.9217249282683748e-05,2.8427454256290467e-06,11.999999999991049,0.00027439524582615216,3.262187378233353e-05,7.459405896516495e-10,7.459405896516495e-10,0.1721662532832398,2.2866270485529737e-05
0.2416,89.99875330638842,90.0,0.02581238641321426,-0.001226637199657099,1.8910517118781132e-05,2.831019511455942e-06,11.999999999991196,0.00027423985368663426,3.210118646706674e-05,7.336187233251837e-10,7.336187233251837e-10,0.17208257608809507,2.285332114056962e-05
0.24180000000000001,89.9987584674638,90.0,0.02579838593824632,-0.0013512132622359237,1.8607465406903307e-05,2.819299626979787e-06,11.999999999991342,0.0002740694192249855,3.158674683270624e-05,7.214134466377246e-10,7.214134466377246e-10,0.17198923958830878,2.283911826876527e-05
0.24200000000000002,89.99876362559651,90.0,0.025782960553447337,-0.0014737176003891672,1.830805485016553e-05,2.807586424794456e-06,11.999999999991488,0.0002738841930629188,3.107848817157729e-05,7.093255545411625e-10,7.093255545411625e-10,0.17188640368964894,2.282368275525942e-05
0.2422,89.99876878050394,90.0,0.025766133953438797,-0.0015941754060514468,1.8012246545185095e-05,2.7958805466601094e-06,11.999999999991632,0.0002736844227728249,3.057634444398705e-05,6.973557649717919e-10,6.973557649717919e-10,0.17177422635625866,2.2807035231084645e-05
0.2424,89.99877393190816,90.0,0.02574792954472552,-0.0017126116003210316,1.7720001978665034e-05,2.784182623647647e-06,11.999999999991774,0.0002734703529105728,3.0080250272425217e-05,6.85504721470343e-10,6.85504721470343e-10,0.17165286363150348,2.2789196075896687e-05
0.2426,89.99877907953598,90.0,0.025728370448793385,-0.001829050836719297,1.7431283022387603e-05,2.7724932762253767e-06,11.999999999991914,0.0002732422250478819,2.959014093306538e-05,6.737729956697201e-10,6.737729956697201e-10,0.17152246965862258,2.2770185420672167e-05
0.24280000000000002,89.99878422311869,90.0,0.025707479505169203,-0.0019435175026208812,1.714605193245244e-05,2.760813114490134e-06,11.999999999992054,0.00027300027780460877,2.910595235447174e-05,6.621610898786461e-10,6.621610898786461e-10,0.171383196701128,2.2750023150399126e-05
0.24300000000000002,89.9987893623922,90.0,0.025685279274464873,-0.002056035723504172,1.6864271341907988e-05,2.74914273816728e-06,11.999999999992191,0.00027274474688037813,2.8627621105090725e-05,6.506694393417017e-10,6.506694393417017e-10,0.17123519516309912,2.272872890671297e-05
0.2432,89.9987944970969,90.0,0.025661792041372356,-0.0021666293642909062,1.658590426014661e-05,2.7374827368418242e-06,11.99999999999233,0.00027247586508619565,2.815508439222419e-05,6.392984146959195e-10,6.392984146959195e-10,0.17107861360914906,2.2706322090530817e-05
0.2434,89.99879962697756,90.0,0.025637039817643724,-0.002275322032796512,1.631091406735254e-05,2.7258336900162e-06,11.999999999992465,0.000272193862375535,2.7688280052604628e-05,6.280483241715557e-10,6.280483241715557e-10,0.1709135987842915,2.2682821864642162e-05
0.2436,89.99880475178338,90.0,0.025611044345031645,-0.0023821370820595396,1.6039264511536948e-05,2.714196167254719e-06,11.999999999992596,0.00027189896587520096,2.7227146547362108e-05,6.169194158304061e-10,6.169194158304061e-10,0.17074029563354431,2.2658247156280728e-05
0.24380000000000002,89.99880987126787,90.0,0.025583827098203085,-0.002487097612633479,1.5770919705638344e-05,2.702570728328015e-06,11.999999999992728,0.00027159139991591105,2.677162295710213e-05,6.05911879745393e-10,6.05911879745393e-10,0.1705588473213539,2.263261665967297e-05
0.24400000000000002,89.99881498518876,90.0,0.02555540928762703,-0.002590226475553098,1.550584412302418e-05,2.690957923299719e-06,11.999999999992859,0.00027127138606248733,2.6321648974269446e-05,5.950258500587141e-10,5.950258500587141e-10,0.1703693952508469,2.2605948838554064e-05
0.2442,89.99882009330807,90.0,0.025525811862428065,-0.0026915462745422942,1.5244002594736786e-05,2.6793582926709043e-06,11.999999999992989,0.0002709391431438134,2.5877164898472945e-05,5.842614070489601e-10,5.842614070489601e-10,0.17017207908285378,2.257826192866431e-05
0.2444,89.99882519539192,90.0,0.02549505551321477,-0.0027910793688975884,1.4985360305138616e-05,2.66777236746676e-06,11.999999999993117,0.00027059488728240963,2.5438111629093335e-05,5.736185790796512e-10,5.736185790796512e-10,0.16996703675476516,2.254957394021374e-05
0.2446,89.99883029121058,90.0,0.025463160674875286,-0.002888847875615046,1.4729882789298445e-05,2.656200669381037e-06,11.999999999993243,0.00027023883192378817,2.500443066084613e-05,5.630973445591848e-10,5.630973445591848e-10,0.16975440449916857,2.2519902660328363e-05
0.24480000000000002,89.9988353805384,90.0,0.025430147529348406,-0.0029848736718383825,1.4477535929606102e-05,2.644643710891611e-06,11.999999999993367,0.0002698711878654928,2.4576064078035053e-05,5.526976338167877e-10,5.526976338167877e-10,0.1695343168623227,2.2489265655470164e-05
0.24500000000000002,89.99884046315367,90.0,0.025396036008366686,-0.003079178397267977,1.4228285952454974e-05,2.633101995376038e-06,11.999999999993491,0.00026949216328584836,2.4152954548920486e-05,5.424193309280737e-10,5.424193309280737e-10,0.16930690672244456,2.2457680273832876e-05
0.2452,89.9988455388387,90.0,0.025360845796171975,-0.0031717834568866714,1.3982099424160622e-05,2.6215760171982283e-06,11.999999999993612,0.0002691019637723618,2.3735045318791182e-05,5.322622754596758e-10,5.322622754596758e-10,0.1690723053078132,2.2425163647708753e-05
0.2454,89.9988506073797,90.0,0.025324596332199887,-0.003262710022931617,1.373894324861584e-05,2.610066261852893e-06,11.999999999993733,0.0002687007923499234,2.3322280205983682e-05,5.222262642298353e-10,5.222262642298353e-10,0.1688306422146659,2.2391732695838642e-05
0.2456,89.99885566856673,90.0,0.02528730681374155,-0.0033519790375449864,1.3498784663339443e-05,2.5985732060522145e-06,11.999999999993852,0.00026828884950864907,2.2914603595174982e-05,5.123110529582832e-10,5.123110529582832e-10,0.16858204542494365,2.235740412573221e-05
0.24580000000000002,89.99886072219368,90.0,0.025248996198575277,-0.00343961121502738,1.3261591236428538e-05,2.587097317841407e-06,11.999999999993971,0.00026786633323147167,2.251196043220894e-05,5.025163579025679e-10,5.025163579025679e-10,0.16832664132383518,2.232219443596719e-05
0.24600000000000002,89.99886576805824,90.0,0.02520968320757221,-0.003525627044410195,1.3027330862743147e-05,2.575639056685385e-06,11.999999999994085,0.00026743343902140026,2.2114296217619544e-05,4.928418574182378e-10,4.928418574182378e-10,0.16806455471714807,2.2286119918461008e-05
0.2462,89.99887080596173,90.0,0.02516938632727273,-0.003610046790566049,1.2795971763483923e-05,2.5641988736709924e-06,11.999999999994202,0.00026699035992872153,2.172155700591407e-05,4.832871936020036e-10,4.832871936020036e-10,0.1677959088484849,2.2249196660737543e-05
0.2464,89.99887583570921,90.0,0.025128123812450137,-0.003692890498143614,1.2567482479156156e-05,2.552777211478115e-06,11.999999999994314,0.00026653728657757673,2.133368939362928e-05,4.738519736391226e-10,4.738519736391226e-10,0.16752082541633426,2.221144054814192e-05
0.2466,89.9988808571094,90.0,0.025085913688629134,-0.003774177992952516,1.2341831868456971e-05,2.5413745045530157e-06,11.999999999994426,0.0002660744071925006,2.0950640517442394e-05,4.6453577133202156e-10,4.6453577133202156e-10,0.16723942459086089,2.2172867266052018e-05
0.24680000000000002,89.9988858699745,90.0,0.025042773754588892,-0.003853928883681857,1.211898910636954e-05,2.529991179252789e-06,11.999999999994536,0.00026560190762473705,2.0572358050935952e-05,4.553381285558495e-10,4.553381285558495e-10,0.1669518250305926,2.21334923020715e-05
0.24700000000000003,89.99889087412035,90.0,0.02499872158484584,-0.0039321625653668535,1.1898923678153392e-05,2.5186276538453556e-06,11.999999999994646,0.0002651199713780376,2.0198790194396192e-05,4.462585565176412e-10,4.462585565176412e-10,0.16665814389897227,2.2093330948179658e-05
0.2472,89.99889586936624,90.0,0.024953774532097565,-0.00400889822066957,1.1681605378412198e-05,2.5072843386828067e-06,11.999999999994753,0.0002646287796344246,1.9829885673230586e-05,4.372965371666221e-10,4.372965371666221e-10,0.16635849688065046,2.205239830287836e-05
0.2474,89.99890085553487,90.0,0.024907949729651303,-0.004084154821848596,1.1467004308537924e-05,2.4959616363169607e-06,11.99999999999486,0.0002641285112796709,1.9465593733629194e-05,4.2845152450338105e-10,4.2845152450338105e-10,0.16605299819767536,2.201070927331534e-05
0.24760000000000001,89.99890583245241,90.0,0.024861264093830573,-0.004157951133408832,1.1255090872546551e-05,2.484659941557143e-06,11.999999999994962,0.00026361934292843027,1.910586413549569e-05,4.1972294579011244e-10,4.1972294579011244e-10,0.1657417606255371,2.196827857737841e-05
0.24780000000000002,89.99891079994836,90.0,0.024813734326350978,-0.0042303057143529416,1.1045835773819018e-05,2.473379641556858e-06,11.999999999995065,0.00026310144894910805,1.8750647146915003e-05,4.111102027574021e-10,4.111102027574021e-10,0.16542489550900655,2.192512074576802e-05
0.248,89.99891575785554,90.0,0.0247653769166707,-0.004301236920042098,1.0839210012734236e-05,2.4621211159293456e-06,11.999999999995168,0.0002625750014885307,1.839989354013528e-05,4.026126728076477e-10,4.026126728076477e-10,0.16510251277780463,2.1881250124053034e-05
0.2482,89.99892070601005,90.0,0.024716208144319202,-0.004370762903671201,1.0635184885184999e-05,2.450884736892034e-06,11.999999999995268,0.0002620401704964506,1.8053554589048613e-05,3.9422971021526186e-10,3.9422971021526186e-10,0.16477472096212803,2.183668087471283e-05
0.2484,89.99892564425123,90.0,0.024666244081209657,-0.0044389016194975525,1.0433731976980876e-05,2.4396708692665352e-06,11.999999999995367,0.0002614971237495741,1.771158205968976e-05,3.859606471387682e-10,3.859606471387682e-10,0.16444162720806435,2.1791426979139588e-05
0.24860000000000002,89.99893057242161,90.0,0.024615500593913927,-0.004505670824241054,1.0234823162494206e-05,2.4284798706230996e-06,11.999999999995467,0.0002609460268755076,1.7373928207937698e-05,3.778047947569469e-10,3.778047947569469e-10,0.16410333729275953,2.1745502239633846e-05
0.24880000000000002,89.99893549036689,90.0,0.024563993345921818,-0.004571088078817558,1.003843060251392e-05,2.4173120913961718e-06,11.999999999995563,0.00026038704337647933,1.70405457758724e-05,3.697614443418841e-10,3.697614443418841e-10,0.1637599556394788,2.16989202813813e-05
0.249,89.99894039793583,90.0,0.02451173779988052,-0.0046351707503999515,9.84452674131653e-06,2.4061678749710628e-06,11.999999999995659,0.00025982033465279367,1.6711387986802753e-05,3.618298682704448e-10,3.618298682704448e-10,0.1634115853325368,2.1651694554407304e-05
0.2492,89.99894529498032,90.0,0.02445874921981028,-0.0046979360151565225,9.65308430213362e-06,2.395047557712837e-06,11.999999999995751,0.0002592460600259145,1.6386408537572507e-05,3.54009320945182e-10,3.54009320945182e-10,0.1630583281320685,2.1603838335500523e-05
0.2494,89.99895018135526,90.0,0.024405042673288916,-0.0047594008595247955,9.464076286016925e-06,2.3839514691107652e-06,11.999999999995843,0.00025866437676147274,1.606556159663367e-05,3.4629903980981163e-10,3.4629903980981163e-10,0.16270028448859278,2.1555364730130195e-05
0.24960000000000002,89.99895505691852,90.0,0.024350633033621696,-0.004819582082175387,9.27747596907789e-06,2.372879931864992e-06,11.999999999995936,0.0002580754400919966,1.574880179936062e-05,3.386982462744164e-10,3.386982462744164e-10,0.16233755355747798,2.1506286674340337e-05
0.24980000000000002,89.99895992153098,90.0,0.024295534981988914,-0.004878496295944813,9.093256899781007e-06,2.361833261973205e-06,11.999999999996025,0.0002574794032394118,1.5436084243455415e-05,3.3120614661329205e-10,3.3120614661329205e-10,0.16197023321325943,2.145661693662476e-05
0.25,89.9989647750564,90.0,0.024239763009570994,-0.004936159930092138,8.9113928954611e-06,2.3508117687884173e-06,11.999999999996113,0.00025687641743724597,1.5127364483035819e-05,3.238219328059113e-10,3.238219328059113e-10,0.16159842006380665,2.140636811977743e-05
0.25020000000000003,89.99896961736142,90.0,0.024183331419648273,-0.004992589232165015,8.731858039732419e-06,2.3398157551056344e-06,11.999999999996202,0.00025626663195263145,1.4822598524237133e-05,3.165447833827915e-10,3.165447833827915e-10,0.1612222094643218,2.1355552662726047e-05
0.2504,89.99897444831555,90.0,0.024126254329678864,-0.005047800269124561,8.554626681611977e-06,2.328845517306304e-06,11.999999999996287,0.00025565019410820364,1.4521742823724037e-05,3.09373864306301e-10,3.09373864306301e-10,0.16084169553119243,2.1304182842356894e-05
0.2506,89.99897926779104,90.0,0.02406854567336442,-0.00510180892951919,8.379673432180382e-06,2.3179013454160986e-06,11.999999999996373,0.00025502724930368914,1.4224754283022257e-05,3.0230832973509445e-10,3.0230832973509445e-10,0.16045697115576282,2.1252270775313852e-05
0.2508,89.998984075663,90.0,0.024010219202690204,-0.005154630926333052,8.206973159643851e-06,2.306983523104912e-06,11.999999999996454,0.0002543979410371034,1.393159024013617e-05,2.953473227053578e-10,2.953473227053578e-10,0.16006812801793469,2.119982841976488e-05
0.251,89.99898887180922,90.0,0.023951288489933227,-0.005206281797303072,8.03650099028732e-06,2.2960923278890904e-06,11.999999999996538,0.0002537624109260477,1.3642208471166749e-05,2.88489976000002e-10,2.88489976000002e-10,0.15967525659955487,2.114686757717674e-05
0.25120000000000003,89.99899365611016,90.0,0.02389176692966631,-0.005256776907361808,7.86823230445427e-06,2.285228031160322e-06,11.999999999996618,0.000253120798728594,1.3356567183487187e-05,2.8173541281311313e-10,2.8173541281311313e-10,0.1592784461977754,2.1093399894055447e-05
0.2514,89.998998428449,90.0,0.0238316677407345,-0.005306131450686577,7.702142733423712e-06,2.2743908982434165e-06,11.9999999999967,0.0002524732423639455,1.3074625010441487e-05,2.750827474233171e-10,2.750827474233171e-10,0.15887778493823,2.103943686366791e-05
0.2516,89.99900318871151,90.0,0.02377100396820801,-0.005354360451649887,7.538208158835962e-06,2.2635811885407558e-06,11.999999999996778,0.0002518198779330358,1.279634101036969e-05,2.6853108593513836e-10,2.6853108593513836e-10,0.1584733597880534,2.0984989827758617e-05
0.2518,89.99900793678606,90.0,0.023709788485324228,-0.005401478767886235,7.376404707161411e-06,2.2527991555034013e-06,11.999999999996856,0.00025116083973864684,1.2521674657218447e-05,2.6207952682016187e-10,2.6207952682016187e-10,0.1580652565688282,2.0930069978226055e-05
0.252,89.9990126725636,90.0,0.023648033995394526,-0.0054475010904676754,7.216708750898904e-06,2.2420450468333267e-06,11.99999999999693,0.00025049626030565286,1.2250585842575302e-05,2.557271616766061e-10,2.557271616766061e-10,0.15765355996929686,2.0874688358809745e-05
0.25220000000000004,89.99901739593754,90.0,0.023585753033709307,-0.00549244194656371,7.059096903964604e-06,2.2313191044834157e-06,11.999999999997005,0.00024982627040081494,1.198303486784115e-05,2.4947307575970203e-10,2.4947307575970203e-10,0.15723835355806207,2.0818855866739774e-05
0.2524,89.99902210680385,90.0,0.023522957969412527,-0.005536315700992833,6.903546019646314e-06,2.220621564744131e-06,11.99999999999708,0.0002491509990524439,1.1718982440757634e-05,2.433163485827936e-10,2.433163485827936e-10,0.1568197197960835,2.076258325437538e-05
0.2526,89.99902680506094,90.0,0.02345966100735844,-0.005579136557749234,6.750033188600832e-06,2.209952658330188e-06,11.999999999997154,0.00024847057356987767,1.1458389672007587e-05,2.372560544992969e-10,2.372560544992969e-10,0.1563977400490563,2.070588113082805e-05
0.2528,89.99903149060961,90.0,0.023395874189950882,-0.005620918561860325,6.598535736063143e-06,2.1993126104383294e-06,11.999999999997225,0.00024778511956271556,1.120121807047756e-05,2.3129126323683121e-10,2.3129126323683121e-10,0.15597249459967255,2.0648759963564405e-05
0.253,89.9990361633531,90.0,0.023331609398961367,-0.005661675600504262,6.449031220767818e-06,2.1887016408628885e-06,11.999999999997296,0.0002470947609599564,1.0947429541426854e-05,2.2542104047212025e-10,2.2542104047212025e-10,0.15554406265974244,2.0591230080001007e-05
0.25320000000000004,89.99904082319698,90.0,0.023266878357334278,-0.005701421405530427,6.30149743057954e-06,2.1781199639957877e-06,11.999999999997364,0.00024639962002875556,1.0696986379070208e-05,2.1964444827135436e-10,2.1964444827135436e-10,0.15511252238222853,2.0533301669067474e-05
0.2534,89.99904547004917,90.0,0.023201692630963566,-0.0057401695541638015,6.155912382345437e-06,2.1675677889709876e-06,11.999999999997431,0.0002456998173931937,1.0449851266327132e-05,2.1396054566026335e-10,2.1396054566026335e-10,0.15467795087309044,2.0474984782770525e-05
0.2536,89.99905010381984,90.0,0.02313606363046092,-0.005777933470763316,6.012254319276163e-06,2.1570453197222684e-06,11.999999999997499,0.00024499547205277314,1.0205987270376205e-05,2.083683890892444e-10,2.083683890892444e-10,0.15424042420307282,2.041628933773535e-05
0.2538,89.9990547244215,90.0,0.023070002612904164,-0.0058147264292629786,5.870501706714032e-06,2.146552754983229e-06,11.999999999997566,0.0002442867014005841,9.965357835471353e-06,2.028670328253546e-10,2.028670328253546e-10,0.1538000174193611,2.0357225116719474e-05
0.254,89.99905933176883,90.0,0.02300352068355755,-0.005850561553797595,5.73063323212166e-06,2.136090288431735e-06,11.99999999999763,0.00024357362124148858,9.727926782922573e-06,1.9745552947408195e-10,1.9745552947408195e-10,0.15335680455705034,2.0297801770128058e-05
0.25420000000000004,89.99906392577877,90.0,0.022936628797585092,-0.005885451820384434,5.59262780259601e-06,2.1256581087477013e-06,11.999999999997694,0.00024285634581004554,9.493658306875944e-06,1.9213293039812656e-10,1.9213293039812656e-10,0.15291085865056728,2.0238028817507684e-05
0.2544,89.99906850637039,90.0,0.022869337761744407,-0.00591941005857774,5.456464542429533e-06,2.1152563996708694e-06,11.999999999997758,0.00024213498778823442,9.262516970173591e-06,1.868982861218096e-10,1.868982861218096e-10,0.1524622517449627,2.0177915649023305e-05
0.2546,89.99907307346493,90.0,0.022801658236062054,-0.0059524489530974264,5.322122790716049e-06,2.10488534005859e-06,11.999999999997819,0.00024140965832298658,9.034467700289591e-06,1.8175064672144707e-10,1.8175064672144707e-10,0.15201105490708036,2.0117471526919206e-05
0.2548,89.99907762698575,90.0,0.02273360073548961,-0.005984581045075543,5.189582099833935e-06,2.094545103972489e-06,11.999999999997879,0.00024068046704357732,8.809475786755138e-06,1.7668906223047392e-10,1.7668906223047392e-10,0.1515573382365974,2.005670558696832e-05
0.255,89.99908216685829,90.0,0.022665175631546106,-0.006015818733994337,5.058822232300991e-06,2.08423586070736e-06,11.99999999999794,0.0002399475220787542,8.587506875819586e-06,1.717125829739606e-10,1.717125829739606e-10,0.15110117087697406,1.999562683989962e-05
0.25520000000000004,89.99908669301004,90.0,0.022596393153937966,-0.006046174278882224,4.929823159345198e-06,2.0739577748778348e-06,11.999999999997998,0.00023921093007375343,8.368526968024257e-06,1.6682025994739203e-10,1.6682025994739203e-10,0.15064262102625312,1.993424417281611e-05
0.2554,89.99909120537056,90.0,0.022527263392165257,-0.00607565979949079,4.802565059508298e-06,2.0637110065050495e-06,11.999999999998057,0.00023847079620717502,8.152502415831988e-06,1.6201114518205723e-10,1.6201114518205723e-10,0.15018175594776836,1.9872566350601137e-05
0.2556,89.99909570387136,90.0,0.022457796297114828,-0.006104287277808658,4.67702831645076e-06,2.0534957110744272e-06,11.999999999998114,0.00023772722420765984,7.939399919900982e-06,1.5728429206940616e-10,1.5728429206940616e-10,0.1497186419807655,1.98106020173081e-05
0.2558,89.99910018844598,90.0,0.0223880016826356,-0.006132068560260995,4.553193515138742e-06,2.043312039535678e-06,11.999999999998169,0.0002369803163702577,7.729186522612063e-06,1.5263875561780152e-10,1.5263875561780152e-10,0.14925334455090397,1.974835969752449e-05
0.256,89.99910465902988,90.0,0.022317889227089015,-0.006159015358098041,4.431041442243938e-06,2.0331601384472473e-06,11.999999999998224,0.000236230173572846,7.5218296087474265e-06,1.4807359283833666e-10,1.4807359283833666e-10,0.14878592818059344,1.968584779774008e-05
0.25620000000000004,89.99910911556044,90.0,0.022247468474895216,-0.0061851392495539115,4.3105530824011325e-06,2.023040149976316e-06,11.999999999998277,0.0002354768952921949,7.317296899137726e-06,1.43587862978367e-10,1.43587862978367e-10,0.14831645649930145,1.9623074607685727e-05
0.2564,89.99911355797695,90.0,0.022176748838054025,-0.006210451680549255,4.19170961784878e-06,2.0129522120143597e-06,11.99999999999833,0.0002347205796200184,7.115556450051943e-06,1.3918062785628208e-10,1.3918062785628208e-10,0.1478449922536935,1.9560048301670923e-05
0.2566,89.99911798622055,90.0,0.022105739597658474,-0.006234963966449264,4.074492425596041e-06,2.0028964582060403e-06,11.999999999998382,0.00023396132327876233,6.916576648388342e-06,1.3485095210134512e-10,1.3485095210134512e-10,0.14737159731772315,1.949677693989949e-05
0.25680000000000003,89.99912240023424,90.0,0.022034449905387766,-0.00625868729379294,3.9588830746396426e-06,1.992873017978095e-06,11.999999999998433,0.00023319922163717854,6.720326206950011e-06,1.305979033840733e-10,1.305979033840733e-10,0.14689633270258512,1.9433268469767415e-05
0.257,89.99912679996285,90.0,0.02196288878498061,-0.0062816327209291875,3.8448633257198654e-06,1.9828820166548946e-06,11.999999999998483,0.0002324343687258807,6.526774164030637e-06,1.2642055271942004e-10,1.2642055271942004e-10,0.1464192585665374,1.9369530727159174e-05
0.25720000000000004,89.99913118535297,90.0,0.021891065133701364,-0.006303811179708679,3.732415128602233e-06,1.9729235754873348e-06,11.999999999998533,0.00023166685725263983,6.335889878800088e-06,1.2231797467671708e-10,1.2231797467671708e-10,0.14594043422467579,1.9305571437722345e-05
0.2574,89.99913555635295,90.0,0.021818987723786803,-0.006325233476438083,3.6215206210673172e-06,1.9629978117395062e-06,11.99999999999858,0.00023089677861760197,6.147643029589583e-06,1.182892476352798e-10,1.182892476352798e-10,0.14545991815857867,1.9241398218135775e-05
0.2576,89.99913991291295,90.0,0.02174666520388187,-0.006345910294240059,3.512162124604827e-06,1.953104838659803e-06,11.999999999998629,0.00023012422292814546,5.9620036065822695e-06,1.1433345392164185e-10,1.1433345392164185e-10,0.14497776802587917,1.9177018577347647e-05
0.25780000000000003,89.99914425498476,90.0,0.021674106100448644,-0.00636585219288887,3.404322145986651e-06,1.943244765654264e-06,11.999999999998675,0.00022934927901388998,5.7789419144835136e-06,1.1044968012917411e-10,1.1044968012917411e-10,0.14449404066965763,1.9112439917826277e-05
0.258,89.99914858252193,90.0,0.02160131881917683,-0.006385069611135115,3.297983373022061e-06,1.9334176982576806e-06,11.999999999998721,0.0002285720344412915,5.598428565315228e-06,1.0663701723737324e-10,1.0663701723737324e-10,0.14400879212784554,1.904766953677632e-05
0.2582,89.99915289547963,90.0,0.02152831164636795,-0.006403572867572586,3.1931286736989963e-06,1.9236237382202692e-06,11.999999999998765,0.00022779257552820942,5.420434476958174e-06,1.0289456083236101e-10,1.0289456083236101e-10,0.14352207764245298,1.898271462735274e-05
0.2584,89.99915719381472,90.0,0.021455092750309754,-0.006421372162202045,3.0897410936877875e-06,1.9138629835365595e-06,11.99999999999881,0.00022701098735824945,5.244930868914455e-06,9.922141126484581e-11,9.922141126484581e-11,0.1430339516687317,1.8917582279855997e-05
0.2586,89.99916147748564,90.0,0.021381670182632324,-0.006438477576903605,2.9878038563809662e-06,1.9041355285609523e-06,11.999999999998852,0.0002262273537951006,5.071889262375097e-06,9.561667388075105e-11,9.561667388075105e-11,0.1425444678842155,1.885227948292685e-05
0.25880000000000003,89.99916574645249,90.0,0.021308051879658983,-0.006454899078033517,2.8873003579621847e-06,1.8944414639499438e-06,11.999999999998895,0.0002254417574964492,4.901281471849389e-06,9.20794590832176e-11,9.20794590832176e-11,0.14205367919772655,1.878681312470583e-05
0.259,89.99917000067686,90.0,0.021234245663727714,-0.006470646515782302,2.7882141700216758e-06,1.8847808768643525e-06,11.999999999998938,0.0002246542799281401,4.733079609604697e-06,8.86088826282e-11,8.86088826282e-11,0.14156163775818476,1.8721189994013333e-05
0.2592,89.99917424012196,90.0,0.021160259244519482,-0.006485729627095264,2.690529033849268e-06,1.8751538508826483e-06,11.999999999998977,0.00022386500137779446,4.567256075978696e-06,8.520406564514983e-11,8.520406564514983e-11,0.1410683949634632,1.865541678148446e-05
0.2594,89.99917846475252,90.0,0.021086100220353666,-0.006500158036415432,2.5942288597904963e-06,1.8655604660876253e-06,11.999999999999018,0.00022307400096845483,4.403783558286337e-06,8.186413481217602e-11,8.186413481217602e-11,0.14057400146902443,1.858950008070609e-05
0.2596,89.99918267453474,90.0,0.021011776079474475,-0.006513941255703388,2.4992977282855807e-06,1.8560007992108482e-06,11.999999999999057,0.00022228135667225963,4.242635032583548e-06,7.85882225756668e-11,7.85882225756668e-11,0.1400785071964965,1.8523446389356426e-05
0.25980000000000003,89.99918686943636,90.0,0.020937294201337577,-0.0065270886872995405,2.4057198842634474e-06,1.8464749235459852e-06,11.999999999999094,0.00022148714532362767,4.083783754150914e-06,7.537546715216347e-11,7.537546715216347e-11,0.1395819613422505,1.84572621103037e-05
0.26,89.99919104942656,90.0,0.020862661857863566,-0.006539609623897949,2.3134797382604863e-06,1.8369829090932553e-06,11.999999999999133,0.00022069144263259038,3.927203259392802e-06,7.222501273557259e-11,7.222501273557259e-11,0.1390844123857571,1.8390953552717193e-05
0.2602,89.99919521447593,90.0,0.02078788621469231,-0.006551513250297729,2.222561863384325e-06,1.82752482255943e-06,11.99999999999917,0.00021989432319782527,3.7728673606832685e-06,6.913600956605583e-11,6.913600956605583e-11,0.13858590809794874,1.8324526933153374e-05
0.2604,89.99919936455656,90.0,0.02071297433241663,-0.0065628086447702995,2.1329509931583123e-06,1.8181007273867222e-06,11.999999999999208,0.00021909586051953653,3.6207501427070124e-06,6.610761402022332e-11,6.610761402022332e-11,0.13808649554944422,1.825798837662925e-05
0.2606,89.9992034996419,90.0,0.020637933167800764,-0.00657350477898434,2.0446320227249706e-06,1.808710683897236e-06,11.999999999999243,0.0002182961270124233,3.4708259645022656e-06,6.313898879875424e-11,6.313898879875424e-11,0.13758622111867175,1.819134391770309e-05
0.26080000000000003,89.99920761970672,90.0,0.02056276957499957,-0.006583610520063402,1.957590005064292e-06,1.7993547492640769e-06,11.999999999999277,0.00021749519401828682,3.323069453041237e-06,6.022930295212414e-11,6.022930295212414e-11,0.13708513049999715,1.8124599501524993e-05
0.261,89.99921172472727,90.0,0.020487490306754105,-0.006593134631899946,1.8718101489304322e-06,1.790032977540241e-06,11.99999999999931,0.00021669313181851466,3.177455499727586e-06,5.7377731954164484e-11,5.7377731954164484e-11,0.13658326871169404,1.805776098487726e-05
0.2612,89.99921581468105,90.0,0.02041210201557238,-0.006602085775738207,1.7872778184853037e-06,1.7807454197452861e-06,11.999999999999346,0.00021589000964653462,3.0339592597744357e-06,5.458345782166097e-11,5.458345782166097e-11,0.13608068010381588,1.79908341372122e-05
0.2614,89.99921988954694,90.0,0.020336611254903204,-0.006610472511457883,1.703978531287861e-06,1.7714921238942205e-06,11.999999999999378,0.00021508589570007298,2.8925561487911226e-06,5.1845669177127036e-11,5.1845669177127036e-11,0.13557740836602136,1.7923824641673677e-05
0.2616,89.99922394930506,90.0,0.020261024480295542,-0.0066183032981271435,1.6218979579794595e-06,1.7622731350841725e-06,11.99999999999941,0.00021428085715338618,2.753221842249083e-06,4.916356135754896e-11,4.916356135754896e-11,0.13507349653530362,1.785673809611639e-05
0.26180000000000003,89.99922799393686,90.0,0.020185348050551485,-0.006625586495967697,1.5410219186625816e-06,1.7530884954655014e-06,11.999999999999442,0.00021347496016917928,2.6159322693346295e-06,4.653633641679223e-11,4.653633641679223e-11,0.1345689870036766,1.77895800140991e-05
0.262,89.99923202342504,90.0,0.020109588228856695,-0.006632330366867393,1.4613363826562184e-06,1.7439382443284666e-06,11.999999999999472,0.00021266826991053674,2.4806636125337044e-06,4.3963203225632347e-11,4.3963203225632347e-11,0.1340639215257113,1.772235582587884e-05
0.2622,89.9992360377535,90.0,0.02003375118390509,-0.006638543075240054,1.3828274674346494e-06,1.7348224181610077e-06,11.999999999999503,0.00021186085055273186,2.3473923058304236e-06,4.144337754118272e-11,4.144337754118272e-11,0.13355834122603394,1.7655070879395055e-05
0.2624,89.99924003690747,90.0,0.01995784299101364,-0.006644232689937267,1.3054814350985185e-06,1.7257410506198541e-06,11.999999999999531,0.00021105276529474894,2.2160950287166212e-06,3.897608199721727e-11,3.897608199721727e-11,0.1330522866067576,1.7587730441229765e-05
0.2626,89.99924402087326,90.0,0.019881869633215164,-0.006649407183642618,1.22928469471304e-06,1.7166941727038652e-06,11.999999999999561,0.00021024407637100745,2.086748710161025e-06,3.6560546265517654e-11,3.6560546265517654e-11,0.13254579755476775,1.7520339697584594e-05
0.26280000000000003,89.99924798963846,90.0,0.019805837002358335,-0.006654074435828647,1.1542237963231715e-06,1.7076818126384698e-06,11.99999999999959,0.00020943484506254564,1.9593305184498283e-06,3.419600696315592e-11,3.419600696315592e-11,0.13203891334905554,1.7452903755212734e-05
0.263,89.9992519431918,90.0,0.019729750900173714,-0.006658242232468973,1.0802854325260593e-06,1.698703996020116e-06,11.999999999999616,0.0002086251317084053,1.8338178638559651e-06,3.1881707781349114e-11,3.1881707781349114e-11,0.13153167266782476,1.7385427642367665e-05
0.2632,89.99925588152314,90.0,0.019653617039342944,-0.006661918267175885,1.0074564367136058e-06,1.6897607458451626e-06,11.999999999999645,0.000207814995716803,1.7101883956558126e-06,2.961689950984578e-11,2.961689950984578e-11,0.13102411359561963,1.7317916309734097e-05
0.2634,89.99925980462349,90.0,0.01957744104455527,-0.0066651101423202685,9.357237813456707e-07,1.6808520825387656e-06,11.999999999999671,0.00020700449557616965,1.5884199991978982e-06,2.740084005808914e-11,2.740084005808914e-11,0.13051627363036847,1.7250374631347943e-05
0.2636,89.99926371248498,90.0,0.01950122845355076,-0.0066678253701329265,8.650745762555183e-07,1.6719780239837714e-06,11.999999999999698,0.00020619368886605184,1.4684907930263429e-06,2.5232794473328592e-11,2.5232794473328592e-11,0.13000818969033837,1.7182807405504752e-05
0.26380000000000003,89.99926760510083,90.0,0.019424984718151614,-0.006670071373789312,7.954960669840196e-07,1.6631385855496055e-06,11.999999999999723,0.00020538263226788976,1.3503791260531199e-06,2.3112034955700724e-11,2.3112034955700724e-11,0.12949989812101076,1.7115219355657876e-05
0.264,89.99927148246536,90.0,0.019348715205280365,-0.006671855488120625,7.269756339762765e-07,1.6543337801500512e-06,11.999999999999748,0.00020457138157571971,1.2340635761942968e-06,2.103784089452884e-11,2.103784089452884e-11,0.1289914347018691,1.7047615131310334e-05
0.2642,89.99927534457393,90.0,0.01927242519797038,-0.006673184960314226,6.595007917967389e-07,1.6455636183010312e-06,11.999999999999773,0.0002037599917067974,1.1195229490376743e-06,1.9009498900957516e-11,1.9009498900957516e-11,0.12848283465313587,1.6979999308900106e-05
0.2644,89.99927919142299,90.0,0.019196119896368158,-0.0066740669513131075,5.930591867031215e-07,1.6368281081206065e-06,11.999999999999796,0.00020294851671201256,1.0067362737244347e-06,1.702630278937968e-11,1.702630278937968e-11,0.12797413264245439,1.6912376392668e-05
0.2646,89.99928302300997,90.0,0.01911980441871977,-0.006674508536127395,5.276385967504192e-07,1.6281272554156465e-06,11.999999999999819,0.00020213700978632325,8.956828031257117e-07,1.5087553628405514e-11,1.5087553628405514e-11,0.12746536279146514,1.6844750815527193e-05
0.26480000000000004,89.99928683933334,90.0,0.01904348380235368,-0.006674516705917163,4.632269277508236e-07,1.619461063624049e-06,11.999999999999842,0.00020132552327884514,7.863420069844229e-07,1.3192559669356528e-11,1.3192559669356528e-11,0.1269565586823579,1.6777126939903984e-05
0.265,89.99929064039257,90.0,0.018967163004639586,-0.006674098367199621,3.998122159362e-07,1.6108295339880798e-06,11.999999999999865,0.00020051410870318385,6.786935764349075e-07,1.1340636463451933e-11,1.1340636463451933e-11,0.1264477533642639,1.670950905859884e-05
0.2652,89.99929442618813,90.0,0.01889084690395665,-0.006673260344266827,3.3738262312273895e-07,1.6022326654677023e-06,11.999999999999886,0.00019970281674731104,5.72717415794773e-07,9.531106761204849e-12,9.531106761204849e-12,0.12593897935971096,1.664190139560941e-05
0.2654,89.9992981967214,90.0,0.018814540300633686,-0.0066720093790773455,2.7592643775751623e-07,1.5936704548561386e-06,11.999999999999908,0.00019889169728357978,4.683936443414628e-07,7.763300576659638e-12,7.763300576659638e-12,0.12543026867089124,1.657430810696511e-05
0.2656,89.99930195199478,90.0,0.018738247917890985,-0.006670352132926542,2.1543207180819613e-07,1.5851428967509782e-06,11.999999999999929,0.00019808079937844915,3.6570259103243175e-07,6.036555130539548e-12,6.036555130539548e-12,0.12492165278593989,1.650673328153753e-05
0.26580000000000004,89.99930569201157,90.0,0.018661974402762828,-0.0066682951866688725,1.5588806102172582e-07,1.5766499836408476e-06,11.999999999999947,0.00019727017130225473,2.646247949442877e-07,4.350214885790325e-12,4.350214885790325e-12,0.12441316268508552,1.6439180941854635e-05
0.266,89.99930941677601,90.0,0.01858572432701729,-0.006665845042002138,9.728306269797005e-08,1.5681917059054119e-06,11.999999999999968,0.00019645986053876585,1.651410014934677e-07,2.7036315102199065e-12,2.7036315102199065e-12,0.12390482884678193,1.63716550448972e-05
0.2662,89.99931312629326,90.0,0.018509502188061754,-0.006663008122021308,3.9605855158970476e-08,1.5597680518731526e-06,11.999999999999986,0.00019564991379471787,6.72321615352894e-08,1.0961638840509944e-12,1.0961638840509944e-12,0.12339668125374502,1.6304159482893175e-05
0.2664,89.99931682056929,90.0,0.018433312409841803,-0.006659790771763048,-1.7154662765682727e-08,1.551379007879149e-06,12.000000000000007,0.00019484037700927514,-2.912056950964661e-08,-4.72821895165362e-13,-4.72821895165362e-13,0.12288874939894535,1.6236698084106253e-05
0.2666,89.99932049961106,90.0,0.0183571593437339,-0.00665619925980741,-7.300947473018162e-08,1.5430245582361873e-06,12.000000000000025,0.0001940312953632454,-1.23935836733333e-07,-2.0039525786080205e-12,-2.0039525786080205e-12,0.12238106229155933,1.616927461360375e-05
0.26680000000000004,89.99932416342631,90.0,0.01828104726941988,-0.006652239779143587,-1.2796944815867766e-07,1.5347046852636511e-06,12.000000000000043,0.0001932227132882277,-2.1723208792368124e-07,-3.4978477868233655e-12,-3.4978477868233655e-12,0.12187364846279919,1.6101892774018918e-05
0.267,89.99932781202368,90.0,0.01820498039575157,-0.006647918446600797,-1.8204533218529248e-07,1.5264193694319705e-06,12.00000000000006,0.0001924146744759044,-3.090275700676262e-07,-4.955119941553478e-12,-4.955119941553478e-12,0.12136653597167713,1.6034556206325286e-05
0.2672,89.9993314454126,90.0,0.018128962861621505,-0.006643241305485108,-2.35247763083977e-07,1.5181685892470622e-06,12.000000000000076,0.0001916072218868422,-3.9934033856847953e-07,-6.376374405038071e-12,-6.376374405038071e-12,0.12085975241081004,1.5967268490570083e-05
0.2674,89.99933506360337,90.0,0.0180529987368042,-0.00663821432533299,-2.875872629825457e-07,1.5099523213658902e-06,12.000000000000092,0.00019080039775947987,-4.881882550629635e-07,-7.76220943729326e-12,-7.76220943729326e-12,0.12035332491202802,1.59000331466232e-05
0.2676,89.99933866660706,90.0,0.01797709202279961,-0.006632843402378463,-3.3907424024318274e-07,1.5017705406542449e-06,12.00000000000011,0.0001899942436190154,-5.755889880671313e-07,-9.113216201937341e-12,-9.113216201937341e-12,0.1198472801519974,1.5832853634917805e-05
0.26780000000000004,89.99934225443555,90.0,0.017901246653671436,-0.00662713436143416,-3.897189931527493e-07,1.4936232201289624e-06,12.000000000000124,0.00018918880028599385,-6.615600192407782e-07,-1.042997886311171e-11,-1.042997886311171e-11,0.11934164435780956,1.576573335716599e-05
0.268,89.9993458271015,90.0,0.017825466496864093,-0.006621092955966194,-4.395317094085565e-07,1.4855103310445962e-06,12.00000000000014,0.00018838410788498064,-7.461186425145251e-07,-1.1713074570537497e-11,-1.1713074570537497e-11,0.11883644331242729,1.5698675657081537e-05
0.2682,89.99934938461831,90.0,0.01774975535401864,-0.006614724868878118,-4.885224672627377e-07,1.4774318429223055e-06,12.000000000000156,0.00018758020585310116,-8.292819660324252e-07,-1.2963073491552061e-11,-1.2963073491552061e-11,0.11833170236012426,1.563168382109156e-05
0.2684,89.99935292700019,90.0,0.017674116961779777,-0.006608035713282487,-5.367012366451309e-07,1.4693877235787457e-06,12.00000000000017,0.00018677713294848797,-9.110669140580927e-07,-1.4180538844332886e-11,-1.4180538844332886e-11,0.11782744641186517,1.5564761079040443e-05
0.2686,89.99935645426203,90.0,0.017598554992594106,-0.006601031033615399,-5.840778810954324e-07,1.4613779391260682e-06,12.000000000000185,0.00018597492725857493,-9.914902302545921e-07,-1.5366026954098554e-11,-1.5366026954098554e-11,0.11732369995062737,1.5497910604881007e-05
0.26880000000000004,89.9993599664195,90.0,0.01752307305549547,-0.0065937163060224985,-6.30662158003e-07,1.4534024540297003e-06,12.000000000000199,0.00018517362620838076,-1.0705684780915126e-06,-1.6520087266049128e-11,-1.6520087266049128e-11,0.11682048703663646,1.5431135517364808e-05
0.269,89.99936346348893,90.0,0.017447674696886097,-0.006586096938739142,-6.764637188365536e-07,1.4454612311661252e-06,12.000000000000213,0.00018437326656874897,-1.1483180412348905e-06,-1.76432623601917e-11,-1.76432623601917e-11,0.11631783131257399,1.5364438880728808e-05
0.2692,89.99936694548742,90.0,0.01737236340131318,-0.006578178273885207,-7.214921126849786e-07,1.4375542317651017e-06,12.000000000000224,0.0001835738844642936,-1.2247551295578342e-06,-1.8736088054208052e-11,-1.8736088054208052e-11,0.11581575600875452,1.5297823705357516e-05
0.26940000000000003,89.99937041243271,90.0,0.01729714259222506,-0.006569965587455168,-7.657567855960721e-07,1.4296814154963345e-06,12.000000000000238,0.0001827755153814417,-1.2998957780180238e-06,-1.9799093397449976e-11,-1.9799093397449976e-11,0.11531428394816706,1.5231292948453172e-05
0.2696,89.99937386434321,90.0,0.01722201563272747,-0.006561464089663405,-8.092670807458219e-07,1.4218427405272536e-06,12.000000000000249,0.0001819781941764138,-1.3737558469450681e-06,-2.083280068886235e-11,-2.083280068886235e-11,0.11481343755151646,1.5164849514700836e-05
0.26980000000000004,89.99937730123806,90.0,0.017146985826335958,-0.006552678926705372,-8.520322419208942e-07,1.4140381634652343e-06,12.000000000000263,0.00018118195508291958,-1.4463510279521355e-06,-2.183772558171272e-11,-2.183772558171272e-11,0.11431323884223973,1.5098496256909635e-05
0.27,89.999380723137,90.0,0.017072056417708023,-0.006543615180714016,-8.940614127990221e-07,1.4062676394442673e-06,12.000000000000274,0.00018038683171994955,-1.5176968427143896e-06,-2.2814377080717754e-11,-2.2814377080717754e-11,0.11381370945138683,1.503223597666212e-05
0.2702,89.99938413006042,90.0,0.016997230593375694,-0.006534277870427395,-9.353636378917305e-07,1.3985311221538488e-06,12.000000000000284,0.00017959285709944896,-1.587808644569296e-06,-2.376325758378305e-11,-2.376325758378305e-11,0.11331487062250464,1.4966071424953725e-05
0.27040000000000003,89.99938752202935,90.0,0.01692251148247069,-0.006524671952201175,-9.759478642995568e-07,1.3908285638389798e-06,12.000000000000295,0.00017880006363385254,-1.6567016214961616e-06,-2.4684862945484424e-11,-2.4684862945484424e-11,0.11281674321647127,1.4900005302820679e-05
0.2706,89.99939089906546,90.0,0.01684790215743777,-0.0065148023206493925,-1.0158229426081926e-06,1.3831599153290568e-06,12.000000000000306,0.00017800848314355834,-1.7243907976373643e-06,-2.557968251951084e-11,-2.557968251951084e-11,0.11231934771625181,1.4834040261962818e-05
0.27080000000000004,89.99939426119099,90.0,0.01677340563474092,-0.0065046738089199405,-1.0549976269367106e-06,1.3755251260956504e-06,12.000000000000316,0.00017721814686438877,-1.7908910333802187e-06,-2.6448199180973683e-11,-2.6448199180973683e-11,0.11182270423160613,1.4768178905365342e-05
0.271,89.9993976084288,90.0,0.016699024875566362,-0.00649429119003141,-1.0934805774697695e-06,1.3679241442236169e-06,12.000000000000327,0.0001764290854548337,-1.8562170296554732e-06,-2.7290889412316176e-11,-2.7290889412316176e-11,0.11132683250377573,1.4702423787902407e-05
0.2712,89.99940094080233,90.0,0.016624762786510257,-0.0064836591771227844,-1.1312803604610972e-06,1.360356916468877e-06,12.000000000000338,0.0001756413290033194,-1.9203833279432208e-06,-2.8108223326312928e-11,-2.8108223326312928e-11,0.11083175191006839,1.463677741694287e-05
0.27140000000000003,89.99940425833562,90.0,0.016550622220263444,-0.006472782424054205,-1.1684054490603133e-06,1.352823388287306e-06,12.000000000000348,0.00017485490703538485,-1.983404311676458e-06,-2.890066471097987e-11,-2.890066471097987e-11,0.11033748146842297,1.4571242252948314e-05
0.2716,89.99940756105323,90.0,0.01647660597628957,-0.006461665525998598,-1.2048642241238819e-06,1.3453235038636243e-06,12.000000000000355,0.0001740698485207899,-2.045294207617701e-06,-2.966867107503764e-11,-2.966867107503764e-11,0.10984403984193046,1.4505820710065396e-05
0.2718,89.9994108489803,90.0,0.016402716801496044,-0.006450313020378473,-1.2406649758391178e-06,1.337857206111396e-06,12.000000000000366,0.00017328618188048683,-2.1060670886157867e-06,-3.041269371419762e-11,-3.041269371419762e-11,0.10935144534330696,1.4440515156706795e-05
0.272,89.99941412214254,90.0,0.01632895739089477,-0.006438729387433201,-1.2758159044929279e-06,1.3304244367019204e-06,12.000000000000373,0.00017250393499354714,-2.165736874910835e-06,-3.1133177756894583e-11,-3.1133177756894583e-11,0.10885971593929845,1.4375327916128482e-05
0.2722,89.99941738056614,90.0,0.01625533038825599,-0.006426919050776716,-1.3103251212239707e-06,1.3230251360931207e-06,12.000000000000382,0.0001717231352040176,-2.2243173354110616e-06,-3.183056221045181e-11,-3.183056221045181e-11,0.10836886925503995,1.431026126700101e-05
0.27240000000000003,89.99942062427785,90.0,0.01618183838675597,-0.006414886377591262,-1.3442006479291605e-06,1.3156592435873242e-06,12.00000000000039,0.00017094380932777264,-2.281822087534069e-06,-3.2505279987609276e-11,-3.2505279987609276e-11,0.10787892257837316,1.4245317443980589e-05
0.2726,89.99942385330492,90.0,0.01610848392962242,-0.0064026356802391535,-1.3774504204871414e-06,1.3083266972734832e-06,12.000000000000398,0.00017016598365909814,-2.33826460267879e-06,-3.315775801417278e-11,-3.315775801417278e-11,0.10738989286414947,1.4180498638257708e-05
0.2728,89.99942706767511,90.0,0.0160352695107614,-0.006390171216072282,-1.410082287784029e-06,1.3010274341138432e-06,12.000000000000405,0.00016938968397739,-2.3936582045716545e-06,-3.3788417235188804e-11,-3.3788417235188804e-11,0.10690179673840933,1.4115806998115357e-05
0.273,89.9994302674167,90.0,0.0159621975753865,-0.0063774971883106026,-1.442104013236328e-06,1.2937613899439441e-06,12.000000000000412,0.00016861493555369176,-2.448016071851792e-06,-3.439767268247312e-11,-3.439767268247312e-11,0.10641465050257667,1.4051244629473831e-05
0.2732,89.99943345255839,90.0,0.015889270520637967,-0.006364617746196052,-1.4735232746284035e-06,1.2865284995303996e-06,12.00000000000042,0.00016784176315725065,-2.5013512377951297e-06,-3.4985933502257604e-11,-3.4985933502257604e-11,0.10592847013758647,1.3986813596437066e-05
0.27340000000000003,89.9994366231294,90.0,0.015816490696199982,-0.006351536986209716,-1.5043476664372173e-06,1.2793286965420074e-06,12.000000000000426,0.00016707019106187028,-2.553676594260709e-06,-3.555360304277897e-11,-3.555360304277897e-11,0.10544327130799988,1.3922515921822028e-05
0.2736,89.9994397791594,90.0,0.015743860404904098,-0.006338258952559121,-1.534584700462422e-06,1.2721619135786388e-06,12.000000000000433,0.00016630024305224248,-2.605004892760285e-06,-3.6101078901525046e-11,-3.6101078901525046e-11,0.10495906936602732,1.3858353587686372e-05
0.2738,89.99944292067856,90.0,0.01567138190332721,-0.0063247876376578615,-1.5642418064431401e-06,1.2650280822001293e-06,12.00000000000044,0.00016553194243022195,-2.655348745505331e-06,-3.66287529727612e-11,-3.66287529727612e-11,0.10447587935551472,1.3794328535851322e-05
0.274,89.99944604771741,90.0,0.015599057402383777,-0.006311126982241986,-1.5933263318303747e-06,1.2579271329840577e-06,12.000000000000446,0.00016476531202110309,-2.7047206250206984e-06,-3.713701147595265e-11,-3.713701147595265e-11,0.10399371601589183,1.3730442668424747e-05
0.2742,89.999449160307,90.0,0.015526889067916811,-0.006297280876550418,-1.621845544048056e-06,1.250858995496856e-06,12.000000000000451,0.00016400037417969927,-2.7531328679828113e-06,-3.7626235042966057e-11,-3.7626235042966057e-11,0.10351259378611209,1.3666697848307758e-05
0.27440000000000003,89.99945225847877,90.0,0.015454879021275606,-0.006283253160776354,-1.6498066310608727e-06,1.2438235983227e-06,12.000000000000458,0.00016323715079640734,-2.800597676183581e-06,-3.809679876560247e-11,-3.809679876560247e-11,0.10303252680850403,1.3603095899700092e-05
0.2746,89.99945534226457,90.0,0.01538302933988798,-0.006269047625511011,-1.6772167019288954e-06,1.2368208690923994e-06,12.000000000000462,0.00016247566330321545,-2.8471271174718908e-06,-3.854907224331662e-11,-3.854907224331662e-11,0.10255352893258654,1.3539638608600766e-05
0.2748,89.9994584116967,90.0,0.015311342057827538,-0.006254668011825101,-1.7040827865194365e-06,1.229850734541176e-06,12.000000000000469,0.00016171593267972004,-2.892733125264476e-06,-3.8983419612137325e-11,-3.8983419612137325e-11,0.10207561371885025,1.3476327723309476e-05
0.275,89.9994614668078,90.0,0.015239819166380088,-0.006240118012770268,-1.7304118385392868e-06,1.2229131204508866e-06,12.000000000000473,0.00016095797945888863,-2.937427503693234e-06,-3.940019965011762e-11,-3.940019965011762e-11,0.10159879444253392,1.3413164954906858e-05
0.2752,89.99946450763099,90.0,0.015168462614592898,-0.006225401273435436,-1.7562107352030405e-06,1.2160079517077994e-06,12.000000000000478,0.00016020182373288993,-2.9812219270421987e-06,-3.979976580538515e-11,-3.979976580538515e-11,0.10112308409728597,1.3350151977740296e-05
0.27540000000000003,89.9994675341997,90.0,0.015097274309823008,-0.006210521391357134,-1.7814862777297332e-06,1.2091351523314872e-06,12.000000000000483,0.00015944748515885271,-3.024127940590597e-06,-4.0182466243814296e-11,-4.0182466243814296e-11,0.10064849539882006,1.3287290429903858e-05
0.2756,89.99947054654777,90.0,0.015026256118281388,-0.006195481916923998,-1.8062451918294145e-06,1.2022946455037147e-06,12.000000000000487,0.00015869498296458163,-3.0661569614388215e-06,-4.0548643896853955e-11,-4.0548643896853955e-11,0.10017504078854259,1.32245819137146e-05
0.2758,89.9994735447094,90.0,0.014955409865572027,-0.006180286354484782,-1.8304941298386626e-06,1.1954863535395506e-06,12.00000000000049,0.00015794433595409726,-3.1073202821335326e-06,-4.089863654652157e-11,-4.089863654652157e-11,0.09970273243714685,1.3162027996174234e-05
0.276,89.99947652871917,90.0,0.014884737337218328,-0.006164938162372771,-1.8542396703335176e-06,1.188710197945146e-06,12.000000000000494,0.00015719556251322884,-3.1476290700106014e-06,-4.123277685360729e-11,-4.123277685360729e-11,0.09923158224812219,1.3099630209435198e-05
0.2762,89.999479498612,90.0,0.014814240279189674,-0.006149440753641013,-1.877488319404104e-06,1.1819660994177349e-06,12.000000000000497,0.00015644868061508553,-3.187094369358819e-06,-4.155139242349456e-11,-4.155139242349456e-11,0.09876160186126451,1.3037390051256587e-05
0.27640000000000003,89.99948245442316,90.0,0.014743920398419133,-0.0061337974964299135,-1.9002465110771697e-06,1.175253977874524e-06,12.000000000000501,0.00015570370782549744,-3.225727102137171e-06,-4.1854805852994474e-11,-4.1854805852994474e-11,0.09829280265612755,1.2975308985457578e-05
0.2766,89.99948539618823,90.0,0.014673779363317126,-0.006118011714329179,-1.922520607728898e-06,1.1685737524815835e-06,12.000000000000504,0.0001549606613084147,-3.2635380686755988e-06,-4.2143334777261337e-11,-4.2143334777261337e-11,0.09782519575544751,1.2913388442367349e-05
0.2768,89.99948832394317,90.0,0.01460381880428092,-0.006102086687444445,-1.9443169021486508e-06,1.1619253416249553e-06,12.000000000000508,0.0001542195578311396,-3.300537951178266e-06,-4.2417291952965503e-11,-4.2417291952965503e-11,0.09735879202853948,1.285162981926109e-05
0.277,89.99949123772421,90.0,0.01453404031419217,-0.006086025652026202,-1.9656416162516607e-06,1.1553086629973242e-06,12.000000000000512,0.00015348041376968136,-3.3367373115383137e-06,-4.267698526796773e-11,-4.267698526796773e-11,0.09689360209461448,1.2790034480806234e-05
0.2772,89.99949413756794,90.0,0.014464445448918114,-0.0060698318018801165,-1.9865009039532788e-06,1.1487236335402378e-06,12.000000000000515,0.00015274324511384065,-3.372146596216986e-06,-4.292271784214604e-11,-4.292271784214604e-11,0.09642963632612075,1.2728603759486175e-05
0.27740000000000004,89.9994970235112,90.0,0.014395035727797342,-0.006053508287979476,-2.0069008498530937e-06,1.142170169530776e-06,12.000000000000519,0.00015200806747244194,-3.4067761340098817e-06,-4.3154788036838055e-11,-4.3154788036838055e-11,0.09596690485198228,1.2667338956036281e-05
0.2776,89.99949989559121,90.0,0.014325812634129617,-0.006037058219859667,-2.0268474720817235e-06,1.1356481865237716e-06,12.00000000000052,0.00015127489607829974,-3.4406361408794696e-06,-4.337348955456346e-11,-4.337348955456346e-11,0.09550541756086411,1.2606241339857766e-05
0.2778,89.99950275384542,90.0,0.014256777615649556,-0.006020484664858453,-2.0463467201250655e-06,1.1291575994673686e-06,12.000000000000522,0.00015054374579338698,-3.473736716261686e-06,-4.357911143050261e-11,-4.357911143050261e-11,0.09504518410433038,1.2545312149448368e-05
0.278,89.99950559831159,90.0,0.014187932085009456,-0.006003790650211227,-2.0654044793152923e-06,1.1226983225874651e-06,12.000000000000526,0.00014981463111360553,-3.50608785068954e-06,-4.3771938166910373e-11,-4.3771938166910373e-11,0.09458621390006304,1.2484552592799914e-05
0.2782,89.99950842902774,90.0,0.014119277420237983,-0.005986979161915103,-2.0840265677882787e-06,1.11627026953216e-06,12.000000000000528,0.00014908756617386019,-3.5376994206282516e-06,-4.3952249706343174e-11,-4.3952249706343174e-11,0.09412851613491988,1.2423963847821136e-05
0.27840000000000004,89.99951124603221,90.0,0.014050814965211636,-0.005970053146453012,-2.1022187401164956e-06,1.1098733532850848e-06,12.00000000000053,0.00014836256475277287,-3.5685811946422e-06,-4.412032154713396e-11,-4.412032154713396e-11,0.09367209976807758,1.2363547062730526e-05
0.2786,89.99951404936355,90.0,0.013982546030106846,-0.0059530155100038715,-2.119986685081054e-06,1.1035074862809635e-06,12.000000000000531,0.00014763964027762638,-3.5987428296129014e-06,-4.4276424734642714e-11,-4.4276424734642714e-11,0.09321697353404564,1.2303303356468321e-05
0.2788,89.9995168390606,90.0,0.013914471891860866,-0.005935869120151916,-2.1373360292790143e-06,1.0971725803189421e-06,12.000000000000533,0.0001469188058289689,-3.628193876862525e-06,-4.442082597538296e-11,-4.442082597538296e-11,0.0927631459457391,1.2243233819080198e-05
0.279,89.99951961516244,90.0,0.013846593794612993,-0.005918616805081683,-2.1542723348691046e-06,1.090868546678148e-06,12.000000000000535,0.00014620007414544464,-3.656943778327184e-06,-4.4553787628094414e-11,-4.4553787628094414e-11,0.09231062529741994,1.2183339512119844e-05
0.2792,89.9995223777084,90.0,0.013778912950155488,-0.005901261355273434,-2.170801103154912e-06,1.0845952960310214e-06,12.000000000000536,0.00014548345762829487,-3.685001872639512e-06,-4.467556781652614e-11,-4.467556781652614e-11,0.09185941966770325,1.212362146902403e-05
0.27940000000000004,89.99952512673806,90.0,0.0137114305383647,-0.005883805523394552,-2.1869277739672566e-06,1.0783527385010945e-06,12.000000000000536,0.0001447689683459604,-3.71237739408022e-06,-4.4786420454319525e-11,-4.4786420454319525e-11,0.09140953692243133,1.206408069549616e-05
0.2796,89.9995278622912,90.0,0.013644147707633331,-0.0058662520238373095,-2.2026577242188323e-06,1.0721407837496605e-06,12.00000000000054,0.0001440566180387579,-3.7390794701245615e-06,-4.488659525368925e-11,-4.488659525368925e-11,0.09096098471755555,1.2004718169895952e-05
0.2798,89.99953058440785,90.0,0.013577065575308477,-0.005848603534751553,-2.217996272286744e-06,1.0659593408602155e-06,12.00000000000054,0.00014334641812318544,-3.7651171288818194e-06,-4.497633785328637e-11,-4.497633785328637e-11,0.09051377050205653,1.194553484359825e-05
0.28,89.99953329312828,90.0,0.013510185228105922,-0.005830862697557369,-2.232948676523648e-06,1.0598083184251264e-06,12.00000000000054,0.00014263837969641173,-3.790499296567921e-06,-4.505588982523437e-11,-4.505588982523437e-11,0.09006790152070614,1.188653164136711e-05
0.2802,89.99953598849292,90.0,0.013443507722530374,-0.005813032117176567,-2.24752013544436e-06,1.0536876245745227e-06,12.000000000000542,0.0001419325135407044,-3.815234797822216e-06,-4.512548871690365e-11,-4.512548871690365e-11,0.08962338481686917,1.1827709461724832e-05
0.28040000000000004,89.99953867054248,90.0,0.01337703408529273,-0.005795114362970557,-2.261715789566424e-06,1.0475971669474051e-06,12.000000000000544,0.0001412288301277041,-3.839332358831893e-06,-4.5185368125770185e-11,-4.5185368125770185e-11,0.08918022723528488,1.1769069177308142e-05
0.2806,89.99954133931782,90.0,0.013310765313716966,-0.005777111968953214,-2.275540721564452e-06,1.0415368527205362e-06,12.000000000000544,0.00014052733962271387,-3.8628006075939775e-06,-4.523575773984664e-11,-4.523575773984664e-11,0.08873843542477979,1.1710611635225626e-05
0.2808,89.99954399485999,90.0,0.013244702376144212,-0.005759027433999794,-2.2889999564176117e-06,1.0355065886373299e-06,12.000000000000544,0.00013982805188895954,-3.885648074165699e-06,-4.5276883378054376e-11,-4.5276883378054376e-11,0.08829801584096142,1.1652337657412767e-05
0.281,89.99954663721026,90.0,0.013178846212334724,-0.005740863222408191,-2.3020984623826184e-06,1.0295062810078516e-06,12.000000000000544,0.00013913097649176617,-3.907883192316174e-06,-4.530896704689042e-11,-4.530896704689042e-11,0.08785897474889817,1.1594248040979989e-05
0.2812,89.99954926641009,90.0,0.013113197733863347,-0.005722621764451118,-2.3148411519509827e-06,1.0235358357088189e-06,12.000000000000544,0.0001384361227026676,-3.92951430115136e-06,-4.5332226996337683e-11,-4.5332226996337683e-11,0.08742131822575566,1.1536343558555112e-05
0.28140000000000004,89.9995518825011,90.0,0.013047757824508694,-0.00570430545656422,-2.3272328819604435e-06,1.01759515821249e-06,12.000000000000544,0.00013774349950351162,-3.950549645303223e-06,-4.534687775886648e-11,-4.534687775886648e-11,0.08698505216339131,1.1478624958625448e-05
0.2816,89.99955448552508,90.0,0.012982527340640123,-0.0056859166618864095,-2.339278454531672e-06,1.0116841535866656e-06,12.000000000000544,0.00013705311559048108,-3.970997376519814e-06,-4.5353130204470214e-11,-4.5353130204470214e-11,0.08655018227093415,1.1421092965872906e-05
0.2818,89.99955707552402,90.0,0.012917507111598536,-0.005667457710081004,-2.350982616328866e-06,1.0058027265524661e-06,12.000000000000544,0.00013636497937817362,-3.990865552410113e-06,-4.5351191562953657e-11,-4.5351191562953657e-11,0.08611671407732359,1.1363748281513954e-05
0.28200000000000003,89.99955965254003,90.0,0.012852697940079197,-0.005648930898580793,-2.3623500611475045e-06,9.999507814265546e-07,12.000000000000544,0.00013567909900345646,-4.010162140836814e-06,-4.534126551054053e-11,-4.534126551054053e-11,0.0856846529338613,1.1306591583620859e-05
0.2822,89.9995622166154,90.0,0.012788100602500402,-0.0056303384923922575,-2.3733854291456045e-06,9.941282221789154e-07,12.000000000000544,0.00013499548232942028,-4.028895018611366e-06,-4.532355219100129e-11,-4.532355219100129e-11,0.08525400401666934,1.124962352745118e-05
0.28240000000000004,89.99956476779258,90.0,0.012723715849374307,-0.005611682724258064,-2.384093306910739e-06,9.883349524617432e-07,12.000000000000544,0.00013431413694929388,-4.047071971607737e-06,-4.5298248253178806e-11,-4.5298248253178806e-11,0.08482477232916204,1.1192844745773983e-05
0.2826,89.99956730611414,90.0,0.012659544405676019,-0.005592965796238233,-2.3944782308451505e-06,9.825708755227748e-07,12.000000000000544,0.00013363507019009476,-4.064700700508744e-06,-4.5265546951182395e-11,-4.5265546951182395e-11,0.08439696270450679,1.113625584917406e-05
0.2828,89.99956983162284,90.0,0.012595586971194386,-0.00557418987842357,-2.404544683861983e-06,9.768358943497375e-07,12.000000000000544,0.00013295828911658166,-4.081788815197811e-06,-4.522563811698961e-11,-4.522563811698961e-11,0.08397057980796258,1.1079857426381303e-05
0.28300000000000003,89.99957234436152,90.0,0.012531844220897717,-0.005555357110512138,-2.4142970987622765e-06,9.711299115836803e-07,12.000000000000544,0.00013228380053487019,-4.09834384049152e-06,-4.517870825990579e-11,-4.517870825990579e-11,0.08354562813931811,1.1023650044572016e-05
0.2832,89.99957484437323,90.0,0.012468316805281302,-0.005536469601939195,-2.423739858245529e-06,9.654528295478626e-07,12.000000000000542,0.00013161161099610534,-4.114373216157535e-06,-4.5124940601474654e-11,-4.5124940601474654e-11,0.08312211203520868,1.096763424967495e-05
0.28340000000000004,89.99957733170106,90.0,0.01240500535071367,-0.005517529431294861,-2.4328772932561493e-06,9.598045503344256e-07,12.00000000000054,0.000130941726800244,-4.129884294107661e-06,-4.506451507963663e-11,-4.506451507963663e-11,0.08270003567142446,1.0911810566686507e-05
0.2836,89.99957980638827,90.0,0.01234191045978928,-0.005498538647882377,-2.4417136863288556e-06,9.54184975717721e-07,12.00000000000054,0.00013027415399953496,-4.144884344076761e-06,-4.499760844587443e-11,-4.499760844587443e-11,0.08227940306526188,1.0856179499960759e-05
0.2838,89.99958226847824,90.0,0.012279032711663397,-0.005479499271475134,-2.4502532707381106e-06,9.485940072120914e-07,12.00000000000054,0.00012960889840212174,-4.159380552178892e-06,-4.492439428359089e-11,-4.492439428359089e-11,0.08186021807775598,1.0800741533509658e-05
0.28400000000000003,89.99958471801443,90.0,0.012216372662389955,-0.005460413292788423,-2.45850023131594e-06,9.430315460718705e-07,12.000000000000538,0.00012894596557555315,-4.1733800222955775e-06,-4.484504305738355e-11,-4.484504305738355e-11,0.08144248441593303,1.0745497131295613e-05
0.2842,89.99958715504044,90.0,0.012153930845253796,-0.0054412826735880625,-2.4664587044255664e-06,9.374974933202731e-07,12.000000000000536,0.00012828536085029722,-4.186889776031055e-06,-4.4759722146544994e-11,-4.4759722146544994e-11,0.0810262056350253,1.069044673752429e-05
0.2844,89.9995895796,90.0,0.012091707771101917,-0.005422109347863437,-2.4741327804243174e-06,9.319917496916144e-07,12.000000000000536,0.00012762708932305972,-4.199916756893132e-06,-4.4668595923449265e-11,-4.4668595923449265e-11,0.08061138514067945,1.0635590776921169e-05
0.2846,89.99959199173686,90.0,0.012029703928660908,-0.005402895220494375,-2.4815265002791726e-06,9.265142157757608e-07,12.000000000000535,0.0001269711558603906,-4.212467824547979e-06,-4.4571825725628173e-11,-4.4571825725628173e-11,0.08019802619107272,1.0580929655032077e-05
0.2848,89.99959439149495,90.0,0.011967919784870143,-0.005383642169492723,-2.488643860526095e-06,9.210647918736792e-07,12.000000000000533,0.0001263175651018382,-4.224549763238742e-06,-4.446956997865345e-11,-4.446956997865345e-11,0.07978613189913429,1.052646375848605e-05
0.28500000000000003,89.99959677891826,90.0,0.011906355785188836,-0.00536435204536527,-2.495488811521571e-06,9.156433780841074e-07,12.000000000000533,0.00012566632146332455,-4.2361692788174824e-06,-4.436198419707615e-11,-4.436198419707615e-11,0.07937570523459224,1.047219345527658e-05
0.2852,89.99959915405081,90.0,0.011845012353910849,-0.005345026670842752,-2.5020652565434728e-06,9.102498743613338e-07,12.000000000000531,0.0001250174291405394,-4.247332997218859e-06,-4.424922100133834e-11,-4.424922100133834e-11,0.07896674902607233,1.041811909504449e-05
0.2854,89.9996015169368,90.0,0.011783889894482136,-0.005325667842388911,-2.508377055051165e-06,9.048841804285278e-07,12.00000000000053,0.00012437089211205424,-4.258047469994262e-06,-4.413143020821988e-11,-4.413143020821988e-11,0.07855926596321423,1.0364241009337395e-05
0.2856,89.99960386762046,90.0,0.011722988789801348,-0.005306277329909664,-2.514428021751956e-06,8.995461958355189e-07,12.00000000000053,0.00012372671414256876,-4.268319172727086e-06,-4.4008758846102206e-11,-4.4008758846102206e-11,0.07815325859867565,1.0310559511880276e-05
0.2858,89.99960620614608,90.0,0.011662309402523377,-0.00528685687682167,-2.520221926505308e-06,8.942358199876876e-07,12.000000000000526,0.0001230848987861266,-4.278154504870122e-06,-4.388135118527729e-11,-4.388135118527729e-11,0.07774872935015585,1.0257074898843435e-05
0.28600000000000003,89.99960853255804,90.0,0.01160185207536257,-0.005267408201186225,-2.525762496717874e-06,8.889529520881848e-07,12.000000000000526,0.00012244544938914268,-4.287559793811206e-06,-4.374934881133417e-11,-4.374934881133417e-11,0.07734568050241714,1.0203787449094776e-05
0.2862,89.9996108469008,90.0,0.011541617131382484,-0.00524793299504804,-2.53105341555319e-06,8.83697491224602e-07,12.000000000000522,0.00012180836909359878,-4.296541291834119e-06,-4.361289062513294e-11,-4.361289062513294e-11,0.07694411420921655,1.0150697424466124e-05
0.2864,89.99961314921885,90.0,0.011481604874293665,-0.005228432925561556,-2.536098324313583e-06,8.784693363111913e-07,12.000000000000522,0.00012117366084001463,-4.305105180161947e-06,-4.347211291512593e-11,-4.347211291512593e-11,0.0765440324952911,1.009780507000078e-05
0.2866,89.99961543955676,90.0,0.011421815588738048,-0.005208909634322217,-2.540900820636859e-06,8.73268386175535e-07,12.000000000000519,0.00012054132737058749,-4.313257565895903e-06,-4.3327149357024913e-11,-4.3327149357024913e-11,0.07614543725825365,1.004511061421519e-05
0.2868,89.99961771795915,90.0,0.011362249540581492,-0.00518936473884075,-2.5454644616961003e-06,8.680945394718762e-07,12.000000000000519,0.00011991137123204732,-4.321004487447085e-06,-4.317813109913228e-11,-4.317813109913228e-11,0.07574833027054328,9.992614269336844e-06
0.28700000000000003,89.9996199844707,90.0,0.011302906977189215,-0.005169799831861925,-2.549792762374661e-06,8.629476947677883e-07,12.000000000000515,0.00011928379477870336,-4.328351911438468e-06,-4.302518676116771e-11,-4.302518676116771e-11,0.07535271318126144,9.940316231558187e-06
0.2872,89.99962223913612,90.0,0.011243788127708935,-0.00515021648211518,-2.5538891967821058e-06,8.578277505152848e-07,12.000000000000515,0.00011865860017532461,-4.335305735278266e-06,-4.286844249001279e-11,-4.286844249001279e-11,0.07495858751805957,9.888216681276626e-06
0.2874,89.99962448200017,90.0,0.011184893203345592,-0.005130616234698179,-2.5577571989191454e-06,8.527346050508198e-07,12.000000000000512,0.00011803578939999449,-4.3418717882886735e-06,-4.270802200034979e-11,-4.270802200034979e-11,0.07456595468897062,9.836315783332455e-06
0.2876,89.99962671310769,90.0,0.011126222397631638,-0.005111000611098961,-2.561400162501354e-06,8.476681566241781e-07,12.000000000000512,0.00011741536424698075,-4.34805583140662e-06,-4.254404660089961e-11,-4.254404660089961e-11,0.07417481598421091,9.784613687247978e-06
0.2878,89.99962893250347,90.0,0.01106777588669708,-0.005091371109217714,-2.5648214407822326e-06,8.426283034273639e-07,12.000000000000508,0.00011679732632960315,-4.35386355688342e-06,-4.2376635220654825e-11,-4.2376635220654825e-11,0.07378517257798055,9.733110527466518e-06
0.28800000000000003,89.99963114023242,90.0,0.01100955382953924,-0.005071729204453958,-2.5680243488672877e-06,8.376149435368227e-07,12.000000000000506,0.0001161816770829132,-4.359300592212989e-06,-4.220590447598504e-11,-4.220590447598504e-11,0.07339702553026159,9.681806423575692e-06
0.2882,89.99963333633944,90.0,0.01095155636828008,-0.00505207634900005,-2.5710121618452372e-06,8.326279750001094e-07,12.000000000000504,0.00011556841776655276,-4.364372496959508e-06,-4.203196866812069e-11,-4.203196866812069e-11,0.07301037578853387,9.630701480545659e-06
0.2884,89.99963552086946,90.0,0.010893783628431672,-0.005032413972922374,-2.5737881170916843e-06,8.276672957781095e-07,12.000000000000501,0.00011495754946738928,-4.369084766667983e-06,-4.185493984928588e-11,-4.185493984928588e-11,0.07262522418954448,9.579795788948707e-06
0.2886,89.99963769386741,90.0,0.010836235719149108,-0.005012743483803931,-2.5763554132201747e-06,8.227328038028187e-07,12.000000000000501,0.0001143490731022668,-4.3734428310836305e-06,-4.167492783334549e-11,-4.167492783334549e-11,0.07224157146099405,9.529089425188503e-06
0.2888,89.9996398553783,90.0,0.010778912733487822,-0.0049930662678141745,-2.5787172123661873e-06,8.178243969195629e-07,12.000000000000497,0.00011374298942055679,-4.377452058029022e-06,-4.149204026044742e-11,-4.149204026044742e-11,0.07185941822325215,9.478582451712673e-06
0.28900000000000003,89.99964200544711,90.0,0.010721814748648532,-0.004973383688985197,-2.58087663828832e-06,8.129419729736678e-07,12.000000000000496,0.0001131392990068877,-4.381117750180791e-06,-4.13063825935056e-11,-4.13063825935056e-11,0.0714787649909902,9.428274917240252e-06
0.2892,89.99964414411885,90.0,0.010664941826230116,-0.00495369709027536,-2.5828367786415303e-06,8.080854297526797e-07,12.000000000000494,0.00011253800228364971,-4.384445148928524e-06,-4.111805818188624e-11,-4.111805818188624e-11,0.07109961217486745,9.378166856970424e-06
0.2894,89.99964627143852,90.0,0.010608294012470976,-0.004934007793195749,-2.584600683900206e-06,8.032546650441446e-07,12.00000000000049,0.00011193909951362541,-4.387439432546647e-06,-4.09271682708186e-11,-4.09271682708186e-11,0.07072196008313984,9.328258292801736e-06
0.2896,89.99964838745116,90.0,0.010551871338494178,-0.004914317098507735,-2.5861713687821276e-06,7.984495766067187e-07,12.00000000000049,0.00011134259080247582,-4.390105718611637e-06,-4.0733812050580377e-11,-4.0733812050580377e-11,0.07034580892329452,9.278549233539272e-06
0.2898,89.9996504922018,90.0,0.01049567382054481,-0.00489462628655438,-2.587551812822987e-06,7.936700621701683e-07,12.000000000000487,0.00011074847610120653,-4.392449064977294e-06,-4.0538086691532094e-11,-4.0538086691532094e-11,0.06997115880363206,9.22903967510017e-06
0.29000000000000004,89.99965258573546,90.0,0.010439701460223449,-0.004874936617231157,-2.5887449601109384e-06,7.889160194642599e-07,12.000000000000483,0.00011015675520865518,-4.394474469324124e-06,-4.034008736566691e-11,-4.034008736566691e-11,0.069598009734823,9.179729600720895e-06
0.2902,89.9996546680972,90.0,0.010383954244720122,-0.0048552493299573365,-2.589753719022337e-06,7.841873462476493e-07,12.000000000000481,0.00010956742777398398,-4.396186868710758e-06,-4.013990726819861e-11,-4.013990726819861e-11,0.06922636163146748,9.130618981164964e-06
0.2904,89.99965673933201,90.0,0.010328432147048329,-0.0048355656443580305,-2.59058096361877e-06,7.794839402789931e-07,12.00000000000048,0.00010898049329904994,-4.397591141945444e-06,-3.99376376647273e-11,-3.99376376647273e-11,0.06885621431365553,9.081707774920466e-06
0.2906,89.99965879948492,90.0,0.010273135126271699,-0.004815886760225379,-2.591229533365118e-06,7.748056993458372e-07,12.000000000000476,0.00010839595114082145,-4.398692109107454e-06,-3.9733367911859124e-11,-3.9733367911859124e-11,0.068487567508478,9.032995928401429e-06
0.2908,89.99966084860095,90.0,0.010218063127730546,-0.004796213858545433,-2.591702235339073e-06,7.701525212068378e-07,12.000000000000474,0.0001078138005136094,-4.39949453529781e-06,-3.952718551577451e-11,-3.952718551577451e-11,0.06812042085153697,8.984483376133761e-06
0.29100000000000004,89.99966288672508,90.0,0.010163216083257012,-0.004776548100377469,-2.592001841429643e-06,7.655243037073209e-07,12.000000000000473,0.00010723404049154878,-4.400003125883654e-06,-3.931917611366086e-11,-3.931917611366086e-11,0.06775477388838008,8.936170040962046e-06
0.2912,89.99966491390232,90.0,0.010108593911403216,-0.004756890628593614,-2.5921310922116395e-06,7.609209446637224e-07,12.000000000000469,0.00010665667001072312,-4.400222533075315e-06,-3.910942355699531e-11,-3.910942355699531e-11,0.06739062607602143,8.888055834226579e-06
0.2914,89.99966693017761,90.0,0.010054196517648935,-0.004737242566392489,-2.5920926932955643e-06,7.563423420080377e-07,12.000000000000465,0.00010608168787163022,-4.4001573497301255e-06,-3.88980098800094e-11,-3.88980098800094e-11,0.06702797678432623,8.840140655968843e-06
0.2916,89.9996689355959,90.0,0.010000023794626823,-0.0047176050193900075,-2.5918893200255676e-06,7.517883936433729e-07,12.000000000000465,0.00010550909274121465,-4.399812117327353e-06,-3.8685015394249475e-11,-3.8685015394249475e-11,0.06666682529751215,8.79242439510088e-06
0.2918,89.99967093020213,90.0,0.009946075622323417,-0.004697979074123693,-2.5915236138131843e-06,7.47258997588393e-07,12.000000000000462,0.00010493888315526396,-4.3991913197446035e-06,-3.8470518656692716e-11,-3.8470518656692716e-11,0.06630717081548945,8.744906929604993e-06
0.29200000000000004,89.99967291404117,90.0,0.009892351868297341,-0.004678365799778427,-2.5909981859877517e-06,7.427540518617633e-07,12.000000000000458,0.00010437105752043001,-4.398299389794024e-06,-3.82545965503539e-11,-3.82545965503539e-11,0.0659490124553156,8.697588126702168e-06
0.2922,89.99967488715791,90.0,0.0098388523878778,-0.004658766247042521,-2.5903156149546143e-06,7.382734545977086e-07,12.000000000000457,0.00010380561411653743,-4.397140704398266e-06,-3.803732426473905e-11,-3.803732426473905e-11,0.06559234925251867,8.650467843044456e-06
0.2924,89.9996768495972,90.0,0.009785577024376197,-0.004639181449468986,-2.589478449199033e-06,7.338171039593438e-07,12.000000000000455,0.00010324255109859802,-4.395719589689717e-06,-3.781877536280264e-11,-3.781877536280264e-11,0.06523718016250799,8.603545924882842e-06
0.2926,89.9996788014038,90.0,0.009732525609281874,-0.00461961242303832,-2.588489206098877e-06,7.293848981964531e-07,12.000000000000451,0.00010268186649896766,-4.394040318995008e-06,-3.759902178550914e-11,-3.759902178550914e-11,0.06488350406187916,8.556822208246983e-06
0.2928,89.99968074262252,90.0,0.009679697962463433,-0.004600060166084316,-2.5873503715813272e-06,7.249767356743807e-07,12.000000000000448,0.0001021235582294997,-4.392107112252253e-06,-3.7378133869023007e-11,-3.7378133869023007e-11,0.06453131974975622,8.510296519124658e-06
0.29300000000000004,89.99968267329808,90.0,0.009627093892370325,-0.004580525660996626,-2.586064403933135e-06,7.205925147584707e-07,12.000000000000446,0.00010156762408339359,-4.3899241424790876e-06,-3.715618042149278e-11,-3.715618042149278e-11,0.0641806259491355,8.463968673615817e-06
0.2932,89.9996845934752,90.0,0.009574713196215223,-0.00456100987234377,-2.5846337292586174e-06,7.162321339874063e-07,12.000000000000444,0.00010101406173745894,-4.3874955280624685e-06,-3.693322867870923e-11,-3.693322867870923e-11,0.0638314213081015,8.417838478121267e-06
0.2934,89.99968650319849,90.0,0.009522555660177883,-0.004541513748578866,-2.5830607452954105e-06,7.118954919576509e-07,12.00000000000044,0.00010046286875398776,-4.384825339236037e-06,-3.670934438040114e-11,-3.670934438040114e-11,0.06348370440118589,8.371905729498673e-06
0.2936,89.99968840251258,90.0,0.00947062105958954,-0.004522038221586557,-2.5813478201996554e-06,7.075824873812271e-07,12.000000000000437,9.991404258279351e-05,-4.3819175960179345e-06,-3.648459177356768e-11,-3.648459177356768e-11,0.06313747373059693,8.32617021523249e-06
0.2938,89.99969029146204,90.0,0.009418909159122274,-0.004502584207657957,-2.5794972946655157e-06,7.032930190279375e-07,12.000000000000435,9.936758056305575e-05,-4.3787762718087465e-06,-3.6259033663044724e-11,-3.6259033663044724e-11,0.06279272772748183,8.280631713587678e-06
0.29400000000000004,89.99969217009138,90.0,0.009367419712967418,-0.004483152606318663,-2.577511479034725e-06,6.990269858409241e-07,12.000000000000433,9.882347992541995e-05,-4.375405288484873e-06,-3.603273139101213e-11,-3.603273139101213e-11,0.06244946475311612,8.235289993784697e-06
0.2942,89.99969403844509,90.0,0.009316152465027296,-0.004463744302017562,-2.575392657082983e-06,6.947842868211088e-07,12.00000000000043,9.828173779374376e-05,-4.3718085228260515e-06,-3.5805744910402403e-11,-3.5805744910402403e-11,0.062107683100181964,8.19014481614502e-06
0.2944,89.99969589656753,90.0,0.009265107149087614,-0.004444360162946457,-2.5731430831149632e-06,6.905648211427523e-07,12.000000000000426,9.77423511871344e-05,-4.367989801584043e-06,-3.557813276401949e-11,-3.557813276401949e-11,0.06176738099391742,8.14519593226091e-06
0.29460000000000003,89.9996977445031,90.0,0.009214283489003616,-0.004425001042365789,-2.570764984906605e-06,6.863684880667858e-07,12.000000000000423,9.720531702169835e-05,-4.363952906477262e-06,-3.5349952145155765e-11,-3.5349952145155765e-11,0.061428556593357435,8.100443085141243e-06
0.2948,89.99969958229609,90.0,0.009163681198870462,-0.00440566777848727,-2.568260563286957e-06,6.821951869696997e-07,12.000000000000423,9.667063211237325e-05,-4.359701573480946e-06,-3.512125891080804e-11,-3.512125891080804e-11,0.06109120799246974,8.055886009364153e-06
0.29500000000000004,89.99970140999073,90.0,0.009113299983195683,-0.004386361194004124,-2.5656319908944734e-06,6.780448174013236e-07,12.00000000000042,9.613829317484294e-05,-4.355239490715928e-06,-3.489210758375724e-11,-3.489210758375724e-11,0.06075533322130455,8.011524431236632e-06
0.2952,89.99970322763124,90.0,0.009063139537076556,-0.004367082097049298,-2.562881414267484e-06,6.739172790270468e-07,12.000000000000416,9.560829682725736e-05,-4.350570301997273e-06,-3.46625514000993e-11,-3.46625514000993e-11,0.06042093024717704,7.967358068937838e-06
0.2954,89.99970503526171,90.0,0.009013199546366667,-0.004347831281428028,-2.5600109542473825e-06,6.698124716278185e-07,12.000000000000412,9.508063959196341e-05,-4.345697607518705e-06,-3.443264233301079e-11,-3.443264233301079e-11,0.06008799697577778,7.923386632663345e-06
0.29560000000000003,89.99970683292622,90.0,0.00896347968783964,-0.004328609525780628,-2.5570227038832132e-06,6.657302951868169e-07,12.00000000000041,9.455531789739065e-05,-4.340624960295578e-06,-3.4202431082840254e-11,-3.4202431082840254e-11,0.05975653125226426,7.879609824782286e-06
0.2958,89.99970862066874,90.0,0.008913979629362719,-0.004309417594890681,-2.5539187313435613e-06,6.616706498027795e-07,12.000000000000409,9.403232807967059e-05,-4.335355871107898e-06,-3.397196713451084e-11,-3.397196713451084e-11,0.05942653086241812,7.836027339972282e-06
0.29600000000000004,89.99971039853324,90.0,0.008864699030055287,-0.004290256239906361,-2.550701080300234e-06,6.57633435690004e-07,12.000000000000405,9.351166638428358e-05,-4.329893809151632e-06,-3.374129878006238e-11,-3.374129878006238e-11,0.05909799353370192,7.792638865356702e-06
0.2962,89.99971216656351,90.0,0.008815637540444603,-0.004271126197136801,-2.547371766982946e-06,6.536185532939067e-07,12.000000000000401,9.299332896792325e-05,-4.324242197038952e-06,-3.3510473097183755e-11,-3.3510473097183755e-11,0.058770916936297365,7.749444080660011e-06
0.2964,89.99971392480339,90.0,0.008766794802635801,-0.004252028189710543,-2.5439327839131052e-06,6.496259031754641e-07,12.000000000000398,9.24773119000169e-05,-4.3184044171364446e-06,-3.3279536016160367e-11,-3.3279536016160367e-11,0.05844529868423868,7.706442658334486e-06
0.29660000000000003,89.99971567329658,90.0,0.008718170450462472,-0.004232962927075258,-2.540386098607162e-06,6.456553860689915e-07,12.000000000000398,9.196361116441313e-05,-4.31238380936401e-06,-3.304853231967078e-11,-3.304853231967078e-11,0.05812113633641648,7.66363426370084e-06
0.2968,89.99971741208671,90.0,0.008669764109643107,-0.004213931105571432,-2.53673365478583e-06,6.41706902853254e-07,12.000000000000394,9.145222266094588e-05,-4.306183673247551e-06,-3.281750567539599e-11,-3.281750567539599e-11,0.05779842739762071,7.6210185550785725e-06
0.29700000000000004,89.99971914121735,90.0,0.008621575397931102,-0.004194933407576018,-2.532977370245503e-06,6.377803546381357e-07,12.00000000000039,9.094314220717774e-05,-4.299807264305639e-06,-3.258649862509924e-11,-3.258649862509924e-11,0.05747716931954068,7.578595183931232e-06
0.2972,89.99972086073198,90.0,0.008573603925274408,-0.004175970503146418,-2.52911914056694e-06,6.338756426490805e-07,12.000000000000387,9.043636553981267e-05,-4.2932578003451145e-06,-3.235555264905419e-11,-3.235555264905419e-11,0.05715735950182939,7.536363794984146e-06
0.2974,89.99972257067404,90.0,0.008525849293956535,-0.0041570430491515604,-2.52516083696488e-06,6.299926683137614e-07,12.000000000000385,8.99318883163457e-05,-4.286538457810754e-06,-3.2124708154295426e-11,-3.2124708154295426e-11,0.05683899529304356,7.494324026361901e-06
0.29760000000000003,89.9997242710868,90.0,0.008478311098747155,-0.004138151689482179,-2.521104306652586e-06,6.261313332620808e-07,12.000000000000384,8.942970611662794e-05,-4.279652372404082e-06,-3.189400449545119e-11,-3.189400449545119e-11,0.0565220739916477,7.452475509718757e-06
0.2978,89.99972596201357,90.0,0.00843098892705077,-0.004119297055968928,-2.516951374862817e-06,6.222915392683903e-07,12.00000000000038,8.892981444428815e-05,-4.272602642514042e-06,-3.1663480016078074e-11,-3.1663480016078074e-11,0.05620659284700513,7.410817870357111e-06
0.298,89.99972764349747,90.0,0.008383882359044602,-0.004100479767509111,-2.51270384268992e-06,6.18473188338161e-07,12.000000000000377,8.84322087283502e-05,-4.265392325553877e-06,-3.1433172036805974e-11,-3.1433172036805974e-11,0.05589254906029734,7.369350727362286e-06
0.2982,89.99972931558156,90.0,0.008336990967826426,-0.0040817004309836235,-2.5083634891087705e-06,6.146761826502034e-07,12.000000000000373,8.793688432464614e-05,-4.258024441388346e-06,-3.120311689615594e-11,-3.120311689615594e-11,0.055579939785509506,7.328073693720283e-06
0.2984,89.99973097830889,90.0,0.008290314319552041,-0.004062959641448913,-2.50393207130755e-06,6.109004245566669e-07,12.000000000000373,8.744383651724447e-05,-4.250501972898619e-06,-3.097334996953003e-11,-3.097334996953003e-11,0.05526876213034694,7.286986376436813e-06
0.29860000000000003,89.99973263172232,90.0,0.008243851973570613,-0.004044257981615392,-2.4994113233541888e-06,6.071458166408207e-07,12.00000000000037,8.69530605199797e-05,-4.242827863718531e-06,-3.074390566748019e-11,-3.074390566748019e-11,0.054959013157137415,7.246088376664752e-06
0.2988,89.9997342758647,90.0,0.008197603482565664,-0.004025596022754867,-2.4948029581988064e-06,6.03412261659273e-07,12.000000000000366,8.646455147779426e-05,-4.235005021633777e-06,-3.051481747514664e-11,-3.051481747514664e-11,0.05465068988377109,7.205379289815969e-06
0.299,89.99973591077874,90.0,0.008151568392686161,-0.004006974324172997,-2.490108666329837e-06,5.996996625997512e-07,12.000000000000362,8.59783044682235e-05,-4.2270363163006505e-06,-3.028611795009369e-11,-3.028611795009369e-11,0.054343789284574416,7.164858705685075e-06
0.2992,89.99973753650706,90.0,0.008105746243683177,-0.003988393433755405,-2.485330116935414e-06,5.960079226522121e-07,12.00000000000036,8.549431450275434e-05,-4.2189245812175245e-06,-3.005783875083345e-11,-3.005783875083345e-11,0.05403830829122118,7.124526208562648e-06
0.2994,89.99973915309221,90.0,0.008060136569040515,-0.0039698538877947845,-2.480468957389e-06,5.923369452377317e-07,12.000000000000359,8.501257652824412e-05,-4.210672612851698e-06,-2.983001064461883e-11,-2.983001064461883e-11,0.053734243793603434,7.084381377353465e-06
0.29960000000000003,89.99974076057664,90.0,0.008014738896107489,-0.003951356212242106,-2.47552681606245e-06,5.886866339218352e-07,12.000000000000355,8.453308542811555e-05,-4.202283175414654e-06,-2.960266355503743e-11,-2.960266355503743e-11,0.0534315926407166,7.044423785676087e-06
0.2998,89.9997423590027,90.0,0.00796955274621698,-0.003932900921095099,-2.4705052984589528e-06,5.850568925589471e-07,12.000000000000352,8.405583602389111e-05,-4.1937589942976055e-06,-2.937582652903231e-11,-2.937582652903231e-11,0.053130351641446534,7.004653001990721e-06
0.3,89.99974394841266,90.0,0.007924577634822254,-0.003914488518010379,-2.4654059908664788e-06,5.814476251768311e-07,12.00000000000035,8.35808230763687e-05,-4.185102762273344e-06,-2.9149527794165006e-11,-2.9149527794165006e-11,0.05283051756548169,6.9650685896971885e-06
0.3002,89.99974552884866,90.0,0.007879813071615227,-0.003896119495758029,-2.4602304589829105e-06,5.7785873603437e-07,12.000000000000348,8.310804128697338e-05,-4.176317137162349e-06,-2.8923794755231077e-11,-2.8923794755231077e-11,0.05253208714410152,6.925670107247581e-06
0.3004,89.99974710035276,90.0,0.007835258560650933,-0.0038777943360401054,-2.4549802473867216e-06,5.742901296504558e-07,12.000000000000345,8.263748529911231e-05,-4.16740474093425e-06,-2.8698654001199596e-11,-2.8698654001199596e-11,0.05223505707100622,6.8864571082591615e-06
0.30060000000000003,89.99974866296694,90.0,0.007790913600474259,-0.003859513510733439,-2.4496568823355027e-06,5.707417107173201e-07,12.000000000000341,8.216914969930707e-05,-4.158368164458416e-06,-2.8474131350850556e-11,-2.8474131350850556e-11,0.051939424003161726,6.847429141608728e-06
0.3008,89.99975021673303,90.0,0.00774677768423214,-0.00384127748098044,-2.4442618695457765e-06,5.67213384187203e-07,12.00000000000034,8.1703029018544e-05,-4.149209963735115e-06,-2.8250251839256033e-11,-2.8250251839256033e-11,0.0516451845615476,6.80858575154514e-06
0.301,89.99975176169283,90.0,0.007702850299796404,-0.003823086698071187,-2.438796696151515e-06,5.637050552145744e-07,12.000000000000338,8.123911773342757e-05,-4.1399326632201646e-06,-2.8027039752982986e-11,-2.8027039752982986e-11,0.05135233533197603,6.7699264777854405e-06
0.3012,89.99975329788795,90.0,0.0076591309298765405,-0.0038049416025350597,-2.4332628284853807e-06,5.60216629242803e-07,12.000000000000334,8.077741026753674e-05,-4.130538752058517e-06,-2.78045186167484e-11,-2.78045186167484e-11,0.051060872865843605,6.731450855627875e-06
0.3014,89.99975482535997,90.0,0.007615619052142557,-0.003786842625733363,-2.4276617156983878e-06,5.567480118885966e-07,12.00000000000033,8.03179009924555e-05,-4.121030690228746e-06,-2.7582711247054484e-11,-2.7582711247054484e-11,0.050770793680950374,6.693158416037774e-06
0.30160000000000003,89.99975634415033,90.0,0.007572314139330115,-0.003768790188585048,-2.4219947866921117e-06,5.532991090575625e-07,12.000000000000329,7.98605842291113e-05,-4.1114109033353755e-06,-2.736163972885769e-11,-2.736163972885769e-11,0.05048209426220077,6.655048685759092e-06
0.3018,89.99975785430036,90.0,0.007529215659359748,-0.0037507847024436957,-2.416263452068381e-06,5.498698268864266e-07,12.000000000000327,7.940545424889078e-05,-4.101681785918548e-06,-2.714132544960459e-11,-2.714132544960459e-11,0.05019477106239832,6.617121187407385e-06
0.302,89.99975935585128,90.0,0.007486323075446317,-0.003732826569605642,-2.4104691052248196e-06,5.464600717141445e-07,12.000000000000323,7.89525052747157e-05,-4.0918457033137374e-06,-2.6921789122849328e-11,-2.6921789122849328e-11,0.049908820502975446,6.579375439559465e-06
0.3022,89.99976084884425,90.0,0.007443635846202632,-0.003714916182388829,-2.404613120113931e-06,5.430697501685707e-07,12.00000000000032,7.850173148230414e-05,-4.081904987847723e-06,-2.670305077435761e-11,-2.670305077435761e-11,0.04962423897468421,6.5418109568585044e-06
0.3024,89.99976233332026,90.0,0.007401153425753636,-0.0036970539240027793,-2.3986968531806305e-06,5.396987691086786e-07,12.000000000000318,7.805312700123382e-05,-4.071861942127614e-06,-2.648512977503074e-11,-2.648512977503074e-11,0.049341022838357576,6.504427250102646e-06
0.30260000000000004,89.99976380932023,90.0,0.007358875263840509,-0.0036792401686939614,-2.392721643614235e-06,5.363470356245611e-07,12.000000000000316,7.760668591602399e-05,-4.06171883946861e-06,-2.6268044854485798e-11,-2.6268044854485798e-11,0.049059168425603386,6.467223826335162e-06
0.3028,89.99976527688496,90.0,0.00731680080592309,-0.0036614752811782517,-2.386688811935251e-06,5.330144570952098e-07,12.000000000000313,7.716240226732262e-05,-4.0514779214950255e-06,-2.6051814096297262e-11,-2.6051814096297262e-11,0.04877867203948727,6.430200188943384e-06
0.303,89.99976673605511,90.0,0.007274929493289035,-0.0036437596175038847,-2.3805996619207062e-06,5.297009411307358e-07,12.000000000000309,7.67202700529176e-05,-4.041141401408607e-06,-2.583645496984052e-11,-2.583645496984052e-11,0.04849952995526024,6.393355837742969e-06
0.3032,89.9997681868713,90.0,0.007233260763152934,-0.0036260935251898525,-2.3744554808440905e-06,5.264063955723691e-07,12.000000000000307,7.628028322876669e-05,-4.030711464395833e-06,-2.5621984343128602e-11,-2.5621984343128602e-11,0.04822173842101956,6.356690269063728e-06
0.3034,89.99976962937393,90.0,0.007191794048753766,-0.003608477342296162,-2.3682575372195317e-06,5.231307285791286e-07,12.000000000000306,7.584243571019467e-05,-4.020190263798589e-06,-2.5408418468740606e-11,-2.5408418468740606e-11,0.047945293658358444,6.320202975849395e-06
0.30360000000000004,89.99977106360338,90.0,0.007150528779463218,-0.0035909113989961647,-2.3620070843862672e-06,5.198738485122625e-07,12.000000000000302,7.540672137277277e-05,-4.009579927198911e-06,-2.5195773032678598e-11,-2.5195773032678598e-11,0.04767019186308812,6.283893447730906e-06
0.3038,89.99977248959988,90.0,0.007109464380875738,-0.0035733960166364747,-2.355705358234903e-06,5.16635664021918e-07,12.000000000000298,7.497313405343905e-05,-3.9988825525592495e-06,-2.498406313974797e-11,-2.498406313974797e-11,0.04739642920583825,6.247761171119765e-06
0.304,89.99977390740355,90.0,0.0070686002749096475,-0.0035559315085886964,-2.3493535791133107e-06,5.134160839893614e-07,12.000000000000298,7.454166755142584e-05,-3.9881002114577815e-06,-2.477330334368747e-11,-2.477330334368747e-11,0.047124001832730994,6.211805629285333e-06
0.3042,89.99977531705439,90.0,0.007027935879898189,-0.0035385181793107317,-2.3429529495552887e-06,5.102150176136481e-07,12.000000000000295,7.411231562939047e-05,-3.977234945232744e-06,-2.4563507632776953e-11,-2.4563507632776953e-11,0.04685290586598793,6.176026302449054e-06
0.3044,89.99977671859226,90.0,0.006987470610691644,-0.0035211563259104576,-2.3365046578500423e-06,5.070323742960623e-07,12.000000000000291,7.36850720142303e-05,-3.966288771041739e-06,-2.4354689476953037e-11,-2.4354689476953037e-11,0.046583137404610966,6.140422667852376e-06
0.30460000000000004,89.99977811205696,90.0,0.006947203878741264,-0.003503846236841815,-2.3300098749230285e-06,5.038680637556775e-07,12.00000000000029,7.325993039820074e-05,-3.95526367656687e-06,-2.414686180431779e-11,-2.414686180431779e-11,0.04631469252494176,6.104994199849914e-06
0.3048,89.99977949748812,90.0,0.006907135092198344,-0.0034865881931089794,-2.323469757067524e-06,5.007219959426862e-07,12.000000000000288,7.28368844397604e-05,-3.944161624651661e-06,-2.394003703887365e-11,-2.394003703887365e-11,0.04604756728132229,6.069740369979887e-06
0.305,89.99978087492526,90.0,0.006867263655999316,-0.003469382467319331,-2.3168854436588337e-06,4.975940811250698e-07,12.000000000000284,7.241592776463956e-05,-3.93298454942086e-06,-2.3734227085858144e-11,-2.3734227085858144e-11,0.045781757706662096,6.034660647053154e-06
0.3052,89.99978224440781,90.0,0.006827588971961888,-0.003452229325238801,-2.310258060709323e-06,4.944842297730391e-07,12.000000000000282,7.199705396659326e-05,-3.921734362315209e-06,-2.3529443377187054e-11,-2.3529443377187054e-11,0.04551725981307925,5.999754497215964e-06
0.3054,89.99978360597505,90.0,0.006788110438863365,-0.0034351290244801266,-2.3035887177356887e-06,4.913923526745933e-07,12.00000000000028,7.158025660846113e-05,-3.910412946773546e-06,-2.332569684792438e-11,-2.332569684792438e-11,0.04525406959242243,5.965021384038288e-06
0.30560000000000004,89.99978495966616,90.0,0.006748827452533713,-0.003418081815343345,-2.2968785096453814e-06,4.883183608777412e-07,12.000000000000277,7.116552922301131e-05,-3.899022161435061e-06,-2.3122997964230764e-11,-2.3122997964230764e-11,0.04499218301689143,5.930460768584139e-06
0.3058,89.99978630552017,90.0,0.006709739405939301,-0.003401087940577436,-2.2901285161087116e-06,4.852621657193903e-07,12.000000000000275,7.075286531387215e-05,-3.887563839073431e-06,-2.2921356725419656e-11,-2.2921356725419656e-11,0.04473159603959534,5.896072109489211e-06
0.306,89.99978764357601,90.0,0.006670845689269164,-0.0033841476355007875,-2.2833398017676944e-06,4.82223678825347e-07,12.000000000000274,7.034225835642862e-05,-3.876039786951334e-06,-2.2720782674460084e-11,-2.2720782674460084e-11,0.044472304595127764,5.861854863035585e-06
0.3062,89.9997889738725,90.0,0.006632145690020198,-0.0033672611288306717,-2.276513418103357e-06,4.792028120525374e-07,12.00000000000027,6.993370179858437e-05,-3.8644517899902674e-06,-2.2521284924681572e-11,-2.2521284924681572e-11,0.044214304600134646,5.8278084832152335e-06
0.3064,89.99979029644831,90.0,0.00659363879307251,-0.003350428642077928,-2.2696504019570274e-06,4.7619947754678565e-07,12.000000000000266,6.952718906166785e-05,-3.852801608260387e-06,-2.2322872152884326e-11,-2.2322872152884326e-11,0.04395759195381673,5.793932421805525e-06
0.30660000000000004,89.999791611342,90.0,0.0065553243807718745,-0.003333650389306806,-2.262751774899318e-06,4.7321358777170554e-07,12.000000000000266,6.912271354135052e-05,-3.841090975909337e-06,-2.2125552601170144e-11,-2.2125552601170144e-11,0.04370216253847916,5.760226128445749e-06
0.3068,89.99979291859202,90.0,0.006517201833014803,-0.003316926577964308,-2.255818545097222e-06,4.7024505545091955e-07,12.000000000000263,6.872026860840787e-05,-3.829321604331705e-06,-2.1929334103137366e-11,-2.1929334103137366e-11,0.04344801222009868,5.726689050700531e-06
0.307,89.99979421823666,90.0,0.006479270527324483,-0.0033002574089861982,-2.2488517074978767e-06,4.6729379356805946e-07,12.00000000000026,6.83198476095083e-05,-3.817495182480964e-06,-2.1734224093093825e-11,-2.1734224093093825e-11,0.04319513684882989,5.693320634125569e-06
0.30720000000000003,89.99979551031412,90.0,0.006441529838925005,-0.0032836430761901147,-2.2418522423471283e-06,4.643597154245457e-07,12.00000000000026,6.792144386810761e-05,-3.805613374354694e-06,-2.1540229599162196e-11,-2.1540229599162196e-11,0.04294353225950003,5.6601203223421785e-06
0.3074,89.99979679486243,90.0,0.006403979140822825,-0.003267083767099853,-2.234821117047847e-06,4.6144273458180787e-07,12.000000000000256,6.752505068517233e-05,-3.793677822149123e-06,-2.1347357268652358e-11,-2.1347357268652358e-11,0.042693194272152166,5.627087557097574e-06
0.30760000000000004,89.99979807191959,90.0,0.00636661780387886,-0.0032505796626907564,-2.227759285503859e-06,4.585427648901745e-07,12.000000000000254,6.713066133999041e-05,-3.78169014514544e-06,-2.1155613368877693e-11,-2.1155613368877693e-11,0.04244411869252573,5.594221778332416e-06
0.3078,89.99979934152334,90.0,0.006329445196883353,-0.003234130937138976,-2.2206676874705945e-06,4.5565972051776306e-07,12.000000000000252,6.673826909101062e-05,-3.769651938607491e-06,-2.096500378818594e-11,-2.096500378818594e-11,0.04219630131255568,5.561522424250768e-06
0.308,89.99980060371139,90.0,0.0062924606866334555,-0.003217737758995611,-2.2135472512345905e-06,4.5279351586381004e-07,12.000000000000249,6.634786717646415e-05,-3.757564778330324e-06,-2.0775534068301258e-11,-2.0775534068301258e-11,0.0419497379108897,5.528988931371898e-06
0.30820000000000003,89.99980185852131,90.0,0.006255663637997855,-0.003201400289855863,-2.206398890447643e-06,4.4994406567423086e-07,12.000000000000247,6.595944881528219e-05,-3.7454302152660613e-06,-2.0587209381254e-11,-2.0587209381254e-11,0.041704424253319036,5.496620734606736e-06
0.3084,89.99980310599052,90.0,0.0062190534139961425,-0.0031851186858909333,-2.199223507641191e-06,4.4711128492606e-07,12.000000000000245,6.557300720767458e-05,-3.7332497814896767e-06,-2.0400034569138925e-11,-2.0400034569138925e-11,0.04146035609330761,5.464417267306103e-06
0.30860000000000004,89.99980434615631,90.0,0.006182629375860947,-0.0031688930965136993,-2.1920219910544483e-06,4.442950889430108e-07,12.000000000000242,6.518853553602151e-05,-3.7210249848146505e-06,-2.021401412108407e-11,-2.021401412108407e-11,0.04121752917240631,5.432377961335017e-06
0.3088,89.99980557905586,90.0,0.0061463908831150445,-0.0031527236659074647,-2.1847952181433273e-06,4.4149539327991553e-07,12.000000000000242,6.480602696542864e-05,-3.708757314749476e-06,-2.002915221232337e-11,-2.002915221232337e-11,0.04097593922076697,5.400502247118945e-06
0.309,89.99980680472622,90.0,0.0061103372936314425,-0.0031366105316887553,-2.177544052403569e-06,4.3871211383828556e-07,12.000000000000238,6.442547464459748e-05,-3.6964482371048244e-06,-1.9845452681221598e-11,-1.9845452681221598e-11,0.04073558195754294,5.36878955371635e-06
0.30920000000000003,89.9998080232043,90.0,0.006074467963708314,-0.0031205538260777855,-2.1702693460438854e-06,4.359451667796411e-07,12.000000000000234,6.404687170641956e-05,-3.6840991985312873e-06,-1.966291906017099e-11,-1.966291906017099e-11,0.04049645309138876,5.337239308868193e-06
0.3094,89.99980923452688,90.0,0.0060387822481308,-0.0031045536752741833,-2.1629719384743596e-06,4.331944685832913e-07,12.000000000000234,6.367021126874153e-05,-3.671711623953389e-06,-1.9481554567916814e-11,-1.9481554567916814e-11,0.040258548320872,5.305850939061691e-06
0.30960000000000004,89.99981043873063,90.0,0.006003279500239772,-0.0030886102002635556,-2.155652658134063e-06,4.3045993598855435e-07,12.000000000000231,6.32954864349567e-05,-3.6592869196720206e-06,-1.9301362132142534e-11,-1.9301362132142534e-11,0.040021863334931816,5.274623869579623e-06
0.3098,89.99981163585208,90.0,0.005967959071991567,-0.003072723516190352,-2.1483123209744937e-06,4.2774148605253736e-07,12.000000000000231,6.292269029474868e-05,-3.646826470790036e-06,-1.912234438168403e-11,-1.912234438168403e-11,0.039786393813277116,5.243557524562289e-06
0.31,89.99981282592762,90.0,0.005932820314024799,-0.0030568937328064177,-2.140951731451869e-06,4.2503903612124625e-07,12.000000000000227,6.255181592472422e-05,-3.634331642896692e-06,-1.8944503661322508e-11,-1.8944503661322508e-11,0.039552135426831996,5.212651327060253e-06
0.31020000000000003,89.99981400899351,90.0,0.005897862575721918,-0.0030411209545569487,-2.1335716826761235e-06,4.2235250382958613e-07,12.000000000000224,6.21828563890527e-05,-3.6218037823205805e-06,-1.876784203878036e-11,-1.876784203878036e-11,0.03931908383814613,5.181904699087629e-06
0.3104,89.99981518508592,90.0,0.005863085205270002,-0.003025405280665373,-2.12617295655807e-06,4.196818071013609e-07,12.000000000000224,6.181580474009793e-05,-3.6092442163794403e-06,-1.8592361311586258e-11,-1.8592361311586258e-11,0.03908723470180002,5.151317061674731e-06
0.3106,89.99981635424083,90.0,0.00582848754972051,-0.0030097468048615092,-2.1187563231234534e-06,4.170268641781634e-07,12.00000000000022,6.145065401910046e-05,-3.596654252215739e-06,-1.8418063006602652e-11,-1.8418063006602652e-11,0.03885658366480339,5.120887834924945e-06
0.3108,89.99981751649415,90.0,0.005794068955052068,-0.002994145615824513,-2.111322541495515e-06,4.143875935904854e-07,12.00000000000022,6.108739725676861e-05,-3.5840351784646093e-06,-1.824494839409143e-11,-1.824494839409143e-11,0.03862712636701379,5.0906164380639575e-06
0.311,89.99981867188157,90.0,0.005759828766228215,-0.002978601796908214,-2.103872359204165e-06,4.117639141866076e-07,12.000000000000217,6.072602747393979e-05,-3.571388264081145e-06,-1.807301848705782e-11,-1.807301848705782e-11,0.03839885844152144,5.060502289494891e-06
0.31120000000000003,89.99981982043876,90.0,0.005725766327258336,-0.0029631154272920252,-2.096406514825209e-06,4.091557450459297e-07,12.000000000000215,6.0366537682029215e-05,-3.558714762820571e-06,-1.7902274069116487e-11,-1.7902274069116487e-11,0.03817177551505557,5.030544806835678e-06
0.3114,89.99982096220117,90.0,0.00569188098124546,-0.0029476865802713238,-2.088925733943197e-06,4.065630056234203e-07,12.000000000000213,6.00089208838342e-05,-3.5460159063850573e-06,-1.7732715664922896e-11,-1.7732715664922896e-11,0.03794587320830307,5.000743406986094e-06
0.3116,89.99982209720417,90.0,0.005658172070453435,-0.0029323153247723254,-2.081430732636288e-06,4.0398561563405687e-07,12.00000000000021,5.9653170073986015e-05,-3.533292910339378e-06,-1.7564343575140022e-11,-1.7564343575140022e-11,0.037721147136356235,4.971097506165414e-06
0.3118,89.99982322548298,90.0,0.005624638936357031,-0.002917001725066766,-2.073922216766957e-06,4.01423495081716e-07,12.00000000000021,5.929927823953198e-05,-3.5205469729068717e-06,-1.7397157875145252e-11,-1.7397157875145252e-11,0.03749759290904688,4.941606519960912e-06
0.312,89.99982434707269,90.0,0.00559128091969517,-0.0029017458404909657,-2.0664008812802853e-06,3.9887656428806295e-07,12.000000000000206,5.894723836055019e-05,-3.5077792737782625e-06,-1.7231158413966778e-11,-1.7231158413966778e-11,0.03727520613130114,4.912269863379098e-06
0.31220000000000003,89.99982546200826,90.0,0.0055580973605271885,-0.002886547725879646,-2.0588674111706936e-06,3.963447438636621e-07,12.000000000000206,5.859704341067251e-05,-3.4949909757527213e-06,-1.7066344827173948e-11,-1.7066344827173948e-11,0.03705398240351459,4.8830869508892925e-06
0.3124,89.9998265703245,90.0,0.005525087598284613,-0.0028714074312829584,-2.051322480776722e-06,3.9382795473686675e-07,12.000000000000203,5.8248686357684163e-05,-3.4821832235407324e-06,-1.6902716535667526e-11,-1.6902716535667526e-11,0.03683391732189742,4.854057196473598e-06
0.3126,89.99982767205611,90.0,0.005492250971825598,-0.0028563250020424893,-2.0437667539127778e-06,3.9132611815381885e-07,12.0000000000002,5.790216016408932e-05,-3.4693571439877406e-06,-1.674027275146686e-11,-1.674027275146686e-11,0.03661500647883732,4.825180013674029e-06
0.3128,89.99982876723767,90.0,0.005459586819489099,-0.0028413004799327144,-2.0362008864919797e-06,3.8883915559177955e-07,12.000000000000199,5.755745778748947e-05,-3.4565138505265092e-06,-1.6579012503629078e-11,-1.6579012503629078e-11,0.036397245463260654,4.796454815624043e-06
0.313,89.99982985590358,90.0,0.00542709447913535,-0.0028263339017964373,-2.0286255233018646e-06,3.86366988874689e-07,12.000000000000197,5.721457218125009e-05,-3.443654437703783e-06,-1.6418934616106837e-11,-1.6418934616106837e-11,0.03618062986090233,4.767881015104096e-06
0.31320000000000003,89.99983093808815,90.0,0.005394773288202427,-0.0028114252999790236,-2.021041298971848e-06,3.8390954014427605e-07,12.000000000000195,5.6873496295026853e-05,-3.4307799828225815e-06,-1.626003772017577e-11,-1.626003772017577e-11,0.03596515525468284,4.739458024585494e-06
0.3134,89.99983201382555,90.0,0.005362622583757729,-0.0027965747031108434,-2.013448839759009e-06,3.8146673180227857e-07,12.000000000000192,5.653422307517755e-05,-3.4178915489736273e-06,-1.6102320273036342e-11,-1.6102320273036342e-11,0.03575081722505152,4.7111852562647204e-06
0.3136,89.9998330831498,90.0,0.005330641702540429,-0.002781782135455985,-2.0058487619896713e-06,3.7903848656822326e-07,12.000000000000192,5.619674546532617e-05,-3.4049901823898746e-06,-1.5945780549307937e-11,-1.5945780549307937e-11,0.035537611350269525,4.683062122110439e-06
0.3138,89.9998341460948,90.0,0.005298829981011363,-0.002767047616981922,-1.99824167218018e-06,3.766247274794259e-07,12.000000000000188,5.586105640688134e-05,-3.392076912651541e-06,-1.579041664617539e-11,-1.579041664617539e-11,0.03532553320674242,4.655088033906705e-06
0.314,89.99983520269431,90.0,0.005267186755402196,-0.0027523711637834304,-1.990628167986477e-06,3.7422537786210097e-07,12.000000000000188,5.5527148839485643e-05,-3.379152754298032e-06,-1.563622649493848e-11,-1.563622649493848e-11,0.03511457836934797,4.6272624032903974e-06
0.31420000000000003,89.99983625298198,90.0,0.00523571136175982,-0.0027377527881445847,-1.983008838311568e-06,3.718403613313622e-07,12.000000000000185,5.5195015701476986e-05,-3.366218707010378e-06,-1.548320786567004e-11,-1.548320786567004e-11,0.03490474241173213,4.599584641789678e-06
0.3144,89.99983729699129,90.0,0.005204403135989792,-0.0027231924982441293,-1.975384262580092e-06,3.694696018201119e-07,12.000000000000185,5.486464993040145e-05,-3.353275754379786e-06,-1.533135836534558e-11,-1.533135836534558e-11,0.03469602090659862,4.5720541608667175e-06
0.3146,89.99983833475562,90.0,0.005173261413903388,-0.002708690298576455,-1.967755011682786e-06,3.671130235501515e-07,12.000000000000181,5.453604446344069e-05,-3.3403248655109026e-06,-1.5180675448986365e-11,-1.5180675448986365e-11,0.03448840942602259,4.544670371953322e-06
0.3148,89.99983936630821,90.0,0.0051422855312596985,-0.002694246189655102,-1.960121647247816e-06,3.6477055106107133e-07,12.000000000000181,5.420919223791084e-05,-3.327366993784873e-06,-1.5031156417680078e-11,-1.5031156417680078e-11,0.03428190354173132,4.517432686492502e-06
0.315,89.99984039168214,90.0,0.005111474823811203,-0.0026798601684316675,-1.952484722581655e-06,3.6244210918136054e-07,12.000000000000178,5.388408619167465e-05,-3.314403078456514e-06,-1.488279842945833e-11,-1.488279842945833e-11,0.034076498825408016,4.490340515972821e-06
0.31520000000000004,89.99984141091039,90.0,0.005080828627344347,-0.002665532227997191,-1.9448447819367402e-06,3.601276230572972e-07,12.000000000000178,5.3560719263624506e-05,-3.3014340434111335e-06,-1.4735598497209485e-11,-1.4735598497209485e-11,0.033872190848962314,4.4633932719686425e-06
0.3154,89.99984242402581,90.0,0.0050503462777240415,-0.002651262358354822,-1.937202362280304e-06,3.578270180951686e-07,12.000000000000174,5.323908439402184e-05,-3.2884608001671836e-06,-1.4589553505544225e-11,-1.4589553505544225e-11,0.03366897518482694,4.436590366168422e-06
0.3156,89.99984343106108,90.0,0.005020027110928705,-0.002637050545402946,-1.9295579908875126e-06,3.5554022004794055e-07,12.000000000000174,5.2919174525045795e-05,-3.275484243790531e-06,-1.4444660195932187e-11,-1.4444660195932187e-11,0.033466847406191366,4.409931210420419e-06
0.3158,89.99984443204879,90.0,0.004989870463097174,-0.002622896771711219,-1.9219121871161363e-06,3.5326715495747793e-07,12.00000000000017,5.2600982601157644e-05,-3.262505255907022e-06,-1.430091518351235e-11,-1.430091518351235e-11,0.03326580308731449,4.383415216763075e-06
0.316,89.99984542702136,90.0,0.004959875670567016,-0.0026088010162187906,-1.9142654616687223e-06,3.510077491834345e-07,12.00000000000017,5.2284501569560356e-05,-3.249524703449992e-06,-1.4158314954821154e-11,-1.4158314954821154e-11,0.033065837803780106,4.3570417974633015e-06
0.31620000000000004,89.9998464160111,90.0,0.004930042069915886,-0.0025947632550025975,-1.9066183183538394e-06,3.4876192934547315e-07,12.000000000000167,5.196972438050534e-05,-3.2365434416500366e-06,-1.4016855884006852e-11,-1.4016855884006852e-11,0.03286694713277257,4.330810365042051e-06
0.3164,89.99984739905018,90.0,0.0049003689979942875,-0.002580783460612554,-1.898971252504233e-06,3.4652962238104547e-07,12.000000000000167,5.165664398775584e-05,-3.223562311349779e-06,-1.3876534224145044e-11,-1.3876534224145044e-11,0.03266912665329525,4.304720332312926e-06
0.3166,89.99984837617065,90.0,0.004870855791965987,-0.0025668616021279934,-1.891324751074663e-06,3.44310755545392e-07,12.000000000000163,5.134525334900695e-05,-3.2105821391699533e-06,-1.3737346111122977e-11,-1.3737346111122977e-11,0.03247237194643992,4.278771112417188e-06
0.3168,89.9998493474044,90.0,0.004841501789347543,-0.0025529976455681202,-1.8836792935681347e-06,3.4210525638265225e-07,12.000000000000163,5.1035545426234744e-05,-3.1976037390817105e-06,-1.3599287573416707e-11,-1.3599287573416707e-11,0.03227667859565029,4.2529621188528374e-06
0.317,89.99985031278324,90.0,0.004812306328043547,-0.0025391915539412255,-1.8760353521212196e-06,3.3991305272586476e-07,12.000000000000162,5.0727513186062544e-05,-3.1846279125514536e-06,-1.3462354535554543e-11,-1.3462354535554543e-11,0.03208204218695698,4.227292765505155e-06
0.31720000000000004,89.99985127233876,90.0,0.004783268746380895,-0.0025254432865819917,-1.8683933899258627e-06,3.3773407275474664e-07,12.00000000000016,5.042114960023999e-05,-3.1716554458618045e-06,-1.3326542809684314e-11,-1.3326542809684314e-11,0.03188845830920596,4.20176246668661e-06
0.3174,89.9998522261025,90.0,0.004754388383150802,-0.00251175280063124,-1.8607538646533584e-06,3.355682448801343e-07,12.000000000000158,5.0116447645833575e-05,-3.1586871159239112e-06,-1.3191848122897305e-11,-1.3191848122897305e-11,0.03169592255433868,4.1763706371527425e-06
0.3176,89.99985317410584,90.0,0.004725664577633999,-0.0024981200496500297,-1.853117225193062e-06,3.3341549785954304e-07,12.000000000000156,4.981340030573452e-05,-3.1457236847413094e-06,-1.305826609660392e-11,-1.305826609660392e-11,0.031504430517559995,4.151116692144489e-06
0.3178,89.99985411638002,90.0,0.004697096669641623,-0.002484544984387292,-1.8454839134125054e-06,3.312757607393868e-07,12.000000000000156,4.951200056896061e-05,-3.132765902397772e-06,-1.2925792261828072e-11,-1.2925792261828072e-11,0.03131397779761082,4.126000047413331e-06
0.318,89.99985505295616,90.0,0.0046686839995473605,-0.0024710275524694432,-1.8378543634046382e-06,3.291489628838687e-07,12.000000000000153,4.921224143105174e-05,-3.119814505779479e-06,-1.2794422056542926e-11,-1.2794422056542926e-11,0.031124559996982402,4.10102011925426e-06
0.31820000000000004,89.99985598386523,90.0,0.004640425908323138,-0.0024575676991607544,-1.8302290032353453e-06,3.270350339172007e-07,12.000000000000153,4.891411589431769e-05,-3.1068702215414816e-06,-1.2664150840423547e-11,-1.2664150840423547e-11,0.030936172722154254,4.076176324526422e-06
0.3184,89.99985690913807,90.0,0.0046123217375661895,-0.002444165366335335,-1.8226082525172635e-06,3.249339038102737e-07,12.00000000000015,4.861761696830396e-05,-3.0939337619891825e-06,-1.2534973880474325e-11,-1.2534973880474325e-11,0.030748811583774596,4.051468080691947e-06
0.3186,89.99985782880542,90.0,0.0045843708295380025,-0.0024308204935973273,-1.8149925249957598e-06,3.2284550279398745e-07,12.00000000000015,4.832273767001187e-05,-3.081005829468111e-06,-1.2406886371430251e-11,-1.2406886371430251e-11,0.030562472196920015,4.0268948058342724e-06
0.31880000000000003,89.99985874289787,90.0,0.004556572527189917,-0.002417533017961371,-1.8073822277803184e-06,3.2076976138814095e-07,12.000000000000147,4.8029471024226076e-05,-3.068087115059183e-06,-1.2279883432711217e-11,-1.2279883432711217e-11,0.03037715018126611,4.002455918685457e-06
0.319,89.99985965144586,90.0,0.0045289261741930575,-0.0024043028731838673,-1.799777759755874e-06,3.1870661045921167e-07,12.000000000000146,4.77378100639487e-05,-3.0551782958818855e-06,-1.2153960100025511e-11,-1.2153960100025511e-11,0.03019284116128705,3.978150838662343e-06
0.31920000000000004,89.99986055447971,90.0,0.004501431114975339,-0.0023911299908804416,-1.7921795141640584e-06,3.166559811336864e-07,12.000000000000146,4.7447747830599144e-05,-3.0422800394760255e-06,-1.202911134526016e-11,-1.202911134526016e-11,0.030009540766502266,3.953978985883214e-06
0.3194,89.99986145202963,90.0,0.0044740866947462895,-0.002378014299850079,-1.7845878770021784e-06,3.1461780485584047e-07,12.000000000000142,4.715927737439519e-05,-3.0293930010839453e-06,-1.1905332067847295e-11,-1.1905332067847295e-11,0.029827244631641932,3.929939781199552e-06
0.3196,89.99986234412569,90.0,0.004446892259528877,-0.0023649557264748293,-1.7770032279308113e-06,3.1259201335884865e-07,12.000000000000142,4.687239175462214e-05,-3.0165178251911927e-06,-1.1782617103096724e-11,-1.1782617103096724e-11,0.02964594839685918,3.9060326462184655e-06
0.31980000000000003,89.99986323079779,90.0,0.004419847156187544,-0.0023519541944036736,-1.7694259395110935e-06,3.105785386936741e-07,12.000000000000139,4.65870840399856e-05,-3.003655144231795e-06,-1.1660961219288342e-11,-1.1660961219288342e-11,0.029465647707916962,3.882257003332089e-06
0.32,89.99986411207574,90.0,0.00439295073245913,-0.002339009625661518,-1.7618563797712704e-06,3.085773131423995e-07,12.000000000000139,4.6303347308748296e-05,-2.9908055829450583e-06,-1.1540359136670571e-11,-1.1540359136670571e-11,0.029286338216394203,3.85861227572898e-06
0.32020000000000004,89.99986498798923,90.0,0.004366202336971688,-0.002326121938899111,-1.7542949080994144e-06,3.065882693626759e-07,12.000000000000137,4.602117464923314e-05,-2.977969751403327e-06,-1.1420805502455362e-11,-1.1420805502455362e-11,0.029108015579811256,3.835097887436051e-06
0.3204,89.99986585856779,90.0,0.004339601319282958,-0.0023132910508678454,-1.7467418786588068e-06,3.046113402721636e-07,12.000000000000135,4.5740559159976926e-05,-2.9651482508097035e-06,-1.1302294915355152e-11,-1.1302294915355152e-11,0.028930675461886386,3.8117132633313676e-06
0.3206,89.99986672384081,90.0,0.004313147029902065,-0.0023005168760947877,-1.739197639609911e-06,3.026464590774219e-07,12.000000000000135,4.546149395001737e-05,-2.9523416721773184e-06,-1.1184821922339317e-11,-1.1184821922339317e-11,0.028754313532680435,3.7884578291680713e-06
0.32080000000000003,89.99986758383761,90.0,0.004286838820315135,-0.002287799326918437,-1.731662533172355e-06,3.006935592739088e-07,12.000000000000131,4.518397213915917e-05,-2.9395505964345534e-06,-1.1068381020912177e-11,-1.1068381020912177e-11,0.02857892546876756,3.765331011596556e-06
0.321,89.99986843858731,90.0,0.0042606760430101516,-0.002275138313168169,-1.724136894854549e-06,2.987525746748716e-07,12.000000000000131,4.490798685829392e-05,-2.9267755931172903e-06,-1.0952966656073769e-11,-1.0952966656073769e-11,0.028404506953401014,3.742332238191119e-06
0.32120000000000004,89.99986928811896,90.0,0.004234658051505712,-0.002262533742559647,-1.7166210543538388e-06,2.968234393824561e-07,12.000000000000131,4.463353124963729e-05,-2.914017221896949e-06,-1.0838573227959774e-11,-1.0838573227959774e-11,0.028231053676704743,3.7194609374697333e-06
0.3214,89.99987013246142,90.0,0.004208784200375218,-0.0022499855207286142,-1.7091153356150811e-06,2.949060877877074e-07,12.000000000000128,4.4360598466980476e-05,-2.901276032679922e-06,-1.0725195093965564e-11,-1.0725195093965564e-11,0.02805856133583479,3.6967165389150003e-06
0.3216,89.99987097164347,90.0,0.0041830538452707,-0.002237493551264142,-1.7016200568882956e-06,2.9300045457056944e-07,12.000000000000128,4.408918167593767e-05,-2.8885525657054403e-06,-1.0612826570823475e-11,-1.0612826570823475e-11,0.027887025635137997,3.674098472994767e-06
0.32180000000000003,89.99987180569374,90.0,0.004157466342946171,-0.002225057735741254,-1.694135530785207e-06,2.911064746998851e-07,12.000000000000126,4.3819274054188795e-05,-2.875847351641556e-06,-1.0501461936632756e-11,-1.0501461936632756e-11,0.027716442286307805,3.651606171182361e-06
0.322,89.99987263464075,90.0,0.0041320210512806165,-0.00221267797375301,-1.6866620643348744e-06,2.892240834333962e-07,12.000000000000124,4.355086879171835e-05,-2.8631609116795713e-06,-1.0391095432844366e-11,-1.0391095432844366e-11,0.027546807008537445,3.629239065976492e-06
0.32220000000000004,89.99987345851288,90.0,0.004106717329300814,-0.0022003541625871094,-1.6791999582083748e-06,2.873532163466336e-07,12.000000000000124,4.328395909111402e-05,-2.8504937562179207e-06,-1.0281721261134262e-11,-1.0281721261134262e-11,0.027378115528672094,3.606996590926131e-06
0.3224,89.99987427733835,90.0,0.004081554537207572,-0.0021880861976177933,-1.6717495076128778e-06,2.8549380930402686e-07,12.00000000000012,4.3018538167777886e-05,-2.8378463863798855e-06,-1.017333359056437e-11,-1.017333359056437e-11,0.027210363581383814,3.584878180648121e-06
0.3226,89.9998750911453,90.0,0.004056532036397672,-0.0021758739726917553,-1.66431100317533e-06,2.8364579843001484e-07,12.00000000000012,4.275459925009278e-05,-2.825219295513678e-06,-1.0065926564442961e-11,-1.0065926564442961e-11,0.027043546909317814,3.5628832708410295e-06
0.32280000000000003,89.99987589996172,90.0,0.004031649189481362,-0.0021637173797972916,-1.6568847301542183e-06,2.8180912013793534e-07,12.00000000000012,4.24921355796657e-05,-2.812612967854383e-06,-9.959494296932765e-12,-9.959494296932765e-12,0.026877661263209087,3.5410112983054394e-06
0.323,89.9998767038155,90.0,0.004006905360303564,-0.002151616308738642,-1.6494709676603434e-06,2.799837111589148e-07,12.000000000000117,4.223114041160956e-05,-2.8000278772012005e-06,-9.854030869875315e-12,-9.854030869875315e-12,0.026712702402023756,3.519261700967429e-06
0.32320000000000004,89.99987750273435,90.0,0.003982299913968901,-0.0021395706475262166,-1.642069989547978e-06,2.781695085129789e-07,12.000000000000117,4.1971607014741886e-05,-2.78746448843021e-06,-9.74953033966168e-12,-9.74953033966168e-12,0.026548666093126005,3.497633917895123e-06
0.3234,89.99987829674589,90.0,0.003957832216862173,-0.0021275802827604344,-1.634682065294972e-06,2.763664494801622e-07,12.000000000000115,4.171352867173587e-05,-2.774923258988379e-06,-9.645986743806447e-12,-9.645986743806447e-12,0.02638554811241449,3.476127389311289e-06
0.3236,89.99987908587762,90.0,0.003933501636664503,-0.002115645099299018,-1.6273074592112887e-06,2.745744716293984e-07,12.000000000000114,4.145689867934981e-05,-2.7624046375500274e-06,-9.543394097523036e-12,-9.543394097523036e-12,0.02622334424443002,3.4547415566124515e-06
0.32380000000000003,89.9998798701569,90.0,0.003909307542373319,-0.0021037649799296107,-1.6199464296567916e-06,2.7279351284740985e-07,12.000000000000114,4.1201710348696186e-05,-2.7499090626889984e-06,-9.441746390513806e-12,-9.441746390513806e-12,0.026062050282488793,3.4334758623913162e-06
0.324,89.99988064961094,90.0,0.003885249304325913,-0.002091939805757944,-1.6125992299288422e-06,2.71023511309818e-07,12.000000000000112,4.094795700542496e-05,-2.7374369643853806e-06,-9.341037593559378e-12,-9.341037593559378e-12,0.02590166202883942,3.412329750452048e-06
0.3242,89.99988142426689,90.0,0.0038613262942188203,-0.002080169456945443,-1.605266109970349e-06,2.692644054233635e-07,12.00000000000011,4.0695631989801864e-05,-2.7249887669249755e-06,-9.24126166959348e-12,-9.24126166959348e-12,0.025742175294792138,3.3913026658167908e-06
0.3244,89.99988219415168,90.0,0.003837537885118576,-0.0020684538113031536,-1.5979473130735174e-06,2.675161339414656e-07,12.00000000000011,4.044472865706631e-05,-2.7125648833038107e-06,-9.142412555825698e-12,-9.142412555825698e-12,0.02558358590079051,3.370394054755495e-06
0.3246,89.99988295929222,90.0,0.003813883451488572,-0.0020567927457503326,-1.5906430792671476e-06,2.657786358486629e-07,12.000000000000108,4.0195240377464336e-05,-2.700165720978183e-06,-9.044484184475531e-12,-9.044484184475531e-12,0.025425889676590475,3.3496033647886643e-06
0.32480000000000003,89.9998837197152,90.0,0.003790362369199134,-0.0020451861349074334,-1.5833536420187467e-06,2.640518504761728e-07,12.000000000000107,3.9947160536599404e-05,-2.6877916762663912e-06,-8.947470465062349e-12,-8.947470465062349e-12,0.02526908246132756,3.3289300447165875e-06
0.325,89.99988447544723,90.0,0.003766974015554208,-0.0020336338525544437,-1.5760792316213882e-06,2.6233571738633155e-07,12.000000000000107,3.97004825354636e-05,-2.675443140098036e-06,-8.851365304840587e-12,-8.851365304840587e-12,0.02511316010369472,3.3083735446219375e-06
0.3252,89.99988522651483,90.0,0.003743717769300459,-0.0020221357709330583,-1.5688200735546147e-06,2.6063017643037466e-07,12.000000000000105,3.945519979065523e-05,-2.6631204952315994e-06,-8.756162600495879e-12,-8.756162600495879e-12,0.02495811846200306,3.2879333158879075e-06
0.3254,89.99988597294434,90.0,0.0037205930106453304,-0.002010691760771888,-1.5615763885281415e-06,2.5893516774843657e-07,12.000000000000103,3.921130573456648e-05,-2.6508241163286356e-06,-8.661856239493605e-12,-8.661856239493605e-12,0.024803953404302206,3.2676088112138455e-06
0.3256,89.99988671476198,90.0,0.003697599121273987,-0.0019993016913101166,-1.5543483925228687e-06,2.572506317695505e-07,12.000000000000103,3.8968793815559445e-05,-2.6385543700233886e-06,-8.56844010138199e-12,-8.56844010138199e-12,0.02465066080849325,3.247399484629926e-06
0.32580000000000003,89.99988745199389,90.0,0.0036747354843666624,-0.0019879654303217283,-1.5471362968328747e-06,2.555765092116489e-07,12.000000000000103,3.872765749814639e-05,-2.626311614994078e-06,-8.475908059074458e-12,-8.475908059074458e-12,0.024498236562444417,3.2273047915121717e-06
0.326,89.99988818466605,90.0,0.003652001484615252,-0.0019766828448492106,-1.539940309766715e-06,2.539127410237833e-07,12.0000000000001,3.848789026303915e-05,-2.6140962048509055e-06,-8.384253989110661e-12,-8.384253989110661e-12,0.024346676564101683,3.2073241885865693e-06
0.3262,89.99988891280431,90.0,0.0036293965082315575,-0.001965453799793985,-1.5327606333451022e-06,2.5225926850168375e-07,12.0000000000001,3.8249485607480814e-05,-2.6019084825302664e-06,-8.29347175454357e-12,-8.29347175454357e-12,0.024195976721543715,3.1874571339567083e-06
0.3264,89.99988963643443,90.0,0.003606919942972041,-0.0019542781593720566,-1.5255974666831035e-06,2.506160331721998e-07,12.0000000000001,3.801243704525694e-05,-2.589748786036133e-06,-8.203555224352356e-12,-8.203555224352356e-12,0.024046132953146938,3.1677030871047187e-06
0.3266,89.99989035558202,90.0,0.0035845711781456193,-0.0019431557864143505,-1.5184510043478647e-06,2.4898297685107985e-07,12.000000000000096,3.777673810689952e-05,-2.5776174456522397e-06,-8.114498265348266e-12,-8.114498265348266e-12,0.02389714118763746,3.148061508908268e-06
0.32680000000000003,89.9998910702726,90.0,0.0035623496046292375,-0.0019320865423884585,-1.5113214363963067e-06,2.473600416429712e-07,12.000000000000096,3.754238233984883e-05,-2.5655147840060767e-06,-8.026294743307503e-12,-8.026294743307503e-12,0.023748997364194918,3.128531861654044e-06
0.327,89.99989178053151,90.0,0.003540254614883901,-0.001921070287421027,-1.5042089484139418e-06,2.457471699414202e-07,12.000000000000096,3.730936330862001e-05,-2.5534411161347782e-06,-7.938938524086655e-12,-7.938938524086655e-12,0.02360169743255934,3.1091136090516425e-06
0.3272,89.99989248638404,90.0,0.003518285602969526,-0.0019101068810290275,-1.497113723211937e-06,2.4414430437109234e-07,12.000000000000094,3.707767459483434e-05,-2.541396752365943e-06,-7.852423483382706e-12,-7.852423483382706e-12,0.023455237353130178,3.0898062162361703e-06
0.3274,89.9998931878553,90.0,0.0034964419645524,-0.0018991961814196388,-1.4900359391840539e-06,2.425513878455521e-07,12.000000000000092,3.684730979741976e-05,-2.529381995528487e-06,-7.766743498771104e-12,-7.766743498771104e-12,0.023309613097016,3.0706091497849564e-06
0.3276,89.99989388497035,90.0,0.0034747230969197486,-0.001888338045510582,-1.4829757703419044e-06,2.409683635672629e-07,12.000000000000092,3.661826253276232e-05,-2.5173971410124924e-06,-7.681892450735002e-12,-7.681892450735002e-12,0.023164820646131658,3.05152187773017e-06
0.32780000000000004,89.99989457775403,90.0,0.0034531283989948027,-0.0018775323293064303,-1.475933387181981e-06,2.393951749986971e-07,12.000000000000092,3.639052643480111e-05,-2.5054424782410176e-06,-7.597864227941888e-12,-7.597864227941888e-12,0.02302085599329869,3.0325438695667357e-06
0.328,89.99989526623114,90.0,0.0034316572713470953,-0.0018667788872024414,-1.4689089550494494e-06,2.378317659201162e-07,12.000000000000089,3.616409515525836e-05,-2.493518287892584e-06,-7.514652719560305e-12,-7.514652719560305e-12,0.02287771514231397,3.0136745962715077e-06
0.3282,89.99989595042632,90.0,0.0034103091162108194,-0.0018560775734312793,-1.4619026375048618e-06,2.3627808031401078e-07,12.000000000000089,3.5938962363584114e-05,-2.481624847616278e-06,-7.432251833251326e-12,-7.432251833251326e-12,0.022735394108072127,2.994913530298654e-06
0.3284,89.99989663036412,90.0,0.0033890833374867874,-0.0018454282406446608,-1.4549145930066193e-06,2.347340624806603e-07,12.000000000000089,3.571512174722264e-05,-2.4697624264001256e-06,-7.350655478799653e-12,-7.350655478799653e-12,0.022593888916578576,2.9762601456018647e-06
0.3286,89.99989730606895,90.0,0.003367979340760487,-0.001834830741004386,-1.4479449774463924e-06,2.3319965695146347e-07,12.000000000000087,3.54925670116155e-05,-2.457931288875049e-06,-7.269857581695292e-12,-7.269857581695292e-12,0.022453195605069913,2.9577139176346035e-06
0.32880000000000004,89.99989797756511,90.0,0.003346996533307688,-0.0018242849251243441,-1.440993941670968e-06,2.3167480857560778e-07,12.000000000000085,3.5271291880444356e-05,-2.446131691108125e-06,-7.189852071256585e-12,-7.189852071256585e-12,0.022313310222051252,2.939274323370342e-06
0.329,89.99989864487678,90.0,0.003326134324112143,-0.0018137906431610503,-1.434061634016822e-06,2.3015946243339997e-07,12.000000000000085,3.505129009563036e-05,-2.4343638849050994e-06,-7.110632894011146e-12,-7.110632894011146e-12,0.02217422882741429,2.920940841302509e-06
0.3292,89.99989930802802,90.0,0.003305392123870848,-0.0018033477441104433,-1.4271481986616996e-06,2.286535638940456e-07,12.000000000000085,3.483255541751183e-05,-2.4226281150121447e-06,-7.032194006015179e-12,-7.032194006015179e-12,0.02203594749247232,2.9027129514592984e-06
0.3294,89.99989996704277,90.0,0.0032847693450072874,-0.001792956076181654,-1.4202537764872542e-06,2.2715705858675952e-07,12.000000000000083,3.4615081624920385e-05,-2.410924620580216e-06,-6.954529377742816e-12,-6.954529377742816e-12,0.02189846230004858,2.884590135410012e-06
0.3296,89.99990062194485,90.0,0.0032642654016804143,-0.0017826154868095419,-1.4133785051007789e-06,2.2566989240076545e-07,12.000000000000082,3.4398862515274214e-05,-2.39925363520194e-06,-6.877632994715238e-12,-6.877632994715238e-12,0.021761769344536098,2.8665718762728317e-06
0.32980000000000004,89.99990127275797,90.0,0.003243879709793552,-0.0017723258223118514,-1.4065225180261832e-06,2.2419201151418615e-07,12.000000000000082,3.418389190473212e-05,-2.3876153855382742e-06,-6.8014988541095934e-12,-6.8014988541095934e-12,0.021625864731957014,2.848657658727657e-06
0.33,89.99990191950575,90.0,0.0032236116870071477,-0.0017620869286175654,-1.3996859463960057e-06,2.227233623362636e-07,12.000000000000082,3.3970163628203e-05,-2.3760100941907507e-06,-6.7261209734934405e-12,-6.7261209734934405e-12,0.021490744580047648,2.8308469690168976e-06
0.3302,89.99990256221162,90.0,0.0032034607527432917,-0.0017518986505626723,-1.3928689173012168e-06,2.212638915651387e-07,12.00000000000008,3.375767153951587e-05,-2.364437976900214e-06,-6.651493383312859e-12,-6.651493383312859e-12,0.021356405018288612,2.8131392949596373e-06
0.3304,89.99990320089897,90.0,0.003183426328198125,-0.0017417608322627552,-1.386071554651808e-06,2.1981354615896136e-07,12.000000000000078,3.354640951148716e-05,-2.3528992440076993e-06,-6.577610131562527e-12,-6.577610131562527e-12,0.0212228421879875,2.7955341259572452e-06
0.3306,89.99990383559104,90.0,0.0031635078363501223,-0.0017316733171245692,-1.3792939791968623e-06,2.1837227333589068e-07,12.000000000000078,3.3336371436006925e-05,-2.341394100488501e-06,-6.504465284329958e-12,-6.504465284329958e-12,0.02109005224233415,2.778030953000559e-06
0.33080000000000004,89.99990446631095,90.0,0.003143704701968156,-0.0017216359478572872,-1.3725363085440488e-06,2.1694002057409474e-07,12.000000000000078,3.312755122412256e-05,-2.3299227459852685e-06,-6.432052926322897e-12,-6.432052926322897e-12,0.020958031346454374,2.7606292686768617e-06
0.331,89.99990509308171,90.0,0.0031240163516195697,-0.001711648566483784,-1.3657986571791875e-06,2.1551673561175073e-07,12.000000000000076,3.291994280612266e-05,-2.318485374841214e-06,-6.360367161383678e-12,-6.360367161383678e-12,0.0208267756774638,2.743328567176871e-06
0.3312,89.99990571592623,90.0,0.00310444221367798,-0.0017017110143515224,-1.3590811364851178e-06,2.1410236644704488e-07,12.000000000000075,3.271354013161817e-05,-2.307082176132145e-06,-6.28940211298662e-12,-6.28940211298662e-12,0.020696281424519864,2.7261283443014975e-06
0.33140000000000003,89.9999063348673,90.0,0.003084981718331001,-0.0016918231321433423,-1.3523838547604052e-06,2.1269686133817252e-07,12.000000000000075,3.250833716962259e-05,-2.2957133336982193e-06,-6.21915192472163e-12,-6.21915192472163e-12,0.02056654478887334,2.7090280974685324e-06
0.3316,89.99990694992759,90.0,0.003065634297587752,-0.0016819847598879417,-1.3457069172375077e-06,2.11300168803338e-07,12.000000000000075,3.230432790862999e-05,-2.284379026174782e-06,-6.149610760762213e-12,-6.149610760762213e-12,0.020437561983918343,2.6920273257191493e-06
0.33180000000000004,89.99990756112965,90.0,0.003046399385286627,-0.0016721957373259985,-1.339050426932158e-06,2.099122375918649e-07,12.000000000000073,3.210150635663425e-05,-2.2730794284342194e-06,-6.0807728100846e-12,-6.0807728100846e-12,0.02030932923524418,2.6751255297195047e-06
0.332,89.99990816849594,90.0,0.0030272764170982754,-0.0016624559028485157,-1.332414482158866e-06,2.0853301677086564e-07,12.000000000000071,3.189986654134456e-05,-2.261814707368446e-06,-6.012632275525275e-12,-6.012632275525275e-12,0.02018184278065517,2.6583222117786975e-06
0.3322,89.99990877204877,90.0,0.0030082648305411624,-0.0016527650949396322,-1.3257991798908552e-06,2.0716245560968187e-07,12.000000000000071,3.169940251010103e-05,-2.2505850275925013e-06,-5.945183389405093e-12,-5.945183389405093e-12,0.020055098870274415,2.641616875841737e-06
0.33240000000000003,89.99990937181038,90.0,0.002989364064980573,-0.0016431231514646956,-1.3192046140965292e-06,2.0580050363766443e-07,12.000000000000071,3.150010832998741e-05,-2.2393905486206517e-06,-5.8784204062250036e-12,-5.8784204062250036e-12,0.01992909376653715,2.625009027498935e-06
0.3326,89.99990996780286,90.0,0.0029705735616356696,-0.0016335299093248375,-1.3126308749259676e-06,2.0444711067306297e-07,12.000000000000071,3.13019780879659e-05,-2.228231423485439e-06,-5.812337599404823e-12,-5.812337599404823e-12,0.019803823744237798,2.608498173997143e-06
0.33280000000000004,89.99991056004822,90.0,0.0029518927635903466,-0.001623985205182677,-1.3060780503983497e-06,2.0310222676524645e-07,12.000000000000068,3.1105005890866944e-05,-2.2171078016021372e-06,-5.746929269126763e-12,-5.746929269126763e-12,0.019679285090602308,2.5920838242388975e-06
0.333,89.99991114856836,90.0,0.0029333211157962277,-0.0016144888754665054,-1.2995462264092088e-06,2.0176580219470284e-07,12.000000000000068,3.090918586542034e-05,-2.206019828781065e-06,-5.682189742549692e-12,-5.682189742549692e-12,0.019555474105308186,2.575765488785014e-06
0.3332,89.99991173338502,90.0,0.0029148580650752015,-0.0016050407556632814,-1.2930354850754253e-06,2.004377875308193e-07,12.000000000000068,3.071451215840463e-05,-2.1949676444181608e-06,-5.6181133668155e-12,-5.6181133668155e-12,0.019432387100501346,2.5595426798670383e-06
0.33340000000000003,89.99991231451989,90.0,0.0028965030601301135,-0.0015956406810441028,-1.2865459064222482e-06,1.9911813357410194e-07,12.000000000000068,3.052097893663517e-05,-2.183951384358755e-06,-5.554694516720701e-12,-5.554694516720701e-12,0.019310020400867423,2.54341491138625e-06
0.3336,89.99991289199453,90.0,0.002878255551547454,-0.0015862884863126914,-1.2800775675592352e-06,1.9780679138506613e-07,12.000000000000066,3.0328580387053567e-05,-2.172971179498702e-06,-5.4919275913480525e-12,-5.4919275913480525e-12,0.019188370343649695,2.5273816989211166e-06
0.33380000000000004,89.99991346583035,90.0,0.002860114991803679,-0.0015769840059694888,-1.2736305435261217e-06,1.9650371225534622e-07,12.000000000000064,3.0137310716731864e-05,-2.1620271572202687e-06,-5.429807017929949e-12,-5.429807017929949e-12,0.019067433278691193,2.511442559727642e-06
0.334,89.99991403604871,90.0,0.002842080835267534,-0.0015677270736043538,-1.2672049056372985e-06,1.9520884776547568e-07,12.000000000000064,2.994716415301969e-05,-2.151119438581834e-06,-5.368327244996783e-12,-5.368327244996783e-12,0.018947205568450223,2.4955970127516274e-06
0.3342,89.99991460267083,90.0,0.002824152538210664,-0.0015585175233324717,-1.2608007248297856e-06,1.9392214966932733e-07,12.000000000000064,2.975813494340846e-05,-2.1402481440011795e-06,-5.3074827567971886e-12,-5.3074827567971886e-12,0.018827683588071093,2.4798445786173584e-06
0.33440000000000003,89.99991516571784,90.0,0.002806329558801363,-0.001549355188009258,-1.2544180674952396e-06,1.9264357003856275e-07,12.000000000000064,2.9570217355773994e-05,-2.129413386180191e-06,-5.247268055803551e-12,-5.247268055803551e-12,0.01870886372534242,2.4641847796478197e-06
0.3346,89.99991572521073,90.0,0.002788611357119103,-0.0015402399003164688,-1.248056998006843e-06,1.913730611759628e-07,12.000000000000062,2.9383405678342945e-05,-2.1186152743943324e-06,-5.1876776736551835e-12,-5.1876776736551835e-12,0.01859074238079402,2.4486171398618994e-06
0.33480000000000004,89.99991628117041,90.0,0.0027709973951565202,-0.0015311714931202408,-1.2417175795546717e-06,1.901105755865376e-07,12.00000000000006,2.9197694219651923e-05,-2.1078539159107086e-06,-5.128706174704705e-12,-5.128706174704705e-12,0.01847331596771013,2.4331411849709813e-06
0.335,89.99991683361766,90.0,0.0027534871368173073,-0.001522149798047065,-1.2353998708183268e-06,1.8885606609308612e-07,12.00000000000006,2.9013077308771663e-05,-2.0971294103397525e-06,-5.070348142390472e-12,-5.070348142390472e-12,0.01835658091211538,2.4177564423976266e-06
0.3352,89.9999173825732,90.0,0.002736080047930344,-0.0015131746472798711,-1.229103930153971e-06,1.8760948569174667e-07,12.00000000000006,2.8829549295146245e-05,-2.0864418567428524e-06,-5.0125981967020184e-12,-5.0125981967020184e-12,0.01824053365286896,2.402462441262175e-06
0.33540000000000003,89.99991792805758,90.0,0.0027187755962434527,-0.0015042458724834964,-1.2228298130875163e-06,1.8637078763866667e-07,12.00000000000006,2.8647104548712785e-05,-2.075791349376957e-06,-4.955450983909582e-12,-4.955450983909582e-12,0.01812517064162302,2.38725871239272e-06
0.3356,89.9999184700913,90.0,0.0027015732514291315,-0.001495363304812689,-1.216577572328495e-06,1.8513992545000266e-07,12.000000000000059,2.846573745996099e-05,-2.0651779777181245e-06,-4.8989011768180835e-12,-4.8989011768180835e-12,0.018010488342860877,2.372144788330071e-06
0.33580000000000004,89.99991900869472,90.0,0.002684472485090654,-0.0014865267752759,-1.2103472586154014e-06,1.8391685287303017e-07,12.000000000000057,2.8285442439935052e-05,-2.054601827896515e-06,-4.842943478329329e-12,-4.842943478329329e-12,0.017896483233937693,2.3571202033279097e-06
0.336,89.9999195438881,90.0,0.002667472770763576,-0.001477736114737381,-1.2041389207193277e-06,1.8270152388614417e-07,12.000000000000057,2.8106213920249256e-05,-2.044062982702563e-06,-4.787572621525059e-12,-4.787572621525059e-12,0.017783151805090505,2.3421844933540934e-06
0.3362,89.99992007569158,90.0,0.002650573583917306,-0.0014689911535641126,-1.1979526046172092e-06,1.8149389272774848e-07,12.000000000000057,2.7928046353165864e-05,-2.0335615201835343e-06,-4.732783366474994e-12,-4.732783366474994e-12,0.017670490559448707,2.3273371960971445e-06
0.33640000000000003,89.99992060412525,90.0,0.002633774401960994,-0.001460291722344563,-1.1917883551672013e-06,1.8029391383847624e-07,12.000000000000057,2.7750934211533226e-05,-2.0230975164875336e-06,-4.6785705069634615e-12,-4.6785705069634615e-12,0.017558496013073296,2.312577850961091e-06
0.3366,89.99992112920903,90.0,0.0026170747042408484,-0.0014516376508191308,-1.1856462136104922e-06,1.7910154194785969e-07,12.000000000000057,2.7574871988942486e-05,-2.0126710416227493e-06,-4.6249288607165484e-12,-4.6249288607165484e-12,0.017447164694938986,2.2979059990785296e-06
0.33680000000000004,89.99992165096276,90.0,0.0026004739720499577,-0.0014430287689596753,-1.1795262200867784e-06,1.779167319876601e-07,12.000000000000055,2.7399854199645082e-05,-2.0022821637275565e-06,-4.57185327939039e-12,-4.57185327939039e-12,0.01733649314699972,2.2833211833037465e-06
0.337,89.9999221694062,90.0,0.0025839716886254752,-0.0014344649066103078,-1.1734284127968746e-06,1.767394391207582e-07,12.000000000000053,2.7225875378584975e-05,-1.9919309476490158e-06,-4.519338645286544e-12,-4.519338645286544e-12,0.017226477924169835,2.2688229482154047e-06
0.3372,89.99992268455898,90.0,0.0025675673391503707,-0.0014259458934898425,-1.1673528280069654e-06,1.7556961874115364e-07,12.000000000000053,2.705293008141689e-05,-1.981617454950096e-06,-4.467379871406666e-12,-4.467379871406666e-12,0.017117115594335805,2.254410840118064e-06
0.33740000000000003,89.99992319644065,90.0,0.00255126041075457,-0.0014174715588381155,-1.1612994992207853e-06,1.7440722650285525e-07,12.000000000000053,2.6881012884579663e-05,-1.9713417425044196e-06,-4.415971898347566e-12,-4.415971898347566e-12,0.0170084027383638,2.2400844070482955e-06
0.3376,89.99992370507063,90.0,0.002535050392520535,-0.0014090417321343165,-1.1552684588542676e-06,1.732522182621012e-07,12.000000000000053,2.6710118385231167e-05,-1.9611038653390348e-06,-4.3651097007449856e-12,-4.3651097007449856e-12,0.0169003359501369,2.225843198769254e-06
0.3378,89.99992421046825,90.0,0.0025189367754805693,-0.0014006562423826865,-1.1492597365678854e-06,1.7210455013513863e-07,12.000000000000052,2.6540241201343383e-05,-1.9509038738035096e-06,-4.314788280948341e-12,-4.314788280948341e-12,0.01679291183653713,2.211686766778606e-06
0.338,89.99992471265274,90.0,0.0025029190526222552,-0.001392314918830651,-1.1432733609409467e-06,1.7096417844044396e-07,12.00000000000005,2.6371375971635845e-05,-1.9407418164121014e-06,-4.265002675373232e-12,-4.265002675373232e-12,0.016686127017481702,2.197614664302978e-06
0.3382,89.99992521164324,90.0,0.0024869967188856706,-0.001384017590254391,-1.1373093578037219e-06,1.698310597565027e-07,12.00000000000005,2.6203517355669738e-05,-1.9306177370124913e-06,-4.215747948247537e-12,-4.215747948247537e-12,0.016579978125904473,2.1836264463058023e-06
0.33840000000000003,89.99992570745876,90.0,0.0024711692711686804,-0.0013757640856767743,-1.1313677519113904e-06,1.6870515086402968e-07,12.00000000000005,2.6036660033779872e-05,-1.9205316776273606e-06,-4.1670191978740256e-12,-4.1670191978740256e-12,0.016474461807791205,2.169721669481647e-06
0.3386,89.99992620011825,90.0,0.0024554362083242143,-0.0013675542340082824,-1.1254485661068789e-06,1.6758640877485886e-07,12.00000000000005,2.5870798707107896e-05,-1.910483677033282e-06,-4.118811553478598e-12,-4.118811553478598e-12,0.016369574722161426,2.1558998922589824e-06
0.3388,89.99992668964052,90.0,0.002439797031161624,-0.001359387863693637,-1.1195518204935843e-06,1.6647479076083323e-07,12.00000000000005,2.5705928097677936e-05,-1.9004737693563934e-06,-4.071120172216518e-12,-4.071120172216518e-12,0.016265313541077495,2.1421606748064858e-06
0.339,89.99992717604428,90.0,0.0024242512424518655,-0.0013512648034295748,-1.1136775341090475e-06,1.653702542960251e-07,12.00000000000005,2.5542042948327383e-05,-1.8905019869135068e-06,-4.023940245303571e-12,-4.023940245303571e-12,0.0161616749496791,2.128503579027273e-06
0.3392,89.99992765934819,90.0,0.0024087983469246637,-0.0013431848821608906,-1.1078257249180977e-06,1.642727570567361e-07,12.000000000000048,2.5379138022677447e-05,-1.8805683602004747e-06,-3.9772669978839875e-12,-3.9772669978839875e-12,0.016058655646164426,2.1149281685564456e-06
0.33940000000000003,89.99992813957076,90.0,0.0023934378512656764,-0.0013351479283659354,-1.1019964081448438e-06,1.6318225697927685e-07,12.000000000000046,2.521720810522673e-05,-1.8706729150606919e-06,-3.931095682991367e-12,-3.931095682991367e-12,0.015956252341771178,2.101434008768886e-06
0.3396,89.99992861673044,90.0,0.002378169264121928,-0.001327153770774742,-1.0961895979469647e-06,1.6209871220218726e-07,12.000000000000046,2.5056248001284617e-05,-1.8608156755272552e-06,-3.885421587557391e-12,-3.885421587557391e-12,0.015854461760812854,2.08802066677371e-06
0.3398,89.99992909084554,90.0,0.002362992096098781,-0.0013192022380095322,-1.09040530657782e-06,1.6102208109512649e-07,12.000000000000046,2.4896252537001378e-05,-1.8509966624006206e-06,-3.84024002935603e-12,-3.84024002935603e-12,0.015753280640658538,2.0746877114167735e-06
0.34,89.99992956193432,90.0,0.00234790585976127,-0.0013112931585865736,-1.0846435443896656e-06,1.5995232225887273e-07,12.000000000000046,2.4737216559381983e-05,-1.8412158932540622e-06,-3.795546357000125e-12,-3.795546357000125e-12,0.015652705731741802,2.061434713281824e-06
0.3402,89.9999300300149,90.0,0.0023329100696352395,-0.0013034263612730392,-1.0789043206669823e-06,1.5888939449643356e-07,12.000000000000046,2.4579134936236433e-05,-1.8314733838482727e-06,-3.751335952811005e-12,-3.751335952811005e-12,0.015552733797568264,2.0482612446863613e-06
0.34040000000000004,89.99993049510532,90.0,0.0023180042422045704,-0.0012956016747278686,-1.0731876427891952e-06,1.5783325684193572e-07,12.000000000000044,2.4422002556212445e-05,-1.821769146710054e-06,-3.7076042298151445e-12,-3.7076042298151445e-12,0.015453361614697134,2.035166879684363e-06
0.3406,89.99993095722353,90.0,0.0023031878959124683,-0.0012878189275035631,-1.0674935162337929e-06,1.5678386856062507e-07,12.000000000000043,2.4265814328808845e-05,-1.8121031911376117e-06,-3.664346631732262e-12,-3.664346631732262e-12,0.01535458597274979,2.0221511940673964e-06
0.3408,89.99993141638737,90.0,0.0022884605511624126,-0.0012800779484027811,-1.0618219454091847e-06,1.557411891199768e-07,12.000000000000043,2.4110565184323907e-05,-1.802475524614357e-06,-3.621558635780228e-12,-3.621558635780228e-12,0.015256403674416082,2.0092137653603185e-06
0.341,89.99993187261461,90.0,0.0022738217303155867,-0.0012723785664747553,-1.056172933648495e-06,1.5470517818969535e-07,12.000000000000043,2.3956250073828662e-05,-1.7928861527983713e-06,-3.579235752528518e-12,-3.579235752528518e-12,0.015158811535437244,1.996354172819048e-06
0.3412,89.99993232592288,90.0,0.0022592709576879366,-0.0012647206103006366,-1.0505464815412923e-06,1.5367579569949424e-07,12.000000000000043,2.3802863969259355e-05,-1.7833350766904656e-06,-3.5373735201726417e-12,-3.5373735201726417e-12,0.015061806384586245,1.9835719974382725e-06
0.34140000000000004,89.99993277632977,90.0,0.002244807759555573,-0.0012571039090668549,-1.0449425894383787e-06,1.526530017524263e-07,12.000000000000043,2.365040186328903e-05,-1.773822296886137e-06,-3.4959675129516142e-12,-3.4959675129516142e-12,0.014965385063703823,1.9708668219407456e-06
0.3416,89.99993322385274,90.0,0.002230431664147655,-0.0012495282918446391,-1.0393612557734248e-06,1.5163675668266367e-07,12.000000000000043,2.349885876937662e-05,-1.7643478107264932e-06,-3.4550133353600455e-12,-3.4550133353600455e-12,0.014869544427651033,1.958238230781378e-06
0.3418,89.99993366850914,90.0,0.0022161422016480454,-0.0012419935879475995,-1.0338024778975472e-06,1.5062702102660765e-07,12.00000000000004,2.3348229721722626e-05,-1.7549116137149723e-06,-3.4145066248613328e-12,-3.4145066248613328e-12,0.014774281344320302,1.9456858101435457e-06
0.342,89.9999341103163,90.0,0.002201938904192322,-0.0012344996265722856,-1.0282662512415046e-06,1.4962375555177878e-07,12.000000000000039,2.319850977529961e-05,-1.745513698095147e-06,-3.3744430490149592e-12,-3.3744430490149592e-12,0.01467959269461548,1.9332091479416277e-06
0.3422,89.99993454929137,90.0,0.002187821305869117,-0.001227046237155323,-1.0227525701495065e-06,1.4862692122792677e-07,12.000000000000039,2.3049694005804535e-05,-1.7361540542661377e-06,-3.3348183081476086e-12,-3.3348183081476086e-12,0.014585475372460778,1.9208078338170385e-06
0.34240000000000004,89.99993498545145,90.0,0.002173788942717441,-0.0012196332490144097,-1.0172614270421697e-06,1.476364792559207e-07,12.000000000000039,2.2901777509692537e-05,-1.726832669361708e-06,-3.295628132515847e-12,-3.295628132515847e-12,0.014491926284782939,1.9084814591410384e-06
0.3426,89.99993541881354,90.0,0.0021598413527280703,-0.0012122604920607946,-1.011792814081013e-06,1.4665239100996878e-07,12.000000000000039,2.2754755404068266e-05,-1.717549530075794e-06,-3.2568682876039132e-12,-3.2568682876039132e-12,0.014398942351520469,1.8962296170056827e-06
0.3428,89.99993584939453,90.0,0.002145978075836685,-0.0012049277957238804,-1.0063467206601388e-06,1.4567461812428854e-07,12.000000000000039,2.2608622826799142e-05,-1.708304618404557e-06,-3.2185345658989617e-12,-3.2185345658989617e-12,0.014306520505577897,1.8840519022332556e-06
0.343,89.99993627721128,90.0,0.002132198653929401,-0.00119763499038004,-1.000923136741909e-06,1.4470312237754677e-07,12.000000000000039,2.2463374936326796e-05,-1.6990979173087966e-06,-3.1806227975032796e-12,-3.1806227975032796e-12,0.014214657692862676,1.8719479113605602e-06
0.3432,89.99993670228046,90.0,0.0021185026308319444,-0.0011903819059164045,-9.955220495084477e-07,1.4373786580841947e-07,12.000000000000039,2.231900691180061e-05,-1.6899294050297725e-06,-3.1431288392762055e-12,-3.1431288392762055e-12,0.014123350872212965,1.859917242650045e-06
0.34340000000000004,89.99993712461877,90.0,0.0021048895523152426,-0.001183168372804493,-9.901434458668976e-07,1.4277881062892197e-07,12.000000000000037,2.2175513952951294e-05,-1.680799059341956e-06,-3.10604858271207e-12,-3.10604858271207e-12,0.01403259701543495,1.8479594960792687e-06
0.3436,89.99993754424271,90.0,0.0020913589660888393,-0.0011759942213804748,-9.84787310772339e-07,1.418259192821888e-07,12.000000000000036,2.2032891280145487e-05,-1.6717068547061315e-06,-3.069377948501171e-12,-3.069377948501171e-12,0.013942393107258928,1.8360742733454518e-06
0.3438,89.99993796116873,90.0,0.002077910421802272,-0.0011688592822023587,-9.794536280616873e-07,1.4087915441358372e-07,12.000000000000036,2.1891134134338556e-05,-1.6626527636849634e-06,-3.0331128890546777e-12,-3.0331128890546777e-12,0.01385273614534848,1.8242611778615409e-06
0.34400000000000003,89.99993837541322,90.0,0.0020645434710426583,-0.001161763386401898,-9.741423812784227e-07,1.3993847884180988e-07,12.000000000000036,2.1750237776987966e-05,-1.6536367583430018e-06,-2.997249390893981e-12,-2.997249390893981e-12,0.013763623140284387,1.8125198147489917e-06
0.3442,89.99993878699243,90.0,0.0020512576673281293,-0.0011547063646096085,-9.688535511649932e-07,1.3900385564557958e-07,12.000000000000036,2.161019749016967e-05,-1.644658805989958e-06,-2.9617834667824606e-12,-2.9617834667824606e-12,0.013675051115520859,1.800849790847467e-06
0.34440000000000004,89.99993919592255,90.0,0.0020380525661134927,-0.0011476880483837603,-9.635871189987931e-07,1.3807524804805448e-07,12.000000000000036,2.1471008576390806e-05,-1.6357188748436306e-06,-2.926711165860984e-12,-2.926711165860984e-12,0.013587017107423284,1.7892507146992286e-06
0.3446,89.9999396022197,90.0,0.0020249277247797195,-0.0011407082694851523,-9.58343064905576e-07,1.3715261947462557e-07,12.000000000000036,2.133266635860353e-05,-1.626816931166873e-06,-2.892028568259174e-12,-2.892028568259174e-12,0.01349951816519813,1.777722196550289e-06
0.3448,89.99994000589986,90.0,0.002011882702631551,-0.0011337668591632336,-9.531213661925283e-07,1.362359336106929e-07,12.000000000000036,2.1195166180303204e-05,-1.617952936437934e-06,-2.8577317799759547e-12,-2.8577317799759547e-12,0.013412551350877006,1.766263848358595e-06
0.34500000000000003,89.99994040697896,90.0,0.0019989170609033746,-0.00112686364958539,-9.479220006847668e-07,1.3532515428610608e-07,12.000000000000034,2.1058503405343327e-05,-1.6091268530142648e-06,-2.8238169428191827e-12,-2.8238169428191827e-12,0.013326113739355829,1.7548752837786058e-06
0.3452,89.99994080547283,90.0,0.001986030362748748,-0.0011199984727565044,-9.427449442082755e-07,1.3442024556183377e-07,12.000000000000034,2.092267341801129e-05,-1.6003386398597273e-06,-2.790280226667447e-12,-2.790280226667447e-12,0.013240202418324987,1.7435561181676026e-06
0.34540000000000004,89.99994120139722,90.0,0.0019732221732422094,-0.0011131711612320239,-9.3759017225542e-07,1.3352117167218405e-07,12.000000000000032,2.07876716229241e-05,-1.591588255371855e-06,-2.7571178342977248e-12,-2.7571178342977248e-12,0.013154814488281397,1.7323059685770039e-06
0.3456,89.99994159476778,90.0,0.0019604920593731265,-0.0011063815473988338,-9.324576583089295e-07,1.3262789708258424e-07,12.000000000000032,2.0653493445087552e-05,-1.5828756545367634e-06,-2.7243259962803017e-12,-2.7243259962803017e-12,0.01306994706248751,1.7211244537572915e-06
0.3458,89.99994198560009,90.0,0.001947839590047331,-0.0010996294645433493,-9.27347376337551e-07,1.3174038640291106e-07,12.000000000000032,2.0520134329728615e-05,-1.5742007931655961e-06,-2.6919009781436066e-12,-2.6919009781436066e-12,0.012985597266982205,1.7100111941440467e-06
0.34600000000000003,89.99994237390963,90.0,0.001935264336077246,-0.0010929147457719203,-9.222592982804545e-07,1.3085860447416043e-07,12.000000000000032,2.0387589742377437e-05,-1.5655636236242285e-06,-2.659839072836707e-12,-2.659839072836707e-12,0.012901762240514975,1.6989658118647818e-06
0.3462,89.9999427597118,90.0,0.0019227658701835052,-0.0010862372243683595,-9.171933948817129e-07,1.2998251633955756e-07,12.000000000000032,2.0255855168822615e-05,-1.5569640962498214e-06,-2.6281366030577578e-12,-2.6281366030577578e-12,0.012818439134556702,1.6879879307352134e-06
0.34640000000000004,89.99994314302192,90.0,0.0019103437669933138,-0.001079596734146928,-9.121496365169073e-07,1.29112087215667e-07,12.000000000000032,2.0124926115032684e-05,-1.5484021607540095e-06,-2.596789923460943e-12,-2.596789923460943e-12,0.01273562511328876,1.6770771762527193e-06
0.3466,89.99994352385522,90.0,0.0018979976030340645,-0.0010729931090881508,-9.071279923471068e-07,1.2824728252128265e-07,12.000000000000032,1.9994798107151262e-05,-1.5398777647867556e-06,-2.5657954180502046e-12,-2.5657954180502046e-12,0.012653317353560432,1.666233175595934e-06
0.3468,89.99994390222685,90.0,0.0018857269567316799,-0.0010664261836917713,-9.021284311454232e-07,1.2738806784853768e-07,12.00000000000003,1.9865466691418343e-05,-1.5313908553394531e-06,-2.5351495023573733e-12,-2.5351495023573733e-12,0.012571513044877865,1.655455557618191e-06
0.34700000000000003,89.99994427815186,90.0,0.0018735314084045009,-0.0010598957926129485,-8.971509204516491e-07,1.2653440899179465e-07,12.00000000000003,1.9736927434168294e-05,-1.5229413773098984e-06,-2.5048486208714755e-12,-2.5048486208714755e-12,0.01249020938936334,1.6447439528473536e-06
0.3472,89.99994465164524,90.0,0.001861410540261708,-0.0010534017706600508,-8.921954265684352e-07,1.256862719476453e-07,12.000000000000028,1.960917592181344e-05,-1.5145292734958006e-06,-2.4748892468929486e-12,-2.4748892468929486e-12,0.01240940360174472,1.6340979934844495e-06
0.34740000000000004,89.99994502272187,90.0,0.001849363936401394,-0.0010469439531472394,-8.872619153871984e-07,1.2484362288602082e-07,12.000000000000028,1.9482207760762547e-05,-1.5061544859967878e-06,-2.445267884666156e-12,-2.445267884666156e-12,0.012329092909342627,1.6235173133968752e-06
0.3476,89.99994539139657,90.0,0.0018373911828047334,-0.0010405221751757809,-8.823503507128647e-07,1.2400642820797155e-07,12.000000000000028,1.9356018577483246e-05,-1.4978169533706039e-06,-2.415981064592558e-12,-2.415981064592558e-12,0.012249274552031555,1.6130015481236e-06
0.3478,89.99994575768406,90.0,0.0018254918673386833,-0.0010341362730589068,-8.77460697592689e-07,1.231746544301074e-07,12.000000000000028,1.923060401828405e-05,-1.4895166162838859e-06,-2.3870253522008072e-12,-2.3870253522008072e-12,0.01216994578225789,1.6025503348570004e-06
0.34800000000000003,89.99994612159901,90.0,0.0018136655797418792,-0.0010277860828810325,-8.725929189598328e-07,1.2234826830015745e-07,12.000000000000028,1.910595974941383e-05,-1.4812534118145312e-06,-2.3583973387341896e-12,-2.3583973387341896e-12,0.012091103864945862,1.5921633124511489e-06
0.3482,89.99994648315597,90.0,0.0018019119116273966,-0.0010214714412121579,-8.677469773011921e-07,1.215272367391902e-07,12.000000000000028,1.898208145696754e-05,-1.473027276282888e-06,-2.330093645561395e-12,-2.330093645561395e-12,0.012012746077515976,1.581840121413958e-06
0.34840000000000004,89.99994684236941,90.0,0.0017902304564771253,-0.001015192184744741,-8.629228338132113e-07,1.2071152687050336e-07,12.000000000000028,1.8858964846889224e-05,-1.4648381438187231e-06,-2.302110921721641e-12,-2.302110921721641e-12,0.011934869709847503,1.5715804039074316e-06
0.3486,89.99994719925375,90.0,0.0017786208096402941,-0.0010089481506469072,-8.581204492288753e-07,1.199011059907341e-07,12.000000000000028,1.8736605644895185e-05,-1.4566859477650663e-06,-2.274445845977864e-12,-2.274445845977864e-12,0.011857472064268628,1.5613838037412618e-06
0.3488,89.99994755382332,90.0,0.001767082568328227,-0.0010027391765551306,-8.533397838050249e-07,1.1909594156985889e-07,12.000000000000028,1.8614999596419508e-05,-1.4485706206566783e-06,-2.247095126575763e-12,-2.247095126575763e-12,0.011780550455521514,1.5512499663682887e-06
0.34900000000000003,89.99994790609233,90.0,0.0017556153316089361,-0.00099656510021141,-8.485807964786912e-07,1.1829600128008352e-07,12.000000000000027,1.849414246661938e-05,-1.440492092787902e-06,-2.220055498838175e-12,-2.220055498838175e-12,0.011704102210726241,1.541178538884945e-06
0.3492,89.99994825607496,90.0,0.001744218700405769,-0.0009904257598166537,-8.438434456943971e-07,1.1750125296695317e-07,12.000000000000025,1.8374030040299523e-05,-1.4324502936170324e-06,-2.1933237271795974e-12,-2.1933237271795974e-12,0.011628124669371792,1.531169170024957e-06
0.34940000000000004,89.99994860378528,90.0,0.0017328922774923297,-0.0009843209943788587,-8.391276902224308e-07,1.1671166462046247e-07,12.000000000000025,1.8254658121797895e-05,-1.4244451531553612e-06,-2.1668966070085923e-12,-2.1668966070085923e-12,0.011552615183282197,1.5212215101498213e-06
0.3496,89.99994894923732,90.0,0.0017216356674830777,-0.0009782506422788984,-8.344334858138117e-07,1.1592720449061512e-07,12.000000000000025,1.8136022535134102e-05,-1.4164765962888782e-06,-2.1407709558987575e-12,-2.1407709558987575e-12,0.01147757111655385,1.511335211261172e-06
0.3498,89.99994929244497,90.0,0.0017104484768407438,-0.0009722145430572349,-8.297607893710896e-07,1.1514784094297443e-07,12.000000000000025,1.8018119123778827e-05,-1.4085445498583314e-06,-2.1149436242080654e-12,-2.1149436242080654e-12,0.011402989845604958,1.5015099269815659e-06
0.35000000000000003,89.99994963342209,90.0,0.0016993303138628235,-0.000966212536684516,-8.251095572545095e-07,1.1437354251644308e-07,12.000000000000025,1.7900943750636536e-05,-1.4006489397838898e-06,-2.089411490455005e-12,-2.089411490455005e-12,0.01132886875908549,1.4917453125530417e-06
0.3502,89.99994997218245,90.0,0.0016882807886768273,-0.000960244462844402,-8.204797436093798e-07,1.1360427798104292e-07,12.000000000000025,1.778449229811919e-05,-1.3927896882257992e-06,-2.0641714569292917e-12,-2.0641714569292917e-12,0.011255205257845515,1.4820410248432627e-06
0.3504,89.99995030873974,90.0,0.0016772995132434893,-0.0009543101623591313,-8.15871303696115e-07,1.1284001622235538e-07,12.000000000000025,1.7668760667933465e-05,-1.3849667192372325e-06,-2.0392204579379678e-12,-2.0392204579379678e-12,0.011181996754956595,1.4723967223277857e-06
0.3506,89.99995064310757,90.0,0.0016663861013437456,-0.0009484094757502515,-8.112841905364366e-07,1.1208072635708108e-07,12.000000000000025,1.755374478119155e-05,-1.3771799530711117e-06,-2.0145554511653e-12,-2.0145554511653e-12,0.011109240675624972,1.4628120650992928e-06
0.3508,89.99995097529946,90.0,0.0016555401685822211,-0.0009425422443093047,-8.067183574135253e-07,1.1132637764637009e-07,12.000000000000025,1.7439440578262817e-05,-1.3694293104241945e-06,-1.990173423772843e-12,-1.990173423772843e-12,0.011036934457214808,1.4532867148552318e-06
0.35100000000000003,89.99995130532886,90.0,0.0016447613323784234,-0.0009367083097302575,-8.021737570201311e-07,1.105769395247119e-07,12.000000000000025,1.7325844018743833e-05,-1.3617147109909636e-06,-1.966071390054852e-12,-1.966071390054852e-12,0.01096507554918949,1.4438203348953165e-06
0.3512,89.99995163320919,90.0,0.0016340492119620408,-0.0009309075141029394,-7.976503414471987e-07,1.0983238159993535e-07,12.000000000000023,1.72129510814095e-05,-1.3540360734443191e-06,-1.9422463912217352e-12,-1.9422463912217352e-12,0.010893661413080272,1.4344125901174556e-06
0.3514,89.99995195895374,90.0,0.0016234034283684898,-0.0009251396999068219,-7.93148062173083e-07,1.0909267365320866e-07,12.000000000000023,1.7100757764166802e-05,-1.3463933154172706e-06,-1.9186954951870105e-12,-1.9186954951870105e-12,0.010822689522456599,1.4250631470138974e-06
0.3516,89.99995228257573,90.0,0.0016128236044345536,-0.0009194047096496606,-7.886668692224275e-07,1.0835778566792936e-07,12.000000000000021,1.6989260084070992e-05,-1.3387863520751086e-06,-1.8954157943673847e-12,-1.8954157943673847e-12,0.010752157362897025,1.41577167367258e-06
0.3518,89.99995260408832,90.0,0.00160230936479789,-0.0009137023869326207,-7.842067136566785e-07,1.0762768774305452e-07,12.000000000000021,1.6878454077135925e-05,-1.3312151003431273e-06,-1.8724044114942773e-12,-1.8724044114942773e-12,0.010682062431985934,1.4065378397613246e-06
0.35200000000000004,89.99995292350458,90.0,0.0015918603358845967,-0.0009080325750118286,-7.797675442217089e-07,1.0690235020866041e-07,12.000000000000021,1.676833579845093e-05,-1.3236794732158641e-06,-1.8496584913666836e-12,-1.8496584913666836e-12,0.010612402239230644,1.3973613165375752e-06
0.3522,89.99995324083753,90.0,0.001581476145913256,-0.0009023951182251076,-7.753493106798898e-07,1.0618174351038286e-07,12.000000000000021,1.6658901321976766e-05,-1.3161793854133934e-06,-1.8271752086351423e-12,-1.8271752086351423e-12,0.010543174306088372,1.3882417768313946e-06
0.3524,89.9999535561001,90.0,0.0015711564248823428,-0.0008967898609085789,-7.709519612878989e-07,1.0546583829608703e-07,12.000000000000021,1.6550146740599326e-05,-1.3087147490998286e-06,-1.8049517615990629e-12,-1.8049517615990629e-12,0.010474376165882286,1.3791788950499413e-06
0.3526,89.99995386930513,90.0,0.0015609008045705372,-0.0008912166481076433,-7.66575444458617e-07,1.047546053580875e-07,12.000000000000021,1.6442068166009854e-05,-1.3012854767044425e-06,-1.782985375951086e-12,-1.782985375951086e-12,0.01040600536380358,1.3701723471674855e-06
0.3528,89.99995418046541,90.0,0.0015507089185283428,-0.0008856753248547331,-7.622197070797004e-07,1.0404801569092816e-07,12.000000000000021,1.633466172874089e-05,-1.293891478067393e-06,-1.7612733006609491e-12,-1.7612733006609491e-12,0.010338059456855618,1.3612218107284053e-06
0.35300000000000004,89.99995448959366,90.0,0.001540580402078333,-0.0008801657372354727,-7.578846970058886e-07,1.0334604040471248e-07,12.000000000000021,1.6227923577984272e-05,-1.28653266467049e-06,-1.7398128135710951e-12,-1.7398128135710951e-12,0.010270536013855556,1.3523269648320203e-06
0.3532,89.99995479670251,90.0,0.0015305148923032508,-0.0008746877313062463,-7.535703605384865e-07,1.026486508117732e-07,12.000000000000021,1.612184988165204e-05,-1.2792089453585422e-06,-1.7186012153614006e-12,-1.7186012153614006e-12,0.010203432615355007,1.3434874901376677e-06
0.3534,89.99995510180452,90.0,0.0015205120280460753,-0.000869241153449563,-7.492766432560975e-07,1.0195581839778245e-07,12.000000000000021,1.601643682631561e-05,-1.2719202277495484e-06,-1.697635831321964e-12,-1.697635831321964e-12,0.0101367468536405,1.3347030688596317e-06
0.3536,89.99995540491219,90.0,0.0015105714499065346,-0.0008638258510797328,-7.450034916673234e-07,1.0126751476397193e-07,12.000000000000021,1.59116806170465e-05,-1.2646664210402097e-06,-1.6769140148912532e-12,-1.6769140148912532e-12,0.010070476332710233,1.3259733847538728e-06
0.3538,89.99995570603795,90.0,0.0015006928002292083,-0.0008584416715604345,-7.407508506902503e-07,1.0058371171380264e-07,12.000000000000021,1.580757747747726e-05,-1.257447431727277e-06,-1.6564331417403076e-12,-1.6564331417403076e-12,0.010004618668194722,1.3172981231231028e-06
0.35400000000000004,89.99995600519414,90.0,0.0014908757231040556,-0.0008530884629160043,-7.365186653148778e-07,9.990438119518502e-08,12.00000000000002,1.5704123649683927e-05,-1.2502631664295767e-06,-1.6361906133546162e-12,-1.6361906133546162e-12,0.00993917148736037,1.3086769708069918e-06
0.3542,89.99995630239304,90.0,0.0014811198643589333,-0.0008477660734657094,-7.323068797544275e-07,9.922949532936896e-08,12.00000000000002,1.5601315394169798e-05,-1.2431135304473308e-06,-1.6161838549390563e-12,-1.6161838549390563e-12,0.009874132429059554,1.3001096161808144e-06
0.3544,89.99995659764686,90.0,0.001471424871556198,-0.0008424743518190098,-7.28115437437126e-07,9.855902641094366e-08,12.000000000000018,1.5499148989830125e-05,-1.235998427748208e-06,-1.5964103152387694e-12,-1.5964103152387694e-12,0.009809499143707988,1.2915957491525085e-06
0.3546,89.99995689096774,90.0,0.001461790393989484,-0.0008372131475815978,-7.239442826595393e-07,9.789294685005794e-08,12.000000000000018,1.5397620733795587e-05,-1.2289177637739096e-06,-1.5768674699679026e-12,-1.5768674699679026e-12,0.009745269293263227,1.2831350611496303e-06
0.3548,89.99995718236775,90.0,0.0014522160826721134,-0.0008319823102734049,-7.197933580668166e-07,9.723122925908987e-08,12.000000000000018,1.5296726941496436e-05,-1.2218714411628063e-06,-1.5575528160900123e-12,-1.5575528160900123e-12,0.009681440551147422,1.2747272451247011e-06
0.35500000000000004,89.99995747185886,90.0,0.0014427015903381991,-0.0008267816900406816,-7.156626063164929e-07,9.657384639486705e-08,12.000000000000018,1.5196463946550907e-05,-1.2148593625742936e-06,-1.5384638752908367e-12,-1.5384638752908367e-12,0.00961801060225466,1.266371995545907e-06
0.3552,89.99995775945304,90.0,0.0014332465714355547,-0.0008216111376460997,-7.115519700613303e-07,9.592077115866651e-08,12.000000000000018,1.5096828100691544e-05,-1.2078814306596658e-06,-1.51959819372386e-12,-1.51959819372386e-12,0.009554977142903697,1.2580690083909602e-06
0.3554,89.99995804516213,90.0,0.0014238506821184474,-0.0008164705041033625,-7.074613911012097e-07,9.52719766251047e-08,12.000000000000018,1.4997815773751433e-05,-1.200937546622424e-06,-1.5009533400020092e-12,-1.5009533400020092e-12,0.00949233788078965,1.249817981145951e-06
0.3556,89.99995832899792,90.0,0.0014145135802448746,-0.0008113596410286705,-7.033908112070999e-07,9.462743601324754e-08,12.000000000000018,1.4899423353574359e-05,-1.1940276116169907e-06,-1.4825269067782315e-12,-1.4825269067782315e-12,0.00943009053496583,1.2416186127978615e-06
0.3558,89.99995861097214,90.0,0.00140523492536972,-0.0008062784006311694,-6.993401721044998e-07,9.398712268661041e-08,12.000000000000018,1.4801647245943722e-05,-1.1871515267206016e-06,-1.4643165105001543e-12,-1.4643165105001543e-12,0.009368232835798134,1.2334706038286416e-06
0.35600000000000004,89.99995889109647,90.0,0.0013960143787378999,-0.0008012266353481065,-6.95309414626275e-07,9.335101018204809e-08,12.000000000000018,1.4704483874572809e-05,-1.18030919149522e-06,-1.4463197894459589e-12,-1.4463197894459589e-12,0.009306762524919333,1.225373656214399e-06
0.3562,89.99995916938244,90.0,0.0013868516032816795,-0.0007962041978410849,-6.912984787061647e-07,9.271907220975473e-08,12.000000000000018,1.4607929681076945e-05,-1.1735005039765143e-06,-1.4285344035664376e-12,-1.4285344035664376e-12,0.009245677355211196,1.2173274734230769e-06
0.3564,89.99995944584161,90.0,0.001377746263618181,-0.0007912109417031255,-6.873073050338842e-07,9.209128259548411e-08,12.000000000000018,1.4511981124824522e-05,-1.1667253634834455e-06,-1.4109580377271473e-12,-1.4109580377271473e-12,0.009184975090787872,1.2093317604020417e-06
0.35660000000000003,89.99995972048544,90.0,0.0013686980260388265,-0.0007862467210886575,-6.833358341990073e-07,9.146761530943941e-08,12.000000000000018,1.4416634682888851e-05,-1.1599836691649818e-06,-1.39358839970571e-12,-1.39358839970571e-12,0.00912465350692551,1.2013862235740691e-06
0.3568,89.99995999332528,90.0,0.001359706558502699,-0.0007813113899937029,-6.79384005013753e-07,9.084804452405315e-08,12.000000000000018,1.4321886850102203e-05,-1.1532753171529758e-06,-1.376423216606719e-12,-1.376423216606719e-12,0.009064710390017994,1.1934905708418484e-06
0.35700000000000004,89.99996026437249,90.0,0.001350771530638596,-0.00077640480332456,-6.754517570096659e-07,9.023254452731743e-08,12.000000000000018,1.422773413889259e-05,-1.146600204800359e-06,-1.3594602397916064e-12,-1.3594602397916064e-12,0.009005143537590639,1.1856445115743808e-06
0.3572,89.99996053363829,90.0,0.0013418926137344243,-0.0007715268165277246,-6.715390295813789e-07,8.96210897516738e-08,12.000000000000016,1.4134173079235093e-05,-1.1399582292276495e-06,-1.3426972429168273e-12,-1.3426972429168273e-12,0.008945950758229494,1.177847756602923e-06
0.3574,89.99996080113391,90.0,0.0013330694807311425,-0.0007666772855814304,-6.676457619719473e-07,8.901365477401333e-08,12.000000000000016,1.4041200218588916e-05,-1.1333492872980588e-06,-1.3261320217122562e-12,-1.3261320217122562e-12,0.00888712987154095,1.1701000182157415e-06
0.35760000000000003,89.99996106687045,90.0,0.0013243018062166789,-0.0007618560666318866,-6.637718924275587e-07,8.841021434456643e-08,12.000000000000016,1.3948812121895704e-05,-1.1267732741825845e-06,-1.3097623921288438e-12,-1.3097623921288438e-12,0.008828678708111192,1.1624010101579737e-06
0.3578,89.99996133085897,90.0,0.0013155892664239379,-0.000757063016345766,-6.599173590232786e-07,8.781074335801303e-08,12.000000000000014,1.3857005371497322e-05,-1.1202300847617386e-06,-1.2935861918213577e-12,-1.2935861918213577e-12,0.008770595109492919,1.1547504476247756e-06
0.35800000000000004,89.99996159311046,90.0,0.0013069315392249187,-0.0007522979919019922,-6.560820996488119e-07,8.721521685348253e-08,12.000000000000014,1.3765776567074732e-05,-1.1137196136013785e-06,-1.2776012799337804e-12,-1.2776012799337804e-12,0.008712876928166123,1.1471480472562263e-06
0.3582,89.99996185363587,90.0,0.001298328304124809,-0.0007475608513387647,-6.522660528247762e-07,8.66236099856639e-08,12.000000000000014,1.3675122325525093e-05,-1.1072417563383547e-06,-1.2618055384880195e-12,-1.2618055384880195e-12,0.008655522027498726,1.1395935271270897e-06
0.3584,89.99996211244604,90.0,0.0012897792422521066,-0.0007428514528292234,-6.484691560176546e-07,8.60358980825855e-08,12.000000000000014,1.3585039280982178e-05,-1.1007964068200928e-06,-1.2461968689179151e-12,-1.2461968689179151e-12,0.008598528281680711,1.1320866067485135e-06
0.35860000000000003,89.9999623695518,90.0,0.00128128403635737,-0.0007381696546797036,-6.44691345636768e-07,8.545205664561508e-08,12.000000000000014,1.3495524084803382e-05,-1.0943834570994521e-06,-1.2307731919413355e-12,-1.2307731919413355e-12,0.008541893575715798,1.1246270070669472e-06
0.3588,89.99996262496386,90.0,0.0012728423708111805,-0.0007335153163927062,-6.409325595210544e-07,8.487206126279008e-08,12.000000000000014,1.3406573405363986e-05,-1.088002801656111e-06,-1.2155324521370257e-12,-1.2155324521370257e-12,0.00848561580540787,1.1172144504469975e-06
0.35900000000000004,89.99996287869293,90.0,0.0012644539315909513,-0.0007288882979379339,-6.371927352459937e-07,8.429588766659741e-08,12.000000000000014,1.3318183928043118e-05,-1.0816543345225203e-06,-1.200472614477999e-12,-1.200472614477999e-12,0.008429692877273007,1.1098486606702585e-06
0.3592,89.99996313074959,90.0,0.0012561184062753858,-0.0007242884590340148,-6.334718084490669e-07,8.372351179175326e-08,12.000000000000014,1.3230352355289249e-05,-1.0753379464413174e-06,-1.185591661035981e-12,-1.185591661035981e-12,0.008374122708502572,1.1025293629407695e-06
0.3594,89.99996338114443,90.0,0.0012478354840472538,-0.0007197156605734604,-6.297697161587411e-07,8.315490965964348e-08,12.000000000000014,1.3143075406402913e-05,-1.0690535305163816e-06,-1.1708875970881703e-12,-1.1708875970881703e-12,0.008318903226981693,1.0952562838669082e-06
0.35960000000000003,89.9999636298879,90.0,0.0012396048556801585,-0.0007151697635383777,-6.260863942707395e-07,8.259005746499337e-08,12.000000000000014,1.305634981758381e-05,-1.0628009779287247e-06,-1.1563584461922987e-12,-1.1563584461922987e-12,0.008264032371201059,1.0880291514653163e-06
0.3598,89.99996387699045,90.0,0.0012314262135374153,-0.0007106506300647154,-6.22421780037029e-07,8.202893148919787e-08,12.000000000000014,1.2970172341734551e-05,-1.0565801821616235e-06,-1.142002254624794e-12,-1.142002254624794e-12,0.008209508090249435,1.0808476951445447e-06
0.36000000000000004,89.99996412246244,90.0,0.0012232992515588041,-0.0007061581216474127,-6.187758078809147e-07,8.147150824477107e-08,12.000000000000014,1.2884539748630655e-05,-1.0503910318966146e-06,-1.1278170835064238e-12,-1.1278170835064238e-12,0.008155328343725362,1.0737116457192199e-06
0.3602,89.99996436631419,90.0,0.0012152236652680736,-0.0007016921012825009,-6.151484143986097e-07,8.09177643020069e-08,12.000000000000014,1.2799448824629352e-05,-1.044233419503813e-06,-1.1138010178255626e-12,-1.1138010178255626e-12,0.008101491101787157,1.066620735385778e-06
0.3604,89.99996460855593,90.0,0.0012071991517555991,-0.0006972524323770811,-6.115395358255605e-07,8.036767637564877e-08,12.000000000000014,1.271489637267398e-05,-1.0381072367409207e-06,-1.0999521615736438e-12,-1.0999521615736438e-12,0.008047994345037326,1.0595746977228304e-06
0.36060000000000003,89.99996484919784,90.0,0.0011992254096737313,-0.0006928389780322817,-6.079491063640436e-07,7.982122138266935e-08,12.000000000000014,1.2630879212368687e-05,-1.0320123719142718e-06,-1.0862686346099386e-12,-1.0862686346099386e-12,0.007994836064491542,1.0525732676973893e-06
0.3608,89.99996508825006,90.0,0.0011913021392403681,-0.0006884516028246055,-6.043770623446589e-07,7.927837629782109e-08,12.000000000000014,1.2547394179707933e-05,-1.025948716943094e-06,-1.072748579970882e-12,-1.072748579970882e-12,0.007942014261602454,1.0456161816423264e-06
0.36100000000000004,89.99996532572266,90.0,0.0011834290422219583,-0.0006840901713611115,-6.008233388629122e-07,7.873911826919582e-08,12.000000000000012,1.2464438127145976e-05,-1.0199161616500053e-06,-1.0593901576468908e-12,-1.0593901576468908e-12,0.007889526948146389,1.0387031772621636e-06
0.3612,89.99996556162561,90.0,0.0011756058219332482,-0.0006797545486343337,-5.972878706091726e-07,7.82034245893349e-08,12.000000000000012,1.2382007923532721e-05,-1.0139145951698918e-06,-1.0461915459315882e-12,-1.0461915459315882e-12,0.007837372146221653,1.0318339936277257e-06
0.3614,89.99996579596889,90.0,0.0011678321832328984,-0.00067544460001616,-5.93770591858063e-07,7.767127269522913e-08,12.000000000000012,1.2300100454068177e-05,-1.0079439059318972e-06,-1.0331509412523474e-12,-1.0331509412523474e-12,0.007785547888219324,1.025008371172347e-06
0.36160000000000003,89.99996602876236,90.0,0.001160107832519047,-0.0006711601919621795,-5.902714381188547e-07,7.7142640110539e-08,12.000000000000012,1.2218712620133288e-05,-1.002003984461019e-06,-1.02026656086314e-12,-1.02026656086314e-12,0.007734052216793648,1.018226051677773e-06
0.3618,89.99996626001587,90.0,0.0011524324777170357,-0.000666901191284004,-5.867903444446253e-07,7.66175045033745e-08,12.00000000000001,1.213784133928547e-05,-9.960947205078517e-07,-1.0075366397020166e-12,-1.0075366397020166e-12,0.007682883184780238,1.0114867782737882e-06
0.36200000000000004,89.99996648973918,90.0,0.0011448058282751666,-0.0006626674647880709,-5.833272445914166e-07,7.609584371518497e-08,12.00000000000001,1.2057483545276038e-05,-9.902160016212322e-07,-9.949594288180857e-13,-9.949594288180857e-13,0.007632038855167778,1.004790295439669e-06
0.3622,89.999966717942,90.0,0.001137227595164909,-0.0006584588803417457,-5.798820735104406e-07,7.55776356740895e-08,12.00000000000001,1.1977636187867766e-05,-9.843677173788346e-07,-9.825331994871257e-13,-9.825331994871257e-13,0.007581517301099394,9.981363489889795e-07
0.3624,89.99996694463401,90.0,0.0011296974908687636,-0.000654275306145835,-5.764547656575688e-07,7.506285845265657e-08,12.00000000000001,1.1898296232831863e-05,-9.78549756517478e-07,-9.70256240134203e-13,-9.70256240134203e-13,0.0075313166057917585,9.91524686069321e-07
0.36260000000000003,89.99996716982477,90.0,0.0011222152293764247,-0.0006501166107292277,-5.730452549840412e-07,7.455149026790423e-08,12.00000000000001,1.1819460661908069e-05,-9.72762006917354e-07,-9.581268561798666e-13,-9.581268561798666e-13,0.007481434862509499,9.849550551590048e-07
0.3628,89.99996739352385,90.0,0.0011147805261809295,-0.0006459826632987898,-5.696534757577149e-07,7.40435094524101e-08,12.00000000000001,1.1741126472703133e-05,-9.670043569961213e-07,-9.461433712622018e-13,-9.461433712622018e-13,0.007431870174539529,9.784272060585935e-07
0.36300000000000004,89.9999676157407,90.0,0.0011073930982710008,-0.0006418733333734029,-5.662793617139633e-07,7.353889448320121e-08,12.00000000000001,1.1663290678672777e-05,-9.612766942675304e-07,-9.343041256563217e-13,-9.343041256563217e-13,0.007382620655140006,9.719408898893972e-07
0.3632,89.99996783648479,90.0,0.0011000526641275533,-0.0006377884914896251,-5.629228477083493e-07,7.303762392397438e-08,12.00000000000001,1.1585950308962325e-05,-9.555789081468894e-07,-9.226074788401939e-13,-9.226074788401939e-13,0.007333684427517023,9.654958590801929e-07
0.3634,89.99996805576545,90.0,0.0010927589437119533,-0.0006337280081194882,-5.595838671965104e-07,7.253967651176574e-08,12.00000000000001,1.1509102408469304e-05,-9.499108856730888e-07,-9.110518051776121e-13,-9.110518051776121e-13,0.007285059624746355,9.590918673724411e-07
0.36360000000000003,89.99996827359203,90.0,0.0010855116584666856,-0.0006296917543819702,-5.562623538969054e-07,7.204503109917104e-08,12.00000000000001,1.143274403772732e-05,-9.442725143311667e-07,-8.996354965174519e-13,-8.996354965174519e-13,0.007236744389777903,9.527286698106092e-07
0.3638,89.99996848997377,90.0,0.0010783105313081473,-0.0006256796020329329,-5.529582417733721e-07,7.155366665434559e-08,12.00000000000001,1.1356872272831177e-05,-9.386636820226996e-07,-8.883569619897674e-13,-8.883569619897674e-13,0.007188736875387649,9.464060227359306e-07
0.364,89.99996870491985,90.0,0.0010711552866192674,-0.0006216914230995456,-5.496714641866926e-07,7.106556228989423e-08,12.00000000000001,1.1281484205421707e-05,-9.330842756255585e-07,-8.772146264830903e-13,-8.772146264830903e-13,0.007141035244128449,9.401236837851414e-07
0.3642,89.99996891843948,90.0,0.0010640456502463284,-0.0006177270905863917,-5.464019555480436e-07,7.058069720509141e-08,12.00000000000001,1.1206576942529715e-05,-9.275341838006915e-07,-8.662069331324116e-13,-8.662069331324116e-13,0.007093637668308856,9.338814118774754e-07
0.3644,89.9999691305417,90.0,0.001056981349487886,-0.0006137864773941813,-5.431496488004615e-07,7.009905077255106e-08,12.00000000000001,1.1132147606645398e-05,-9.220132927168329e-07,-8.55332339151077e-13,-8.55332339151077e-13,0.007046542329919241,9.276789672204491e-07
0.36460000000000004,89.99996934123557,90.0,0.0010499621130959562,-0.0006098694573872241,-5.399144779134278e-07,6.96206024515567e-08,12.00000000000001,1.1058193335546118e-05,-9.1652149028514e-07,-8.44589319646327e-13,-8.44589319646327e-13,0.006999747420639708,9.21516111295509e-07
0.3648,89.99996955053008,90.0,0.0010429876712649694,-0.0006059759046674637,-5.366963761949931e-07,6.914533184584141e-08,12.00000000000001,1.0984711282304675e-05,-9.110586632939699e-07,-8.339763647938899e-13,-8.339763647938899e-13,0.006953251141766463,9.153926068587221e-07
0.365,89.99996975843415,90.0,0.001036057755629102,-0.0006021056939260225,-5.334952771158859e-07,6.867321867469781e-08,12.00000000000001,1.0911698615200054e-05,-9.056246988078312e-07,-8.23491980989364e-13,-8.23491980989364e-13,0.006907051704194014,9.09308217933337e-07
0.3652,89.99996996495668,90.0,0.0010291720992554143,-0.0005982587007888923,-5.303111151234731e-07,6.820424274408821e-08,12.00000000000001,1.0839152517584592e-05,-9.002194855491057e-07,-8.131346919306905e-13,-8.131346919306905e-13,0.006861147328369429,9.032627097987152e-07
0.3654,89.99997017010647,90.0,0.0010223304366333045,-0.0005944348007363945,-5.271438231245246e-07,6.773838403331436e-08,12.00000000000001,1.0767070187958981e-05,-8.948429096249647e-07,-8.029030345941185e-13,-8.029030345941185e-13,0.00681553624422203,8.97255848996581e-07
0.36560000000000004,89.9999703738923,90.0,0.0010155325036760529,-0.0005906338698158806,-5.239933341500913e-07,6.72756226372375e-08,12.00000000000001,1.0695448839865255e-05,-8.894948573535502e-07,-7.927955616790108e-13,-7.927955616790108e-13,0.006770216691173686,8.912874033221039e-07
0.3658,89.99997057632291,90.0,0.001008778037714531,-0.0005868557849882184,-5.20859582170845e-07,6.681593873738866e-08,12.00000000000001,1.0624285701759914e-05,-8.841752166480395e-07,-7.82810842673686e-13,-7.82810842673686e-13,0.006725186918096874,8.853571418133254e-07
0.366,89.99997077740693,90.0,0.0010020667774864609,-0.0005831004234022517,-5.177425004099422e-07,6.635931265974824e-08,12.00000000000001,1.0553578017025338e-05,-8.788838741526797e-07,-7.729474611479814e-13,-7.729474611479814e-13,0.006680445183243073,8.794648347521108e-07
0.3662,89.99997097715301,90.0,0.000995398463134532,-0.0005793676627474447,-5.146420221690354e-07,6.590572484585635e-08,12.000000000000009,1.0483323043888736e-05,-8.736207166449676e-07,-7.632040158685644e-13,-7.632040158685644e-13,0.006635989754230213,8.73610253657394e-07
0.3664,89.99997117556968,90.0,0.0009887728362000243,-0.0005756573812449764,-5.11558080812838e-07,6.545515585281259e-08,12.000000000000009,1.0413518055355848e-05,-8.683856310094474e-07,-7.535791206273712e-13,-7.535791206273712e-13,0.006591818908000162,8.677931712796534e-07
0.36660000000000004,89.99997137266548,90.0,0.0009821896396169205,-0.0005719694579947913,-5.084906105854412e-07,6.500758632438628e-08,12.000000000000009,1.0344160339088264e-05,-8.631785056234344e-07,-7.440714052852832e-13,-7.440714052852832e-13,0.00654793093077947,8.62013361590688e-07
0.3668,89.99997156844887,90.0,0.0009756486177017081,-0.0005683037718955469,-5.054395440939229e-07,6.456299707768614e-08,12.000000000000009,1.027524719748203e-05,-8.579992260853631e-07,-7.346795119396142e-13,-7.346795119396142e-13,0.006504324118011388,8.562705997901685e-07
0.367,89.99997176292825,90.0,0.0009691495161557319,-0.0005646602030689832,-5.024048156363168e-07,6.412136898760067e-08,12.000000000000009,1.0206775947445986e-05,-8.528476808641182e-07,-7.254020996565804e-13,-7.254020996565804e-13,0.006460996774371545,8.505646622871649e-07
0.3672,89.99997195611198,90.0,0.0009626920820511541,-0.0005610386314192349,-4.993863578453548e-07,6.368268310235771e-08,12.000000000000009,1.0138743920501987e-05,-8.477237556016826e-07,-7.162378394476388e-13,-7.162378394476388e-13,0.00641794721367436,8.448953267084983e-07
0.3674,89.99997214800835,90.0,0.0009562760638336154,-0.0005574389377023597,-4.963841041866135e-07,6.324692055685486e-08,12.000000000000007,1.0071148462627978e-05,-8.426273373538194e-07,-7.071854177632684e-13,-7.071854177632684e-13,0.00637517375889077,8.392623718856644e-07
0.36760000000000004,89.99997233862564,90.0,0.0009499012113122704,-0.0005538610035124254,-4.933979889343928e-07,6.281406257265938e-08,12.000000000000007,1.0003986934154446e-05,-8.375583145491236e-07,-6.982435362784874e-13,-6.982435362784874e-13,0.006332674742081803,8.336655778462033e-07
0.3678,89.99997252797206,90.0,0.0009435672756503487,-0.0005503047105577889,-4.90427945487735e-07,6.238409051578799e-08,12.000000000000007,9.937256709789403e-06,-8.325165741304144e-07,-6.894109093573619e-13,-6.894109093573619e-13,0.006290448504335658,8.281047258157831e-07
0.368,89.99997271605577,90.0,0.0009372740093638239,-0.000546769941014509,-4.874739071977699e-07,6.195698586781701e-08,12.000000000000007,9.870955178543035e-06,-8.275020029591774e-07,-6.806862651137185e-13,-6.806862651137185e-13,0.006248493395758827,8.225795982119191e-07
0.3682,89.99997290288486,90.0,0.0009310211663159418,-0.0005432565775187045,-4.845358073544682e-07,6.153273022588235e-08,12.000000000000007,9.80507974367082e-06,-8.225144877930788e-07,-6.720683452613078e-13,-6.720683452613078e-13,0.006206807775439612,8.170899786392345e-07
0.3684,89.9999730884674,90.0,0.0009248085017121778,-0.0005397645035147879,-4.816135800050086e-07,6.111130527378963e-08,12.000000000000007,9.739627822559643e-06,-8.17553916675169e-07,-6.635559061076732e-13,-6.635559061076732e-13,0.006165390011414519,8.116356518799698e-07
0.36860000000000004,89.99997327281142,90.0,0.0009186357720908451,-0.0005362936028870774,-4.78707159100472e-07,6.069269281090401e-08,12.000000000000007,9.674596846691703e-06,-8.126201774853692e-07,-6.551477172215001e-13,-6.551477172215001e-13,0.006124238480605634,8.062164038909747e-07
0.3688,89.99997345592485,90.0,0.0009125027353181368,-0.0005328437599528767,-4.7581647848384324e-07,6.027687475215027e-08,12.000000000000007,9.609984261593006e-06,-8.077131579201044e-07,-6.468425612911488e-13,-6.468425612911488e-13,0.0060833515687875785,8.008320217994167e-07
0.369,89.99997363781563,90.0,0.0009064091505830755,-0.0005294148594554222,-4.7294147187778537e-07,5.986383312801278e-08,12.000000000000007,9.545787526780898e-06,-8.028327454715493e-07,-6.386392339844646e-13,-6.386392339844646e-13,0.006042727670553836,7.954822938984077e-07
0.36920000000000003,89.99997381849163,90.0,0.0009003547783927388,-0.0005260067865572168,-4.700820728730831e-07,5.945355008453547e-08,12.000000000000007,9.48200411571444e-06,-7.979788274080116e-07,-6.30536543811312e-13,-6.30536543811312e-13,0.006002365189284925,7.901670096428696e-07
0.3694,89.99997399796062,90.0,0.0008943393805673916,-0.000522619426833233,-4.6723821491685925e-07,5.9046007883321874e-08,12.000000000000007,9.418631515743833e-06,-7.931512907539278e-07,-6.2253331198732e-13,-6.2253331198732e-13,0.005962262537115944,7.848859596453189e-07
0.36960000000000004,89.99997417623044,90.0,0.0008883627202359379,-0.0005192526669751061,-4.6440983296270614e-07,5.864118884375531e-08,12.000000000000007,9.35566722794011e-06,-7.883500250910136e-07,-6.146283744908129e-13,-6.146283744908129e-13,0.005922418134906253,7.796389356616755e-07
0.3698,89.99997435330876,90.0,0.0008824245618229051,-0.0005159063933518735,-4.61596860116901e-07,5.823907545855849e-08,12.000000000000007,9.293108767205995e-06,-7.835749168651099e-07,-6.068205774734881e-13,-6.068205774734881e-13,0.0058828304121526995,7.744257306004991e-07
0.37,89.99997452920329,90.0,0.0008765246710522313,-0.0005125804934363516,-4.5879923096985475e-07,5.78396502782339e-08,12.000000000000007,9.230953662069153e-06,-7.788258550414203e-07,-5.991087815590611e-13,-5.991087815590611e-13,0.0058434978070148755,7.692461385057623e-07
0.37020000000000003,89.99997470392164,90.0,0.0008706628149347138,-0.0005092748550770633,-4.5601687990458543e-07,5.7442895968843614e-08,12.000000000000007,9.169199454674815e-06,-7.741027282330926e-07,-5.91491859464763e-13,-5.91491859464763e-13,0.005804418766231426,7.640999545562341e-07
0.3704,89.9999748774714,90.0,0.000864838761763736,-0.0005059893664922756,-4.5324974108638177e-07,5.7048795312009325e-08,12.000000000000007,9.107843700741393e-06,-7.694054246836729e-07,-5.839686958767868e-13,-5.839686958767868e-13,0.005765591745091574,7.589869750617823e-07
0.37060000000000004,89.99997504986011,90.0,0.0008590522811108184,-0.0005027239162637858,-4.5049774845203e-07,5.6657331204912264e-08,12.000000000000007,9.04688396951423e-06,-7.647338322488164e-07,-5.765381873264164e-13,-5.765381873264164e-13,0.005727015207405456,7.539069974595187e-07
0.3708,89.99997522109526,90.0,0.000853303143821754,-0.0004994783936867967,-4.4776083653102994e-07,5.626848663140339e-08,12.000000000000007,8.986317843663937e-06,-7.600878397903287e-07,-5.691992431216502e-13,-5.691992431216502e-13,0.0056886876254783605,7.488598203053276e-07
0.371,89.9999753911843,90.0,0.0008475911220082281,-0.0004962526887582169,-4.4503894042531074e-07,5.5882244662003314e-08,12.000000000000007,8.92614291919931e-06,-7.554673371417313e-07,-5.619507851761681e-13,-5.619507851761681e-13,0.005650607480054855,7.438452432666087e-07
0.37120000000000003,89.99997556013463,90.0,0.0008419159890398663,-0.0004930466914550131,-4.4233199412884393e-07,5.5498588511682175e-08,12.000000000000007,8.866356805507747e-06,-7.508722122557537e-07,-5.547917457667046e-13,-5.547917457667046e-13,0.005612773260265776,7.388630671256452e-07
0.3714,89.9999757279536,90.0,0.000836277519544486,-0.0004898602924451061,-4.396399321893917e-07,5.511750148207976e-08,12.000000000000007,8.806957125234815e-06,-7.463023540252021e-07,-5.477210695301472e-13,-5.477210695301472e-13,0.005575183463629907,7.339130937695675e-07
0.37160000000000004,89.99997589464851,90.0,0.0008306754894002184,-0.0004866933830763693,-4.369626896894346e-07,5.473896696150557e-08,12.000000000000007,8.7479415142024e-06,-7.417576522505835e-07,-5.407377133000152e-13,-5.407377133000152e-13,0.0055378365960014565,7.289951261835329e-07
0.3718,89.99997606022664,90.0,0.000825109675727658,-0.00048354585501039695,-4.343002013966044e-07,5.43629684538287e-08,12.000000000000007,8.689307621388643e-06,-7.372379961979396e-07,-5.33840644928337e-13,-5.33840644928337e-13,0.00550073117151772,7.241089684490531e-07
0.372,89.99997622469523,90.0,0.0008195798568862739,-0.0004804176005727644,-4.316524025855638e-07,5.398948954958789e-08,12.000000000000007,8.631053108829142e-06,-7.327432759940127e-07,-5.270288441868141e-13,-5.270288441868141e-13,0.0054638657125751595,7.192544257357614e-07
0.37220000000000003,89.99997638806143,90.0,0.0008140858124669133,-0.0004773085123872896,-4.290192281892923e-07,5.361851395488152e-08,12.000000000000007,8.573175651600567e-06,-7.282733811855272e-07,-5.203013016073814e-13,-5.203013016073814e-13,0.005427238749779423,7.144313043000469e-07
0.3724,89.99997655033238,90.0,0.0008086273232883166,-0.0004742184833711675,-4.264006127906514e-07,5.325002549136753e-08,12.000000000000007,8.515672937784463e-06,-7.238282007248714e-07,-5.136570183765003e-13,-5.136570183765003e-13,0.005390848821922111,7.096394114820382e-07
0.37260000000000004,89.99997671151516,90.0,0.0008032041713937132,-0.00047114740744075946,-4.237964922752823e-07,5.288400803848365e-08,12.000000000000007,8.458542668308814e-06,-7.194076257759423e-07,-5.070950082110454e-13,-5.070950082110454e-13,0.005354694475958087,7.048785556924008e-07
0.3728,89.99997687161684,90.0,0.0007978161400396126,-0.0004680951784301289,-4.212068013127684e-07,5.25204456201171e-08,12.000000000000007,8.40178255701617e-06,-7.150115454383415e-07,-5.006142942107524e-13,-5.006142942107524e-13,0.00531877426693075,7.001485464180137e-07
0.373,89.99997703064439,90.0,0.0007924630136964533,-0.0004650616911577605,-4.186314758499107e-07,5.215932231793488e-08,12.000000000000007,8.345390330485785e-06,-7.106398509797868e-07,-4.942139117353807e-13,-4.942139117353807e-13,0.0052830867579763555,6.954491942071484e-07
0.37320000000000003,89.99997718860479,90.0,0.0007871445780375619,-0.0004620468407006026,-4.160704514228663e-07,5.180062232916362e-08,12.000000000000007,8.289363728041967e-06,-7.062924329709151e-07,-4.878929062716343e-13,-4.878929062716343e-13,0.005247630520250412,6.907803106701634e-07
0.3734,89.99997734550494,90.0,0.000781860619936051,-0.0004590505223897349,-4.1352366314964035e-07,5.144432996658947e-08,12.000000000000007,8.233700501721839e-06,-7.019691812725377e-07,-4.816503333364132e-13,-4.816503333364132e-13,0.005212404132907007,6.861417084768195e-07
0.37360000000000004,89.99997750135175,90.0,0.0007766109274620343,-0.0004560726325170238,-4.1099104738448243e-07,5.109042960077842e-08,12.000000000000007,8.178398416123347e-06,-6.976699878440289e-07,-4.754852602966998e-13,-4.754852602966998e-13,0.005177406183080229,6.815332013436118e-07
0.3738,89.99997765615201,90.0,0.0007713952898715888,-0.000453113067609167,-4.084725400300305e-07,5.073890571785602e-08,12.000000000000007,8.123455248413621e-06,-6.933947438781383e-07,-4.693967642816065e-13,-4.693967642816065e-13,0.005142635265810592,6.76954604034468e-07
0.374,89.99997780991255,90.0,0.0007662134976040675,-0.00045017172477921307,-4.0596807736137585e-07,5.038974289061754e-08,12.000000000000005,8.068868788239532e-06,-6.891433411998665e-07,-4.633839330358923e-13,-4.633839330358923e-13,0.005108089984027117,6.724057323532941e-07
0.37420000000000003,89.99997796264009,90.0,0.0007610653422754433,-0.00044724850136199654,-4.0347759517938323e-07,5.004292580741782e-08,12.000000000000005,8.014636837720042e-06,-6.849156708292e-07,-4.574458638466199e-13,-4.574458638466199e-13,0.005073768948502955,6.678864031433365e-07
0.3744,89.99997811434133,90.0,0.0007559506166755759,-0.0004443432952655926,-4.01001029634643e-07,4.969843924328137e-08,12.000000000000005,7.960757211356295e-06,-6.807116243797953e-07,-4.5158166438629257e-13,-4.5158166438629257e-13,0.005039670777837173,6.63396434279691e-07
0.37460000000000004,89.99997826502296,90.0,0.0007508691147619724,-0.00044145600496260645,-3.985383172123705e-07,4.935626805990242e-08,12.000000000000005,7.907227735966775e-06,-6.765310940333451e-07,-4.4579045258203415e-13,-4.4579045258203415e-13,0.005005794098413149,6.589356446638976e-07
0.3748,89.9999784146916,90.0,0.0007458206316530867,-0.0004385865294808163,-3.960893947161851e-07,4.901639720564488e-08,12.000000000000005,7.854046250617688e-06,-6.723739725120428e-07,-4.4007135648509397e-13,-4.4007135648509397e-13,0.0049721375443539115,6.545038542181404e-07
0.375,89.99997856335382,90.0,0.0007408049636220424,-0.0004357347680391374,-3.9365419842234674e-07,4.8678811744432235e-08,12.000000000000005,7.80121060661925e-06,-6.682401516428727e-07,-4.34423513230436e-13,-4.34423513230436e-13,0.004938699757480282,6.501008838849372e-07
0.37520000000000003,89.99997871101617,90.0,0.0007358219080945195,-0.00043290062075521563,-3.9123266573578213e-07,4.8343496797967774e-08,12.000000000000005,7.748718667380705e-06,-6.641295251687661e-07,-4.2884607076949163e-13,-4.2884607076949163e-13,0.004905479387296797,6.457265556150585e-07
0.3754,89.99997885768516,90.0,0.0007308712636383536,-0.0004300839879203604,-3.8882473350376657e-07,4.801043760351437e-08,12.000000000000005,7.696568308425268e-06,-6.600419858860236e-07,-4.2333818590003716e-13,-4.2333818590003716e-13,0.004872475090922357,6.413806923687721e-07
0.37560000000000004,89.99997900336723,90.0,0.0007259528299616215,-0.000427284769996874,-3.8643033801129503e-07,4.767961951389448e-08,12.000000000000004,7.64475741737026e-06,-6.559774256364577e-07,-4.178990241884797e-13,-4.178990241884797e-13,0.004839685533077477,6.370631181141881e-07
0.3758,89.99997914806883,90.0,0.0007210664079107357,-0.0004245028686812022,-3.8404941746817137e-07,4.735102791082046e-08,12.000000000000004,7.593283893722717e-06,-6.519357395293034e-07,-4.125277625591722e-13,-4.125277625591722e-13,0.004807109386071572,6.327736578102262e-07
0.376,89.99997929179634,90.0,0.0007162117994561806,-0.00042173818546293587,-3.8168190865221145e-07,4.702464832045416e-08,12.000000000000004,7.542145648977293e-06,-6.479168202429516e-07,-4.072235855578816e-13,-4.072235855578816e-13,0.004774745329707871,6.285121374147742e-07
0.37620000000000003,89.99997943455607,90.0,0.0007113888076950256,-0.0004189906223388601,-3.793277485764602e-07,4.6700466355627085e-08,12.000000000000004,7.4913406065193065e-06,-6.439205608551023e-07,-4.019856870755427e-13,-4.019856870755427e-13,0.004742592051300171,6.242783838766087e-07
0.3764,89.99997957635433,90.0,0.0007065972368450019,-0.0004162600821599569,-3.7698687530542646e-07,4.637846768695057e-08,12.000000000000004,7.440866701501682e-06,-6.399468562283475e-07,-3.9681327110334946e-13,-3.9681327110334946e-13,0.004710648245633346,6.2007222512514e-07
0.3766,89.99997971719743,90.0,0.0007018368922348782,-0.0004135464682626952,-3.74659227101216e-07,4.6058638071705627e-08,12.000000000000004,7.390721880806465e-06,-6.359956015607062e-07,-3.9170555071261505e-13,-3.9170555071261505e-13,0.004678912614899188,6.158934900672053e-07
0.3768,89.99997985709156,90.0,0.0006971075802988104,-0.00041084968410586996,-3.723447415792862e-07,4.5740963382732834e-08,12.000000000000004,7.3409041030476385e-06,-6.320666909524921e-07,-3.8666174708440765e-13,-3.8666174708440765e-13,0.004647383868658737,6.11742008587303e-07
0.377,89.99997999604291,90.0,0.0006924091085749915,-0.00040816963362398824,-3.7004335653574653e-07,4.5425429579542496e-08,12.000000000000004,7.29141133849556e-06,-6.281600188106809e-07,-3.816810902954818e-13,-3.816810902954818e-13,0.004616060723833276,6.076176115412965e-07
0.37720000000000004,89.99998013405762,90.0,0.0006877412857001122,-0.00040550622157480747,-3.6775501076452205e-07,4.511202267942469e-08,12.000000000000004,7.242241568957898e-06,-6.242754812360715e-07,-3.7676282005742264e-13,-3.7676282005742264e-13,0.004584941904667415,6.035201307464913e-07
0.3774,89.99998027114184,90.0,0.000683103921400043,-0.0004028593528157805,-3.654796423736566e-07,4.4800728815229075e-08,12.000000000000004,7.1933927878058365e-06,-6.204129731651579e-07,-3.7190618388561846e-13,-3.7190618388561846e-13,0.004554026142666953,5.994493989838195e-07
0.3776,89.9999804073016,90.0,0.0006784968264886684,-0.00040022893265770115,-3.632171896130647e-07,4.4491534206475004e-08,12.000000000000004,7.144862999900463e-06,-6.165723897752643e-07,-3.671104378721243e-13,-3.671104378721243e-13,0.004523312176591123,5.95405249991705e-07
0.3778,89.99998054254296,90.0,0.000673919812862752,-0.00039761486721280376,-3.6096759169266625e-07,4.4184425130461636e-08,12.000000000000004,7.09665022147786e-06,-6.127536278733533e-07,-3.623748474132328e-13,-3.623748474132328e-13,0.0044927987524183465,5.913875184564882e-07
0.378,89.9999806768719,90.0,0.0006693726934926947,-0.000395017062671319,-3.5873078709888393e-07,4.3879387980047686e-08,12.000000000000004,7.048752480176152e-06,-6.08956583038229e-07,-3.576986854175259e-13,-3.576986854175259e-13,0.0044624846232846314,5.873960400146792e-07
0.37820000000000004,89.99998081029439,90.0,0.0006648552824215951,-0.00039243542565543105,-3.565067144229336e-07,4.3576409234761594e-08,12.000000000000004,7.001167814964198e-06,-6.051811510265849e-07,-3.5308123306585945e-13,-3.5308123306585945e-13,0.004432368549477301,5.834306512470163e-07
0.3784,89.99998094281636,90.0,0.0006603673947605037,-0.000389869863923195,-3.542953140104762e-07,4.3275475403021676e-08,12.000000000000004,6.953894275969237e-06,-6.014272305733393e-07,-3.4852178134133114e-13,-3.4852178134133114e-13,0.0044024492984033586,5.794911896641029e-07
0.3786,89.99998107444368,90.0,0.0006559088466753084,-0.0003873202845738691,-3.5209652377703025e-07,4.297657316658563e-08,12.000000000000004,6.906929924648244e-06,-5.976947162881688e-07,-3.440196268112411e-13,-3.440196268112411e-13,0.004372725644502056,5.755774937206868e-07
0.3788,89.99998120518221,90.0,0.0006514794553942216,-0.00038478659618999594,-3.49910284209506e-07,4.2679689207211145e-08,12.000000000000004,6.860272833496574e-06,-5.939835071457665e-07,-3.3957407646809323e-13,-3.3957407646809323e-13,0.0043431963692948106,5.71689402791381e-07
0.379,89.99998133503776,90.0,0.0006470790391908872,-0.00038226870703745913,-3.4773653417247226e-07,4.238481035110542e-08,12.000000000000004,6.813921086180056e-06,-5.902934993668511e-07,-3.3518444353089996e-13,-3.3518444353089996e-13,0.004313860261272582,5.678267571816712e-07
0.37920000000000004,89.99998146401612,90.0,0.0006427074173879543,-0.0003797665264915585,-3.4557521423908194e-07,4.209192345336553e-08,12.000000000000004,6.767872777326029e-06,-5.866245920725157e-07,-3.3085005059979705e-13,-3.3085005059979705e-13,0.004284716115919696,5.639893981105022e-07
0.3794,89.999981592123,90.0,0.0006383644103445337,-0.00037727996395368175,-3.434262641690025e-07,4.1801015484648125e-08,12.000000000000004,6.722126012577573e-06,-5.829766830029364e-07,-3.2657022712835225e-13,-3.2657022712835225e-13,0.004255762735630225,5.601771677147976e-07
0.3796,89.99998171936413,90.0,0.0006340498394557043,-0.0003748089292058873,-3.412896237377924e-07,4.151207350227957e-08,12.000000000000004,6.676678908526866e-06,-5.79349669925265e-07,-3.2234431015433473e-13,-3.2234431015433473e-13,0.004226998929704695,5.563899090439053e-07
0.3798,89.99998184574518,90.0,0.000629763527148208,-0.0003723533327601638,-3.391652335570465e-07,4.1225084621366006e-08,12.000000000000004,6.63152959260892e-06,-5.757434520258506e-07,-3.1817164498835343e-13,-3.1817164498835343e-13,0.004198423514321386,5.526274660507431e-07
0.38,89.99998197127177,90.0,0.0006255052968722717,-0.00036991308549174046,-3.3705303422403403e-07,4.094003604368328e-08,12.000000000000004,6.586676203078127e-06,-5.721579284667245e-07,-3.140515843195209e-13,-3.140515843195209e-13,0.004170035312481812,5.488896835898438e-07
0.38020000000000004,89.99998209594952,90.0,0.000621274973097184,-0.0003674880986329108,-3.349529663109902e-07,4.0656915057676916e-08,12.000000000000004,6.5421168889623004e-06,-5.685929983674217e-07,-3.0998348813043517e-13,-3.0998348813043517e-13,0.004141833153981227,5.451764074135248e-07
0.3804,89.99998221978397,90.0,0.0006170723813074306,-0.00036507828376763706,-3.3286497035576374e-07,4.0375709038462125e-08,12.000000000000004,6.497849810022522e-06,-5.650485607891052e-07,-3.0596672361474883e-13,-3.0596672361474883e-13,0.00411381587538287,5.414874841685433e-07
0.3806,89.99998234278065,90.0,0.0006128973479986235,-0.0003626835531811373,-3.307889876825313e-07,4.009640541893392e-08,12.000000000000004,6.453873136649314e-06,-5.615245161277539e-07,-3.020006658505762e-13,-3.020006658505762e-13,0.004085982319990823,5.378227613874427e-07
0.3808,89.99998246494509,90.0,0.0006087497006693821,-0.00036030381949327816,-3.2872495955157625e-07,3.981899171865699e-08,12.000000000000004,6.410185049839804e-06,-5.580207646708857e-07,-2.980846969327905e-13,-2.980846969327905e-13,0.004058331337795881,5.341820874866502e-07
0.381,89.9999825862827,90.0,0.0006046292678175791,-0.0003579389952980611,-3.2667282631963263e-07,3.954345557275563e-08,12.000000000000004,6.3667837412202395e-06,-5.54537205172216e-07,-2.94218205149348e-13,-2.94218205149348e-13,0.004030861785450528,5.305653117683531e-07
0.38120000000000004,89.99998270679895,90.0,0.0006005358789407335,-0.00035558899458525774,-3.2463253076311314e-07,3.926978461635412e-08,12.000000000000004,6.323667412803976e-06,-5.51073740492939e-07,-2.9040058790059936e-13,-2.9040058790059936e-13,0.004003572526271556,5.269722844003312e-07
0.3814,89.99998282649919,90.0,0.0005964693645197777,-0.0003532537309413866,-3.226040138859714e-07,3.8997966629026226e-08,12.000000000000004,6.280834277130426e-06,-5.476302704854453e-07,-2.866312478382659e-13,-2.866312478382659e-13,0.003976462430131851,5.234028564275354e-07
0.3816,89.99998294538882,90.0,0.0005924295560239875,-0.0003509331186224114,-3.2058721742334225e-07,3.8727989448125515e-08,12.000000000000004,6.238282557131712e-06,-5.44206696243328e-07,-2.8290959505408565e-13,-2.8290959505408565e-13,0.00394953037349325,5.198568797609758e-07
0.38180000000000003,89.99998306347312,90.0,0.0005884162859030557,-0.0003486270725426733,-3.185820838223554e-07,3.845984096878534e-08,12.000000000000004,6.196010486050303e-06,-5.408029200688133e-07,-2.792350469694158e-13,-2.792350469694158e-13,0.003922775239353704,5.163342071708584e-07
0.382,89.99998318075743,90.0,0.0005844293875798063,-0.00034633550790944705,-3.165885553939315e-07,3.8193509172808734e-08,12.000000000000004,6.154016307424839e-06,-5.374188440329085e-07,-2.7560702750799367e-13,-2.7560702750799367e-13,0.0038961959171987088,5.128346922854031e-07
0.38220000000000004,89.99998329724698,90.0,0.0005804686954466731,-0.00034405834021802395,-3.1460657430425794e-07,3.7928982128668437e-08,12.000000000000004,6.112298275053538e-06,-5.340543699609317e-07,-2.720249670247505e-13,-2.720249670247505e-13,0.0038697913029778212,5.093581895877947e-07
0.3824,89.99998341294699,90.0,0.0005765340448624298,-0.0003417954852471459,-3.126360825668737e-07,3.766624799150687e-08,12.000000000000004,6.070854652960211e-06,-5.307093994190758e-07,-2.684883022360845e-13,-2.684883022360845e-13,0.003843560299082866,5.059045544133508e-07
0.3826,89.99998352786265,90.0,0.0005726252721490938,-0.0003395468597652257,-3.1067702369631357e-07,3.740529494535635e-08,12.000000000000004,6.0296837152390585e-06,-5.2738383652152e-07,-2.649964775628422e-13,-2.649964775628422e-13,0.003817501814327292,5.024736429365881e-07
0.38280000000000003,89.99998364199914,90.0,0.0005687422145803386,-0.00033731238044835325,-3.0872934018835326e-07,3.714611128980879e-08,12.000000000000004,5.988783746118826e-06,-5.240775836530688e-07,-2.615489428905606e-13,-2.615489428905606e-13,0.003791614763868924,4.990653121765688e-07
0.383,89.99998375536157,90.0,0.0005648847103827935,-0.00033509196494792433,-3.067929760148609e-07,3.688868535334597e-08,12.000000000000004,5.948153039791742e-06,-5.207905457042392e-07,-2.581451556271225e-13,-2.581451556271225e-13,0.003765898069218623,4.95679419982645e-07
0.38320000000000004,89.99998386795504,90.0,0.0005610525987247907,-0.00033288553045384317,-3.048678732742845e-07,3.663300560889921e-08,12.000000000000004,5.907789900542681e-06,-5.175226243853596e-07,-2.547845778038475e-13,-2.547845778038475e-13,0.003740350658165271,4.923158250452232e-07
0.3834,89.99998397978462,90.0,0.0005572457197216437,-0.00033069299547824915,-3.029539763572721e-07,3.637906052939976e-08,12.000000000000004,5.867692642496402e-06,-5.142737252978386e-07,-2.514666795132785e-13,-2.514666795132785e-13,0.0037149714648109576,4.889743868747001e-07
0.3836,89.99998409085532,90.0,0.000553463914420499,-0.000328514278413281,-3.010512285877309e-07,3.6126838703338504e-08,12.000000000000004,5.82785958970623e-06,-5.110437522322592e-07,-2.481909360171855e-13,-2.481909360171855e-13,0.0036897594294699938,4.856549658088524e-07
0.38380000000000003,89.99998420117215,90.0,0.0005497070248018557,-0.00032634929824374006,-2.991595738876405e-07,3.5876328776986104e-08,12.000000000000004,5.788289076046804e-06,-5.078326099944515e-07,-2.4495682907426835e-13,-2.4495682907426835e-13,0.0036647134986790377,4.823574230039002e-07
0.384,89.9999843107401,90.0,0.0005459748937724932,-0.00032419797453721663,-2.9727895675993715e-07,3.5627519454393024e-08,12.000000000000004,5.74897944514059e-06,-5.046402043764366e-07,-2.417638468459733e-13,-2.417638468459733e-13,0.0036398326251499543,4.790816204283824e-07
0.38420000000000004,89.99998441956409,90.0,0.000542267365159196,-0.0003220602267247854,-2.9540932061218527e-07,3.538039955516929e-08,12.000000000000004,5.709929050415723e-06,-5.014664393108084e-07,-2.3861148246910976e-13,-2.3861148246910976e-13,0.0036151157677279736,4.758274208679768e-07
0.3844,89.99998452764899,90.0,0.0005385842837099982,-0.00031993597516855586,-2.935506102512949e-07,3.513495792781485e-08,12.000000000000004,5.6711362549343665e-06,-4.983112211055932e-07,-2.3549923602104536e-13,-2.3549923602104536e-13,0.003590561891399988,4.7259468791119705e-07
0.3846,89.99998463499972,90.0,0.0005349254950836802,-0.00031782514043646594,-2.9170277019696405e-07,3.4891183507499334e-08,12.000000000000004,5.632599431406625e-06,-4.951744555812662e-07,-2.3242661307951036e-13,-2.3242661307951036e-13,0.0035661699672245345,4.6938328595055196e-07
0.38480000000000003,89.99998474162112,90.0,0.0005312908458473417,-0.0003157276436541634,-2.8986574550636933e-07,3.4649065287172167e-08,12.000000000000004,5.5943169621038e-06,-4.920560494706887e-07,-2.293931253216383e-13,-2.293931253216383e-13,0.0035419389723156114,4.661930801753165e-07
0.385,89.99998484751798,90.0,0.0005276801834700713,-0.00031364340614089604,-2.8803948092827595e-07,3.440859234645245e-08,12.000000000000004,5.556287238854135e-06,-4.889559089831845e-07,-2.263982897871326e-13,-2.263982897871326e-13,0.003517867889800475,4.630239365711777e-07
0.38520000000000004,89.99998495269509,90.0,0.0005240933563208297,-0.00031157234976182777,-2.862239217284832e-07,3.4169753822739094e-08,12.000000000000004,5.5185086629593e-06,-4.858739412057586e-07,-2.234416294708463e-13,-2.234416294708463e-13,0.0034939557088055316,4.5987572191327484e-07
0.3854,89.9999850571572,90.0,0.0005205302136619618,-0.00030951439656370705,-2.8441901284354843e-07,3.3932538940100694e-08,12.000000000000004,5.480979645188493e-06,-4.828100526665175e-07,-2.2052267259646384e-13,-2.2052267259646384e-13,0.003470201424413078,4.567483037657076e-07
0.3856,89.99998516090905,90.0,0.0005169906056474119,-0.00030746946948292025,-2.8262470053761036e-07,3.369693695149574e-08,12.000000000000004,5.443698605636863e-06,-4.797641521471781e-07,-2.176409538398454e-13,-2.176409538398454e-13,0.0034466040376494125,4.536415504697384e-07
0.38580000000000003,89.99998526395531,90.0,0.0005134743833122806,-0.00030543749126509277,-2.8084092988539745e-07,3.34629372254423e-08,12.000000000000004,5.406663973801546e-06,-4.76736146410397e-07,-2.1479601231717266e-13,-2.1479601231717266e-13,0.0034231625554152034,4.5055533115012874e-07
0.386,89.99998536630065,90.0,0.0005099813985751278,-0.00030341838553412184,-2.790676472695154e-07,3.323052915934836e-08,12.000000000000004,5.369874188421051e-06,-4.737259444389923e-07,-2.1198739345236073e-13,-2.1198739345236073e-13,0.0033998759905008525,4.4748951570175407e-07
0.38620000000000004,89.9999854679497,90.0,0.0005065115042280256,-0.00030141207606774296,-2.773047986952276e-07,3.2999702237291564e-08,12.000000000000004,5.333327697494921e-06,-4.707334545752321e-07,-2.0921464761862932e-13,-2.0921464761862932e-13,0.0033767433615201708,4.4444397479124327e-07
0.3864,89.99998556890706,90.0,0.0005030645539345781,-0.0002994184871500374,-2.755523306162331e-07,3.277044600112939e-08,12.000000000000004,5.297022958201655e-06,-4.6775858592261794e-07,-2.0647733071067066e-13,-2.0647733071067066e-13,0.0033537636928971867,4.4141857985013777e-07
0.3866,89.99998566917733,90.0,0.00049964040222435,-0.0002974375435636531,-2.7381018992118103e-07,3.2542750050499074e-08,12.000000000000004,5.26095843684081e-06,-4.6480124832299257e-07,-2.0377500406824895e-13,-2.0377500406824895e-13,0.003330936014829,4.384132030700674e-07
0.38680000000000003,89.99998576876503,90.0,0.0004962389044870669,-0.00029546916987116295,-2.720783222584929e-07,3.231660410059745e-08,12.000000000000004,5.22513260889578e-06,-4.618613495128738e-07,-2.0110723317736062e-13,-2.0110723317736062e-13,0.0033082593632471125,4.354277174079816e-07
0.387,89.99998586767468,90.0,0.0004928599169750582,-0.0002935132918395625,-2.703566753645519e-07,3.209199786662136e-08,12.000000000000004,5.189543958813093e-06,-4.589388007731592e-07,-1.9847359008477277e-13,-1.9847359008477277e-13,0.0032857327798337214,4.324619965677576e-07
0.38720000000000004,89.99998596591078,90.0,0.0004895032967896039,-0.0002915698353553921,-2.686451965389501e-07,3.1868921150437323e-08,12.000000000000004,5.154190980045107e-06,-4.560335126432795e-07,-1.9587365145535637e-13,-1.9587365145535637e-13,0.0032633553119306925,4.2951591500375876e-07
0.3874,89.99998606347779,90.0,0.0004861689018795913,-0.00028963872642286017,-2.66943832641233e-07,3.164736384058155e-08,12.000000000000004,5.119072175036057e-06,-4.531453949156734e-07,-1.9330699852987902e-13,-1.9330699852987902e-13,0.003241126012530609,4.265893479196713e-07
0.3876,89.99998616038012,90.0,0.00048285659104004713,-0.00028771989151706663,-2.652525309179192e-07,3.1427315883370064e-08,12.000000000000004,5.084186055145278e-06,-4.502743580396778e-07,-1.9077321767790177e-13,-1.9077321767790177e-13,0.00321904394026698,4.236821712621064e-07
0.38780000000000003,89.99998625662217,90.0,0.0004795662239068005,-0.0002858132575765502,-2.6357123898958045e-07,3.120876728289864e-08,12.000000000000004,5.049531140591752e-06,-4.474203130995965e-07,-1.88271900327477e-13,-1.88271900327477e-13,0.00319710815937867,4.207942617159792e-07
0.388,89.99998635220834,90.0,0.00047629766095115723,-0.0002839187519958523,-2.6189990483794985e-07,3.0991708101042895e-08,12.000000000000004,5.0151059603987595e-06,-4.4458317179281616e-07,-1.858026428959281e-13,-1.858026428959281e-13,0.0031753177396743816,4.179254966998965e-07
0.38820000000000005,89.99998644714296,90.0,0.00047305076347478234,-0.00028203630261837144,-2.602384767935357e-07,3.07761284574582e-08,12.000000000000004,4.980909052340717e-06,-4.417628464087798e-07,-1.833650467221077e-13,-1.833650467221077e-13,0.0031536717564985494,4.1507575436172625e-07
0.3884,89.99998654143036,90.0,0.0004698253936045169,-0.00028016583772912714,-2.585869035230755e-07,3.056201852957975e-08,12.000000000000004,4.946938962889312e-06,-4.3895924980768994e-07,-1.8095871799952697e-13,-1.8095871799952697e-13,0.0031321692906967793,4.122449135741092e-07
0.3886,89.99998663507482,90.0,0.0004666214142872537,-0.00027830728533706104,-2.5694513235599387e-07,3.0349368610402284e-08,12.000000000000004,4.9131942472833095e-06,-4.3617229257961927e-07,-1.7858326656054645e-13,-1.7858326656054645e-13,0.003110809428581691,4.0943285394027566e-07
0.38880000000000003,89.99998672808061,90.0,0.000463438689293217,-0.00027646057460070303,-2.553131126146186e-07,3.01381689929206e-08,12.000000000000004,4.879673469316535e-06,-4.3340188869765506e-07,-1.762383081524687e-13,-1.762383081524687e-13,0.0030895912619547804,4.066394557763778e-07
0.389,89.99998682045198,90.0,0.00046027708320269147,-0.000274625634743826,-2.536907930903481e-07,2.9928410056799124e-08,12.000000000000004,4.846375201384543e-06,-4.3064795123361564e-07,-1.739234626154712e-13,-1.739234626154712e-13,0.0030685138880179436,4.0386460011537846e-07
0.38920000000000005,89.99998691219312,90.0,0.00045713646140530055,-0.00027280239540971034,-2.520781228724755e-07,2.9720082239482122e-08,12.000000000000002,4.813298024415604e-06,-4.279103937650048e-07,-1.7163835441133338e-13,-1.7163835441133338e-13,0.0030475764093686702,4.011081687013003e-07
0.3894,89.99998700330822,90.0,0.00045401669009540336,-0.0002709907866547171,-2.5047505133704754e-07,2.9513176036193633e-08,12.000000000000002,4.780440527822872e-06,-4.251891303560993e-07,-1.6938261256200492e-13,-1.6938261256200492e-13,0.0030267779339693554,3.983700439852393e-07
0.3896,89.99998709380144,90.0,0.00045091763626715014,-0.00026919073858611186,-2.4888152730432456e-07,2.930768202882738e-08,12.000000000000002,4.747801309514525e-06,-4.224840741277115e-07,-1.67155870032715e-13,-1.67155870032715e-13,0.0030061175751143346,3.956501091262104e-07
0.38980000000000004,89.99998718367692,90.0,0.00044783916771390007,-0.0002674021824270664,-2.4729750152907985e-07,2.9103590799277106e-08,12.000000000000002,4.715378975703151e-06,-4.197951414845492e-07,-1.6495776535488106e-13,-1.6495776535488106e-13,0.0029855944514260006,3.9294824797526254e-07
0.39,89.99998727293874,90.0,0.0004447811530155796,-0.0002656250487226511,-2.457229225171553e-07,2.890089307388601e-08,12.000000000000002,4.683172141082009e-06,-4.171222450136896e-07,-1.627879397728079e-13,-1.627879397728079e-13,0.002965207686770531,3.9026434509016733e-07
0.3902,89.999987361591,90.0,0.00044174346154641424,-0.0002638592694822581,-2.441577415275896e-07,2.8699579550107424e-08,12.000000000000002,4.651179428536221e-06,-4.1446530197584663e-07,-1.6064604053267587e-13,-1.6064604053267587e-13,0.0029449564103094287,3.875982857113517e-07
0.3904,89.99998744963774,90.0,0.00043872596345805764,-0.000262104776024417,-2.42601907548368e-07,2.8499641069844132e-08,12.000000000000002,4.619399469336615e-06,-4.118242257765507e-07,-1.5853171750101338e-13,-1.5853171750101338e-13,0.0029248397563870505,3.849499557780512e-07
0.3906,89.99998753708297,90.0,0.00043572852968771315,-0.00026036150076449245,-2.4105537146892655e-07,2.830106847499895e-08,12.000000000000002,4.587830902916503e-06,-4.091989330491038e-07,-1.5644462587359495e-13,-1.5644462587359495e-13,0.002904856864584754,3.8231924190970857e-07
0.39080000000000004,89.99998762393074,90.0,0.000432751031945369,-0.00025862937648631675,-2.395180843881147e-07,2.8103852665254453e-08,12.000000000000002,4.556472376862079e-06,-4.065893407822935e-07,-1.543844250000902e-13,-1.543844250000902e-13,0.002885006879635793,3.797060314051732e-07
0.391,89.99998771018497,90.0,0.00042979334270970543,-0.0002569083359812051,-2.3798999677372083e-07,2.7907984626962937e-08,12.000000000000002,4.525322546931423e-06,-4.03995364893662e-07,-1.523507778007563e-13,-1.523507778007563e-13,0.0028652889513980364,3.771102122442852e-07
0.3912,89.99998779584963,90.0,0.00042685533522798493,-0.0002551983124030729,-2.3647105929277453e-07,2.7713455404256474e-08,12.000000000000002,4.494380076991832e-06,-4.0141692163896916e-07,-1.5034335126513118e-13,-1.5034335126513118e-13,0.002845702234853232,3.745316730826526e-07
0.3914,89.99998788092866,90.0,0.0004239368835119779,-0.0002534992396180191,-2.3496122363225546e-07,2.7520256070157032e-08,12.000000000000002,4.4636436389159705e-06,-3.98853929005372e-07,-1.483618169217892e-13,-1.483618169217892e-13,0.0028262458900798525,3.719703032429975e-07
0.3916,89.99998796542593,90.0,0.0004210378623295728,-0.0002518110514820682,-2.334604408176449e-07,2.7328377784356274e-08,12.000000000000002,4.433111912617728e-06,-3.9630630385711334e-07,-1.464058497228725e-13,-1.464058497228725e-13,0.002806919082197152,3.69425992718144e-07
0.39180000000000004,89.99998804934535,90.0,0.0004181581472052086,-0.0002501336825523169,-2.3196866287511171e-07,2.713781173543576e-08,12.000000000000002,4.402783585933672e-06,-3.9377396475713416e-07,-1.4447512905006118e-13,-1.4447512905006118e-13,0.0027877209813680576,3.668986321611393e-07
0.392,89.99998813269072,90.0,0.0004152976144117097,-0.00024846706736499134,-2.3048584115061077e-07,2.6948549198646736e-08,12.000000000000002,4.372657354661253e-06,-3.9125682911369115e-07,-1.4256933761545186e-13,-1.4256933761545186e-13,0.002768650762744731,3.643881128884377e-07
0.3922,89.9999882154659,90.0,0.00041245614097045103,-0.00024681114114622003,-2.2901192797142028e-07,2.676058147813035e-08,12.000000000000002,4.342731922437472e-06,-3.887548160008678e-07,-1.4068816245402284e-13,-1.4068816245402284e-13,0.0027497076064696736,3.6189432686978927e-07
0.3924,89.99998829767469,90.0,0.00040963360464361394,-0.0002451658394459493,-2.2754687579682776e-07,2.6573899935807537e-08,12.000000000000002,4.313006000719937e-06,-3.862678447168373e-07,-1.3883129434573967e-13,-1.3883129434573967e-13,0.002730890697624093,3.594171667266614e-07
0.3926,89.99998837932085,90.0,0.00040682988393036,-0.00024353109777733024,-2.2609063637829949e-07,2.6388496020268916e-08,12.000000000000002,4.28347830880863e-06,-3.837958333582245e-07,-1.3699842726675717e-13,-1.3699842726675717e-13,0.0027121992262024003,3.569565257340525e-07
0.39280000000000004,89.99998846040815,90.0,0.0004040448580673739,-0.00024190685232801875,-2.2464316242193322e-07,2.620436120899502e-08,12.000000000000002,4.254147573728502e-06,-3.8133870164217067e-07,-1.351892593633181e-13,-1.351892593633181e-13,0.002693632387115826,3.5451229781070845e-07
0.393,89.99998854094028,90.0,0.00040127840702102656,-0.00024029303959396256,-2.2320440673891923e-07,2.6021487037246164e-08,12.000000000000002,4.225012530209559e-06,-3.788963694642148e-07,-1.3340349238643483e-13,-1.3340349238643483e-13,0.0026751893801401773,3.520843775174632e-07
0.3932,89.99998862092097,90.0,0.0003985304114838979,-0.0002386895963745455,-2.217743222371235e-07,2.5839865098062452e-08,12.000000000000002,4.19607192065074e-06,-3.76468756884006e-07,-1.3164083164693894e-13,-1.3164083164693894e-13,0.002656869409892653,3.4967266005422826e-07
0.3934,89.99998870035391,90.0,0.0003958007528714035,-0.00023709645976787742,-2.2035286191292246e-07,2.5659487042263792e-08,12.000000000000002,4.167324495084857e-06,-3.740557841114425e-07,-1.299009859713156e-13,-1.299009859713156e-13,0.0026386716858093563,3.4727704125707136e-07
0.3936,89.99998877924273,90.0,0.00039308931331818255,-0.00023551356752102314,-2.1893997967302994e-07,2.548034454955998e-08,12.000000000000002,4.13876901107955e-06,-3.716573729017484e-07,-1.2818366814208272e-13,-1.2818366814208272e-13,0.002620595422121217,3.448974175899625e-07
0.39380000000000004,89.99998885759108,90.0,0.0003903959756708463,-0.00023394085730933303,-2.175356286558043e-07,2.5302429386330508e-08,12.000000000000002,4.110404233784968e-06,-3.692734437058407e-07,-1.2648859386940355e-13,-1.2648859386940355e-13,0.002602639837805642,3.425336861487473e-07
0.394,89.99998893540256,90.0,0.00038772062348872477,-0.00023237826744802978,-2.1613976289419612e-07,2.5125733347844757e-08,12.000000000000002,4.082228935818501e-06,-3.6690391849323423e-07,-1.2481548272818943e-13,-1.2481548272818943e-13,0.002584804156591499,3.4018574465154166e-07
0.3942,89.99998901268076,90.0,0.00038506314103659695,-0.0002308257361715142,-2.1475233563701202e-07,2.49502483160418e-08,12.0,4.054241897312268e-06,-3.645487179023353e-07,-1.231640571442599e-13,-1.231640571442599e-13,0.002567087606910646,3.37853491442689e-07
0.39440000000000003,89.99998908942923,90.0,0.00038242341328549297,-0.00022928320270030014,-2.1337330184256413e-07,2.4775966172860722e-08,12.0,4.0264419057369e-06,-3.6220776547348856e-07,-1.2153404379048144e-13,-1.2153404379048144e-13,0.002549489421903287,3.35536825478075e-07
0.3946,89.99998916565153,90.0,0.00037980132590153734,-0.00022775060615962193,-2.120026156599573e-07,2.460287888691028e-08,12.0,3.998827755970171e-06,-3.598809833733844e-07,-1.1992517209661076e-13,-1.1992517209661076e-13,0.0025320088393435826,3.332356463308476e-07
0.39480000000000004,89.99998924135116,90.0,0.000377196765247063,-0.00022622788593626138,-2.1064023126235477e-07,2.4430978484579028e-08,12.0,3.971398250247052e-06,-3.575682938095529e-07,-1.1833717469825686e-13,-1.1833717469825686e-13,0.002514645101647087,3.3094985418725435e-07
0.395,89.99998931653163,90.0,0.0003746096183774732,-0.000224714982029438,-2.0928610366995165e-07,2.4260257021145423e-08,12.0,3.944152198065587e-06,-3.552696204273871e-07,-1.167697878595505e-13,-1.167697878595505e-13,0.0024973974558498216,3.2867934983879896e-07
0.3952,89.9999893911964,90.0,0.0003720397730344076,-0.0002232118346859951,-2.0794018790286326e-07,2.4090706609667713e-08,12.0,3.917088416177399e-06,-3.529848868721445e-07,-1.1522275095438057e-13,-1.1522275095438057e-13,0.0024802651535627174,3.264240346814499e-07
0.39540000000000003,89.9999894653489,90.0,0.0003694871176427388,-0.00022171838439620636,-2.0660243897385613e-07,2.3922319420983938e-08,12.0,3.890205728556481e-06,-3.5071401677660767e-07,-1.1369580642911776e-13,-1.1369580642911776e-13,0.002463247450951592,3.241838107130401e-07
0.3956,89.99998953899261,90.0,0.00036695154130795914,-0.0002202345718901274,-2.0527281188202252e-07,2.3755087683711933e-08,12.0,3.863502966372054e-06,-3.484569337503469e-07,-1.1218869976644795e-13,-1.1218869976644795e-13,0.002446343608719728,3.2195858053100447e-07
0.39580000000000004,89.99998961213089,90.0,0.0003644329338133892,-0.00021876033848896887,-2.0395126243659145e-07,2.3589003655359425e-08,12.0,3.83697896789802e-06,-3.4621356277816454e-07,-1.1070117989840485e-13,-1.1070117989840485e-13,0.002429552892089261,3.1974824732483505e-07
0.396,89.99998968476713,90.0,0.00036193118561326945,-0.0002172956257401802,-2.0263774640964016e-07,2.3424059651213936e-08,12.0,3.810632578502726e-06,-3.4398382878179664e-07,-1.0923299870283484e-13,-1.0923299870283484e-13,0.00241287457075513,3.1755271487522716e-07
0.3962,89.99998975690471,90.0,0.00035944618783041726,-0.00021584037541417665,-2.013322195304192e-07,2.326024804434278e-08,12.0,3.7844626506245887e-06,-3.4176765661027955e-07,-1.077839109694244e-13,-1.077839109694244e-13,0.0023963079188694483,3.153718875520491e-07
0.39640000000000003,89.99998982854694,90.0,0.000356977832253383,-0.00021439452950037022,-2.0003463747847262e-07,2.3097561265593072e-08,12.0,3.758468043742573e-06,-3.3956497102827146e-07,-1.0635367436534425e-13,-1.0635367436534425e-13,0.002379852215022553,3.132056703118811e-07
0.3966,89.99998989969716,90.0,0.0003545260113343118,-0.00021295803055945415,-1.9874495670902833e-07,2.2935991774701818e-08,12.0,3.73264762429243e-06,-3.373756981171778e-07,-1.0494204983925698e-13,-1.0494204983925698e-13,0.0023635067422287455,3.1105396869103586e-07
0.39680000000000004,89.99998997035866,90.0,0.0003520906181820431,-0.00021153082135849706,-1.9746313360572745e-07,2.2775532089185808e-08,12.0,3.7070002656565296e-06,-3.351997638368831e-07,-1.0354880113261096e-13,-1.0354880113261096e-13,0.0023472707878802873,3.089166888047108e-07
0.397,89.9999900405347,90.0,0.00034967154656006714,-0.0002101128452233617,-1.9618912530624758e-07,2.261617475545174e-08,12.0,3.681524848081102e-06,-3.330370954272722e-07,-1.0217369517902164e-13,-1.0217369517902164e-13,0.002331143643733781,3.0679373734009184e-07
0.3972,89.99999011022857,90.0,0.00034726869087988983,-0.00020870404567416816,-1.9492288885567167e-07,2.2457912377686105e-08,12.0,3.656220258668813e-06,-3.3088761997104764e-07,-1.0081650162340431e-13,-1.0081650162340431e-13,0.002315124605865932,3.046850215557344e-07
0.39740000000000003,89.99999017944347,90.0,0.0003448819461989325,-0.0002073043660670907,-1.9366438037083707e-07,2.230073764674508e-08,12.0,3.6310853914184706e-06,-3.2875126297518644e-07,-9.947699236663094e-14,-9.947699236663094e-14,0.0022992129746595502,3.0259044928487253e-07
0.3976,89.99999024818263,90.0,0.00034251120822238317,-0.0002059137506627563,-1.9241355753652168e-07,2.214464325348484e-08,12.0,3.6061191470596826e-06,-3.2662795260829305e-07,-9.8154942822139e-14,-9.8154942822139e-14,0.0022834080548158877,3.0050992892164023e-07
0.39780000000000004,89.99999031644923,90.0,0.00034015637329289967,-0.00020453214390132524,-1.911703779193837e-07,2.1989621946541357e-08,12.0,3.581320433068919e-06,-3.2451761683846005e-07,-9.68501310062006e-14,-9.68501310062006e-14,0.0022677091552859977,2.9844336942240994e-07
0.398,89.99999038424643,90.0,0.0003378173383884346,-0.00020315949039945388,-1.8993479896269638e-07,2.1835666532330396e-08,12.0,3.556688163646908e-06,-3.2242018342433034e-07,-9.556233750884839e-14,-9.556233750884839e-14,0.002252115589256231,2.96390680303909e-07
0.3982,89.99999045157742,90.0,0.0003354940011203141,-0.0002017957353028832,-1.8870677881226538e-07,2.1682769846157614e-08,12.0,3.5322212596371458e-06,-3.203355813171172e-07,-9.429134587887876e-14,-9.429134587887876e-14,0.002236626674135427,2.943517716364288e-07
0.39840000000000003,89.99999051844529,90.0,0.0003331862597271373,-0.00020044082356737876,-1.874862746405264e-07,2.153092480999837e-08,12.0,3.507918648585563e-06,-3.1826373781570845e-07,-9.303694175435583e-14,-9.303694175435583e-14,0.0022212417315142486,2.923265540487969e-07
0.3986,89.99999058485315,90.0,0.0003308940130770958,-0.00019909470102778284,-1.8627324514386458e-07,2.1380124345827998e-08,12.0,3.4837792645800454e-06,-3.16204582805943e-07,-9.179891407871069e-14,-9.179891407871069e-14,0.0022059600871806384,2.903149387150038e-07
0.39880000000000004,89.99999065080412,90.0,0.0003286171606576991,-0.00019775731367312584,-1.8506764885660748e-07,2.1230361433401654e-08,12.0,3.459802048266726e-06,-3.1415804589856215e-07,-9.057705422327646e-14,-9.057705422327646e-14,0.0021907810710513273,2.883168373555605e-07
0.399,89.99999071630124,90.0,0.00032635560257415747,-0.00019642860764436864,-1.8386944414711095e-07,2.108162911025427e-08,12.0,3.435985946833184e-06,-3.1212405642256495e-07,-8.937115596137507e-14,-8.937115596137507e-14,0.0021757040171610496,2.8633216223609863e-07
0.3992,89.99999078134758,90.0,0.00032410923954759535,-0.00019510852958717906,-1.8267859004400298e-07,2.0933920442810675e-08,12.0,3.412329913928349e-06,-3.101025448277829e-07,-8.818101584176252e-14,-8.818101584176252e-14,0.002160728263650636,2.843608261606957e-07
0.39940000000000003,89.99999084594614,90.0,0.00032187797290922983,-0.00019379702593326075,-1.8149504456095498e-07,2.07872285841654e-08,12.0,3.388832909725065e-06,-3.080934398411273e-07,-8.700643235033431e-14,-8.700643235033431e-14,0.002145853152728199,2.8240274247708875e-07
0.3996,89.99999091009997,90.0,0.00031966170460298875,-0.00019249404432509435,-1.8031876802529438e-07,2.064154665852306e-08,12.0,3.3654939007011977e-06,-3.060966741170121e-07,-8.58472074804772e-14,-8.58472074804772e-14,0.002131078030686592,2.8045782505843316e-07
0.39980000000000004,89.99999097381203,90.0,0.0003174603371714421,-0.0001911995318199373,-1.7914971889110714e-07,2.0496867905647874e-08,12.0,3.342311859801068e-06,-3.041121771299659e-07,-8.4703144694284e-14,-8.4703144694284e-14,0.002116402247809614,2.7852598831675565e-07
0.4,89.9999910370853,90.0,0.00031527377376266676,-0.00018991343632049405,-1.7798785707812913e-07,2.0353185565304048e-08,12.0,3.319285766260689e-06,-3.021398808425032e-07,-8.357405049168513e-14,-8.357405049168513e-14,0.0021018251584177783,2.766071471883908e-07
0.4002,89.99999109992271,90.0,0.0003131019181205033,-0.000188635705495498,-1.7683314145645583e-07,2.021049296392549e-08,12.0,3.2964146056910974e-06,-3.0017971543534175e-07,-8.245973319110481e-14,-8.245973319110481e-14,0.0020873461208033555,2.747012171409248e-07
0.40040000000000003,89.99999116232723,90.0,0.00031094467458723173,-0.00018736628820453284,-1.7568553317529448e-07,2.00687833990562e-08,12.0,3.2736973698600592e-06,-2.982316149580617e-07,-8.136000445811036e-14,-8.136000445811036e-14,0.0020729644972482114,2.728081141550049e-07
0.4006,89.99999122430175,90.0,0.0003088019480899508,-0.0001861051327026582,-1.7454499147715134e-07,1.992805028379977e-08,12.0,3.251133056858164e-06,-2.962955102235594e-07,-8.02746773238725e-14,-8.02746773238725e-14,0.0020586796539330053,2.7092775473818033e-07
0.40080000000000005,89.99999128584916,90.0,0.0003066736441475415,-0.0001848521877159458,-1.7341147620639188e-07,1.9788287060149686e-08,12.0,3.228720670986603e-06,-2.9437133306640603e-07,-7.920356733478227e-14,-7.920356733478227e-14,0.00204449096098361,2.690600559155503e-07
0.401,89.99999134697235,90.0,0.0003045596688652305,-0.00018360740278916058,-1.7228494862665166e-07,1.9649487170099442e-08,12.0,3.206459222639162e-06,-2.9245901773042726e-07,-7.814649288714322e-14,-7.814649288714322e-14,0.00203039779243487,2.6720493521993016e-07
0.4012,89.99999140767416,90.0,0.00030245992892520194,-0.000182370727206838,-1.7116536890640506e-07,1.9511644142312204e-08,12.0,3.184347728389236e-06,-2.90558496600379e-07,-7.710327405113403e-14,-7.710327405113403e-14,0.002016399526168013,2.65362310699103e-07
0.40140000000000003,89.99999146795744,90.0,0.00030037433158969565,-0.00018114211070815266,-1.70052697787602e-07,1.9374751534341057e-08,12.0,3.162385210898979e-06,-2.886697030345096e-07,-7.607373330924444e-14,-7.607373330924444e-14,0.0020024955439313045,2.6353210090824826e-07
0.4016,89.99999152782502,90.0,0.0002983027846956364,-0.00017992150347941906,-1.6894689657266752e-07,1.923880293262896e-08,12.0,3.140570698863495e-06,-2.867925713424912e-07,-7.505769551749552e-14,-7.505769551749552e-14,0.0019886852313042427,2.6171422490529124e-07
0.40180000000000005,89.99999158727967,90.0,0.00029624519664964133,-0.00017870885579185012,-1.678479262818496e-07,1.9103791981398683e-08,12.0,3.1189032270204866e-06,-2.8492703535499166e-07,-7.405498750283865e-14,-7.405498750283865e-14,0.0019749679776642757,2.5990860225170724e-07
0.402,89.99999164632419,90.0,0.00029420147642702485,-0.0001775041183554381,-1.667557484813778e-07,1.8969712353762888e-08,12.0,3.09738183607839e-06,-2.830730298294994e-07,-7.306543840646398e-14,-7.306543840646398e-14,0.0019613431761801654,2.581151530065325e-07
0.4022,89.99999170496136,90.0,0.00029217153356673065,-0.0001763072419566077,-1.6567032444062809e-07,1.883655778061402e-08,12.0,3.0760055727252404e-06,-2.8123048901958474e-07,-7.20888792870406e-14,-7.20888792870406e-14,0.0019478102237782042,2.563337977271034e-07
0.40240000000000004,89.9999917631939,90.0,0.00029015527817057983,-0.00017511817781243723,-1.6459161596087127e-07,1.8704322021734435e-08,12.0,3.0547734895593317e-06,-2.7939934808172597e-07,-7.112514346001803e-14,-7.112514346001803e-14,0.0019343685211371988,2.545644574632776e-07
0.4026,89.99999182102457,90.0,0.0002881526208982718,-0.00017393687720840755,-1.635195845326043e-07,1.8572998894686273e-08,12.0,3.0336846450988017e-06,-2.77579541644853e-07,-7.017406610679616e-14,-7.017406610679616e-14,0.0019210174726551452,2.5280705375823346e-07
0.40280000000000005,89.99999187845604,90.0,0.0002861634729664797,-0.00017276329220768135,-1.624541929944977e-07,1.8442582217031673e-08,12.0,3.0127381036491807e-06,-2.7577100662646216e-07,-6.923548496210277e-14,-6.923548496210277e-14,0.0019077564864431983,2.510615086374317e-07
0.403,89.99999193549102,90.0,0.00028418774614015095,-0.00017159737457314258,-1.613954030206318e-07,1.8313065893002472e-08,12.0,2.9919329353975687e-06,-2.739736779671219e-07,-6.830923921181994e-14,-6.830923921181994e-14,0.001894584974267673,2.4932774461646406e-07
0.4032,89.99999199213221,90.0,0.0002822253527359415,-0.00017043907648273438,-1.603431767899479e-07,1.8184443855720393e-08,12.0,2.971268216325275e-06,-2.721874914644178e-07,-6.739517018912764e-14,-6.739517018912764e-14,0.0018815023515729435,2.476056846937729e-07
0.40340000000000004,89.99999204838224,90.0,0.00028027620561722446,-0.00016928835087776065,-1.592974778047341e-07,1.8056710038307172e-08,12.0,2.950743028094429e-06,-2.704123851623573e-07,-6.649312168568426e-14,-6.649312168568426e-14,0.0018685080374481631,2.4589525234120243e-07
0.4036,89.99999210424374,90.0,0.0002783402181856272,-0.0001681451500299851,-1.5825826754786623e-07,1.792985848944412e-08,12.0,2.930356458206138e-06,-2.6864829367693345e-07,-6.560293853018842e-14,-6.560293853018842e-14,0.0018556014545708479,2.4419637151717814e-07
0.4038,89.99999215971935,90.0,0.000276417304388592,-0.00016700942732854394,-1.5722550965395295e-07,1.780388322892265e-08,12.0,2.910107599771432e-06,-2.6689515527677203e-07,-6.472446830942589e-14,-6.472446830942589e-14,0.00184278202925728,2.4250896664761934e-07
0.404,89.9999922148117,90.0,0.00027450737870657126,-0.00016588113619625294,-1.5619916738663333e-07,1.767877833431398e-08,12.0,2.8899955515627796e-06,-2.651529076007665e-07,-6.385756028751267e-14,-6.385756028751267e-14,0.0018300491913771416,2.4083296263023165e-07
0.4042,89.99999226952335,90.0,0.00027261035615266645,-0.00016476023044437535,-1.5517920446827387e-07,1.755453791207921e-08,12.0,2.870019417948817e-06,-2.6342148906651433e-07,-6.300206572715735e-14,-6.300206572715735e-14,0.0018174023743511099,2.391682848290681e-07
0.40440000000000004,89.99999232385687,90.0,0.00027072615226813657,-0.00016364666391107825,-1.5416558423852562e-07,1.743115612645925e-08,12.0,2.8501783089091966e-06,-2.617008374419417e-07,-6.215783752503283e-14,-6.215783752503283e-14,0.0018048410151209106,2.375148590757664e-07
0.4046,89.99999237781482,90.0,0.0002688546831222609,-0.00016254039046124187,-1.5315826965399392e-07,1.730862719947479e-08,12.0,2.830471340033165e-06,-2.599908898447428e-07,-6.132473019793869e-14,-6.132473019793869e-14,0.0017923645541484063,2.3587261166943044e-07
0.4048,89.99999243139976,90.0,0.0002669958653118631,-0.00016144136469633676,-1.521572249482223e-07,1.718694535314652e-08,12.0,2.8108976323915655e-06,-2.5829158556025395e-07,-6.050260052649843e-14,-6.050260052649843e-14,0.0017799724354124204,2.3424146936596378e-07
0.405,89.99999248461418,90.0,0.0002651496159528367,-0.00016034954123204955,-1.511624139500438e-07,1.7066104867274932e-08,12.0,2.7914563125718364e-06,-2.566028631868028e-07,-5.969130685556732e-14,-5.969130685556732e-14,0.0017676641063522447,2.3262135938098637e-07
0.4052,89.9999925374606,90.0,0.00026331585268025157,-0.00015926487505370224,-1.5017380091440605e-07,1.6946100050550407e-08,12.0,2.7721465126175855e-06,-2.5492466204605967e-07,-5.88907094059334e-14,-5.88907094059334e-14,0.0017554390178683439,2.310122093847988e-07
0.40540000000000004,89.9999925899415,90.0,0.0002614944936438328,-0.00015818732150993958,-1.491913505114283e-07,1.682692524055323e-08,12.0,2.7529673699816166e-06,-2.5325692216446165e-07,-5.810067024506141e-14,-5.810067024506141e-14,0.0017432966242922187,2.2941394749846805e-07
0.4056,89.99999264205938,90.0,0.0002596854575039761,-0.00015711683630716561,-1.4821502781675657e-07,1.6708574803753565e-08,12.0,2.7339180274845258e-06,-2.515995842568399e-07,-5.732105325894888e-14,-5.732105325894888e-14,0.0017312363833598408,2.2782650229037715e-07
0.4058,89.99999269381668,90.0,0.00025788866342753357,-0.00015605337479311708,-1.4724479664022553e-07,1.6591043193291287e-08,12.0,2.7149976333939593e-06,-2.499525868892718e-07,-5.6551723488755903e-14,-5.6551723488755903e-14,0.0017192577561835573,2.2624980278282994e-07
0.406,89.99999274521582,90.0,0.00025610403109216015,-0.0001549968930287458,-1.4628062202808511e-07,1.6474324862306265e-08,12.0,2.6962053412852052e-06,-2.483158707266877e-07,-5.5792548081598494e-14,-5.5792548081598494e-14,0.0017073602072810677,2.2468377844043378e-07
0.4062,89.99999279625926,90.0,0.0002543314806778633,-0.0001539473474211488,-1.4532246941197818e-07,1.6358414292828253e-08,12.0,2.677540310014912e-06,-2.466893770882346e-07,-5.504339593385143e-14,-5.504339593385143e-14,0.0016955432045190886,2.2312835916790934e-07
0.40640000000000004,89.9999928469494,90.0,0.0002525709328632144,-0.0001529046943630068,-1.4437030376920047e-07,1.624330602466681e-08,12.0,2.6590017037432466e-06,-2.45073046521791e-07,-5.4304137353582515e-14,-5.4304137353582515e-14,0.0016838062190880957,2.2158347531193723e-07
0.4066,89.9999928972886,90.0,0.00025082230882544047,-0.000151868890587984,-1.4342409045349216e-07,1.6128994626521392e-08,12.0,2.640588691873322e-06,-2.4346682021426143e-07,-5.357464435867782e-14,-5.357464435867782e-14,0.0016721487255029366,2.2004905765611014e-07
0.4068,89.99999294727927,90.0,0.0002490855302366218,-0.00015083989281014704,-1.424837943552644e-07,1.6015474724871242e-08,12.0,2.6223004490732113e-06,-2.418706385660353e-07,-5.285479034411156e-14,-5.285479034411156e-14,0.001660570201577479,2.185250374227676e-07
0.40700000000000003,89.99999299692375,90.0,0.00024736051926374514,-0.00014981765878985384,-1.4154938239343534e-07,1.5902740917305706e-08,12.0,2.604136155091931e-06,-2.402844454209551e-07,-5.214445098557692e-14,-5.214445098557692e-14,0.0016490701284249676,2.1701134625766093e-07
0.4072,89.9999930462244,90.0,0.00024564719855693146,-0.00014880214589623104,-1.4062082016465988e-07,1.579078788808382e-08,12.0,2.586094994883214e-06,-2.387081823782807e-07,-5.1443502973845096e-14,-5.1443502973845096e-14,0.0016376479903795432,2.1550791624026782e-07
0.40740000000000004,89.99999309518357,90.0,0.0002439454912537646,-0.00014779331182376016,-1.3969807361494363e-07,1.5679610350354526e-08,12.0,2.5681761585274347e-06,-2.3714179163030557e-07,-5.075182462128596e-14,-5.075182462128596e-14,0.0016263032750250975,2.140146798772862e-07
0.4076,89.99999314380354,90.0,0.0002422553209756917,-0.0001467911145872523,-1.3878110903093169e-07,1.5569203046156656e-08,12.0,2.550378841194213e-06,-2.3558521594756926e-07,-5.006929583757085e-14,-5.006929583757085e-14,0.001615035473171278,2.1253157009951776e-07
0.4078,89.99999319208662,90.0,0.00024057661182426177,-0.00014579551251659557,-1.3786989303080284e-07,1.545956074641893e-08,12.0,2.532702243103328e-06,-2.3403839866339992e-07,-4.939579810559199e-14,-4.939579810559199e-14,0.0016038440788284116,2.1105852025861066e-07
0.40800000000000003,89.9999932400351,90.0,0.00023890928837754625,-0.0001448064638964864,-1.369643917250371e-07,1.535067827984987e-08,12.0,2.515145569549046e-06,-2.325012822492914e-07,-4.873121416364812e-14,-4.873121416364812e-14,0.0015927285891836416,2.0959546412908714e-07
0.4082,89.99999328765125,90.0,0.00023725327569065605,-0.0001438239276776937,-1.3606457237880457e-07,1.5242550475158003e-08,12.0,2.497708030782448e-06,-2.3097381113685966e-07,-4.8075428581413564e-14,-4.8075428581413564e-14,0.0015816885046043738,2.0814233589853732e-07
0.40840000000000004,89.99999333493732,90.0,0.00023560849928812275,-0.00014284786275587887,-1.351704017323864e-07,1.5135172218831638e-08,12.0,2.4803888420553112e-06,-2.2945592886670533e-07,-4.742832714203442e-14,-4.742832714203442e-14,0.0015707233285874851,2.0669907017127594e-07
0.4086,89.99999338189555,90.0,0.00023397488516462678,-0.0001418782283278833,-1.3428184683350613e-07,1.502853842624899e-08,12.0,2.463187223566153e-06,-2.2794757950132217e-07,-4.678979712254056e-14,-4.678979712254056e-14,0.0015598325677641785,2.0526560196384608e-07
0.4088,89.99999342852817,90.0,0.00023235235978138165,-0.0001409149838866804,-1.3339887502857816e-07,1.492264404167816e-08,12.0,2.446102400422659e-06,-2.2644870761024075e-07,-4.6159727271501564e-14,-4.6159727271501564e-14,0.0015490157318758778,2.0384186670188824e-07
0.40900000000000003,89.99999347483737,90.0,0.00023074085006291763,-0.00013995808886161254,-1.3252145312435206e-07,1.4817484067167051e-08,12.0,2.429133602669784e-06,-2.2495925684689398e-07,-4.5538007503201074e-14,-4.5538007503201074e-14,0.0015382723337527841,2.02427800222482e-07
0.4092,89.99999352082538,90.0,0.00022914028339761426,-0.0001390075036849499,-1.3164954988091053e-07,1.471305347587367e-08,12.0,2.4122800651107214e-06,-2.2347917418055802e-07,-4.492452973693056e-14,-4.492452973693056e-14,0.0015276018893174287,2.0102333875922678e-07
0.40940000000000004,89.99999356649435,90.0,0.00022755058762642438,-0.0001380631879997881,-1.3078313183152876e-07,1.46093473565156e-08,12.0,2.3955410274973464e-06,-2.2200840280043466e-07,-4.43191864464665e-14,-4.43191864464665e-14,0.0015170039175094957,1.996284189581122e-07
0.4096,89.99999361184648,90.0,0.00022597169105180266,-0.0001371251028041441,-1.2992216828770138e-07,1.4506360740030643e-08,12.0,2.378915734253856e-06,-2.2054689061183879e-07,-4.3721872351438946e-14,-4.3721872351438946e-14,0.0015064779403453513,1.98242977854488e-07
0.4098,89.9999936568839,90.0,0.0002244035224221841,-0.000136193208297655,-1.2906662631815759e-07,1.440408877291618e-08,12.0,2.3624034346846245e-06,-2.1909458171292186e-07,-4.3132482696616474e-14,-4.3132482696616474e-14,0.0014960234828145609,1.968669528903854e-07
0.41000000000000003,89.99999370160874,90.0,0.00022284601094118883,-0.0001352674653155166,-1.2821647409341803e-07,1.4302526601669593e-08,12.0,2.34600338282376e-06,-2.176514220721603e-07,-4.255091437147417e-14,-4.255091437147417e-14,0.001485640072941259,1.9550028190198e-07
0.4102,89.99999374602315,90.0,0.00022129908626037707,-0.00013434783531836672,-1.2737168086825738e-07,1.4201669372788265e-08,12.0,2.329714837359817e-06,-2.162173594985851e-07,-4.197706587655127e-14,-4.197706587655127e-14,0.0014753272417358473,1.9414290311331807e-07
0.41040000000000004,89.99999379012922,90.0,0.00021976267847187563,-0.00013343427931617635,-1.2653221447215035e-07,1.410151231943927e-08,12.0,2.3135370617437547e-06,-2.1479233938173673e-07,-4.1410836478190875e-14,-4.1410836478190875e-14,0.0014650845231458376,1.9279475514531288e-07
0.4106,89.99999383392907,90.0,0.0002182367181138502,-0.00013252675894170408,-1.2569804381422386e-07,1.4002050674789679e-08,12.0,2.2974693240612254e-06,-2.1337630894389855e-07,-4.0852127023334814e-14,-4.0852127023334814e-14,0.0014549114540923346,1.914557770051021e-07
0.4108,89.99999387742476,90.0,0.00021672113616318626,-0.0001316252360850057,-1.2486913803497222e-07,1.3903279700896459e-08,12.0,2.2815108970180483e-06,-2.1196921580010719e-07,-4.030083964002623e-14,-4.030083964002623e-14,0.001444807574421242,1.9012590808483737e-07
0.41100000000000003,89.99999392061835,90.0,0.00021521586403257096,-0.00013072967253408788,-1.2404546566862456e-07,1.3805194717596376e-08,12.0,2.2656610579714103e-06,-2.1057100653624542e-07,-3.975687745391788e-14,-3.975687745391788e-14,0.0014347724268838065,1.888050881642842e-07
0.4112,89.99999396351193,90.0,0.00021372083357170882,-0.00012984003068714886,-1.2322699630722558e-07,1.3707791044726187e-08,12.0,2.249919088819453e-06,-2.0918162953387063e-07,-3.922014510988456e-14,-3.922014510988456e-14,0.0014248055571447254,1.874932574016211e-07
0.41140000000000004,89.9999940061075,90.0,0.00021223597706024493,-0.00012895627283215455,-1.2241369892236826e-07,1.3611064059902452e-08,12.0,2.2342842760507835e-06,-2.0780103212130418e-07,-3.869054821797948e-14,-3.869054821797948e-14,0.001414906513734966,1.8619035633756528e-07
0.4116,89.99999404840713,90.0,0.00021076122720917225,-0.00012807836185934577,-1.2160554352973736e-07,1.3515009140741724e-08,12.0,2.218755910636053e-06,-2.0642916339924555e-07,-3.8167993868310966e-14,-3.8167993868310966e-14,0.001405074848061148,1.8489632588633774e-07
0.4118,89.9999940904128,90.0,0.00020929651715384515,-0.00012720626054094124,-1.2080249951106165e-07,1.3419621722640351e-08,12.0,2.2033332880784066e-06,-2.0506597139223432e-07,-3.765239008505368e-14,-3.765239008505368e-14,0.0013953101143589675,1.836111073398672e-07
0.41200000000000003,89.99999413212655,90.0,0.00020784178045530488,-0.00012633993224353042,-1.2000453727845905e-07,1.3324897240994678e-08,12.0,2.1880157083042113e-06,-2.0371140587392744e-07,-3.714364633440734e-14,-3.714364633440734e-14,0.0013856118697020325,1.8233464235868428e-07
0.4122,89.99999417355032,90.0,0.00020639695109355455,-0.00012547933985286998,-1.192116257664526e-07,1.323083121787075e-08,12.0,2.172802475777746e-06,-2.0236541410971895e-07,-3.664167273244885e-14,-3.664167273244885e-14,0.0013759796739570302,1.8106687298147884e-07
0.41240000000000004,89.99999421468611,90.0,0.0002049619634731076,-0.000124624447202716,-1.1842373576767567e-07,1.31374191464447e-08,12.0,2.1576928993127625e-06,-2.0102794651920256e-07,-3.614638106399243e-14,-3.614638106399243e-14,0.0013664130898207172,1.7980774160939688e-07
0.4126,89.99999425553588,90.0,0.0002035367524119737,-0.00012377521799363184,-1.1764083741450606e-07,1.3044656577672466e-08,12.0,2.1426862921426108e-06,-1.9969895240116773e-07,-3.565768398876848e-14,-3.565768398876848e-14,0.0013569116827464914,1.7855719101188422e-07
0.4128,89.99999429610159,90.0,0.00020212125314328,-0.00012293161650579374,-1.1686290184412711e-07,1.2952539062509983e-08,12.0,2.1277819718140344e-06,-1.9837838276009236e-07,-3.5175495536212384e-14,-3.5175495536212384e-14,0.0013474750209552001,1.773151643178362e-07
0.41300000000000003,89.99999433638516,90.0,0.00020071540130866595,-0.0001220936065239548,-1.1608989869083347e-07,1.2861062238582875e-08,12.0,2.112979260303112e-06,-1.9706618604925437e-07,-3.469973033575908e-14,-3.469973033575908e-14,0.0013381026753911064,1.7608160502525934e-07
0.4132,89.99999437638853,90.0,0.0001993191329639253,-0.00012126115276640813,-1.1532179942196375e-07,1.2770221714626867e-08,12.0,2.0982774838277893e-06,-1.9576231383358048e-07,-3.423030460825261e-14,-3.423030460825261e-14,0.001328794219759502,1.748564569856491e-07
0.41340000000000005,89.99999441611358,90.0,0.0001979323845683774,-0.00012043421980433204,-1.1455857482046595e-07,1.268001315715748e-08,12.0,2.0836759729220035e-06,-1.9446671651622308e-07,-3.376713539482405e-14,-3.376713539482405e-14,0.0013195492304558494,1.7363966441016695e-07
0.4136,89.99999445556223,90.0,0.0001965550929864277,-0.00011961277206396882,-1.1380019498867487e-07,1.2590432290470027e-08,12.0,2.069174062451903e-06,-1.9317934334497281e-07,-3.331014055424236e-14,-3.331014055424236e-14,0.0013103672865761847,1.724311718709919e-07
0.4138,89.99999449473637,90.0,0.0001951871954892988,-0.00011879677525012768,-1.1304663267477819e-07,1.2501474781080032e-08,12.0,2.054771091387738e-06,-1.9190014805903708e-07,-3.2859239722061347e-14,-3.2859239722061347e-14,0.0013012479699286586,1.712309242823115e-07
0.41400000000000003,89.99999453363787,90.0,0.0001938286297404551,-0.00011798619419420492,-1.1229785825412236e-07,1.2413136411062597e-08,12.0,2.0404664030215523e-06,-1.9062908036965217e-07,-3.2414352827764215e-14,-3.2414352827764215e-14,0.0012921908649363672,1.700388669184627e-07
0.4142,89.99999457226858,90.0,0.0001924793338055196,-0.00011718099464438789,-1.1155384390606173e-07,1.2325412933602932e-08,12.0,2.026259344762611e-06,-1.8936609305041347e-07,-3.197540130204887e-14,-3.197540130204887e-14,0.0012831955587034637,1.6885494539688427e-07
0.41440000000000005,89.99999461063034,90.0,0.00019113924614176322,-0.00011638114182989324,-1.1081456026624085e-07,1.2238300188555938e-08,12.0,2.012149268274279e-06,-1.8811113625442122e-07,-3.1542307097381406e-14,-3.1542307097381406e-14,0.001274261640945088,1.6767910568952327e-07
0.4146,89.999994648725,90.0,0.0001898083056042362,-0.00011558660189061383,-1.1007997976371177e-07,1.215179398688662e-08,12.0,1.998135529291636e-06,-1.8686416317914038e-07,-3.111499363329919e-14,-3.111499363329919e-14,0.0012653887040282414,1.6651129410763632e-07
0.4148,89.9999946865544,90.0,0.00018848645143505885,-0.00011479734115162279,-1.0935007493387361e-07,1.2065890168449874e-08,12.0,1.9842174876332465e-06,-1.8562512720256325e-07,-3.069338529495599e-14,-3.069338529495599e-14,0.0012565763429003925,1.6535145730277055e-07
0.41500000000000004,89.99999472412031,90.0,0.00018717362326149862,-0.00011401332540994607,-1.0862481675268097e-07,1.198058465977029e-08,12.0,1.9703945073042274e-06,-1.8439397905547699e-07,-3.027740695924022e-14,-3.027740695924022e-14,0.0012478241550766575,1.641995422753523e-07
0.4152,89.99999476142456,90.0,0.0001858697611020345,-0.0001132345217193867,-1.0790417880416685e-07,1.1895873329592665e-08,12.0,1.9566659562516438e-06,-1.8317067389596228e-07,-2.986698514965842e-14,-2.986698514965842e-14,0.00123913174068023,1.6305549635430364e-07
0.41540000000000005,89.99999479846893,90.0,0.0001845748053518354,-0.00011246089623862074,-1.0718813226187999e-07,1.1811752162221382e-08,12.0,1.9430312065827593e-06,-1.819551627902284e-07,-2.946204662502166e-14,-2.946204662502166e-14,0.0012304987023455693,1.6191926721522993e-07
0.4156,89.9999948352552,90.0,0.0001832886967931208,-0.00011169241637729128,-1.0647665089737533e-07,1.1728217084181028e-08,12.0,1.9294896343035467e-06,-1.8074740121468036e-07,-2.906251975591917e-14,-2.906251975591917e-14,0.0012219246452874722,1.607908028586289e-07
0.4158,89.99999487178512,90.0,0.00018201137658075452,-0.00011092904864426579,-1.0576970606193098e-07,1.1645264137555777e-08,12.0,1.9160406195381438e-06,-1.7954734053722853e-07,-2.8668333133281454e-14,-2.8668333133281454e-14,0.00121340917720503,1.5967005162817864e-07
0.41600000000000004,89.99999490806044,90.0,0.0001807427862526943,-0.00011017076079385428,-1.0506727169525464e-07,1.1562889306650014e-08,12.0,1.9026835462682848e-06,-1.7835493651972241e-07,-2.8279416925983357e-14,-2.8279416925983357e-14,0.0012049519083512953,1.5855696218902374e-07
0.4162,89.99999494408293,90.0,0.00017948286771547783,-0.00010941752002918757,-1.0436932013750779e-07,1.1481088662437812e-08,12.0,1.889417802490111e-06,-1.7717014220873237e-07,-2.7895701729906964e-14,-2.7895701729906964e-14,0.0011965524514365186,1.5745148354084258e-07
0.4164,89.99999497985428,90.0,0.00017823156325091772,-0.00010866929407737913,-1.0367582463721773e-07,1.1399858275893238e-08,12.0,1.8762427800991648e-06,-1.759929121928079e-07,-2.7517119237531838e-14,-2.7517119237531838e-14,0.0011882104216727849,1.5635356500826374e-07
0.4166,89.99999501537623,90.0,0.00017698881550974222,-0.00010792605082537422,-1.0298675850531534e-07,1.1319194246880265e-08,12.0,1.8631578748858333e-06,-1.7482320116643037e-07,-2.714360199716541e-14,-2.714360199716541e-14,0.001179925436731615,1.5526315624048612e-07
0.4168,89.9999950506505,90.0,0.00017575456751001096,-0.00010718775867300969,-1.0230209594187005e-07,1.1239092675262858e-08,12.0,1.8501624864573668e-06,-1.736609653334214e-07,-2.6775083618489125e-14,-2.6775083618489125e-14,0.0011716971167334066,1.5418020720478057e-07
0.41700000000000004,89.99999508567875,90.0,0.00017452876263112665,-0.00010645438545883828,-1.0162180952988767e-07,1.1159549747574675e-08,12.0,1.8372560183602233e-06,-1.7250615815258712e-07,-2.6411498105836766e-14,-2.6411498105836766e-14,0.0011635250842075109,1.5310466819668527e-07
0.4172,89.99999512046267,90.0,0.00017331134462027925,-0.00010572589989021209,-1.0094587357318468e-07,1.108056162145948e-08,12.0,1.8244378779009361e-06,-1.713587360038629e-07,-2.6052780722889532e-14,-2.6052780722889532e-14,0.0011554089641351952,1.52036489825078e-07
0.4174,89.99999515500396,90.0,0.0001721022575825089,-0.00010500227046359345,-1.002742615806281e-07,1.1002124512340825e-08,12.0,1.8117074762274292e-06,-1.7021865391773292e-07,-2.5698867324677174e-14,-2.5698867324677174e-14,0.0011473483838833928,1.5097562301895244e-07
0.4176,89.99999518930424,90.0,0.0001709014459831668,-0.00010428346582326252,-9.960694710266131e-08,1.092423466453216e-08,12.0,1.7990642282930644e-06,-1.6908586699525842e-07,-2.5349694568424027e-14,-2.5349694568424027e-14,0.0011393429732211118,1.4992201902442202e-07
0.4178,89.99999522336519,90.0,0.00016970885464619983,-0.00010356945546946507,-9.894390538829014e-08,1.0846888293457046e-08,12.0,1.786507552715772e-06,-1.679603332208629e-07,-2.5005200321310786e-14,-2.5005200321310786e-14,0.0011313923643079989,1.48875629392981e-07
0.41800000000000004,89.99999525718844,90.0,0.00016852442874421412,-0.00010286020832345251,-9.82851100387546e-08,1.0770081701208719e-08,12.0,1.7740368719208943e-06,-1.6684200778183654e-07,-2.46653227991909e-14,-2.46653227991909e-14,0.0011234961916280941,1.4783640599340785e-07
0.4182,89.99999529077563,90.0,0.0001673481138054144,-0.00010215569380298587,-9.763053551603372e-08,1.0693811189880425e-08,12.0,1.7616516120287233e-06,-1.6573084732660046e-07,-2.4330001196315993e-14,-2.4330001196315993e-14,0.001115654092036096,1.468043010023936e-07
0.4184,89.99999532412835,90.0,0.00016617985570758345,-0.00010145588145865772,-9.698015629770312e-08,1.0618073090455308e-08,12.0,1.7493512028534642e-06,-1.6462680853005162e-07,-2.3999175460331062e-14,-2.3999175460331062e-14,0.001107865704717223,1.4577926690445536e-07
0.4186,89.99999535724821,90.0,0.00016501960067680685,-0.00010076074097211177,-9.633394687384838e-08,1.0542863762806401e-08,12.0,1.7371350778899855e-06,-1.635298480883229e-07,-2.3672786283020525e-14,-2.3672786283020525e-14,0.0011001306711787122,1.4476125649083212e-07
0.4188,89.99999539013683,90.0,0.0001638672952859008,-0.00010007024250911897,-9.569188257382835e-08,1.0468179566806743e-08,12.0,1.7250026742359584e-06,-1.624399241222395e-07,-2.3350775292795777e-14,-2.3350775292795777e-14,0.0010924486352393385,1.4375022285299652e-07
0.41900000000000004,89.99999542279576,90.0,0.00016272288644872813,-9.938435600109855e-05,-9.505393789137917e-08,1.0394016920109163e-08,12.0,1.7129534326558443e-06,-1.6135699333413132e-07,-2.3033084634560537e-14,-2.3033084634560537e-14,0.0010848192429915209,1.4274611938798702e-07
0.4192,89.99999545522661,90.0,0.0001615863214232208,-9.870305185988065e-05,-9.442008815306776e-08,1.0320372240366495e-08,12.0,1.7009867974892513e-06,-1.6028101384008418e-07,-2.271965736918126e-14,-2.271965736918126e-14,0.001077242142821472,1.4174889979077094e-07
0.4194,89.99999548743092,90.0,0.0001604575478055185,-9.80263006142514e-05,-9.379030867353592e-08,1.0247241974121461e-08,12.0,1.689102216651556e-06,-1.5921194373594062e-07,-2.241043725681501e-14,-2.241043725681501e-14,0.0010697169853701232,1.4075851805429634e-07
0.41960000000000003,89.99999551941026,90.0,0.00015933651352887534,-9.735407290842587e-05,-9.316457475285318e-08,1.0174622596806686e-08,12.0,1.6772991416225414e-06,-1.5814974109280637e-07,-2.2105368748565938e-14,-2.2105368748565938e-14,0.0010622434235258355,1.397749284685451e-07
0.4198,89.99999555116615,90.0,0.00015822316686219285,-9.668633950000007e-05,-9.254286167296644e-08,1.010251061274469e-08,12.0,1.6655770274311541e-06,-1.570943639510233e-07,-2.180439697797777e-14,-2.180439697797777e-14,0.001054821112414619,1.3879808561926284e-07
0.42000000000000004,89.99999558270014,90.0,0.0001571174564088454,-9.602307161358222e-05,-9.192514552542538e-08,1.0030902526257991e-08,12.0,1.6539353325817763e-06,-1.5604577172525916e-07,-2.1507467946366372e-14,-2.1507467946366372e-14,0.0010474497093923025,1.378279443818147e-07
0.4202,89.99999561401374,90.0,0.00015601933110119187,-9.536424022258682e-05,-9.131140153696031e-08,9.959794899448904e-09,12.0,1.6423735191202447e-06,-1.55003922362124e-07,-2.1214528120610232e-14,-2.1214528120610232e-14,0.0010401288740079459,1.3686445992668705e-07
0.4204,89.99999564510847,90.0,0.00015492874020359552,-9.470981676399383e-05,-9.070160573792912e-08,9.88918429441974e-09,12.0,1.6308910525421804e-06,-1.5396877517241056e-07,-2.092552481663025e-14,-2.092552481663025e-14,0.0010328582680239702,1.3590758771184835e-07
0.42060000000000003,89.99999567598583,90.0,0.00015384563330709711,-9.405977277563977e-05,-9.009573411885515e-08,9.81906730216271e-09,12.0,1.6194874017991655e-06,-1.5294028939929118e-07,-2.0640405992472544e-14,-2.0640405992472544e-14,0.0010256375553806473,1.349572834832638e-07
0.4208,89.99999570664733,90.0,0.0001527699603281882,-9.341408024977622e-05,-8.949376345802642e-08,9.749440513670021e-09,12.0,1.6081620392244702e-06,-1.51918425623193e-07,-2.0359120428830422e-14,-2.0359120428830422e-14,0.0010184664021879212,1.3401350326870585e-07
0.42100000000000004,89.99999573709442,90.0,0.0001517016715036379,-9.277271091530381e-05,-8.889566964783591e-08,9.680300577713681e-09,12.0,1.5969144406023473e-06,-1.5090314292070914e-07,-2.0081617338530024e-14,-2.0081617338530024e-14,0.0010113444766909193,1.3307620338352894e-07
0.4212,89.99999576732858,90.0,0.0001506407173935784,-9.213563659735187e-05,-8.830142853281912e-08,9.61164417195558e-09,12.0,1.5857440851385698e-06,-1.4989440028719298e-07,-1.9807846554234114e-14,-1.9807846554234114e-14,0.0010042714492905227,1.3214534042821416e-07
0.4214,89.99999579735129,90.0,0.0001495870488803066,-9.150282992614786e-05,-8.771101756789104e-08,9.543467945167728e-09,12.0,1.5746504553249298e-06,-1.488921594516669e-07,-1.9537758889573276e-14,-1.9537758889573276e-14,0.0009972469925353773,1.312208712770775e-07
0.42160000000000003,89.99999582716399,90.0,0.0001485406171591243,-9.087426325841376e-05,-8.71244133044679e-08,9.475768603901916e-09,12.0,1.563633037028634e-06,-1.4789638060943625e-07,-1.9271305564822967e-14,-1.9271305564822967e-14,0.0009902707810608288,1.303027530857195e-07
0.4218,89.99999585676812,90.0,0.0001475013737413933,-9.024990903690322e-05,-8.654159222843105e-08,9.408542883599839e-09,12.0,1.5526913194625242e-06,-1.469070238445589e-07,-1.9008438390960058e-14,-1.9008438390960058e-14,0.0009833424916092885,1.2939094328854368e-07
0.42200000000000004,89.99999588616511,90.0,0.00014646927045374665,-8.962973978930029e-05,-8.596253075821796e-08,9.341787548593083e-09,12.0,1.5418247951768813e-06,-1.4592404912660458e-07,-1.874910976300069e-14,-1.874910976300069e-14,0.0009764618030249775,1.2848539959807344e-07
0.4222,89.9999959153564,90.0,0.00014544425943689747,-8.901372883709884e-05,-8.538720690307629e-08,9.27549933432334e-09,12.0,1.5310329599240003e-06,-1.4494741912559248e-07,-1.8493273011433377e-14,-1.8493273011433377e-14,0.0009696283962459831,1.275860799936667e-07
0.4224,89.99999594434338,90.0,0.00014442629313663282,-8.840184921721355e-05,-8.48155977495579e-08,9.209675034012097e-09,12.0,1.5203153127491817e-06,-1.439770949452372e-07,-1.824088184419891e-14,-1.824088184419891e-14,0.0009628419542442189,1.2669294272909847e-07
0.42260000000000003,89.99999597312748,90.0,0.00014341532430723936,-8.779407404203447e-05,-8.42476803003795e-08,9.144311469770735e-09,12.0,1.5096713559648022e-06,-1.4301303754694054e-07,-1.799189052617791e-14,-1.799189052617791e-14,0.0009561021620482624,1.2580594633040018e-07
0.4228,89.99999600171007,90.0,0.00014241130601024964,-8.719037685294784e-05,-8.368343230195703e-08,9.079405463710635e-09,12.0,1.499100595075764e-06,-1.420552091545567e-07,-1.7746254048100673e-14,-1.7746254048100673e-14,0.0009494087067349976,1.24925049589647e-07
0.42300000000000004,89.99999603009256,90.0,0.00014141419160997452,-8.659073090355548e-05,-8.312283057245393e-08,9.014953895722972e-09,12.0,1.4886025388561217e-06,-1.4110357041620268e-07,-1.7503927763601905e-14,-1.7503927763601905e-14,0.0009427612773998301,1.2405021157134347e-07
0.4232,89.99999605827631,90.0,0.0001404239347765265,-8.599511022971013e-05,-8.256585350080566e-08,8.950953616809023e-09,12.0,1.4781766991959246e-06,-1.4015808464642938e-07,-1.7264867910690165e-14,-1.7264867910690165e-14,0.0009361595651768435,1.2318139159966037e-07
0.4234,89.99999608626268,90.0,0.00013944048947689668,-8.540348857124255e-05,-8.201247853341481e-08,8.88740153574986e-09,12.0,1.4678225911930702e-06,-1.3921871355980912e-07,-1.702903107332707e-14,-1.702903107332707e-14,0.0009296032631793112,1.2231854926608918e-07
0.42360000000000003,89.99999611405305,90.0,0.00013846380997848702,-8.481584008743628e-05,-8.146268384383875e-08,8.824294561326555e-09,12.0,1.4575397330669618e-06,-1.3828542010528187e-07,-1.6796374525608768e-14,-1.6796374525608768e-14,0.0009230920665232469,1.214616444222468e-07
0.4238,89.99999614164875,90.0,0.00013749385084409324,-8.423213899475077e-05,-8.091644749007642e-08,8.761629631210074e-09,12.0,1.4473276461678976e-06,-1.3735816703562356e-07,-1.656685604813383e-14,-1.656685604813383e-14,0.000916625672293955,1.2061063718065813e-07
0.42400000000000004,89.99999616905112,90.0,0.00013653056693149464,-8.36523595662491e-05,-8.037374741357588e-08,8.699403711961283e-09,12.0,1.4371858549728115e-06,-1.3643691690576153e-07,-1.634043392275511e-14,-1.634043392275511e-14,0.0009102037795432974,1.1976548791440095e-07
0.4242,89.9999961962615,90.0,0.00013557391339253833,-8.307647648559042e-05,-7.983456226758643e-08,8.637613770141045e-09,12.0,1.4271138870142328e-06,-1.355216334789276e-07,-1.6117067094052547e-14,-1.6117067094052547e-14,0.0009038260892835888,1.1892615725118607e-07
0.4244,89.99999622328122,90.0,0.00013462384566871138,-8.250446448557615e-05,-7.929887057587175e-08,8.576256801200121e-09,12.0,1.4171112728958e-06,-1.3461228029854775e-07,-1.5896714990106768e-14,-1.5896714990106768e-14,0.0008974923044580759,1.1809260607465e-07
0.42460000000000003,89.99999625011158,90.0,0.0001336803194903834,-8.19362983470924e-05,-7.876665073087652e-08,8.515329829479168e-09,12.0,1.4071775462843917e-06,-1.337088206851299e-07,-1.5679337517356734e-14,-1.5679337517356734e-14,0.0008912021299358893,1.172647955236993e-07
0.4248,89.99999627675388,90.0,0.00013274329087640293,-8.137195289854663e-05,-7.823788099274997e-08,8.454829908208741e-09,12.0,1.397312243905932e-06,-1.3281121773460645e-07,-1.546489505571852e-14,-1.546489505571852e-14,0.000884955272509353,1.16442686992161e-07
0.42500000000000004,89.99999630320941,90.0,0.00013181271613333447,-8.081140337007337e-05,-7.771254031806727e-08,8.39475409061939e-09,12.0,1.3875149054759406e-06,-1.319194357251142e-07,-1.5253348615880935e-14,-1.5253348615880935e-14,0.0008787514408888965,1.1562624212299506e-07
0.4252,89.99999632947947,90.0,0.00013088855185113172,-8.025462503222196e-05,-7.719060751878823e-08,8.335099458831572e-09,12.0,1.377785073716096e-06,-1.3103343868930105e-07,-1.5044659665317682e-14,-1.5044659665317682e-14,0.0008725903456742115,1.1481542280967466e-07
0.4254,89.99999635556533,90.0,0.00012997075490255359,-7.970159355041222e-05,-7.667206209141223e-08,8.275863094965734e-09,12.0,1.3681222942866458e-06,-1.3015319182184178e-07,-1.4838790283669008e-14,-1.4838790283669008e-14,0.0008664716993503573,1.1401019119055382e-07
0.42560000000000003,89.99999638146828,90.0,0.0001290592824385742,-7.915228462325425e-05,-7.615688337529904e-08,8.21704211003222e-09,12.0,1.358526115800234e-06,-1.2927866005066198e-07,-1.4635702991207058e-14,-1.4635702991207058e-14,0.0008603952162571614,1.1321050965001949e-07
0.4258,89.99999640718956,90.0,0.0001281540918881254,-7.86066736269177e-05,-7.564504972147697e-08,8.158633672821174e-09,12.0,1.3489960898807519e-06,-1.28409806625964e-07,-1.443536058673074e-14,-1.443536058673074e-14,0.0008543606125875026,1.1241634082339598e-07
0.42600000000000005,89.99999643273041,90.0,0.00012725514096176052,-7.806473668606136e-05,-7.513654099321755e-08,8.100634923232837e-09,12.0,1.3395317710168348e-06,-1.2754659736502982e-07,-1.4237726621295796e-14,-1.4237726621295796e-14,0.000848367606411737,1.1162764758473623e-07
0.4262,89.99999645809211,90.0,0.00012636238764299543,-7.752644995120018e-05,-7.463133688393856e-08,8.04304303005735e-09,12.0,1.3301327165949363e-06,-1.266889977968093e-07,-1.4042765066846656e-14,-1.4042765066846656e-14,0.0008424159176199696,1.1084439304957802e-07
0.4264,89.99999648327586,90.0,0.00012547579018815926,-7.699178959849699e-05,-7.412941691684276e-08,7.985855190974748e-09,12.0,1.3207984868977784e-06,-1.2583697316130718e-07,-1.3850440312270907e-14,-1.3850440312270907e-14,0.0008365052679210617,1.1006654057481486e-07
0.42660000000000003,89.99999650828292,90.0,0.00012459530712595463,-7.646073182914834e-05,-7.363076044385324e-08,7.929068632554967e-09,12.0,1.3115286450997797e-06,-1.249904884077756e-07,-1.366071715931747e-14,-1.366071715931747e-14,0.0008306353808396975,1.0929405375831497e-07
0.4268,89.99999653311447,90.0,0.00012372089725734222,-7.593325322449476e-05,-7.313534747590305e-08,7.872680581367937e-09,12.0,1.302322757204334e-06,-1.2414950960415644e-07,-1.3473560971104247e-14,-1.3473560971104247e-14,0.0008248059817156148,1.0852689643369451e-07
0.42700000000000005,89.99999655777177,90.0,0.00012285251965097292,-7.540933073964286e-05,-7.264315867187863e-08,7.816688263983593e-09,12.0,1.2931803919963474e-06,-1.2331400391831252e-07,-1.3288937660476874e-14,-1.3288937660476874e-14,0.0008190167976731527,1.0776503266636228e-07
0.4272,89.99999658225596,90.0,0.00012199013363913248,-7.488894063198881e-05,-7.215417283709683e-08,7.761088993641556e-09,12.0,1.2841011211846685e-06,-1.22483935371615e-07,-1.310681322815011e-14,-1.310681322815011e-14,0.0008132675575942165,1.0700842676538904e-07
0.4274,89.99999660656829,90.0,0.00012113369882564864,-7.437206024861567e-05,-7.166837109528892e-08,7.705880025801657e-09,12.0,1.2750845191766338e-06,-1.2165927192101516e-07,-1.2927154520065579e-14,-1.2927154520065579e-14,0.000807557992170991,1.0625704326471948e-07
0.42760000000000004,89.99999663070992,90.0,0.00012028317507325642,-7.385866658756645e-05,-7.11857335357422e-08,7.651058673703517e-09,12.0,1.2661301631928763e-06,-1.2083997976746362e-07,-1.2749928608600215e-14,-1.2749928608600215e-14,0.0008018878338217094,1.0551084693273969e-07
0.4278,89.99999665468202,90.0,0.00011943852250793226,-7.334873665916733e-05,-7.070624005436029e-08,7.596622279476659e-09,12.0,1.2572376332508376e-06,-1.2002602478363632e-07,-1.2575102943957108e-14,-1.2575102943957108e-14,0.0007962568167195484,1.0476980277090314e-07
0.42800000000000005,89.9999966784858,90.0,0.0001185997015183873,-7.284224819586255e-05,-7.022987201357352e-08,7.5425681563607e-09,12.0,1.2484065120364556e-06,-1.1921737533168345e-07,-1.2402645642663994e-14,-1.2402645642663994e-14,0.0007906646767892487,1.0403387600303797e-07
0.4282,89.99999670212237,90.0,0.00011776667274810086,-7.233917857527711e-05,-6.975660973134984e-08,7.488893675375059e-09,12.0,1.2396363850059565e-06,-1.184139980007482e-07,-1.2232525034645839e-14,-1.2232525034645839e-14,0.0007851111516540057,1.033030320838297e-07
0.4284,89.99999672559292,90.0,0.00011693939709923224,-7.183950518095009e-05,-6.928643332123184e-08,7.435596236429047e-09,12.0,1.2309268403649775e-06,-1.176158590329553e-07,-1.2064709811354023e-14,-1.2064709811354023e-14,0.0007795959806615482,1.0257723669708146e-07
0.42860000000000004,89.9999967488986,90.0,0.00011611783573257753,-7.134320611281709e-05,-6.881932435337049e-08,7.382673210542081e-09,12.0,1.222277468945073e-06,-1.168229271430672e-07,-1.189916930859857e-14,-1.189916930859857e-14,0.0007741189048838502,1.0185645574542275e-07
0.4288,89.99999677204052,90.0,0.00011530195005937564,-7.085025910995492e-05,-6.835526334298391e-08,7.330122026513368e-09,12.0,1.2136878643031397e-06,-1.160351692550653e-07,-1.1735873063102794e-14,-1.1735873063102794e-14,0.0007686796670625044,1.0114065535859497e-07
0.42900000000000005,89.99999679501983,90.0,0.00011449170174541117,-7.036064262212471e-05,-6.789423225199593e-08,7.277940084252222e-09,12.0,1.2051576225794818e-06,-1.1525255474875855e-07,-1.1574791239768785e-14,-1.1574791239768785e-14,0.0007632780116360745,1.0042980188162348e-07
0.4292,89.99999681783765,90.0,0.00011368705270291019,-6.98743343773707e-05,-6.743621114714369e-08,7.226124870337644e-09,12.0,1.196686342659694e-06,-1.14475049786818e-07,-1.1415894054597801e-14,-1.1415894054597801e-14,0.000757913684686068,9.972386188830783e-08
0.4294,89.9999968404951,90.0,0.00011288796509886842,-6.939131281473402e-05,-6.698118154241178e-08,7.174673842458738e-09,12.0,1.1882736260151038e-06,-1.1370262298866199e-07,-1.1259152342180473e-14,-1.1259152342180473e-14,0.0007525864339924561,9.902280216792532e-08
0.42960000000000004,89.99999686299329,90.0,0.00011209440134682115,-6.891155671748997e-05,-6.652912554854225e-08,7.123584458304611e-09,12.0,1.1799190766787786e-06,-1.1293524398672297e-07,-1.1104537400775564e-14,-1.1104537400775564e-14,0.0007472960089788077,9.832658972323155e-08
0.4298,89.9999968853333,90.0,0.00011130632410295485,-6.843504449717609e-05,-6.608002420248483e-08,7.072854233344161e-09,12.0,1.1716223013281688e-06,-1.1217288059063784e-07,-1.0952020708684416e-14,-1.0952020708684416e-14,0.0007420421606863655,9.763519177734739e-08
0.43,89.99999690751625,90.0,0.00011052369627026138,-6.796175455466388e-05,-6.563385830802126e-08,7.0224807119361825e-09,12.0,1.1633829092667505e-06,-1.1141550021423363e-07,-1.0801574064720448e-14,-1.0801574064720448e-14,0.0007368246418017426,9.69485757722292e-08
0.4302,89.99999692954322,90.0,0.00010974648099880646,-6.749166634634771e-05,-6.519061092812167e-08,6.972461380659677e-09,12.0,1.1552005122422424e-06,-1.1066307410637939e-07,-1.0653169991165893e-14,-1.0653169991165893e-14,0.0007316432066587098,9.62667093535202e-08
0.4304,89.99999695141528,90.0,0.00010897464167358345,-6.70247585908288e-05,-6.475026320269998e-08,6.9227938127633354e-09,12.0,1.1470747246280186e-06,-1.099155702514969e-07,-1.050678103988062e-14,-1.050678103988062e-14,0.000726497611157223,9.558956038566821e-08
0.43060000000000004,89.9999969731335,90.0,0.00010820814192292773,-6.656101034647787e-05,-6.431279686068773e-08,6.8734755814958506e-09,12.0,1.1390051633259662e-06,-1.0917295763388351e-07,-1.0362380203380023e-14,-1.0362380203380023e-14,0.0007213876128195183,9.491709694383052e-08
0.4308,89.99999699469898,90.0,0.00010744694561475256,-6.610040100617952e-05,-6.387819421092298e-08,6.8245042601059136e-09,12.0,1.1309914477273752e-06,-1.0843520622224583e-07,-1.0219940905826191e-14,-1.0219940905826191e-14,0.0007163129707650171,9.42492873106146e-08
0.431,89.99999701611272,90.0,0.00010669101685245437,-6.564290993634343e-05,-6.344643730166976e-08,6.775877450732111e-09,12.0,1.1230331997319135e-06,-1.0770228554295795e-07,-1.007943686264569e-14,-1.007943686264569e-14,0.0007112734456830291,9.358609997765946e-08
0.4312,89.9999970373758,90.0,0.00010594031997560606,-6.518851683314392e-05,-6.301750875286553e-08,6.727592755513032e-09,12.0,1.115130043693308e-06,-1.0697416609282732e-07,-9.94084220909581e-15,-9.94084220909581e-15,0.0007062687998373738,9.2927503641109e-08
0.4314,89.99999705848927,90.0,0.00010519481955584369,-6.473720100623383e-05,-6.259139008502662e-08,6.679647834367057e-09,12.0,1.1072816064996516e-06,-1.0625081650236002e-07,-9.804131232386073e-15,-9.804131232386073e-15,0.0007012987970389579,9.22734672083043e-08
0.43160000000000004,89.99999707945415,90.0,0.00010445448040145805,-6.428894245096974e-05,-6.216806422206911e-08,6.632040318322671e-09,12.0,1.0994875174365412e-06,-1.055322077843766e-07,-9.669278762203454e-15,-9.669278762203454e-15,0.000696363202676387,9.162395978637844e-08
0.4318,89.99999710027147,90.0,0.00010371926754945419,-6.384372112678214e-05,-6.174751381095092e-08,6.5847678672982544e-09,12.0,1.0917474082276184e-06,-1.048183104815525e-07,-9.53625990025273e-15,-9.53625990025273e-15,0.000691461783663028,9.097895068563487e-08
0.432,89.99999712094227,90.0,0.00010298914626613308,-6.340151695798773e-05,-6.132972122307959e-08,6.537828170102085e-09,12.0,1.084060913040612e-06,-1.0410909466880796e-07,-9.405050018541621e-15,-9.405050018541621e-15,0.0006865943084408871,9.0338409420051e-08
0.43220000000000003,89.99999714146755,90.0,0.00010226408204727367,-6.29623101893149e-05,-6.091466938532207e-08,6.49121891554244e-09,12.0,1.0764276684277088e-06,-1.0340453136397266e-07,-9.275624883415083e-15,-9.275624883415083e-15,0.0006817605469818245,8.970230570230907e-08
0.4324,89.99999716184831,90.0,0.00010154404061459004,-6.25260810256856e-05,-6.050234094085995e-08,6.444937821317495e-09,12.0,1.0688473133502602e-06,-1.0270459110331166e-07,-9.147960522459309e-15,-9.147960522459309e-15,0.0006769602707639335,8.907060944585502e-08
0.43260000000000004,89.99999718208558,90.0,0.00010082898791618659,-6.209280998812235e-05,-6.009271908086051e-08,6.398982605125421e-09,12.0,1.061319489121993e-06,-1.0200924535331261e-07,-9.02203334700815e-15,-9.02203334700815e-15,0.0006721932527745774,8.844329076016609e-08
0.4328,89.99999720218031,90.0,0.00010011889012294277,-6.16624775534288e-05,-5.968578670515646e-08,6.353351013554291e-09,12.0,1.0538438394329629e-06,-1.0131846508591377e-07,-8.897820020966164e-15,-8.897820020966164e-15,0.0006674592674862851,8.78203199527469e-08
0.433,89.99999722213353,90.0,9.941371362906742e-05,-6.123506415496414e-05,-5.9281526423588434e-08,6.30804082208207e-09,12.0,1.0464200103553189e-06,-1.0063222078078285e-07,-8.775297459292128e-15,-8.775297459292128e-15,0.0006627580908604495,8.72016675296099e-08
0.43320000000000003,89.99999724194619,90.0,9.871342505240055e-05,-6.081055089360671e-05,-5.88799222178724e-08,6.263049777296831e-09,12.0,1.0390476502233873e-06,-9.995048524638835e-08,-8.654443069495597e-15,-8.654443069495597e-15,0.0006580895003493369,8.658730418528227e-08
0.4334,89.99999726161928,90.0,9.801799122702224e-05,-6.0388918461620315e-05,-5.84809569320033e-08,6.218375683566436e-09,12.0,1.0317264097414482e-06,-9.927322935988216e-08,-8.535234375909212e-15,-8.535234375909212e-15,0.0006534532748468149,8.597720081178735e-08
0.43360000000000004,89.99999728115378,90.0,9.732737920770685e-05,-5.997014821468751e-05,-5.808461477474297e-08,6.174016316368854e-09,12.0,1.024455941845443e-06,-9.860042631515012e-08,-8.417649383920775e-15,-8.417649383920775e-15,0.0006488491947180457,8.537132848712025e-08
0.4338,89.99999730055062,90.0,9.664155626253007e-05,-5.9554220740501506e-05,-5.7690877979449576e-08,6.129969537851738e-09,12.0,1.017235901872252e-06,-9.793204595276935e-08,-8.301666090580013e-15,-8.301666090580013e-15,0.0006442770417502004,8.476965848935433e-08
0.434,89.99999731981077,90.0,9.596048988153106e-05,-5.914111764721778e-05,-5.729973097788941e-08,6.086233152382956e-09,12.0,1.0100659473420845e-06,-9.726806184518266e-08,-8.187263086148574e-15,-8.187263086148574e-15,0.0006397365992102071,8.417216227850704e-08
0.43420000000000003,89.9999973389352,90.0,9.528414776508931e-05,-5.873082048141086e-05,-5.691115788039563e-08,6.0428049932202645e-09,12.0,1.0029457380222726e-06,-9.660844701919012e-08,-8.074419182903938e-15,-8.074419182903938e-15,0.000635227651767262,8.357881150185605e-08
0.4344,89.99999735792481,90.0,9.461249782467786e-05,-5.832331037385484e-05,-5.652514164712283e-08,5.999682951401219e-09,12.0,9.958749359966241e-07,-9.595317254912827e-08,-7.963113297586345e-15,-7.963113297586345e-15,0.0006307499854978523,8.298957799971867e-08
0.43460000000000004,89.99999737678057,90.0,9.394550818739942e-05,-5.791856911167097e-05,-5.6141666590733596e-08,5.956864889073475e-09,12.0,9.888532055279852e-07,-9.530221180525767e-08,-7.853324803128003e-15,-7.853324803128003e-15,0.0006263033879159961,8.240443379399877e-08
0.4348,89.99999739550339,90.0,9.32831471887721e-05,-5.751657841771186e-05,-5.5760716697798005e-08,5.914348697274587e-09,12.0,9.81880213106324e-07,-9.465553760428675e-08,-7.745033286215894e-15,-7.745033286215894e-15,0.0006218876479251473,8.182335109219367e-08
0.435,89.9999974140942,90.0,9.26253833732448e-05,-5.711732030655265e-05,-5.538227646061041e-08,5.872132267042106e-09,12.0,9.74955627392564e-07,-9.401312362140658e-08,-7.638218660286928e-15,-7.638218660286928e-15,0.000617502555821632,8.124630228271367e-08
0.43520000000000003,89.99999743255391,90.0,9.197218549105582e-05,-5.6720776369561825e-05,-5.500632920844746e-08,5.8302135471933805e-09,12.0,9.680791193089892e-07,-9.337494155754972e-08,-7.53286093238009e-15,-7.53286093238009e-15,0.0006131479032737054,8.067325994241576e-08
0.4354,89.99999745088344,90.0,9.132352250285372e-05,-5.632692884716751e-05,-5.463285961046013e-08,5.788590457655859e-09,12.0,9.612503619026881e-07,-9.274096538812678e-08,-7.428940545211795e-15,-7.428940545211795e-15,0.0006088234833523581,8.010419682522402e-08
0.43560000000000004,89.99999746908368,90.0,9.067936357241992e-05,-5.593575990815334e-05,-5.4261851996920366e-08,5.747260947246889e-09,12.0,9.544690303929814e-07,-9.211116851329075e-08,-7.326438141603762e-15,-7.326438141603762e-15,0.0006045290904827994,7.953908586608178e-08
0.4358,89.99999748715554,90.0,9.003967806751252e-05,-5.554725200610815e-05,-5.389329119183261e-08,5.706222964783816e-09,12.0,9.477348021186688e-07,-9.14855251713208e-08,-7.22533467458035e-15,-7.22533467458035e-15,0.0006002645204500834,7.897790017655573e-08
0.436,89.99999750509991,90.0,8.940443555646237e-05,-5.516138751940184e-05,-5.3527161674125745e-08,5.665474487973883e-09,12.0,9.410473565641813e-07,-9.086400901471964e-08,-7.125611290843821e-15,-7.125611290843821e-15,0.0005960295703764158,7.842061304701512e-08
0.43620000000000003,89.99999752291767,90.0,8.877360580910656e-05,-5.4778148752488696e-05,-5.316344757991241e-08,5.625013523414228e-09,12.0,9.344063753692812e-07,-9.024659311404886e-08,-7.027249330093728e-15,-7.027249330093728e-15,0.0005918240387273771,7.78671979474401e-08
0.4364,89.99999754060971,90.0,8.814715879780475e-05,-5.4397518647869174e-05,-5.280213436608683e-08,5.5848380488120956e-09,12.0,9.278115422165757e-07,-8.963325278193753e-08,-6.930230541458136e-15,-6.930230541458136e-15,0.0005876477253186983,7.731762851804798e-08
0.43660000000000004,89.99999755817689,90.0,8.752506468982386e-05,-5.401947970964302e-05,-5.244320630018538e-08,5.544946099654521e-09,12.0,9.212625429369593e-07,-8.90239613120431e-08,-6.8345367483878584e-15,-6.8345367483878584e-15,0.0005835004312654924,7.677187857807994e-08
0.4368,89.99999757562009,90.0,8.690729385254786e-05,-5.364401472132589e-05,-5.208664813413425e-08,5.50533571142854e-09,12.0,9.147590654406985e-07,-8.841869282028963e-08,-6.740150067648028e-15,-6.740150067648028e-15,0.0005793819590169857,7.622992212005821e-08
0.437,89.99999759294015,90.0,8.629381685028175e-05,-5.3271106741387205e-05,-5.1732445096513914e-08,5.466004919621189e-09,12.0,9.083007996842241e-07,-8.78174222317366e-08,-6.64705290327446e-15,-6.64705290327446e-15,0.0005752921123352117,7.569173330701867e-08
0.43720000000000003,89.99999761013795,90.0,8.568460444110667e-05,-5.2900739098858936e-05,-5.1380582884946646e-08,5.426951759719503e-09,12.0,9.018874376374539e-07,-8.722012526765636e-08,-6.5552279406720284e-15,-6.5552279406720284e-15,0.0005712306962740444,7.515728646978783e-08
0.4374,89.99999762721434,90.0,8.507962757368759e-05,-5.253289467833544e-05,-5.1031045997231457e-08,5.388174324990311e-09,12.0,8.95518673373667e-07,-8.662677561258428e-08,-6.464657931268316e-15,-6.464657931268316e-15,0.0005671975171579173,7.462655611447226e-08
0.43760000000000004,89.99999764417015,90.0,8.447885739235674e-05,-5.2167556637614146e-05,-5.068381940478667e-08,5.349670708700443e-09,12.0,8.8919420299928e-07,-8.603734775503911e-08,-6.375325905434491e-15,-6.375325905434491e-15,0.0005631923826157116,7.409951691660666e-08
0.4378,89.99999766100622,90.0,8.388226523425728e-05,-5.180470875897878e-05,-5.033888937630504e-08,5.3114389752268296e-09,12.0,8.829137245626422e-07,-8.545181838570301e-08,-6.287215270130959e-15,-6.287215270130959e-15,0.0005592151015617153,7.357614371355352e-08
0.438,89.9999976777234,90.0,8.328982262183428e-05,-5.144433437290048e-05,-4.999624096787099e-08,5.273477246726198e-09,12.0,8.766769381605824e-07,-8.487016213681805e-08,-6.20030949027482e-15,-6.20030949027482e-15,0.000555265484145562,7.305641151338186e-08
0.43820000000000003,89.99999769432249,90.0,8.270150126814903e-05,-5.1086417076000884e-05,-4.965585969696205e-08,5.2357836453552735e-09,12.0,8.704835458705813e-07,-8.429235442385535e-08,-6.114592297388116e-15,-6.114592297388116e-15,0.0005513433417876602,7.254029548921511e-08
0.4384,89.99999771080434,90.0,8.211727307395674e-05,-5.0730940371700475e-05,-4.931773070480654e-08,5.198356322160677e-09,12.0,8.64333251781931e-07,-8.371837002359136e-08,-6.030047583031139e-15,-6.030047583031139e-15,0.0005474484871597116,7.202777098182759e-08
0.43860000000000005,89.99999772716973,90.0,8.153711012857752e-05,-5.037788838197731e-05,-4.898184041962924e-08,5.161193399299135e-09,12.0,8.582257618817363e-07,-8.314818589751878e-08,-5.946659599248525e-15,-5.946659599248525e-15,0.0005435807341905169,7.151881349014468e-08
0.4388,89.9999977434195,90.0,8.096098470294322e-05,-5.002724477184452e-05,-4.8648174048114644e-08,5.124293056707166e-09,12.0,8.521607841672379e-07,-8.258177693352795e-08,-5.8644126491332585e-15,-5.8644126491332585e-15,0.0005397398980196215,7.101339868060315e-08
0.439,89.99999775955445,90.0,8.038886925487301e-05,-4.967899346725919e-05,-4.83167172493144e-08,5.087653474321288e-09,12.0,8.461380285775828e-07,-8.201911878741643e-08,-5.7832912897045936e-15,-5.7832912897045936e-15,0.0005359257950324867,7.051150238146523e-08
0.43920000000000003,89.99999777557537,90.0,7.982073642586917e-05,-4.93331190059198e-05,-4.798745695746029e-08,5.051272803188123e-09,12.0,8.401572068990057e-07,-8.14601892796394e-08,-5.703280424887182e-15,-5.703280424887182e-15,0.0005321382428391277,7.001310057491714e-08
0.4394,89.99999779148307,90.0,7.925655903433953e-05,-4.89896054619888e-05,-4.7660378873852227e-08,5.0151492521340864e-09,12.0,8.342180328789762e-07,-8.090496413771212e-08,-5.62436500275886e-15,-5.62436500275886e-15,0.0005283770602289301,6.951816940658135e-08
0.43960000000000005,89.99999780727832,90.0,7.869631008077739e-05,-4.8648436808596556e-05,-4.733546830996525e-08,4.979281058875489e-09,12.0,8.28320222218498e-07,-8.035341842741016e-08,-5.5465301173173615e-15,-5.5465301173173615e-15,0.0005246420672051826,6.902668518487484e-08
0.4398,89.9999978229619,90.0,7.813996274908807e-05,-4.830959798550772e-05,-4.7012712682367386e-08,4.9436664033488505e-09,12.0,8.224634924013227e-07,-7.980553078796934e-08,-5.469761297067879e-15,-5.469761297067879e-15,0.0005209330849939204,6.853862436677689e-08
0.44,89.99999783853461,90.0,7.758749039521517e-05,-4.7973073106883465e-05,-4.669209733234432e-08,4.908303552160378e-09,12.0,8.166475628833851e-07,-7.926127633576969e-08,-5.394044012552736e-15,-5.394044012552736e-15,0.0005172499359681012,6.805396357361542e-08
0.44020000000000004,89.99999785399721,90.0,7.703886655687673e-05,-4.763884689596145e-05,-4.6373608871742006e-08,4.873190743026385e-09,12.0,8.108721549478756e-07,-7.87206323440065e-08,-5.3193640656369994e-15,-5.3193640656369994e-15,0.0005135924437125115,6.757267957898964e-08
0.4404,89.99999786935048,90.0,7.649406494645218e-05,-4.730690431985258e-05,-4.6057234335180223e-08,4.8383262136631806e-09,12.0,8.051369916928536e-07,-7.818357680354669e-08,-5.245707485616229e-15,-5.245707485616229e-15,0.0005099604329763479,6.70947493077378e-08
0.44060000000000005,89.99999788459516,90.0,7.595305944833946e-05,-4.697722987530825e-05,-4.574295951251769e-08,4.803708259566871e-09,12.0,7.99441798126833e-07,-7.765008559223684e-08,-5.173060337546693e-15,-5.173060337546693e-15,0.0005063537296555964,6.662014984390276e-08
0.4408,89.99999789973201,90.0,7.541582412404191e-05,-4.66498086616369e-05,-4.543077145287156e-08,4.769335147343663e-09,12.0,7.937863010370681e-07,-7.712013672555358e-08,-5.101409005570844e-15,-5.101409005570844e-15,0.0005027721608269461,6.614885841975567e-08
0.441,89.99999791476179,90.0,7.488233320564257e-05,-4.6324625305778476e-05,-4.512065595711521e-08,4.735205201379559e-09,12.0,7.881702291063165e-07,-7.659370610004127e-08,-5.03073990708095e-15,-5.03073990708095e-15,0.0004992155547042838,6.568085242552637e-08
0.44120000000000004,89.99999792968524,90.0,7.435256110103607e-05,-4.6001665390694985e-05,-4.481260091281788e-08,4.701316688280767e-09,12.0,7.825933127211104e-07,-7.60707731544748e-08,-4.961039863684712e-15,-4.961039863684712e-15,0.0004956837406735738,6.521610939342587e-08
0.4414,89.99999794450312,90.0,7.382648238282296e-05,-4.568091401877848e-05,-4.450659294508716e-08,4.667667932433288e-09,12.0,7.770552841024517e-07,-7.555131518456155e-08,-4.892295723754446e-15,-4.892295723754446e-15,0.0004921765492188197,6.475460700853765e-08
0.44160000000000005,89.99999795921613,90.0,7.330407179409933e-05,-4.536235617520638e-05,-4.420261826115214e-08,4.6342572871130195e-09,12.0,7.715558773044492e-07,-7.503530877664717e-08,-4.824494457664687e-15,-4.824494457664687e-15,0.0004886938119606621,6.429632310870411e-08
0.4418,89.99999797382503,90.0,7.278530424960217e-05,-4.5045977440083394e-05,-4.390066431427346e-08,4.601083076705963e-09,12.0,7.660948281031713e-07,-7.452273263225434e-08,-4.757623337140457e-15,-4.757623337140457e-15,0.00048523536166401453,6.384123567526428e-08
0.442,89.99999798833055,90.0,7.227015482909999e-05,-4.4731763623941616e-05,-4.3600718957176066e-08,4.56814362559812e-09,12.0,7.606718739894931e-07,-7.401356613100876e-08,-4.691669837459976e-15,-4.691669837459976e-15,0.000481801032194,6.338932283245776e-08
0.44220000000000004,89.99999800273339,90.0,7.175859877451304e-05,-4.4419699697905677e-05,-4.3302767943372194e-08,4.53543734484518e-09,12.0,7.552867543237448e-07,-7.350778508905775e-08,-4.626621368120149e-15,-4.626621368120149e-15,0.0004783906584967537,6.294056286031206e-08
0.4424,89.99999801703427,90.0,7.125061149963651e-05,-4.410977158362553e-05,-4.300679910354086e-08,4.502962587723042e-09,12.0,7.499392101291243e-07,-7.300536884860332e-08,-4.562465720792245e-15,-4.562465720792245e-15,0.00047500407666424343,6.249493417742703e-08
0.44260000000000005,89.99999803123391,90.0,7.074616857929282e-05,-4.380196542758764e-05,-4.271280065813313e-08,4.470717707507603e-09,12.0,7.446289841020295e-07,-7.25062974134976e-08,-4.499190882001027e-15,-4.499190882001027e-15,0.0004716411238619521,6.205241534183579e-08
0.4428,89.99999804533303,90.0,7.024524574676001e-05,-4.349626653171016e-05,-4.242075871944064e-08,4.4387011441444504e-09,12.0,7.393558207699068e-07,-7.201054720892702e-08,-4.43678476964553e-15,-4.43678476964553e-15,0.0004683016383117334,6.16129850641589e-08
0.443,89.9999980593323,90.0,6.974781890328537e-05,-4.319266114298322e-05,-4.213066146746798e-08,4.406911279799379e-09,12.0,7.341194662824877e-07,-7.151809817008454e-08,-4.375235671513418e-15,-4.375235671513418e-15,0.00046498545935523577,6.117662219020731e-08
0.44320000000000004,89.99999807323243,90.0,6.925386410756874e-05,-4.2891135017699474e-05,-4.184249580220127e-08,4.375346554417976e-09,12.0,7.289196685486064e-07,-7.102892805929229e-08,-4.314531891528513e-15,-4.314531891528513e-15,0.00046169242738379153,6.074330571238386e-08
0.4434,89.99999808703411,90.0,6.876335758113088e-05,-4.259167449476389e-05,-4.1556249848309216e-08,4.344005379055932e-09,12.0,7.237561771074112e-07,-7.054301671780886e-08,-4.254662008442128e-15,-4.254662008442128e-15,0.00045842238387420586,6.031301475895093e-08
0.4436,89.99999810073804,90.0,6.827627570164967e-05,-4.229426577584646e-05,-4.127191127787514e-08,4.312886193658833e-09,12.0,7.186287431821677e-07,-7.006034321861523e-08,-4.195614699508731e-15,-4.195614699508731e-15,0.00045517517134433113,5.988572859851397e-08
0.44380000000000003,89.9999981143449,90.0,6.77925950047006e-05,-4.199889528308387e-05,-4.0989468145178967e-08,4.2819874381722685e-09,12.0,7.135371196368229e-07,-6.958088728348282e-08,-4.1373788245025644e-15,-4.1373788245025644e-15,0.0004519506333646706,5.946142663640191e-08
0.444,89.99999812785536,90.0,6.731229218103991e-05,-4.170554930001466e-05,-4.070890804955211e-08,4.251307581431721e-09,12.0,7.084810610092966e-07,-6.910462786189403e-08,-4.079943339020607e-15,-4.079943339020607e-15,0.0004487486145402661,5.904008841744138e-08
0.44420000000000004,89.9999981412701,90.0,6.683534407833624e-05,-4.1414213973996975e-05,-4.043021813956867e-08,4.220845121162571e-09,12.0,7.034603235294747e-07,-6.863154313815671e-08,-4.023297295024568e-15,-4.023297295024568e-15,0.0004455689605222415,5.8621693627456224e-08
0.4444,89.99999815458978,90.0,6.636172770267939e-05,-4.112487638412946e-05,-4.015338760840468e-08,4.190598497310407e-09,12.0,6.984746649503166e-07,-6.816161476735363e-08,-3.96743008642499e-15,-3.96743008642499e-15,0.0004424115180178626,5.820622207919305e-08
0.4446,89.99999816781505,90.0,6.589142020802092e-05,-4.0837522750150556e-05,-3.987840351543373e-08,4.160566236490504e-09,12.0,6.935238447457525e-07,-6.769482078237209e-08,-3.912331031530447e-15,-3.912331031530447e-15,0.00043927613472013945,5.7793653728812704e-08
0.44480000000000003,89.9999981809466,90.0,6.542439890568598e-05,-4.055214022207642e-05,-3.9605254962095357e-08,4.130746807538348e-09,12.0,6.886076239018993e-07,-6.723114268256929e-08,-3.857989784571134e-15,-3.857989784571134e-15,0.0004361626593712399,5.738396865849161e-08
0.445,89.99999819398508,90.0,6.496064125409908e-05,-4.026871508949859e-05,-3.933392891418146e-08,4.10113876595911e-09,12.0,6.837257651179234e-07,-6.677055834197471e-08,-3.804395924143134e-15,-3.804395924143134e-15,0.00043307094169399386,5.697714709316028e-08
0.44520000000000004,89.99999820693111,90.0,6.450012486843032e-05,-3.9987234571409424e-05,-3.906441437802977e-08,4.071740609478172e-09,12.0,6.788780325986534e-07,-6.631304909850734e-08,-3.7515393589677135e-15,-3.7515393589677135e-15,0.00043000083245620205,5.6573169383221115e-08
0.4454,89.99999821978538,90.0,6.404282751003808e-05,-3.970768573564735e-05,-3.8796699883262915e-08,4.042550864710811e-09,12.0,6.740641921294526e-07,-6.585859548084755e-08,-3.69941007979816e-15,-3.69941007979816e-15,0.00042695218340025383,5.617201601078772e-08
0.4456,89.99999823254849,90.0,6.35887270881736e-05,-3.9430055501276704e-05,-3.8530773486914256e-08,4.0135680871622e-09,12.0,6.692840110939306e-07,-6.540717721544088e-08,-3.6479981600901515e-15,-3.6479981600901515e-15,0.0004239248472544907,5.577366759116088e-08
0.44580000000000003,89.99999824522112,90.0,6.313780166160938e-05,-3.9154331351404314e-05,-3.826662443850734e-08,3.984790803447615e-09,12.0,6.645372583678162e-07,-6.495877605302174e-08,-3.597293912100335e-15,-3.597293912100335e-15,0.00042091867774406264,5.5378104863984685e-08
0.446,89.99999825780388,90.0,6.269002943238302e-05,-3.8880500258630074e-05,-3.800424067320606e-08,3.956217597962128e-09,12.0,6.598237044385225e-07,-6.451337151315845e-08,-3.547287648135905e-15,-3.547287648135905e-15,0.0004179335295492201,5.498530870321021e-08
0.44620000000000004,89.9999982702974,90.0,6.224538875141655e-05,-3.8608549403435784e-05,-3.7743610486554166e-08,3.9278470551008065e-09,12.0,6.551431213404893e-07,-6.40709437271753e-08,-3.4979698383877055e-15,-3.4979698383877055e-15,0.000414969258342777,5.4595260111707437e-08
0.4464,89.9999982827023,90.0,6.180385811628538e-05,-3.83384665263413e-05,-3.7484723359643746e-08,3.899677730368826e-09,12.0,6.504952825704751e-07,-6.363147483890143e-08,-3.449331183808938e-15,-3.449331183808938e-15,0.00041202572077523583,5.420794021420626e-08
0.4466,89.9999982950192,90.0,6.136541616478791e-05,-3.807023885311207e-05,-3.7227567451843716e-08,3.871708237051152e-09,12.0,6.458799632053138e-07,-6.319494474850015e-08,-3.4013623824102593e-15,-3.4013623824102593e-15,0.00040910277443191947,5.382333026710948e-08
0.44680000000000003,89.99999830724872,90.0,6.0930041680711536e-05,-3.78038538133525e-05,-3.697213127589418e-08,3.843937188432752e-09,12.0,6.412969398387784e-07,-6.276133395599322e-08,-3.354054283848172e-15,-3.354054283848172e-15,0.0004062002778714102,5.3441411653231535e-08
0.447,89.99999831939145,90.0,6.049771359167168e-05,-3.75392993927603e-05,-3.671840452324501e-08,3.8163631689086945e-09,12.0,6.367459904976054e-07,-6.233062496229864e-08,-3.3073979608294683e-15,-3.3073979608294683e-15,0.0004033180906111446,5.306216587480045e-08
0.44720000000000004,89.99999833144804,90.0,6.0068410962653923e-05,-3.727656305829529e-05,-3.646637555671725e-08,3.788984820653843e-09,12.0,6.322268947589614e-07,-6.190279801294596e-08,-3.2613844803846692e-15,-3.2613844803846692e-15,0.0004004560730843595,5.268557456324678e-08
0.4474,89.99999834341907,90.0,5.964211300202024e-05,-3.7015632832379886e-05,-3.6216033916748396e-08,3.761800756953165e-09,12.0,6.277394336282828e-07,-6.1477835352505e-08,-3.216005128739526e-15,-3.216005128739526e-15,0.00039761408668013493,5.231161946902357e-08
0.4476,89.99999835530512,90.0,5.9218799055033825e-05,-3.6756496573315336e-05,-3.596736864458111e-08,3.734809619981523e-09,12.0,6.23283389595041e-07,-6.105571837814696e-08,-3.171251258740973e-15,-3.171251258740973e-15,0.0003947919937002255,5.194028246625341e-08
0.44780000000000003,89.99999836710683,90.0,5.879844860580944e-05,-3.6499142333276225e-05,-3.5720369117553026e-08,3.7080100519137786e-09,12.0,6.188585465914835e-07,-6.063642905757459e-08,-3.1271143630890172e-15,-3.1271143630890172e-15,0.00039198965737206296,5.1571545549290296e-08
0.448,89.99999837882476,90.0,5.8381041275193464e-05,-3.624355800007907e-05,-3.547502421339633e-08,3.681400723814693e-09,12.0,6.144646900321311e-07,-6.021994851039502e-08,-3.0835859995992307e-15,-3.0835859995992307e-15,0.0003892069418346231,5.1205390836010924e-08
0.44820000000000004,89.9999983904595,90.0,5.796655682242425e-05,-3.5989731654772125e-05,-3.5231323144825826e-08,3.654980306749026e-09,12.0,6.101016067695048e-07,-5.980625842485866e-08,-3.0406578633232083e-15,-3.0406578633232083e-15,0.000386443712149495,5.0841800564125394e-08
0.4484,89.99999840201163,90.0,5.755497514316599e-05,-3.573765156889e-05,-3.498925545477967e-08,3.6287474717815357e-09,12.0,6.057690850736976e-07,-5.939534104978031e-08,-2.998321783780471e-15,-2.998321783780471e-15,0.00038369983428777324,5.0480757089474796e-08
0.4486,89.99999841348172,90.0,5.714627626711024e-05,-3.548730584583345e-05,-3.474881018004491e-08,3.6027009188668795e-09,12.0,6.014669146689754e-07,-5.89871777747676e-08,-2.9565696517683188e-15,-2.9565696517683188e-15,0.00038097517511406824,5.0122242889081285e-08
0.44880000000000003,89.99999842487037,90.0,5.674044036009439e-05,-3.523868313437006e-05,-3.45099775175232e-08,3.576839319069816e-09,12.0,5.971948866327431e-07,-5.858175195875853e-08,-2.9153935599798564e-15,-2.9153935599798564e-15,0.0003782696024006293,4.976624055272859e-08
0.449,89.99999843617813,90.0,5.6337447717643964e-05,-3.4991771553803416e-05,-3.4272746316892824e-08,3.5511614012348988e-09,12.0,5.929527935130132e-07,-5.817904467373783e-08,-2.874785588600936e-15,-2.874785588600936e-15,0.0003755829847842931,4.94127327927511e-08
0.44920000000000004,89.99999844740557,90.0,5.59372787711996e-05,-3.474655976848187e-05,-3.403710658738832e-08,3.5256658653167833e-09,12.0,5.887404292085403e-07,-5.777903896007278e-08,-2.834738016384185e-15,-2.834738016384185e-15,0.0003729151918079974,4.906170243404503e-08
0.4494,89.99999845855326,90.0,5.553991408193159e-05,-3.450303626861907e-05,-3.380304782169021e-08,3.500351440160022e-09,12.0,5.845575890275948e-07,-5.7381716981264256e-08,-2.795243177735969e-15,-2.795243177735969e-15,0.00037026609387954396,4.8713132418966236e-08
0.4496,89.99999846962177,90.0,5.514533434251199e-05,-3.426118972803983e-05,-3.357055983078363e-08,3.475216854609168e-09,12.0,5.804040696448536e-07,-5.6987061441145065e-08,-2.756293531461826e-15,-2.756293531461826e-15,0.0003676355622834133,4.83670058037378e-08
0.44980000000000003,89.99999848061162,90.0,5.475352037520975e-05,-3.4021009001520346e-05,-3.333963273934737e-08,3.4502608375087736e-09,12.0,5.762796690816076e-07,-5.659505557605264e-08,-2.7178816582519008e-15,-2.7178816582519008e-15,0.000365023469168065,4.802330575680064e-08
0.45,89.9999984915234,90.0,5.436445312969892e-05,-3.378248276645653e-05,-3.311025614987974e-08,3.4254821465932884e-09,12.0,5.721841867445097e-07,-5.620568173590697e-08,-2.6800001912067226e-15,-2.6800001912067226e-15,0.00036242968753132614,4.7682015562042476e-08
0.45020000000000004,89.99999850235763,90.0,5.3978113685209606e-05,-3.3545599881138665e-05,-3.288241997847393e-08,3.400879539597161e-09,12.0,5.68117423386402e-07,-5.581892280296502e-08,-2.6426418832520806e-15,-2.6426418832520806e-15,0.0003598540912347307,4.73431186155335e-08
0.4504,89.99999851311486,90.0,5.3594483248263646e-05,-3.331034938158981e-05,-3.2656114449337063e-08,3.376451774254841e-09,12.0,5.640791810827877e-07,-5.543476218251663e-08,-2.6057996046194227e-15,-2.6057996046194227e-15,0.00035729655498842436,4.7006598423565644e-08
0.4506,89.99999852379563,90.0,5.321354315095894e-05,-3.307672012389894e-05,-3.24313292600685e-08,3.3521976371906737e-09,12.0,5.60069263275527e-07,-5.505318238591876e-08,-2.569466274987895e-15,-2.569466274987895e-15,0.00035475695433972624,4.667243860629392e-08
0.45080000000000003,89.99999853440049,90.0,5.283527485268596e-05,-3.284470149716036e-05,-3.2208055246952635e-08,3.3281158861391084e-09,12.0,5.560874746676269e-07,-5.467416785748133e-08,-2.533634994451727e-15,-2.533634994451727e-15,0.000352235165684573,4.63406228889689e-08
0.451,89.99999854492997,90.0,5.245965993415313e-05,-3.2614282349317425e-05,-3.198628187879015e-08,3.304205336614388e-09,12.0,5.521336213457295e-07,-5.429770072016847e-08,-2.4982988441144368e-15,-2.4982988441144368e-15,0.00034973106622768755,4.6011135112144126e-08
0.45120000000000005,89.99999855538456,90.0,5.208668010374749e-05,-3.238545206185786e-05,-3.1765999764001184e-08,3.2804647752408567e-09,12.0,5.482075106616348e-07,-5.39237650314835e-08,-2.4634510827843733e-15,-2.4634510827843733e-15,0.00034724453402498333,4.56839592218029e-08
0.4514,89.99999856576484,90.0,5.171631719118788e-05,-3.215819983040915e-05,-3.154719897412466e-08,3.2568930175327578e-09,12.0,5.443089512893987e-07,-5.35523439375573e-08,-2.429085013978417e-15,-2.429085013978417e-15,0.00034477544794125247,4.535907927411656e-08
0.4516,89.9999985760713,90.0,5.134855314977283e-05,-3.193251502314863e-05,-3.1329869879828466e-08,3.2334888790043336e-09,12.0,5.404377531871676e-07,-5.318342109230142e-08,-2.3951940501608663e-15,-2.3951940501608663e-15,0.0003423236876651522,4.5036479432263966e-08
0.45180000000000003,89.99999858630447,90.0,5.098337005435823e-05,-3.1708387177979675e-05,-3.1114003146014134e-08,3.2102511751698257e-09,12.0,5.365937275761634e-07,-5.281698064909808e-08,-2.3617717104848026e-15,-2.3617717104848026e-15,0.00033988913369572155,4.471614396468029e-08
0.452,89.99999859646486,90.0,5.062075009953793e-05,-3.148580564472003e-05,-3.089958889684413e-08,3.1871787504333733e-09,12.0,5.327766869833036e-07,-5.245300584340825e-08,-2.328811556297243e-15,-2.328811556297243e-15,0.0003374716673302528,4.4398057248608637e-08
0.45220000000000005,89.99999860655298,90.0,5.026067560155107e-05,-3.126476029830771e-05,-3.068661838149646e-08,3.1642704203092184e-09,12.0,5.289864451379716e-07,-5.209148182044153e-08,-2.2963073158470533e-15,-2.2963073158470533e-15,0.0003350711706770072,4.4082203761497634e-08
0.4524,89.99999861656933,90.0,4.990312899259299e-05,-3.1045240465043356e-05,-3.047508146868722e-08,3.1415250580913965e-09,12.0,5.252228170974744e-07,-5.1732391382030784e-08,-2.264252694738276e-15,-2.264252694738276e-15,0.0003326875266172866,4.37685680914562e-08
0.4526,89.99999862651443,90.0,4.954809282687093e-05,-3.0827235996859744e-05,-3.026496915303536e-08,3.118941508184046e-09,12.0,5.214856191253943e-07,-5.137571924126374e-08,-2.2326415630452374e-15,-2.2326415630452374e-15,0.00033032061884580614,4.3457134927116186e-08
0.45280000000000004,89.99999863638877,90.0,4.919554977454303e-05,-3.061073655231628e-05,-3.0056271879254125e-08,3.096518643881203e-09,12.0,5.177746687516585e-07,-5.102144917774621e-08,-2.201467828936427e-15,-2.201467828936427e-15,0.0003279703318302869,4.3147889062638204e-08
0.453,89.99999864619285,90.0,4.884548262410098e-05,-3.0395732310468524e-05,-2.98489812090559e-08,3.0742553095870054e-09,12.0,5.140897846742484e-07,-5.066956686722453e-08,-2.1707255600257406e-15,-2.1707255600257406e-15,0.0003256365508273399,4.28408153895207e-08
0.45320000000000005,89.99999865592717,90.0,4.849787427639226e-05,-3.0182212896707628e-05,-2.9643087314976528e-08,3.0521504074853846e-09,12.0,5.104307868816581e-07,-5.032005562727498e-08,-2.1404087991465643e-15,-2.1404087991465643e-15,0.00032331916184261513,4.253589890680484e-08
0.4534,89.9999986655922,90.0,4.8152707750903954e-05,-2.9970168102076803e-05,-2.9438580656722817e-08,3.0302028397602735e-09,12.0,5.067974965951394e-07,-4.997289926295541e-08,-2.110511687005574e-15,-2.110511687005574e-15,0.00032101805167269304,4.223312471626162e-08
0.4536,89.99999867518845,90.0,4.7809966183794974e-05,-2.9759588235795307e-05,-2.9235452806978806e-08,3.008411479705707e-09,12.0,5.031897361867335e-07,-4.962808346863687e-08,-2.0810285190030483e-15,-2.0810285190030483e-15,0.00031873310789196655,4.193247801556113e-08
0.45380000000000004,89.99999868471637,90.0,4.746963282213999e-05,-2.9550463406678577e-05,-2.9033694776334868e-08,2.986775229505617e-09,12.0,4.996073292425058e-07,-4.928559298451907e-08,-2.0519536234273962e-15,-2.0519536234273962e-15,0.00031646421881426654,4.163394410354215e-08
0.454,89.9999986941765,90.0,4.7131691026026304e-05,-2.934278388133753e-05,-2.883329784893247e-08,2.9652929913439345e-09,12.0,4.960501005228123e-07,-4.8945413015163156e-08,-2.0232814205251875e-15,-2.0232814205251875e-15,0.00031421127350684196,4.1337508376901026e-08
0.45420000000000005,89.99999870356926,90.0,4.6796124266944395e-05,-2.9136539726659836e-05,-2.8634252747999276e-08,2.943963696294489e-09,12.0,4.925178760070988e-07,-4.860752781296174e-08,-1.9950063630329914e-15,-1.9950063630329914e-15,0.0003119741617796293,4.1043156333924895e-08
0.4544,89.99999871289513,90.0,4.646291612995025e-05,-2.893172116810053e-05,-2.84365504716521e-08,2.9227862754311084e-09,12.0,4.890104828548456e-07,-4.82719220969403e-08,-1.967122994413022e-15,-1.967122994413022e-15,0.0003097527741996683,4.075087357123713e-08
0.4546,89.99999872215461,90.0,4.613205031185156e-05,-2.8728318587149473e-05,-2.8240182288506647e-08,2.9017596598276208e-09,12.0,4.855277493867213e-07,-4.79385810453045e-08,-1.939625946976636e-15,-1.939625946976636e-15,0.0003075470020790104,4.046064578222677e-08
0.45480000000000004,89.99999873134814,90.0,4.580351061944758e-05,-2.8526322518873737e-05,-2.8045139733416943e-08,2.880882780557855e-09,12.0,4.82069505066293e-07,-4.760749028820778e-08,-1.9125099400570563e-15,-1.9125099400570563e-15,0.0003053567374629839,4.0172458755524416e-08
0.455,89.9999987404762,90.0,4.547728096787005e-05,-2.8325723294329673e-05,-2.7851413772890544e-08,2.860154597585535e-09,12.0,4.786355805443106e-07,-4.7278634491017904e-08,-1.8857697222458853e-15,-1.8857697222458853e-15,0.00030318187311913366,3.9886298378692555e-08
0.45520000000000005,89.99999874953924,90.0,4.515334538272148e-05,-2.812651175409134e-05,-2.765899647140226e-08,2.8395740419844904e-09,12.0,4.752258075578789e-07,-4.695200018293594e-08,-1.8594001836161177e-15,-1.8594001836161177e-15,0.00030102230255147657,3.960215062982324e-08
0.4554,89.99999875853771,90.0,4.4831687994418046e-05,-2.7928678174537507e-05,-2.746787848599408e-08,2.8191401026083415e-09,12.0,4.718400190562456e-07,-4.66275715040023e-08,-1.8333961855829087e-15,-1.8333961855829087e-15,0.00029887791996278696,3.932000158802047e-08
0.4556,89.99999876747209,90.0,4.4512293044520924e-05,-2.77322136977774e-05,-2.727805240387612e-08,2.7988517105309173e-09,12.0,4.6847804902049527e-07,-4.630533587077737e-08,-1.8077527839983783e-15,-1.8077527839983783e-15,0.00029674862029680616,3.903983741837461e-08
0.45580000000000004,89.99999877634282,90.0,4.419514487590727e-05,-2.75371085415699e-05,-2.7089508565790518e-08,2.778707883495736e-09,12.0,4.651397326690358e-07,-4.5985276886372803e-08,-1.782464949803253e-15,-1.782464949803253e-15,0.00029463429917271514,3.876164438908632e-08
0.456,89.99999878515034,90.0,4.3880227943416095e-05,-2.7343353790544914e-05,-2.6902239244624784e-08,2.758707581466521e-09,12.0,4.618249062605991e-07,-4.566738143377665e-08,-1.7575278458184104e-15,-1.7575278458184104e-15,0.00029253485295610733,3.8485408855049923e-08
0.4562,89.99999879389509,90.0,4.356752680368893e-05,-2.7150940316204088e-05,-2.6716236129113955e-08,2.738849793296896e-09,12.0,4.585334071732491e-07,-4.5351635404360116e-08,-1.7329366585700162e-15,-1.7329366585700162e-15,0.0002904501786912596,3.8211117264437424e-08
0.45640000000000003,89.99999880257752,90.0,4.3257026117876256e-05,-2.6959858780699708e-05,-2.653149033039165e-08,2.7191335367303767e-09,12.0,4.5526507393250296e-07,-4.503802370899818e-08,-1.7086865994709066e-15,-1.7086865994709066e-15,0.00028838017411917505,3.7938756161041916e-08
0.4566,89.99999881119807,90.0,4.294871065383651e-05,-2.677010035044787e-05,-2.634799404845064e-08,2.6995578006205855e-09,12.0,4.520197461111339e-07,-4.472653310693782e-08,-1.6847730116191049e-15,-1.6847730116191049e-15,0.0002863247376922434,3.766831217592783e-08
0.45680000000000004,89.99999881975717,90.0,4.2642565280514925e-05,-2.6581655977737087e-05,-2.6165738897398856e-08,2.6801216027110408e-09,12.0,4.4879726439380994e-07,-4.4417149362868436e-08,-1.6611912605188844e-15,-1.6611912605188844e-15,0.00028428376853676616,3.7399772032817495e-08
0.457,89.99999882825527,90.0,4.23385749702951e-05,-2.6394517114554443e-05,-2.5984717572289238e-08,2.660823931855363e-09,12.0,4.4559747047848087e-07,-4.410986007641692e-08,-1.6379368394342593e-15,-1.6379368394342593e-15,0.000282257166468634,3.713312253987341e-08
0.4572,89.99999883669278,90.0,4.2036724793283444e-05,-2.6208674638791043e-05,-2.5804921343578245e-08,2.6416638346869675e-09,12.0,4.424202072015605e-07,-4.3804650428913697e-08,-1.615005209929327e-15,-1.615005209929327e-15,0.00028024483195522294,3.6868350600130045e-08
0.45740000000000003,89.99999884507014,90.0,4.173699992397327e-05,-2.602411957408965e-05,-2.5626341734394493e-08,2.622640357839268e-09,12.0,4.3926531848412464e-07,-4.350150603060794e-08,-1.5923919084228388e-15,-1.5923919084228388e-15,0.00027824666615982175,3.660544320701039e-08
0.4576,89.99999885338777,90.0,4.1439385639480006e-05,-2.5840843442651886e-05,-2.5448971346835804e-08,2.603752519055783e-09,12.0,4.361326492520498e-07,-4.320041432333239e-08,-1.5700925956350961e-15,-1.5700925956350961e-15,0.0002762625709298667,3.6344387437670816e-08
0.45780000000000004,89.99999886164608,90.0,4.1143867313887704e-05,-2.5658837546801716e-05,-2.5272802187146934e-08,2.5849993649699266e-09,12.0,4.330220455003158e-07,-4.290136173744079e-08,-1.5481029511912994e-15,-1.5481029511912994e-15,0.00027429244875925137,3.608517045835965e-08
0.458,89.99999886984547,90.0,4.0850430420690616e-05,-2.5478092972394603e-05,-2.509782567162956e-08,2.5663799711050104e-09,12.0,4.299333543183764e-07,-4.260433370184031e-08,-1.5264186747443046e-15,-1.5264186747443046e-15,0.0002723362028046041,3.582777952653137e-08
0.4582,89.99999887798641,90.0,4.0559060535366774e-05,-2.529860165822493e-05,-2.492403512457835e-08,2.547893355204551e-09,12.0,4.268664237323295e-07,-4.230931888431511e-08,-1.5050356368915254e-15,-1.5050356368915254e-15,0.00027039373690244516,3.557220197769412e-08
0.45840000000000003,89.99999888606926,90.0,4.026974332562223e-05,-2.5120354606047607e-05,-2.475142160182235e-08,2.529538621681758e-09,12.0,4.238211029111652e-07,-4.2016302101858935e-08,-1.4839496247548803e-15,-1.4839496247548803e-15,0.0002684649555041482,3.5318425242597104e-08
0.4586,89.99999889409447,90.0,3.9982464562011125e-05,-2.4943343671763297e-05,-2.4579978069275756e-08,2.5113148171700435e-09,12.0,4.20797241969499e-07,-4.1725271413894036e-08,-1.463156594282949e-15,-1.463156594282949e-15,0.0002665497637467408,3.5066436830791585e-08
0.45880000000000004,89.99999890206242,90.0,3.9697210108166044e-05,-2.476756048596332e-05,-2.440969688758337e-08,2.4932210171927204e-09,12.0,4.1779469205062775e-07,-4.143621385237918e-08,-1.4426525171832264e-15,-1.4426525171832264e-15,0.0002646480673877736,3.4816224337552315e-08
0.459,89.99999890997351,90.0,3.941396592359485e-05,-2.4592996457834775e-05,-2.4240569818890496e-08,2.4752563261629953e-09,12.0,4.148133053555915e-07,-4.1149115433301776e-08,-1.4224333821122245e-15,-1.4224333821122245e-15,0.0002627597728239657,3.456777544629929e-08
0.4592,89.99999891782817,90.0,3.913271806592008e-05,-2.4419643488830036e-05,-2.407258969340124e-08,2.4574198196041796e-09,12.0,4.118529350433949e-07,-4.0863963985711986e-08,-1.4024952920852557e-15,-1.4024952920852557e-15,0.00026088478710613387,3.432107792028291e-08
0.45940000000000003,89.99999892562676,90.0,3.8853452685443745e-05,-2.4247493254535083e-05,-2.3905748735084644e-08,2.4397106019294805e-09,12.0,4.089134352975787e-07,-4.058074630955727e-08,-1.3828343650317172e-15,-1.3828343650317172e-15,0.0002590230179029583,3.407611960813156e-08
0.4596,89.99999893336971,90.0,3.8576156027535535e-05,-2.4076537918546794e-05,-2.3740040228593234e-08,2.422127748662209e-09,12.0,4.059946612279881e-07,-4.0299451005328026e-08,-1.3634468298818382e-15,-1.3634468298818382e-15,0.00025717437351690354,3.383288843566567e-08
0.45980000000000004,89.99999894105738,90.0,3.830081442739269e-05,-2.390676905934222e-05,-2.357545601487239e-08,2.4046703931054693e-09,12.0,4.0309646900089394e-07,-4.002006422277721e-08,-1.3443288814492082e-15,-1.3443288814492082e-15,0.0002553387628492846,3.359137241674116e-08
0.46,89.99999894869019,90.0,3.802741431643968e-05,-2.3738178745028333e-05,-2.3411988998357644e-08,2.387337639672469e-09,12.0,4.002187157209198e-07,-3.9742573916965146e-08,-1.325476824374293e-15,-1.325476824374293e-15,0.00025351609544293114,3.335155964340999e-08
0.4602,89.99999895626851,90.0,3.775594221670336e-05,-2.3570758814945564e-05,-2.3249631472221865e-08,2.3701286216663123e-09,12.0,3.973612594956431e-07,-3.94669670053149e-08,-1.3068869764754097e-15,-1.3068869764754097e-15,0.0002517062814446891,3.311343829130359e-08
0.46040000000000003,89.99999896379272,90.0,3.748638474367381e-05,-2.3404501238933566e-05,-2.3088375955868765e-08,2.3530424723901032e-09,12.0,3.94523959403797e-07,-3.9193230789283405e-08,-1.2885557160679076e-15,-1.2885557160679076e-15,0.00024990923162449203,3.287699661698308e-08
0.4606,89.99999897126322,90.0,3.721872860459183e-05,-2.3239398470211592e-05,-2.2928216021356776e-08,2.3360782962570486e-09,12.0,3.917066754159535e-07,-3.892135435724145e-08,-1.2704795264967736e-15,-1.2704795264967736e-15,0.0002481248573639456,3.264222295132946e-08
0.46080000000000004,89.99999897868038,90.0,3.695296059299349e-05,-2.3075442371947035e-05,-2.27691437884871e-08,2.31923525546015e-09,12.0,3.889092685224069e-07,-3.865132433230836e-08,-1.2526548561250293e-15,-1.2526548561250293e-15,0.0002463530706199566,3.240910571020057e-08
0.461,89.99999898604456,90.0,3.668906759558104e-05,-2.2912624937391875e-05,-2.261115160257299e-08,2.3025125121924074e-09,12.0,3.861316006815217e-07,-3.838312772041712e-08,-1.2350782121539956e-15,-1.2350782121539956e-15,0.00024459378397054027,3.217763339012681e-08
0.4612,89.99999899335616,90.0,3.6427036590515356e-05,-2.275093899804109e-05,-2.2454233691444058e-08,2.2859091708670286e-09,12.0,3.8337353467894146e-07,-3.811675472313035e-08,-1.21774624905806e-15,-1.21774624905806e-15,0.0002428469106034357,3.194779455657846e-08
0.46140000000000003,89.99999900061553,90.0,3.61668546379502e-05,-2.2590376434059283e-05,-2.2298381989689956e-08,2.2694244225669102e-09,12.0,3.8063493433685165e-07,-3.7852191649165057e-08,-1.2006555402404889e-15,-1.2006555402404889e-15,0.00024111236425300133,3.171957786140431e-08
0.4616,89.99999900782305,90.0,3.5908508890913515e-05,-2.24309296105592e-05,-2.2143589487274223e-08,2.253057429485054e-09,12.0,3.779156643809491e-07,-3.758942659876798e-08,-1.1838027605643599e-15,-1.1838027605643599e-15,0.00023939005927275673,3.1492972031745756e-08
0.46180000000000004,89.99999901497908,90.0,3.5651986589711784e-05,-2.227259101451745e-05,-2.1989849385421202e-08,2.2368073538144593e-09,12.0,3.7521559044382365e-07,-3.73284480308076e-08,-1.167184639019255e-15,-1.167184639019255e-15,0.00023767991059807857,3.1267965870318635e-08
0.462,89.999999022084,90.0,3.539727506068261e-05,-2.211535325303273e-05,-2.1837155093596438e-08,2.2206733577481274e-09,12.0,3.725345790519956e-07,-3.706924475764828e-08,-1.1507979576304913e-15,-1.1507979576304913e-15,0.0002359818337378841,3.1044548254332964e-08
0.4622,89.99999902913815,90.0,3.514436171460105e-05,-2.1959208695829282e-05,-2.1685499395080276e-08,2.204654632368955e-09,12.0,3.6987249767088045e-07,-3.681180452868566e-08,-1.1346395070664327e-15,-1.1346395070664327e-15,0.00023429574476400698,3.082270813924004e-08
0.46240000000000003,89.9999990361419,90.0,3.489323404951678e-05,-2.180414983448975e-05,-2.1534875284404375e-08,2.1887503687598397e-09,12.0,3.672292146727455e-07,-3.6556115451921016e-08,-1.1187061307412643e-15,-1.1187061307412643e-15,0.0002326215603301119,3.0602434556062126e-08
0.4626,89.9999990430956,90.0,3.4643879649360284e-05,-2.165016928050896e-05,-2.1385275963977725e-08,2.1729597580036783e-09,12.0,3.646045993222269e-07,-3.6302165988233796e-08,-1.1029947237224129e-15,-1.1029947237224129e-15,0.00023095919766240192,3.038371661018557e-08
0.46280000000000004,89.9999990499996,90.0,3.43962861825713e-05,-2.1497259763378926e-05,-2.123669484076684e-08,2.157281991183368e-09,12.0,3.61998521762078e-07,-3.6049944945746184e-08,-1.0875022316637012e-15,-1.0875022316637012e-15,0.00022930857455047537,3.016654348017317e-08
0.463,89.99999905685425,90.0,3.4150441400724724e-05,-2.1345413773398892e-05,-2.108912469240091e-08,2.1417162882717026e-09,12.0,3.594108530604159e-07,-3.5799440064260806e-08,-1.0722256077151006e-15,-1.0722256077151006e-15,0.00022766960933816484,2.9950904421701326e-08
