time_s,angle_deg,reference_deg,velocity_deg_s,acceleration_rad_s2,output_em_torque_nm,gravity_load_nm,bus_v,terminal_v,stator_a,supply_a,battery_a,motor_rpm,duty
0.0,0.0,0.0,0.0,0.0,0.1301085272529697,0.1301085272529697,11.999148496883048,0.19275337370810328,4.417264814144033,0.07095859307929515,0.07095859307929515,0.0,0.016063921015576542
0.0002,0.0,9.526908231543065e-06,0.0,25.05862689723991,0.18665396498264883,0.1301085272529697,11.998247404166218,0.2765243925668872,6.337017329657831,0.1460496528152099,0.1460496528152099,0.0,0.0230470653964735
0.0004,2.8714982503402722e-05,7.596380712855392e-05,0.28714938139159407,49.783640854677785,0.24244712068127047,0.13010852725295335,11.997041520901504,0.35933267917189604,8.231229405845603,0.24653992487464008,0.24653992487464008,0.0957164604638647,0.02995177423916212
0.0006000000000000001,0.0001431925327009952,0.0002555306721879864,0.8576252392061104,74.1765617714531,0.29749141706164767,0.1301085272525634,11.9955424055795,0.44118128378757976,10.100017245920137,0.37146620170832345,0.37146620170832345,0.28587507973537013,0.03677876905194155
0.0008,0.00039971739646076456,0.000603697757959143,1.7076220851587,98.23890880875575,0.35179027520154504,0.1301085272498035,11.993761376176401,0.5220732634608846,11.94349699758332,0.5198853186331637,0.5198853186331637,0.5692073617195667,0.04352873523879637
0.001,0.000853814962819412,0.0011751889232034754,2.8333518391979737,121.97220039723187,0.4053471145578597,0.13010852723852334,11.99170951713719,0.6020116820377948,13.761784753507584,0.6908735719007826,0.6908735719007826,0.9444506130659912,0.050202323628459146
0.0012000000000000001,0.0015602547447924819,0.0020239849560543858,4.23104382114351,145.37795424431317,0.45816535297945465,0.13010852720472812,11.98939768599006,0.680999610177927,15.55499655177161,0.8835261674949372,0.8835261674949372,1.4103479403811698,0.05680015193537985
0.0014,0.0025730538585205837,0.003203326899177024,5.896944742410214,168.45768734147188,0.510248406718707,0.1301085271217714,11.98683651961273,0.7590401253672633,17.323248376252398,1.0969566989392527,1.0969566989392527,1.965648247470071,0.06332280615701484
0.0016,0.003945480500768978,0.0047657193749280945,7.827318697818521,191.21291597140174,0.5615996904418299,0.13010852694448735,11.98403644016988,0.8361363119291163,19.066656156975707,1.3302966525098663,1.3302966525098663,2.6091062326061736,0.06977084191153074
0.0018000000000000002,0.0057300574247976105,0.006762933910515648,10.01844715748948,213.64515571512607,0.6122226172380244,0.1301085266023182,11.981007660739781,0.9122912610334025,20.785335770426755,1.5826949383516598,1.5826949383516598,3.3394823858298266,0.07614478571972402
0.002,0.007978565414618465,0.009246012263158885,12.466628958823696,235.75592145903357,0.6621205986275176,0.13010852599149042,11.977760190646887,0.9875080707043123,22.47940303982313,1.8533174460926911,1.8533174460926911,4.155542986274566,0.0824451362346886
0.0022,0.01074204675765692,0.012265269745247971,15.16818029856323,257.546727401843,0.711297044568543,0.130108524966294,11.974303840516324,1.061789845826456,24.14897373535177,2.1413466236397642,2.1413466236397642,5.056060099521077,0.0886723654225123
0.0024000000000000002,0.014070808715833626,0.015870298549503805,18.119434724935456,279.0190870614976,0.7597553634633174,0.13010852332951522,11.970648227064965,1.1351396981495658,25.79416357437189,2.445981077919627,2.445981077919627,6.0398115749784855,0.09482691969705355
0.0026000000000000003,0.01801442699508317,0.02010997107413786,21.316743129877977,300.1745132819897,0.8074989621630636,0.13010852082207494,11.966802777643135,1.2075607462918287,27.415088221585496,2.7664351964054195,2.7664351964054195,7.105581043292658,0.10090922101163416
0.0028,0.022621749213325684,0.025032443248011918,24.75647374134363,321.014518240117,0.8545312459721357,0.13010851711192117,11.96277673453995,1.2790561157419296,29.011863289177448,3.101938788337525,3.101938788337525,8.25215791378121,0.10691966791028788
0.003,0.027940898366907323,0.030685157855797972,28.435012115684746,341.54061345217116,0.9008556186512929,0.13010851178222488,11.958579159064655,1.349628938859879,30.584604336926613,3.451736744612065,3.451736744612065,9.478337371894916,0.1128586365410187
0.0032,0.034019276295525355,0.037114847863137956,32.34876113011569,361.7543097805586,0.9464754824201738,0.13010850431892637,11.954218935415565,1.419282354876692,32.13342687228985,3.8150887153696003,3.8150887153696003,10.78292037670523,0.1187264816333526
0.0034000000000000002,0.04090356714565346,0.04436753974180352,36.49414097525281,381.65711744035593,0.9913942379590163,0.13010849409767827,11.949704774347541,1.4880195098929958,33.65844635046043,4.191268804371483,4.191268804371483,12.164713658417604,0.12452353744230826
0.0036000000000000003,0.04863974083248263,0.0524885567948559,40.867589147731,401.25054600579887,1.0356152844096727,0.13010848037023043,11.945045216648376,1.5558435568766313,35.15977817440247,4.579565279302029,4.579565279302029,13.622529715910336,0.13025011866076308
0.0038,0.05727305650039291,0.06152252248180566,45.465560442895885,420.53610441670867,1.0791420193759689,0.13010846225030118,11.940248636433818,1.6227576556593208,36.63753769486314,4.979280297181745,4.979280297181745,15.155186814298629,0.13590652130205458
0.004,0.06684806598197097,0.07151336374377258,50.28452694757087,439.5153009848517,1.1219778389234416,0.13010843869897745,11.935323244270556,1.68876497293246,38.09184021036376,5.389729644120256,5.389729644120256,16.761508982523623,0.1414930235545264
0.004200000000000001,0.07740861725558856,0.0825043143286454,55.32097803289819,458.1896434002385,1.1641261375785104,0.1301084085096862,11.930277090135863,1.7538686822421026,39.52280096717165,5.810242488678093,5.810242488678093,18.44032601096606,0.14700988660961012
0.0044,0.08899785790155634,0.0945379181162414,60.57142034725314,476.5606387373579,1.2055903083271164,0.13010837029277797,11.925118066222273,1.818071963983205,40.93053515925396,6.240161148143843,6.240161148143843,20.19047344908438,0.1524573554649214
0.0046,0.10165823855686783,0.1076560324434667,66.03237780923064,494.6297934613533,1.2463737426128818,0.13010832245976256,11.919853909595187,1.8813780053931868,42.31515792821513,6.678840867067872,6.678840867067872,22.010792603076883,0.1578356597037422
0.0048000000000000004,0.11543151636854779,0.12189983142947575,71.70039160070334,512.3986134341332,1.2864798303348122,0.13010826320723576,11.914492204710886,1.943790000544862,43.676784363218935,7.125649607426075,7.125649607426075,23.900130533567783,0.16314501425216466
0.005,0.13035875844561925,0.13730980930083092,77.57202015995055,529.8686039204255,1.325911959844603,0.1301081905005351,11.909040385802195,2.005311150338817,45.01552950089702,7.579967849817156,7.579967849817156,25.857340053316854,0.16838562011507854
0.005200000000000001,0.14648034530970339,0.15392578371666285,83.64383917485702,547.0412695937703,1.3646735179435687,0.13010810205716175,11.903505739138506,2.065944662495264,46.33150832524462,8.041188405124544,8.041188405124544,27.881279724952343,0.17355766509209772
0.0054,0.1638359743442659,0.1717868990938296,89.912441576181,563.9181145424541,1.4027678898792486,0.1301079953300043,11.897895405166798,2.125693751545458,47.62483576750536,8.508716236100206,8.508716236100206,29.970813858726995,0.17866132447444033
0.0056,0.18246466324252392,0.19093162993207705,96.37443753089069,580.5006422753866,1.4401984593417139,0.13010786749039974,11.892216380539782,2.184561638822702,48.895626706045846,8.9819682883515,8.9819682883515,32.1248125102969,0.18369676172370028
0.0058000000000000005,0.20240475345402711,0.21139778413919846,103.02645443556848,596.7903557279192,1.4769686084596196,0.13010771541106564,11.886475520037184,2.2425515524530124,50.14399596622166,9.460373330234749,9.460373330234749,34.34215147852283,0.18866412913337638
0.006,0.22369391362992608,0.2332225063561939,109.8651369098819,612.7887572676073,1.5130817177960305,0.1301075356489369,11.88067953838584,2.299666727345486,51.37005832023561,9.943371801180083,9.943371801180083,36.62171230329397,0.19356356847395687
0.006200000000000001,0.24636914306694158,0.256442281282431,116.88714679012102,628.4973486999155,1.548541166344058,0.13010732442793896,11.8748350119841,2.3559104051824176,52.57392848698963,10.430415667991685,10.430415667991685,38.96238226337368,0.1983952116222945
0.0064,0.27046677515004797,0.2810929370008034,124.08916312280112,643.9176312738683,1.5833503315223396,0.13010707762172943,11.868948380535771,2.4112858344092265,53.75572113193129,10.9209682886857,10.9209682886857,41.36305437426704,0.20315918117594675
0.0066,0.29602248079388344,0.30720964830289194,131.4678821583303,659.0511056876468,1.6175125891703965,0.13010679073643802,11.863025948598658,2.465796270224226,54.91555086689618,11.414504283445238,11.414504283445238,43.82262738611009,0.20785559105309914
0.0068000000000000005,0.3230712718829004,0.3348269400141237,139.02001734474095,673.8992720941277,1.6510313135438919,0.130106458893435,11.857073887052547,2.5194449745682923,56.053532249946954,11.910509412287741,11.910509412287741,46.340005781580324,0.21248454707863684
0.007,0.3516475047102683,0.36397869031893154,146.74229932148492,688.4636301063721,1.6839098773098262,0.1301060768121564,11.85109823449134,2.5722352161144624,57.16977978521015,12.408480459054937,12.408480459054937,48.914099773828305,0.21704614755687787
0.007200000000000001,0.3817848834155418,0.39469813408591475,154.63147591329087,702.7456788030605,1.7161516515417043,0.13010563879301443,11.845104898543802,2.624170270257529,58.26440792271219,12.90792512134992,12.90792512134992,51.54382530443029,0.2215404838314379
0.0074,0.41351646342110665,0.4270178661929979,162.6843121240841,716.7469167338736,1.747760005714687,0.13010513870041962,11.839099657127296,2.675253419103647,59.33753105821469,13.408361906058651,13.408361906058651,54.22810404136137,0.2259676408326463
0.0076,0.44687465486741595,0.46096984485259157,170.89759013096753,730.4688419248236,1.7787383077007703,0.13010456994594144,11.833088159638727,2.725487951460005,60.38926353305085,13.909320030106006,13.909320030106006,56.96586337698918,0.2303276976128957
0.0078000000000000005,0.481891226047028,0.49658539493675163,179.26810927826313,743.9129518835334,1.8090899237640135,0.1301039254716327,11.827075928086701,2.774877162824613,61.419719633963425,14.410339326108215,14.410339326108215,59.756036426087704,0.23462072787026678
0.008,0.5185973068374592,0.5338952113023389,187.79268607161382,757.080743604463,1.838818218555831,0.1301031977335422,11.82106835816887,2.823424355376204,62.429013592944884,14.910970152594281,14.910970152594281,62.597562023871276,0.2388468004607296
0.0082,0.5570233921328629,0.5729293621161796,196.46815417214438,769.9737135740902,1.8679265551104014,0.13010237868543995,11.815070720298236,2.871132837964352,63.41725958708153,15.41077330848032,15.41077330848032,65.48938472404812,0.24300597989919429
0.008400000000000001,0.5971993452745461,0.6137172921802239,205.29136439068134,782.5933577760372,1.8964182948401838,0.13010145976277757,11.809088160582123,2.918005926099773,64.3845717384013,15.909319951489783,15.909319951489783,68.43045479689378,0.24709832684964317
0.0086,0.639154401480337,0.6562878262567067,214.2591846820308,794.9411716961512,1.9242967975315888,0.13010043186690678,11.803125701757324,2.9640469419448836,65.33106411372678,16.406191520222986,16.406191520222986,71.4197282273436,0.25112389860455164
0.0088,0.6829171712728122,0.7006691723933091,223.3685001393139,807.0186503275348,1.951565421340821,0.13009928534957726,11.797188244084943,3.0092592143046537,66.25685072453405,16.90097965958815,16.90097965958815,74.45616671310464,0.25508274955377463
0.009000000000000001,0.7285156439063981,0.7468889252483133,232.61621298835922,818.8272881755298,1.9782275227899087,0.13009800999773471,11.791280566208222,3.0536460786177595,67.16204552681789,17.393286149314854,17.393286149314854,77.5387376627864,0.2589749316430467
0.0092,0.7759771907933565,0.7949740694157672,241.9992425821512,830.3685792626513,2.0042864567629493,0.13009659501863982,11.785407325976646,3.0972108769480835,68.04676242096433,17.882722835279495,17.882722835279495,80.66641419405039,0.26280049482222034
0.0094,0.8253285689286639,0.8449509827506435,251.51452539533463,841.6440171334795,2.029745576502596,0.130095029025327,11.779573061239432,3.1399569579766093,68.91111525163136,18.368911563380628,18.368911563380628,83.8381751317782,0.26655948748334574
0.009600000000000001,0.8765959243137993,0.8968454396939965,261.15901501877414,852.6550948594977,2.054608233606783,0.1300933000224221,11.773782190611488,3.181887676993693,69.75521780763769,18.851484115709287,18.851484115709287,87.05300500625805,0.27025195688866716
0.0098,0.9298047953794478,0.9506826145981239,270.9296821541679,863.4033050438908,2.0788777780257366,0.1300913953923372,11.76803901421478,3.2230063958917885,70.57918382186143,19.33008214876827,19.33008214876827,90.3098940513893,0.27387794958859957
0.01,0.9849801164071329,1.0064870850517287,280.8235146087159,873.8901398262994,2.1025575580592846,0.1300893018818596,11.76234771439799,3.2633164831586443,71.38312697114856,19.80435713350087,19.80435713350087,93.6078382029053,0.27743751182972615
0.0102,1.0421462209497887,1.0642828352050748,290.8375172898411,884.1170908875195,2.12565092035445,0.1300870055891524,11.756712356437237,3.3028213138709472,72.16716087623132,20.273970296896987,20.273970296896987,96.94583909661371,0.28093068995283615
0.010400000000000001,1.1013268452512799,1.1240932590951498,300.9687121999636,894.0856494541678,2.1481612099033986,0.13008449195118227,11.751136889220566,3.341524269688524,72.9313991016586,20.738592564952786,20.738592564952786,100.32290406665454,0.2843575307810206
0.0106,1.1625451316648832,1.185941163970822,311.2141384313273,903.7973063032996,2.170091770041721,0.13008174573159026,11.745625145918812,3.3794287388490547,73.67595515573744,21.197904506765735,21.197904506765735,103.73804614377576,0.287718081997814
0.0108,1.2258236320707392,1.2498487736180062,321.5708521608779,913.2535517669819,2.1914459424470665,0.1300787510090206,11.74018084464534,3.4165381161633492,74.40094249048683,21.651596279554965,21.651596279554965,107.19028405362597,0.29101239251536926
0.011000000000000001,1.291184311292284,1.3158377316848155,332.0359266451927,922.4558757368235,2.2122270671381647,0.13007549116592151,11.73480758910716,3.4528558030112135,75.10647450160437,22.09936757440346,22.09936757440346,110.67864221506423,0.2942405128326372
0.0112,1.358648550511674,1.3839291050067257,342.6064522154604,931.405767668465,2.2324384824742296,0.13007194887783222,11.729508869249695,3.488385207337915,75.79266452844607,22.540927562525383,22.540927562525383,114.20215073848682,0.29740249538351365
0.0114,1.4282371506842089,1.4541433869317368,353.2795362725118,940.1047165860244,2.2520835251547684,0.13006810610316868,11.724288061897571,3.523129743651275,76.45962585401992,22.97599484186906,22.97599484186906,117.75984542417059,0.30049839487490876
0.011600000000000001,1.4999703359517675,1.5265005006455272,364.0523032818995,948.5542110865006,2.27116553021981,0.13006394407352145,11.719148431393528,3.557092833019403,77.10747170499356,23.404297383872667,23.404297383872667,121.35076776063318,0.30352826861468707
0.0118,1.5738677570552653,1.601019802496618,374.9218947690272,956.7557393441389,2.2896878310505646,0.1300594432844766,11.71409313023764,3.590277903069103,77.7363152517167,23.82557248019679,23.82557248019679,124.97396492300906,0.3064921768294212
0.012,1.6499484947461407,1.6777200853215317,385.88546931432734,964.7107891147507,2.30765375937052,0.13005458348697213,11.709125199728824,3.622688387984947,78.3462696082584,24.239566689264613,24.239566689264613,128.62848977144245,0.3093901829718967
0.0122,1.7282310631968831,1.756619581769953,396.94020254848726,972.4208477399982,2.325066645247005,0.1300493436792002,11.704247570610626,3.6543277285090694,78.93744783246005,24.646035782447775,24.646035782447775,132.31340084949576,0.31222235401830434
0.012400000000000001,1.8087334134106106,1.837735967629884,408.0832871477227,979.8874021516328,2.3419298170932006,0.1300437020990658,11.699463063723094,3.6851993719416467,79.50996292600372,25.04474468974208,25.04474468974208,136.02776238257422,0.31498876075505244
0.0126,1.891472936629706,1.9210863651528092,419.3119328290982,987.111938875701,2.35824660167065,0.13003763621721137,11.694774390662575,3.7153067721421458,80.06392783449738,25.435467444785417,25.435467444785417,139.77064427636608,0.31768947805513437
0.0128,1.9764664677435257,2.006687346378855,430.62336634589536,994.0959440367054,2.3740203240922377,0.13003112273061723,11.690184154451092,3.7446533895312877,80.59945544757598,25.81798712907556,25.81798712907556,143.54112211529846,0.3203245851439811
0.013000000000000001,2.0637302886951807,2.0945549364619453,442.01483148302566,1000.8409033617311,2.389254307825678,0.1300241375567862,11.68569485021695,3.7732426910937904,81.11665859901994,26.19209581525397,26.19209581525397,147.33827716100856,0.32289416585473635
0.0132,2.15328013188741,2.184704616994966,453.4835890524906,1007.3483021845277,2.4039518746974946,0.13001665582852082,11.68130886588807,3.8010781503818665,81.61565006689025,26.5575945093276,26.5575945093276,151.16119635083018,0.3253983088728893
0.0134,2.2451311835875476,2.2771513293349233,465.0269168888858,1013.6196254495612,2.4181163448975345,0.130008651889301,11.677028482899491,3.8281632475195355,82.09654257368173,26.91429309170902,26.91429309170902,155.00897229629527,0.3278371079702098
0.013600000000000001,2.3392980873315974,2.3719094779280994,476.6421098449514,1019.6563577160215,2.4317510369839863,0.13000009928926975,11.672855876916476,3.854501469207705,82.55944878649336,27.26201025696036,27.26201025696036,158.88070328165045,0.3302106622279241
0.013800000000000002,2.4357949473274196,2.4689929336352185,488.3264797871652,1025.4599831617977,2.444859267888946,0.12999097078183325,11.668793118574369,3.8800963087300877,83.0044813172173,27.600573452135947,27.600573452135947,162.7754932623884,0.33251907624909005
0.014,2.5346353318570434,2.568415037056605,500.0773555913812,1031.0319855874127,2.4574443529245036,0.1299812383208821,11.664842174236519,3.9049512659599137,83.4317527227455,27.929818813623463,27.929818813623463,166.69245186379374,0.3347624603601204
0.0142,2.6358322766781077,2.6701886018573417,511.8920831385108,1036.3738484199234,2.4695096057893915,0.1299708730586397,11.661004906771293,3.9290698473674963,83.8413755051954,28.24959110239228,28.24959110239228,170.6306943795036,0.3369409308014244
0.014400000000000001,2.7393982884244483,2.774325918092426,523.7680253102475,1041.4870547167827,2.4810583385761653,0.12995984534414284,11.657283076349238,3.952455566028613,84.23346211215377,28.559743637563557,28.559743637563557,174.5893417700825,0.3390546099071329
0.0146,2.8453453480058286,2.880838755531939,535.7025619848338,1046.37308716967,2.492093861778963,0.12994812472236011,11.653678341261301,3.9751119416337612,84.60812493694011,28.860138228224905,28.860138228224905,178.56752066161127,0.34110362627389346
0.0148,2.95368491400683,2.989738366986199,547.6930900328708,1051.0334281082796,2.5026194843018015,0.12993567993395194,11.650192258758981,3.997042500498237,84.96547631888834,29.150645103418203,29.150645103418203,182.56436334429026,0.34308811491871605
0.015000000000000001,3.0644279260849108,3.101035491630921,559.7370233131696,1055.4695595040832,2.512638513467472,0.12992247891567732,11.64682628591714,4.018250775573118,85.30562854364875,29.431142840238252,29.431142840238252,186.57900777105652,0.34500821742587684
0.0152,3.177584808367637,3.2147403583323797,571.8317926686437,1059.6829629740444,2.522154255026963,0.12990848880145003,11.64358178052019,4.038740306457056,85.62869384350802,29.70151828998418,29.70151828998418,190.6105975562146,0.34686408208287783
0.0154,3.293165472849093,3.3308626889725685,583.9748459222429,1063.675119784316,2.5311700131695134,0.12989367592404835,11.640460001972201,4.058514639409017,85.9347843977304,29.961666502316575,29.961666502316575,194.65828197408098,0.3486558640054944
0.015600000000000001,3.4111793227854927,3.449411701774352,596.1636478729273,1067.4475108538861,2.539689090533192,0.12987800581748052,11.637462112231493,4.0775773273618325,86.22401233291703,30.211490647375587,30.211490647375587,198.7212159576424,0.3503837252519273
0.0158,3.531635256089977,3.5703961146266403,608.3956802916815,1071.0016167582,2.547714788216091,0.1298614432200089,11.634589176770081,4.09593192993667,86.49648972338582,30.45090193582658,30.45090193582658,202.79856009722715,0.3520478349261109
0.016,3.654541668726629,3.6938241484095364,620.6684419175697,1074.338917732751,2.555250405788104,0.1298439520778344,11.631842165558348,4.113582013458402,86.75232859157144,30.67981953680432,30.67981953680432,206.88948063918988,0.35364836927022925
0.0162,3.7799064581036967,3.8197035303195026,632.9794484538285,1077.460893676628,2.56229924130327,0.12982549554944312,11.629221954075199,4.130531150971824,86.99164090844437,30.898170493733513,30.898170493733513,210.99314948460952,0.3551855117464993
0.0164,3.9077370264660436,3.948041497194516,645.3262325639998,1080.3690241560425,2.56886459131274,0.12980603601061608,11.626729324343854,4.146782922258824,87.21453859395106,31.10588963801214,31.10588963801214,215.10874418799995,0.3566594531083095
0.0166,4.038040284286825,4.078844798839228,657.7063438681027,1083.0647884078085,2.574949750878289,0.129785535060103,11.62436496599343,4.162340913856377,87.42113351747278,31.302919500547592,31.302919500547592,219.23544795603425,0.35807039146079145
0.016800000000000002,4.170822653658405,4.212119701350132,670.1173489388426,1085.5496653428083,2.580558013586473,0.12976395352596062,11.622129477346245,4.177208719075512,87.61153749830619,31.489210221146188,31.489210221146188,223.37244964628087,0.35941853231094106
0.017,4.306090071682523,4.34787199044071,682.5568312978585,1087.825133549407,2.585692671563329,0.12974125147255505,11.620023366530901,4.191389938021109,87.7858623061624,31.66471945575817,31.66471945575817,227.51894376595283,0.3607040886073904
0.0172,4.443847993859706,4.486106974766612,695.0223914120089,1089.892671296854,2.590357015489707,0.12971738820822834,11.618047052620902,4.204888177612649,87.94421966168758,31.82941228159153,31.82941228159153,231.6741304706696,0.36192728076997016
0.017400000000000002,4.584101397477944,4.626829489250796,707.5116466896935,1091.7537565386385,2.5945543346171687,0.12969232229362793,11.616200866798684,4.217707051605824,88.08672123700265,31.983261100109672,31.983261100109672,235.83721556323115,0.3630883367091934
0.0176,4.726854785000639,4.77004389840869,720.0222314772127,1093.409866915821,2.5982879167844875,0.12966601155069818,11.614485053544755,4.229850180615057,88.21347865626348,32.12624553793703,32.12624553793703,240.00741049240426,0.3641874918358177
0.0178,4.872112187453824,4.915754099673365,732.5517970551632,1094.862479760334,2.6015610484347427,0.12963841307233176,11.612899771851588,4.2413211921369225,88.32460349624127,32.25835234570098,32.25835234570098,244.18393235172104,0.36522498906065015
0.018000000000000002,5.019877167812663,5.06396352672069,745.0980116348691,1096.1130720982503,2.604377014632996,0.1296094832326797,11.611445096461873,4.252123720574448,88.42020728692272,32.379575294843946,32.379575294843946,248.3660038782897,0.3662010787847685
0.0182,5.170152824387251,5.214675152794482,757.6585603548506,1097.1631206530221,2.6067390990845634,0.12957917769811694,11.610121019130652,4.262261407262314,88.50040151213024,32.48991507244574,32.48991507244574,252.55285345161687,0.3671160188803498
0.0184,5.322941794207697,5.367891494031671,770.2311452773258,1098.0141018486906,2.6086505841538665,0.12954745143886093,11.608927449910794,4.271737900492941,88.56529761016215,32.58937917410051,32.58937917410051,256.74371509244196,0.36797007466230364
0.018600000000000002,5.478246256408526,5.523614612787476,782.8134853847502,1098.6674918130664,2.6101147508838705,0.12951425874124012,11.607864218461225,4.280556855543446,88.6150069744524,32.67798179489789,32.67798179489789,260.93782846158336,0.36876351885092
0.0188,5.6360679356123775,5.6818461209605315,795.4033165763881,1099.1247663808754,2.6111348790160984,0.12947955322060864,11.606931075377243,4.28872193470349,88.64964095425026,32.75574371856301,32.75574371856301,265.13443885879605,0.3694966315257541
0.019,5.796408105313033,5.842587183318081,807.9983916649212,1099.3874010968862,2.6117142470112293,0.12944328783490322,11.606127693542232,4.296236807304002,88.66931085531952,32.822692204813954,32.822692204813954,269.3327972216404,0.37016970007097816
0.019200000000000002,5.959267591257767,6.005838520821113,820.5964803730898,1099.4568712189969,2.6118561320702587,0.12940541489883797,11.605453669500006,4.303105149746745,88.67412794065694,32.87886087499946,32.87886087499946,273.5321601243632,0.37078301911243894
0.0194,6.124646774829021,6.171600413949533,833.1953693303677,1099.3346517213022,2.61156381015624,0.12936588609873248,11.604908524846987,4.309330645534773,88.66420343123039,32.92428959608438,32.92428959608438,277.73178977678924,0.3713368904466735
0.0196,6.292545596425429,6.339872706027316,845.7928620696717,1099.022217297127,2.6108405560165804,0.12932465250796757,11.604491707643362,4.314916985303727,88.63964850673577,32.95902436305319,32.95902436305319,281.93095402322393,0.37183162296214
0.0198,6.462963558842177,6.510654806547685,858.3867790241035,1098.5210423620365,2.6096896432059022,0.1292816646030638,11.604202593842329,4.319867866853973,88.60057430637323,32.98311717980593,32.98311717980593,286.12892634136784,0.3722675325529282
0.02,6.635899730650724,6.683945694498237,870.9749575237245,1097.832601056811,2.6081143441094508,0.12923687228037645,11.604040488736516,4.324186995183582,88.54709192964185,32.99662593862365,32.99662593862365,290.32498584124147,0.37264494202522497
0.020200000000000003,6.811352749577869,6.8597439216861344,883.5552517923632,1096.9583672504004,2.6061179299670547,0.1291902248734007,11.60400462842059,4.327878082522138,88.4793124371531,32.99961429828412,32.99961429828412,294.51841726412107,0.37296418099681516
0.0204,6.989320825884198,7.0380476160632455,896.1255329444557,1095.8998145428507,2.6037036708976364,0.1291416711706803,11.604094181269073,4.3309448483653785,88.39734685146297,32.992151560910685,32.992151560910685,298.70851098148523,0.37322558578990506
0.0206,7.169801745741886,7.218854485051316,908.6836889819169,1094.6584162681986,2.600874835924242,0.12909115943431287,11.604308249428332,4.333391019510624,88.3013061579218,32.974312547639094,32.974312547639094,302.89456299397233,0.3734294993175575
0.020800000000000003,7.3527928746118905,7.402161818867121,921.2276247910446,1093.2356454973428,2.597634692999609,0.12903863741904395,11.604645870321715,4.33522033009302,88.1913013055423,32.94617747319047,32.94617747319047,307.0758749303482,0.3735762709640389
0.021,7.538291160620524,7.587966493847631,933.7552621394536,1091.6329750408884,2.5939865090322543,0.12898405239194227,11.605106018166728,4.336436521622563,88.06744320788518,32.90783181943936,32.90783181943936,311.25175404648456,0.3736662564593783
0.0212,7.72629313793541,7.7762649757751605,946.2645396730428,1089.8518774519637,2.5899335499130727,0.12892735115264803,11.605687605503183,4.337043343021909,87.92984274396235,32.859366208068025,32.859366208068025,315.4215132243476,0.37369981774844346
0.021400000000000002,7.916794930140847,7.967053323202552,958.7534129129917,1087.8938250290128,2.5854790805424472,0.12886848005418494,11.606389484731212,4.337044550664937,87.77861075915716,32.800876272398995,32.800876272398995,319.58447097099724,0.37367732285484107
0.0216,8.109792253612566,8.160327190778302,971.2198542527879,1085.7602898185585,2.580626364857843,0.12880738502432806,11.607210449658009,4.336443908416077,87.61385806616134,32.73246252849928,32.73246252849928,323.73995141759593,0.373599145739952
0.0218,8.3052804208919,8.356081832571746,983.6618529552844,1083.4527436179437,2.5753786658619036,0.12874401158751686,11.608149237052196,4.335245187670358,87.43569544592883,32.654230245650446,32.654230245650446,327.8872843184281,0.3734656661574125
0.022000000000000002,8.50325434405937,8.554312105398216,996.0774151497889,1080.9726579780463,2.569739245651019,0.1286783048873045,11.60920452820465,4.333452167394208,87.2442336486457,32.56628931627913,32.56628931627913,332.0258050499296,0.37327726950335427
0.0222,8.703708538107685,8.755012472144184,1008.4645638291796,1078.3215042059628,2.5637113654443526,0.12861020970933293,11.61037495049469,4.331068634166927,87.03958339471568,32.46875412544257,32.46875412544257,336.1548546097265,0.373034346662714
0.0224,8.906637124314177,8.958177005092436,1020.8213388470535,1075.5007533676785,2.557298285613351,0.12853967050482293,11.611659078960418,4.3280983822228976,86.82185537576193,32.36174341996512,32.36174341996512,340.2737796156845,0.3727372938519298
0.022600000000000002,9.112033833612665,9.163799389247238,1033.1457969149026,1072.5118762907007,2.550503265711676,0.12846663141456857,11.61305543787217,4.324545213494435,86.59116025564333,32.24538017731918,32.24538017731918,344.3819323049675,0.3723865124583277
0.0228,9.319892009964756,9.37187292565948,1045.4360115993186,1069.356343566674,2.543329564505586,0.12839103629342452,11.614562502307848,4.320412937655325,86.34760867148594,32.11979147434605,32.11979147434605,348.4786705331062,0.3719824088765157
0.023,9.530204613730582,9.582390534751829,1057.6900733192276,1066.0356255539684,2.5357804400047415,0.12831282873527436,11.61617869972908,4.315705372164996,86.09131123472888,31.98510835590998,31.98510835590998,352.5633577730759,0.37152539434208687
0.023200000000000002,9.742964225039012,9.795344759643928,1069.9060893431522,1062.5511923802485,2.5278591494934344,0.12823195209846808,11.61790241155706,4.310426342313335,85.8223785321845,31.84146570357837,31.84146570357837,356.63536311438406,0.37101588476293984
0.0234,9.958163047157285,10.010727769477505,1082.0821837865021,1058.9045139450052,2.5195689495621902,0.12814834953171597,11.619731974746966,4.30457968126608,85.5409211271114,31.689002104419586,31.689002104419586,360.6940612621674,0.37045430054851314
0.0236,10.175792909860137,10.228531362741585,1094.2164976088936,1055.0970599220823,2.5109130961398014,0.12806196400042635,11.621665683359879,4.298169230110855,85.2470495603019,31.527859720010028,31.527859720010028,364.73883253629793,0.36984106643723674
0.0238,10.395845272798363,10.44874697059759,1106.3071886114956,1051.1302997621601,2.5018948445256943,0.12797273831347347,11.623701790131143,4.291198837903724,84.940874351181,31.358184155738023,31.358184155738023,368.7690628704985,0.36917661132248547
0.024,10.618311228866887,10.671365660204549,1118.3524314344022,1047.005702695229,2.492517449422694,0.1278806151503825,11.625838508034077,4.2836723617163335,84.62250599891863,31.180124330493566,31.180124330493566,372.7841438114674,0.3684613680773293
0.024200000000000003,10.843181507572268,10.896378138044248,1130.3504175540363,1042.7247377330366,2.482784164970125,0.12778553708891704,11.628074011838052,4.275593666683591,84.29205498355364,30.99383234682892,30.99383234682892,376.7834725180121,0.36769577337835907
0.0244,11.07044647839973,11.123774753246373,1142.2993552805765,1038.2888736715065,2.4726982447772445,0.12768744663305548,11.630406439659918,4.266966626051822,83.94963176712868,30.799463361673563,30.799463361673563,380.7664517601921,0.3668802675288613
0.0246,11.300096154179645,11.353545500913661,1154.1974697554122,1033.699579093135,2.462262941956993,0.12758628624134058,11.632833894507769,4.25779512122744,83.59534679483619,30.59717545768587,30.59717545768587,384.7324899184707,0.3660152942816179
0.024800000000000003,11.532120194453539,11.585680025447115,1166.0430029486247,1028.9583223693767,2.451481509160083,0.12748199835558838,11.635354445816146,4.2480830418261055,83.22931049617566,30.387129515321178,30.387129515321178,388.68100098287493,0.36510130066159147
0.025,11.766507908839575,11.82016762387108,1177.8342136564968,1024.066571662986,2.4403571986093286,0.12737452542993996,11.637966130971694,4.2378342857222755,82.8516332861192,30.169489085692103,30.169489085692103,392.6114045521656,0.36413873678874886
0.0252,12.003248260397555,12.056997249158503,1189.5693774990452,1019.0257949303568,2.4288932621343036,0.12726380996024064,11.640666956828428,4.227052759099238,82.46242556628809,29.944420264297687,29.944420264297687,396.5231258330151,0.3631280557012796
0.025400000000000002,12.242329868993421,12.296157513555993,1201.2467869175814,1013.8374599238253,2.4170929512062185,0.12714979451373098,11.643454901211697,4.215742376499503,82.06179772613706,29.71209156569194,29.71209156569194,400.4155956391938,0.36206971317944336
0.0256,12.483741014663273,12.537636691909043,1212.864751172297,1008.5030341939585,2.4049595169730704,0.1270324217590323,11.646327914410051,4.203907060875589,81.64986014414745,29.472673799162315,29.472673799162315,404.28825039076565,0.36096416757028427
0.0258,12.727469640976919,12.781422724987182,1224.4215963398747,1003.0239850918173,2.3924962102950085,0.12691163449641052,11.649283920654186,4.191550743641162,81.22672318902808,29.22633994548448,29.22633994548448,408.1405321132916,0.3598118796134362
0.026000000000000002,12.973503358400928,13.02750322280912,1235.9156653111258,997.401779771198,2.3797062817799084,0.12678737568830117,11.652320819582194,4.178677364722484,80.79249722092283,28.973265034817295,28.973265034817295,411.97188843704197,0.3586133122682349
0.0262,13.221829447661227,13.275865467967906,1247.3453177886504,991.637885190851,2.3665929818191507,0.1266595884900777,11.655436487690404,4.165290872610185,80.3472925926255,28.713626025799723,28.713626025799723,415.7817725962168,0.35736893054234836
0.0264,13.472434863105239,13.5264964189561,1258.7089302845243,985.7337681166807,2.3531595606235673,0.12652821628104602,11.658628779769113,4.151395224411293,79.89121965080014,28.44760168590714,28.44760168590714,419.56964342817474,0.3560792013221221
0.026600000000000002,13.72530623606354,13.77938271349094,1270.0048961180098,979.6908951239219,2.339409268259557,0.12639320269564658,11.661895530322521,4.13699438590153,79.4243887372072,28.175372473123133,28.175372473123133,423.33496537266996,0.3547445932048336
0.0268,13.980429878211078,14.03451067183947,1281.2316254132922,973.5107325992924,2.3253453546853247,0.12625449165484617,11.66523455497226,4.122092331577802,78.94691018993387,27.8971204189783,27.8971204189783,427.07720847109744,0.3533655763330345
0.027,14.237791784927937,14.291866300143743,1292.387545097238,967.194746743129,2.3109710697872643,0.12611202739770044,11.668643651843926,4.106693044710915,78.45889434462936,27.613029013006283,27.613029013006283,430.79584836574605,0.3519426222311587
0.027200000000000002,14.497377638659653,14.551435293745943,1303.4710988971792,960.7444035715024,2.29628966341644,0.12596575451306855,11.672120602936046,4.09080051739845,77.96045153574333,27.32328308866284,27.32328308866284,434.4903662990598,0.3504762036445576
0.0274,14.75917281227709,14.81320304051355,1314.4807473387216,954.161168918302,2.281304385425134,0.12581561797146046,11.675663175470989,4.074418750617754,77.45169209776691,27.028068710750944,27.028068710750944,438.1602491129072,0.34896679438111616
0.027600000000000003,15.02316237243588,15.07715462416454,1325.414967743575,947.4465084373154,2.2660184857034955,0.12566156315699772,11.67926912322728,4.057551754279079,76.9327263664767,26.727573064393308,26.727573064393308,441.8049892478583,0.34741486915560293
0.027800000000000002,15.289331082935439,15.343274827592497,1336.2722542274091,940.60188760427,2.2504352142161976,0.12550353589946797,11.682936187852938,4.0402035472787645,76.40366468017956,26.421984345588413,26.421984345588413,445.4240847424697,0.34582090343688365
0.028,15.557663408077536,15.611548136191775,1347.051117697731,933.6287717188682,2.2345578210391572,0.12534148250645313,11.686662100159374,4.022378157552509,75.86461738095905,26.11149165338549,26.11149165338549,449.0170392325769,0.344185373298134
0.028200000000000003,15.828143516024463,15.881958741182705,1357.7500858517856,926.5286259067952,2.218389556396239,0.12517534979551145,11.69044458139549,4.004079622128639,75.3156948159217,25.79628488370912,25.79628488370912,452.5833619505952,0.34250875527016716
0.0284,16.100755282156783,16.154490542936706,1368.367703174482,919.3029151217038,2.2019336706959507,0.12500508512639258,11.694281344501654,3.98531198718138,74.75700733844278,25.476554624862118,25.476554624862118,456.12256772482726,0.3407915261979882
0.0286,16.37548229243064,16.429127154301437,1378.9025309363376,911.9531041471893,2.1851934145681198,0.12483063643326571,11.698170095343205,3.9660793080840997,74.18866530941148,25.152492054732864,25.152492054732864,459.63417697877924,0.33903416310068124
0.028800000000000003,16.652307846734704,16.705851903926035,1389.35314719145,904.4806575987328,2.1681720389004964,0.12465195225693954,11.702108533923253,3.9463856494624663,73.61077909847364,24.824288839728958,24.824288839728958,463.1177157304833,0.33723714303471763
0.029,16.931214962246678,16.984647839586174,1399.718146775487,896.8870399256309,2.150872794875296,0.12446898177705347,11.706094355574503,3.926235085247522,73.02345908527239,24.492137035458107,24.492137035458107,466.572715591829,0.3354009429607774
0.0292,17.212186376789408,17.26549773150931,1409.9961413037013,889.1737154129037,2.13329893400564,0.12428167484421873,11.710125252129924,3.905631698728623,72.4268156606853,24.156228989172963,24.156228989172963,469.99871376790037,0.33352603961415683
0.029400000000000003,17.49520455218662,17.54838407569977,1420.1857591689668,881.3421481831839,2.1154537081718896,0.12408998201208842,11.71419891307206,3.8845795826062237,71.82095922805799,23.816757243995063,23.816757243995063,473.3952530563223,0.331612909378836
0.0296,17.78025167761825,17.83328909726395,1430.2856455398367,873.3938021985858,2.0973403696578314,0.12389385456933498,11.718313026660844,3.863082839044464,71.20600020443256,23.473914444929537,23.473914444929537,476.76188184661225,0.3296620281652654
0.0298,18.067309672975384,18.120194753735486,1440.2944623586225,865.3301412625573,2.0789621711867206,0.12369324457151368,11.722465281039835,3.8411455797235488,70.58204902177138,23.127893246680514,23.127893246680514,480.0981541195408,0.32767387129192865
0.030000000000000002,18.35636019221483,18.409082738400397,1450.210888339495,857.1526290217033,2.060322365957118,0.12348810487279045,11.726653365320715,3.8187719258918396,69.94921612817377,22.77888622327374,22.77888622327374,483.4036294464984,0.32564891337072444
0.0302,18.647384626713297,18.699934483622233,1460.0336189666084,848.8627289676037,2.0414242076785607,0.12327838915751256,11.730874970646095,3.7959660084177003,69.30761198908694,22.42708577949212,22.42708577949212,486.67787298886947,0.3235876281962139
0.0304,18.940364108621218,18.99273116416724,1469.7613664922421,840.4619044386008,2.0222709506069827,0.12306405197160035,11.735127791230491,3.7727319678410014,68.65734708850867,22.072684064125706,22.072684064125706,489.920455497414,0.32149048863876156
0.030600000000000002,19.23527951421618,19.287453700529547,1479.3928599349665,831.9516186215741,2.002865849579908,0.1228450487537381,11.739409525379557,3.7490739544242806,67.99853193018207,21.715872885036863,21.715872885036863,493.13095331165556,0.3193579665415979
0.0308,19.532111467256023,19.584082762256294,1488.9268450778286,823.333334553694,1.9832121600513737,0.1226213358663424,11.743717876487537,3.7249961282035238,67.33127703878121,21.356843626038636,21.356843626038636,496.30894835927626,0.3171905326218245
0.031,19.830840342331545,19.882598771272782,1498.3620844665581,814.608515124154,1.963313138126557,0.12239287062628616,11.748050554013014,3.7005026590385155,66.65569296108681,20.995787165582144,20.995787165582144,499.45402815551944,0.314988656375373
0.031200000000000002,20.131446268218866,20.18298190520772,1507.6973574077945,805.7786230758884,1.9431720405961075,0.12215961133535626,11.752405274433029,3.6755977266627684,65.9718902671518,20.632893797247565,20.632893797247565,502.56578580259816,0.3127528059859296
0.031400000000000004,20.433909131231434,20.485212100718243,1516.9314599673341,796.8451210072706,1.922792124970147,0.12192151731042314,11.756779762175633,3.6502855207329614,65.27997955145561,20.268353152030613,20.268353152030613,505.64381998911136,0.3104834482378246
0.0316,20.738208578571694,20.78926905681519,1526.0632049683977,787.8094713737919,1.9021766495119117,0.1216785489133006,11.76117175053102,3.6245702408778686,64.58007143404639,19.902354122414966,19.902354122414966,508.687734989466,0.30818104843288413
0.0318,21.0443240216824,21.09513223818821,1535.0914219899182,778.673136489723,1.8813288732710274,0.12143066758027392,11.765578982541367,3.598456096746749,63.87227656167069,19.535084788219454,19.535084788219454,511.6971406633061,0.3058460703112361
0.032,21.352234639597594,21.402780878530926,1544.0149573648475,769.4375785297524,1.8602520561163796,0.12117783585127467,11.769999211869516,3.5719473080571476,63.15670560888943,19.166732344207002,19.166732344207002,514.6716524549493,0.30347897597605605
0.0322,21.66191938229323,21.71219398386613,1552.8326741784851,760.1042595306136,1.8389494587685806,0.1209200173986808,11.774430203646705,3.545048104642114,62.43346927918021,18.797483029441253,18.797483029441253,517.6108913928284,0.30108022582223665
0.0324,21.973356974037504,22.023350335870894,1561.5434522668238,750.6746413926921,1.817424342831997,0.12065717705572017,11.778869735299502,3.517762726496774,61.702678306024595,18.42752205837476,18.42752205837476,520.5144840889413,0.2986502784689577
0.032600000000000004,22.286525916740814,22.33622849520175,1570.146188214916,741.1501858816101,1.7956799708263094,0.12038928084445664,11.783315597356182,3.4900954238242208,60.96444345397965,18.05703355365143,18.05703355365143,523.3820627383054,0.2961895906961273
0.0328,22.601404493305424,22.650806804819823,1578.6397953552603,731.5323546297981,1.7737196062176008,0.12011629600333715,11.787765594232738,3.462050457080722,60.218875519733366,17.68620048060516,17.68620048060516,526.21326511842,0.2936986173846686
0.033,22.91797077097478,22.967063393316074,1587.0232037662045,721.8226091380499,1.7515465134489534,0.11983819101427898,11.792217544998781,3.4336320970202006,59.46608533314348,17.31520458343484,17.31520458343484,529.0077345887348,0.29117781146061406
0.0332,23.236202604682543,23.284976178236384,1595.2953602703722,712.022410777051,1.7291639579704967,0.11955493562927622,11.796669284123585,3.4048446247379225,58.70618375825761,16.944226323034563,16.944226323034563,531.765120090124,0.2886276238429685
0.0334,23.556077640401284,23.604522869406704,1603.455228433102,702.1332207889031,1.7065752062689528,0.11926650089650491,11.801118662202501,3.375692331713441,57.9392816943163,16.573444816458228,16.573444816458228,534.4850761443673,0.28604850339530596
0.033600000000000005,23.877573318490867,23.925680972258306,1611.5017885609118,692.1565002886191,1.6837835258965905,0.1189728591859065,11.805563546664063,3.34617951985268,57.165490076736106,16.20303777799479,16.20303777799479,537.1672628536372,0.283440896881049
0.033800000000000004,24.20066687704655,24.248427791152807,1619.434037699977,682.0937102656056,1.6607921854996082,0.11867398421422917,11.810001822458027,3.3163105015291765,56.38491987807312,15.833181461831199,15.833181461831199,539.8113458999923,0.2808052489223875
0.034,24.525335355246753,24.572740432707437,1627.2509896346285,671.9463115851286,1.6376044548459177,0.11836985106950762,11.814431392724657,3.2860895996244532,55.597682108966346,15.464050606278615,15.464050606278615,542.4169965448762,0.27814200196278865
0.0342,24.851555596700553,24.898595809120202,1634.9516748858712,661.715764989765,1.614223604852317,0.11806043623496115,11.818850179445558,3.2555211475674866,54.80388781906015,15.095818379536837,15.095818379536837,544.9838916286237,0.27545159623304477
0.0344,25.179304252794875,25.225970641494936,1642.5351407099165,651.4035311008257,1.590652907610995,0.11774571761229129,11.823256124076352,3.2246094893731994,54.003648097904154,14.728656326970738,14.728656326970738,547.5117135699721,0.2727344697208029
0.0346,25.508557786041383,25.554841463166607,1650.0004510967358,641.0110704197768,1.5668956364154136,0.11742567454435952,11.827647188161517,3.19335897968004,53.19707407583195,14.362734319873457,14.362734319873457,550.0001503655785,0.26999105814352703
0.034800000000000005,25.839292473423097,25.885184623026348,1657.3466867686311,630.5398433296324,1.5429550657854876,0.1171002878372269,11.832021353931736,3.1617739837865306,52.38427692481594,13.99822050568856,13.99822050568856,552.4488955895437,0.26722179492482784
0.035,26.171484409740714,26.21697628884666,1664.572945178823,619.9913100963341,1.5188344714920796,0.1167695397815369,11.836376624884025,3.12985887768681,51.565367859299,13.635281259664582,13.635281259664582,554.857648392941,0.26442711117410705
0.0352,26.505109510958658,26.550192450606634,1671.6783405100555,609.3669308701225,1.4945371305807975,0.11643341417322405,11.840711026345026,3.097618048105151,50.74045813700239,13.274081137914479,13.274081137914479,557.2261135033518,0.261607435669454
0.0354,26.840143517550853,26.884808923817005,1678.6620036732206,598.6681656868732,1.4700663213950276,0.11609189633353034,11.845022606017785,3.065055892529356,49.90965905970773,12.914782831851241,12.914782831851241,559.5540012244069,0.25876319484372906
0.0356,27.176561997846207,27.220801352845434,1685.523082305997,587.8964744694366,1.4454253235982575,0.11574497312831317,11.849309434512325,3.032176819243111,49.07308197401492,12.557547123972883,12.557547123972883,561.8410274353323,0.25589481277377957
0.0358,27.514340351373846,27.558145214241534,1692.2607407715082,577.053317028944,1.4206174181956088,0.11539263298662712,11.853569605860393,2.998985247357174,48.23083827207314,12.202532844967266,12.202532844967266,564.0869135905027,0.25300271117271533
0.036000000000000004,27.85345381220807,27.896815820062113,1698.8741601569961,566.1401530661154,1.395645887554623,0.11503486591856461,11.857801238014687,2.96548560683947,47.383039392286584,11.849896832109428,11.849896832109428,566.2913867189988,0.25008730938519014
0.0362,28.193877452313046,28.236788321196325,1705.3625382725131,555.1584421725358,1.3705140154252213,0.11467166353233883,11.862002473332938,2.9316823385439688,46.529796819992086,11.499793888921863,11.499793888921863,568.4541794241711,0.2471490243856134
0.0364,28.535586184887244,28.57803771069083,1711.7250896496287,544.1096438319192,1.3452250869588682,0.11430301905059434,11.86617147904716,2.8975798942383912,45.67122208810973,11.152376746069871,11.152376746069871,570.5750298832096,0.24418827077923397
0.0366,28.878554767707605,28.920538827074918,1717.9610455401537,532.9952174213677,1.319782388726931,0.11392892732593037,11.870306447718438,2.863182736630736,44.80742677776618,10.807796023463618,10.807796023463618,572.653681846718,0.24120546080603178
0.0368,29.22275780647348,29.26426635768571,1724.0696539148823,521.8166222125957,1.2941892087381637,0.11354938485562295,11.87440559767755,2.8284953393945154,43.93852251888828,10.466200193537576,10.466200193537576,574.6898846382942,0.23820100434734395
0.037000000000000005,29.568169758150294,29.60919484199335,1730.0501794623465,510.57531737315634,1.2684488364553774,0.11316438979553217,11.878467173451838,2.793522187192794,43.064620990768994,10.127735545680041,10.127735545680041,576.6833931541155,0.23517530893516853
0.037200000000000004,29.914764934312974,29.95529867492598,1735.9019035875906,499.2727619676407,1.2425645628112265,0.11277394197318152,11.882489446178594,2.7582677757009297,42.18583392260337,9.792546151783819,9.792546151783819,578.6339678625302,0.23212877976407445
0.0374,30.26251750448913,30.302552110195197,1741.6241244109597,487.9104149588667,1.2165396802231256,0.11237804289999698,11.886470714005316,2.7227366116280303,41.30227309399501,9.460773832890398,9.460773832890398,580.5413748036532,0.22906181970565467
0.0376,30.611401499501994,30.650929263620966,1747.2161567669032,476.48973520905344,1.1903774826072853,0.11197669578269406,11.890409302477202,2.6869332127371157,40.41405033543253,9.132558126899806,9.132558126899806,582.4053855889678,0.22597482932545732
0.0378,30.96139081481314,31.000404116456888,1752.6773322027962,465.0121814809787,1.1640812653918466,0.11156990553380147,11.894303564912178,2.6508621078639543,39.52127752873554,8.808036257318589,8.808036257318589,584.2257774009321,0.22286820690232878
0.038,31.31245921386492,31.350950518715358,1758.0069989777746,453.4792124391181,1.1376543255290972,0.11115767878131094,11.898151882763777,2.6145278369345446,38.62406660746935,8.487343103018576,8.487343103018576,586.0023329925915,0.21974234845010449
0.038200000000000005,31.664580331422737,31.702542192492654,1763.2045220615857,441.8922866507757,1.111099961506788,0.11074002387744304,11.901952665972242,2.5779349509812715,37.722529557329224,8.170611168979915,8.170611168979915,587.7348406871952,0.21659764774158477
0.038400000000000004,32.01772767691705,32.05515273529419,1768.2692831334546,430.2528625871946,1.0844214733585096,0.11031695090652008,11.905704353304102,2.541088012157685,36.81677841649261,7.857970557991526,7.857970557991526,589.4230943778182,0.2134344963347318
0.0386,32.37187463778512,32.40875562335964,1773.2006805809658,418.56239862465657,1.0576221626731424,0.10988847169193705,11.909405412680604,2.503991593751901,35.90692527594002,7.54954894328298,7.54954894328298,591.0668935269886,0.21025328360102363
0.0388,32.72699448281262,32.76332421498807,1777.9981294989584,406.82235304556696,1.0307053326033635,0.1094545998022228,11.913054341495254,2.4666502801986296,34.993082279743824,7.245471542062149,7.245471542062149,592.6660431663195,0.20705439675590623
0.039,33.08306036547497,33.118831753863105,1782.661061688437,395.03418403951747,1.0036742878731884,0.1090153505561844,11.916649666920804,2.4290686670897643,34.0753616253243,6.945861089932995,6.945861089932995,594.2203538961458,0.2038382208912769
0.0392,33.44004532727842,33.47525137237815,1787.1889256554985,383.19934970434696,0.976532334784582,0.10857074102712774,11.92018994620597,2.3912513611836137,33.153875563674085,6.650837816169304,6.650837816169304,595.7296418851662,0.20060513900994636
0.039400000000000004,33.79792230110102,33.83255609496151,1791.5811866102692,371.31930804718127,0.9492827812230955,0.10812079004614872,11.923673766962166,2.353202980412689,32.22873639954954,6.360519419819475,6.360519419819475,597.1937288700898,0.1973555320620133
0.0396,34.15666411453328,34.19071884140148,1795.8373264658621,359.39551698545364,0.9219289366625227,0.10766551820448991,11.927099747440577,2.3149281538900515,31.30005649162886,6.075021046618586,6.075021046618586,598.6124421552873,0.19408977898309346
0.0398,34.51624349321869,34.5497124301716,1799.9568438373426,347.42943434792596,0.8944741121686213,0.10720494785495822,11.93046653679978,2.2764315219142786,30.367948252638378,5.794455266684916,5.794455266684916,599.9856146124475,0.19080825673435123
0.04,34.876633064193996,34.909509581755785,1803.9392540407116,335.4225178756814,0.8669216204018244,0.10673910311239981,11.933772815364271,2.2377177359729443,29.43252414944466,5.518932052977407,5.518932052977407,601.3130846802372,0.18751134034426808
0.0402,35.237805359229284,35.270082921973525,1807.7840890919022,323.3762252231066,0.8392747756189857,0.10626800985322936,11.937017294874092,2.1987914587446737,28.493896703113712,5.248558760492295,5.248558760492295,602.5946963639674,0.18419940295209783
0.040400000000000005,35.599732818167865,35.631404985304904,1811.4908977057887,311.29201395886986,0.811536893674166,0.10579169571401152,11.94019871872587,2.1596573640997847,27.552178488937738,4.983440106177363,4.983440106177363,603.8302992352629,0.18087281585295426
0.040600000000000004,35.962387792266,35.99344821821596,1815.0592452952108,299.17134156688076,0.7837112920184288,0.10531019008909315,11.943315862205491,2.120320137099469,26.607482136428143,4.723678149542381,4.723678149542381,605.019748431737,0.17753194854447432
0.0408,36.32574254753234,36.356184982483676,1818.4887139700086,287.01566544722283,0.7558012896986255,0.10482352412728546,11.94636753271266,2.080784473993483,25.659920329274325,4.469372273945089,4.469372273945089,606.1629046566695,0.1741771687750008
0.041,36.68976926806728,36.71958755852124,1821.7789025360746,274.8264429170957,0.7278102073552515,0.10433173072759623,11.949352569977597,2.041055082216471,24.709605805270886,4.220619168533607,4.220619168533607,607.2596341786915,0.17080884259324333
0.0412,37.05444005940204,37.08362814870319,1824.929426494415,262.60513121173443,0.6997413672193029,0.10383484453401308,11.952269846270097,2.001136680382811,23.756651356210902,3.977512810825253,3.977512810825253,608.3098088314717,0.16742733439935667
0.0414,37.41972695183762,37.448278880690474,1827.9399180402277,250.35318748530432,0.6715980931081292,0.10333290192933893,11.955118266601161,1.9610339982799831,22.80116982774513,3.7401444499031373,3.7401444499031373,609.3133060134091,0.1640330069973875
0.041600000000000005,37.78560190378354,37.813511810755806,1830.810026061988,238.0720688118035,0.6433837104203586,0.1028259410280827,11.957896768917443,1.920751776860572,21.843274119209706,3.508602590213099,3.508602590213099,610.2700086873294,0.16062622164904833
0.041800000000000004,38.15203680509638,38.17929892710861,1833.5394161405538,225.76323218594007,0.6151015461298245,0.10231400166840761,11.960604324288685,1.8802947682327904,20.883077183419967,3.2829729759429482,3.2829729759429482,611.1798053801846,0.15720733812876253
0.042,38.51900348041821,38.54561215322035,1836.1277705482757,213.4281345240048,0.5867549287785431,0.10179712540314141,11.963239937088389,1.8396677356496103,19.920692026432018,3.063338575967631,3.063338575967631,612.0425901827585,0.15377671477993848
0.0422,38.886473692514784,38.912423351149556,1838.5747882481257,201.06823266471724,0.558347188468698,0.10127535548985322,11.965802645167875,1.798875453496425,18.956231707270614,2.8497795693438275,2.8497795693438275,612.8582627493753,0.1503347085724217
0.0424,39.254419145613554,39.27970432486715,1840.8801848928347,188.68498337007526,0.5298816568537044,0.10074873688000205,11.968291520023932,1.7579227072773551,17.98980933762577,2.6423733313390496,2.6423733313390496,613.6267282976115,0.14688167516108766
0.0426,39.62281148874156,39.647426823581384,1843.0436928240426,176.27984332618624,0.5013616671283091,0.10021731620716338,11.970705666960239,1.7168142936001345,17.021538081516667,2.441194419980044,2.441194419980044,614.3478976080141,0.14341796894552591
0.042800000000000005,39.991622319063126,40.01556254506322,1845.0650610714608,163.8542691440876,0.4727905540177526,0.09968114177434073,11.973044225242722,1.67555502015961,16.0515311549237,2.2463145631064902,2.2463145631064902,615.0216870238203,0.13994394313077405
0.043000000000000003,40.36082318521738,40.38408313897132,1846.944055352046,151.40971736055462,0.44417165376599466,0.09914026354036966,11.975306368249003,1.6341497057198613,15.079901825388708,2.057802645916487,2.057802645916487,615.648018450682,0.13645994978905931
0.0432,40.73038559065562,40.75296021017732,1848.6804580691855,138.94764443889147,0.415508304123002,0.09859473310542283,11.977491303612108,1.592603180094938,14.106763411583403,1.8757246989909586,1.8757246989909586,616.2268193563953,0.13296633992250526
0.0434,41.10028099697854,41.12216532209093,1850.274068311895,126.46950676972219,0.3868038443311477,0.09804460369562508,11.97959827335858,1.5509202841282859,13.132229282847607,1.7001438867850898,1.7001438867850898,616.7580227706317,0.12946346352676755
0.0436,41.470480827273256,41.4916699999851,1851.7247018540247,113.97676067176982,0.35806161511070217,0.09748993014678836,11.9816265540411,1.5091058696708326,12.15641285869668,1.5311204965751277,1.5311204965751277,617.2415672846749,0.12595166965555685
0.0438,41.84095646945019,41.86144573432121,1853.0321911534802,101.4708623925995,0.3292849586443744,0.09693076888727721,11.983575456865807,1.467164799557675,11.179427608296663,1.3687119278494468,1.3687119278494468,617.67739705116,0.12243130648600249
0.044000000000000004,42.211679279579805,42.23146398407422,1854.196385351452,88.95326810939599,0.30047721856107207,0.0963671779200159,11.985444327814385,1.4251019475836109,10.201387049912942,1.2129726821347016,1.2129726821347016,618.0654617838173,0.11890272138483884
0.0442,42.58262058522921,42.601696180057765,1855.217150271656,76.42543392968179,0.27164173991868135,0.09579921680364921,11.987232547761042,1.382922198477229,9.222404750325602,1.0639543532463855,1.0639543532463855,618.4057167572187,0.11536626097535159
0.0444,42.95375168879853,42.97211372824941,1856.0943684195852,63.88881589206769,0.24278186918608638,0.09522694663286967,11.988939532584526,1.3406304478738726,8.242594324218983,0.9217056179561999,0.9217056179561999,618.6981228065284,0.11182227120507172
0.0446,43.32504387085727,43.342688013115755,1856.827938981772,51.34486996695286,0.2139009542242546,0.09465043001792423,11.990564733275194,1.29823160228723,7.262069433539509,0.7862722270671498,0.7862722270671498,618.9426463272574,0.10827109741416
0.0448,43.696468393480366,43.71339040093763,1857.4177778250596,38.79505205725389,0.18500234426658063,0.09406973106331463,11.992107636037321,1.2557305790798288,6.280943786828355,0.6576969968898698,0.6576969968898698,619.1392592750199,0.10471308440446696
0.045000000000000005,44.067996503584226,44.084192243135206,1857.8638174958853,26.240817999087273,0.1560893898983337,0.09348491534570605,11.993567762386649,1.2131323064322088,5.299331138523676,0.5360198011126223,0.5360198011126223,619.2879391652951,0.10114857650921402
0.045200000000000004,44.439599436262554,44.4550648795932,1858.1660072195723,13.683623562472569,0.12716544303537508,0.09289604989105896,11.994944669243285,1.1704417233110176,4.317345288238044,0.4212775630596406,0.4212775630596406,619.3886690731907,0.09757791766327975
0.0454,44.811248418122055,44.82597964198603,1858.3243128996316,1.1249244520026025,0.09823385690204048,0.09230320315100068,11.996237949020017,1.1276637794358753,3.3351000800075474,0.3135042483319056,0.3135042483319056,619.4414376332105,0.09400145147404275
0.0456,45.18291467061803,45.19690785710292,1858.3387171170752,-11.433823692476206,0.0692979860083009,0.0917064449784522,11.997447229706086,1.0848034352451759,2.3527094015163885,0.2127308578260881,0.2127308578260881,619.446239039025,0.09041952129276017
0.0458,45.55456941338976,45.56782085017309,1858.209219129735,-23.99116529521645,0.04036118612612236,0.09110584660252832,11.998572174946473,1.0418656618607043,1.3702871832942778,0.11898542112728526,0.11898542112728526,619.403073043245,0.08683247028643658
0.046,45.926183867595824,45.938689948191005,1857.935834871597,-36.54564484391057,0.011426814265142233,0.09050148060272772,11.999612484116728,0.9988554410512488,0.38794739789063143,0.032292990272614994,0.032292990272614994,619.311944957199,0.08324064151016398
0.046200000000000005,46.29772925924928,46.309486483241436,1857.5185969521383,-49.09580688904217,-0.017501771352369258,0.08989342088243199,12.000567892393406,0.9557777651951583,-0.5941959409754995,-0.047324366117171376,-0.047324366117171376,619.1728656507128,0.07964437797989384
0.046400000000000004,46.66917682255267,46.68018179582455,1856.957554655678,-61.64019604326717,-0.04642121131728776,0.08928174264173157,12.00143817082008,0.9126376372418072,-1.576028779290634,-0.11984756834010413,-0.11984756834010413,618.9858515518927,0.07604402274560441
0.0466,47.04049780323292,47.05074723818123,1856.2527739407344,-74.1773569807814,-0.07532814506003642,0.08866652234959835,12.002223126369005,0.8694400706721426,-2.557437023643212,-0.1852605307504051,-0.1852605307504051,618.7509246469115,0.0724399189648436
0.0468,47.411663461876124,47.421154177618256,1855.4043374393923,-86.70583443670016,-0.1042192108776483,0.08804783771542415,12.00292260199838,0.826190089458257,-3.5383065421423807,-0.24355016653166153,-0.24355016653166153,618.4681124797975,0.06883240997660883
0.047,47.78264507726222,47.791373999833205,1854.4123444566776,-99.22417320646308,-0.13309104596150004,0.0874257676599456,12.003536476705268,0.7828927280219714,-4.51852316535957,-0.29470639210568766,-0.29470639210568766,618.1374481522258,0.06522183937552876
0.0472,48.153413949699456,48.161378112239895,1853.2769109699427,-111.73091814523113,-0.16194028642562056,0.08680039228557564,12.004064665574113,0.739553031192572,-5.497972687289587,-0.3387221311761002,-0.3387221311761002,617.7589703233142,0.061608551086325035
0.047400000000000005,48.52394140435883,48.53113794729333,1851.9981696282575,-124.22461416728697,-0.19076356733557948,0.08617179284616301,12.004507119820861,0.6961760541636892,-6.476540866331402,-0.37559331840520915,-0.37559331840520915,617.3327232094191,0.057992889438519324
0.0476,48.89419879460837,48.900624965815105,1850.5762697518094,-136.7038062454661,-0.21955752273799625,0.08554005171620085,12.004863826832665,0.6527668624492653,-7.454113426289997,-0.4053189027221181,-0.4053189027221181,616.8587565839365,0.054375199241346976
0.0478,49.264157505347285,49.269810660318285,1849.011377331313,-149.1670394105691,-0.24831878569053523,0.08490525235950643,12.005134810203108,0.6093305318388036,-8.430576057394715,-0.4279008502589981,-0.4279008502589981,616.3371257771043,0.050755825858859696
0.048,49.63378895634002,49.6386665583327,1847.3036750274257,-161.61285875080412,-0.27704398829247556,0.08426747929739378,12.005320129762946,0.5658721483517716,-9.405814417337135,-0.443344146912118,-0.443344146912118,615.7678916758085,0.04713511528517192
0.0482,50.00306460555015,50.007164225730286,1845.4533621701719,-174.03980941123098,-0.3057297617157698,0.0836268180763624,12.00541988160628,0.5223968081912844,-10.37971413232552,-0.45165680052327595,-0.45165680052327595,615.1511207233906,0.04351341421982733
0.048400000000000006,50.37195595247426,50.375275270049826,1843.4606547583746,-186.44643659319263,-0.33437273623653513,0.08298335523532385,12.00543419811212,0.47890961769714946,-11.352160798153971,-0.4528498426766948,-0.4528498426766948,614.4868849194581,0.03989107014325721
0.048600000000000004,50.74043454147558,50.742971343822546,1841.3257854590943,-198.83128555378659,-0.3629695412670728,0.0823371782723904,12.00536324796127,0.4354156932981349,-12.32303998128951,-0.44693733010577513,-0.44693733010577513,613.7752618196981,0.03626843139228431
0.0488,51.108471965117616,51.110224147896915,1839.0490036070755,-211.19290160532518,-0.3915168053882786,0.081688375611248,12.00520723614844,0.3919201614636607,-13.292237219972423,-0.4339363457032837,-0.4339363457032837,613.0163345356918,0.03264584723565323
0.049,51.476039867497605,51.477005434764045,1836.6305752042,-223.52983011479324,-0.42001115638243797,0.0810370365671381,12.004966403989535,0.34842815865492505,-14.259638025329686,-0.41386699912798064,-0.41386699912798064,612.2101917347334,0.029023667949552454
0.0492,51.8431099475799,51.843287011882786,1834.0707829189487,-235.8406165033372,-0.4484492212664607,0.08038325131247123,12.004641029123999,0.3049448312753831,-15.225127882503296,-0.38675242699988455,-0.38675242699988455,611.3569276396495,0.025402244893084944
0.0494,52.209653962529224,52.20904074500486,1831.3699260858668,-248.12380624574152,-0.4768276263254304,0.07972711084209713,12.00423142551211,0.2614753356207611,-16.188592251789306,-0.3526187926757403,-0.3526187926757403,610.4566420286224,0.02178193058366553
0.049600000000000005,52.57564373104385,52.57423856150004,1828.5283207050404,-260.3779448699205,-0.5051429971465088,0.07906870693825482,12.003737943427145,0.21802483782855153,-17.14991656978888,-0.31149528559550255,-0.31149528559550255,609.5094402350135,0.018163078772303158
0.049800000000000004,52.94105113668861,52.938852453681186,1825.5462994415757,-272.60157795641203,-0.5333919586531386,0.07840813213522733,12.00316096944228,0.1745985138270667,-18.108986250569522,-0.26341412018996985,-0.26341412018996985,608.515433147192,0.01454604451873641
0.05,53.30584813122788,53.302854482129725,1822.4242116250864,-284.793251137878,-0.5615711351395347,0.07774547968372542,12.002500926412068,0.13120154928407024,-19.065686686836056,-0.2084105343389734,-0.2084105343389734,607.4747372083622,0.010931184266385272
0.0502,53.67000673795844,53.66621677902049,1819.1624232491884,-296.95151009861854,-0.5896771503054516,0.07708084351502442,12.001758273448425,0.087839139555002,-20.019903251111014,-0.14652278736877988,-0.14652278736877988,606.3874744163962,0.007318855917080845
0.0504,54.03349905504218,54.02891155144702,1815.761316970999,-309.0749005740704,-0.6177066272911372,0.07641431820487914,12.000933505890922,0.04451648963093069,-20.971521296921328,-0.07779215757682291,-0.07779215757682291,605.2537723236662,0.0037094189055442055
0.0506,54.39629725883876,54.390911084746634,1812.221292110642,-321.1619683503525,-0.6456561887125911,0.07574599893724102,12.000027155271248,0.001238814086057749,-21.92042615999538,-0.002262939270721778,-0.002262939270721778,604.0737640368807,0.00010323427355858737
0.050800000000000005,54.758373607238184,54.752187745825715,1808.542764650762,-333.21125926375976,-0.6735224566968799,0.07507598146780238,11.999039789271704,-0.04198866297485948,-22.866503159461974,0.08001756069136969,0.08001756069136969,602.8475882169206,-0.003499335256176197
0.051000000000000004,55.119700442993235,55.11271398648481,1804.726167236039,-345.2213192003173,-0.7013020529177354,0.07440436208739198,11.997972011677515,-0.0851607079695006,-23.80963759905892,0.16899902687384247,0.16899902687384247,601.5753890786797,-0.007097925206577784
0.0512,55.48025019705184,55.47246234674383,1800.7719491727144,-357.19069409530704,-0.7289915986312163,0.0737312375852466,11.996824462322826,-0.12827207789106543,-24.749714768343765,0.26462813976457555,0.26462813976457555,600.2573163909049,-0.010692169273120247
0.0514,55.839995391889296,55.83140545816703,1796.680576428119,-369.11792993280034,-0.7565877147114823,0.07305670521218308,11.995597817030166,-0.17131752036152403,-25.686619943908354,0.36684858081952,0.36684858081952,598.8935254760397,-0.014281699251229006
0.0516,56.19890864484049,56.18951604718846,1792.4525316302074,-381.0015727452263,-0.7840870216867247,0.07238086264369485,11.99429278754319,-0.2142917736850889,-26.620238390598683,0.47560103806751824,0.47560103806751824,597.4841772100691,-0.01786614496418197
0.051800000000000006,56.55696267143196,56.54676693843688,1788.0883140670983,-392.8401686128965,-0.8114861397750477,0.07170380794299762,11.992910121452498,-0.25718956690162065,-27.550455362733103,0.5908232122918294,0.5908232122918294,596.0294380223661,-0.021445134191539462
0.052000000000000005,56.91413028871385,56.90313105806101,1783.5884396866184,-404.63226366357344,-0.8387816889204791,0.07102563952404767,11.991450602114318,-0.30000561984021423,-28.47715610532491,0.7124498238068208,0.7124498238068208,594.5294798955395,-0.025018292598171368
0.0522,57.27038441859183,57.25858143705479,1778.953441095855,-416.37640407203486,-0.8659702888289709,0.07034645611455732,11.989915048561823,-0.3427346431727719,-29.40022585530457,0.8404126198479926,0.8404126198479926,592.984480365285,-0.028585243663914246
0.0524,57.62569809115891,57.61309121458227,1774.183867560708,-428.0711360596272,-0.8930485590043576,0.0696663567190307,11.988304315408866,-0.38537133846751004,-30.31954984274054,0.9746403825944926,0.9746403825944926,591.394622520236,-0.032145608613904024
0.0526,57.98004444802711,57.96663364130309,1769.2802850054534,-439.71500589383925,-0.9200131187843149,0.06898544058184361,11.986619292745868,-0.42791039824246313,-31.235013292060078,1.1150589378443714,1.1150589378443714,589.7600950018177,-0.035699006349640926
0.0528,58.333396745659144,58.319182082697445,1764.2432760123045,-451.3065598878816,-0.946860587376264,0.06830380715039057,11.984860906027642,-0.4703465060189068,-32.14650142326823,1.261591164363168,1.261591164363168,588.0810920041015,-0.03924505338083246
0.053000000000000005,58.68572835869993,58.67071002239128,1759.073439820985,-462.8443444002511,-0.9735875838931533,0.06762155603832212,11.983030115952875,-0.5126743363745927,-33.053899453162614,1.414157003926977,1.414157003926977,586.3578132736616,-0.04278336375805941
0.053200000000000004,59.03701278330806,59.021191065481446,1753.7713923283002,-474.3269058343277,-1.0001907273891977,0.06693878698889505,11.981127918335009,-0.554888554996924,-33.957092596546836,1.5726734720826776,1.5726734720826776,584.5904641094335,-0.04631354900633059
0.0534,59.38722364048714,59.37059894186091,1748.3377660877175,-485.7527906379382,-1.026666636895411,0.06625559983845784,11.979155343964232,-0.5969838187358162,-34.855966067436796,1.737054669647381,1.737054669647381,582.7792553625725,-0.04983521805956127
0.0536,59.73633467941713,59.718907509543804,1742.773210308948,-497.1205453029637,-1.053011931455077,0.06557209448009359,11.977113458460341,-0.6389547756564673,-35.75040508026496,1.9072117949715892,1.9072117949715892,580.924403436316,-0.05334797719605179
0.0538,60.0843197807855,60.066090757990814,1737.0783908575345,-508.4287163649266,-1.0792232301589968,0.06488837082744173,11.975003362116126,-0.6807960650917961,-36.64029485107705,2.0830531569895485,2.0830531569895485,579.0261302858448,-0.05685142997500514
0.054,60.431152960118375,60.41212281143403,1731.2539902544431,-519.675850402587,-1.1052971521805577,0.06420452877872038,11.972826189731016,-0.7225023176946108,-37.52552059872264,2.2644841890820997,2.2644841890820997,577.0846634181478,-0.06034517717414911
0.054200000000000005,60.776808371111585,60.75697793220226,1725.3007076756578,-530.8604940375363,-1.1312303168105702,0.06352066818096994,11.97058311043467,-0.7640681554894329,-38.40596754603788,2.451407463777479,2.451407463777479,575.1002358918859,-0.06382881672851845
0.054400000000000004,61.121260308961595,61.10063052404641,1719.21925895178,-541.9811939338053,-1.1570193434919025,0.06283688879453848,11.9682753275002,-0.80548819192402,-39.28152092102138,2.643722708316726,2.643722708316726,573.07308631726,-0.06730194367046378
0.0546,61.464483213696425,61.443055135464114,1713.0103765676326,-553.0364967974717,-1.1826608518538462,0.06215329025782918,11.965904078146675,-0.8467570319204873,-40.152065958000954,2.841326821110405,2.841326821110405,571.0034588558775,-0.0707641500709436
0.0548,61.80645167350642,61.784226463025384,1706.6748096618664,-564.0249493762608,-1.2081514617461868,0.0614699720523293,11.96347063333063,-0.8878692719259906,-41.0174878987903,3.0441138891142376,3.0441138891142376,568.8916032206222,-0.0742150249821617
0.055,62.14714042807498,62.124119354697655,1700.2133240265714,-574.9450984591687,-1.233487793273026,0.060787033467940066,11.96097629752617,-0.9288194999630371,-41.8776719938373,3.2519752061524345,3.2519752061524345,566.7377746755238,-0.07765415438162354
0.055200000000000006,62.48652437190922,62.4627088131706,1693.626702106891,-585.795490876067,-1.2586664668262384,0.060104573568626,11.958422408493396,-0.9696022956792583,-42.73250350335995,3.464799292216994,3.464799292216994,564.5422340356304,-0.08108112111766551
0.055400000000000005,62.82457855767054,62.799969999181954,1686.9157430006398,-596.5746734973367,-1.283684103118662,0.059422691158402076,11.95581033703472,-1.0102122303967787,-43.5818676984731,3.682471913773382,3.682471913773382,562.30524766688,-0.0844955048565392
0.055600000000000004,63.16127819950509,63.13587823484197,1680.081262457926,-607.2811932334592,-1.308537323216831,0.0587414847476763,11.953141486738783,-1.0506438671609117,-44.42564986229982,3.9048761051014678,3.9048761051014678,560.0270874859754,-0.0878968820310988
0.0558,63.49659867637423,63.47040900695904,1673.124092880776,-617.9135970346699,-1.3332227485734798,0.058061052519964906,11.950417293711546,-1.0908917607885114,-45.26373529107494,4.1318921907044235,4.1318921907044235,557.7080309602587,-0.0912848257911924
0.056,63.83051553538483,63.80353797036473,1666.045083322762,-628.4704318905709,-1.3577370010595675,0.05738149229899684,11.94763922629422,-1.1309504579156124,-46.096009295232236,4.363397808815074,4.363397808815074,555.3483611075873,-0.09465890595580007
0.0562,64.16300449511958,64.13524095123884,1658.8450994886343,-638.9502448297553,-1.3820767029959178,0.0567029015162236,11.94480878476761,-1.1708144970444976,-46.92235720047869,4.599267936032477,4.599267936032477,552.9483664962114,-0.09801868896700604
0.056400000000000006,64.49404144896714,64.46549395043472,1651.5250237339562,-649.351582919444,-1.4062384771844725,0.056025377178749995,11.941927501042544,-1.2104784085901947,-47.74266434885555,4.839374913121289,4.839374913121289,550.508341244652,-0.10136373784588112
0.056600000000000004,64.82360246845234,64.79427314680431,1644.085755064741,-659.6729932651251,-1.4302189469391087,0.05534901583770056,11.938996938335922,-1.2499367149263216,-48.556816099784555,5.0835884720065705,5.0835884720065705,548.0285850215803,-0.10469361215034702
0.0568,65.15166380656613,65.12155490052342,1636.5282091370939,-669.9130230101653,-1.4540147361159488,0.05467391355703638,11.936018690832038,-1.2891839304301789,-49.36469783109703,5.331775763996861,5.331775763996861,545.509403045698,-0.1080078679350922
0.057,65.47820190109567,65.44731575641669,1628.8533182568551,-680.0702193354766,-1.4776224691433268,0.05400016588283552,11.932994383328747,-1.328214561527334,-50.16619494005123,5.583801389271067,5.583801389271067,542.9511060856184,-0.1113060577136402
0.0572,65.80319337795414,65.77153244728295,1621.0620313792479,-690.1431294591398,-1.5010387710511817,0.053327867813050864,11.929925670868062,-1.367023106735353,-50.96119284433025,5.839527427661392,5.839527427661392,540.3540104597492,-0.11458773042262248
0.0574,66.12661505451061,66.09418189722034,1613.155314108527,-700.130300636046,-1.5242602675000032,0.0526571137677572,11.926814238350781,-1.4056040567068693,-51.7495769830248,6.098813470768231,6.098813470768231,537.7184380361756,-0.11785243138835319
0.057600000000000005,66.44844394291985,66.4152412249514,1605.1341486976323,-710.030280157547,-1.5472835848092936,0.051987997559899926,11.923661800134697,-1.443951894271931,-52.53123281759948,6.361516655441847,6.361516655441847,535.0447162325441,-0.1210997022957846
0.057800000000000004,66.76865725345202,66.73468774714821,1596.999534047844,-719.8416153510925,-1.5701053499854882,0.05132061236655654,11.920470099616013,-1.4820610944795465,-53.30604583284065,6.627491698665605,6.627491698665605,532.333178015948,-0.12432908115991896
0.058,67.08723239782222,67.05249898175774,1588.7524857084404,-729.5628535798892,-1.5927221907494031,0.05065505070072147,11.917240908793474,-1.5199261246385323,-54.07390153778838,6.89659093387726,6.89659093387726,529.5841619028134,-0.12754010229977072
0.0582,67.40414699252018,67.36865265132676,1580.3940358763596,-739.1925422425413,-1.615130735563105,0.04999140438362418,11.913976027814844,-1.557541444357495,-54.83468546664863,7.168664348762964,7.168664348762964,526.7980119587866,-0.13073229631494948
0.0584,67.71937886213966,67.68312668632721,1571.9252333958614,-748.7292287727012,-1.6373276136562633,0.04932976451759007,11.91067728450527,-1.5949015055840507,-55.588283179687956,7.443559624560799,7.443559624560799,523.9750777986204,-0.13390519006495755
0.058600000000000006,68.03290604270789,67.99589922848105,1563.3471437581952,-758.1714606387275,-1.6593094550519678,0.04867022145945283,11.907346533877082,-1.6320007526432514,-56.33458026411002,7.72112217690987,7.72112217690987,521.1157145860651,-0.1370583066512859
0.058800000000000005,68.344706785015,68.30694863408593,1554.660849101268,-767.5177853433376,-1.6810728905919714,0.04801286479452598,11.90398565762063,-1.6688336222751545,-57.07346233491261,8.001195198280726,8.001195198280726,518.220283033756,-0.14019116540238852
0.059000000000000004,68.65475955794325,68.61625347733984,1545.867448209315,-776.7667504232661,-1.7026145519613833,0.04735778331114144,11.900596563575714,-1.7053945436715807,-57.80481503572598,8.28361970202376,8.28361970202376,515.289149403105,-0.14330328186162536
0.0592,68.96304305179626,68.92379255366659,1536.9680565125732,-785.9169034489121,-1.7239310717127612,0.04670506497576154,11.897181185183145,-1.741677938511978,-58.52852403963079,8.568234568071233,8.568234568071233,512.3226855041911,-0.14639416777825315
0.0594,69.26953618162821,69.22954488304077,1527.9638060869593,-794.9667920240156,-1.7450190832896892,0.04605479690867055,11.893741480916038,-1.7776782209985225,-59.24447504995859,8.854876590330122,8.854876590330122,509.3212686956531,-0.14946333110156085
0.0596,69.57421809057294,69.53348971331323,1518.8558456537462,-803.9149637853092,-1.7658752210497182,0.045407065360251325,11.890279433690395,-1.8133897978902753,-59.952553801070685,9.14338052580037,9.14338052580037,506.2852818845821,-0.15251027597821998
0.059800000000000006,69.87706815317297,69.83560652353569,1509.6453405792442,-812.7599664021876,-1.7864961202867515,0.04476195568785158,11.886797050254536,-1.8488070685365146,-60.65264605911811,9.433579145455315,9.433579145455315,503.21511352641477,-0.15553450275294517
0.060000000000000005,70.17806597870846,70.13587502728637,1500.3334728744856,-821.5003475763511,-1.806878417252782,0.044119552333244015,11.883296360556976,-1.8839244249091065,-61.34463762277964,9.725303286918606,9.725303286918606,500.1111576248285,-0.15853550797253751
0.060200000000000004,70.47719141452617,70.43427517599517,1490.9214411949085,-830.1346550415041,-1.8270187491791563,0.04347993880068374,11.8797794170923,-1.918736251634171,-62.028414323983704,10.018381908975064,10.018381908975064,496.9738137316362,-0.1615127843934161
0.0604,70.77442454936826,70.73078716226836,1481.4104608400462,-838.6614365629927,-1.8469137542970977,0.042843197635565815,11.87624829422464,-1.9532369260226572,-62.70386202860517,10.31264214794674,10.31264214794674,493.803486946682,-0.16446582099268728
0.0606,71.06974571670109,71.02539142321426,1471.8017637532166,-847.079239937493,-1.8665600718577453,0.04220941040368493,11.87270508748834,-1.9874208181001876,-63.37086663714568,10.607909375971657,10.607909375971657,490.60058791773884,-0.16739410298286325
0.0608,71.36313549804396,71.31806864376811,1462.096598521215,-855.3866129926632,-1.885954342151506,0.04157865767109876,11.869151912865405,-2.0212822906358956,-64.02931408539064,10.904007261216291,10.904007261216291,487.36553284040497,-0.17029711183028623
0.061000000000000006,71.65457472629778,71.6087997600172,1452.2962303740082,-863.5821035868425,-1.9050932065269066,0.04095101898459612,11.865590906039314,-2.0548156991705135,-64.6790903450493,11.200757830057194,11.200757830057194,484.09874345800273,-0.17317432527735804
0.061200000000000004,71.94404448907362,71.89756596252646,1442.4019411844322,-871.664259608701,-1.9239733074087317,0.04032657285276987,11.862024221624868,-2.088015392043404,-65.32008142437053,11.497981531261061,11.497981531261061,480.8006470614774,-0.1760252173686243
0.0614,72.23152613202129,72.18434869966288,1432.415029467891,-879.631628976904,-1.9425912883155916,0.03970539672769423,11.858454032373642,-2.1208757104187455,-65.95217336873922,11.79549730219655,11.79549730219655,477.471676489297,-0.17884925848080566
0.0616,72.51700126215785,72.46912968092137,1422.3368103820578,-887.4827596398321,-1.9609437938770056,0.03908756698720578,11.854882528354684,-2.153390988310999,-66.57525226125637,12.093122637109584,12.093122637109584,474.11227012735264,-0.18164591535685712
0.0618,72.80045175119598,72.75189088024939,1412.1686157265792,-895.216199575214,-1.9790274698496955,0.03847315891778622,11.851311916110154,-2.185555552609204,-67.18920422329214,12.390673657487174,12.390673657487174,470.72287190885976,-0.18441465114408606
0.062,73.08185973887237,73.03261453937262,1401.9117939427792,-902.8304967898138,-1.9968389631333971,0.03786224669804503,11.847744417785492,-2.217363723100557,-67.79391541502275,12.687965184542419,12.687965184542419,467.3039313142598,-0.18715492543643283
0.062200000000000005,73.361207636276,73.31128317111978,1391.5677101133697,-910.3241993191501,-2.014374921786145,0.03725490338279888,11.844182270233834,-2.2488098124932097,-68.38927203594938,12.984810813847272,12.984810813847272,463.8559033711233,-0.18986619432097043
0.062400000000000004,73.63847812917646,73.58787956274763,1381.1377459621579,-917.6958552271051,-2.0316319950387194,0.03665120088774497,11.84062772409439,-2.279888126437828,-68.97516032538863,13.281022992134186,13.281022992134186,460.3792486540527,-0.19254791042864253
0.0626,73.91365418135206,73.86238677926673,1370.62329985376,-924.944012605682,-2.0486068333088387,0.03605120997472378,11.837083042844403,-2.310592963548765,-69.5514665629544,13.576413096299682,13.576413096299682,456.8744332845867,-0.19519952298936807
0.06280000000000001,74.18671903791794,74.13478816676583,1360.0257867933155,-932.0672195746341,-2.0652960882144695,0.03545500023756743,11.833550501824519,-2.3409186154239374,-70.11807706900977,13.870791514623424,13.870791514623424,453.3419289311052,-0.19782047789148408
0.063,74.45765622865429,74.40506735573777,1349.3466384262028,-939.0640242811851,-2.0816964125867727,0.0348626400885279,11.830032387237218,-2.370859366664149,-70.6748782051065,14.16396773023177,14.16396773023177,449.7822128087343,-0.20041021774563703
0.0632,74.72644957133421,74.6732082644042,1338.587303037759,-945.9329748996918,-2.0978044604823367,0.03427419674528036,11.826530995118159,-2.4004094948913632,-71.22175637440033,14.455750406820115,14.455750406820115,446.195767679253,-0.20296818195312064
0.0634,74.99308317505174,74.93919510204071,1327.7492455529991,-952.6726196313497,-2.113616887194943,0.03368973621849498,11.823048630280132,-2.429563270766285,-71.75859802205053,14.745947476655633,14.745947476655633,442.5830818509997,-0.20549380677872756
0.0636,75.25754144354975,75.20301237230221,1316.8339475363407,-959.2815067038711,-2.129130349266705,0.03310932329997087,11.819587605229517,-2.4583149580050057,-72.285289635598,15.034366230873598,15.034366230873598,438.94464917878025,-0.2079865254281238
0.06380000000000001,75.51980907854788,75.46464487654818,1305.8429071913276,-965.7581843711902,-2.144341504498717,0.03253302155132527,11.816150239054998,-2.4866588133949254,-72.80171774532681,15.32081341208343,15.32081341208343,435.2809690637759,-0.21044576812978955
0.064,75.77987108307015,75.72407771716715,1294.7776393603579,-972.1012009131383,-2.1592470119610807,0.03196089329323013,11.812738856288473,-2.5145890868097536,-73.3077689246046,15.605095309293976,15.605095309293976,431.5925464534526,-0.21287096222152752
0.06420000000000001,76.0377127647729,75.98129630090305,1283.639675524412,-978.3091046351525,-2.173843532002476,0.03139299959518848,11.809355785737958,-2.5421000212238254,-73.80332979020753,15.887017855170122,15.887017855170122,427.87989184147074,-0.2152615322415719
0.0644,76.29331973927239,76.23628634217901,1272.4305638027863,-984.3804438679626,-2.1881277262591445,0.030829400265841862,11.80600335929249,-2.5691858527255595,-74.28828700262528,16.166386725625905,16.166386725625905,424.1435212675955,-0.2176169000242878
0.0646,76.54667793347237,76.48903386642377,1261.1518689528248,-990.3137669672917,-2.202096257663388,0.030270153843800256,11.802683910698878,-2.5958408105301842,-74.7625272663496,16.443007441760276,16.443007441760276,420.3839563176083,-0.21993648480047073
0.0648,76.79777358889179,76.73952521339577,1249.8051723696556,-996.1076223135583,-2.2157457904515496,0.029715317588984935,11.799399774310352,-2.6220591169917036,-75.22593733014521,16.716685474137385,16.716685474137385,416.60172412321856,-0.22221970330223487
0.065,77.04659326499227,76.98774704050903,1238.3920720859292,-1001.7605583115625,-2.229072990171463,0.02916494747447486,11.796153283807074,-2.6478349876140705,-75.67840398730276,16.987226349410474,16.987226349410474,412.79735736197637,-0.22446596987246947
0.06520000000000001,77.29312384250557,77.23368632615819,1226.9141827715584,-1007.271123390219,-2.2420745236895097,0.028619098178846475,11.792946770888534,-2.67316263106178,-76.11981407587842,17.254435759288818,17.254435759288818,408.97139425718615,-0.2266746965788579
0.0654,77.53735252676098,77.47733037304326,1215.3731357334602,-1012.6378660022131,-2.254747059197019,0.028077823078996488,11.789782563937958,-2.698036249169485,-76.55005447891114,17.518119671836892,17.518119671836892,405.1243785778201,-0.2288452933323905
0.0656,77.77926685101284,77.71866681149535,1203.7705789153013,-1017.8593346237552,-2.2670872662164223,0.027541174243436814,11.786662986658747,-2.722450036951254,-76.96901212463163,17.778084445104337,17.778084445104337,401.2568596384337,-0.23097716801038418
0.0658,78.01885467976767,77.9576836028014,1192.1081768972433,-1022.9340777542545,-2.279091815606759,0.027009202426050788,11.783590356683192,-2.7463981826088526,-77.37657398664923,18.03413694306738,18.03413694306738,397.36939229908114,-0.23306972658390174
0.066,78.2561042121116,78.1943690425296,1180.3876108956938,-1027.8606439160376,-2.290757379568837,0.02648195706029918,11.780566984153529,-2.7698748675395324,-77.7726270841272,18.286084653872617,18.286084653872617,393.46253696523127,-0.23512237324955515
0.06620000000000001,78.49100398503748,78.4287117638543,1168.6105787630554,-1032.637581654073,-2.302080631649966,0.025959486253864208,11.777595170275642,-2.792874266343165,-78.1570584819433,18.53373581036311,18.53373581036311,389.5368595876851,-0.23713451056560647
0.0664,78.72354287677214,78.66070074088152,1156.7787949874803,-1037.2634395356474,-2.313058246748158,0.02544183678371971,11.77467720584563,-2.8153905468286036,-78.52975529083254,18.77689951286398,18.77689951286398,385.59293166249347,-0.23910553959227696
0.0666,78.95371011010349,78.8903252919737,1144.8939906926262,-1041.7367661501125,-2.323686901116076,0.024929054091615256,11.771815369749508,-2.8374178700196535,-78.8906046675211,19.015385854207757,19.015385854207757,381.63133023087534,-0.2410348600362079
0.0668,79.18149525570755,79.11757508307527,1132.9579136374125,-1046.0561101085973,-2.333963272364492,0.024421182279961675,11.769011927436392,-2.8589503901603326,-79.23949381484387,19.24900604696745,19.24900604696745,377.6526378791375,-0.24292187039894428
0.067,79.40688823547553,79.34244013103746,1120.972328215783,-1050.2200200436992,-2.343884039465323,0.023918264108105356,11.766269129365597,-2.8799822547194878,-79.5763099818474,19.47757255286701,19.47757255286701,373.6574427385943,-0.24476596812933585
0.06720000000000001,79.62987932584082,79.56491080694354,1108.9390154564658,-1054.227044609243,-2.353445882754434,0.023420340988978397,11.763589209427941,-2.9005076043950755,-79.9009404638851,19.700899214338257,19.700899214338257,369.64633848548857,-0.24656654977976114
0.0674,79.85045916110586,79.78497783943423,1096.8597730227402,-1058.0757324799533,-2.362645483933888,0.022927452986111613,11.76097438334184,-2.920520573117624,-80.21327260269373,19.91880138818004,19.91880138818004,365.6199243409134,-0.248323011165999
0.06760000000000001,80.0686187367691,80.00263231803281,1084.7364152122022,-1061.7646323512345,-2.371479526074085,0.022439638810996965,11.758426847024566,-2.9400152880535178,-80.51319378646586,20.131096081286067,20.131096081286067,361.57880507073406,-0.25003474753065963
0.0678,80.28434941285178,80.21786569646945,1072.5707729565345,-1065.2922929388435,-2.379944693615329,0.021956935820786203,11.755948774939345,-2.9589858696074454,-80.80059144990315,20.3376020883879,20.3376020883879,357.52359098551153,-0.2517011537099618
0.068,80.49764291722475,80.43066979600803,1060.3646938212783,-1068.657262978646,-2.3880376723692516,0.021479380016312243,11.75354231841873,-2.9774264314246306,-81.07535307426473,20.538140131772316,20.538140131772316,353.454897940426,-0.2533216243037444
0.0682,80.70849134893527,80.64103680876954,1048.1200420056066,-1071.858091226331,-2.3957551495198466,0.02100700604041925,11.751209603965005,-2.9953310803924804,-81.33736618740221,20.7325330029162,20.7325330029162,349.3733473352022,-0.2548955538485007
0.0684,80.91688718153358,80.84895930105866,1035.8386983421021,-1074.8933264571729,-2.403093813624298,0.020539847176588286,11.748952731528156,-3.0126939166419313,-81.5865183637879,20.92060570598696,20.92060570598696,345.279566114034,-0.25642233699327155
0.06860000000000001,81.12282326639969,81.05443021668758,1023.5225602965339,-1077.7615174657092,-2.4100503546133543,0.020077935347844165,11.746773772762266,-3.0295090335481225,-81.82269722452746,21.102185603144463,21.102185603144463,341.17418676551137,-0.25790136867816177
0.0688,81.32629283606997,81.25744288030248,1011.1735419676403,-1080.4612130655237,-2.41662146379166,0.019621301115929888,11.744674769260921,-3.045770517731003,-82.04579043737118,21.277102561589864,21.277102561589864,337.05784732254676,-0.25933204431532075
0.069,81.52728950756365,81.45799100070812,998.7935740869111,-1082.9909620889575,-2.422803833837678,0.019169973680734812,11.742657730772539,-3.0614724490553265,-82.2556857167113,21.445189102288357,21.445189102288357,332.9311913623037,-0.2607137599721145
0.0692,81.72580728570944,81.65606867419235,986.3846040183747,-1085.3493133868767,-2.4285941588034996,0.018723980879962524,11.740724633396372,-3.076608900630488,-82.45227082357562,21.606280550302394,21.606280550302394,328.7948680061249,-0.2620459125562919
0.0694,81.92184056647193,81.85167038785235,973.9485957583856,-1087.5348158283673,-2.4339891341142583,0.018283349189024342,11.738877417760113,-3.091173938809765,-82.63543356560754,21.760215186657273,21.760215186657273,324.6495319194619,-0.2633279000028599
0.06960000000000001,82.11538414027815,82.04479102291944,961.4875299354147,-1089.546018300525,-2.438985456567554,0.01784810372114474,11.737117987179943,-3.105161623189576,-82.8050617970466,21.906834401671453,21.906834401671453,320.4958433118049,-0.26455912146246113
0.0698,82.30643319534383,82.23542585808364,949.0034038098437,-1091.3814697081839,-2.443579824332539,0.017418268227664745,11.735448205804008,-3.1185660066082326,-82.96104341869732,22.045982849666025,22.045982849666025,316.33446793661454,-0.26573897749093905
0.07,82.49498332099988,82.42357057281978,936.4982312737595,-1093.039718973635,-2.4477689369487905,0.016993865098529275,11.733869896740309,-3.131381135144384,-83.10326637789105,22.177508604974253,22.177508604974253,312.1660770912532,-0.2668668702398249
0.0702,82.68103051101863,82.60922125071193,923.9740428507536,-1094.5193150364355,-2.451549495325227,0.01657491536294482,11.73238484016994,-3.143601048115511,-83.23161866844907,22.301263319171614,22.301263319171614,307.99134761691784,-0.26794220364748766
0.0704,82.8645711669402,82.79237438277899,911.4328856957208,-1095.8188068531322,-2.4549182017386717,0.016161438690193635,11.73099477144682,-3.1552197780759075,-83.34598833063393,22.417102379431583,22.417102379431583,303.81096189857357,-0.2689643836305934
0.07060000000000001,83.04560210139861,82.97302687079943,898.8768235946635,-1096.9367433969871,-2.4578717598322717,0.015753453390590876,11.729701379184943,-3.166231350814441,-83.44626345109565,22.524885067921428,22.524885067921428,299.62560786488785,-0.2699328182755878
0.0708,83.22412054144813,83.15117603063685,886.307936964497,-1097.8716736577796,-2.46040687461397,0.015350976416571125,11.728506303334196,-3.1766297853523935,-83.53233216281998,22.62447472215019,22.62447472215019,295.4359789881657,-0.27084691802990607
0.07100000000000001,83.40012413188934,83.32681959556517,873.7283228528568,-1098.6221466415543,-2.46252025245473,0.014954023363890909,11.72741113324598,-3.186409093940929,-83.604082645068,22.71573889616837,22.71573889616837,291.2427742842856,-0.27170609589253625
0.0712,83.57361093859531,83.49995571959349,861.1400949379096,-1099.1867113703606,-2.464208601086648,0.014562608472934066,11.726417405729684,-3.1955632820584023,-83.66140312331214,22.798549522526287,22.798549522526287,287.0466983126365,-0.2725097676036167
0.0714,83.74457945183762,83.67058298079111,848.5453835281658,-1099.563916882062,-2.4654686296011237,0.01417674463010675,11.725526603101246,-3.2040863484077438,-83.70418186917396,22.872783074896194,22.872783074896194,282.84846117605525,-0.2732573518327361
0.0716,83.91302858961251,83.83870038461335,835.9463355622951,-1099.7523122300472,-2.4662970484467395,0.013796443369309176,11.724740151224974,-3.211972284913416,-83.73230720035227,22.938320731252084,22.938320731252084,278.648778520765,-0.2739482703655344
0.0718,84.0789577009668,84.00430736722596,823.3451146089443,-1099.7504464830574,-2.4666905694273336,0.01342171487347145,11.724059417549809,-3.2192150767186574,-83.74566748055763,22.99504853751592,22.99504853751592,274.44837153631477,-0.27458194828830335
0.07200000000000001,84.24236656932392,84.1674037988309,810.7439008665577,-1099.5568687248995,-2.466645905699767,0.013052567976140782,11.723485709141297,-3.225808702182265,-83.74415111943654,23.042857571558557,23.042857571558557,270.24796695551925,-0.2751578141701461
0.0722,84.40325541580987,84.32798998699111,798.1448911632002,-1099.1701280542752,-2.4661597717719124,0.012689010163108076,11.723020270710439,-3.2317471328757135,-83.7276465725032,23.08164410746346,23.08164410746346,266.04829705440005,-0.27567530024238907
0.0724,84.56162490257903,84.48606667995593,785.5502989563823,-1098.5887735845124,-2.465228883500393,0.012331047574061421,11.722664282640714,-3.2370243335798934,-83.69604234106274,23.111309779940466,23.111309779940466,261.8500996521274,-0.2761338425747959
0.0726,84.71747613614016,84.64163506998591,772.9623543328884,-1097.8113544433916,-2.463849958088523,0.011978685004254835,11.722418859014454,-3.2416342622821532,-83.64922697214122,23.131761748795487,23.131761748795487,257.6541181109628,-0.27653288124825537
0.0728,84.87081067068215,84.79469679667818,760.383304008607,-1096.8364197728888,-2.4620197140840556,0.011631925906180684,11.722285045639861,-3.2455708701730512,-83.5870890584093,23.14291286334486,23.14291286334486,253.4611013362023,-0.27687186052349505
0.07300000000000001,85.02163051139985,84.94525395029193,747.8154113283636,-1095.6625187289642,-2.4597348713770426,0.011290772391234355,11.722263818079869,-3.248828101643275,-83.50951723810948,23.144681826677605,23.144681826677605,249.27180377612117,-0.2771502290054618
0.0732,85.16993811781985,85.09330907507277,735.2609562657564,-1094.28820048138,-2.4569921511977766,0.010955225231360033,11.722356079684047,-3.2513998942806785,-83.41640019498625,23.136993359662835,23.136993359662835,245.08698542191877,-0.27736743980296436
0.0734,85.3157364071262,85.23886517257884,722.7222354229941,-1092.7120142134522,-2.4537882761146146,0.010625283860667075,11.722562659624838,-3.2532801788671413,-83.30762665821223,23.119778364596893,23.119778364596893,240.90741180766472,-0.27752295068314503
0.0736,85.45902875748614,85.38192570500517,710.2015620307367,-1090.9325091218711,-2.4501199700319987,0.010300946377006086,11.722884310939238,-3.2544628793757258,-83.18308540232096,23.0929740883969,23.0929740883969,236.73385401024558,-0.2776162242204178
0.0738,85.59981901137573,85.52249459850943,697.7012659479376,-1088.948234416484,-2.4459839581884384,0.0099822095434949,11.72332170857715,-3.254941912967765,-83.04266524713834,23.0565242852376,23.0565242852376,232.5670886493125,-0.2776467279394327
0.07400000000000001,85.73811147890557,85.66057624653655,685.2236936616898,-1086.7577393200856,-2.4413769671545746,0.009669068789984284,11.723875447457546,-3.254711189990081,-82.88625505771705,23.010379378537877,23.010379378537877,228.40789788722992,-0.277613934451675
0.0742,85.87391094114633,85.79617551314414,672.7712082870738,-1084.3595730682407,-2.436295724831379,0.009361518214454044,11.72454604053355,-3.2537646139723946,-82.71374374427522,22.954496622204047,22.954496622204047,224.25706942902463,-0.2775173215852991
0.07440000000000001,86.00722265345442,85.92929773632818,660.3461895670081,-1081.7522849090744,-2.43073696044837,0.009059550584330184,11.72533391686756,-3.2520960816247637,-82.52502026213604,22.888840261036655,22.888840261036655,220.11539652233603,-0.2773563725077747
0.0746,86.1380523487974,86.05994873134705,647.9510338721014,-1078.9344241030697,-2.4246974045619223,0.00876315733771426,11.72623941971743,-3.249699482835153,-82.3199736116702,22.813381690214072,22.813381690214072,215.98367795736715,-0.2771305758409512
0.0748,86.2664062410797,86.18813479404757,635.5881542005087,-1075.904539922874,-2.418173789053699,0.008472328584516393,11.727262804634769,-3.246568700667193,-82.09849283824288,22.72809961376917,22.72809961376917,211.86271806683627,-0.27683942576814313
0.075,86.39229102846792,86.31386270419019,623.2599801777894,-1072.661181653144,-2.411162847129274,0.008187053107483718,11.728404237576246,-3.242697611358209,-81.86046703216671,22.632980201979393,22.632980201979393,207.75332672592978,-0.27648242213284546
0.0752,86.51571389671648,86.43713972877319,610.9689580567664,-1069.2028985903241,-2.403661313316713,0.007907318363116637,11.72966379302893,-3.238080084317198,-81.60578532865385,22.52801724758923,22.52801724758923,203.65631935225545,-0.2760590705286562
0.07540000000000001,86.63668252249288,86.55797362535904,598.7175507173898,-1065.5282400424608,-2.395665923465365,0.0076331104824651705,11.731041452150428,-3.232709982123103,-81.33433690777476,22.41321232079774,22.41321232079774,199.57251690579665,-0.2755688823800475
0.0756,86.75520507670326,86.67637264539894,586.5082376666022,-1061.6357553290381,-2.387173414744815,0.00736441427179833,11.73253710092468,-3.2265811605233417,-81.04601099442274,22.28857492294333,22.28857492294333,195.50274588886742,-0.27501137501359735
0.0758,86.8712902278177,86.79234553755806,574.3435150382056,-1057.5239937808058,-2.3781805256439634,0.007101213213140076,11.734150528334126,-3.2196874684325074,-80.74069685828272,22.15412263882273,22.15412263882273,191.44783834606855,-0.2743860717192964
0.076,86.98494714519563,86.90590155104046,562.2258955927316,-1053.1915047396021,-2.3686839959702306,0.006843489464665168,11.735881424548944,-3.21202274793126,-80.41828381380414,22.009881287587977,22.009881287587977,187.40863186424386,-0.2736925018015603
0.0762,87.0961855024111,87.01705043891472,550.1579087173137,-1048.6368375581314,-2.358680566848807,0.006591223860949254,11.737729379133969,-3.2035808342652836,-80.07866122017556,21.855885072169293,21.855885072169293,183.38596957243792,-0.27293020061957246
0.07640000000000001,87.20501548057814,87.12580246143877,538.1421004255626,-1043.85854159987,-2.3481669807223375,0.006344395913067272,11.739693879273752,-3.1943555558448837,-79.72171848131394,21.692176727187444,21.692176727187444,179.3807001418542,-0.272098709616651
0.0766,87.31144777167603,87.23216838938556,526.1810333574422,-1038.855166238834,-2.3371399813504614,0.006102983808535397,11.741774308016321,-3.1843407342443713,-79.34734504584901,21.518807665306483,21.518807665306483,175.39367778581405,-0.271197576338217
0.07680000000000001,87.41549358187456,87.33615950736713,514.27728677915,-1033.6252608594632,-2.3255963138097657,0.0058669644110913785,11.743969942535912,-3.1735301842020593,-78.95543040712168,21.335838122007313,21.335838122007313,171.4257622597167,-0.27022635443809634
0.077,87.51716463485926,87.43778761716085,502.4334565829985,-1028.1673748564142,-2.3135327244937085,0.0056363132603090135,11.746279952415001,-3.1619177136202072,-78.54586410318147,21.143337298749966,21.143337298749966,167.47781886099952,-0.2691846036727676
0.0772,87.6164731751566,87.53706504103432,490.6521552872989,-1022.4800576344385,-2.300945961112895,0.005411004571042723,11.748703397945803,-3.1494971235654967,-78.11853571679583,20.941383504516313,20.941383504516313,163.55071842909962,-0.2680718898832844
0.07740000000000001,87.71343197145922,87.63400462507022,478.9360120362478,-1016.5618586081858,-2.2878327726953662,0.005191011232698586,11.751239228451377,-3.136262208269513,-77.67333487545997,20.730064295718584,20.730064295718584,159.64533734541592,-0.26688778496451576
0.0776,87.80805431995101,87.72861974249155,467.2876725998155,-1010.4113272020923,-2.2741899095872506,0.004976304808328564,11.75388628062623,-3.1222067551297763,-77.210151251419,20.509476614480953,20.509476614480953,155.76255753327183,-0.2656318668214501
0.07780000000000001,87.90035404763239,87.8209242969869,455.7097993736372,-1004.0270128501882,-2.2600141234534177,0.004766855533544927,11.756643276896451,-3.1073245447107625,-76.72887456169012,20.27972692529564,20.27972692529564,151.90326645787906,-0.2643037193122221
0.078,87.9903455156453,87.91093272603582,444.20507137890553,-997.4074649959759,-2.24530216727847,0.004562632315252779,11.759508823799068,-3.09160935074543,-76.22939456809621,20.04093135007762,20.04093135007762,148.06835712630183,-0.26290293217762506
0.0782,88.07804362259836,87.99866000423354,432.77618426226593,-990.5512330922586,-2.2300507953678057,0.004363602730198039,11.762481410380328,-3.075054940136854,-75.71160107730205,19.7932158016393,19.7932158016393,144.25872808742196,-0.2614291009568044
0.0784,88.16346380789196,88.08412164661647,421.4258502957142,-983.4568666010123,-2.2142567633489727,0.0041697330233296135,11.765559406612502,-3.0576550729602787,-75.17538394086019,19.536716115624834,19.536716115624834,140.47528343190476,-0.2598818268888949
0.0786,88.24662205504329,88.16733371198714,410.1567983764958,-976.1229149932353,-2.1979168281731516,0.003980988105974162,11.768741061828642,-3.0394035024653756,-74.62063305526132,19.271578180946403,19.271578180946403,136.71893279216528,-0.25826071680033286
0.07880000000000001,88.3275348950114,88.24831280623954,398.97177402700754,-968.5479277488109,-2.18102774811686,0.003797331553822516,11.772024503174652,-3.0202939750788143,-74.04723836199216,18.997958068778896,18.997958068778896,132.99059134233585,-0.25656538297761006
0.079,88.4062194095222,88.3270760856843,387.8735393947013,-960.7304543563687,-2.1635862827838412,0.0036187256047271687,11.775407734077872,-3.000320230407116,-73.45508984759955,18.716022160177356,18.716022160177356,129.29117979823377,-0.2547954430252321
0.0792,88.4826932343935,88.40364126037329,376.8648732519898,-952.6690443131421,-2.1455891931071376,0.0034451311563105176,11.778888632731295,-2.9794760012397696,-72.84407754376085,18.425947272391994,18.425947272391994,125.62162441732994,-0.2529505197086567
0.0794,88.55697456285996,88.47802659742557,365.9485709961545,-944.3622471248234,-2.1270332413513415,0.0032765077633839495,11.782464950592406,-2.957755013552622,-72.21409152736037,18.127920783966257,18.127920783966257,121.98285699871816,-0.25103024078199443
0.0796,88.62908214889804,88.5502509243526,355.12744464925544,-935.808612305502,-2.1079151911152265,0.0031128136351782475,11.786134310895392,-2.9351509865118173,-71.56502192057869,17.8221407587174,17.8221407587174,118.37581488308514,-0.24903423880029024
0.07980000000000001,88.69903531055101,88.62033363238211,344.40432285804275,-927.0066893774139,-2.0882318073341417,0.002954005632385973,11.789894207175657,-2.9116576324773944,-70.89675889097396,17.508816068695225,17.508816068695225,114.8014409526809,-0.24696215091610227
0.08,88.76685393325378,88.68829467978472,333.78205089387103,-917.9550278709261,-2.067979856283119,0.002800039264017086,11.793742001804954,-2.887268657007936,-70.20919265158737,17.18816651625381,17.18816651625381,111.26068363129035,-0.244813618660308
0.08020000000000001,88.83255847315795,88.75415459519878,323.26349065261456,-908.6521773243727,-2.0471561055798335,0.0026508686840689384,11.797674924535805,-2.861977758864996,-69.50221346104374,16.860422955349488,16.860422955349488,107.75449688420485,-0.24258828770683427
0.0804,88.89616996045656,88.81793448095486,312.85152065458476,-899.0966872838808,-2.025757324187725,0.0025064466880127005,11.80169007105347,-2.835778630017771,-68.77571162365734,16.525827412210877,16.525827412210877,104.28384021819491,-0.24028580762116536
0.0806,88.95771000270906,88.87965601640113,302.5490360444504,-889.2871073033721,-2.0037802824196977,0.0023667247090979533,11.805784401533522,-2.808664955648621,-68.02957748955764,16.18463320553976,16.18463320553976,100.84967868148348,-0.23790583159250198
0.08080000000000001,89.01720078816616,88.93934146122955,292.358948591158,-879.2219869442916,-1.9812217519413828,0.002231652814477852,11.809954739203338,-2.7806304141579474,-67.26370145480004,15.837105066388593,15.837105066388593,97.45298286371934,-0.23544801614925748
0.081,89.07466508909464,88.99701365879963,282.28418668785565,-868.8998757756254,-1.9580785057752284,0.0021011797011575646,11.814197768905064,-2.751668677170288,-66.47797396150467,15.483519257911313,15.483519257911313,94.0947288959519,-0.23291202085787596
0.08120000000000001,89.13012626510223,89.05269603946388,272.3276953518174,-858.3193233737152,-1.9343473183043092,0.0019752526917685065,11.818510035658129,-2.721773409540007,-65.67228549798581,15.124163695156009,15.124163695156009,90.77589845060581,-0.23029750800464938
0.0814,89.18360826646241,89.10641262389431,262.49243622437007,-847.478879322158,-1.910024965276496,0.0018538177301719524,11.822887943218685,-2.6909382693575066,-64.84652659889339,14.759338065109498,14.759338065109498,87.49747874145669,-0.22760414226043324
0.0816,89.23513563743917,89.15818802640517,252.7813875708216,-836.377093211707,-1.8851082238087957,0.001736819376894905,11.82732775263357,-2.659156907955695,-64.00058784536036,14.38935394720248,14.38935394720248,84.26046252360719,-0.22483159032805067
0.0818,89.28473351961188,89.20804745828079,243.19754428039087,-825.0125146401429,-1.85959387239179,0.0016242008044020878,11.831825580786017,-2.6264229699166,-63.13435986515337,14.014534934498574,14.014534934498574,81.06584809346363,-0.22197952057218548
0.082,89.33242765520001,89.25601673109858,233.74391786613987,-813.3836932122257,-1.8334786908944143,0.0015159037922078044,11.8363773989303,-2.592730093078485,-62.24773333283506,13.63521675580839,13.63521675580839,77.91463928871329,-0.21904760263159573
0.08220000000000001,89.37824439038789,89.30212226005558,224.42353646490594,-801.4891785394785,-1.8067594605685144,0.0014118687218315983,11.84097903121236,-2.5580719085426353,-61.34059896991871,13.25174739897014,13.25174739897014,74.807845488302,-0.21603550701336918
0.0824,89.42221067864949,89.34639106729243,215.2394448372379,-789.3275202401979,-1.7794329640540663,0.0013120345716018725,11.845626153173107,-2.522442040681123,-60.412847545045466,12.86448723557443,12.86448723557443,71.74648161241264,-0.21294290466911558
0.0826,89.46435408407314,89.38885078521962,206.1947043673316,-776.8972679393224,-1.7514959853842227,0.0012163389113120072,11.85031429023123,-2.485834107144321,-59.464369874155715,12.473809147397493,12.473809147397493,68.73156812244386,-0.20976946655275722
0.0828,89.50470278468623,89.42952965984207,197.29239306296785,-764.1969712682748,-1.7229453099904466,0.001124717896733313,11.855038816141938,-2.4482417188685384,-58.495056820663315,12.080098654838428,12.080098654838428,65.76413102098928,-0.20651486315970455
0.083,89.54328557577996,89.46845655408477,188.5356055554523,-751.2251798649448,-1.6937777247080963,0.0010371062639895222,11.859794951427943,-2.409658480084326,-57.50479929564525,11.683754047671373,11.683754047671373,62.845201851817436,-0.2031787640471978
0.08320000000000001,89.58013187323401,89.50566095111746,179.92745309955586,-737.9804433735515,-1.6639900177818727,0.0009534373237976926,11.86457776177891,-2.3700779883245806,-56.493488258026545,11.28518651842411,11.28518651842411,59.97581769985196,-0.19976083733545558
0.0834,89.61527171684124,89.54117295767941,171.4710635734572,-724.461311444551,-1.633578978871502,0.0008736429555802572,11.869382156415313,-2.3294938344329914,-55.46101471477322,10.884820298723984,10.884820298723984,57.157021191152396,-0.1962607491893685
0.08360000000000001,89.64873577363237,89.57502330740577,163.16958147868627,-710.6663337345515,-1.6025413990575539,0.0007976536014535457,11.874202886412474,-2.287899602572691,-54.4072697210898,10.483092798960497,10.483092798960497,54.38986049289543,-0.19267816328039256
0.0838,89.6805553412006,89.60724336415146,155.02616794006957,-696.594059906214,-1.5708740708473479,0.0007253982600974523,11.879034542980431,-2.2452888702350338,-53.33214438061984,10.08045475163081,10.08045475163081,51.675389313356526,-0.1890127402282723
0.084,89.71076235102636,89.6378651253178,147.04400070567638,-682.2430396281902,-1.538573788181057,0.0006568044805116966,11.883871555694963,-2.201655208248668,-52.235529845653176,9.677370358753059,9.677370358753059,49.01466690189213,-0.1852641370222144
0.08420000000000001,89.73938937180183,89.66692122517571,139.22627414676634,-667.6118225750001,-1.5056373464377852,0.0005917983556637558,11.888708190675057,-2.1569921807885644,-51.11731731733222,9.274317443745145,9.274317443745145,46.408758048922124,-0.18143200642105148
0.0844,89.76646961275569,89.69444493819269,131.57619925773852,-652.6989584269663,-1.4720615424418726,0.0005303045160337332,11.89353854870171,-2.1112933453853855,-49.977398045866046,8.87178760819098,8.87178760819098,43.85873308591284,-0.17751599633196236
0.08460000000000001,89.79203692697764,89.7204701823572,124.09700365608148,-637.5029968701331,-1.437843174469266,0.0004722461230614101,11.89835656327285,-2.064552252934954,-48.81566333074669,8.47028639392912,8.47028639392912,41.365667885360494,-0.17351574916721632
0.0848,89.8161258147431,89.74503152250381,116.79193158232457,-622.0224875961475,-1.4029790422538975,0.000417544862500758,11.903155998588964,-2.0167624477077197,-47.63200452096566,8.070333450919689,8.070333450919689,38.93064386077486,-0.16943090117837595
0.085,89.83877142683774,89.76816417363796,109.66424389999077,-606.255980302246,-1.3674659469943866,0.0003661209376870578,11.907930447463553,-1.9679174673587227,-46.426313015241526,7.672462711370488,7.672462711370488,36.55474796666359,-0.16526108176739468
0.0852,89.86000956788212,89.78990400426216,102.71721809554995,-590.2020246910895,-1.331300691360482,0.00031789306272179556,11.91267332915264,-1.918010842937153,-45.19848026223859,7.277222570613454,7.277222570613454,34.239072698516644,-0.16100591277386964
0.0854,89.87987669965625,89.81028753970033,95.95414827837416,-573.8591704707617,-1.2944800794999518,0.000272778455580803,11.91737788709687,-1.8670360988965888,-43.94839776080084,6.885176075260774,6.885176075260774,31.984716092791388,-0.15666500773782274
0.08560000000000001,89.89840994442419,89.82935196542329,89.37834518069315,-557.2259673546324,-1.257000917045238,0.00023069283115021032,11.922037186569877,-1.8149867531048747,-42.675957060177836,6.496901119176965,6.496901119176965,29.792781726897715,-0.15223797113713497
0.0858,89.91564708825861,89.84713513037373,82.99313615755156,-540.3009650613119,-1.2188600111203847,0.00019155039419570805,11.926644112225892,-1.761856316854409,-41.38104976025998,6.11299064784233,6.11299064784233,27.66437871918385,-0.1477243975988473
0.08600000000000001,89.9316265843653,89.8636755502916,76.80186518676695,-523.0827133145887,-1.1800541703479899,0.00015526383226974007,11.931191365539592,-1.7076382948724658,-40.063567511814476,5.734052871700691,5.734052871700691,25.600621728922313,-0.14312387108336666
0.0862,89.9463875564078,89.87901241103884,70.8078928688885,-505.5697618433158,-1.1405802048561,0.00012174430856148815,11.935671462130625,-1.6523261853314297,-38.72340201671945,5.360711489114646,5.360711489114646,23.602630956296167,-0.13843596404055802
0.0864,89.9599698018319,89.89318557192536,65.01459642715736,-487.76066038134553,-1.100434926285265,9.090145469429508e-05,11.940076728964987,-1.5959134798592696,-37.36044502820344,4.9936059195843665,4.9936059195843665,21.671532142385786,-0.13366023653665496
0.08660000000000001,89.97241379519015,89.9062355690331,59.42536970746759,-469.6539586674991,-1.0596151477957194,6.264336347529827e-05,11.944399301425022,-1.5383936635501978,-35.974588351089245,4.633391547914826,4.633391547914826,19.80845656915586,-0.1287962353507941
0.0868,89.98376069146643,89.91820361854212,54.04362317832787,-451.2482064454552,-1.0181176840744264,3.687658160125659e-05,11.94863112023942,-1.4797602149751248,-34.565723842032995,4.280739980048246,4.280739980048246,18.014541059442625,-0.12384349303985158
0.08700000000000001,89.99405232940043,89.92913162005527,48.87278393082439,-432.5419534636645,-0.9759393513422174,1.3506102325200392e-05,11.952763928264165,-1.420006606192259,-33.133743409766645,3.9363393113194944,3.9363393113194944,16.290927976941465,-0.11880152697021255
0.0872,90.00333123481224,89.93906215992328,43.91629567858484,-413.5337494753508,-0.9330769673611641,-7.5646419124219325e-06,11.956789267104849,-1.3591263027580427,-31.678539015348164,3.6008944079292693,3.6008944079292693,14.638765226194945,-0.11366983831497551
0.0874,90.01164062392672,89.94803851457087,39.17761875774251,-394.2221442383789,-0.8895273514416798,-2.6433786883832564e-05,11.960698473570407,-1.297112763737697,-30.200002672402714,3.275127202466177,3.275127202466177,13.059206252580836,-0.10844791101489024
0.0876,90.01902440669812,89.9561046538206,34.66023012690196,-374.60568751520594,-0.8452873244498387,-4.320104400195689e-05,11.96448267594766,-1.233959441716078,-28.698026447371067,2.9597770043614844,2.9597770043614844,11.553410042300653,-0.10313521070131357
0.0878,90.02552719013451,89.9633052442183,30.367623367105317,-354.68292907281295,-0.8003537088146733,-5.796770777276467e-05,11.96813279008558,-1.1696597828085098,-27.17250245975743,2.6556008262017543,2.6556008262017543,10.122541122368439,-0.09773118357923449
0.08800000000000001,90.03119428162228,89.96968565235909,26.303308681799397,-334.4524186826579,-0.754723328535541,-7.083666326858403e-05,11.97163951527746,-1.1042072266717127,-25.623322882379483,2.363373726878406,2.363373726878406,8.767769560599799,-0.09223525526830241
0.0882,90.0360716922506,89.97529194821176,22.470812896803398,-313.91270612060964,-0.7083930091894687,-8.191239361953262e-05,11.974993329928715,-1.0375952065147023,-24.050379941617766,2.083889172607037,2.083889172607037,7.490270965601134,-0.08664682959960186
0.0884,90.04020614013592,89.98017090844446,18.873679460277437,-293.0623411668373,-0.6613595779384074,-9.130098752023282e-05,11.97818448699709,-0.969817149109554,-22.45356591766198,1.817959416909061,1.817959416909061,6.291226486759146,-0.0809652873657388
0.0886,90.04364505374643,89.98437001974865,15.515468442692343,-271.8998736058213,-0.6136198635367783,-9.911014674909175e-05,11.981203009191423,-0.9008664748025976,-20.832773144767167,1.5664159007147305,1.5664159007147305,5.171822814230781,-0.07518998502166223
0.0888,90.0464365752265,89.98793748216622,12.399756536799375,-250.42385322624392,-0.5651706963387546,-0.00010544919369797674,11.984038683914278,-0.8307365975252208,-19.18789401150093,1.3301096738101001,1.3301096738101001,4.133252178933125,-0.06932025333331801
0.08900000000000001,90.0486295637211,89.99092221241301,9.530137057601209,-228.63282982093446,-0.5160089083056763,-0.00011042907891003135,11.986681057932827,-0.7594209248048708,-17.518820960995182,1.1099118389310256,1.1099118389310256,3.176712352533736,-0.06335539597112108
0.0892,90.05027359870034,89.99337384720427,6.910219942323573,-206.52535318682942,-0.46613133301350407,-0.00011416238862395658,11.989119431761381,-0.6869128577761111,-15.825446491199214,0.9067140198849044,0.9067140198849044,2.3034066474411907,-0.057294688044924526
0.08940000000000001,90.05141898328384,89.99534274658085,4.543631750387337,-184.099973124879,-0.41553480566015755,-0.0001167633523228488,11.99134285373798,-0.613205791191508,-14.107663155128806,0.7214288551684067,0.7214288551684067,1.5145439167957786,-0.05113737457688965
0.0896,90.05211674756517,89.99687999723345,2.4340156633817034,-161.3552394400302,-0.3642161630730292,-0.00011834785028637394,11.993340113776247,-0.5382931134327762,-12.365363561121361,0.5549905186461386,0.5549905186461386,0.8113385544605678,-0.044882668908427056
0.0898,90.05241865193632,89.99803741582738,0.5850314850375885,-138.28970194115146,-0.31217224371636865,-0.00011903342114501609,11.995099736772534,-0.46216820652173335,-10.598440373086591,0.4083552689554304,0.4083552689554304,0.1950104950125295,-0.038529751036991945
0.09000000000000001,90.05237719041207,89.99886755232836,-0.9996443587981373,-114.90191044095815,-0.25939988769866984,-0.00011893926943529136,11.996609975647008,-0.38482444613125644,-8.80678631075731,0.2825020294160836,0.2825020294160836,-0.3332147862660457,-0.0320777658782311
0.0902,90.05204559395447,89.99942369332834,-2.3163188201875413,-91.19041475598553,-0.2058959367801658,-0.00011818627315539286,11.997858803995864,-0.30625520159639946,-6.990294149943901,0.1784330003447121,0.1784330003447121,-0.7721062733958471,-0.02552582144860729
0.09040000000000001,90.05147783379722,89.9997598653691,-3.361282229126221,-67.15376470651579,-0.1516572343802189,-0.00011689699132039883,11.998833908330347,-0.22645383592535429,-5.148856722785211,0.09717430580443852,0.09717430580443852,-1.1204274097087406,-0.018872986963186126
0.0906,90.05072862477006,89.99993083826894,-4.130808293567056,-42.790510116533696,-0.09668062558477576,-0.00011519567151666417,11.999522679876415,-0.14541370581050758,-3.2823669180016464,0.039776676965399896,0.039776676965399896,-1.3769360978556855,-0.012118290842882528
0.0908,90.04985342862321,89.99999212844618,-4.621154099443459,-18.0992008136718,-0.04096295715379654,-0.00011320825745534101,11.999912205907112,-0.06312816163945972,-1.3907176811474136,0.007316174407268669,0.007316174407268669,-1.5403846998144866,-0.005260718624956612
0.091,90.04890845735177,90.0,-4.828560110691997,5.376159984387573,0.012011567055300015,-0.00011106239652452632,11.999993783899601,0.015243000025785694,0.40780011607500055,0.0005180083666532214,0.0005180083666532214,-1.6095200368973324,0.0012702506601492774
0.0912,90.04794890556612,90.0,-4.766959685294337,5.316945305686993,0.011880239023659441,-0.00010888342581992864,11.999993917206123,0.015080996060308915,0.4033414483341169,0.0005068994897209351,0.0005068994897209351,-1.5889865617647787,0.0012567503087384999
0.09140000000000001,90.04700160601544,90.0,-4.706037736211608,5.2583358116880055,0.011750247545787554,-0.0001067322777224466,11.999994047744158,0.01492061359693104,0.3989281574187133,0.0004960213201855083,0.0004960213201855083,-1.5686792454038694,0.0012433850831564304
0.0916,90.04606642369794,90.0,-4.64578732934984,5.2003255905307375,0.01162157960064106,-0.00010460864566880276,11.999994175569697,0.014761837009915115,0.3945598012563323,0.0004853691919841257,0.0004853691919841257,-1.5485957764499465,0.0012301536812382911
0.0918,90.0451432249918,90.0,-4.5862015983517,5.142908786396159,0.011494222290376931,-0.0001025122262294171,11.999994300737622,0.014604650820243991,0.39023594195724154,0.0004749385313828181,0.0004749385313828181,-1.5287338661172332,0.0012170548130465582
0.092,90.04423187764183,90.0,-4.527273743954393,5.086079598984702,0.011368162839207569,-0.00010044271907790213,11.999994423301738,0.014449039694263636,0.38595614577556564,0.00046472485518220355,0.00046472485518220355,-1.509091247984798,0.0012040872007578864
0.0922,90.04333225074602,90.0,-4.468997033353543,5.029832283001813,0.011243388592271489,-9.839982696067368e-05,11.999994543314774,0.014294988442346267,0.3817199830709456,0.0004547237689580211,0.0004547237689580211,-1.4896656777845145,0.001191249578551687
0.09240000000000001,90.0424442147423,90.0,-4.411364799572953,4.974161147647464,0.011119887014512582,-9.6383255666908e-05,11.999994660828417,0.014142482017563077,0.37752702827048895,0.000444930965335182,0.000444930965335182,-1.4704549331909842,0.0011785406924995044
0.0926,90.04156764139555,90.0,-4.354370440840225,4.9190605561095655,0.010997645689567827,-9.439271399884578e-05,11.999994775893331,0.013991505514366391,0.3733768598310065,0.0004353422222947118,0.0004353422222947118,-1.4514568136134083,0.001165959300455179
0.09280000000000001,90.04070240378445,90.0,-4.298007419968183,4.864524925063361,0.010876652318668313,-9.242791374226904e-05,11.999994888559183,0.013842044167288478,0.369269060201702,0.0004259534015133892,0.0004259534015133892,-1.4326691399893945,0.0011535041719463988
0.093,90.03984837628883,90.0,-4.24226926374203,4.810548724174202,0.010756894719547497,-9.048856963735376e-05,11.999994998874639,0.01369408334964803,0.3652032157871064,0.0004167604467349475,0.0004167604467349475,-1.414089754580677,0.001141174088066892
0.0932,90.03900543457677,90.0,-4.187149562312203,4.757126475605794,0.010638360825361619,-8.857439934972459e-05,11.999995106887415,0.013547608572271672,0.36117891691042536,0.00040775938217267013,0.00040775938217267013,-1.3957165207707345,0.0011289678413698688
0.09340000000000001,90.03817345559199,90.0,-4.132641968592858,4.704252753533118,0.010521038683620358,-8.668512344176941e-05,11.999995212644269,0.013402605482227636,0.3571957577772344,0.000398946310942627,0.000398946310942627,-1.377547322864286,0.0011168842357624819
0.0936,90.03735231754152,90.0,-4.078740197665945,4.651922183657451,0.010404916455121798,-8.48204653444161e-05,11.999995316191038,0.013259059861562901,0.35325333643932033,0.0003903174135264972,0.0003903174135264972,-1.3595800658886483,0.0011049220864005726
0.09380000000000001,90.03654189988312,90.0,-4.025438026190829,4.600129442729503,0.010289982412905683,-8.298015132888033e-05,11.999995417572645,0.013116957626064456,0.3493512547591436,0.00038186894626457,0.00038186894626457,-1.341812675396943,0.0010930802195854297
0.094,90.03574208331318,90.0,-3.9727292918193857,4.548869258074147,0.010176224941209799,-8.116391047890441e-05,11.99999551683312,0.012976284824022341,0.34548911837440677,0.0003735972398771204,0.0003735972398771204,-1.3242430972731285,0.0010813574726606955
0.0942,90.0349527497545,90.0,-3.9206078926165326,4.498136407120263,0.010063632534437667,-7.937147466319834e-05,11.999995614015624,0.012837027635006545,0.3416665366630072,0.0003654986980142983,0.0003654986980142983,-1.3068692975388443,0.0010697526939104289
0.0944,90.03417378234427,90.0,-3.8690677864861525,4.447925716934906,0.00995219379613573,-7.760257850814061e-05,11.99999570916245,0.012699172368655132,0.33788312270831183,0.000357569795833851,0.000357569795833851,-1.2896892621620508,0.0010582647424581023
0.0946,90.03340506542217,90.0,-3.8181029906023545,4.3982320637627925,0.00984189743798236,-7.585695937065249e-05,11.999995802315055,0.012562705463477056,0.3341384932648332,0.00034980707860633487,0.00034980707860633487,-1.2727009968674516,0.0010468924881668242
0.09480000000000001,90.03264648451861,90.0,-3.7677075808460105,4.349050372567475,0.009732732278780187,-7.413435731153444e-05,11.999995893514075,0.012427613485657109,0.3304322687240187,0.000342207160346648,0.000342207160346648,-1.25590252694867,0.0010356348115397405
0.095,90.03189792634296,90.0,-3.7178756912465465,4.300375616579495,0.009624687243464169,-7.24345150688312e-05,11.99999598279933,0.012293883127881404,0.32676407308057365,0.00033476672247234764,0.00033476672247234764,-1.2392918970821822,0.0010244906036221452
0.0952,90.03115927877208,90.0,-3.6686015134289147,4.252202816847155,0.009517751362115136,-7.075717803157261e-05,11.99999607020985,0.012161501208168243,0.3231335338989707,0.00032748251248746314,0.00032748251248746314,-1.2228671711429715,0.0010134587659040432
0.0954,90.03043043083875,90.0,-3.6198792960657102,4.204527041791271,0.009411913768982108,-6.910209421377411e-05,11.999996155783887,0.012030454668709256,0.31954028228025677,0.00032035134269158184,0.00032035134269158184,-1.2066264320219036,0.0010025382102235665
0.0956,90.02971127272036,90.0,-3.5717033443343906,4.157343406764918,0.00930716370151565,-6.746901422861084e-05,11.999996239558932,0.011900730574724192,0.315983952829235,0.000313370088913903,0.000313370088913903,-1.1905677814447968,0.00099172785867153
0.09580000000000001,90.02900169572773,90.0,-3.524068019379539,4.110647073615963,0.009203490499407172,-6.585769126293805e-05,11.999996321571729,0.011772316113321869,0.31246418362184847,0.0003065356892714163,0.0003065356892714163,-1.1746893397931797,0.0009810266434965007
0.096,90.02830159229384,90.0,-3.4769677377801407,4.064433250255165,0.009100883603640688,-6.426788105192726e-05,11.999996401858285,0.011645198592376898,0.30898061617298633,0.000299845142951227,0.000299845142951227,-1.1589892459267135,0.0009704335070111818
0.09620000000000001,90.0276108559629,90.0,-3.430396971021805,4.018697190226929,0.008999332555550183,-6.269934185404888e-05,11.999996480453891,0.01151936543941214,0.30553289540448153,0.00029329550901608135,0.00029329550901608135,-1.1434656570072685,0.0009599474014992736
0.0964,90.0269293813794,90.0,-3.384350244973912,3.973434192284436,0.008898826995886651,-6.115183442625715e-05,11.999996557393137,0.011394804200492867,0.3021206696134357,0.0002868839052329496,0.0002868839052329496,-1.1281167483246373,0.000949567289123311
0.0966,90.02625706427722,90.0,-3.338822139371618,3.92863959996873,0.008799356663893828,-5.9625121999405925e-05,11.999996632709916,0.011271502539131228,0.29874359044083987,0.0002806075069241652,0.0002806075069241652,-1.1129407131238727,0.000939292141833362
0.09680000000000001,90.02559380146899,90.0,-3.293807287302693,3.884308801192403,0.008700911396394112,-5.81189702538381e-05,11.99999670643745,0.011149448235203288,0.2954013128405409,0.00027446354584079657,0.00027446354584079657,-1.097935762434231,0.0009291209412767687
0.097,90.02493949083541,90.0,-3.249300374699121,3.8404372278246193,0.008603481126877064,-5.6633147295407965e-05,11.999996778608292,0.011028629183867322,0.2920934950482954,0.00026844930905731785,0.00026844930905731785,-1.083100124899707,0.000919052678708
0.09720000000000001,90.02429403131481,90.0,-3.205296139833459,3.7970203552831263,0.008507055884603694,-5.516742363147492e-05,11.999996849254345,0.010909033394503031,0.28881979855136,0.00026256213788807827,0.00026256213788807827,-1.068432046611153,0.0009090863549002429
0.0974,90.02365732289265,90.0,-3.1617893728198707,3.754053702127467,0.008411625793713028,-5.37215721473303e-05,11.999996918406879,0.010790648989651635,0.28557988805815837,0.0002567994268242451,0.0002567994268242451,-1.053929790939957,0.0008992209800570684
0.0976,90.0230292665912,90.0,-3.1187749151198165,3.7115328296583416,0.008317181072342493,-5.229536808265317e-05,11.99999698609653,0.010673464203973982,0.282373431468418,0.00025115862249160863,0.00025115862249160863,-1.0395916383732722,0.0008894555737256019
0.0978,90.02240976445941,90.0,-3.076247659052341,3.669453341517341,0.008223712031748657,-5.0888589008457125e-05,11.99999705235333,0.010557467383206755,0.2792000998433186,0.00024563722262797063,0.00024563722262797063,-1.0254158863507803,0.0008797891647095298
0.098,90.02179871956272,90.0,-3.03420254730894,3.6278108832938005,0.008131209075444078,-4.950101480397938e-05,11.9999971172067,0.010442646983140135,0.27605956737618786,0.00024023277508077945,0.00024023277508077945,-1.01140084910298,0.0008702207909839001
0.09820000000000001,90.02119603597299,90.0,-2.992634572472937,3.586601142133309,0.008039662698337514,-4.813242763394524e-05,11.999997180685478,0.010328991568598032,0.2729515113633107,0.00023494287682379922,0.00023494287682379922,-0.997544857490979,0.0008607494996101331
0.0984,90.02060161875869,90.0,-2.9515387765433414,3.5458198463496595,0.007949063485881641,-4.6782611926063817e-05,11.999997242817923,0.010216489812427103,0.269875612174994,0.00022976517299273095,0.00022976517299273095,-0.9838462588477804,0.0008513743466517661
0.09860000000000001,90.02001537397494,90.0,-2.910910250463155,3.505462765041561,0.007859402113231424,-4.545135434863912e-05,11.99999730363173,0.010105130494499188,0.2668315532269928,0.00022469735593962412,0.00022469735593962412,-0.9703034168210517,0.0008420943970913168
0.0988,90.01943720865387,90.0,-2.870744133652071,3.4655257077119583,0.00777066934440803,-4.4138443788470155e-05,11.999997363154028,0.009994902500719617,0.2638190209521245,0.0002197371643054039,0.0002197371643054039,-0.956914711217357,0.0008329087247476361
0.099,90.01886703079487,90.0,-2.831035613543533,3.426004523891291,0.0076828560314714895,-4.284367132892422e-05,11.999997421411415,0.009885794822046197,0.2608377047721802,0.00021488238211037427,0.00021488238211037427,-0.9436785378478443,0.0008238164121941495
0.09920000000000001,90.01830474935512,90.0,-2.791779925126108,3.38689510276358,0.007595953113699457,-4.1566830228270235e-05,11.999997478429947,0.00977779655351496,0.2578872970700433,0.00021013083786219886,0.00021013083786219886,-0.9305933083753694,0.0008148165506776644
0.0994,90.01775027424013,90.0,-2.7529723504891517,3.348193372796739,0.007509951616775341,-4.030771589815649e-05,11.999997534235156,0.009670896893277488,0.2549674931621258,0.0002054804036812256,0.0002054804036812256,-0.9176574501630506,0.0008059082400381412
0.09960000000000001,90.01720351629426,90.0,-2.714608218372701,3.309895301375581,0.007424842651982262,-3.906612588234835e-05,11.999997588852068,0.009565085141644681,0.2520779912710027,0.0002009289944426196,0.0002009289944426196,-0.9048694061242336,0.0007970905886290004
0.0998,90.01666438729153,90.0,-2.676682903721576,3.271996894439289,0.007340617415406958,-3.78418598355815e-05,11.999997642305196,0.009460350700143002,0.2492184924983844,0.00019647456693522834,0.00019647456693522834,-0.8922276345738586,0.0007883627132384729
0.1,90.0161327999264,90.0,-2.6391918272436334,3.2344941961204166,0.0072572671871467855,-3.6634719502761876e-05,11.999997694618571,0.009356683070573137,0.24638870079819336,0.0001921151190364661,0.0001921151190364661,-0.8797306090812113,0.000779723739011147
0.10020000000000001,90.01560866780464,90.0,-2.60213045497216,3.1973832883889552,0.00717478333052809,-3.544450869822332e-05,11.999997745815733,0.009254071854083293,0.24358832295002777,0.00018784868890339687,0.00018784868890339687,-0.8673768183240532,0.0007711727993707404
0.1004,90.01509190543435,90.0,-2.565494297832338,3.1606602906988988,0.00709315729132994,-3.427103328524518e-05,11.99999779591975,0.009152506750248314,0.24081706853280663,0.00018367335417936132,0.00018367335417936132,-0.8551647659441127,0.0007627090359433531
0.10060000000000001,90.01458242821695,90.0,-2.5292789112117675,3.1243213596376203,0.007012380597013977,-3.311410115580112e-05,11.999997844953224,0.009051977556155687,0.2380746498986227,0.00017958723121590324,0.00017958723121590324,-0.8430929704039225,0.0007543315984812972
0.1008,90.01408015243845,90.0,-2.493479894535,3.0883626885794335,0.0069324448559635755,-3.197352221042333e-05,11.999997892938307,0.008952474165503235,0.23536078214691153,0.00017558847430988405,0.00017558847430988405,-0.831159964845,0.0007460396447878993
0.101,90.01358499526054,90.0,-2.458092890842043,3.0527805073418603,0.006853341756728882,-3.084910833829796e-05,11.999997939896701,0.008853986567703417,0.23267518309882007,0.00017167527495530718,0.00017167527495530718,-0.8193642969473477,0.0007378323406428546
0.1012,90.01309687471205,90.0,-2.423113586370807,3.0175710818441948,0.006775063067276754,-2.9740673397620434e-05,11.999997985849667,0.008756504846992813,0.23001757327174166,0.0001678458611095273,0.0001678458611095273,-0.8077045287902689,0.000729708859728013
0.1014,90.01261570968022,90.0,-2.3885377101434564,2.982730713771176,0.006697600634252209,-2.8648033195979725e-05,11.999998030818043,0.008660019181556577,0.22738767585424166,0.00016409849647392501,0.00016409849647392501,-0.7961792367144855,0.0007216683835544114
0.10160000000000001,90.01214141990228,90.0,-2.3543610335566245,2.9482557402384915,0.006620946382243693,-2.7571005471031435e-05,11.999998074822242,0.00856451984265653,0.22478521668111306,0.00016043147978836306,0.00016043147978836306,-0.7847870111855415,0.0007137101013896119
0.1018,90.011673925957,90.0,-2.3205793699754502,2.9141425334604265,0.006545092313052934,-2.6509409871430903e-05,11.99999811788227,0.008469997193764007,0.2222099242085873,0.0001568431441392091,0.0001568431441392091,-0.7735264566584834,0.0007058332101854337
0.10200000000000001,90.01121314925628,90.0,-2.28718857433143,2.8803875004228408,0.006470030504976804,-2.5463067937766327e-05,11.999998160017725,0.008376441689708492,0.21966152948995324,0.0001533318562810561,0.0001533318562810561,-0.7623961914438099,0.0006980369145070035
0.1022,90.01075901203696,90.0,-2.2541845427240155,2.846987082557106,0.006395753112091,-2.4431803083838454e-05,11.99999820124781,0.008283843875826959,0.21713976615123767,0.00014989601597135125,0.00014989601597135125,-0.7513948475746719,0.0006903204264618615
0.1024,90.01031143735254,90.0,-2.221563212025945,2.8139377554185514,0.006322252363543831,-2.3415440577998145e-05,11.999998241591335,0.008192194387126213,0.21464437036722883,0.00014653405531811706,0.00014653405531811706,-0.740521070675315,0.0006826829656301546
0.10260000000000001,90.00987034906515,90.0,-2.18932055949226,2.781236028366502,0.0062495205628533,-2.2413807524772725e-05,11.999998281066741,0.00810148394744817,0.21217508083761205,0.0001432444381401717,0.0001432444381401717,-0.7297735198307533,0.0006751237589950711
0.1028,90.00943567183744,90.0,-2.1574526023729894,2.748878444248723,0.006177550087214074,-2.142673284655018e-05,11.999998319692088,0.008011703368647838,0.2097316387634408,0.0001400256593399428,0.0001400256593399428,-0.7191508674576632,0.0006676420408743369
0.10300000000000001,90.00900733112464,90.0,-2.1259553975294474,2.716861579087007,0.006106333386806696,-2.0454047265581054e-05,11.999998357485069,0.007922843549772728,0.20731378782368415,0.00013687624428825856,0.00013687624428825856,-0.7086517991764824,0.0006602370528518287
0.1032,90.00858525316671,90.0,-2.0948250410541336,2.685182041767433,0.006035862984117312,-1.9495583286009284e-05,11.99999839446302,0.007834895476255904,0.204921274152131,0.00013379474822129526,0.00013379474822129526,-0.6982750136847111,0.000652908043710326
0.1034,90.0081693649805,90.0,-2.0640576678941844,2.653836473732029,0.005966131473260268,-1.8551175176191887e-05,11.999998430642933,0.007747850219111458,0.20255384631439183,0.00013077975564908026,0.00013077975564908026,-0.6880192226313948,0.0006456542693644623
0.10360000000000001,90.00775959435202,90.0,-2.0336494514783547,2.6228215486746578,0.0058971315193101686,-1.7620658951076414e-05,11.999998466041443,0.00766169893414209,0.2002112552852218,0.00012782987977564764,0.00012782987977564764,-0.677883150492785,0.000638474992794689
0.1038,90.00735586982879,90.0,-2.0035966033474857,2.592133972238571,0.005828855857637442,-1.6703872354838413e-05,11.999998500674856,0.007576432861150062,0.19789325442596256,0.00012494376193034304,0.00012494376193034304,-0.667865534449162,0.0006313694839815171
0.10400000000000001,90.0069581207122,90.0,-1.9738953727884367,2.5617704817166675,0.005761297293249817,-1.580065484369221e-05,11.999998534559147,0.007492043323155084,0.19559959946218516,0.00012212007101018452,0.00012212007101018452,-0.6579651242628123,0.0006243370198403382
0.1042,90.00656627705011,90.0,-1.944542046471452,2.5317278457554826,0.00569444870014214,-1.491084756878835e-05,11.999998567709966,0.007408521725622725,0.1933300484616159,0.00011935750293317812,0.00011935750293317812,-0.6481806821571506,0.0006173768841571236
0.1044,90.00618026962933,90.0,-1.9155329480909198,2.5020028640610703,0.005628303020650207,-1.4034293359342162e-05,11.99999860014264,0.0073258595556969916,0.1910843618121984,0.00011665478010218395,0.00011665478010218395,-0.6385109826969733,0.0006104883675244688
0.1046,90.00580002996824,90.0,-1.8868644380095,2.4725923671085273,0.005562853264812741,-1.3170836705848951e-05,11.99999863187219,0.007244048381443193,0.18886230220043257,0.0001140106508793184,0.0001140106508793184,-0.6289548126698333,0.0006036707672784965
0.1048,90.00542549030952,90.0,-1.8585329129055814,2.4434932158529614,0.005498092509736345,-1.2320323743559219e-05,11.999998662913331,0.0071630798510934415,0.1866636345898142,0.00011142388907046363,0.00011142388907046363,-0.6195109709685271,0.0005969233874359788
0.10500000000000001,90.00505658361291,90.0,-1.8305348054240493,2.4147023014440263,0.005434013898968426,-1.1482602236040518e-05,11.999998693280478,0.007082945692302229,0.18448812619954535,0.00010889329341991433,0.00010889329341991433,-0.610178268474683,0.0005902455386322998
0.1052,90.00469324354809,90.0,-1.8028665838303246,2.38621654494217,0.005370610641873738,-1.0657521558970447e-05,11.999998722987755,0.007003637711405625,0.18233554648336767,0.00010641768711477971,0.00010641768711477971,-0.6009555279434415,0.0005836365380597192
0.10540000000000001,90.00433540448753,90.0,-1.775524751667654,2.358032897039079,0.005307876013020352,-9.8449326839585e-06,11.999998752048992,0.006925147792692729,0.18020566710871566,0.00010399591729920439,0.00010399591729920439,-0.591841583889218,0.0005770957094066584
0.1056,90.00398300149953,90.0,-1.7485058474176027,2.330148337778677,0.00524580335156658,-9.044688162685704e-06,11.999998780477744,0.006847467897676841,0.17809826193590242,0.00010162685459786202,0.00010162685459786202,-0.5828352824725341,0.0005706223827969614
0.1058,90.00363597034121,90.0,-1.7218064441637448,2.302559876282949,0.005184386060658777,-8.256642111015365e-06,11.999998808287287,0.006770590064381054,0.17601310699767453,9.930939264896336e-05,9.930939264896336e-05,-0.573935481387915,0.0005642158947303591
0.10600000000000001,90.00329424745162,90.0,-1.6954231492584944,2.2752645504775297,0.005123617606828256,-7.480650193479362e-06,11.99999883549063,0.00669450640662088,0.17394998047873708,9.704244764611016e-05,9.704244764611016e-05,-0.5651410497528314,0.0005578755880226858
0.1062,90.00295776994498,90.0,-1.6693526039930806,2.2482594268231053,0.005063491519401414,-6.716569607648888e-06,11.999998862100504,0.006619209113304779,0.17190866269572705,9.482495788940545e-05,9.482495788940545e-05,-0.5564508679976936,0.0005516008117475887
0.10640000000000001,90.00262647560392,90.0,-1.6435914832706018,2.2215416000461357,0.005004001389907927,-5.964259068909632e-06,11.9999988881294,0.006544690447730197,0.169888936077121,9.26558833450277e-05,9.26558833450277e-05,-0.5478638277568673,0.0005453909211778606
0.1066,90.00230030287268,90.0,-1.6181364952821617,2.1951081928742426,0.0049451408714994895,-5.223578795208064e-06,11.999998913589536,0.006470942746893624,0.1678905851435012,9.053420521361444e-05,9.053420521361444e-05,-0.5393788317607205,0.0005392452777279446
0.1068,90.00197919085063,90.0,-1.5929843811860411,2.168956355772987,0.004886903678371453,-4.494390492028839e-06,11.999998938492894,0.0063979584208032955,0.16591339648791972,8.845892550697833e-05,8.845892550697833e-05,-0.5309947937286804,0.0005331632488966561
0.10700000000000001,90.00166307928563,90.0,-1.5681319147898838,2.1430832666854376,0.0048292835851906435,-3.7765573374877496e-06,11.999998962851201,0.0063257299517994955,0.1639571587564725,8.642906663313047e-05,8.642906663313047e-05,-0.5227106382632947,0.0005271442082105399
0.1072,90.00135190856753,90.0,-1.5435759022358657,2.117486130773772,0.004772274426527585,-3.0699439675980086e-06,11.999998986675948,0.006254249893879794,0.16202166262902296,8.444367098938312e-05,8.444367098938312e-05,-0.5145253007452886,0.0005211875351676383
0.10740000000000001,90.00104561972175,90.0,-1.5193131816888257,2.092162180164305,0.004715870096296398,-2.3744164615943143e-06,11.999999009978392,0.00618351087203409,0.16010670080018638,8.250180056350222e-05,8.250180056350222e-05,-0.5064377272296086,0.0005152926151820761
0.1076,90.00074415440292,90.0,-1.4953406230273179,2.067108673693395,0.004660064547196411,-1.6898423275169084e-06,11.999999032769562,0.006113505581580644,0.158212067960372,8.060253654253142e-05,8.060253654253142e-05,-0.4984468743424393,0.0005094588395287284
0.1078,90.00044745488854,90.0,-1.4716551275375753,2.0423228966563505,0.004604851790160439,-1.0160904878823068e-06,11.999999055060254,0.006044226787510465,0.15633756077705196,7.874497892933026e-05,7.874497892933026e-05,-0.4905517091791918,0.0005036856052885844
0.108,90.00015546407276,90.0,-1.448253627610349,2.017802160558934,0.00455022589380883,-3.530312654695798e-07,11.999999076861045,0.005975667323838702,0.15448297787622572,7.692824616664334e-05,7.692824616664334e-05,-0.48275120920344966,0.0004979723152946954
0.1082,89.99986812546015,90.0,-1.4251330864405969,1.993543802871416,0.004496180983909109,2.994636307778128e-07,11.999999098182304,0.005907820092962842,0.15264811982407472,7.515147476854983e-05,7.515147476854983e-05,-0.4750443621468656,0.000492318378078689
0.10840000000000001,89.99958538315961,90.0,-1.402290497729988,1.9695451867837301,0.00444271124283791,9.415211196190702e-07,11.999999119034172,0.005840678065022788,0.1508327891086945,7.341381895903548e-05,7.341381895903548e-05,-0.467430165909996,0.0004867232078174418
0.1086,89.99930718187827,90.0,-1.3797228853922134,1.945803700963823,0.004389810909050012,1.5732667613253261e-06,11.999999139426595,0.005774234277270002,0.14903679012206833,7.171445031772424e-05,7.171445031772424e-05,-0.4599076284640712,0.00048118622428050577
0.10880000000000001,89.99903346691545,90.0,-1.3574273032610675,1.9223167593177481,0.004337474276551173,2.1948247713155887e-06,11.99999915936931,0.005708481833440793,0.14725992914216945,7.00525574325152e-05,7.00525574325152e-05,-0.45247576775368925,0.00047570685277788103
0.109,89.9987641841568,90.0,-1.335400834801274,1.899081800752527,0.004285695694377079,2.8063180337060153e-06,11.999999178871853,0.005643413903137218,0.1455020143152712,6.842734555907429e-05,6.842734555907429e-05,-0.4451336116004247,0.0004702845241084231
0.1092,89.99849928006832,90.0,-1.3136405928220325,1.8760962889406751,0.004234469566075905,3.407868114685851e-06,11.999999197943565,0.0055790237212119,0.1437628556383795,6.68380362869632e-05,6.68380362869632e-05,-0.43788019760734415,0.00046491867450857625
0.10940000000000001,89.99823870169051,90.0,-1.2921437191932617,1.8533577120874247,0.004183790349196847,3.999595275806704e-06,11.999999216593594,0.005515304587160262,0.14204226494186828,6.528386721235992e-05,6.528386721235992e-05,-0.4307145730644205,0.0004596087456017248
0.1096,89.99798239663268,90.0,-1.2709073845645096,1.8308635826991921,0.004133652554781263,4.581618487069591e-06,11.9999992348309,0.0054522498645152235,0.14034005587220338,6.37640916171327e-05,6.37640916171327e-05,-0.4236357948548365,0.00045435418434775046
0.10980000000000001,89.99773031306711,90.0,-1.2499287880865178,1.808611437355386,0.004084050746861319,5.154055439983103e-06,11.999999252664262,0.0053898529802516035,0.13865604387492134,6.227797815430839e-05,6.227797815430839e-05,-0.4166429293621726,0.00044915444299339756
0.11,89.99748239972342,90.0,-1.2292051571353981,1.7865988364810281,0.0040349795419602355,5.7170225603904485e-06,11.999999270102274,0.005328107424191519,0.13699004617766233,6.082481053961938e-05,6.082481053961938e-05,-0.4097350523784661,0.00044400897902272196
0.1102,89.99723860588303,90.0,-1.2087337470394166,1.7648233641226567,0.003986433608599898,6.270635021267614e-06,11.999999287153353,0.005267006748419321,0.13534188177345335,5.940388724920088e-05,5.940388724920088e-05,-0.40291124901313885,0.00043891725510833456
0.11040000000000001,89.99699888137344,90.0,-1.1885118408083433,1.7432826277256825,0.003938407666811584,6.815006755348189e-06,11.999999303825746,0.005206544566699773,0.133711371404097,5.801452122318272e-05,5.801452122318272e-05,-0.3961706136027811,0.00043387873906291504
0.1106,89.99676317656287,90.0,-1.1685367488653553,1.721974257913884,0.0038908964876513755,7.350250467632631e-06,11.999999320127525,0.005146714553901849,0.13209833754371955,5.6656039575115186e-05,5.6656039575115186e-05,-0.3895122496217851,0.00042889290379119406
0.11080000000000001,89.99653144235468,90.0,-1.1488058087814639,1.7008959082713675,0.003843894892721064,7.876477647810868e-06,11.999999336066601,0.00508751044542931,0.13050260438250527,5.5327783307140634e-05,5.5327783307140634e-05,-0.3829352695938213,0.00042395922724250006
0.111,89.9963036301821,90.0,-1.1293163850124417,1.6800452551248153,0.003797397753689423,8.39379858242489e-06,11.999999351650715,0.005028926036650513,0.1289239978104434,5.402910703064545e-05,5.402910703064545e-05,-0.3764387950041473,0.0004190771923632426
0.11120000000000001,89.99607969200275,90.0,-1.1100658686382432,1.659419997330641,0.0037513999918246765,8.902322367146907e-06,11.999999366887454,0.004970955182343493,0.12736234540145508,5.275937869261747e-05,5.275937869261747e-05,-0.37002195621274775,0.00041424628705066785
0.1114,89.99585958029343,90.0,-1.091051677104866,1.6390178560616395,0.0037058965775255007,9.402156918739718e-06,11.99999938178425,0.004913591796137578,0.1258174763974707,5.15179793072143e-05,5.15179793072143e-05,-0.3636838923682887,0.0004094660041063259
0.1116,89.99564324804479,90.0,-1.072271253968654,1.6188365745970494,0.0036608825298597176,9.893408987017091e-06,11.999999396348368,0.004856829849965104,0.1242892216927682,5.0304302692720117e-05,5.0304302692720117e-05,-0.3574237513228847,0.0004047358411903796
0.11180000000000001,89.99543064875625,90.0,-1.053722068643009,1.5988739181131386,0.0036163529161039433,1.0376184166573002e-05,11.999999410586938,0.004800663373513285,0.12277741381834377,4.911775521358778e-05,4.911775521358778e-05,-0.3512406895476697,0.0004000553007759254
0.112,89.99522173643076,90.0,-1.0354016161474988,1.5791276734774853,0.0035723028512915905,1.08505869085398e-05,11.999999424506933,0.004745086453687174,0.12128188692656636,4.795775552768544e-05,4.795775552768544e-05,-0.3451338720491663,0.00039542389010424004
0.11220000000000001,89.9950164655697,90.0,-1.0173074168593248,1.559595649044427,0.003528727497763331,1.1316720532173009e-05,11.999999438115188,0.004690093234075039,0.11980247677591557,4.6823734338474904e-05,4.6823734338474904e-05,-0.3391024722864416,0.0003908411211402274
0.1124,89.99481479116791,90.0,-0.9994370162671306,1.5402756744509336,0.0034856220647182874,1.1774687236205023e-05,11.99999945141839,0.004635677914413576,0.11833902071574434,4.571513415198238e-05,4.571513415198238e-05,-0.3331456720890435,0.0003863065105278519
0.1126,89.99461666870863,90.0,-0.9817879847271526,1.5211656004168173,0.003442981807775078,1.2224588110285465e-05,11.999999464423091,0.004581834750066474,0.11689135767137612,4.463140903872605e-05,4.463140903872605e-05,-0.32726266157571754,0.00038181957954668537
0.11280000000000001,89.99442205415853,90.0,-0.9643579172216574,1.5022632985460023,0.0034008020285350928,1.2666523146248234e-05,11.999999477135708,0.00452855805150509,0.11545932812927785,4.357202440028875e-05,4.357202440028875e-05,-0.3214526390738858,0.0003773798540686284
0.113,89.9942309039629,90.0,-0.9471444331196568,1.4835666611277794,0.0033590780741454586,1.3100591249118502e-05,11.99999948956252,0.0044758421837874495,0.11404277412222237,4.2536456740382366e-05,4.2536456740382366e-05,-0.3157148110398856,0.00037298686451449375
0.11320000000000001,89.9940431750407,90.0,-0.9301451759399004,1.4650736009430154,0.0033178053368733327,1.3526890248264198e-05,11.999999501709677,0.004423681566052831,0.11264153921483538,4.1524193440632345e-05,4.1524193440632345e-05,-0.3100483919799668,0.00036864014581188735
0.1134,89.99385882477982,90.0,-0.9133578131160882,1.4467820510695553,0.0032769792536780458,1.3945516908229693e-05,11.999999513583209,0.004372070671011986,0.11125546848906946,4.0534732540627775e-05,4.0534732540627775e-05,-0.3044526043720294,0.0003643392373527257
0.1136,89.9936778110323,90.0,-0.8967800357643128,1.428689964690737,0.0032365953057902743,1.435656693956948e-05,11.99999952518901,0.004321004024446607,0.10988440852991672,3.956758252240236e-05,3.956758252240236e-05,-0.2989266785881043,0.00036008368295152473
0.11380000000000001,89.99350009210956,90.0,-0.8804095584526958,1.4107953149055479,0.0031966490182947873,1.4760135009566306e-05,11.999999536532854,0.0042704762047129155,0.10852820741124279,3.862226209916748e-05,3.862226209916748e-05,-0.29346985281756527,0.00035587303080403113
0.114,89.99332562677785,90.0,-0.8642441189731992,1.393096094540044,0.003157135959715902,1.515631475280485e-05,11.9999995476204,0.004220481842248119,0.10718671468171273,3.769830000819503e-05,3.769830000819503e-05,-0.2880813729910664,0.000351706833446093
0.11420000000000001,89.99315437425352,90.0,-0.8482814781155978,1.3755903159607186,0.0031180517416072463,1.5545198781658737e-05,11.999999558457182,0.004171015619082119,0.10585978135086331,3.679523480781171e-05,3.679523480781171e-05,-0.28276049270519926,0.00034758464771296867
0.1144,89.9929862941985,90.0,-0.8325194194435899,1.358276010890502,0.0030793920181474196,1.5926878696748653e-05,11.999999569048624,0.004122072268356805,0.10454725987537536,3.591261467846396e-05,3.591261467846396e-05,-0.2775064731478633,0.00034350603469926694
0.11460000000000001,89.99282134671574,90.0,-0.816955749073015,1.3411512302245074,0.0030411524857348253,1.6301445097140475e-05,11.999999579400033,0.004073646573843024,0.10324900414531815,3.5049997227608924e-05,3.5049997227608924e-05,-0.27231858302433837,0.00033947055971869416
0.1148,89.99265949234479,90.0,-0.8015882954521852,1.3242140438494343,0.003003328882590805,1.6668987590601146e-05,11.999999589516609,0.0040257333694687265,0.10196486947067548,3.4206949298583824e-05,3.4206949298583824e-05,-0.2671960984840618,0.0003354777922647324
0.115,89.99250069205719,90.0,-0.7864149091442837,1.307462540464086,0.002965916988365144,1.7029594803710147e-05,11.999999599403438,0.003978327538849536,0.10069471256795243,3.3383046783229785e-05,3.3383046783229785e-05,-0.26213830304809455,0.00033152730597151963
0.11520000000000001,89.99234490725226,90.0,-0.7714334626118197,1.290894827400626,0.0029289126237430564,1.7383354391797574e-05,11.999999609065506,0.003931424014820418,0.09943839154683218,3.257787443817887e-05,3.257787443817887e-05,-0.25714448753727326,0.00032761867857482167
0.1154,89.99219209975266,90.0,-0.7566418500031331,1.2745090304483389,0.0028923116500578026,1.77303530488534e-05,11.999999618507692,0.0038850177789746107,0.09819576589702417,3.179102570483328e-05,3.179102570483328e-05,-0.25221395000104435,0.00032375149187360955
0.11560000000000001,89.99204223180001,90.0,-0.7420379869409167,1.2583032936794996,0.0028561099689079924,1.807067651737888e-05,11.99999962773477,0.0038391038612084418,0.09696669647527136,3.102210253294095e-05,3.102210253294095e-05,-0.24734599564697224,0.0003199253316921266
0.1158,89.99189526605076,90.0,-0.7276198103127346,1.2422757792751877,0.0028203035217745365,1.8404409598006884e-05,11.999999636751419,0.0037936773392645527,0.09575104549234538,3.0270715207582858e-05,3.0270715207582858e-05,-0.2425399367709115,0.0003161397878418235
0.116,89.99175116557181,90.0,-0.7133852780635354,1.2264246673549528,0.0027848882896463613,1.8731636159208903e-05,11.999999645562214,0.0037487333382870648,0.09454867650033943,2.9536482179715545e-05,2.9536482179715545e-05,-0.23779509268784513,0.00031239445408428863
0.11620000000000001,89.99160989383644,90.0,-0.6993323689901183,1.2107481558056516,0.002749860292643978,1.905243914671314e-05,11.999999654171642,0.003704267030372526,0.09335945437988814,2.8819029899952112e-05,2.8819029899952112e-05,-0.23311078966337279,0.0003086889280938259
0.1164,89.99147141472005,90.0,-0.6854590825375596,1.1952444601140917,0.002715215589651706,1.9366900593009263e-05,11.999999662584088,0.0036602736341326495,0.09218324532768138,2.811799265576267e-05,2.811799265576267e-05,-0.2284863608458532,0.00030502281142101665
0.11660000000000001,89.99133569249614,90.0,-0.6717634385975559,1.1799118131998632,0.002680950277950132,1.967510162665095e-05,11.99999967080385,0.0036167484142563843,0.09101991684398597,2.743301241183969e-05,2.743301241183969e-05,-0.22392114619918532,0.0003013957094562243
0.1168,89.9912026918322,90.0,-0.658243477308685,1.1647484652501354,0.002647060492852928,1.9977122481500652e-05,11.999999678835136,0.0035736866810774258,0.08986933772031545,2.6763738653659408e-05,2.6763738653659408e-05,-0.21941449243622832,0.0002978072313935537
0.117,89.99107237778568,90.0,-0.644897258858557,1.149752683555675,0.0026135424073463146,2.02730425058588e-05,11.999999686682061,0.003531083790144661,0.0887313780271897,2.6109828234140437e-05,2.6109828234140437e-05,-0.21496575295285233,0.00029425699019505454
0.11720000000000001,89.99094471580004,90.0,-0.6317228632878459,1.134922752348777,0.0025803922317327766,2.0562940171535202e-05,11.999999694348658,0.0034889351417978997,0.08760590910203872,2.5470945223373668e-05,2.5470945223373668e-05,-0.2105742877626153,0.0002907446025553648
0.1174,89.99081967170072,90.0,-0.6187183902961779,1.1202569726427232,0.002547606213278137,2.0846893082833808e-05,11.99999970183887,0.0034472361807476163,0.0864928035372207,2.4846760761345073e-05,2.4846760761345073e-05,-0.2062394634320593,0.00028726968886668927
0.11760000000000001,89.99069721169131,90.0,-0.6058819590498586,1.1057536620723871,0.002515180635861098,2.1124977985421904e-05,11.999999709156565,0.003405982395657367,0.0853919351681237,2.4236952913575263e-05,2.4236952913575263e-05,-0.20196065301661956,0.0002838318731840003
0.1178,89.9905773023496,90.0,-0.5932117079914273,1.0914111547370346,0.0024831118196277026,2.139727077517041e-05,11.99999971630552,0.003365169318732532,0.08430317906143435,2.3641206529669454e-05,2.3641206529669454e-05,-0.19773723599714244,0.00028043078319076644
0.11800000000000001,89.99045991062384,90.0,-0.5807057946510111,1.077227801043151,0.002451396120645655,2.1663846506791962e-05,11.999999723289442,0.003324792525307897,0.08322641150340188,2.3059213104619787e-05,2.3059213104619787e-05,-0.19356859821700373,0.00027706605016458323
0.1182,89.99034500382882,90.0,-0.5683623954594819,1.0632019675504947,0.0024200299305659713,2.192477940253675e-05,11.999999730111952,0.0032848476334451423,0.08216150998835088,2.2490670642956418e-05,2.2490670642956418e-05,-0.1894541318198273,0.00027373730894363085
0.1184,89.99023254964222,90.0,-0.5561797055633753,1.049332036817771,0.0023890096762835427,2.2180142860657275e-05,11.999999736776598,0.003245330303527794,0.08110835320715733,2.193528352552528e-05,2.193528352552528e-05,-0.18539323518779174,0.00027044419789291966
0.11860000000000001,89.9901225161008,90.0,-0.5441559386415786,1.0356164072521952,0.0023583318196065844,2.2430009463988628e-05,11.999999743286851,0.0032062362378683902,0.08006682103602603,2.13927623790361e-05,2.13927623790361e-05,-0.1813853128805262,0.0002671863588715535
0.1188,89.99001487159678,90.0,-0.5322893267237431,1.0220534929572,0.0023279928569215507,2.2674450988182105e-05,11.999999749646111,0.003167561180308039,0.07903679452511439,2.08628239480687e-05,2.08628239480687e-05,-0.17742977557458103,0.0002639634371993593
0.11900000000000001,89.98990958487416,90.0,-0.5205781200104395,1.0086417235843554,0.002297989318867691,2.2913538410083294e-05,11.999999755857708,0.0031293009158293236,0.07801815588748336,2.034519096976151e-05,2.034519096976151e-05,-0.17352604000347982,0.00026077508162462913
0.1192,89.98980662502505,90.0,-0.5090205866950119,0.9953795441858815,0.002268317770012804,2.314734191596568e-05,11.999999761924895,0.0030914512701700854,0.07701078848808904,1.983959205096797e-05,1.983959205096797e-05,-0.1696735288983373,0.00025762094429193486
0.1194,89.98970596148621,90.0,-0.49761501278712067,0.9822654150673876,0.0022389748085293194,2.3375930909590914e-05,11.999999767850861,0.003054008109436811,0.07601457683278554,1.9345761547819704e-05,1.9345761547819704e-05,-0.16587167092904023,0.00025450068070991043
0.11960000000000001,89.9896075640354,90.0,-0.48635970193797273,0.9692978116429701,0.002209957065875702,2.3599374020269118e-05,11.999999773638727,0.0030169673397249996,0.07502940655750841,1.8863439447741978e-05,1.8863439447741978e-05,-0.1621199006459909,0.0002514139497196151
0.1198,89.98951140278787,90.0,-0.4752529752672121,0.9564752242922698,0.002181261206482248,2.381773911089024e-05,11.999999779291546,0.0029803249067451645,0.07405516441760719,1.8392371253854566e-05,1.8392371253854566e-05,-0.15841765842240402,0.00024836041346336726
0.12000000000000001,89.98941744819298,90.0,-0.46429317119144814,0.9437961582180431,0.002152883927437887,2.403109328581104e-05,11.999999784812307,0.002944076795449463,0.07309173827721221,1.7932307871651482e-05,1.7932307871651482e-05,-0.15476439039714937,0.0002453397373536296
0.1202,89.98932567103064,90.0,-0.4534786452544161,0.9312591333038776,0.002124821958177139,2.4239502898568637e-05,11.999999790203933,0.0029082190296576887,0.07213901709860658,1.7483005497902902e-05,1.7483005497902902e-05,-0.1511595484181387,0.00024235159004184158
0.12040000000000001,89.989236042408,90.0,-0.4428077699587676,0.9188626839763158,0.002097072060177188,2.4443033559767503e-05,11.999999795469293,0.002872747671697388,0.07119689093194158,1.704422551190796e-05,1.704422551190796e-05,-0.14760258998625586,0.000239395643388429
0.1206,89.98914853375598,90.0,-0.43227893459944067,0.9066053590652791,0.002069631026650795,2.4641750144648574e-05,11.999999800611189,0.002837658822036987,0.07026525090481095,1.661573436880589e-05,1.661573436880589e-05,-0.14409297819981357,0.00023647157243223104
0.1208,89.98906311682603,90.0,-0.42189054509862944,0.894485721667076,0.002042495682245077,2.4835716800687316e-05,11.999999805632358,0.002802948618926751,0.06934398921202423,1.6197303495078875e-05,1.6197303495078875e-05,-0.14063018169954317,0.0002335790553605801
0.12100000000000001,89.98897976368674,90.0,-0.41164102384232326,0.882502349008895,0.0020156628827435654,2.502499695513398e-05,11.999999810535488,0.002768613238043785,0.06843299910549143,1.578870918615851e-05,1.578870918615851e-05,-0.13721367461410777,0.00023071777347971793
0.1212,89.9888984467206,90.0,-0.40152880951839837,0.8706538323143972,0.0019891295147706632,2.5209653322467196e-05,11.99999981532321,0.0027346488921397563,0.0675321748841892,1.538973250608022e-05,1.538973250608022e-05,-0.13384293650613277,0.00022788741118543932
0.12140000000000001,89.98881913862074,90.0,-0.39155235695624957,0.8589387766700396,0.0019628924954976324,2.5389747911732008e-05,11.99999981999809,0.002701051830690081,0.06664141188417888,1.500015918913253e-05,1.500015918913253e-05,-0.13051745231874984,0.0002250876559338574
0.1216,89.98874181238773,90.0,-0.38171013696795375,0.8473558008924689,0.0019369487723509043,2.5565342033791233e-05,11.999999824562646,0.002667818339545732,0.06576060646870355,1.4619779543476037e-05,1.4619779543476037e-05,-0.12723671232265127,0.00022231819821238736
0.1218,89.9886664413264,90.0,-0.3720006361909524,0.8359035373991066,0.001911295322727676,2.573649630866351e-05,11.999999829019341,0.0026349447405950473,0.06488965601853222,1.4248388356771007e-05,1.4248388356771007e-05,-0.12400021206365082,0.00021957873151156362
0.12200000000000001,89.9885929990427,90.0,-0.36242235693221725,0.8245806320776017,0.0018859291537086922,2.5903270672601305e-05,11.999999833370582,0.0026024273914205765,0.0640284589222087,1.3885784803615278e-05,1.3885784803615278e-05,-0.1208074523107391,0.00021686895229644366
0.1222,89.9885214594405,90.0,-0.35297381701391145,0.8133857441570216,0.0018608473017749118,2.606572438514006e-05,11.999999837618732,0.0025702626849609025,0.0631769145664322,1.3531772354864158e-05,1.3531772354864158e-05,-0.11765793900463715,0.00021418855997842602
0.12240000000000001,89.98845179671868,90.0,-0.3436535496205268,0.8023175460814553,0.00183604683252965,2.6223916036176206e-05,11.999999841766096,0.0025384470491797823,0.06233492332662393,1.3186158688817822e-05,1.3186158688817822e-05,-0.11455118320684225,0.00021153725688767902
0.1226,89.98838398536786,90.0,-0.3344601031474692,0.7913747233838647,0.001811524840421129,2.6377903552900772e-05,11.999999845814934,0.0025069769467351375,0.06150238655750748,1.284875560416254e-05,1.284875560416254e-05,-0.11148670104915641,0.000208914748245556
0.1228,89.98831800016751,90.0,-0.3253920410510892,0.780555974560887,0.001787278448467087,2.652774420664624e-05,11.999999849767452,0.0024758488746503267,0.06067920658375913,1.2519378934657746e-05,1.2519378934657746e-05,-0.1084640136836964,0.00020632074213720145
0.12300000000000001,89.98825381618296,90.0,-0.3164479417001473,0.7698600109489298,0.001763304807982245,2.6673494619675726e-05,11.99999985362582,0.002445059363988894,0.059865286690755234,1.219784846554674e-05,1.219784846554674e-05,-0.10548264723338242,0.00020375494948444647
0.1232,89.98819140876233,90.0,-0.3076263982286988,0.7592855566026036,0.0017396010983110725,2.6815210772000944e-05,11.999999857392146,0.0024146049795364176,0.05906053111549938,1.1883987851691696e-05,1.1883987851691696e-05,-0.10254213274289961,0.0002012170840192962
0.12340000000000001,89.98813075353367,90.0,-0.29892601839037186,0.7488313481722576,0.001716164526558296,2.695294800796915e-05,11.999999861068506,0.0023844823194782757,0.05826484503747301,1.1577624537291052e-05,1.1577624537291052e-05,-0.09964200613012396,0.0001987068622570764
0.1236,89.98807182640203,90.0,-0.2903454244140481,0.7384961347841842,0.0016929923273254863,2.7086761042907785e-05,11.999999864656925,0.0023546880150856816,0.05747813456969244,1.1278589677267984e-05,1.1278589677267984e-05,-0.09678180813801603,0.00019622400347027013
0.12380000000000001,89.98801460354662,90.0,-0.2818832528609161,0.7282786779216743,0.001670081762449477,2.7216703969682516e-05,11.999999868159383,0.002325218730403702,0.05670030674982793,1.0986718060235918e-05,1.0986718060235918e-05,-0.09396108428697203,0.00019376822966251874
0.124,89.98795906141785,90.0,-0.273538154482888,0.7181777513065557,0.0016474301207417502,2.7342830265139646e-05,11.999999871577824,0.002296071161939988,0.05593126953135572,1.0701848032999434e-05,1.0701848032999434e-05,-0.09117938482762931,0.00019133926554268274
0.1242,89.98790517673463,90.0,-0.2653087940823731,0.7081921407826253,0.0016250347177321001,2.74651927965486e-05,11.999999874914142,0.002267242038359132,0.055170931774855256,1.0423821426605673e-05,1.0423821426605673e-05,-0.08843626469412437,0.00018893683849937153
0.12440000000000001,89.9878529264815,90.0,-0.25719385037338705,0.6983206441995249,0.001602892895413175,2.7583843827928783e-05,11.999999878170197,0.0022387281201776093,0.054419203239336196,1.0152483483869787e-05,1.0152483483869787e-05,-0.08573128345779568,0.00018656067857552168
0.1246,89.98780228790584,90.0,-0.24919201584399162,0.6885620712984764,0.0015810020219892132,2.7698835026376493e-05,11.999999881347808,0.0022105261994642415,0.05367599457370786,9.887682788389742e-06,9.887682788389742e-06,-0.08306400528133054,0.0001842105184434353
0.12480000000000001,89.98775323851524,90.0,-0.24130199662004365,0.6789152435973559,0.0015593594916230836,2.7810217468189564e-05,11.999999884448744,0.0021826330995374497,0.05294121730819111,9.629271194944768e-06,9.629271194944768e-06,-0.08043399887334789,0.00018188609337955135
0.125,89.98770575607467,90.0,-0.23352251233026103,0.6693789942797401,0.001537962724192461,2.791804164516537e-05,11.999999887474754,0.0021550456746753438,0.05221478384604034,9.377103761389848e-06,9.377103761389848e-06,-0.07784083744342034,0.00017958714124028592
0.1252,89.98765981860386,90.0,-0.2258522959725595,0.6599521680825289,0.0015168091650425235,2.8022357470638824e-05,11.999999890427535,0.002127760809819993,0.051496607455147406,9.131038681854762e-06,9.131038681854762e-06,-0.07528409865751984,0.0001773134024373883
0.1254,89.98761540437458,90.0,-0.21829009378167766,0.6506336211846555,0.0014958962847410493,2.812321428546258e-05,11.999999893308754,0.002100775420284565,0.05078660225972699,8.890937221299014e-06,8.890937221299014e-06,-0.07276336459389256,0.00017506461991353563
0.12560000000000002,89.9875724919081,90.0,-0.21083466509807625,0.641422221098999,0.0014752215788408466,2.8220660864102792e-05,11.999999896120036,0.0020740864514706575,0.05008468323225097,8.65666365145544e-06,8.65666365145544e-06,-0.07027822169935875,0.00017284053911877721
0.1258,89.98753105997247,90.0,-0.2034847822380768,0.6323168465631823,0.0014547825676394387,2.8314745420503786e-05,11.999999898862978,0.002047690878580908,0.049390766185289585,8.42808518801094e-06,8.42808518801094e-06,-0.0678282607460256,0.00017064090798658512
0.126,89.98749108758001,90.0,-0.19623923036525084,0.6233163874321184,0.0014345767959426927,2.8405515613952708e-05,11.999999901539137,0.00202158570633679,0.048704767763486485,8.205071929082967e-06,8.205071929082967e-06,-0.06541307678841694,0.0001684654769103372
0.1262,89.98745255398475,90.0,-0.18909680736304046,0.6144197445712093,0.0014146018328298293,2.849301855485749e-05,11.999999904150037,0.0019957679686977924,0.04802660543558063,7.98749679493503e-06,7.98749679493503e-06,-0.06303226912101349,0.00016631399871991525
0.1264,89.98741543867988,90.0,-0.18205632370860278,0.6056258297519647,0.0013948552714239501,2.8577300810582614e-05,11.999999906697173,0.0019702347285881403,0.0473561974866156,7.775235468954992e-06,7.775235468954992e-06,-0.060685441236200934,0.00016418622865893164
0.12660000000000002,89.9873797213952,90.0,-0.1751166023478501,0.5969335655464477,0.0013753347286596844,2.8658408411053765e-05,11.999999909182005,0.0019449830776186038,0.04669346301005102,7.5681663397737635e-06,7.5681663397737635e-06,-0.0583722007826167,0.0001620819243615466
0.1268,89.98734538209476,90.0,-0.1682764785716996,0.588341885224119,0.0013560378450563036,2.873638685442025e-05,11.999999911605954,0.0019200101358157798,0.046038321900059694,7.366170444599151e-06,7.366170444599151e-06,-0.05609215952389987,0.0001600008458299085
0.127,89.98731240097429,90.0,-0.16153479989350494,0.5798497326496236,0.001336962284492903,2.8811281112659635e-05,11.999999913970424,0.0018953130513538028,0.04539069484389485,7.169131413700751e-06,7.169131413700751e-06,-0.05384493329783497,0.00015794275541179591
0.1272,89.98728075845882,90.0,-0.15489042592765895,0.5714560621804329,0.0013181057339831097,2.8883135637037932e-05,11.999999916276774,0.001870889000284738,0.04475050331424138,6.976935415995955e-06,6.976935415995955e-06,-0.05163014197588632,0.00015590741777815083
0.1274,89.98725043520024,90.0,-0.14834222826936933,0.5631598385671928,0.0012994659034559826,2.8951994363656472e-05,11.999999918526346,0.0018467351862775272,0.04411766956177719,6.789471105788501e-06,6.789471105788501e-06,-0.04944740942312311,0.00015389459990132356
0.12760000000000002,89.98722141207494,90.0,-0.14188909037557573,0.5549600368535328,0.00128104052553552,2.9017900718825426e-05,11.999999920720445,0.00182284884035427,0.04349211660768741,6.606629570553862e-06,6.606629570553862e-06,-0.04729636345852525,0.00015190407103309644
0.1278,89.98719367018148,90.0,-0.13552990744701532,0.5468556422771237,0.001262827355322953,2.9080897624408426e-05,11.999999922860347,0.001799227220630025,0.0428737682362731,6.428304279796888e-06,6.428304279796888e-06,-0.04517663581567177,0.00014993560268300045
0.128,89.98716719083816,90.0,-0.12926358631142137,0.5388456501723173,0.0012448241701826068,2.914102750316721e-05,11.999999924947307,0.0017758676120572957,0.0422625489876811,6.25439103496805e-06,6.25439103496805e-06,-0.04308786210380713,0.0001479889685970222
0.1282,89.9871419555808,90.0,-0.12308904530783803,0.5309290658729235,0.0012270287695279574,2.9198332283990695e-05,11.999999926982545,0.001752767326170219,0.041658384150640534,6.084787920382147e-06,6.084787920382147e-06,-0.04102968176927934,0.00014606394473628637
0.12840000000000001,89.98711794616041,90.0,-0.11700521417204848,0.5231049046161865,0.0012094389746103572,2.925285340709515e-05,11.999999928967258,0.0017299237008321171,0.04106119975528991,5.919395255145734e-06,5.919395255145734e-06,-0.039001738057349494,0.00014416030925601826
0.12860000000000002,89.9870951445409,90.0,-0.1110110339231039,0.5153721914482984,0.0011920526283112347,2.9304631829224383e-05,11.999999930902614,0.0017073340999876154,0.04047092256612217,5.7581155460807835e-06,5.7581155460807835e-06,-0.03700367797436797,0.00014227784248488687
0.1288,89.9870735328969,90.0,-0.10510545675093416,0.5077299611289359,0.0011748675949318805,2.9353708028647703e-05,11.999999932789759,0.001684995913410612,0.0398874800748478,5.600853441566705e-06,5.600853441566705e-06,-0.03503515225031139,0.00014041632690400227
0.129,89.98705309361146,90.0,-0.09928744590505348,0.5001772580391024,0.001157881759990836,2.9400122010302316e-05,11.999999934629813,0.0016629065564629333,0.03931080049351604,5.447515686381605e-06,5.447515686381605e-06,-0.03309581530168449,0.00013857554712680357
0.1292,89.98703380927391,90.0,-0.09355597558432073,0.4927131360879564,0.0011410930300187912,2.9443913310733495e-05,11.999999936423867,0.0016410634698487399,0.038740812747551555,5.298011077423692e-06,5.298011077423692e-06,-0.03118532519477358,0.0001367552898785927
0.12940000000000002,89.98701566267763,90.0,-0.08791003082776858,0.48533665862184083,0.0011244993323585046,2.948512100309254e-05,11.999999938172994,0.0016194641193758102,0.03817744646896158,5.1522504203685185e-06,5.1522504203685185e-06,-0.02930334360925619,0.00013495534397664125
0.1296,89.98699863681793,90.0,-0.08234860740647354,0.47804689833334707,0.0011080986149646825,2.9523783702019172e-05,11.999999939878242,0.0015981059957162107,0.03762063198954169,5.010146487194872e-06,5.010146487194872e-06,-0.027449535802157848,0.00013317550031024633
0.1298,89.98698271488993,90.0,-0.07687071171646946,0.4708429371707689,0.0010918888462046526,2.9559939568437256e-05,11.999999941540633,0.0015769866141675949,0.03707030033410858,4.871613974571102e-06,4.871613974571102e-06,-0.025623570572156487,0.00013141555182083874
0.13,89.98696788028637,90.0,-0.07147536067269704,0.46372386625006873,0.0010758680146647868,2.959362631443719e-05,11.999999943161166,0.00155610351442247,0.03652638321392795,4.73656946312969e-06,4.73656946312969e-06,-0.023825120224232346,0.0001296752934827552
0.1302,89.98695411659561,90.0,-0.06616158160396296,0.45668878576576677,0.0010600341289542944,2.9624881207956078e-05,11.999999944740823,0.0015354542603330343,0.035988813020053204,4.6049313775361985e-06,4.6049313775361985e-06,-0.022053860534654322,0.00012795452228364133
0.13040000000000002,89.98694140759949,90.0,-0.060928412148919815,0.4497368049046767,0.0010443852175155502,2.9653741077573448e-05,11.99999994628056,0.0015150364396851568,0.03545752281688597,4.4766199474193034e-06,4.4766199474193034e-06,-0.020309470716306604,0.0001262530372056166
0.1306,89.9869297372713,90.0,-0.05577490015303413,0.4428670417578239,0.0010289193284300571,2.9680242317046976e-05,11.999999947781314,0.0014948476639653672,0.03493244633558836,4.351557169048534e-06,4.351557169048534e-06,-0.018591633384344712,0.00012457063920585685
0.1308,89.98691908977376,90.0,-0.05070010356656389,0.4360786232362592,0.0010136345292334047,2.9704420890050414e-05,11.999999949244,0.0014748855681406404,0.03441351796780078,4.22966676786158e-06,4.22966676786158e-06,-0.01690003452218796,0.0001229071311982429
0.131,89.98690944945699,90.0,-0.045703090343500605,0.42937068498537795,0.0009985289067266172,2.972631233468043e-05,11.99999995066951,0.0014551478104323212,0.033900672759237006,4.110874161714817e-06,4.110874161714817e-06,-0.015234363447833535,0.0001212623180345209
0.1312,89.98690080085653,90.0,-0.04078293834149311,0.42274237130025444,0.0009836005667897651,2.974595176793454e-05,11.999999952058722,0.0014356320720928838,0.03339384640335623,3.995106424894359e-06,3.995106424894359e-06,-0.013594312780497704,0.0001196360064856989
0.13140000000000002,89.9868931286914,90.0,-0.035938735222741276,0.41619283504339566,0.0009688476342011202,2.976337389027571e-05,11.999999953412493,0.0014163360571903911,0.03289297523522322,3.8822922528986295e-06,3.8822922528986295e-06,-0.011979578407580425,0.00011802800522408514
0.1316,89.98688641786208,90.0,-0.03116957835583227,0.40972123756132606,0.000954268252453467,2.977861298999473e-05,11.999999954731656,0.0013972574923882448,0.03239799622527203,3.772361927907999e-06,3.772361927907999e-06,-0.010389859451944091,0.00011643812480493383
0.1318,89.98688065344861,90.0,-0.026474574718532356,0.40332674860356976,0.0009398605835759121,2.979170294765927e-05,11.999999956017032,0.001378394126732573,0.03190884697325628,3.6652472849961125e-06,3.6652472849961125e-06,-0.008824858239510784,0.00011486617764872737
0.132,89.9868758207087,90.0,-0.021852840801507248,0.3970085462404447,0.0009256228079528064,2.980267724036067e-05,11.99999995726942,0.0013597437314348511,0.03142546570210145,3.560881679000992e-06,3.560881679000992e-06,-0.007284280267169083,0.00011331197802306148
0.1322,89.98687190507582,90.0,-0.017303502512984167,0.39076581678430156,0.0009115531241506132,2.9811568946134145e-05,11.9999999584896,0.0013413040996657973,0.030947791252026995,3.459199952128157e-06,3.459199952128157e-06,-0.005767834170994722,0.0001117753420254697
0.13240000000000002,89.98686889215733,90.0,-0.012825695084316333,0.38459775470847135,0.0008976497487393142,2.9818410748089975e-05,11.99999995967834,0.001323073046340697,0.03047576307448289,3.3601384021666474e-06,3.3601384021666474e-06,-0.0042752316947721105,0.0001102560875655338
0.1326,89.98686676773262,90.0,-0.008418562976476177,0.3785035625699955,0.0008839109161225533,2.982323493874704e-05,11.999999960836384,0.0013050484079171851,0.030009321226382984,3.2636347514151867e-06,3.2636347514151867e-06,-0.002806187658825392,0.0001087540343480322
0.1328,89.98686551775126,90.0,-0.004081259787433911,0.37248245093004023,0.000870334878362262,2.98260734240774e-05,11.999999961964463,0.0012872280421843802,0.029548406364150872,3.1696281161960763e-06,3.1696281161960763e-06,-0.001360419929144637,0.00010726900385536787
0.133,89.9868651283312,90.0,0.0001870518395520907,0.3665336382780705,0.0008569199050119715,2.9826957727753093e-05,11.999999963063292,0.00126960982806441,0.029092959738060763,3.0780589770514576e-06,3.0780589770514576e-06,6.235061318403024e-05,0.00010580081933102865
0.1332,89.98686558575697,90.0,0.004387200306776069,0.3606563509547504,0.0008436642829470451,2.9825918995190737e-05,11.99999996413357,0.001252191665408912,0.028642923186473754,2.988869149520848e-06,2.988869149520848e-06,0.0014624001022586898,0.00010434930576262908
0.13340000000000002,89.9868668764779,90.0,0.00852000515204226,0.35484982307536655,0.0008305663161960315,2.9822987997538315e-05,11.999999965175979,0.0012349714747967317,0.028198239130112185,2.9020017555204103e-06,2.9020017555204103e-06,0.0028400017173474197,0.00010291428986505176
0.1336,89.98686898710636,90.0,0.012586277137745064,0.3491132964555418,0.0008176243257772734,2.9818195135748687e-05,11.999999966191186,0.001217947197338938,0.02775885056651237,2.8174011953405938e-06,2.8174011953405938e-06,0.004195425712581688,0.00010149560006419865
0.1338,89.98687190441598,90.0,0.016586818339097604,0.34344602053671697,0.000804836649534873,2.9811570444537476e-05,11.999999967179843,0.0012011167944824405,0.027324701064455566,2.73501312020778e-06,2.73501312020778e-06,0.005528939446365867,0.00010009306648062589
0.134,89.98687561533993,90.0,0.02052242223150712,0.3378472523124691,0.0007922016419765165,2.9803143596312113e-05,11.999999968142587,0.0011844782478159055,0.02689573475846198,2.6547844054165797e-06,2.6547844054165797e-06,0.006840807410502373,9.870652091336999e-05
0.1342,89.98688010696925,90.0,0.02439387377710546,0.33231625625529815,0.0007797176741122945,2.9792943905043064e-05,11.999999969080044,0.001168029558876705,0.026471896343318643,2.576663124015554e-06,2.576663124015554e-06,0.008131291259035153,9.73357968238603e-05
0.13440000000000002,89.98688536655116,90.0,0.028201949510441325,0.32685230424387396,0.0007673831332945043,2.9781000330077323e-05,11.999999969992817,0.0011517687489588746,0.02605313106864058,2.500598521035472e-06,2.500598521035472e-06,0.009400649836813775,9.598072931991548e-05
0.1346,89.9868913814873,90.0,0.031947417623338394,0.3214546754921582,0.0007551964230617365,2.9767341480009642e-05,11.999999970881507,0.0011356938589269796,0.025639384733577478,2.4265409882706092e-06,2.4265409882706092e-06,0.010649139207779464,9.464115514023228e-05
0.1348,89.98689813933214,90.0,0.0356310380489419,0.3161226564782388,0.0007431559629821979,2.975199561643821e-05,11.999999971746696,0.0011198029490284167,0.025230603681494376,2.3544420395687826e-06,2.3544420395687826e-06,0.011877012682980633,9.331691263874398e-05
0.135,89.98690562779132,90.0,0.03925356254494916,0.3108555408732373,0.0007312601884971102,2.9734990657633702e-05,11.999999972588949,0.0011040940987054047,0.02482673479465498,2.284254286626376e-06,2.284254286626376e-06,0.013084520848316388,9.200784176895303e-05
0.13520000000000001,89.98691383472001,90.0,0.042815734776026154,0.3056526294731296,0.000719507550770825,2.9716354182352715e-05,11.999999973408823,0.0010885654064164852,0.02442772548913295,2.215931415319381e-06,2.215931415319381e-06,0.014271911592008716,9.071378406905596e-05
0.13540000000000002,89.98692274812136,90.0,0.04631829039544262,0.3005132301281052,0.0007078965165350953,2.969611343336235e-05,11.999999974206862,0.0010732149894489614,0.02403352370952484,2.14942816248163e-06,2.14942816248163e-06,0.015439430131814208,8.943458264631333e-05
0.1356,89.9869323561448,90.0,0.049761957125897614,0.29543665767518756,0.0006964255679408767,2.9674295321138116e-05,11.999999974983597,0.0010580409837420608,0.023644077923918656,2.084700293204045e-06,2.084700293204045e-06,0.01658731904196587,8.817008216231325e-05
0.1358,89.98694264708455,90.0,0.05314745483957353,0.29042223387086713,0.0006850932024100696,2.9650926427475172e-05,11.999999975739545,0.0010430415437096,0.023259337118860392,2.021704578597135e-06,2.021704578597135e-06,0.017715818279857846,8.69201288181935e-05
0.136,89.986953609378,90.0,0.05647549563741775,0.2854692873226803,0.0006738979324847082,2.962603300892622e-05,11.999999976475216,0.0010282148420584654,0.022879250794233922,1.9603987739939343e-06,1.9603987739939343e-06,0.018825165212472583,8.56845703395147e-05
0.13620000000000002,89.98696523160423,90.0,0.059746783927640615,0.2805771534243696,0.0006628382856844306,2.9599641000441632e-05,11.999999977191102,0.0010135590696189422,0.022503768958422026,1.9007415976476402e-06,1.9007415976476402e-06,0.019915594642546868,8.446325596212132e-05
0.1364,89.98697750248242,90.0,0.06296201650347043,0.2757451742888845,0.0006519128043588162,2.9571776018749577e-05,11.999999977887686,0.000999072435167049,0.022132842123293146,1.8426927098360436e-06,1.8426927098360436e-06,0.02098733883449014,8.325603641733606e-05
0.1366,89.98699041087033,90.0,0.06612188262014075,0.2709726986838741,0.0006411200455454587,2.954246336585169e-05,11.999999978565448,0.0009847531652549643,0.02176642129938286,1.786212692427251e-06,1.786212692427251e-06,0.022040627540046917,8.206276391782857e-05
0.1368,89.98700394576288,90.0,0.06922706407113878,0.2662590819664361,0.0006304585808262167,2.95117280323743e-05,11.999999979224842,0.0009705995040383617,0.021404457991013533,1.7312630288545785e-06,1.7312630288545785e-06,0.023075688023712928,8.088329214322707e-05
0.137,89.98701809629056,90.0,0.07227823526370565,0.2616036860199758,0.0006199269961883098,2.947959470100634e-05,11.999999979866327,0.000956609713110528,0.02104690419157842,1.67780608452925e-06,1.67780608452925e-06,0.024092745087901882,7.971747622629447e-05
0.13720000000000002,89.98703285171804,90.0,0.07527606329361387,0.257005879190298,0.0006095238918835378,2.944608774979278e-05,11.99999998049034,0.0009427820713333204,0.020693712378762087,1.6258050876453496e-06,1.6258050876453496e-06,0.02509202109787129,7.856517273884168e-05
0.1374,89.98704820144268,90.0,0.07822120801921208,0.2524650362227219,0.000599247882289808,2.941123125542809e-05,11.99999998109731,0.0009291148746711542,0.020344835509839163,1.5752241103921193e-06,1.5752241103921193e-06,0.026073736006404023,7.742623967789319e-05
0.1376,89.98706413499308,90.0,0.08111432213474938,0.24798053820091245,0.0005890975957765915,2.9375048996607453e-05,11.999999981687663,0.0009156064360304302,0.020000227017106503,1.5260280505731287e-06,1.5260280505731287e-06,0.02703810737824979,7.630053645230594e-05
0.1378,89.98708064202768,90.0,0.08395605124299892,0.24355177248420345,0.0005790716745667731,2.9337564457175784e-05,11.999999982261809,0.0009022550850932513,0.019659840803192916,1.478182613585407e-06,1.478182613585407e-06,0.027985350414332973,7.518792386891243e-05
0.138,89.98709771233335,90.0,0.08674703392716328,0.23917813264663373,0.0005691687746024221,2.9298800829334487e-05,11.99999998282015,0.0008890591681565653,0.01932363123650199,1.4316542947903571e-06,1.4316542947903571e-06,0.028915677975721095,7.408826411911587e-05
0.13820000000000002,89.98711533582396,90.0,0.08948790182208145,0.23485901841731383,0.0005593875654135944,2.925878101687714e-05,11.999999983363075,0.0008760170479754312,0.018991553146757836,1.3864103622630764e-06,1.3864103622630764e-06,0.029829300607360484,7.30014207658292e-05
0.1384,89.98713350253904,90.0,0.09217927968475212,0.23059383561997082,0.0005497267299851338,2.921752763828071e-05,11.999999983890973,0.0008631271036029609,0.01866356182048294,1.3424188398877758e-06,1.3424188398877758e-06,0.030726426561584037,7.192725873013659e-05
0.1386,89.98715220264238,90.0,0.094821785464165,0.22638199611381504,0.0005401849646264835,2.9175063029825656e-05,11.99999998440422,0.0008503877302343515,0.018339612996578145,1.2996484908171278e-06,1.2996484908171278e-06,0.03160726182138833,7.086564427829638e-05
0.1388,89.98717142642066,90.0,0.09741603037045403,0.22222291773499775,0.0005307609788428014,2.9131409248687157e-05,11.999999984903173,0.0008377973390524943,0.018019662861946964,1.258068801279589e-06,1.258068801279589e-06,0.032472010123484676,6.98164450088751e-05
0.139,89.9871911642822,90.0,0.09996261894337995,0.21811602423793952,0.0005214534952056961,2.908658807593966e-05,11.9999999853882,0.0008253543570726648,0.017703668047106966,1.2176499647199922e-06,1.2176499647199922e-06,0.03332087298112665,6.877952983980479e-05
0.13920000000000002,89.9872114067555,90.0,0.10246214912014086,0.21406074523830812,0.0005122612492277403,2.90406210196192e-05,11.999999985859645,0.0008130572269924559,0.017391585621929457,1.1783628662858584e-06,1.1783628662858584e-06,0.03415404970671362,6.775476899587769e-05
0.1394,89.98723214448805,90.0,0.1049152123025291,0.21005651615548693,0.0005031829892357192,2.8993529317670178e-05,11.999999986317851,0.0008009044070394891,0.017083373091336146,1.1401790676292532e-06,1.1401790676292532e-06,0.034971737434176364,6.67420339960553e-05
0.1396,89.98725336824491,90.0,0.10732239342342932,0.2061027781563195,0.0004942174762467857,2.894533394092103e-05,11.99999998676315,0.0007888943708230869,0.01677898839109458,1.1030707920368017e-06,1.1030707920368017e-06,0.03577413114114311,6.574119764110778e-05
0.1398,89.98727506890755,90.0,0.1096842710126715,0.2021989780986882,0.0004853634838441534,2.8896055595973194e-05,11.999999987195869,0.0007770256071849163,0.016478389883597802,1.0670109098662093e-06,1.0670109098662093e-06,0.0365614236708905,6.475213400116759e-05
0.14,89.98729723747248,90.0,0.112001417262238,0.19834456847670584,0.0004766197980564852,2.8845714728147898e-05,11.999999987616324,0.0007652966200547681,0.016181536353769562,1.0319729243010684e-06,1.0319729243010684e-06,0.03733380575407933,6.377471840371113e-05
0.14020000000000002,89.98731986505001,90.0,0.1142743980908424,0.19453900736571858,0.00046798521723677005,2.879433152434625e-05,11.999999988024829,0.0007537059283052454,0.01588838700495207,9.979309573992326e-07,9.979309573992326e-07,0.0380914660302808,6.280882742144932e-05
0.1404,89.98734294286304,90.0,0.11650377320787822,0.1907817583667672,0.0004594585519398586,2.8741925915793786e-05,11.999999988421683,0.0007422520656041325,0.015598901454748288,9.648597364261396e-07,9.648597364261396e-07,0.03883459106929274,6.185433886002513e-05
0.1406,89.9873664622458,90.0,0.11869009617673112,0.18707229055371388,0.0004510386248061589,2.8688517580929457e-05,11.999999988807186,0.0007309335802755514,0.015313039731073298,9.327345804979247e-07,9.327345804979247e-07,0.039563365392243706,6.0911131746443196e-05
0.1408,89.9873904146426,90.0,0.12083391447748563,0.18341007842014836,0.00044272427044474464,2.8634125948207942e-05,11.999999989181624,0.0007197490351599311,0.015030762268185777,9.015313874998429e-07,9.015313874998429e-07,0.04027797149249521,5.997908631740061e-05
0.14100000000000001,89.98741479160664,90.0,0.12293576956902341,0.1797946018257227,0.0004345143353150591,2.8578770198786425e-05,11.99999998954528,0.0007086970074715728,0.01475202990267176,8.712266212719221e-07,8.712266212719221e-07,0.04097858985634114,5.905808400741738e-05
0.14120000000000002,89.98743958479885,90.0,0.12499619695050652,0.17622534594369998,0.00042640767761138466,2.852246926924022e-05,11.999999989898432,0.0006977760886599886,0.01447680386952232,8.417972990730455e-07,8.417972990730455e-07,0.04166539898350218,5.814800743728122e-05
0.1414,89.98746478598663,90.0,0.1270157262222596,0.17270180120934214,0.00041840316714920596,2.8465241854278456e-05,11.99999999024135,0.0006869848842737251,0.014205045798275513,8.132209793139339e-07,8.132209793139339e-07,0.042338575407419865,5.7248740402699625e-05
0.1416,89.98749038704275,90.0,0.1289948811460612,0.16922346326912283,0.0004104996852534327,2.8407106409459695e-05,11.999999990574292,0.0006763220138266341,0.013936717709221481,7.854757495531377e-07,7.854757495531377e-07,0.042998293715353735,5.636016786315572e-05
0.1418,89.98751637994414,90.0,0.13093417970485277,0.16578983292862215,0.0004026961246434745,2.8348081153734256e-05,11.999999990897518,0.000665786110659168,0.013671782009500678,7.585402147325033e-07,7.585402147325033e-07,0.04364472656828426,5.5482175930349467e-05
0.14200000000000002,89.98754275677075,90.0,0.1328341341618506,0.16240041610267547,0.00039499138932351546,2.828818407210209e-05,11.99999999121128,0.0006553758218070655,0.013410201489378612,7.323934856780536e-07,7.323934856780536e-07,0.044278044720616874,5.461465185725486e-05
0.1422,89.98756950970443,90.0,0.13469525111908695,0.15905472376560922,0.00038738439447292774,2.822743291821287e-05,11.999999991515818,0.0006450898078699395,0.013151939318525326,7.070151678419209e-07,7.070151678419209e-07,0.044898417039695646,5.3757484027168986e-05
0.1424,89.98759663102777,90.0,0.1365180315753805,0.15575227190156238,0.0003798740663368184,2.816584521690829e-05,11.999999991811375,0.0006349267428797632,0.012896959042299391,6.823853502807217e-07,6.823853502807217e-07,0.04550601052512684,5.291056194275233e-05
0.1426,89.98762411312302,90.0,0.13830297098373825,0.15249258145560277,0.00037245934211836907,2.8103438266764387e-05,11.999999992098186,0.0006248853141717091,0.012645224578092779,6.584845948713788e-07,6.584845948713788e-07,0.046100990327912754,5.207377621526553e-05
0.1428,89.98765194847097,90.0,0.14005055930819657,0.14927517828491485,0.00036513916987127856,2.804022914257607e-05,11.999999992376473,0.0006149642222548468,0.01239670021167921,6.352939257537483e-07,6.352939257537483e-07,0.046683519769398864,5.124701855379415e-05
0.14300000000000002,89.98768012964986,90.0,0.14176128108010358,0.1460995931107682,0.0003579125083939657,2.7976234697841658e-05,11.999999992646462,0.0006051621806851508,0.012151350593622294,6.127948190010399e-07,6.127948190010399e-07,0.04725376036003453,5.043018175466592e-05
0.1432,89.98770864933428,90.0,0.14343561545385078,0.14296536147089947,0.0003507783271246749,2.7911471567218506e-05,11.99999999290837,0.0005954779159395562,0.011909140735714273,5.909691925104119e-07,5.909691925104119e-07,0.047811871817950255,4.9623159690955435e-05
0.1434,89.98773750029416,90.0,0.14507403626205942,0.1398720236723006,0.0003437356060374698,2.7845956168949754e-05,11.999999993162408,0.0005859101672910418,0.011670036007444963,5.69799396109218e-07,5.69799396109218e-07,0.04835801208735314,4.8825847302074424e-05
0.1436,89.98776667539363,90.0,0.1466770120702257,0.13681912474511768,0.0003367833355407596,2.7779704707320008e-05,11.999999993408782,0.0005764576866871783,0.011434002132556655,5.492682018775183e-07,5.492682018775183e-07,0.04889233735674191,4.803814058365068e-05
0.1438,89.98779616759005,90.0,0.14824500623083783,0.13380621439515586,0.0003299205163725067,2.7712733174937583e-05,11.999999993647695,0.0005671192386234817,0.01120100518548634,5.293587946644443e-07,5.293587946644443e-07,0.04941500207694594,4.725993657697427e-05
0.14400000000000002,89.98782596993287,90.0,0.14977847693694893,0.13083284695927527,0.0003231461595021295,2.7645057355190188e-05,11.999999993879342,0.0005578936000263978,0.010971011588035262,5.100547628251825e-07,5.100547628251825e-07,0.04992615897898297,4.649113335924617e-05
0.1442,89.98785607556273,90.0,0.15127787727523867,0.12789858135936968,0.0003164592860290335,2.7576692824527212e-05,11.99999999410392,0.0005487795601310212,0.010743988105923979,4.913400891432388e-07,4.913400891432388e-07,0.05042595909174622,4.573163003338821e-05
0.1444,89.98788647771038,90.0,0.152743655278548,0.12500298105708052,0.00030985892708280054,2.7507654954742025e-05,11.999999994321609,0.0005397759203609916,0.010519901845403723,4.731991419497582e-07,4.731991419497582e-07,0.050914551759516,4.4981326718034424e-05
0.1446,89.98791716969562,90.0,0.15417625397789475,0.12214561400959113,0.0003033441237258432,2.7437958915283175e-05,11.999999994532601,0.00053088149421177,0.010298720249951468,4.5561666643785725e-07,4.5561666643785725e-07,0.051392084659298246,4.4240124537804036e-05
0.1448,89.98794814492642,90.0,0.1555761114539826,0.11932605262577317,0.00029691392685682474,2.7367619675536684e-05,11.999999994737067,0.0005220951071347784,0.010080411096990965,4.3857777616285927e-07,4.3857777616285927e-07,0.05185870381799419,4.350792561364647e-05
0.14500000000000002,89.98797939689786,90.0,0.1569436608882078,0.11654387372196814,0.0002905673971131675,2.7296652007021684e-05,11.999999994935184,0.0005134155964199255,0.009864942494582847,4.220679447201847e-07,4.220679447201847e-07,0.0523145536294026,4.2784633053051815e-05
0.1452,89.98801091919115,90.0,0.15827933061315938,0.1137986584791874,0.00028430360477681925,2.7225070485643826e-05,11.999999995127123,0.0005048418110826917,0.009652282878225345,4.0607299760870694e-07,4.0607299760870694e-07,0.05275977687105313,4.20701509406412e-05
0.1454,89.98804270547272,90.0,0.1595835441626285,0.11108999239957576,0.0002781216296782415,2.7152889493833133e-05,11.99999999531305,0.0004963726117483185,0.009442401007594619,3.9057910426211e-07,3.9057910426211e-07,0.05319451472087616,4.136438432851594e-05
0.1456,89.98807474949321,90.0,0.1608567203211194,0.10841746526463698,0.0002720205611044587,2.708012322276853e-05,11.999999995493127,0.0004880068705417523,0.00923526596342298,3.75572770260289e-07,3.75572770260289e-07,0.05361890677370646,4.06672392270862e-05
0.1458,89.98810704508655,90.0,0.16209927317288153,0.10578067109306223,0.000265999497706125,2.700678567451569e-05,11.99999999566751,0.0004797434709758797,0.00903084714434375,3.610408297036906e-07,3.610408297036906e-07,0.05403309105762717,3.9978622595757226e-05
0.14600000000000002,89.98813958616901,90.0,0.16331161215045856,0.10317920809852245,0.00026005754740444996,2.6932890664107092e-05,11.999999995836355,0.00047158130783929713,0.008829114263731326,3.4697043774980615e-07,3.4697043774980615e-07,0.05443720405015284,3.9298442333576826e-05
0.1462,89.98817236673833,90.0,0.16449414208275356,0.1006126786484913,0.00025419382730047823,2.6858451821651012e-05,11.999999995999811,0.00046351928708731374,0.008630037346621175,3.333490633146832e-07,3.333490633146832e-07,0.05483138069425119,3.862660727015229e-05
0.1464,89.98820538087269,90.0,0.16564726324262286,0.09808068922443733,0.0002484074635875158,2.6783482594498242e-05,11.999999996158026,0.0004555563257373657,0.008433586726736648,3.20164481937469e-07,3.20164481937469e-07,0.05521575441420762,3.7963027156934886e-05
0.1466,89.98823862272992,90.0,0.16677137139401324,0.09558285037981061,0.00024269759145834747,2.6707996249177728e-05,11.999999996311143,0.000447691351756473,0.008239733043338958,3.0740476878490567e-07,3.0740476878490567e-07,0.05559045713133775,3.730761265784129e-05
0.1468,89.9882720865466,90.0,0.16786685783861813,0.09311877670047872,0.0002370633550181249,2.6632005873476627e-05,11.999999996459302,0.0004399233039568424,0.008048447238269673,2.950582918188859e-07,2.950582918188859e-07,0.055955619279539376,3.666027534055378e-05
0.14700000000000002,89.98830576663701,90.0,0.16893410946208035,0.09068808676614958,0.00023150390719950924,2.655552437854929e-05,11.999999996602636,0.0004322511318945717,0.007859700553069759,2.8311370511488625e-07,2.8311370511488625e-07,0.05631136982069345,3.602092766807899e-05
0.1472,89.98833965739249,90.0,0.16997350877975279,0.08829040310886019,0.00022601840967090403,2.6478564500737305e-05,11.99999999674128,0.0004246737957578824,0.0076734645258640264,2.7155994230808947e-07,2.7155994230808947e-07,0.05665783625991759,3.53894829894339e-05
0.1474,89.98837375328036,90.0,0.17098543398198368,0.08592535217603617,0.00022060603275531805,2.640113880370736e-05,11.999999996875365,0.0004171902662708508,0.007489710988606478,2.6038621020350547e-07,2.6038621020350547e-07,0.056995144660661225,3.4765855531623454e-05
0.1476,89.98840804884323,90.0,0.1719702589789783,0.08359256429059059,0.00021526595534225856,2.6323259680300194e-05,11.999999997005016,0.00040979952458658855,0.007308412064089026,2.495819825078388e-07,2.495819825078388e-07,0.05732341965965943,3.414996039073893e-05
0.14780000000000001,89.98844253869798,90.0,0.17292835344520383,0.08129167361343664,0.00020999736480521443,2.6244939354524004e-05,11.999999997130356,0.00040250056218846367,0.0071295401631399965,2.3913699370794316e-07,2.3913699370794316e-07,0.057642784481734606,3.354171352372637e-05
0.14800000000000002,89.9884772175351,90.0,0.17386008286336432,0.0790223181051797,0.00020479945691717153,2.6166189883432277e-05,11.999999997251505,0.0003952923807881793,0.006953067981755824,2.2904123307665324e-07,2.2904123307665324e-07,0.05795336095445478,3.294103173989313e-05
0.1482,89.98851208011769,90.0,0.17476580856793725,0.07678413948913226,0.0001996714357691699,2.6087023159059434e-05,11.99999999736858,0.0003881739922281265,0.0067789684983360155,2.192849388137358e-07,2.192849388137358e-07,0.05825526952264575,3.2347832692770605e-05
0.1484,89.98854712128073,90.0,0.17564588778828558,0.07457678321314454,0.00019461251368604353,2.6007450910211974e-05,11.999999997481698,0.0003811444183793398,0.006607214970822466,2.0985859230749022e-07,2.0985859230749022e-07,0.05854862926276186,3.1762034871610514e-05
0.1486,89.98858233593025,90.0,0.1765006736913333,0.07239989841417685,0.00018962191114851943,2.5927484704433007e-05,11.999999997590965,0.000374202691048642,0.006437780934054673,2.0075291253237661e-07,2.0075291253237661e-07,0.058833557897111095,3.1183557593647025e-05
0.14880000000000002,89.98861771904248,90.0,0.17733051542383435,0.07025313788095261,0.00018469885671078265,2.5847135949764536e-05,11.999999997696495,0.0003673478518788581,0.006270640196971017,1.9195885055872505e-07,1.9195885055872505e-07,0.05911017180794478,3.061232099578115e-05
0.149,89.98865326566312,90.0,0.17813575815421412,0.06813615801791872,0.00017984258692104818,2.576641589656752e-05,11.99999999779839,0.0003605789522532571,0.006105766839912131,1.8346758418684338e-07,1.8346758418684338e-07,0.059378586051404704,3.0048246026617635e-05
0.1492,89.98868897090651,90.0,0.17891674311399786,0.06604861880978258,0.00017505234624343375,2.568533563934193e-05,11.999999997896754,0.0003538950532017031,0.00594313521196843,1.7527051269942664e-07,1.7527051269942664e-07,0.05963891437133262,2.9491254438644205e-05
0.1494,89.9887248299548,90.0,0.17967380763883245,0.06399018378590654,0.00017032738697945194,2.5603906118489044e-05,11.99999999799169,0.00034729522530602776,0.005782719928314727,1.673592517268191e-07,1.673592517268191e-07,0.059891269212944145,2.89412687803459e-05
0.1496,89.98876083805729,90.0,0.18040728520910082,0.06196051998562624,0.00016566696919161566,2.5522138122102606e-05,11.999999998083293,0.00034077854860831787,0.005624495867616581,1.5972562822716729e-07,1.5972562822716729e-07,0.060135761736366936,2.839821238856241e-05
0.14980000000000002,89.98879699052952,90.0,0.18111750549013841,0.059959297923058756,0.00016107036062580453,2.544004228767334e-05,11.99999999817166,0.0003343441125171573,0.005468438169394599,1.5236167557331288e-07,1.5236167557331288e-07,0.060372501830046145,2.786200938067488e-05
0.15,89.98883328275264,90.0,0.18180479437204689,0.0579861915528288,0.00015653683663573138,2.5357629103822345e-05,11.999999998256886,0.000327991015716767,0.005314522231460016,1.4525962874992617e-07,1.4525962874992617e-07,0.06060159812401563,2.7332584647034234e-05
0.1502,89.98886971017258,90.0,0.18246947400911467,0.05604087823634308,0.00015206568010864475,2.5274908912034485e-05,11.999999998339057,0.0003217183660777688,0.00516272370739226,1.3841191965692446e-07,1.3841191965692446e-07,0.060823158003038225,2.6809863843524873e-05
0.1504,89.98890626829935,90.0,0.18311186285885153,0.05412303870718327,0.00014765618138892636,2.519189190827622e-05,11.999999998418266,0.0003155252805646264,0.005013018503945032,1.318111725117842e-07,1.318111725117842e-07,0.06103728761961717,2.629377338385135e-05
0.1506,89.98894295270624,90.0,0.18373227572062648,0.052232357039184045,0.00014330763820792007,2.510858814478678e-05,11.999999998494598,0.0003094108851521084,0.004865382778663953,1.2545019936159096e-07,1.2545019936159096e-07,0.06124409190687549,2.5784240432577e-05
0.15080000000000002,89.9889797590292,90.0,0.18433102377393953,0.05036852061146963,0.00013901935560660804,2.5025007531580453e-05,11.999999998568136,0.0003033743147309613,0.004719792937261384,1.1932199568204638e-07,1.1932199568204638e-07,0.061443674591313176,2.528119289726338e-05
0.151,89.98901668296604,90.0,0.1849084146162935,0.048531220076891375,0.00013479064586619194,2.494115983817996e-05,11.999999998638962,0.0002974147130250824,0.004576225631259603,1.1341973608445584e-07,1.1341973608445584e-07,0.061636138205431165,2.4784559421567926e-05
0.1512,89.9890537202757,90.0,0.1854647523007039,0.046720149329904266,0.00013062082843732053,2.4857054695263194e-05,11.999999998707159,0.0002915312325064957,0.004434657755588043,1.0773677011419657e-07,1.0773677011419657e-07,0.061821584100234625,2.4294269378158693e-05
0.1514,89.98909086677762,90.0,0.18600033737284044,0.04493500547282636,0.0001265092298654945,2.477270159613658e-05,11.9999999987728,0.00028572303430447006,0.004295066446050739,1.022666181358696e-07,1.022666181358696e-07,0.06200011245761348,2.3810252861140833e-05
0.1516,89.98912811835096,90.0,0.18651546690778245,0.0431754887858351,0.0001224551837251628,2.4688109898468508e-05,11.999999998835964,0.0002799892881273097,0.00415742907708886,9.700296732056692e-08,9.700296732056692e-08,0.062171822302594146,2.3332440679539124e-05
0.15180000000000002,89.989165470934,90.0,0.18701043454643038,0.041441302693890784,0.00011845803054659558,2.4603288825733795e-05,11.999999998896723,0.0002743291721732612,0.0040217232592979985,9.193966771121706e-08,9.193966771121706e-08,0.06233681151547679,2.286076434987358e-05
0.152,89.98920292052338,90.0,0.18748553053153796,0.0397321537363211,0.00011451711774893456,2.4518247468831537e-05,11.99999999895515,0.000268741873050372,0.003887926837155186,8.707072838257243e-08,8.707072838257243e-08,0.06249517684384599,2.2395156089480962e-05
0.1522,89.98924046317346,90.0,0.18794104174339651,0.03804775153618151,0.00011063179957267901,2.4432994787645138e-05,11.999999999011315,0.0002632265856953292,0.003756017886726757,8.239031368459401e-08,8.239031368459401e-08,0.0626470139144655,2.1935548809751376e-05
0.1524,89.98927809499564,90.0,0.18837725173516745,0.0363878087683297,0.00010680143700912524,2.4347539612457954e-05,11.999999999065288,0.00025778251328759864,0.003625974713272771,7.789273956479516e-08,7.789273956479516e-08,0.06279241724505581,2.1481876108973167e-05
0.1526,89.9893158121577,90.0,0.18879444076784965,0.034752041130497346,0.00010302539773677071,2.4261890645571102e-05,11.99999999911713,0.00025240886717368917,0.003497775849087895,7.357246998005995e-08,7.357246998005995e-08,0.06293148025594988,2.1034072266021626e-05
0.15280000000000002,89.98935361088316,90.0,0.18919288584491503,0.03314016731233771,9.930305605294813e-05,2.417605646271906e-05,11.99999999916691,0.000247104866784175,0.003371400051180338,6.942411338174289e-08,6.942411338174289e-08,0.06306429528163834,2.059207223344417e-05
0.153,89.9893914874506,90.0,0.18957286074658952,0.03155190896567972,9.563379280823896e-05,2.4090045514543067e-05,11.99999999921469,0.00024186973955464802,0.00324682629904515,6.544241928171872e-08,6.544241928171872e-08,0.06319095358219651,2.0155811630873047e-05
0.1532,89.98942943819304,90.0,0.18993463606379318,0.02998699067596767,9.20169953436194e-05,2.400386612812228e-05,11.999999999260533,0.00023670272085053826,0.0031240337925302884,6.162227489720941e-08,6.162227489720941e-08,0.06331154535459772,1.9725226738760368e-05
0.1534,89.9894674594973,90.0,0.19027847923175326,0.028445139932026187,8.845205742365357e-05,2.3917526508331608e-05,11.999999999304496,0.00023160305388590565,0.003003001949568486,5.795870186547502e-08,5.795870186547502e-08,0.06342615974391776,1.9300254491610756e-05
0.15360000000000001,89.98950554780342,90.0,0.19060465456327055,0.026926087097020206,8.493837917244014e-05,2.3831034739257297e-05,11.999999999346638,0.0002265699896461273,0.0028837104040025977,5.444685303440597e-08,5.444685303440597e-08,0.06353488485442352,1.8880832471538608e-05
0.15380000000000002,89.98954369960391,90.0,0.19091342328165342,0.02542956538129975,8.147536701392725e-05,2.3744398785728105e-05,11.999999999387015,0.0002216027868168809,0.0027661390035592587,5.108200932857619e-08,5.108200932857619e-08,0.06363780776055114,1.846689890235007e-05
0.154,89.9895819114433,90.0,0.19120504355334,0.023955310812127092,7.806243360490285e-05,2.365762649455758e-05,11.999999999425686,0.00021670071170211254,0.0026502678075738624,4.7859576677494985e-08,4.7859576677494985e-08,0.06373501451778,1.8058392642706975e-05
0.1542,89.98962017991738,90.0,0.19147977052017454,0.022503062206729818,7.469899777572055e-05,2.3570725596017433e-05,11.999999999462698,0.00021186303815328081,0.002536077084978167,4.47750830198707e-08,4.47750830198707e-08,0.06382659017339151,1.7655253180230585e-05
0.1544,89.98965850167274,90.0,0.19173785633137386,0.02107256114436451,7.138448446867676e-05,2.348370370519535e-05,11.99999999949811,0.00020708904749495836,0.0024235473122081615,4.182417537209548e-08,4.182417537209548e-08,0.06391261877712462,1.725742062530164e-05
0.15460000000000002,89.98969687340606,90.0,0.19197955017517476,0.019663551938116197,6.811832467573331e-05,2.3396568323295066e-05,11.999999999531969,0.000202378028449295,0.0023126591710897113,3.9002616961547585e-08,3.9002616961547585e-08,0.06399318339172493,1.6864835704765687e-05
0.15480000000000002,89.98973529186355,90.0,0.19220509831015747,0.018275781608925897,6.489995538141148e-05,2.3309326839080834e-05,11.999999999564324,0.00019772927706797046,0.0022033935468997725,3.630628442837842e-08,3.630628442837842e-08,0.06406836610338583,1.647743975626244e-05
0.155,89.98977375384044,90.0,0.19241474409627213,0.01690899985719108,6.172881949997784e-05,2.3221986530090814e-05,11.999999999595225,0.00019314209665553437,0.0020957315262338156,3.3731165084796305e-08,3.3731165084796305e-08,0.0641382480320907,1.609517472183744e-05
0.1552,89.98981225618027,90.0,0.19260872802553955,0.015562959036241551,5.860436581697683e-05,2.313455456396601e-05,11.99999999962472,0.00018861579769901323,0.0019896543950208186,3.127335423949463e-08,3.127335423949463e-08,0.06420290934184653,1.571798314207599e-05
0.1554,89.98985079577449,90.0,0.1927872877524481,0.01423741412659546,5.552604893255206e-05,2.3047037999808078e-05,11.99999999965285,0.00018414969780000673,0.0018851436365989898,2.892905258327937e-08,2.892905258327937e-08,0.06426242925081603,1.5345808150444503e-05
0.15560000000000002,89.98988936956168,90.0,0.19295065812405565,0.012932122709205353,5.249332920237261e-05,2.2959443789421622e-05,11.999999999679666,0.00017974312160308028,0.0017821809297101814,2.6694563631344916e-08,2.6694563631344916e-08,0.06431688604135188,1.4978593467323203e-05
0.1558,89.98992797452722,90.0,0.19309907120978506,0.011646844939488088,4.9505672680356365e-05,2.287177877858531e-05,11.999999999705205,0.00017539540072665773,0.0016807481465553088,2.4566291224408138e-08,2.4566291224408138e-08,0.06436635706992835,1.4616283394247212e-05
0.156,89.98996660770256,90.0,0.19323275633092213,0.010381343521059183,4.656255106066814e-05,2.2784049708265286e-05,11.99999999972951,0.00017110587369268237,0.001580827350825153,2.2540737085526944e-08,2.2540737085526944e-08,0.06441091877697405,1.4258822808044935e-05
0.1562,89.99000526616479,90.0,0.1933519400898123,0.009135383680953733,4.366344162315837e-05,2.2696263215915194e-05,11.999999999752625,0.00016687388586121603,0.0014824007958479694,2.0614498434334112e-08,2.0614498434334112e-08,0.06445064669660411,1.3906157155388006e-05
0.1564,89.99004394703603,90.0,0.19345684639877375,0.007908733144177619,4.080782717720341e-05,2.2608425836689557e-05,11.999999999774587,0.00016269878936252022,0.001385450922682832,1.8784265653826462e-08,1.8784265653826462e-08,0.06448561546625792,1.3558232447131369e-05
0.15660000000000002,89.9900826474829,90.0,0.19354769650871884,0.006701162109020943,3.799519600729421e-05,2.252054400468605e-05,11.999999999795438,0.00015857994303157313,0.0012899603582723343,1.70468200109418e-08,1.70468200109418e-08,0.06451589883623961,1.3214995252856368e-05
0.1568,89.99012136471602,90.0,0.19362470903749257,0.005512443220990426,3.522504181536357e-05,2.2432624054043306e-05,11.999999999815213,0.00015451671233760584,0.0011959119134845658,1.5399031426654662e-08,1.5399031426654662e-08,0.06454156967916419,1.2876392694998769e-05
0.157,89.9901600959895,90.0,0.19368809999791264,0.004342351550000678,3.249686367069786e-05,2.2344672220269854e-05,11.999999999833946,0.0001505084693247164,0.0011032885814125817,1.3837856301178603e-08,1.3837856301178603e-08,0.06456269999930422,1.2542372443899926e-05
0.1572,89.99019883860034,90.0,0.19373808282554783,0.0031906645650885985,2.9810165954027878e-05,2.2256694641341947e-05,11.999999999851676,0.0001465545925437228,0.0010120735354762552,1.2360335384820073e-08,1.2360335384820073e-08,0.06457936094184928,1.2212882712127855e-05
0.1574,89.99023758988803,90.0,0.19377486840620692,0.0020571621098868227,2.716445830336095e-05,2.2168697358830246e-05,11.999999999868436,0.00014265446698644193,0.0009222501275832421,1.0963591698333992e-08,1.0963591698333992e-08,0.06459162280206898,1.1887872249000495e-05
0.15760000000000002,89.99027634723393,90.0,0.19379866510314644,0.000941626380267068,2.4559255564853388e-05,2.2080686319170995e-05,11.999999999884263,0.00013880748402728767,0.0008338018864610719,9.644828503165319e-09,9.644828503165319e-09,0.06459955503438215,1.1567290335718869e-05
0.1578,89.99031510806087,90.0,0.19380967878402236,-0.00015615810085739515,2.1994077737011967e-05,2.1992667374677157e-05,11.999999999899185,0.00013501304135485033,0.000746712515762752,8.40132731430898e-09,8.40132731430898e-09,0.06460322626134078,1.1251086779665384e-05
0.158,89.99035386983257,90.0,0.19380811284755306,-0.0012364045054837891,1.9468449922449483e-05,2.1904646284780676e-05,11.999999999913236,0.00013127054291451508,0.0006609658924288406,7.230445962311518e-09,7.230445962311518e-09,0.06460270428251769,1.0939211909622018e-05
0.1582,89.99039263005324,90.0,0.19379416824993054,-0.002299323724961832,1.698190227379013e-05,2.1816628717043636e-05,11.999999999926445,0.00012757939884227998,0.0005765460648508994,6.1296166965842325e-09,6.1296166965842325e-09,0.06459805608331018,1.0631616570255166e-05
0.1584,89.99043138626696,90.0,0.1937680435309522,-0.003345124392270027,1.4533969944605739e-05,2.1728620248313843e-05,11.999999999938844,0.00012393902540587987,0.0004934372512057504,5.096344334475725e-09,5.096344334475725e-09,0.06458934784365074,1.0328252117209291e-05
0.15860000000000002,89.99047013605735,90.0,0.1937299348398965,-0.004374012904289459,1.2124193040328373e-05,2.164062636585155e-05,11.999999999950461,0.00012034884494573952,0.00041162383778892625,4.128204452519519e-09,4.128204452519519e-09,0.06457664494663216,1.0029070412186363e-05
0.1588,89.99050887704698,90.0,0.1936800359611442,-0.005386193445142851,9.752116566643005e-06,2.1552652468340576e-05,11.999999999961325,0.00011680828581205947,0.0003310903772625712,3.2228416180861383e-09,3.2228416180861383e-09,0.06456001198704807,9.734023817702995e-06
0.159,89.99054760689694,90.0,0.1936185383395318,-0.00638186800809487,7.417290381213045e-06,2.1464703866986146e-05,11.999999999971465,0.0001133167823066975,0.00025182158701649227,2.3779676630118996e-09,2.3779676630118996e-09,0.06453951277984393,9.443065192247247e-06
0.1592,89.99058632330645,90.0,0.1935456311054541,-0.007361236417811722,5.119269144536849e-06,2.137678578655492e-05,11.999999999980904,0.00010987377462363039,0.00017380234749970786,1.5913599965225982e-09,1.5913599965225982e-09,0.0645152103684847,9.156147885317102e-06
0.15940000000000001,89.99062502401222,90.0,0.19346150109971177,-0.008324496351554746,2.8576122732669766e-06,2.1288903366472796e-05,11.999999999989669,0.00010647870879292915,9.701770063560724e-05,8.608599578122746e-10,8.608599578122746e-10,0.06448716703323724,8.873225732751735e-06
0.15960000000000002,89.99066370678817,90.0,0.1933663328981158,-0.009271843361455478,6.318838909731171e-07,2.1201061661807187e-05,11.999999999997787,0.00010313103662081903,2.145284815032188e-05,1.8437120568434366e-10,1.8437120568434366e-10,0.06445544429937193,8.594253051736505e-06
0.1598,89.99070236944489,90.0,0.19326030883583742,-0.01020347089536966,-1.5583472178021163e-06,2.1113265644335938e-05,12.000000000005283,9.983021563448283e-05,-5.2906849987108894e-05,-4.401418535626659e-10,-4.401418535626659e-10,0.06442010294527914,8.31918463620324e-06
0.16,89.99074100982922,90.0,0.19314360903151837,-0.01111957031917249,-3.7135076568845645e-06,2.102552020347179e-05,12.000000000012175,9.657570902170498e-05,-0.00012607587723990806,-1.014655602913767e-09,-1.014655602913767e-09,0.06438120301050612,8.047975751800584e-06
0.1602,89.99077962582383,90.0,0.19301641141112594,-0.01202033093656657,-5.8340194620242514e-06,2.0937830147360223e-05,12.000000000018492,9.336698557895215e-05,-0.00019806856198230485,-1.5410887141847625e-09,-1.5410887141847625e-09,0.06433880380370866,7.780582131567356e-06
0.16040000000000001,89.9908182153467,90.0,0.1928788917315812,-0.012905940010704274,-7.920300148719227e-06,2.0850200203803912e-05,12.000000000024254,9.020351965301055e-05,-0.00026889907912318366,-2.0213036140262927e-09,-2.0213036140262927e-09,0.06429296391052707,7.5169599710690196e-06
0.16060000000000002,89.99085677635081,90.0,0.1927312236041394,-0.01377658278368793,-9.97276275510663e-06,2.076263502133166e-05,12.000000000029484,8.708479108980038e-05,-0.00033858145156226215,-2.4571079146757104e-09,-2.4571079146757104e-09,0.06424374120137981,7.257065924132201e-06
0.1608,89.99089530682359,90.0,0.19257357851754683,-0.014632442498600129,-1.1991815890794573e-05,2.0675139170036197e-05,12.000000000034202,8.401028517427078e-05,-0.0004071295518479639,-2.8502558127935856e-09,-2.8502558127935856e-09,0.06419119283918227,7.000857097835945e-06
0.161,89.9909338047866,90.0,0.19240612586094544,-0.015473700418339453,-1.39778637782547e-05,2.0587717142643122e-05,12.00000000003843,8.097949258118267e-05,-0.0004745571035827213,-3.202449454066787e-09,-3.202449454066787e-09,0.06413537528698182,6.748291048410278e-06
0.1612,89.99097226829505,90.0,0.19222903294656155,-0.01630053584664176,-1.5931306299349152e-05,2.0500373355377583e-05,12.000000000042185,7.799190931817096e-05,-0.0005408776830025947,-3.515340267067708e-09,-3.515340267067708e-09,0.06407634431552052,6.4993257764913995e-06
0.16140000000000002,89.99101069543744,90.0,0.19204246503215372,-0.017113126146633517,-1.78525390361156e-05,2.041311214900433e-05,12.000000000045485,7.504703667718619e-05,-0.0006061047203619494,-3.790530264920541e-09,-3.790530264920541e-09,0.06401415501071792,6.2539197230751446e-06
0.16160000000000002,89.99104908433506,90.0,0.19184658534324792,-0.01791164676157536,-1.9741953316697314e-05,2.03259377896655e-05,12.000000000048356,7.214438117820123e-05,-0.0006702515014928101,-4.029573317397013e-09,-4.029573317397013e-09,0.06394886178108264,6.012031764825876e-06
0.1618,89.99108743314171,90.0,0.19164155509513528,-0.018696271234207532,-2.1599936258031872e-05,2.023885446980512e-05,12.000000000050807,6.928345451759478e-05,-0.0007333311692541686,-4.233976392595056e-09,-4.233976392595056e-09,0.06388051836504509,5.77362120977512e-06
0.162,89.99112574004317,90.0,0.19142753351464792,-0.01946717122507613,-2.3426870806182963e-05,2.015186630915134e-05,12.000000000052863,6.646377351990902e-05,-0.0007953567249012735,-4.405200769261829e-09,-4.405200769261829e-09,0.06380917783821598,5.538647793301352e-06
0.1622,89.99116400325693,90.0,0.19120467786172501,-0.020224516532696746,-2.5223135780991714e-05,2.006497735552536e-05,12.000000000054536,6.36848600830974e-05,-0.0008563410296015706,-4.544663221111979e-09,-4.544663221111979e-09,0.063734892620575,5.307071673567331e-06
0.16240000000000002,89.99120222103167,90.0,0.19097314345074765,-0.020968475111975304,-2.698910591668051e-05,1.9978191585765923e-05,12.000000000055845,6.0946241129646275e-05,-0.0009162968058132272,-4.653737172763144e-09,-4.653737172763144e-09,0.06365771448358254,5.078853427446887e-06
0.1626,89.99124039164703,90.0,0.19073308367166286,-0.021699213092689185,-2.8725151902621873e-05,1.9891512906624853e-05,12.000000000056804,5.824744855734077e-05,-0.0009752366386692612,-4.733753828487735e-09,-4.733753828487735e-09,0.06357769455722095,4.8539540464220875e-06
0.1628,89.99127851341302,90.0,0.19048465001089548,-0.022416894798027723,-3.043164042427076e-05,1.9804945155633814e-05,12.000000000057433,5.558801918967633e-05,-0.0010331729773672173,-4.786003274322419e-09,-4.786003274322419e-09,0.06349488333696517,4.632334932450857e-06
0.163,89.99131658466987,90.0,0.1902279920720481,-0.023121682763191598,-3.210893420425897e-05,1.9718492101942078e-05,12.000000000057742,5.296749472591814e-05,-0.0010901181365643479,-4.811735554068497e-09,-4.811735554068497e-09,0.0634093306906827,4.4139578938052726e-06
0.1632,89.9913546037875,90.0,0.18996325759638755,-0.02381373775369472,-3.3757392042818594e-05,1.963215744715433e-05,12.000000000057746,5.038542169204165e-05,-0.001146084297750014,-4.812161719707e-09,-4.812161719707e-09,0.06332108586546252,4.198785140983266e-06
0.16340000000000002,89.99139256916519,90.0,0.18969059248312167,-0.024493218782662637,-3.5377368855883734e-05,1.9545944826226276e-05,12.000000000057462,4.7841351395002084e-05,-0.0012010835105392627,-4.788454856848034e-09,-4.788454856848034e-09,0.06323019749437389,3.98677928289775e-06
0.1636,89.99143047923117,90.0,0.1894101408094782,-0.025160283128920102,-3.6969215715059975e-05,1.9459857808273555e-05,12.0000000000569,4.533483987413206e-05,-0.001255127694029814,-4.741751085846703e-09,-4.741751085846703e-09,0.06313671360315941,3.7779033228264245e-06
0.1638,89.99146833244242,90.0,0.18912204485057613,-0.025815086355144453,-3.853327988777169e-05,1.9373899897351747e-05,12.000000000056078,4.2865447852166184e-05,-0.0013082286381650883,-4.67315053897616e-09,-4.67315053897616e-09,0.06304068161685872,3.5721206543304888e-06
0.164,89.99150612728411,90.0,0.188826445099089,-0.026457782325018053,-4.0069904875093236e-05,1.92880745332942e-05,12.000000000055005,4.0432740689587126e-05,-0.0013603980050185976,-4.5837183142747065e-09,-4.5837183142747065e-09,0.062942148366363,3.3693950574501494e-06
0.1642,89.99154386226935,90.0,0.18852348028471203,-0.027088523219751085,-4.157943044813083e-05,1.9202385092578722e-05,12.000000000053694,3.8036288341014774e-05,-0.0014116473300291332,-4.474485406714292e-09,-4.474485406714292e-09,0.06284116009490401,3.169690695070382e-06
0.16440000000000002,89.99158153593882,90.0,0.1882132873934395,-0.027707459556116535,-4.3062192687961556e-05,1.9116834889049826e-05,12.000000000052157,3.5675665306225774e-05,-0.0014619880233567196,-4.346449616896518e-09,-4.346449616896518e-09,0.06273776246447983,2.972972108839226e-06
0.1646,89.99161914686046,90.0,0.18789600168663603,-0.028314740203485844,-4.451852402325985e-05,1.9031427174698762e-05,12.000000000050406,3.335045058448956e-05,-0.0015114313711600568,-4.200576437959086e-09,-4.200576437959086e-09,0.06263200056221202,2.7792042153624557e-06
0.1648,89.99165669362904,90.0,0.18757175671991203,-0.028910512399526234,-4.594875326481784e-05,1.89461651405302e-05,12.000000000048454,3.1060227633403084e-05,-0.001559988536768507,-4.037799921444465e-09,-4.037799921444465e-09,0.06252391890663735,2.588352302773139e-06
0.165,89.99169417486588,90.0,0.1872406843618196,-0.02949492176777851,-4.7353205644482514e-05,1.88610519172556e-05,12.00000000004631,2.8804584321086895e-05,-0.001607670562004036,-3.859023521966309e-09,-3.859023521966309e-09,0.062413561453939864,2.4003820267479777e-06
0.1652,89.99173158921856,90.0,0.18690291481234728,-0.03006811233424356,-4.873220285179884e-05,1.8776090576044357e-05,12.000000000043983,2.6583112881673558e-05,-0.0016544883684252694,-3.6651209215919705e-09,-3.6651209215919705e-09,0.06230097160411576,2.2152594067980106e-06
0.16540000000000002,89.99176893536047,90.0,0.18655857662122435,-0.030630226542992304,-5.0086063068391575e-05,1.8691284129332696e-05,12.000000000041483,2.4395409874045632e-05,-0.0017004527584947758,-3.456936834565682e-09,-3.456936834565682e-09,0.06218619220707478,2.0329508228301083e-06
0.1656,89.99180621199058,90.0,0.1862077967060464,-0.031181405272591996,-5.141510100427634e-05,1.8606635531545932e-05,12.000000000038824,2.2241076137620805e-05,-0.0017455744168118513,-3.2352877923391507e-09,-3.2352877923391507e-09,0.06206926556868213,1.853423011462404e-06
0.1658,89.99184341783308,90.0,0.18585070037021284,-0.03172178785227008,-5.2719627933578765e-05,1.852214767982073e-05,12.00000000003601,2.0119716748914833e-05,-0.0017898639113252052,-3.0009629095716564e-09,-3.0009629095716564e-09,0.06195023345673761,1.676643062404538e-06
0.166,89.99188055163705,90.0,0.18548741132067906,-0.032251512077108364,-5.3999951728008105e-05,1.8437823414785103e-05,12.000000000033058,1.803094098133292e-05,-0.0018333316944694111,-2.7547246318411638e-09,-2.7547246318411638e-09,0.061829137106893015,1.5025784151069375e-06
0.16620000000000001,89.99191761217617,90.0,0.18511805168553427,-0.0327707142247704,-5.525637689393546e-05,1.8353665521194003e-05,12.000000000029967,1.597436225952917e-05,-0.001875988104423735,-2.4973094645464452e-09,-2.4973094645464452e-09,0.06170601722851143,1.33119685495744e-06
0.16640000000000002,89.99195459824837,90.0,0.1847427420313884,-0.03327952907018589,-5.64892046047175e-05,1.8269676728709366e-05,12.000000000026752,1.3949598120708437e-05,-0.001917843366209545,-2.2294286847525142e-09,-2.2294286847525142e-09,0.061580914010462805,1.162466510056445e-06
0.1666,89.99199150867555,90.0,0.18436160138059,-0.033778089901064894,-5.769873273498015e-05,1.8185859712593446e-05,12.000000000023421,1.195627017293557e-05,-0.0019589075928542646,-1.9517690353278953e-09,-1.9517690353278953e-09,0.061453867126863335,9.963558477426862e-07
0.1668,89.99202834230329,90.0,0.1839747472282666,-0.034266528533164094,-5.8885255894342645e-05,1.8102217094402175e-05,12.00000000001998,9.994004054179721e-06,-0.0019991907865363244,-1.664993402140792e-09,-1.664993402140792e-09,0.06132491574275553,8.328336711802567e-07
0.167,89.99206509800044,90.0,0.18358229555919042,-0.034744975325309346,-6.004906546059232e-05,1.801875144267853e-05,12.000000000016437,8.062429392080044e-06,-0.0020387028397114678,-1.3697414747153561e-09,-1.3697414747153561e-09,0.061194098519730136,6.7186911600575e-07
0.16720000000000002,89.99210177465896,90.0,0.18318436086447168,-0.03521355919488789,-6.119044961397699e-05,1.7935465273588114e-05,12.0000000000128,6.1611797619646834e-06,-0.0020774535362769967,-1.0666303903431786e-09,-1.0666303903431786e-09,0.06106145362149056,5.134316468298426e-07
0.16740000000000002,89.99213837119358,90.0,0.18278105615807444,-0.03567240763167168,-6.230969336761647e-05,1.7852361051670276e-05,12.000000000009074,4.2898926505253955e-06,-0.002115452552604263,-7.562553631621128e-10,-7.562553631621128e-10,0.06092701871935815,3.5749105421017933e-07
0.1676,89.9921748865414,90.0,0.18237249299317415,-0.03612164671284107,-6.340707860073841e-05,1.7769441190473693e-05,12.00000000000527,2.4482094152242576e-06,-0.002152709458667045,-4.3919029707905496e-10,-4.3919029707905496e-10,0.06079083099772472,2.0401745126859853e-07
0.1678,89.99221131966179,90.0,0.18195878147834302,-0.03656140111776779,-6.448288409137138e-05,1.7686708053191975e-05,12.000000000001393,6.357752444134879e-07,-0.002189233719151498,-1.1598838357263594e-10,-1.1598838357263594e-10,0.06065292715944767,5.298127036778451e-08
0.168,89.99224766953591,90.0,0.18154003029356577,-0.0369917941418505,-6.553738554684253e-05,1.760416395335698e-05,11.999999999997446,-1.147760879381725e-06,-0.002225034694491568,2.1281731480041947e-10,2.1281731480041947e-10,0.06051334343118858,-9.564673994849745e-08
0.16820000000000002,89.99228393516658,90.0,0.18111634670609741,-0.03741294771155135,-6.657085563710127e-05,1.7521811155416636e-05,11.999999999993438,-2.902746220450944e-06,-0.002260121642000352,5.467132961732909e-10,5.467132961732909e-10,0.06037211556869914,-2.418955183710443e-07
0.16840000000000002,89.99232011557788,90.0,0.18068783658614826,-0.03782498239705878,-6.758356402251339e-05,1.7439651875486086e-05,11.999999999989377,-4.629524322785316e-06,-0.0022945037168137267,8.852050638099884e-10,8.852050638099884e-10,0.060229278862049415,-3.857936935657845e-07
0.1686,89.99235620981499,90.0,0.18025460442242394,-0.03822801742794646,-6.857577738867635e-05,1.735768828183879e-05,11.999999999985267,-6.32843505344265e-06,-0.0023281899730723454,1.227816586390235e-09,1.227816586390235e-09,0.06008486814080798,-5.27369587787535e-07
0.1688,89.99239221694377,90.0,0.17981675333748615,-0.03862217070502821,-6.954775947236225e-05,1.7275922495686576e-05,11.99999999998111,-7.999814632863474e-06,-0.0023611893648024223,1.5740897692948137e-09,1.5740897692948137e-09,0.05993891777916205,-6.666512194063389e-07
0.169,89.99242813605063,90.0,0.17937438510297735,-0.0390075588159316,-7.049977109616992e-05,1.7194356591641874e-05,11.999999999976918,-9.643995678160962e-06,-0.002393510747092189,1.9235839417194403e-09,1.9235839417194403e-09,0.05979146170099245,-8.036663065149593e-07
0.16920000000000002,89.99246396624221,90.0,0.17892760015466738,-0.03938429704758023,-7.143207019597073e-05,1.7112992598411056e-05,11.99999999997269,-1.1261307235829225e-05,-0.002425162877023698,2.2758753545961285e-09,2.2758753545961285e-09,0.059642533384889125,-9.384422696545712e-07
0.1694,89.99249970664505,90.0,0.17847649760735654,-0.03975249939918654,-7.234491184956441e-05,1.7031832499430032e-05,11.999999999968434,-1.2852074816320163e-05,-0.0024561544146457057,2.6305566914620583e-09,2.6305566914620583e-09,0.059492165869118846,-1.0710062346961643e-06
0.1696,89.99253535640541,90.0,0.17802117526963038,-0.04011227859645847,-7.323854830818982e-05,1.695087823338427e-05,11.999999999964153,-1.4416620432927953e-05,-0.0024864939240434817,2.9872365926519626e-09,2.9872365926519626e-09,0.05934039175654345,-1.2013850360809183e-06
0.1698,89.992570914689,90.0,0.1775617296584511,-0.040463746104512255,-7.411322902502963e-05,1.6870131694815463e-05,11.999999999959854,-1.5955262636306656e-05,-0.0025161898743065614,3.3455391906259105e-09,3.3455391906259105e-09,0.0591872432194837,-1.3296052196966695e-06
0.17,89.99260638068068,90.0,0.17709825601360163,-0.04080701214022403,-7.496920068242011e-05,1.6789594734757127e-05,11.999999999955538,-1.7468316547147384e-05,-0.002545250640452535,3.7051036566182695e-09,3.7051036566182695e-09,0.05903275200453388,-1.455693045601009e-06
0.17020000000000002,89.99264175358424,90.0,0.1766308483119877,-0.04114218568580463,-7.580670722193695e-05,1.6709269161254624e-05,11.999999999951214,-1.895609389319091e-05,-0.002573684504448477,4.0655837598311825e-09,4.0655837598311825e-09,0.05887694943732923,-1.5796744911056646e-06
0.1704,89.99267703262215,90.0,0.1761595992817845,-0.04146937450144647,-7.662598987232952e-05,1.6629156739942927e-05,11.99999999994688,-2.0418903043135394e-05,-0.002601499656159336,4.426647437175224e-09,4.426647437175224e-09,0.058719866427261506,-1.7015752536021484e-06
0.1706,89.99271221703529,90.0,0.17568460041643866,-0.041788685137413184,-7.742728717616935e-05,1.6549259194653344e-05,11.999999999942546,-2.1857049038715543e-05,-0.0026287041942526634,4.787976373527732e-09,4.787976373527732e-09,0.05856153347214622,-1.821420753235016e-06
0.1708,89.9927473060827,90.0,0.17520594198853134,-0.04210022294700172,-7.821083501855404e-05,1.646957820793351e-05,11.999999999938208,-2.3270833629900013e-05,-0.0026553061271731315,5.149265593518188e-09,5.149265593518188e-09,0.05840198066284378,-1.9392361358349868e-06
0.171,89.99278229904142,90.0,0.1747237130634931,-0.042404092098941165,-7.897686665451151e-05,1.639011542159632e-05,11.999999999933877,-2.4660555308242123e-05,-0.0026813133740729218,5.5102230633682455e-09,5.5102230633682455e-09,0.058241237687831036,-2.0550462756981674e-06
0.17120000000000002,89.99281719520609,90.0,0.17423800151317656,-0.04270039558923877,-7.972561273512845e-05,1.6310872437297696e-05,11.999999999929553,-2.602650933841541e-05,-0.002706733765698806,5.8705693024981526e-09,5.8705693024981526e-09,0.05807933383772552,-2.1688757782140165e-06
0.1714,89.99285199388889,90.0,0.1737488940292934,-0.042989235254257,-8.04573013365721e-05,1.6231850816998866e-05,11.99999999992524,-2.7368987794107238e-05,-0.0027315750453774483,6.230037006340756e-09,6.230037006340756e-09,0.057916298009764465,-2.2807489828564787e-06
0.1716,89.99288669441916,90.0,0.17325647613670153,-0.043270711781094706,-8.117215798282704e-05,1.6153052083630776e-05,11.99999999992094,-2.8688279584680772e-05,-0.002755844869787338,6.5883706764156835e-09,6.5883706764156835e-09,0.05775215871223384,-2.390689965405815e-06
0.1718,89.99292129614327,90.0,0.17276083220657318,-0.04354492472135474,-8.187040567636246e-05,1.6074477721469722e-05,11.999999999916657,-2.9984670493648548e-05,-0.0027795508099999603,6.945326263231798e-09,6.945326263231798e-09,0.057586944068857726,-2.4987225411547333e-06
0.17200000000000001,89.99295579842433,90.0,0.17226204546940532,-0.043811972501494045,-8.255226492082809e-05,1.5996129176772876e-05,11.999999999912392,-3.125844320541988e-05,-0.0028027003522503365,7.3006708152722535e-09,7.3006708152722535e-09,0.05742068182313511,-2.6048702671373405e-06
0.17220000000000002,89.99299020064198,90.0,0.17176019802791176,-0.04407195243478457,-8.321795374752972e-05,1.5918007858269437e-05,11.99999999990815,-3.250987733771052e-05,-0.002825300898835886,7.65418213866508e-09,7.65418213866508e-09,0.057253399342637255,-2.7091564448299464e-06
0.1724,89.9930245021922,90.0,0.17125537086977755,-0.04432496073343767,-8.386768774230267e-05,1.584011513762288e-05,11.999999999903931,-3.3739249474614195e-05,-0.0028473597690287945,8.005648466000954e-09,8.005648466000954e-09,0.05708512362325918,-2.811604122907025e-06
0.1726,89.99305870248703,90.0,0.17074764388027527,-0.04457109251982477,-8.45016800702884e-05,1.5762452349950946e-05,11.999999999899742,-3.494683319664125e-05,-0.002868884199917199,8.354868132985298e-09,8.354868132985298e-09,0.056915881293425084,-2.9122360997444357e-06
0.1728,89.99309280095437,90.0,0.17023709585475205,-0.044810441837162485,-8.51201414994741e-05,1.568502079437457e-05,11.99999999989558,-3.613289910899239e-05,-0.0028898813472043676,8.701649263033586e-09,8.701649263033586e-09,0.056745698618250684,-3.011074925775567e-06
0.17300000000000001,89.9931267970378,90.0,0.16972380451099464,-0.04504310166109293,-8.572328042633923e-05,1.5607821734480118e-05,11.99999999989145,-3.729771487301882e-05,-0.0029103582860794184,9.045809461124984e-09,9.045809461124984e-09,0.05657460150366488,-3.1081429061130174e-06
0.17320000000000002,89.9931606901963,90.0,0.16920784650146156,-0.04526916391143421,-8.631130290191497e-05,1.5530856398752727e-05,11.999999999887354,-3.84415452383638e-05,-0.0029303220121020515,9.387175516020973e-09,9.387175516020973e-09,0.05640261550048718,-3.2034621032270546e-06
0.1734,89.99319447990412,90.0,0.16868929742538066,-0.04548871946196634,-8.688441265326664e-05,1.5454125981154106e-05,11.999999999883293,-3.956465206839512e-05,-0.002949779441931892,9.725583108306257e-09,9.725583108306257e-09,0.056229765808460216,-3.2970543390649922e-06
0.1736,89.99322816565049,90.0,0.16816823184073454,-0.04570185815254735,-8.744281111043649e-05,1.537763164149811e-05,11.999999999879268,-4.06672943737858e-05,-0.0029687374142432143,1.0060876528726262e-08,1.0060876528726262e-08,0.056056077280244844,-3.3889411978495792e-06
0.1738,89.99326174693947,90.0,0.16764472327610735,-0.04590866879890451,-8.798669742796737e-05,1.530137450599965e-05,11.999999999875286,-4.174972833814008e-05,-0.0029872026904556826,1.039290840156517e-08,1.039290840156517e-08,0.05588157442536912,-3.4791440282144983e-06
0.17400000000000002,89.9932952232897,90.0,0.167118844242419,-0.046109239203689256,-8.851626850939362e-05,1.5225355667708019e-05,11.999999999871342,-4.281220734807454e-05,-0.003005181955565833,1.0721539416812999e-08,1.0721539416812999e-08,0.055706281414139656,-3.567683945711129e-06
0.17420000000000002,89.99332859423427,90.0,0.166590666244533,-0.04630365616700066,-8.903171903050421e-05,1.5149576186969164e-05,11.999999999867441,-4.385498202154719e-05,-0.0030226818189368716,1.1046638068983197e-08,1.1046638068983197e-08,0.055530222081511,-3.654581835169303e-06
0.1744,89.9933618593204,90.0,0.1660602597927437,-0.0464920054967399,-8.953324146222456e-05,1.50740370918879e-05,11.999999999863583,-4.487830023568554e-05,-0.0030397088150755256,1.1368080402797515e-08,1.1368080402797515e-08,0.05535341993091457,-3.73985835301631e-06
0.1746,89.99339501810937,90.0,0.1655276944141449,-0.04667437201915506,-9.002102609395717e-05,1.4998739378761264e-05,11.99999999985977,-4.588240715535684e-05,-0.003056269404424472,1.1685749765991855e-08,1.1685749765991855e-08,0.0551758981380483,-3.823533929657751e-06
0.1748,89.99342807017624,90.0,0.16499303866387735,-0.04685083958886127,-9.049526105570947e-05,1.492368401254076e-05,11.999999999856005,-4.686754526000575e-05,-0.0030723699741135933,1.1999536568248283e-08,1.1999536568248283e-08,0.05499767955462579,-3.905628771714012e-06
0.17500000000000002,89.9934610151097,90.0,0.164456360136262,-0.04702149109976686,-9.095613234235306e-05,1.4848871927207918e-05,11.999999999852289,-4.783395437371015e-05,-0.003088016838783592,1.2309338047786766e-08,1.2309338047786766e-08,0.05481878671208733,-3.986162864524912e-06
0.1752,89.99349385251188,90.0,0.16391772547580738,-0.04718640849369288,-9.140382383250496e-05,1.4774304026323208e-05,11.999999999848619,-4.878187168733548e-05,-0.0031032162412270204,1.261505804162514e-08,1.261505804162514e-08,0.05463924182526913,-4.065155973995906e-06
0.1754,89.99352658199808,90.0,0.16337720038811893,-0.047345672770986225,-9.183851731208088e-05,1.4699981183401611e-05,11.999999999845,-4.971153178766349e-05,-0.0031179743531879315,1.291660676446862e-08,1.291660676446862e-08,0.05445906679603964,-4.142627649025467e-06
0.1756,89.99355920319674,90.0,0.16283484965068618,-0.047499364001318795,-9.226039249829736e-05,1.462590424225929e-05,11.999999999841432,-5.0623166687249215e-05,-0.0031322972761767625,1.3213900594000687e-08,1.3213900594000687e-08,0.054278283216895394,-4.2185972239931795e-06
0.1758,89.99359171574908,90.0,0.1622907371235463,-0.04764756133182596,-9.266962705746821e-05,1.4552074017562503e-05,11.999999999837918,-5.151700584515089e-05,-0.0031461910420745383,1.3506861858892049e-08,1.3506861858892049e-08,0.054096912374515436,-4.293083820487227e-06
0.17600000000000002,89.99362411930905,90.0,0.16174492575985475,-0.047790342997958174,-9.306639662915421e-05,1.447849129514539e-05,11.999999999834454,-5.239327619712036e-05,-0.0031596616139527665,1.3795418635962512e-08,1.3795418635962512e-08,0.05391497525328492,-4.366106349820263e-06
0.1762,89.99365641354309,90.0,0.16119747761633096,-0.047927786332381705,-9.345087484576665e-05,1.4405156832472219e-05,11.999999999831047,-5.32522021791248e-05,-0.0031727148867389914,1.4079504550643548e-08,1.4079504550643548e-08,0.05373249253877699,-4.437683514989546e-06
0.1764,89.99368859812996,90.0,0.1606484538636028,-0.0480599677748034,-9.382323335434262e-05,1.433207135901294e-05,11.99999999982769,-5.4094005754139435e-05,-0.003185356687956077,1.4359058584146399e-08,1.4359058584146399e-08,0.05354948462120093,-4.507833812909682e-06
0.1766,89.99372067276059,90.0,0.1600979147964378,-0.04818696288128266,-9.418364183713467e-05,1.4259235576647653e-05,11.999999999824393,-5.491890643724333e-05,-0.0031975927784212393,1.4634024885424234e-08,1.4634024885424234e-08,0.05336597159881261,-4.576575536503917e-06
0.1768,89.99375263713783,90.0,0.15954591984386807,-0.04830884633303906,-9.453226803103357e-05,1.4186650160099956e-05,11.999999999821148,-5.572712131904299e-05,-0.003209428852905461,1.490435258778044e-08,1.490435258778044e-08,0.05318197328128936,-4.643926776656131e-06
0.17700000000000002,89.99378449097637,90.0,0.15899252757921412,-0.04842569194618551,-9.486927774916643e-05,1.4114315757283627e-05,11.999999999817959,-5.65188650923717e-05,-0.0032208705408667618,1.5169995631833693e-08,1.5169995631833693e-08,0.05299750919307137,-4.7099054244357576e-06
0.1772,89.99381623400251,90.0,0.15843779572999728,-0.04853757268059433,-9.519483490048067e-05,1.404223298970707e-05,11.999999999814829,-5.729435007606426e-05,-0.003231923407115085,1.543091259242795e-08,1.543091259242795e-08,0.05281259857666576,-4.77452917307903e-06
0.1774,89.99384786595404,90.0,0.15788178118775045,-0.04864456064933259,-9.550910151067062e-05,1.397040245282001e-05,11.999999999811756,-5.805378624077426e-05,-0.0032425929525227684,1.5687066511212572e-08,1.5687066511212572e-08,0.052627260395916815,-4.837815520140413e-06
0.1776,89.99387938658,90.0,0.15732454001772073,-0.048746727126525224,-9.581223773944079e-05,1.389882471647572e-05,11.99999999980874,-5.879738122942135e-05,-0.0032528846146106442,1.593842473196915e-08,1.593842473196915e-08,0.05244151333924025,-4.89978176919654e-06
0.1778,89.99391079564063,90.0,0.1567661274684821,-0.048844142557579295,-9.610440190329964e-05,1.3827500325191028e-05,11.99999999980578,-5.952534038587962e-05,-0.0032628037683219016,1.618495874373628e-08,1.618495874373628e-08,0.05225537582282737,-4.96044503223692e-06
0.17800000000000002,89.99394209290708,90.0,0.15620659798143072,-0.048936876566757714,-9.638575049217036e-05,1.3756429798608569e-05,11.999999999802881,-6.023786677456765e-05,-0.0032723557265860307,1.6426644025026734e-08,1.6426644025026734e-08,0.05206886599381024,-5.019822231296429e-06
0.1782,89.9939732781613,90.0,0.15564600520019367,-0.049024997966408246,-9.66564381898813e-05,1.3685613631814564e-05,11.999999999800039,-6.093516120583232e-05,-0.0032815457410144888,1.6663459894696867e-08,1.6663459894696867e-08,0.05188200173339789,-5.077930100570642e-06
0.1784,89.99400435119597,90.0,0.15508440197993184,-0.04910857476533437,-9.691661789266263e-05,1.3615052295714386e-05,11.999999999797256,-6.16174222584345e-05,-0.00329037900252867,1.689538936604342e-08,1.689538936604342e-08,0.05169480065997728,-5.13478518828963e-06
0.1786,89.99403531181417,90.0,0.15452184039654682,-0.04918767417703185,-9.716644072733982e-05,1.3544746237408138e-05,11.999999999794532,-6.228484630163656e-05,-0.003298860641977587,1.7122419004967518e-08,1.7122419004967518e-08,0.051507280132182275,-5.190403858558585e-06
0.17880000000000001,89.99406615982939,90.0,0.15395837175579372,-0.04926236262886005,-9.740605607172355e-05,1.3474695880479542e-05,11.999999999791864,-6.293762752059356e-05,-0.003306995730830121,1.7344538793565772e-08,1.7344538793565772e-08,0.05131945725193123,-5.244802293473767e-06
0.17900000000000002,89.99409689506523,90.0,0.15339404660228848,-0.04933270576928942,-9.763561157051401e-05,1.3404901625429295e-05,11.99999999978926,-6.357595793515455e-05,-0.003314789281714982,1.7561741995159484e-08,1.7561741995159484e-08,0.05113134886742949,-5.2979964946892546e-06
0.1792,89.99412751735538,90.0,0.15282891472843255,-0.04939876847716518,-9.785525315592833e-05,1.3335363849935077e-05,11.999999999786713,-6.420002742570525e-05,-0.0033222462491210238,1.7774025026025592e-08,1.7774025026025592e-08,0.050942971576144185,-5.350002285570528e-06
0.1794,89.99415802654343,90.0,0.1522630251832311,-0.04946061486940134,-9.806512506467071e-05,1.3266082909227115e-05,11.999999999784222,-6.481002375364834e-05,-0.0033293715299733888,1.7981387328847983e-08,1.7981387328847983e-08,0.05075434172774369,-5.400835312901143e-06
0.1796,89.99418842248264,90.0,0.15169642628102328,-0.049518308308552084,-9.826536985462586e-05,1.3197059136463752e-05,11.999999999781794,-6.540613258152057e-05,-0.003336169964200261,1.8183831249744735e-08,1.8183831249744735e-08,0.05056547542700776,-5.450511048559159e-06
0.17980000000000002,89.99421870503592,90.0,0.15112916561012565,-0.0495719114116826,-9.845612842460056e-05,1.312829284299147e-05,11.999999999779423,-6.598853749767143e-05,-0.003342646335403106,1.838136192077136e-08,1.838136192077136e-08,0.050376388536708554,-5.499044791573699e-06
0.18000000000000002,89.9942488740756,90.0,0.150561290041374,-0.0496214860576773,-9.863754003042366e-05,1.3059784318720434e-05,11.999999999777113,-6.655742003560063e-05,-0.0033488053714032726,1.857398714384192e-08,1.857398714384192e-08,0.050187096680458,-5.546451669736405e-06
0.1802,89.99427892948331,90.0,0.14999284573658136,-0.049667093395141526,-9.88097423024432e-05,1.2991533832442303e-05,11.99999999977486,-6.711295969540961e-05,-0.0033546517448360346,1.8761717278961697e-08,1.8761717278961697e-08,0.04999761524552712,-5.592746641389064e-06
0.1804,89.99430887114985,90.0,0.14942387815690567,-0.04970879385053212,-9.897287126356913e-05,1.2923541632119114e-05,11.999999999772665,-6.765533396610922e-05,-0.00336019007376315,1.8944565136196484e-08,1.8944565136196484e-08,0.04980795938563523,-5.637944497282577e-06
0.1806,89.99433869897506,90.0,0.14885443207112392,-0.04974664713544715,-9.912706134536102e-05,1.285580794522997e-05,11.99999999977053,-6.818471834508034e-05,-0.0033654249222190473,1.9122545869783977e-08,1.9122545869783977e-08,0.04961814402370797,-5.682059862198684e-06
0.18080000000000002,89.99436841286762,90.0,0.14828455156382328,-0.04978071225379971,-9.927244540385415e-05,1.278833297911772e-05,11.999999999768452,-6.870128635719102e-05,-0.003370360800748135,1.9295676875309758e-08,1.9295676875309758e-08,0.04942818385460777,-5.725107196543055e-06
0.18100000000000002,89.99439801274501,90.0,0.1477142800435094,-0.04981104751065213,-9.940915473927727e-05,1.2721116921191178e-05,11.999999999766432,-6.920520957972261e-05,-0.0033750021670742284,1.9463977692411342e-08,1.9463977692411342e-08,0.049238093347836465,-5.767100798422468e-06
0.1812,89.99442749853328,90.0,0.14714366025061423,-0.04983771051842345,-9.953731910964078e-05,1.2654159939329587e-05,11.99999999976447,-6.969665765826833e-05,-0.0033793534265618786,1.962746990683351e-08,1.962746990683351e-08,0.049047886750204744,-5.808054804969692e-06
0.1814,89.994456870167,90.0,0.14657273426543188,-0.04986075820441699,-9.965706674741944e-05,1.2587462182171522e-05,11.999999999762565,-7.017579832725414e-05,-0.003383418932782759,1.9786177057356187e-08,1.9786177057356187e-08,0.048857578088477294,-5.847983194053555e-06
0.1816,89.99448612758906,90.0,0.1460015435159691,-0.049880246818584634,-9.976852437679845e-05,1.2521023779374895e-05,11.999999999760718,-7.064279743133949e-05,-0.0033872029881011822,1.994012454600258e-08,1.994012454600258e-08,0.04866718117198971,-5.8868997860623435e-06
0.18180000000000002,89.9945152707506,90.0,0.14543012878570621,-0.04989623194080983,-9.987181722980459e-05,1.2454844841905854e-05,11.999999999758927,-7.10978189452138e-05,-0.003390709844221761,2.0089339550422984e-08,2.0089339550422984e-08,0.0484767095952354,-5.924818245553509e-06
0.182,89.99454429961084,90.0,0.1448585302212746,-0.04990876848772005,-9.996706906134685e-05,1.2388925462356569e-05,11.999999999757193,-7.154102499182103e-05,-0.003393943702700048,2.023385093838422e-08,2.023385093838422e-08,0.04828617674042486,-5.961752082772382e-06
0.1822,89.99457321413693,90.0,0.1442867873400565,-0.04991791071903448,-0.00010005440216317982,1.232326571529192e-05,11.999999999755516,-7.197257585902988e-05,-0.0033969087154165994,2.037368918429183e-08,2.037368918429183e-08,0.04809559578001884,-5.997714655041352e-06
0.1824,89.99460201430395,90.0,0.14371493903771176,-0.04992371224629688,-0.00010013393738345116,1.2257865657393938e-05,11.999999999753893,-7.239263002461488e-05,-0.003399608985240626,2.0508886291827373e-08,2.0508886291827373e-08,0.04790497967923725,-6.032719168841631e-06
0.1826,89.99463070009462,90.0,0.1431430235956046,-0.04992622603862723,-0.00010020579413929138,1.2192725327837373e-05,11.999999999752326,-7.280134417098302e-05,-0.0034020485664574235,2.0639475714848178e-08,2.0639475714848178e-08,0.04771434119853486,-6.066778681040467e-06
0.18280000000000002,89.99465927149926,90.0,0.1425710786881646,-0.049925504429446405,-0.00010027009043168586,1.2127844748578604e-05,11.999999999750813,-7.319887320331609e-05,-0.003404231465273286,2.0765492282204388e-08,2.0765492282204388e-08,0.047523692896054855,-6.099906100403009e-06
0.183,89.99468772851571,90.0,0.14199914139017053,-0.04992159912415983,-0.00010032694286259773,1.206322392455785e-05,11.999999999749356,-7.358537027108802e-05,-0.0034061616403968367,2.088697212641775e-08,2.088697212641775e-08,0.04733304713005685,-6.132114189385417e-06
0.1832,89.99471607114913,90.0,0.14142724818394617,-0.04991456120558574,-0.00010037646664682803,1.1998862844074762e-05,11.999999999747953,-7.396098678183302e-05,-0.003407843003441693,2.1003952611450597e-08,2.1003952611450597e-08,0.04714241606131539,-6.163415565282207e-06
0.1834,89.99474429941193,90.0,0.14085543496649375,-0.0499044411421396,-0.0001004187756303268,1.1934761478932847e-05,11.999999999746603,-7.432587242450246e-05,-0.003409279419548132,2.111647226684726e-08,2.111647226684726e-08,0.04695181165549792,-6.193822702172664e-06
0.1836,89.99477241332364,90.0,0.14028373705653405,-0.04989128879375532,-0.00010045398230322369,1.1870919784757278e-05,11.999999999745306,-7.468017518504937e-05,-0.003410474707825496,2.1224570720832822e-08,2.1224570720832822e-08,0.04676124568551135,-6.223347932219535e-06
0.18380000000000002,89.9948004129108,90.0,0.13971218920147818,-0.04987515341771223,-0.00010048219781264616,1.1807337701312668e-05,11.99999999974406,-7.50240413617332e-05,-0.00341143264178737,2.132828863547343e-08,2.132828863547343e-08,0.04657072973382606,-6.252003446944445e-06
0.184,89.99482829820683,90.0,0.1391408255843329,-0.049856083675789475,-0.00010050353197864876,1.1744015152705311e-05,11.999999999742869,-7.535761558506967e-05,-0.0034121569498923965,2.1427667645952065e-08,2.1427667645952065e-08,0.04638027519477764,-6.279801298890367e-06
0.1842,89.99485606925195,90.0,0.1385696798305238,-0.04983412764130618,-0.00010051809330988479,1.1680952047585404e-05,11.999999999741728,-7.568104083744173e-05,-0.0034126513160763357,2.1522750301790097e-08,2.1522750301790097e-08,0.04618989327684127,-6.306753403255882e-06
0.1844,89.99488372609304,90.0,0.13799878501463797,-0.04980933280391761,-0.00010052598901404096,1.1618148279522617e-05,11.999999999740638,-7.599445846499488e-05,-0.003412919380106329,2.1613580006789355e-08,2.1613580006789355e-08,0.045999595004879316,-6.3328715388864495e-06
0.18460000000000001,89.99491126878351,90.0,0.13742817366711155,-0.0497817460768209,-0.00010052732501391191,1.1555603727179432e-05,11.999999999739597,-7.629800819791684e-05,-0.0034129647381266393,2.170020096453652e-08,2.170020096453652e-08,0.045809391222370516,-6.358167349964377e-06
0.18480000000000002,89.9949386973833,90.0,0.1368578777808349,-0.04975141380349091,-0.00010052220596238549,1.1493318254513378e-05,11.999999999738609,-7.65918281691471e-05,-0.003412790943167409,2.178265812516612e-08,2.178265812516612e-08,0.04561929259361164,-6.382652347567955e-06
0.185,89.99496601195862,90.0,0.13628792881768043,-0.04971838176253124,-0.00010051073525303054,1.14312917111237e-05,11.999999999737668,-7.687605492661267e-05,-0.0034124015055041236,2.1860997131210468e-08,2.1860997131210468e-08,0.045429309605893475,-6.406337910691105e-06
0.1852,89.99499321258196,90.0,0.13571835771497484,-0.04968269517457996,-0.00010049301503549478,1.13695239324247e-05,11.999999999736776,-7.715082345261888e-05,-0.0034117998931803787,2.1935264268349768e-08,2.1935264268349768e-08,0.04523945257165828,-6.4292352878592675e-06
0.1854,89.99502029933193,90.0,0.13514919489189242,-0.049644398708038634,-0.0001004691462281608,1.130801473990576e-05,11.999999999735934,-7.741626717922042e-05,-0.003410989532437558,2.2005506416210087e-08,2.2005506416210087e-08,0.04504973163063081,-6.451355598410333e-06
0.18560000000000001,89.99504727229318,90.0,0.13458047025578246,-0.04960353648542021,-0.00010043922853225645,1.1246763941333555e-05,11.999999999735138,-7.767251800578137e-05,-0.003409973808193892,2.2071771001835746e-08,2.2071771001835746e-08,0.044860156751927484,-6.472709833957979e-06
0.18580000000000002,89.99507413155627,90.0,0.13401221320842424,-0.049560152088529846,-0.0001004033604432452,1.1185771331040955e-05,11.999999999734392,-7.791970631254404e-05,-0.0034087560644311646,2.2134105953121566e-08,2.2134105953121566e-08,0.044670737736141414,-6.4933088595223925e-06
0.186,89.99510087721762,90.0,0.13344445265222232,-0.04951428856498369,-0.00010036163926535128,1.1125036690100371e-05,11.999999999733689,-7.81579609788735e-05,-0.0034073396046878524,2.219255965590613e-08,2.219255965590613e-08,0.04448148421740744,-6.513163415050668e-06
0.1862,89.99512750937937,90.0,0.13287721699632726,-0.04946598843391281,-0.00010031416112418843,1.1064559786554868e-05,11.999999999733035,-7.838740939873198e-05,-0.003405727692487879,2.2247180911465445e-08,2.2247180911465445e-08,0.04429240566544242,-6.532284116706323e-06
0.1864,89.9951540281493,90.0,0.13231053416269126,-0.04941529369122089,-0.000100261020978353,1.1004340375678176e-05,11.999999999732424,-7.860817749465345e-05,-0.003403923551734207,2.2298018894910014e-08,2.2298018894910014e-08,0.04410351138756376,-6.550681458033854e-06
0.18660000000000002,89.99518043364071,90.0,0.13174443159206306,-0.04936224581546783,-0.00010020231263248727,1.0944378200176923e-05,11.999999999731859,-7.882038973392838e-05,-0.003401930367152346,2.2345123116052135e-08,2.2345123116052135e-08,0.04391481053068768,-6.568365811307469e-06
0.18680000000000002,89.99520672597235,90.0,0.13117893624991572,-0.049306885773659825,-0.00010013812875013184,1.0884672990392856e-05,11.999999999731337,-7.902416914451127e-05,-0.0033997512847266983,2.2388543381627256e-08,2.2388543381627256e-08,0.043726312083305234,-6.585347428856709e-06
0.187,89.99523290526832,90.0,0.13061407463230823,-0.04924925402694652,-0.00010006856086636845,1.082522446450508e-05,11.99999999973086,-7.921963733065314e-05,-0.003397389412129793,2.2428329758829954e-08,2.2428329758829954e-08,0.043538024877436084,-6.601636444369158e-06
0.1872,89.99525897165798,90.0,0.13004987277168145,-0.04918939053516098,-9.999369939776517e-05,1.0766032328818948e-05,11.999999999730425,-7.940691448457179e-05,-0.0033948478190599287,2.2464532538523556e-08,2.2464532538523556e-08,0.043349957590560484,-6.617242873862969e-06
0.1874,89.9952849252758,90.0,0.1294863562426021,-0.04912733476377426,-9.991363365797233e-05,1.0707096277852738e-05,11.999999999730033,-7.958611940652115e-05,-0.003392129537770666,2.2497202203456425e-08,2.2497202203456425e-08,0.043162118747534034,-6.632176617359301e-06
0.18760000000000002,89.99531076626138,90.0,0.12892355016742751,-0.04906312568754129,-9.982845186559246e-05,1.0648415994684326e-05,11.999999999729685,-7.97573695134567e-05,-0.003389237563338016,2.2526389392843916e-08,2.2526389392843916e-08,0.04297451672247583,-6.646447459604445e-06
0.18780000000000002,89.99533649475929,90.0,0.12836147922192795,-0.04899680179728566,-9.97382411593936e-05,1.0589991151037859e-05,11.999999999729376,-7.992078085860229e-05,-0.0033861748541769436,2.2552144872974018e-08,2.2552144872974018e-08,0.04278715974064265,-6.660065071700389e-06
0.188,89.99536211091896,90.0,0.12780016764083182,-0.04892840110444435,-9.964308760829428e-05,1.0531821407543762e-05,11.999999999729106,-8.007646814331191e-05,-0.0033829443323803617,2.2574519505714077e-08,2.2574519505714077e-08,0.04260005588027727,-6.673039012093301e-06
0.1882,89.99538761489465,90.0,0.12723963922331813,-0.048857961146605344,-9.9543076223676e-05,1.0473906413912083e-05,11.999999999728878,-8.022454473240776e-05,-0.0033795488841371485,2.259356421974542e-08,2.259356421974542e-08,0.042413213074439376,-6.685378727851693e-06
0.1884,89.99541300684535,90.0,0.12667991733844633,-0.04878551899260214,-9.943829097066703e-05,1.0416245809134711e-05,11.999999999728688,-8.03651226680272e-05,-0.003375991360115239,2.2609329982332948e-08,2.2609329982332948e-08,0.04222663911281544,-6.697093555820351e-06
0.18860000000000002,89.99543828693463,90.0,0.12612102493052693,-0.04871111124717026,-9.932881477840892e-05,1.0358839221716512e-05,11.999999999728537,-8.049831268199405e-05,-0.0033722745758101797,2.2621867771603978e-08,2.2621867771603978e-08,0.04204034164350897,-6.708192723651257e-06
0.1888,89.99546345533065,90.0,0.12556298452443931,-0.04863477405624084,-9.921472955181863e-05,1.0301686269848647e-05,11.999999999728425,-8.062422421043344e-05,-0.00336840131194446,2.2631228550922864e-08,2.2631228550922864e-08,0.041854328174813105,-6.718685351021506e-06
0.189,89.99548851220602,90.0,0.1250058182308888,-0.048556543112859674,-9.909611618481988e-05,1.0244786561524154e-05,11.99999999972835,-8.074296541059545e-05,-0.0033643743149167245,2.2637463245313862e-08,2.2637463245313862e-08,0.041668606076962926,-6.728580451035273e-06
0.1892,89.99551345773774,90.0,0.12444954775159571,-0.04847645366052461,-9.897305456754673e-05,1.0188139694855714e-05,11.999999999728313,-8.085464316878472e-05,-0.00336019629704634,2.2640622715075394e-08,2.2640622715075394e-08,0.041483182583865234,-6.737886930884609e-06
0.1894,89.9955382921071,90.0,0.12389419438444642,-0.048394540499667155,-9.88456236009024e-05,1.0131745258133456e-05,11.99999999972831,-8.095936311920653e-05,-0.0033558699370676744,2.264075773517016e-08,2.264075773517016e-08,0.04129806479481547,-6.74661359341996e-06
0.18960000000000002,89.9955630154996,90.0,0.12333977902856995,-0.04831083799118813,-9.871390120423931e-05,1.0075602830113833e-05,11.999999999728345,-8.105722965266184e-05,-0.0033513978803908413,2.2637918971202853e-08,2.2637918971202853e-08,0.041113259676189985,-6.754769137874734e-06
0.1898,89.9955876281049,90.0,0.12278632218937416,-0.048225380062423606,-9.857796432872558e-05,1.0019711980106304e-05,11.999999999728413,-8.114834593368769e-05,-0.0033467827395554984,2.263215696004093e-08,2.263215696004093e-08,0.040928774063124715,-6.7623621612936885e-06
0.19,89.99561213011673,90.0,0.12223384398351368,-0.04813820021088408,-9.843788896551343e-05,9.964072268233344e-06,11.999999999728518,-8.123281391003312e-05,-0.003342027094508172,2.2623522088051074e-08,2.2623522088051074e-08,0.04074461466117123,-6.769401159322574e-06
0.1902,89.99563652173276,90.0,0.12168236414381461,-0.04804933150970947,-9.829375015792405e-05,9.908683245545994e-06,11.999999999728654,-8.131073432810801e-05,-0.00333713349301594,2.2612064572848824e-08,2.2612064572848824e-08,0.0405607880479382,-6.7758945274955515e-06
0.1904,89.99566080315464,90.0,0.12113190202413733,-0.04795880661197208,-9.814562201094616e-05,9.8535444542261e-06,11.999999999728825,-8.1382206744485e-05,-0.003332104450988913,2.2597834444227202e-08,2.2597834444227202e-08,0.040377300674712444,-6.781850562193673e-06
0.19060000000000002,89.99568497458777,90.0,0.12058247660418936,-0.04786665775526494,-9.799357770140766e-05,9.798655427759651e-06,11.99999999972903,-8.144732953842501e-05,-0.003326942452825569,2.2580881526398238e-08,2.2580881526398238e-08,0.040194158868063115,-6.787277461688681e-06
0.1908,89.99570903624137,90.0,0.1200341064942861,-0.04777291676621745,-9.78376894879832e-05,9.74401569111011e-06,11.999999999729265,-8.150619992418723e-05,-0.0033216499517525165,2.2561255420984634e-08,2.2561255420984634e-08,0.04001136883142871,-6.792183327168843e-06
0.191,89.99573298832833,90.0,0.11948680994005967,-0.047677615066004264,-9.767802872352995e-05,9.689624760805093e-06,11.999999999729532,-8.155891396681562e-05,-0.0033162293702433013,2.2539005492333052e-08,2.2539005492333052e-08,0.039828936646686554,-6.79657616405449e-06
0.1912,89.99575683106514,90.0,0.11894060482710463,-0.047580783672924176,-9.751466586058056e-05,9.635482145254158e-06,11.99999999972983,-8.160556658782135e-05,-0.0033106831002048956,2.251418084925234e-08,2.251418084925234e-08,0.03964686827570155,-6.800463882471553e-06
0.19140000000000001,89.99578056467185,90.0,0.11839550868559408,-0.04748245320884509,-9.734767046587801e-05,9.581587344748797e-06,11.999999999730157,-8.16462515842765e-05,-0.0033050135034711674,2.2486830333325494e-08,2.2486830333325494e-08,0.039465169561864695,-6.803854298842706e-06
0.19160000000000002,89.99580418937195,90.0,0.11785153869482219,-0.04738265390199414,-9.717711122637442e-05,9.527939851751338e-06,11.999999999730516,-8.168106163530002e-05,-0.0032992229120065394,2.2457002502520998e-08,2.2457002502520998e-08,0.0392838462316074,-6.8067551364278606e-06
0.1918,89.99582770539239,90.0,0.1173087116877144,-0.047281415592189124,-9.700305596094097e-05,9.474539150981624e-06,11.999999999730903,-8.171008831702247e-05,-0.0032933136283035515,2.242474561919761e-08,2.242474561919761e-08,0.039102903895904796,-6.809174026571233e-06
0.192,89.99585111296338,90.0,0.1167670441552778,-0.047178767734920996,-9.682557162939873e-05,9.421384719590337e-06,11.999999999731319,-8.173342211361289e-05,-0.0032872879256894633,2.2390107637114633e-08,2.2390107637114633e-08,0.038922348051759266,-6.8111185096202424e-06
0.1922,89.99587441231847,90.0,0.11622655225100494,-0.047074739405726096,-9.664472434223217e-05,9.368476027303463e-06,11.999999999731763,-8.175115242934162e-05,-0.003281148048656031,2.2353136189575994e-08,2.2353136189575994e-08,0.038742184083668314,-6.812596035930751e-06
0.19240000000000002,89.99589760369433,90.0,0.11568725179522732,-0.04696935930377816,-9.646057936848447e-05,9.3158125366245e-06,11.999999999732234,-8.176336759797636e-05,-0.0032748962131275597,2.231387857709536e-08,2.231387857709536e-08,0.038562417265075775,-6.813613966650068e-06
0.19260000000000002,89.99592068733082,90.0,0.1151491582794278,-0.04686265575719881,-9.627320114767521e-05,9.263393702892269e-06,11.999999999732731,-8.17701548981588e-05,-0.0032685346068655166,2.2272381758278216e-08,2.2272381758278216e-08,0.038383052759809265,-6.814179574998336e-06
0.1928,89.99594366347083,90.0,0.11461228687049212,-0.046754656725796456,-9.608265329571281e-05,9.211218974540893e-06,11.999999999733255,-8.177160055991694e-05,-0.0032620653896692623,2.222869233752451e-08,2.222869233752451e-08,0.03820409562349737,-6.814300046811218e-06
0.193,89.99596653236028,90.0,0.11407665241492897,-0.046645389806248105,-9.588899861652212e-05,9.159287793157591e-06,11.999999999733806,-8.17677897796607e-05,-0.0032554906937708127,2.218285655698321e-08,2.218285655698321e-08,0.03802555080497632,-6.8139824817895454e-06
0.1932,89.995989294248,90.0,0.11354226944303092,-0.04653488223577748,-9.569229911016314e-05,9.107599593656019e-06,11.999999999734381,-8.175880673001074e-05,-0.0032488126241104775,2.2134920286878916e-08,2.2134920286878916e-08,0.03784742314767697,-6.813233894318372e-06
0.19340000000000002,89.99601194938573,90.0,0.11300915217299308,-0.0464231608961293,-9.54926159816472e-05,9.056153804420713e-06,11.999999999734982,-8.174473457068249e-05,-0.0032420332586361707,2.2084929016865957e-08,2.2084929016865957e-08,0.03766971739099769,-6.812061214373984e-06
0.19360000000000002,89.99603449802798,90.0,0.1124773145149862,-0.04631025231748015,-9.529000964960999e-05,9.004949847451542e-06,11.999999999735603,-8.172565545918275e-05,-0.0032351546485978704,2.2032927847859035e-08,2.2032927847859035e-08,0.03749243817166207,-6.8104712884152845e-06
0.1938,89.99605694043204,90.0,0.11194677007518482,-0.04619618268193115,-9.508453975401218e-05,8.953987138537052e-06,11.999999999736254,-8.170165056008887e-05,-0.0032281788188090557,2.1978961483801233e-08,2.1978961483801233e-08,0.03731559002506161,-6.808470880157048e-06
0.194,89.9960792768579,90.0,0.11141753215975576,-0.04608097782872181,-9.487626516786848e-05,8.903265087283341e-06,11.999999999736923,-8.167280006031731e-05,-0.0032211077680449176,2.1923074226502914e-08,2.1923074226502914e-08,0.03713917738658525,-6.806066671842319e-06
0.1942,89.99610150756813,90.0,0.11088961377878646,-0.045964663256162,-9.466524400131105e-05,8.852783097402976e-06,11.999999999737616,-8.163918317306737e-05,-0.0032139434691803134,2.1865309966169356e-08,2.1865309966169356e-08,0.036963204592928824,-6.8032652645710365e-06
0.19440000000000002,89.99612363282795,90.0,0.11036302765019157,-0.04584726412744222,-9.44515336147224e-05,8.802540566686089e-06,11.999999999738332,-8.160087815521264e-05,-0.0032066878696356375,2.1805712178136827e-08,2.1805712178136827e-08,0.03678767588339719,-6.800073179749333e-06
0.19460000000000002,89.99614565290501,90.0,0.10983778620355278,-0.04572880527279735,-9.423519062335074e-05,8.752536887260398e-06,11.999999999739067,-8.155796231210921e-05,-0.0031993428915335132,2.174432391473988e-08,2.174432391473988e-08,0.036612595401184264,-6.796496859490219e-06
0.1948,89.99616756806951,90.0,0.10931390158393363,-0.04560931119412254,-9.401627090766128e-05,8.702771445648975e-06,11.999999999739826,-8.151051201091476e-05,-0.003191910432050229,2.168118780125293e-08,2.168118780125293e-08,0.036437967194644545,-6.7925426677235e-06
0.195,89.99618937859397,90.0,0.10879138565564195,-0.04548880606809519,-9.37948296202008e-05,8.653243622943598e-06,11.999999999740604,-8.145860268876996e-05,-0.003184392363648793,2.1616346030102275e-08,2.1616346030102275e-08,0.036263795218547314,-6.7882168908775665e-06
0.1952,89.99621108475327,90.0,0.10827025000595607,-0.045367313749956374,-9.357092119400815e-05,8.603952794920292e-06,11.999999999741402,-8.140230886328894e-05,-0.003176790534364474,2.15498403564902e-08,2.15498403564902e-08,0.03609008333531869,-6.783525738753595e-06
0.19540000000000002,89.99623268682464,90.0,0.1077505059488079,-0.04524485777758769,-9.334459935172035e-05,8.554898332126023e-06,11.999999999742219,-8.13417041441035e-05,-0.0031691067681139627,2.14817120948783e-08,2.14817120948783e-08,0.035916835316269304,-6.778475345487573e-06
0.1956,89.99625418508748,90.0,0.10723216452841927,-0.04512146137481221,-9.311591711287028e-05,8.506079600023128e-06,11.999999999743057,-8.127686124175247e-05,-0.0031613428649431272,2.141200211475737e-08,2.141200211475737e-08,0.035744054842806426,-6.773071770291064e-06
0.1958,89.99627557982339,90.0,0.10671523652290058,-0.044997147454287484,-9.288492680023477e-05,8.457495959162664e-06,11.99999999974391,-8.120785197518457e-05,-0.003153500601242539,2.1340750836235403e-08,2.1340750836235403e-08,0.03557174550763352,-6.767320998076468e-06
0.196,89.99629687131612,90.0,0.10619973244781591,-0.044871938622128134,-9.265168005023033e-05,8.409146765213291e-06,11.999999999744784,-8.113474728527515e-05,-0.0031455817301004126,2.1267998228525292e-08,2.1267998228525292e-08,0.03539991081593864,-6.761228940583394e-06
0.1962,89.99631805985148,90.0,0.10568566255969568,-0.04474585718032342,-9.24162278181598e-05,8.361031369163513e-06,11.999999999745675,-8.105761724074283e-05,-0.003137587981480734,2.1193783805617527e-08,2.1193783805617527e-08,0.035228554186565224,-6.754801436871729e-06
0.19640000000000002,89.99633914571729,90.0,0.1051730368595212,-0.0446189251308923,-9.217862038752404e-05,8.313149117379441e-06,11.999999999746581,-8.097653105010255e-05,-0.0031295210625393965,2.111814662483526e-08,2.111814662483526e-08,0.03505767895317373,-6.74804425431772e-06
0.1966,89.99636012920337,90.0,0.10466186509616184,-0.04449116417890603,-9.193890737669203e-05,8.265499351749257e-06,11.999999999747505,-8.089155706973112e-05,-0.0031213826578506553,2.1041125284109005e-08,2.1041125284109005e-08,0.03488728836538728,-6.740963089286098e-06
0.1968,89.99638101060145,90.0,0.1041521567697775,-0.04436259573581788,-9.169713774629252e-05,8.218081409798771e-06,11.999999999748447,-8.080276281301923e-05,-0.0031131744296580798,2.096275792004096e-08,2.096275792004096e-08,0.034717385589925834,-6.7335635678927565e-06
0.197,89.99640179020518,90.0,0.10364392113518286,-0.044233240923450046,-9.145335980814673e-05,8.170894624749193e-06,11.999999999749402,-8.071021496182726e-05,-0.0031048980181778213,2.0883082207243054e-08,2.0883082207243054e-08,0.034547973711727624,-6.725851246959395e-06
0.19720000000000001,89.99642246830996,90.0,0.10313716720516611,-0.044103120575785304,-9.12076212290741e-05,8.123938325748257e-06,11.999999999750376,-8.061397937036941e-05,-0.0030965550417278247,2.0802135354854415e-08,2.0802135354854415e-08,0.03437905573505537,-6.717831614337195e-06
0.19740000000000002,89.99644304521303,90.0,0.10263190375378685,-0.04397225524392692,-9.09599690421073e-05,8.077211837841337e-06,11.99999999975136,-8.05141210800855e-05,-0.003088147097108581,2.0719954107905557e-08,2.0719954107905557e-08,0.03421063458459562,-6.709510090146146e-06
0.1976,89.99646352121331,90.0,0.10212813931961762,-0.043840665197782513,-9.071044965005482e-05,8.030714482202553e-06,11.999999999752362,-8.041070432320593e-05,-0.0030796757597240836,2.0636574744302354e-08,2.0636574744302354e-08,0.03404271310653921,-6.700892027072111e-06
0.1978,89.99648389661148,90.0,0.10162588220896572,-0.04370837043091802,-9.04591088364773e-05,7.984445576105894e-06,11.999999999753374,-8.030379253730986e-05,-0.0030711425839544766,2.0552033076620557e-08,2.0552033076620557e-08,0.03387529406965524,-6.691982711580023e-06
0.198,89.99650417170979,90.0,0.10112514049903974,-0.043575390662136504,-9.020599176901288e-05,7.938404433156333e-06,11.999999999754404,-8.019344836857845e-05,-0.0030625491032689562,2.0466364449521814e-08,2.0466364449521814e-08,0.03370838016634658,-6.682787364184976e-06
0.19820000000000002,89.99652434681208,90.0,0.10062592204109738,-0.0434417453391632,-8.995114300762947e-05,7.892590363347599e-06,11.999999999755445,-8.00797336823565e-05,-0.003053896830505939,2.0379603740441015e-08,2.0379603740441015e-08,0.03354197401369913,-6.673311140332374e-06
0.19840000000000002,89.99654442222379,90.0,0.10012823446355221,-0.04330745364227245,-8.969460651274529e-05,7.847002673119971e-06,11.999999999756499,-7.99627095735412e-05,-0.00304518725814876,2.0291785360444887e-08,2.0291785360444887e-08,0.033376078154517395,-6.663559131263649e-06
0.1986,89.99656439825185,90.0,0.09963208517503755,-0.04317253448643432,-8.943642564989391e-05,7.801640665533605e-06,11.999999999757565,-7.984243637187394e-05,-0.003036421858484053,2.0202943253256512e-08,2.0202943253256512e-08,0.033210695058345854,-6.653536364457249e-06
0.1988,89.9965842752046,90.0,0.09913748136744667,-0.043037006524848875,-8.917664319763623e-05,7.75650364032632e-06,11.999999999758643,-7.971897365205487e-05,-0.003027602083870366,2.0113110896485214e-08,2.0113110896485214e-08,0.033045827122482226,-6.643247804471522e-06
0.199,89.99660405339186,90.0,0.09864443001893211,-0.042900888152423405,-8.891530135534344e-05,7.711590893971376e-06,11.999999999759734,-7.959238024368836e-05,-0.003018729367002401,2.0022321303004542e-08,2.0022321303004542e-08,0.032881476672977375,-6.632698353773498e-06
0.19920000000000002,89.99662373312479,90.0,0.09815293789686524,-0.042764197507062784,-8.865244174587244e-05,7.666901719908593e-06,11.999999999760831,-7.946271423368209e-05,-0.0030098051210018426,1.9930607019500762e-08,1.9930607019500762e-08,0.032717645965621746,-6.62189285293882e-06
0.19940000000000002,89.9966433147159,90.0,0.09766301156078099,-0.042626952474491414,-8.838810542649903e-05,7.6224354084865745e-06,11.999999999761943,-7.933003298088831e-05,-0.0030008307397885476,1.9838000130184294e-08,1.9838000130184294e-08,0.03255433718692699,-6.6108360818718385e-06
0.1996,89.99666279847897,90.0,0.09717465736526736,-0.04248917069051156,-8.812233289386403e-05,7.578191247107152e-06,11.999999999763066,-7.919439312190424e-05,-0.0029918075982484703,1.9744532257122303e-08,1.9744532257122303e-08,0.03239155245508912,-6.599532760288991e-06
0.1998,89.99668218472905,90.0,0.09668788146282933,-0.04235086954287032,-8.785516408800782e-05,7.534168520398727e-06,11.999999999764196,-7.905585057553556e-05,-0.002982737052370636,1.965023456024667e-08,1.965023456024667e-08,0.03222929382094311,-6.587987548090753e-06
0.2,89.99670147378241,90.0,0.09620268980673084,-0.04221206617558318,-8.758663840215004e-05,7.49036651018738e-06,11.99999999976534,-7.89144605557829e-05,-0.0029736204395791684,1.9555137740969076e-08,1.9555137740969076e-08,0.03206756326891028,-6.57620504644384e-06
0.20020000000000002,89.99672066595645,90.0,0.09571908815378753,-0.04207277749070176,-8.731679468650028e-05,7.446784495670214e-06,11.999999999766489,-7.877027757601123e-05,-0.0029644590788626642,1.9459272042440215e-08,1.9459272042440215e-08,0.03190636271792918,-6.56418979812867e-06
0.20040000000000002,89.99673976156971,90.0,0.09523708206713925,-0.04193302015147443,-8.704567125532714e-05,7.403421753473125e-06,11.999999999767649,-7.862335545795742e-05,-0.0029552542710141933,1.9362667251924558e-08,1.9362667251924558e-08,0.03174569402237975,-6.551946288289981e-06
0.2006,89.99675876094189,90.0,0.0947566769189864,-0.04179281058545639,-8.677330589391349e-05,7.360277557708594e-06,11.999999999768816,-7.847374734058799e-05,-0.0029460072988674335,1.926535270327541e-08,1.926535270327541e-08,0.03158555897299546,-6.539478945174984e-06
0.2008,89.99677766439365,90.0,0.09427787789329033,-0.04165216498650376,-8.649973586290675e-05,7.317351180120126e-06,11.999999999769992,-7.832150568511697e-05,-0.0029367194274443655,1.9167357278048832e-08,1.9167357278048832e-08,0.03142595929776344,-6.526792140551516e-06
0.201,89.99679647224676,90.0,0.09380068998845145,-0.041511099318157774,-8.622499790592176e-05,7.2746418901111476e-06,11.999999999771177,-7.816668228485379e-05,-0.0029273919042133935,1.9068709408688735e-08,1.9068709408688735e-08,0.03126689666281715,-6.513890190528693e-06
0.20120000000000002,89.99681518482387,90.0,0.09332511801994776,-0.041369629315552325,-8.594912825369572e-05,7.232148954889449e-06,11.999999999772367,-7.800932826996456e-05,-0.0029180259592304107,1.8969437079850117e-08,1.8969437079850117e-08,0.031108372673315923,-6.500777355953696e-06
0.20140000000000002,89.99683380244869,90.0,0.09285116662295237,-0.04122777048871357,-8.567216263150042e-05,7.18987163949608e-06,11.999999999773564,-7.78494941170695e-05,-0.0029086228053904466,1.8869567831774212e-08,1.8869567831774212e-08,0.030950388874317458,-6.487457843211541e-06
0.2016,89.99685232544574,90.0,0.0923788402549126,-0.041085538125095244,-8.539413626477167e-05,7.147809206892019e-06,11.99999999977477,-7.768722965622007e-05,-0.0028991836386187916,1.876912876276343e-08,1.876912876276343e-08,0.03079294675163753,-6.473935804806516e-06
0.2018,89.99687075414049,90.0,0.09190814319810042,-0.0409429472913633,-8.511508388298735e-05,7.105960918102618e-06,11.999999999775984,-7.752258407529592e-05,-0.002889709638002657,1.8668146530786327e-08,1.8668146530786327e-08,0.03063604773270014,-6.460215339728593e-06
0.202,89.99688908885916,90.0,0.09143907956214217,-0.04080001283692808,-8.483503972763326e-05,7.064326032217608e-06,11.9999999997772,-7.735560593046958e-05,-0.0028802019660616233,1.8566647357580276e-08,1.8566647357580276e-08,0.03047969318738072,-6.446300494325485e-06
0.20220000000000002,89.99690732992887,90.0,0.09097165328650794,-0.04065674939599906,-8.455403755671954e-05,7.022903806506656e-06,11.999999999778424,-7.718634315158156e-05,-0.002870661768900972,1.846465703088399e-08,1.846465703088399e-08,0.03032388442883598,-6.432195262750565e-06
0.2024,89.99692547767745,90.0,0.09050586814297744,-0.04051317139031735,-8.427211065088439e-05,6.9816934964771435e-06,11.999999999779654,-7.701484304987982e-05,-0.002861090176418915,1.836220090770848e-08,1.836220090770848e-08,0.030168622714325813,-6.417903587607831e-06
0.2026,89.99694353243349,90.0,0.09004172773807424,-0.040369293031488784,-8.39892918185676e-05,6.9406943559608406e-06,11.999999999780888,-7.684115232439753e-05,-0.0028514883024822334,1.8259303917189654e-08,1.8259303917189654e-08,0.030013909246024748,-6.403429360483382e-06
0.2028,89.99696149452629,90.0,0.08957923551547407,-0.040225128323280485,-8.370561340110178e-05,6.899905637200569e-06,11.999999999782128,-7.66653170682231e-05,-0.0028418572450991347,1.8155990563508988e-08,1.8155990563508988e-08,0.02985974517182469,-6.38877642246792e-06
0.203,89.9969793642858,90.0,0.08911839475838572,-0.04008069106459026,-8.342110727937958e-05,6.8593265908791e-06,11.999999999783373,-7.648738277711911e-05,-0.002832198086645603,1.8052284929816435e-08,1.8052284929816435e-08,0.029706131586128576,-6.37394856487499e-06
0.20320000000000002,89.99699714204266,90.0,0.08865920859189884,-0.03993599485094812,-8.313580487709332e-05,6.818956466263597e-06,11.99999999978462,-7.630739435308086e-05,-0.0028225118939753904,1.794821068030891e-08,1.794821068030891e-08,0.029553069530632945,-6.358949529537537e-06
0.2034,89.99701482812806,90.0,0.08820167998531404,-0.039791053077414665,-8.284973716724189e-05,6.778794511234508e-06,11.999999999785874,-7.612539611274497e-05,-0.0028127997186409284,1.7843791064264923e-08,1.7843791064264923e-08,0.029400559995104682,-6.343783009508612e-06
0.2036,89.99703242287379,90.0,0.08774581175443982,-0.03964587894107752,-8.256293467770226e-05,6.738839972343348e-06,11.999999999787132,-7.594143179442926e-05,-0.0028030625970824844,1.7739048919635943e-08,1.7739048919635943e-08,0.02924860391814661,-6.328452649648032e-06
0.2038,89.99704992661218,90.0,0.08729160656386119,-0.039500485442797856,-8.227542749505076e-05,6.699092094928253e-06,11.999999999788393,-7.575554456259513e-05,-0.0027933015507578965,1.7634006675744783e-08,1.7634006675744783e-08,0.02909720218795373,-6.312962046994249e-06
0.20400000000000001,89.99706733967611,90.0,0.08683906692918796,-0.03935488539070496,-8.198724527247342e-05,6.659550123085095e-06,11.999999999789654,-7.556777701837831e-05,-0.002783517586411135,1.7528686358361528e-08,1.7528686358361528e-08,0.028946355643062652,-6.29731475164191e-06
0.20420000000000002,89.99708466239893,90.0,0.08638819521926304,-0.039209091401147866,-8.169841723173609e-05,6.62021329984082e-06,11.999999999790923,-7.537817120134037e-05,-0.0027737116961391883,1.742310959153189e-08,1.742310959153189e-08,0.02879606507308768,-6.281514266887808e-06
0.2044,89.99710189511443,90.0,0.08593899365836004,-0.03906311590105327,-8.140897216844323e-05,6.581080867211226e-06,11.999999999792191,-7.518676859609831e-05,-0.002763884857570604,1.7317297601334985e-08,1.7317297601334985e-08,0.028646331219453345,-6.2655640497833625e-06
0.2046,89.99711903815687,90.0,0.08549146432835368,-0.03891697113131132,-8.1118938459703e-05,6.542152066172077e-06,11.999999999793465,-7.499361014253279e-05,-0.0027540380341257195,1.7211271221040528e-08,1.7211271221040528e-08,0.028497154776117892,-6.249467511985294e-06
0.2048,89.99713609186087,90.0,0.08504560917085133,-0.03877066914762012,-8.082834406585575e-05,6.503426136832435e-06,11.999999999794738,-7.479873623722274e-05,-0.00274417217507535,1.7105050893041493e-08,1.7105050893041493e-08,0.028348536390283778,-6.233228019875182e-06
0.20500000000000002,89.99715305656146,90.0,0.08460142998931507,-0.03862422182380394,-8.053721653798652e-05,6.464902318405782e-06,11.999999999796017,-7.460218674345314e-05,-0.0027342882157958387,1.6998656674057658e-08,1.6998656674057658e-08,0.028200476663105024,-6.2168488953934395e-06
0.20520000000000002,89.99716993259399,90.0,0.0841589284511457,-0.038477640852591505,-8.024558301950422e-05,6.426579849383346e-06,11.999999999797295,-7.440400099245346e-05,-0.002724387077822674,1.6892108237130812e-08,1.6892108237130812e-08,0.028052976150381895,-6.200333416142525e-06
0.2054,89.99718672029414,90.0,0.08371810608975767,-0.03833093774922361,-7.995347025433628e-05,6.388457967476329e-06,11.999999999798575,-7.4204217794441e-05,-0.0027144696691287014,1.678542487731761e-08,1.678542487731761e-08,0.02790603536325256,-6.183684816307212e-06
0.2056,89.9972034199979,90.0,0.08327896430661284,-0.03818412385287169,-7.966090459001046e-05,6.350535909731471e-06,11.999999999799858,-7.40028754421117e-05,-0.0027045368842287506,1.6678625514626265e-08,1.6678625514626265e-08,0.027759654768870948,-6.166906286945496e-06
0.2058,89.99722003204151,90.0,0.0828415043732378,-0.038037210328388776,-7.936791198151547e-05,6.312812912617706e-06,11.99999999980114,-7.380001171529367e-05,-0.0026945896043107107,1.6571728697444537e-08,1.6571728697444537e-08,0.027613834791079265,-6.150000976376388e-06
0.20600000000000002,89.99723655676144,90.0,0.08240572743322155,-0.03789020816909876,-7.907451799759144e-05,6.275288212026172e-06,11.999999999802423,-7.359566388921035e-05,-0.0026846286974490925,1.6464752607337088e-08,1.6464752607337088e-08,0.027468575811073852,-6.132971990868507e-06
0.20620000000000002,89.99725299449442,90.0,0.08197163450418056,-0.037743128198474266,-7.878074782442588e-05,6.2379610433568826e-06,11.999999999803707,-7.338986873891757e-05,-0.0026746550187305086,1.6357715062477503e-08,1.6357715062477503e-08,0.02732387816806019,-6.115822395009838e-06
0.2064,89.99726934557731,90.0,0.08153922647970523,-0.03759598107178869,-7.848662626929121e-05,6.2008306416053885e-06,11.999999999804992,-7.318266254366376e-05,-0.0026646694103771708,1.6250633521102084e-08,1.6250633521102084e-08,0.02717974215990174,-6.098555212071086e-06
0.2066,89.99728561034718,90.0,0.08110850413128701,-0.037448777278451695,-7.819217776578248e-05,6.163896241391673e-06,11.999999999806278,-7.297408109363114e-05,-0.002654672701924714,1.6143525085869196e-08,1.6143525085869196e-08,0.027036168043762333,-6.081173424567434e-06
0.2068,89.99730178914123,90.0,0.08067946811021906,-0.03730152714466295,-7.789742637980225e-05,6.12715707696015e-06,11.999999999807564,-7.276415969779745e-05,-0.0026446657104253852,1.6036406508647304e-08,1.6036406508647304e-08,0.02689315603673969,-6.063679974913693e-06
0.20700000000000002,89.99731788229677,90.0,0.08025211894946618,-0.03715424083389146,-7.760239581046532e-05,6.090612382353004e-06,11.99999999980885,-7.255293318428833e-05,-0.002634649240478761,1.5929294192628035e-08,1.5929294192628035e-08,0.02675070631648873,-6.046077765453669e-06
0.20720000000000002,89.99733389015122,90.0,0.07982645706552959,-0.03700692835018983,-7.730710939763182e-05,6.0542613913524115e-06,11.999999999810132,-7.234043591055172e-05,-0.0026246240844875,1.5822204198013552e-08,1.5822204198013552e-08,0.026608819021843193,-6.028369659308026e-06
0.2074,89.99734981304209,90.0,0.07940248276027333,-0.03685959953967867,-7.701159012516698e-05,6.018103337567209e-06,11.999999999811418,-7.212670176722188e-05,-0.0026145910227680148,1.571515224545065e-08,1.571515224545065e-08,0.026467494253424442,-6.01055848069628e-06
0.2076,89.99736565130688,90.0,0.07898019622273417,-0.036712264091652486,-7.671586062331755e-05,5.982137454548451e-06,11.999999999812701,-7.191176418068363e-05,-0.0026045508236311517,1.5608153719041007e-08,1.5608153719041007e-08,0.02632673207424472,-5.992647015150503e-06
0.2078,89.99738140528316,90.0,0.0785595975309184,-0.036564931541799045,-7.641994317603097e-05,5.946362975731635e-06,11.999999999813985,-7.169565612296573e-05,-0.0025945042436306812,1.5501223671983675e-08,1.5501223671983675e-08,0.026186532510306133,-5.9746380103397584e-06
0.20800000000000002,89.9973970753085,90.0,0.07814068665356193,-0.03641761127288069,-7.612385972234508e-05,5.910779134581147e-06,11.999999999815268,-7.14784101128697e-05,-0.0025844520276104813,1.539437682911862e-08,1.539437682911862e-08,0.02604689555118731,-5.956534176164172e-06
0.2082,89.99741266172045,90.0,0.07772346345188257,-0.03627031251753608,-7.5827631862736e-05,5.875385164561372e-06,11.999999999816549,-7.126005822444788e-05,-0.0025743949089200497,1.5287627592097455e-08,1.5287627592097455e-08,0.02590782115062752,-5.938338185461439e-06
0.2084,89.99742816485653,90.0,0.07730792768130011,-0.036123044359261,-7.553128086121275e-05,5.840180299252256e-06,11.999999999817828,-7.104063208919747e-05,-0.0025643336094856185,1.5180990042349764e-08,1.5180990042349764e-08,0.025769309227100037,-5.920052674189661e-06
0.2086,89.99744358505417,90.0,0.0768940789931454,-0.0359758157344392,-7.523482764986771e-05,5.8051637723781945e-06,11.999999999819106,-7.082016290189883e-05,-0.002554268839964645,1.50744779453556e-08,1.50744779453556e-08,0.025631359664381802,-5.901680241913867e-06
0.2088,89.99745892265075,90.0,0.0764819169363458,-0.03582863543434059,-7.493829283335383e-05,5.77033481783692e-06,11.999999999820382,-7.05986814263575e-05,-0.0025442012998978156,1.496810475489159e-08,1.496810475489159e-08,0.025493972312115268,-5.883223452284519e-06
0.20900000000000002,89.99747417798353,90.0,0.07607144095908813,-0.035681512107087865,-7.464169669329028e-05,5.735692669728395e-06,11.999999999821657,-7.037621800105223e-05,-0.0025341316778586206,1.486188361725009e-08,1.486188361725009e-08,0.02535714698636271,-5.864684833508179e-06
0.2092,89.99748935138969,90.0,0.0756626504104588,-0.035534454258880716,-7.43450591909353e-05,5.701236562441485e-06,11.99999999982293,-7.015280254222807e-05,-0.0025240606515440998,1.4755827374582799e-08,1.4755827374582799e-08,0.025220883470152933,-5.8460668786052696e-06
0.2094,89.99750444320621,90.0,0.07525554454206994,-0.0353874702559111,-7.404839997147627e-05,5.666965730682835e-06,11.999999999824201,-6.992846454939236e-05,-0.002513988887920491,1.4649948569090819e-08,1.4649948569090819e-08,0.02508518151402331,-5.827372045868067e-06
0.2096,89.99751945376998,90.0,0.07485012250966384,-0.03524056832624815,-7.375173836825114e-05,5.632879409505779e-06,11.99999999982547,-6.970323311072099e-05,-0.0025039170433665513,1.4544259447185368e-08,1.4544259447185368e-08,0.02495004083655461,-5.8086027593112305e-06
0.20980000000000001,89.99753438341763,90.0,0.07444638337469543,-0.03509375656062669,-7.345509340440931e-05,5.598976834425881e-06,11.999999999826734,-6.947713690468247e-05,-0.0024938457637299458,1.44387719623608e-08,1.44387719623608e-08,0.02481546112489848,-5.789761408807137e-06
0.21000000000000002,89.99754923248567,90.0,0.07404432610590594,-0.034947042915710186,-7.315848380035845e-05,5.565257241334278e-06,11.999999999827999,-6.92502042102387e-05,-0.002483775684580071,1.4333497781005061e-08,1.4333497781005061e-08,0.02468144203530198,-5.7708503509359415e-06
0.2102,89.99756400131034,90.0,0.07364394958085921,-0.03480043521445969,-7.286192797444965e-05,5.531719866642125e-06,11.999999999829258,-6.902246290704786e-05,-0.0024737074312313153,1.4228448284790125e-08,1.4228448284790125e-08,0.024547983193619737,-5.751871909002496e-06
0.2104,89.99757869022767,90.0,0.07324525258747355,-0.03465394114791727,-7.256544404697013e-05,5.4983639473094825e-06,11.999999999830518,-6.879394048057018e-05,-0.002463641618878616,1.412363457474873e-08,1.412363457474873e-08,0.02441508419582452,-5.732828373461816e-06
0.2106,89.99759329957344,90.0,0.07284823382553349,-0.03450756827731681,-7.226904984490359e-05,5.465188720845321e-06,11.999999999831772,-6.856466402832113e-05,-0.0024535788527590727,1.4019067475731483e-08,1.4019067475731483e-08,0.02428274460851116,-5.7137220024401946e-06
0.21080000000000002,89.99760782968316,90.0,0.072452891908177,-0.03436132403545018,-7.197276290495253e-05,5.432193425365295e-06,11.999999999833022,-6.83346602635631e-05,-0.0024435197282545616,1.3914757539992746e-08,1.3914757539992746e-08,0.024150963969392335,-5.69455502204283e-06
0.21100000000000002,89.99762228089205,90.0,0.07205922536336735,-0.034215215728011644,-7.167660047651137e-05,5.399377299649534e-06,11.999999999834271,-6.8103955518932e-05,-0.00243346483099267,1.381071505075825e-08,1.381071505075825e-08,0.02401974178778912,-5.675329626656047e-06
0.2112,89.99763665353503,90.0,0.07166723263534934,-0.03406925053563112,-7.138057952625199e-05,5.366739583142627e-06,11.999999999835516,-6.787257575246119e-05,-0.0024234147370023828,1.3706950026589966e-08,1.3706950026589966e-08,0.023889077545116447,-5.656047979449293e-06
0.2114,89.99765094794668,90.0,0.07127691208608238,-0.033923435514809516,-7.108471674014506e-05,5.334279516040304e-06,11.999999999836758,-6.76405465498184e-05,-0.0024133700127827026,1.3603472224482074e-08,1.3603472224482074e-08,0.023758970695360787,-5.636712212561546e-06
0.2116,89.9976651644613,90.0,0.07088826199666273,-0.033777777599904385,-7.078902852793806e-05,5.301996339289433e-06,11.999999999837996,-6.740789313018851e-05,-0.0024033312154546874,1.3500291144166895e-08,1.3500291144166895e-08,0.02362942066555425,-5.617324427591545e-06
0.21180000000000002,89.99767930341278,90.0,0.07050128056872329,-0.0336322836047291,-7.049353102673245e-05,5.269889294616905e-06,11.99999999983923,-6.717464035083296e-05,-0.002393298892882892,1.3397416031967407e-08,1.3397416031967407e-08,0.0235004268562411,-5.5978866959777445e-06
0.21200000000000002,89.99769336513467,90.0,0.0701159659258145,-0.03348696022341528,-7.019824010284054e-05,5.237957624616312e-06,11.999999999840462,-6.694081270911105e-05,-0.002383273583738414,1.3294855883810508e-08,1.3294855883810508e-08,0.023371988641938166,-5.5784010591667515e-06
0.2122,89.99770734996011,90.0,0.06973231611477593,-0.033341814032327846,-6.990317135610443e-05,5.206200572747943e-06,11.999999999841688,-6.670643434815333e-05,-0.002373255817645521,1.319261944943604e-08,1.319261944943604e-08,0.02324410537159198,-5.558869529086114e-06
0.2124,89.9977212582219,90.0,0.06935032910708562,-0.03319685149194895,-6.960834012414463e-05,5.17461738333878e-06,11.999999999842911,-6.647152906244291e-05,-0.002363246115325898,1.3090715236553928e-08,1.3090715236553928e-08,0.02311677636902854,-5.539294088609423e-06
0.2126,89.99773509025238,90.0,0.0689700028001879,-0.03305207894731105,-6.931376148321925e-05,5.143207301698063e-06,11.99999999984413,-6.623612029838641e-05,-0.002353244988627814,1.2989151513362625e-08,1.2989151513362625e-08,0.02299000093339597,-5.519676691603897e-06
0.21280000000000002,89.99774884638344,90.0,0.06859133501881627,-0.03290750263019908,-6.901945025321992e-05,5.111969574088401e-06,11.999999999845345,-6.600023116101622e-05,-0.002343252940695738,1.2887936313053577e-08,1.2887936313053577e-08,0.022863778339605425,-5.500019263488902e-06
0.21300000000000002,89.99776252694662,90.0,0.06821432351629109,-0.032763128660607266,-6.872542100092766e-05,5.080903447754656e-06,11.999999999846555,-6.576388441812828e-05,-0.0023332704660808776,1.2787077437461437e-08,1.2787077437461437e-08,0.022738107838763694,-5.4803237015807675e-06
0.2132,89.99777613227289,90.0,0.06783896597580039,-0.032618963047106306,-6.843168804072369e-05,5.0500081710395065e-06,11.999999999847761,-6.5527102500658e-05,-0.0023232980507653105,1.2686582459500735e-08,1.2686582459500735e-08,0.022612988658600126,-5.460591875124109e-06
0.2134,89.99778966269282,90.0,0.06746526001167669,-0.03247501168969197,-6.813826544110161e-05,5.019282993296779e-06,11.999999999848963,-6.528990751165331e-05,-0.0023133361723830796,1.2586458728346197e-08,1.2586458728346197e-08,0.02248842000389223,-5.4408256260395895e-06
0.2136,89.9978031185365,90.0,0.06709320317064102,-0.03233128038045624,-6.784516702609299e-05,4.988727164978115e-06,11.99999999985016,-6.505232122772918e-05,-0.0023033853002685893,1.2486713372181058e-08,1.2486713372181058e-08,0.022364401056880343,-5.421026769045122e-06
0.21380000000000002,89.99781650013348,90.0,0.06672279293303951,-0.032187774804603414,-6.75524063775001e-05,4.958339937690751e-06,11.999999999851351,-6.48143651017217e-05,-0.002293445895532411,1.2387353301327013e-08,1.2387353301327013e-08,0.022240930977679835,-5.401197091877049e-06
0.21400000000000002,89.99782980781283,90.0,0.06635402671406794,-0.03204450054215989,-6.725999683875194e-05,4.92812056419752e-06,11.99999999985254,-6.457606026775365e-05,-0.0022835184111921958,1.2288385212123694e-08,1.2288385212123694e-08,0.022118008904689315,-5.381338355712266e-06
0.2142,89.99784304190311,90.0,0.065986901864977,-0.03190146306930175,-6.696795151786881e-05,4.8980682984457415e-06,11.999999999853722,-6.433742754498938e-05,-0.002273603292273324,1.2189815590372282e-08,1.2189815590372282e-08,0.021995633954992332,-5.361452295481136e-06
0.2144,89.99785620273227,90.0,0.06562141567426215,-0.03175866775930561,-6.667628328954799e-05,4.8681823956249985e-06,11.9999999998549,-6.409848744009592e-05,-0.0022637009758797156,1.2091650714359443e-08,1.2091650714359443e-08,0.02187380522475405,-5.341540620072581e-06
0.2146,89.9978692906278,90.0,0.06525756536884292,-0.03161611988490565,-6.638500480053812e-05,4.838462112109361e-06,11.999999999856072,-6.385926015458181e-05,-0.0022538118913762945,1.1993896659384593e-08,1.1993896659384593e-08,0.021752521789614305,-5.3216050129456445e-06
0.21480000000000002,89.99788230591659,90.0,0.06489534811521473,-0.031473824618125715,-6.609412846911373e-05,4.808906705601835e-06,11.999999999857241,-6.361976558340974e-05,-0.0022439364603711455,1.1896559299548066e-08,1.1896559299548066e-08,0.02163178270507158,-5.301647132013883e-06
0.215,89.99789524892495,90.0,0.064534761020603,-0.03133178703260106,-6.580366649036994e-05,4.779515435076578e-06,11.999999999858403,-6.338002332223071e-05,-0.002234075096895276,1.1799644312209018e-08,1.1799644312209018e-08,0.021511587006867665,-5.2816686102482146e-06
0.2152,89.99790811997863,90.0,0.06417580113409044,-0.031190012104442014,-6.551363083811163e-05,4.750287560836687e-06,11.999999999859561,-6.314005266958698e-05,-0.002224228207466753,1.1703157180856282e-08,1.1703157180856282e-08,0.021391933711363477,-5.261671055860493e-06
0.2154,89.99792091940279,90.0,0.0638184654477346,-0.031048504713438983,-6.522403326754152e-05,4.721222344543083e-06,11.999999999860716,-6.289987263030384e-05,-0.0022143961911819656,1.160710319833269e-08,1.160710319833269e-08,0.021272821815911534,-5.24165605258616e-06
0.2156,89.99793364752192,90.0,0.06346275089767149,-0.03090726964424807,-6.493488531790472e-05,4.692319049243399e-06,11.999999999861863,-6.265950191882407e-05,-0.0022045794398054073,1.1511487470023097e-08,1.1511487470023097e-08,0.021154250299223833,-5.221625159962114e-06
0.21580000000000002,89.99794630465996,90.0,0.06310865436520577,-0.030766311587558173,-6.464619831509134e-05,4.663576939400879e-06,11.999999999863004,-6.241895896248764e-05,-0.0021947783378580394,1.1416314917006816e-08,1.1416314917006816e-08,0.021036218121735256,-5.201579913600019e-06
0.216,89.9979588911402,90.0,0.0627561726778873,-0.030625635141949294,-6.435798337585688e-05,4.634995280865474e-06,11.99999999986414,-6.217826190721505e-05,-0.0021849932627605734,1.1321590279913784e-08,1.1321590279913784e-08,0.020918724225962436,-5.181521825659917e-06
0.2162,89.99797140728526,90.0,0.062405302610566704,-0.03048524481394525,-6.407025140782357e-05,4.6065733409894145e-06,11.999999999865272,-6.193742861695153e-05,-0.0021752245848335166,1.1227318120873048e-08,1.1227318120873048e-08,0.02080176753685557,-5.16145238480391e-06
0.2164,89.99798385341715,90.0,0.062056040886450226,-0.030345145020197178,-6.37830131144634e-05,4.578310388569427e-06,11.999999999866397,-6.169647668049174e-05,-0.00216547266746635,1.1133502827672281e-08,1.1133502827672281e-08,0.020685346962150075,-5.141373056764887e-06
0.21660000000000001,89.99799622985724,90.0,0.06170838417812936,-0.030205340088565815,-6.349627899750953e-05,4.550205693875617e-06,11.99999999986752,-6.145542341450818e-05,-0.002155737867199398,1.1040148616740868e-08,1.1040148616740868e-08,0.020569461392709786,-5.121285284598888e-06
0.21680000000000002,89.99800853692615,90.0,0.06136232910859827,-0.03006583425812112,-6.321005935683806e-05,4.522258528767041e-06,11.999999999868633,-6.121428586283818e-05,-0.0021460205337198108,1.094725953500693e-08,1.094725953500693e-08,0.02045410970286609,-5.101190488625692e-06
0.217,89.99802077494388,90.0,0.061017872252271455,-0.029926631681628818,-6.292436429616376e-05,4.494468166605026e-06,11.999999999869743,-6.097308080438428e-05,-0.0021363210100549426,1.0854839464299815e-08,1.0854839464299815e-08,0.020339290750757154,-5.0810900670871775e-06
0.2172,89.99803294422973,90.0,0.060675010135972346,-0.029787736425865127,-6.263920372366177e-05,4.466833882339842e-06,11.999999999870845,-6.073182475351272e-05,-0.002126639632593455,1.0762892123494208e-08,1.0762892123494208e-08,0.02022500337865745,-5.060985396180531e-06
0.2174,89.99804504510229,90.0,0.060333739239918804,-0.029649152473347914,-6.235458735590112e-05,4.439354952481818e-06,11.999999999871942,-6.049053396536016e-05,-0.0021169767312188654,1.0671421072086537e-08,1.0671421072086537e-08,0.020111246413306267,-5.040877830500473e-06
0.21760000000000002,89.99805707787945,90.0,0.059994055998688504,-0.02951088372297417,-6.207052471922364e-05,4.412030655159112e-06,11.999999999873035,-6.024922443736611e-05,-0.0021073326293563586,1.0580429712634955e-08,1.0580429712634955e-08,0.019998018666229505,-5.0207687031669645e-06
0.21780000000000002,89.99806904287838,90.0,0.059655956802177126,-0.029372933991002517,-6.178702515193045e-05,4.38486027014661e-06,11.99999999987412,-6.000791191200592e-05,-0.0020977076440470217,1.0489921293536303e-08,1.0489921293536303e-08,0.019885318934059044,-5.00065932605295e-06
0.218,89.99808094041553,90.0,0.05931943799654526,-0.02923530701237548,-6.150409780726382e-05,4.357843078865919e-06,11.9999999998752,-5.9766611880707855e-05,-0.0020881020860490803,1.0399898912124143e-08,1.0399898912124143e-08,0.01977314599884842,-4.980550990110786e-06
0.2182,89.9980927708066,90.0,0.05898449588515023,-0.02909800644202043,-6.122175165634123e-05,4.3309783643853725e-06,11.999999999876277,-5.9525339587707404e-05,-0.002078516259937511,1.0310365517718958e-08,1.0310365517718958e-08,0.01966149862838341,-4.960444965693427e-06
0.2184,89.99810453436655,90.0,0.05865112672946284,-0.02896103585541915,-6.093999548938111e-05,4.304265411477806e-06,11.999999999877344,-5.928411003137861e-05,-0.002068950464145655,1.0221323913928047e-08,1.0221323913928047e-08,0.019550375576487613,-4.940342502665381e-06
0.21860000000000002,89.99811623140961,90.0,0.058319326749977765,-0.028824398749878882,-6.065883791856928e-05,4.27770350662056e-06,11.999999999878407,-5.9042937967999625e-05,-0.0020594049910625375,1.0132776761627191e-08,1.0132776761627191e-08,0.01943977558332592,-4.920244830716491e-06
0.21880000000000002,89.9981278622492,90.0,0.05798909212710928,-0.028688098545427868,-6.037828738004928e-05,4.25129193802437e-06,11.999999999879464,-5.880183791422782e-05,-0.0020498801271004387,1.004472658154729e-08,1.004472658154729e-08,0.019329697375703093,-4.900153159568205e-06
0.219,89.99813942719805,90.0,0.05766041900207688,-0.02855213858605179,-6.009835213671084e-05,4.225029995633361e-06,11.999999999880515,-5.8560824150762875e-05,-0.0020403761527895657,9.957175757175797e-09,9.957175757175797e-09,0.01922013966735896,-4.880068679278831e-06
0.2192,89.99815092656804,90.0,0.05733330347777638,-0.028416522140554817,-5.9819040280102276e-05,4.198916971153944e-06,11.99999999988156,-5.831991072471959e-05,-0.0020308933428429786,9.870126537266573e-09,9.870126537266573e-09,0.019111101159258796,-4.859992560441268e-06
0.2194,89.9981623606703,90.0,0.05700774161964173,-0.02828125240340768,-5.9540359732313866e-05,4.1729521580837055e-06,11.999999999882597,-5.8079111451962545e-05,-0.0020214319662205326,9.783581038319227e-09,9.783581038319227e-09,0.019002580539880576,-4.839925954377564e-06
0.21960000000000002,89.99817372981518,90.0,0.056683729456496294,-0.0281463324962915,-5.926231824948877e-05,4.147134851682514e-06,11.99999999988363,-5.783843992185759e-05,-0.002011992286248076,9.697541247710727e-09,9.697541247710727e-09,0.018894576485498766,-4.8198699935348735e-06
0.21980000000000002,89.9981850343122,90.0,0.0563612629813874,-0.028011765468197336,-5.898492342195949e-05,4.121464349059188e-06,11.999999999884656,-5.7597909497032934e-05,-0.0020025745606220818,9.612009025406654e-09,9.612009025406654e-09,0.018787087660462467,-4.799825791465547e-06
0.22,89.9981962744701,90.0,0.0560403381524189,-0.0278775542969438,-5.870818267769981e-05,4.095939949142615e-06,11.999999999885677,-5.735753331805314e-05,-0.0019931790415268456,9.526986107025869e-09,9.526986107025869e-09,0.018680112717472965,-4.779794443216631e-06
0.2202,89.99820745059681,90.0,0.05572095089356695,-0.02774370189031613,-5.843210328489364e-05,4.070560952681743e-06,11.99999999988669,-5.711732430679365e-05,-0.001983805975721698,9.442474106510113e-09,9.442474106510113e-09,0.01857365029785565,-4.7597770256110815e-06
0.2204,89.99821856299943,90.0,0.0554030970954823,-0.027610211086475957,-5.8156692352800366e-05,4.045326662303364e-06,11.999999999887699,-5.68772951672988e-05,-0.001974455604570383,9.358474518077337e-09,9.358474518077337e-09,0.018467699031827434,-4.739774597319257e-06
0.22060000000000002,89.99822961198423,90.0,0.055086772616288165,-0.027477084655075187,-5.788195683426701e-05,4.020236382512113e-06,11.9999999998887,-5.663745838908181e-05,-0.0019651281641263492,9.274988718829261e-09,9.274988718829261e-09,0.018362257538762722,-4.719788199133927e-06
0.22080000000000002,89.99824059785665,90.0,0.05477197328236525,-0.027344325298352234,-5.760790352820038e-05,3.995289419690466e-06,11.999999999889695,-5.63978262503724e-05,-0.0019558238852166797,9.192017971316043e-09,9.192017971316043e-09,0.018257324427455084,-4.699818854240901e-06
0.221,89.99825152092131,90.0,0.05445869488912427,-0.027211935651855312,-5.733453908116892e-05,3.970485082127636e-06,11.999999999890687,-5.6158410820081594e-05,-0.001946542993496476,9.109563425726859e-09,9.109563425726859e-09,0.018152898296374755,-4.679867568382764e-06
0.2212,89.99826238148198,90.0,0.05414693320176999,-0.027079918285509277,-5.706186998980872e-05,3.945822680019566e-06,11.999999999891667,-5.5919223960962356e-05,-0.001937285709530543,9.027626122382357e-09,9.027626122382357e-09,0.01804897773392333,-4.659935330122265e-06
0.2214,89.99827317984158,90.0,0.05383668395605336,-0.026948275704310506,-5.678990260236116e-05,3.9213015254978245e-06,11.999999999892644,-5.568027733149014e-05,-0.0019280522488455951,8.9462069938572e-09,8.9462069938572e-09,0.017945561318684453,-4.640023110999023e-06
0.22160000000000002,89.99828391630214,90.0,0.05352794285901521,-0.02681701034901006,-5.651864312018436e-05,3.896920932658491e-06,11.999999999893618,-5.544158238770893e-05,-0.001918842821981568,8.865306867074842e-09,8.865306867074842e-09,0.017842647619671734,-4.620131865683369e-06
0.2218,89.99829459116489,90.0,0.05322070558972274,-0.02668612459749725,-5.624809760090273e-05,3.872680217533269e-06,11.99999999989458,-5.52031503875081e-05,-0.0019096576345985496,8.784926466026902e-09,8.784926466026902e-09,0.017740235196574246,-4.600262532332754e-06
0.222,89.99830520473014,90.0,0.05291496779998964,-0.026555620765805088,-5.597827196067439e-05,3.848578698089484e-06,11.99999999989554,-5.4964992393600935e-05,-0.0019004968875537603,8.705066414113669e-09,8.705066414113669e-09,0.017638322599996547,-4.580416032839951e-06
0.2222,89.99831575729736,90.0,0.052610725115084876,-0.02642550110767894,-5.570917197310114e-05,3.8246156943456455e-06,11.999999999896492,-5.472711927153516e-05,-0.001891360776864545,8.625727235155182e-09,8.625727235155182e-09,0.01753690837169496,-4.560593272667268e-06
0.22240000000000001,89.99832624916512,90.0,0.05230797313444652,-0.026295767816638976,-5.54408032739677e-05,3.8007905282847746e-06,11.999999999897437,-5.448954169633675e-05,-0.001882249493869274,8.546909356664596e-09,8.546909356664596e-09,0.017435991044815507,-4.540795141400206e-06
0.22260000000000002,89.99833668063113,90.0,0.05200670743237171,-0.026166423026943553,-5.517317136341429e-05,3.7771025238544065e-06,11.999999999898376,-5.425227015536402e-05,-0.0018731632253011026,8.468613112082419e-09,8.468613112082419e-09,0.017335569144123902,-4.521022512985288e-06
0.2228,89.99834705199218,90.0,0.05170692355869582,-0.0260374688131164,-5.490628160475308e-05,3.753551007082147e-06,11.999999999899309,-5.401531494619515e-05,-0.00186410215324779,8.3908387417004e-09,8.3908387417004e-09,0.01723564118623194,-4.501276245554032e-06
0.223,89.99835736354423,90.0,0.051408617039476974,-0.025908907192323513,-5.464013922994584e-05,3.730135305960118e-06,11.999999999900236,-5.377868618438153e-05,-0.0018550664553376676,8.313586396133903e-09,8.313586396133903e-09,0.017136205679825656,-4.481557182069052e-06
0.2232,89.99836761558224,90.0,0.05111178337765307,-0.025780740123514126,-5.437474933752003e-05,3.7068547505894003e-06,11.999999999901156,-5.354239380001323e-05,-0.0018460563046688902,8.23685613686609e-09,8.23685613686609e-09,0.017037261125884356,-4.4618661500378546e-06
0.22340000000000002,89.99837780840038,90.0,0.05081641805370913,-0.02565296951012891,-5.411011689882303e-05,3.6837086730355898e-06,11.999999999902073,-5.330644754663183e-05,-0.0018370718700217697,8.160647939958954e-09,8.160647939958954e-09,0.016938806017903044,-4.44220396225557e-06
0.22360000000000002,89.99838794229186,90.0,0.05052251652631324,-0.02552559719921156,-5.3846246755871886e-05,3.6606964074732442e-06,11.99999999990298,-5.307085699770872e-05,-0.001828113315785774,8.084961696538195e-09,8.084961696538195e-09,0.01684083884210441,-4.422571416511483e-06
0.2238,89.99839801754894,90.0,0.050230074232962704,-0.025398624982666193,-5.3583143624218304e-05,3.6378172901569933e-06,11.999999999903881,-5.283563155054814e-05,-0.0018191808020567943,8.009797215172777e-09,8.009797215172777e-09,0.016743358077654234,-4.402969295914279e-06
0.224,89.99840803446305,90.0,0.04993908659061599,-0.025272054598850346,-5.3320812096599966e-05,3.6150706593637607e-06,11.999999999904778,-5.260078043136244e-05,-0.0018102744847611101,7.935154224514378e-09,7.935154224514378e-09,0.016646362196871996,-4.383398369314987e-06
0.2242,89.99841799332465,90.0,0.04964954899630622,-0.025145887732010416,-5.305925664154991e-05,3.5924558555083205e-06,11.999999999905668,-5.2366312692887737e-05,-0.0018013945156081762,7.861032374027694e-09,7.861032374027694e-09,0.016549849665435407,-4.363859391108283e-06
0.22440000000000002,89.99842789442329,90.0,0.04936145682776126,-0.025020126013858047,-5.279848160701029e-05,3.569972221085521e-06,11.99999999990655,-5.213223721940988e-05,-0.0017925410422133126,7.787431236576698e-09,7.787431236576698e-09,0.016453818942587087,-4.344353101651322e-06
0.22460000000000002,89.99843773804757,90.0,0.049074805444005665,-0.024894771024410622,-5.253849122222792e-05,3.547619100670283e-06,11.999999999907427,-5.1898562729254555e-05,-0.001783714208162059,7.714350310339615e-09,7.714350310339615e-09,0.01635826848133522,-4.324880227471244e-06
0.2248,89.99844752448521,90.0,0.048789590185953156,-0.024769824292107917,-5.227928959795858e-05,3.5253958409753782e-06,11.999999999908297,-5.1665297774776856e-05,-0.0017749141530171125,7.64178902008298e-09,7.64178902008298e-09,0.01626319672865105,-4.305441481264306e-06
0.225,89.99845725402295,90.0,0.048505806376997425,-0.024645287294992324,-5.202088072915813e-05,3.5033017908225413e-06,11.999999999909164,-5.1432450746035784e-05,-0.0017661410124096897,7.569746719333563e-09,7.569746719333563e-09,0.01616860212566581,-4.2860375622020925e-06
0.2252,89.99846692694662,90.0,0.04822344932358974,-0.024521161461160096,-5.1763268495970695e-05,3.48133630117136e-06,11.99999999991002,-5.120002987195308e-05,-0.0017573949180730794,7.498222691902908e-09,7.498222691902908e-09,0.016074483107863247,-4.266669156028083e-06
0.22540000000000002,89.9984765435411,90.0,0.04794251431581124,-0.02439744816991561,-5.1506456666361265e-05,3.4594987250903844e-06,11.999999999910873,-5.096804322391084e-05,-0.0017486759979320184,7.4272161539897075e-09,7.4272161539897075e-09,0.01598083810527041,-4.247336935357449e-06
0.22560000000000002,89.9984861040903,90.0,0.047662996627932025,-0.024274148751486313,-5.1250448895384615e-05,3.4377884178437945e-06,11.999999999911719,-5.073649871437295e-05,-0.0017399843760778728,7.356726255046123e-09,7.356726255046123e-09,0.015887665542644005,-4.228041559562184e-06
0.2258,89.99849560887726,90.0,0.04738489151897362,-0.024151264489229038,-5.099524873027861e-05,3.4162047367758456e-06,11.999999999912559,-5.050540410413351e-05,-0.001731320172941558,7.286752080724072e-09,7.286752080724072e-09,0.015794963839657873,-4.208783675375128e-06
0.226,89.99850505818398,90.0,0.04710819423324588,-0.024028796618603354,-5.074085960800199e-05,3.394747041455314e-06,11.999999999913392,-5.027476699838527e-05,-0.0017226835052099444,7.21729265308472e-09,7.21729265308472e-09,0.015702731411081958,-4.189563916562343e-06
0.2262,89.99851445229156,90.0,0.04683290000089588,-0.023906746329359088,-5.048728486028521e-05,3.373414693559938e-06,11.99999999991422,-5.004459485391234e-05,-0.0017140744859973375,7.148346933481498e-09,7.148346933481498e-09,0.015610966666965292,-4.170382904522506e-06
0.22640000000000002,89.99852379148012,90.0,0.04655900403843185,-0.023785114765201995,-5.023452771278832e-05,3.352207056963088e-06,11.99999999991504,-4.9814894977565685e-05,-0.0017054932248168875,7.079913823317049e-09,7.079913823317049e-09,0.015519668012810616,-4.151241248159865e-06
0.22660000000000002,89.99853307602886,90.0,0.046286501549250514,-0.023663903024530072,-4.9982591286761554e-05,3.3311234977337675e-06,11.999999999915858,-4.9585674528444554e-05,-0.0016969398276369665,7.011992165679286e-09,7.011992165679286e-09,0.01542883384975017,-4.13213954406602e-06
0.2268,89.99854230621597,90.0,0.04601538772415648,-0.023543112161869384,-4.9731478602342154e-05,3.3101633840788302e-06,11.999999999916664,-4.935694052250609e-05,-0.001688414396993098,6.944580747525838e-09,6.944580747525838e-09,0.015338462574718829,-4.113078376904071e-06
0.227,89.9985514823187,90.0,0.04574565774186488,-0.02342274318786519,-4.9481192578475616e-05,3.2893260864007647e-06,11.999999999917467,-4.912869983218318e-05,-0.0016799170319852835,6.877678300662058e-09,6.877678300662058e-09,0.015248552580621626,-4.0940583193767564e-06
0.2272,89.99856060461336,90.0,0.04547730676950414,-0.023302797069628872,-4.9231736033668736e-05,3.2686109773265797e-06,11.999999999918264,-4.890095918723414e-05,-0.0016714478283035683,6.811283503001721e-09,6.811283503001721e-09,0.015159102256501383,-4.075079932297268e-06
0.22740000000000002,89.99856967337524,90.0,0.045210329963114984,-0.023183274732145,-4.89831116892216e-05,3.2480174316500265e-06,11.999999999919055,-4.867372517926737e-05,-0.0016630068783377704,6.745394980665831e-09,6.745394980665831e-09,0.015070109987704994,-4.056143764966308e-06
0.22760000000000002,89.99857868887872,90.0,0.044944722468133,-0.023064177058590027,-4.8735322169916904e-05,3.227544826360488e-06,11.99999999991984,-4.844700426250731e-05,-0.0016545942712008826,6.680011309177068e-09,6.680011309177068e-09,0.014981574156044333,-4.037250355235911e-06
0.2278,89.99858765139714,90.0,0.04468047941986771,-0.02294550489029054,-4.848837000386711e-05,3.2071925407007605e-06,11.999999999920618,-4.822080275331495e-05,-0.0016462100927238836,6.615131014356652e-09,6.615131014356652e-09,0.014893493139955903,-4.0184002294694945e-06
0.228,89.99859656120293,90.0,0.04441759594398222,-0.022827259028814155,-4.8242257627347315e-05,3.1869599560514913e-06,11.99999999992139,-4.7995126837094034e-05,-0.0016378544256198163,6.550752574902819e-09,6.550752574902819e-09,0.014805865314660742,-3.99959390311737e-06
0.22820000000000001,89.9986054185675,90.0,0.04415606715694884,-0.022709440234473945,-4.799698738124625e-05,3.1668464561045195e-06,11.999999999922156,-4.776998256279264e-05,-0.0016295273493632987,6.486874422098621e-09,6.486874422098621e-09,0.01471868905231628,-3.980831880258544e-06
0.22840000000000002,89.99861422376128,90.0,0.04389588816652158,-0.02259204922911992,-4.775256151753781e-05,3.146851426689537e-06,11.999999999922917,-4.754537585224077e-05,-0.0016212289404102344,6.423494942902482e-09,6.423494942902482e-09,0.01463196272217386,-3.962114654378849e-06
0.2286,89.99862297705378,90.0,0.04363705407217715,-0.022475086695333588,-4.75089821973472e-05,3.126974255889647e-06,11.999999999923673,-4.732131249705234e-05,-0.0016129592721321581,6.360612480172452e-09,6.360612480172452e-09,0.014545684690725716,-3.943442708112777e-06
0.2288,89.99863167871348,90.0,0.0433795599655649,-0.02235855327741154,-4.72662514931985e-05,3.1072143340124753e-06,11.999999999924421,-4.709779816171718e-05,-0.0016047184148925417,6.29822533428964e-09,6.29822533428964e-09,0.014459853321854966,-3.924816513501151e-06
0.229,89.99864032900787,90.0,0.04312340093094529,-0.022242449581622338,-4.702437138956463e-05,3.0875710536190598e-06,11.999999999925164,-4.687483838418399e-05,-0.001596506436065466,6.2363317641954155e-09,6.2363317641954155e-09,0.014374466976981765,-3.906236532039693e-06
0.22920000000000001,89.99864892820347,90.0,0.04286857204562593,-0.02212677617752589,-4.678334378590155e-05,3.068043809466069e-06,11.999999999925901,-4.665243858012502e-05,-0.001588323400138633,6.1749299892333715e-09,6.1749299892333715e-09,0.014289524015208641,-3.887703215034425e-06
0.22940000000000002,89.99865747656584,90.0,0.04261506838038209,-0.02201153359785015,-4.654317049631148e-05,3.0486319985635854e-06,11.999999999926633,-4.643060404221491e-05,-0.001580169368701933,6.11401818985706e-09,6.11401818985706e-09,0.014205022793460698,-3.869217003541565e-06
0.2296,89.99866597435951,90.0,0.04236288499987878,-0.021896722339080278,-4.630385325087157e-05,3.029335020175102e-06,11.999999999927358,-4.6209339941876044e-05,-0.0015720444004925535,6.053594508876906e-09,6.053594508876906e-09,0.01412096166662626,-3.8507783285129816e-06
0.2298,89.99867442184804,90.0,0.04211201696308597,-0.02178234286203854,-4.606539369694173e-05,3.0101522758175234e-06,11.999999999928075,-4.5988651330996544e-05,-0.00156394855143938,5.993657052682821e-09,5.993657052682821e-09,0.014037338987695323,-3.832387610939349e-06
0.23,89.998682819294,90.0,0.041862459323687436,-0.021668395593165676,-4.582779340211308e-05,2.9910831692033873e-06,11.99999999992879,-4.576854314608236e-05,-0.0015558818747630984,5.93420389297708e-09,5.93420389297708e-09,0.01395415310789581,-3.814045262196164e-06
0.23020000000000002,89.998691166959,90.0,0.041614207130474465,-0.02155488092400474,-4.5591053852955824e-05,2.9721271063275334e-06,11.999999999929496,-4.5549020206194174e-05,-0.0015478444209336855,5.875233067130632e-09,5.875233067130632e-09,0.013871402376824821,-3.7957516838718158e-06
0.23040000000000002,89.99869946510363,90.0,0.04136725542774607,-0.02144179921211526,-4.53551764571103e-05,2.953283495438212e-06,11.9999999999302,-4.533008721583365e-05,-0.0015398362377413992,5.8167425796104e-09,5.8167425796104e-09,0.013789085142582026,-3.7775072680081103e-06
0.2306,89.99870771398747,90.0,0.04112159925569816,-0.021329150781971805,-4.51201625453427e-05,2.934551747008197e-06,11.999999999930896,-4.511174876778342e-05,-0.0015318573703665733,5.758730403371014e-09,5.758730403371014e-09,0.013707199751899386,-3.7593123973369337e-06
0.2308,89.99871591386913,90.0,0.04087723365080266,-0.02121693592478291,-4.488601337107807e-05,2.915931273792562e-06,11.999999999931585,-4.4894009342214706e-05,-0.001523907861363762,5.701194480427434e-09,5.701194480427434e-09,0.013625744550267552,-3.741167445205888e-06
0.231,89.99872406500627,90.0,0.040634153646188886,-0.02110515489973401,-4.4652730113262084e-05,2.8974214907709057e-06,11.999999999932271,-4.4676873310725545e-05,-0.001515987750758898,5.644132723470778e-09,5.644132723470778e-09,0.013544717882062962,-3.7230727759148087e-06
0.23120000000000002,89.99873216765548,90.0,0.040392354272010364,-0.020993807933789105,-4.442031387585504e-05,2.8790218152051246e-06,11.99999999993295,-4.446034493539724e-05,-0.0015080970760321156,5.587543016402209e-09,5.587543016402209e-09,0.01346411809067012,-3.7050287446371384e-06
0.23140000000000002,89.99874022207236,90.0,0.04015183055581409,-0.020882895222206405,-4.418876568899477e-05,2.86073166663942e-06,11.999999999933623,-4.424442837032204e-05,-0.00150023587215723,5.5314232153846115e-09,5.5314232153846115e-09,0.013383943518604698,-3.6870356975472314e-06
0.2316,89.99874822851159,90.0,0.03991257752290381,-0.020772416930111268,-4.395808651263203e-05,2.842550466813625e-06,11.99999999993429,-4.40291276667969e-05,-0.0014924041717251616,5.47577115064227e-09,5.47577115064227e-09,0.013304192507634602,-3.669093972253166e-06
0.2318,89.9987561872268,90.0,0.039674590196685386,-0.020662373191912706,-4.372827723512645e-05,2.8244776397498733e-06,11.999999999934953,-4.3814446771060886e-05,-0.0014846020048962685,5.420584626674202e-09,5.420584626674202e-09,0.01322486339889513,-3.651203897608199e-06
0.232,89.99876409847062,90.0,0.03943786359901871,-0.020552764111439435,-4.3499338673524126e-05,2.806512611781491e-06,11.99999999993561,-4.360038952452046e-05,-0.0014768293994097698,5.36586142298959e-09,5.36586142298959e-09,0.013145954533006238,-3.633365793729534e-06
0.23220000000000002,89.99877196249471,90.0,0.03920239275056813,-0.02044358976420551,-4.3271271578813806e-05,2.788654811408547e-06,11.99999999993626,-4.338695967135114e-05,-0.0014690863807621973,5.311599296349935e-09,5.311599296349935e-09,0.013067464250189377,-3.6155799726317997e-06
0.23240000000000002,89.99877977954972,90.0,0.03896817267112698,-0.02033485019573185,-4.3044076631965466e-05,2.7709036694711905e-06,11.999999999936907,-4.317416085245735e-05,-0.0014613729720729018,5.257795980170071e-09,5.257795980170071e-09,0.01298939089037566,-3.5978467377236953e-06
0.2326,89.9987875498853,90.0,0.038735198379961144,-0.020226545423091755,-4.281775444750384e-05,2.7532586190629836e-06,11.999999999937547,-4.2961996610584786e-05,-0.0014536891942053775,5.2044491862183495e-09,5.2044491862183495e-09,0.01291173279332038,-3.5801663842340315e-06
0.2328,89.9987952737501,90.0,0.03850346489613521,-0.02011867543572156,-4.2592305575366e-05,2.7357190955020096e-06,11.999999999938183,-4.275047039290015e-05,-0.0014460350658303271,5.151556605766107e-09,5.151556605766107e-09,0.012834488298711736,-3.562539199426698e-06
0.233,89.99880295139181,90.0,0.03827296723882905,-0.020011240195152123,-4.236773050023705e-05,2.7182845363886544e-06,11.999999999938812,-4.253958554983966e-05,-0.0014384106034031098,5.09911590996459e-09,5.09911590996459e-09,0.012757655746276351,-3.544965462504714e-06
0.23320000000000002,89.99881058305708,90.0,0.03804370042765755,-0.019904239635455262,-4.2144029642556986e-05,2.7009543816056053e-06,11.999999999939433,-4.232934533643166e-05,-0.0014308158211979224,5.04712475071855e-09,5.04712475071855e-09,0.01268123347588585,-3.527445444720442e-06
0.23340000000000002,89.99881816899156,90.0,0.037815659482985355,-0.019797673664393764,-4.192120336117291e-05,2.683728073260072e-06,11.999999999940053,-4.21197529160595e-05,-0.001423250731397846,4.995580762031475e-09,4.995580762031475e-09,0.012605219827661784,-3.509979409689159e-06
0.2336,89.99882570943997,90.0,0.03758883942622837,-0.019691542163131834,-4.16992519526273e-05,2.6666050557415653e-06,11.999999999940666,-4.191081135924777e-05,-0.00141571534407068,4.944481560336016e-09,4.944481560336016e-09,0.012529613142076124,-3.4925676132879166e-06
0.2338,89.99883320464596,90.0,0.0373632352801585,-0.019585844987015794,-4.147817565294805e-05,2.649584775693008e-06,11.999999999941274,-4.170252364615324e-05,-0.0014082096672297178,4.893824745556357e-09,4.893824745556357e-09,0.012454411760052835,-3.4752103038631105e-06
0.234,89.99884065485223,90.0,0.0371388420691995,-0.019480581965987245,-4.12579746385802e-05,2.6326666820107356e-06,11.999999999941878,-4.149489266778875e-05,-0.0014007337068653771,4.843607901901185e-09,4.843607901901185e-09,0.012379614023066499,-3.4579077223324776e-06
0.23420000000000002,89.99884806030046,90.0,0.03691565481971808,-0.01937575290463424,-4.1038649026472014e-05,2.615850225873385e-06,11.999999999942474,-4.128792122599688e-05,-0.001393287466948124,4.7938285983998875e-09,4.7938285983998875e-09,0.012305218273239358,-3.4406601021829005e-06
0.23440000000000003,89.99885542123135,90.0,0.0366936685603145,-0.01927135758295228,-4.082019887582054e-05,2.599134860713005e-06,11.999999999943066,-4.108161203588242e-05,-0.0013858709494877345,4.744484389910436e-09,4.744484389910436e-09,0.012231222853438167,-3.423467669673111e-06
0.2346,89.99886273788461,90.0,0.03647287832210423,-0.01916739575709285,-4.060262418978908e-05,2.582520042186165e-06,11.999999999943654,-4.087596772820791e-05,-0.0013784841545916046,4.695572818099747e-09,4.695572818099747e-09,0.012157626107368076,-3.4063306440333203e-06
0.2348,89.99887001049892,90.0,0.036253279138991526,-0.019063867158679623,-4.0385924913876994e-05,2.5660052282606295e-06,11.999999999944235,-4.0670990846833966e-05,-0.0013711270804094042,4.6470914114530166e-09,4.6470914114530166e-09,0.012084426379663844,-3.389249237251914e-06
0.23500000000000001,89.99887723931202,90.0,0.036034866047950066,-0.018960771496621363,-4.0170100940125646e-05,2.5495898790997914e-06,11.999999999944812,-4.046668385480196e-05,-0.0013637997232758708,4.599037686943739e-09,4.599037686943739e-09,0.012011622015983355,-3.3722236545823387e-06
0.23520000000000002,89.99888442456061,90.0,0.035817634089283484,-0.018858108456054623,-3.9955152104616526e-05,2.5332734571782375e-06,11.999999999945384,-4.02630491304898e-05,-0.0013565020776258698,4.551409149775872e-09,4.551409149775872e-09,0.011939211363094494,-3.3552540942227544e-06
0.2354,89.99889156648045,90.0,0.035601578306897856,-0.018755877700145293,-3.974107819165155e-05,2.5170554271661864e-06,11.999999999945949,-4.0060088973661086e-05,-0.001349234136136318,4.50420329501376e-09,4.50420329501376e-09,0.01186719276896595,-3.3383407478201273e-06
0.2356,89.99889866530626,90.0,0.03538669374855325,-0.018654078869018736,-3.9527878931222836e-05,2.500935256045048e-06,11.99999999994651,-3.9857805601583565e-05,-0.0013419958896402815,4.4574176073037465e-09,4.4574176073037465e-09,0.011795564582851083,-3.321483800146769e-06
0.2358,89.9989057212718,90.0,0.03517297546612791,-0.018552711581905017,-3.9315554003997495e-05,2.4849124129629742e-06,11.999999999947068,-3.965620115627443e-05,-0.0013347873272962114,4.411049562694831e-09,4.411049562694831e-09,0.01172432515537597,-3.304683429704113e-06
0.23600000000000002,89.99891273460982,90.0,0.034960418515857655,-0.01845177543534155,-3.9104103037088034e-05,2.4689863694081996e-06,11.999999999947619,-3.945527769810772e-05,-0.001327608436444347,4.365096627874246e-09,4.365096627874246e-09,0.011653472838619219,-3.2879398081899957e-06
0.23620000000000002,89.99891970555208,90.0,0.034749017958595904,-0.01835127000566778,-3.889352560985456e-05,2.4531565990356998e-06,11.999999999948166,-3.925503721427279e-05,-0.0013204592028037043,4.319556262184358e-09,4.319556262184358e-09,0.011583005986198635,-3.2712531012035293e-06
0.2364,89.99892663432941,90.0,0.0345387688600452,-0.018251194847927373,-3.8683821251311526e-05,2.4374225777827527e-06,11.999999999948706,-3.905548161481e-05,-0.0013133396103840334,4.2744259172978835e-09,4.2744259172978835e-09,0.0115129229533484,-3.2546234679147454e-06
0.2366,89.99893352117157,90.0,0.034329666291001135,-0.018151549496919328,-3.8474989442557005e-05,2.4217837838111585e-06,11.999999999949242,-3.885661273608082e-05,-0.0013062496415682935,4.229703038273188e-09,4.229703038273188e-09,0.011443222097000378,-3.238051061353765e-06
0.2368,89.9989403663074,90.0,0.03412170532758445,-0.018052333467166795,-3.826702961667292e-05,2.406239697536129e-06,11.999999999949775,-3.8658432340497334e-05,-0.001299189277109266,4.185385063903201e-09,4.185385063903201e-09,0.011373901775861483,-3.221536028388261e-06
0.23700000000000002,89.9989471699647,90.0,0.03391488105147332,-0.017953546253596672,-3.8059941160287084e-05,2.3907898015973977e-06,11.999999999950301,-3.846094211871355e-05,-0.0012921584961825862,4.1414694275073515e-09,4.1414694275073515e-09,0.011304960350491108,-3.2050785099060698e-06
0.23720000000000002,89.99895393237033,90.0,0.033709188550127896,-0.01785518733185311,-3.785372341428021e-05,2.3754335808592205e-06,11.999999999950823,-3.826414369055426e-05,-0.0012851572764107481,4.0979535574786456e-09,4.0979535574786456e-09,0.011236396183375965,-3.188678640892589e-06
0.2374,89.99896065375015,90.0,0.03350462291701145,-0.017757256158251057,-3.7648375673651844e-05,2.360170522439266e-06,11.999999999951342,-3.8068038604699395e-05,-0.0012781855938585503,4.054834877597934e-09,4.054834877597934e-09,0.011168207639003818,-3.1723365504044797e-06
0.2376,89.99896733432905,90.0,0.03330117925181158,-0.0176597521707956,-3.7443897189877805e-05,2.3450001156508335e-06,11.999999999951854,-3.78726283420598e-05,-0.0012712434231131355,4.012110808003735e-09,4.012110808003735e-09,0.011100393083937192,-3.1560523618509793e-06
0.2378,89.99897397433094,90.0,0.033098852660650296,-0.01756267478876483,-3.724028716991083e-05,2.329921852060635e-06,11.999999999952362,-3.7677914314185525e-05,-0.0012643307372500593,3.969778765257322e-09,3.969778765257322e-09,0.011032950886883433,-3.1398261928612586e-06
0.23800000000000002,89.99898057397874,90.0,0.03289763825629847,-0.01746602341371975,-3.703754477851683e-05,2.3149352254310134e-06,11.999999999952866,-3.748389786661368e-05,-0.0012574475079126085,3.927836163284104e-09,3.927836163284104e-09,0.010965879418766157,-3.1236581555634092e-06
0.23820000000000002,89.99898713349438,90.0,0.03269753115837888,-0.017369797429077273,-3.683566913725317e-05,2.300039731777726e-06,11.999999999953364,-3.729058027724746e-05,-0.001250593705277114,3.886280413419818e-09,3.886280413419818e-09,0.01089917705279296,-3.1075483564493653e-06
0.2384,89.99899365309886,90.0,0.03249852649357433,-0.017273996201466614,-3.6634659327615727e-05,2.28523486928327e-06,11.999999999953857,-3.709796276090846e-05,-0.0012437692981597933,3.8451089255392236e-09,3.8451089255392236e-09,0.010832842164524776,-3.0914968967542593e-06
0.2386,89.99900013301217,90.0,0.03230061939581967,-0.017178619079931602,-3.643451438915185e-05,2.2705201383835565e-06,11.999999999954348,-3.690604646643955e-05,-0.0012369742539526864,3.804319107861743e-09,3.804319107861743e-09,0.010766873131939893,-3.075503872214996e-06
0.2388,89.99900657345334,90.0,0.03210380500650363,-0.01708366539727825,-3.6235233322587475e-05,2.2558950416812364e-06,11.999999999954834,-3.671483248123102e-05,-0.0012302085387298218,3.763908368051284e-09,3.763908368051284e-09,0.010701268335501212,-3.059569373447434e-06
0.23900000000000002,89.99901297464044,90.0,0.03190807847465475,-0.01698913446926864,-3.603681508792113e-05,2.241359084032374e-06,11.999999999955314,-3.652432182829855e-05,-0.0012234721171825076,3.7238741130075094e-09,3.7238741130075094e-09,0.01063602615821825,-3.0436934857028804e-06
0.23920000000000002,89.99901933679052,90.0,0.03171343495713675,-0.01689502559595945,-3.5839258607530633e-05,2.2269117724597764e-06,11.99999999995579,-3.6334515470782556e-05,-0.0012167649527248055,3.684213749937361e-09,3.684213749937361e-09,0.010571144985712249,-3.0278762892430346e-06
0.2394,89.99902566011973,90.0,0.031519869618828446,-0.016801338061242663,-3.5642562765078606e-05,2.212552616210772e-06,11.99999999995626,-3.6145414310231536e-05,-0.0012100870074563724,3.6449246863415206e-09,3.6449246863415206e-09,0.010506623206276149,-3.0121178591969403e-06
0.2396,89.99903194484321,90.0,0.03132737763280914,-0.016708071133814936,-3.5446726407757316e-05,2.198281126699431e-06,11.999999999956728,-3.595701918982992e-05,-0.0012034382422386745,3.6060043308422707e-09,3.6060043308422707e-09,0.010442459210936379,-2.996418265829965e-06
0.2398,89.99903819117516,90.0,0.031135954180532516,-0.016615224067065143,-3.52517483460057e-05,2.1840968175354554e-06,11.99999999995719,-3.5769330893886783e-05,-0.0011968186166853789,3.567450093361324e-09,3.567450093361324e-09,0.01037865139351084,-2.9807775745011992e-06
0.24000000000000002,89.99904439932881,90.0,0.03094559445200229,-0.016522796099319642,-3.505762735406249e-05,2.1699992045241813e-06,11.999999999957648,-3.558235014856258e-05,-0.001190228089181134,3.5292593855039295e-09,3.5292593855039295e-09,0.010315198150667431,-2.9651958457240138e-06
0.24020000000000002,89.9990505695164,90.0,0.030756293645944687,-0.01643078645443835,-3.486436217133989e-05,2.155987805637685e-06,11.999999999958103,-3.539607762381305e-05,-0.0011836666169282063,3.491429621137771e-09,3.491429621137771e-09,0.010252097881981562,-2.9496731353280524e-06
0.2404,89.99905670194926,90.0,0.030568046969974283,-0.016339194341335773,-3.46719515012846e-05,2.142062141072566e-06,11.999999999958552,-3.5210513931614107e-05,-0.0011771341559078106,3.4539582163428276e-09,3.4539582163428276e-09,0.010189348989991428,-2.93420949431131e-06
0.2406,89.99906279683772,90.0,0.03038084964076524,-0.016248018955641173,-3.448039401523937e-05,2.1282217331343858e-06,11.999999999958998,-3.502565963159229e-05,-0.0011706306610112132,3.416842590585396e-09,3.416842590585396e-09,0.01012694988025508,-2.918804969309331e-06
0.24080000000000001,89.99906885439117,90.0,0.03019469688420364,-0.016157259478490185,-3.428968834960035e-05,2.1144661063532275e-06,11.999999999959439,-3.484151522673286e-05,-0.001164156085943222,3.380080166235133e-09,3.380080166235133e-09,0.010064898961401213,-2.9034596022375525e-06
0.24100000000000002,89.99907487481806,90.0,0.030009583935553478,-0.016066915077822395,-3.40998331088315e-05,2.1007947873970277e-06,11.999999999959876,-3.465808116775781e-05,-0.0011577103833245264,3.3436683695126337e-09,3.3436683695126337e-09,0.010003194645184493,-2.8881734306561415e-06
0.2412,89.99908085832588,90.0,0.029825506039607867,-0.0159769849082372,-3.391082686511014e-05,2.0872073051004643e-06,11.999999999960309,-3.447535785252093e-05,-0.0011512935046796653,3.30760463060381e-09,3.30760463060381e-09,0.009941835346535956,-2.8729464877195797e-06
0.2414,89.99908680512115,90.0,0.029642458450842044,-0.015887468111207434,-3.3722668158808785e-05,2.0737031904649576e-06,11.999999999960737,-3.429334562664074e-05,-0.0011449054004533847,3.27188638397366e-09,3.27188638397366e-09,0.009880819483614016,-2.8577788022294125e-06
0.2416,89.99909271540947,90.0,0.029460436433563716,-0.015798363815644582,-3.353535549979912e-05,2.06028197662978e-06,11.999999999961162,-3.4112044785352836e-05,-0.0011385460200549083,3.236511068868663e-09,3.236511068868663e-09,0.00982014547785457,-2.8426703987886032e-06
0.24180000000000001,89.99909858939549,90.0,0.029279435262057032,-0.015709671138099776,-3.3348887367905304e-05,2.0469431988720565e-06,11.999999999961581,-3.393145557410539e-05,-0.0011322153118733284,3.2014761296062264e-09,3.2014761296062264e-09,0.00975981175401901,-2.8276212978511685e-06
0.24200000000000002,89.99910442728289,90.0,0.029099450220724177,-0.015621389182250965,-3.316326221168874e-05,2.033686394664544e-06,11.999999999961998,-3.375157818668391e-05,-0.0011259132232363462,3.1667790154669314e-09,3.1667790154669314e-09,0.009699816740241392,-2.8126315155658994e-06
0.2422,89.99911022927442,90.0,0.028920476604232994,-0.015533517040530125,-3.297847845223516e-05,2.0205111035600735e-06,11.999999999962412,-3.357241277074381e-05,-0.0011196397005388482,3.132417181759995e-09,3.132417181759995e-09,0.009640158868077665,-2.797701064237414e-06
0.2424,89.99911599557193,90.0,0.028742509717645845,-0.015446053793237371,-3.279453448106879e-05,2.007416867278215e-06,11.999999999962819,-3.33939594246521e-05,-0.0011133946891720887,3.0983880894959224e-09,3.0983880894959224e-09,0.009580836572548615,-2.7828299520629643e-06
0.2426,89.99912172637625,90.0,0.028565544876558525,-0.015358998509090185,-3.2611428661420186e-05,1.9944032296763944e-06,11.999999999963222,-3.3216218199292295e-05,-0.0011071781335667348,3.06468920584588e-09,3.06468920584588e-09,0.009521848292186176,-2.7680181832828412e-06
0.24280000000000002,89.99912742188735,90.0,0.02838957740723316,-0.015272350246119516,-3.242915933030597e-05,1.981469736692108e-06,11.999999999963624,-3.303918910107526e-05,-0.0011009899772634745,3.0313180047755627e-09,3.0313180047755627e-09,0.00946319246907772,-2.7532657584312842e-06
0.24300000000000002,89.99913308230425,90.0,0.028214602646720637,-0.015186108050774904,-3.224772479642258e-05,1.9686159364295942e-06,11.999999999964022,-3.28628720887541e-05,-0.0010948301628415074,2.9982719667065127e-09,2.9982719667065127e-09,0.009404867548906879,-2.7385726740710526e-06
0.2432,89.999138707825,90.0,0.028040615942993227,-0.01510027095882021,-3.206712334222502e-05,1.955841379102055e-06,11.999999999964412,-3.268726707643376e-05,-0.0010886986319891211,2.965548579140167e-09,2.965548579140167e-09,0.009346871980997743,-2.7239389230442246e-06
0.2434,89.99914429864675,90.0,0.027867612655067174,-0.015014837995504791,-3.188735322431294e-05,1.943145617031654e-06,11.999999999964803,-3.2512373934078136e-05,-0.0010825953255167973,2.933145336882533e-09,2.933145336882533e-09,0.009289204218355725,-2.709364494514458e-06
0.2436,89.99914985496574,90.0,0.02769558815312309,-0.014929808176086863,-3.170841267464027e-05,1.930528204620628e-06,11.999999999965187,-3.233819248923856e-05,-0.0010765201833982808,2.90105974244875e-09,2.90105974244875e-09,0.009231862717707697,-2.6948493741110314e-06
0.24380000000000002,89.99915537697724,90.0,0.027524537818620562,-0.01484518050563823,-3.153029990004549e-05,1.917988698380175e-06,11.999999999965567,-3.216472252629729e-05,-0.001070473144754631,2.869289306082031e-09,2.869289306082031e-09,0.009174845939540188,-2.6803935438657987e-06
0.24400000000000002,89.99916086487565,90.0,0.02735445704441485,-0.014760953979207287,-3.135301308261922e-05,1.9055266569304576e-06,11.999999999965947,-3.199196378695043e-05,-0.001064454147866702,2.8378315459597786e-09,2.8378315459597786e-09,0.009118152348138283,-2.665996982253434e-06
0.2442,89.9991663188544,90.0,0.027185341234871756,-0.014677127582334595,-3.1176550380896336e-05,1.8931416409717084e-06,11.99999999996632,-3.1819915971913296e-05,-0.0010584631302156164,2.8066839885769804e-09,2.8066839885769804e-09,0.00906178041162392,-2.6516596643335503e-06
0.2444,89.99917173910605,90.0,0.027017185805976545,-0.014593700290849776,-3.100090992936855e-05,1.8808332133131243e-06,11.99999999996669,-3.1648578740140805e-05,-0.0010525000284662162,2.7758441687504957e-09,2.7758441687504957e-09,0.009005728601992181,-2.6373815616857213e-06
0.2446,89.99917712582217,90.0,0.02684998618544523,-0.014510671071737362,-3.082608984049581e-05,1.8686009388150841e-06,11.999999999967056,-3.147795171174845e-05,-0.0010465647785353515,2.745309630170245e-09,2.745309630170245e-09,0.008949995395148411,-2.6231626426529056e-06
0.24480000000000002,89.99918247919352,90.0,0.02668373781282602,-0.014428038883278508,-3.065208820502589e-05,1.8564443843891494e-06,11.999999999967418,-3.13080344684322e-05,-0.001040657315602731,2.715077925567074e-09,2.715077925567074e-09,0.008894579270942008,-2.6090028723764335e-06
0.24500000000000002,89.99918779940987,90.0,0.02651843613959907,-0.014345802674124424,-3.0478903089816692e-05,1.8443631190847342e-06,11.999999999967777,-3.113882655018949e-05,-0.0010347775740369865,2.685146616337509e-09,2.685146616337509e-09,0.00883947871319969,-2.594902212522759e-06
0.2452,89.9991930866601,90.0,0.026354076629286804,-0.014263961385226752,-3.0306532542336493e-05,1.8323567139446548e-06,11.999999999968134,-3.097032746192804e-05,-0.0010289254875484612,2.655513273615369e-09,2.655513273615369e-09,0.008784692209762269,-2.58086062183419e-06
0.2454,89.99919834113221,90.0,0.026190654757542172,-0.014182513948539765,-3.013497458761965e-05,1.820424742120691e-06,11.999999999968486,-3.080253666890908e-05,-0.0010231009890858524,2.62617547769974e-09,2.62617547769974e-09,0.008730218252514058,-2.5668780557491647e-06
0.2456,89.99920356301325,90.0,0.026028166012251698,-0.014101459288230004,-2.996422723108265e-05,1.808566778786914e-06,11.999999999968836,-3.0635453600864844e-05,-0.0010173040109318185,2.5971308187463636e-09,2.5971308187463636e-09,0.008676055337417233,-2.552954466745367e-06
0.24580000000000002,89.99920875248942,90.0,0.025866605893624828,-0.01402079632044582,-2.9794288457975113e-05,1.7967824011685791e-06,11.99999999996918,-3.0469077651137984e-05,-0.0010115344846843403,2.5683768967275143e-09,2.5683768967275143e-09,0.00862220196454161,-2.5390898042680197e-06
0.24600000000000002,89.99921390974599,90.0,0.025705969914285764,-0.013940523953445534,-2.9625156233668697e-05,1.7850711885421233e-06,11.999999999969521,-3.0303408177061118e-05,-0.00100579234126653,2.5399113215699183e-09,2.5399113215699183e-09,0.008568656638095255,-2.525284014761507e-06
0.2462,89.99921903496734,90.0,0.025546253599364004,-0.013860641088079174,-2.945682850477298e-05,1.7734327222062764e-06,11.999999999969859,-3.0138444501562045e-05,-0.0010000775109645149,2.5117317134616706e-09,2.5117317134616706e-09,0.008515417866454668,-2.5115370418031456e-06
0.2464,89.99922412833695,90.0,0.02538745248657907,-0.013781146617551492,-2.9289303198571576e-05,1.761866585510951e-06,11.999999999970193,-2.9974185912283636e-05,-0.0009943899234082943,2.4838357028013115e-09,2.4838357028013115e-09,0.008462484162193024,-2.497848826029841e-06
0.2466,89.99922919003741,90.0,0.02522956212632824,-0.013702039428254993,-2.9122578224959582e-05,1.750372363799463e-06,11.999999999970527,-2.981063166440777e-05,-0.0009887295076375167,2.456220930665471e-09,2.456220930665471e-09,0.008409854042109415,-2.4842193053734157e-06
0.24680000000000002,89.99923422025043,90.0,0.025072578081764663,-0.013623318399168478,-2.8956651475028382e-05,1.73894964446631e-06,11.999999999970854,-2.964778097851742e-05,-0.0009830961920534328,2.4288850485737888e-09,2.4288850485737888e-09,0.008357526027254888,-2.4706484148824527e-06
0.24700000000000003,89.99923921915685,90.0,0.02491649592888221,-0.013544982403041323,-2.8791520823824558e-05,1.7275980168705034e-06,11.999999999971177,-2.9485633044639115e-05,-0.0009774899045125623,2.4018257191138308e-09,2.4018257191138308e-09,0.008305498642960736,-2.4571360870591613e-06
0.2472,89.9992441869366,90.0,0.02476131125658696,-0.013467030305427494,-2.8627184128083307e-05,1.7163170724222371e-06,11.9999999999715,-2.932418701884724e-05,-0.0009719105722497419,2.3750406155261634e-09,2.3750406155261634e-09,0.00825377041886232,-2.443682251576407e-06
0.2474,89.9992491237687,90.0,0.024607019666779736,-0.013389460965511288,-2.8463639228149398e-05,1.705106404525107e-06,11.999999999971816,-2.9163442026066308e-05,-0.0009663581219433438,2.348527422148268e-09,2.348527422148268e-09,0.00820233988892658,-2.4302868355112336e-06
0.24760000000000001,89.99925402983139,90.0,0.024453616774428796,-0.013312273236564157,-2.8300883949036733e-05,1.6939656085472235e-06,11.999999999972133,-2.9003397161602237e-05,-0.0009608324797512472,2.32228383467144e-09,2.32228383467144e-09,0.008151205591476265,-2.416949763472466e-06
0.24780000000000002,89.99925890530193,90.0,0.024301098207638046,-0.01323546596532936,-2.8138916098981898e-05,1.6828942818789882e-06,11.999999999972445,-2.8844051488963402e-05,-0.0009553335712617312,2.296307559889328e-09,2.296307559889328e-09,0.008100366069212682,-2.4036709574191364e-06
0.248,89.99926375035676,90.0,0.024149459607721534,-0.013159037992836575,-2.7977733471340034e-05,1.6718920238753169e-06,11.999999999972754,-2.8685404042629988e-05,-0.0009498613215578408,2.270596316117918e-09,2.270596316117918e-09,0.008049819869240511,-2.39045033689126e-06
0.2482,89.99926856517145,90.0,0.023998696629269074,-0.013082988154138178,-2.7817333843960673e-05,1.660958435884527e-06,11.999999999973058,-2.852745382709462e-05,-0.0009444156551961958,2.2451478331046064e-09,2.2451478331046064e-09,0.007999565543089691,-2.377287818929889e-06
0.2484,89.99927334992066,90.0,0.0238488049402147,-0.013007315278760166,-2.7657714980234095e-05,1.6500931212194504e-06,11.999999999973362,-2.8370199818376317e-05,-0.0009389964962425157,2.2199598522678792e-09,2.2199598522678792e-09,0.007949601646738233,-2.3641833182032744e-06
0.24860000000000002,89.99927810477824,90.0,0.023699780221900106,-0.012932018191145978,-2.749887463012154e-05,1.6392956851285405e-06,11.99999999997366,-2.8213640965513222e-05,-0.0009336037683065955,2.195030126925858e-09,2.195030126925858e-09,0.007899926740633369,-2.3511367471312624e-06
0.24880000000000002,89.99928282991715,90.0,0.02355161816913271,-0.012857095710027022,-2.7340810528676923e-05,1.6285657348536546e-06,11.999999999973955,-2.805777618834187e-05,-0.0009282373944921178,2.1703564220304977e-09,2.1703564220304977e-09,0.007850539389710904,-2.3381480157002306e-06
0.249,89.99928752550949,90.0,0.023404314490251352,-0.012782546648869672,-2.718352039708426e-05,1.6179028796011625e-06,11.99999999997425,-2.7902604378999394e-05,-0.0009228972974318732,2.145936514395379e-09,2.145936514395379e-09,0.007801438163417118,-2.3252170315882723e-06
0.2492,89.99929219172651,90.0,0.023257864907186614,-0.012708369816670062,-2.7027001944508814e-05,1.6073067304841677e-06,11.999999999974538,-2.7748124404634027e-05,-0.000917583399350608,2.1217681930718066e-09,2.1217681930718066e-09,0.007752621635728871,-2.3123437003910755e-06
0.2494,89.9992968287386,90.0,0.023112265155511777,-0.012634564017669936,-2.687125286742691e-05,1.596776900551396e-06,11.999999999974825,-2.7594335106385404e-05,-0.0009122956220422717,2.0978492592312983e-09,2.0978492592312983e-09,0.007704088385170594,-2.299527925536941e-06
0.24960000000000002,89.9993014367153,90.0,0.022967510984497702,-0.012561128051078016,-2.6716270848968216e-05,1.5863130048160863e-06,11.99999999997511,-2.7441235298381098e-05,-0.0009070338868476864,2.074177526053681e-09,2.074177526053681e-09,0.007655836994832567,-2.286769608203168e-06
0.24980000000000002,89.99930601582533,90.0,0.02282359815717029,-0.012488060711860767,-2.6562053560757803e-05,1.5759146601982115e-06,11.99999999997539,-2.728882377043522e-05,-0.000901798114717086,2.050750819089646e-09,2.050750819089646e-09,0.007607866052390097,-2.274068647540932e-06
0.25,89.99931056623649,90.0,0.022680522450359116,-0.01241536079009977,-2.640859866140816e-05,1.5655814855822563e-06,11.99999999997567,-2.7137099285788685e-05,-0.0008965882261589191,2.027566975982757e-09,2.027566975982757e-09,0.007560174150119705,-2.2614249404869757e-06
0.25020000000000003,89.99931508811581,90.0,0.022538279654753485,-0.012343027072491082,-2.625590380001799e-05,1.5553131017016598e-06,11.999999999975945,-2.6986060586263e-05,-0.0008914041413586356,2.0046238471331757e-09,2.0046238471331757e-09,0.007512759884917829,-2.2488383821930914e-06
0.2504,89.99931958162944,90.0,0.02239686557494125,-0.012271058340978323,-2.6103966612972136e-05,1.5451091312543731e-06,11.999999999976218,-2.683570638749887e-05,-0.0008862457800700418,1.9819192950972227e-09,1.9819192950972227e-09,0.0074656218583137495,-2.236308865629338e-06
0.2506,89.99932404694272,90.0,0.02225627602946333,-0.012199453374249915,-2.5952784727435557e-05,1.5349691987873014e-06,11.999999999976486,-2.6686035384103655e-05,-0.0008811130617339233,1.959451195239455e-09,1.959451195239455e-09,0.0074187586764877765,-2.2238362820129955e-06
0.2508,89.99932848422014,90.0,0.022116506850850835,-0.012128210946725088,-2.5802355758978535e-05,1.5248929307829727e-06,11.999999999976755,-2.6537046246113567e-05,-0.0008760059053974195,1.9372174352870783e-09,1.9372174352870783e-09,0.007372168950283612,-2.2114205205137475e-06
0.251,89.99933289362534,90.0,0.021977553885674208,-0.012057329828977753,-2.5652677312561903e-05,1.5148799556306483e-06,11.999999999977017,-2.6388737620427248e-05,-0.000870924229747472,1.9152159155102294e-09,1.9152159155102294e-09,0.007325851295224735,-2.199061468373149e-06
0.25120000000000003,89.99933727532117,90.0,0.02183941299458721,-0.011986808788863778,-2.5503746985167402e-05,1.5049299035396525e-06,11.999999999977279,-2.624110813467938e-05,-0.000865867953200128,1.893444549193424e-09,1.893444549193424e-09,0.00727980433152907,-2.1867590112274225e-06
0.2514,89.99934162946961,90.0,0.021702080052358165,-0.011916646590143458,-2.5355562362573616e-05,1.4950424066549333e-06,11.999999999977536,-2.6094156392447757e-05,-0.0008608369937910796,1.871901262035922e-09,1.871901262035922e-09,0.007234026684119388,-2.1745130327080505e-06
0.2516,89.99934595623186,90.0,0.021565550947916713,-0.011846841993967953,-2.5208121022825645e-05,1.4852170989415019e-06,11.999999999977792,-2.594788097836885e-05,-0.0008558312692934633,1.8505839927695186e-09,1.8505839927695186e-09,0.007188516982638904,-2.1623234148680725e-06
0.2518,89.99935025576828,90.0,0.02142982158438395,-0.011777393757855505,-2.5061420533838153e-05,1.4754536162711024e-06,11.999999999978046,-2.580228045457085e-05,-0.0008508506971364806,1.8294906927102298e-09,1.8294906927102298e-09,0.007143273861461317,-2.150190037884838e-06
0.252,89.99935452823838,90.0,0.02129488787911396,-0.01170830063645999,-2.4915458455187382e-05,1.4657515963644327e-06,11.999999999978296,-2.565735336330652e-05,-0.0008458951944662383,1.8086193260652011e-09,1.8086193260652011e-09,0.0070982959597046535,-2.1381127802794104e-06
0.25220000000000004,89.9993587738009,90.0,0.02116074576372663,-0.011639561381616738,-2.4770232338214435e-05,1.4561106787911441e-06,11.999999999978545,-2.5513098227088882e-05,-0.0008409646781492555,1.7879678699310419e-09,1.7879678699310419e-09,0.00705358192124221,-2.126091518927875e-06
0.2524,89.99936299261377,90.0,0.02102739118414009,-0.011571174742743103,-2.462573972695804e-05,1.4465305049409508e-06,11.99999999997879,-2.5369513550055963e-05,-0.0008360590648041311,1.7675343144360842e-09,1.7675343144360842e-09,0.007009130394713363,-2.114126129175067e-06
0.2526,89.99936718483407,90.0,0.02089482010059827,-0.011503139466166379,-2.4481978156580126e-05,1.4370107180814112e-06,11.999999999979032,-2.5226597815623677e-05,-0.0008311782707480907,1.7473166624403575e-09,1.7473166624403575e-09,0.006964940033532757,-2.1022164846389797e-06
0.2528,89.9993713506181,90.0,0.020763028487706482,-0.011435454296239312,-2.4338945155969613e-05,1.427550963271256e-06,11.999999999979273,-2.508434949032462e-05,-0.0008263222120853882,1.727312929966985e-09,1.727312929966985e-09,0.006921009495902161,-2.090362457530662e-06
0.253,89.99937549012138,90.0,0.020632012334453984,-0.011368117974661057,-2.4196638246152317e-05,1.4181508874181705e-06,11.99999999997951,-2.4942767021440305e-05,-0.0008214908046533195,1.707521145896522e-09,1.707521145896522e-09,0.006877337444817995,-2.078563918456908e-06
0.25320000000000004,89.99937960349855,90.0,0.02050176764424432,-0.01130112924087482,-2.4055054941217065e-05,1.408810139249903e-06,11.999999999979746,-2.4801848838357244e-05,-0.0008166839640536659,1.6879393521002993e-09,1.6879393521002993e-09,0.0068339225480814406,-2.066820736533259e-06
0.2534,89.99938369090356,90.0,0.020372290434921426,-0.011234486832459555,-2.3914192749228428e-05,1.3995283692853754e-06,11.999999999979977,-2.4661593353905316e-05,-0.0008119016056836812,1.668565603565595e-09,1.668565603565595e-09,0.006790763478307141,-2.055132779495539e-06
0.2536,89.99938775248948,90.0,0.020243576738790736,-0.011168189484804199,-2.377404917146268e-05,1.3903052298635728e-06,11.999999999980208,-2.4521998963214698e-05,-0.0008071436447101529,1.6493979682316954e-09,1.6493979682316954e-09,0.006747858912930246,-2.043499913604595e-06
0.2538,89.99939178840863,90.0,0.020115622602644465,-0.011102235931142948,-2.363462170248736e-05,1.381140375143544e-06,11.999999999980435,-2.4383064043820364e-05,-0.0008024099960721018,1.6304345269716335e-09,1.6304345269716335e-09,0.006705207534214822,-2.03192200365501e-06
0.254,89.9993957988125,90.0,0.01998842408778634,-0.011036624903300336,-2.3495907831900282e-05,1.3720334610466219e-06,11.999999999980659,-2.4244786958225365e-05,-0.0007977005745398245,1.6116733738502658e-09,1.6116733738502658e-09,0.006662808029262113,-2.0203989131887036e-06
0.25420000000000004,89.99939978385186,90.0,0.0198619772700476,-0.010971355131358313,-2.3357905043549412e-05,1.362984145285312e-06,11.999999999980883,-2.4107166052736582e-05,-0.000793015294688406,1.593112615953641e-09,1.593112615953641e-09,0.006620659090015866,-2.0089305043979154e-06
0.2544,89.99940374367662,90.0,0.01973627823980712,-0.010906425344039593,-2.3220610816426692e-05,1.3539920873344044e-06,11.999999999981103,-2.3970199658778323e-05,-0.0007883540709280668,1.5747503734988505e-09,1.5747503734988505e-09,0.00657875941326904,-1.9975166382346725e-06
0.2546,89.99940767843599,90.0,0.01961132310200707,-0.010841834268018997,-2.308402262305632e-05,1.3450569484887528e-06,11.99999999998132,-2.3833886090496266e-05,-0.000783716817449443,1.5565847795271133e-09,1.5565847795271133e-09,0.006537107700669023,-1.986157174211114e-06
0.2548,89.99941158827832,90.0,0.019487107976176112,-0.010777580629021656,-2.294813793205945e-05,1.3361783917766033e-06,11.999999999981537,-2.3698223648544795e-05,-0.0007791034483106604,1.5386139802872414e-09,1.5386139802872414e-09,0.00649570265872537,-1.974851970715105e-06
0.255,89.99941547335125,90.0,0.019363628996440674,-0.010713663151838734,-2.2812954208189688e-05,1.3273560819595975e-06,11.99999999998175,-2.3563210620133626e-05,-0.0007745138774385388,1.520836135194034e-09,1.520836135194034e-09,0.006454542998813558,-1.963600885014122e-06
0.25520000000000004,89.99941933380163,90.0,0.01924088231153536,-0.010650080559276173,-2.2678468909874212e-05,1.3185896856194393e-06,11.999999999981961,-2.3428845275379473e-05,-0.0007699480185451122,1.5032494163837962e-09,1.5032494163837962e-09,0.006413627437178453,-1.952403772951224e-06
0.2554,89.99942316977551,90.0,0.019118864084825875,-0.010586831573963035,-2.2544679493438722e-05,1.3098788710134473e-06,11.999999999982169,-2.329512587355318e-05,-0.0007654057852710678,1.4858520093551532e-09,1.4858520093551532e-09,0.006372954694941959,-1.9412604894656497e-06
0.2556,89.99942698141822,90.0,0.018997570494311,-0.010523914916933181,-2.241158340979145e-05,1.3012233081901131e-06,11.999999999982375,-2.3162050658166063e-05,-0.0007608870910731666,1.4686421123839321e-09,1.4686421123839321e-09,0.0063325234981036664,-1.9301708881833403e-06
0.2558,89.99943076887429,90.0,0.018876997732641006,-0.010461329308716821,-2.227917810697285e-05,1.2926226689024327e-06,11.999999999982581,-2.3029617860737504e-05,-0.0007563918493108067,1.4516179368858093e-09,1.4516179368858093e-09,0.006292332577547002,-1.919134821730911e-06
0.256,89.99943453228754,90.0,0.01875714200712323,-0.010399073468992992,-2.2147461029342544e-05,1.2840766266367956e-06,11.999999999982784,-2.2897825699587467e-05,-0.0007519199732184198,1.4347777072348796e-09,1.4347777072348796e-09,0.006252380669041076,-1.9081521416350267e-06
0.25620000000000004,89.99943827180094,90.0,0.01863799953973205,-0.010337146116603507,-2.2016429617610778e-05,1.275584856612985e-06,11.999999999982983,-2.2766672379877868e-05,-0.0007474713759065388,1.4181196607187364e-09,1.4181196607187364e-09,0.006212666513244016,-1.8972226983258461e-06
0.2564,89.99944198755682,90.0,0.01851956656711837,-0.010275545970276731,-2.1886081310529382e-05,1.2671470357263983e-06,11.999999999983181,-2.2636156096112637e-05,-0.0007430459704192075,1.401642047751687e-09,1.401642047751687e-09,0.006173188855706124,-1.8863463413453636e-06
0.2566,89.99944567969669,90.0,0.018401839340611063,-0.010214271747919057,-2.1756413543235202e-05,1.2587628426058268e-06,11.999999999983377,-2.2506275029682823e-05,-0.0007386436696777384,1.3853431315603666e-09,1.3853431315603666e-09,0.006133946446870354,-1.8755229191428334e-06
0.25680000000000003,89.99944934836131,90.0,0.018284814126226245,-0.010153322166983142,-2.16274237481099e-05,1.2504319575845657e-06,11.999999999983569,-2.2377027350135428e-05,-0.000734264386509904,1.3692211882654193e-09,1.3692211882654193e-09,0.006094938042075415,-1.8647522791805056e-06
0.257,89.99945299369074,90.0,0.018168487204672585,-0.010092695944830563,-2.1499109355627186e-05,1.2421540626715234e-06,11.99999999998376,-2.2248411216425807e-05,-0.0007299080336787008,1.3532745069565408e-09,1.3532745069565408e-09,0.006056162401557529,-1.854034268037993e-06
0.25720000000000004,89.99945661582423,90.0,0.01805285487135242,-0.010032391798378115,-2.1371467793525778e-05,1.2339288415801135e-06,11.999999999983949,-2.2120424775691792e-05,-0.0007255745238542703,1.3375013895081871e-09,1.3375013895081871e-09,0.006017618290450806,-1.843368731310115e-06
0.2574,89.99946021490035,90.0,0.017937913436366762,-0.00997240844481536,-2.1244496488486342e-05,1.2257559796704726e-06,11.999999999984137,-2.199306616573544e-05,-0.0007212637696708327,1.3219001507782798e-09,1.3219001507782798e-09,0.00597930447878892,-1.8327555138137093e-06
0.2576,89.99946379105691,90.0,0.017823659224512196,-0.009912744600889728,-2.1118192864460537e-05,1.2176351640072416e-06,11.999999999984322,-2.186633351254914e-05,-0.0007169756836699566,1.3064691182946406e-09,1.3064691182946406e-09,0.005941219741504065,-1.822194459381476e-06
0.25780000000000003,89.999467344431,90.0,0.01771008857528605,-0.009853398983624306,-2.0992554344348485e-05,1.2095660833017855e-06,11.999999999984507,-2.1740224932798063e-05,-0.0007127101783575104,1.2912066324505757e-09,1.2912066324505757e-09,0.005903362858428684,-1.8116854110688444e-06
0.258,89.99947087515895,90.0,0.017597197842883168,-0.009794370309958021,-2.086757834915796e-05,1.2015484279410837e-06,11.999999999984688,-2.1614738532576193e-05,-0.000708467166175116,1.2761110463174901e-09,1.2761110463174901e-09,0.005865732614294389,-1.8012282110503146e-06
0.2582,89.99947438337638,90.0,0.01748498339619691,-0.009735657297102355,-2.0743262298838206e-05,1.1935818899588391e-06,11.999999999984865,-2.1489872408641094e-05,-0.0007042465595284577,1.2611807257091757e-09,1.2611807257091757e-09,0.005828327798732305,-1.7908227007223497e-06
0.2584,89.9994778692182,90.0,0.017373441618816043,-0.009677258662536964,-2.0619603612270058e-05,1.1856661630354787e-06,11.999999999985043,-2.136562464840092e-05,-0.0007000482707869465,1.2464140491178889e-09,1.2464140491178889e-09,0.005791147206272014,-1.7804687207022957e-06
0.2586,89.99948133281856,90.0,0.017262568909021895,-0.00961917312436101,-2.049659970808763e-05,1.177800942469264e-06,11.999999999985217,-2.1241993331133245e-05,-0.0006958722123116171,1.2318094077718765e-09,1.2318094077718765e-09,0.005754189636340633,-1.770166110929951e-06
0.25880000000000003,89.99948477431094,90.0,0.017152361679780813,-0.009561399400572053,-2.037424800299335e-05,1.1699859252340707e-06,11.999999999985391,-2.111897652549277e-05,-0.0006917182963979224,1.2173652053249465e-09,1.2173652053249465e-09,0.00571745389326027,-1.7599147104598733e-06
0.259,89.99948819382807,90.0,0.017042816358745747,-0.00950393621048938,-2.0252545915085285e-05,1.1622208098638282e-06,11.999999999985562,-2.0996572294439893e-05,-0.000687586435388698,1.2030798582776993e-09,1.2030798582776993e-09,0.0056809387862485836,-1.7497143578720963e-06
0.2592,89.999491591502,90.0,0.016933929388241,-0.009446782273311595,-2.0131490860486793e-05,1.1545052965680807e-06,11.999999999985732,-2.0874778690255645e-05,-0.0006834765415597369,1.1889517954214822e-09,1.1889517954214822e-09,0.005644643129413667,-1.7395648908567054e-06
0.2594,89.99949496746399,90.0,0.016825697225263468,-0.009389936308828933,-2.0011080255011633e-05,1.146839087174206e-06,11.9999999999859,-2.0753593757007858e-05,-0.0006793885271763209,1.174979458017152e-09,1.174979458017152e-09,0.00560856574175449,-1.7294661464193537e-06
0.2596,89.99949832184468,90.0,0.016718116341476224,-0.009333397038124795,-1.9891311515804813e-05,1.1392218850696364e-06,11.999999999986066,-2.0633015532985458e-05,-0.0006753223045489289,1.1611612999621473e-09,1.1611612999621473e-09,0.005572705447158741,-1.719417961084118e-06
0.25980000000000003,89.99950165477397,90.0,0.016611183223193396,-0.009277163182488873,-1.977218205880337e-05,1.1316533952885288e-06,11.99999999998623,-2.0513042046944636e-05,-0.000671277785947028,1.1474957873605908e-09,1.1474957873605908e-09,0.005537061074397799,-1.7094201705806813e-06
0.26,89.99950496638108,90.0,0.016504894371377945,-0.009221233464835082,-1.9653689302051527e-05,1.1241333243962038e-06,11.999999999986393,-2.039367132302137e-05,-0.000667254883711626,1.1339813989259313e-09,1.1339813989259313e-09,0.005501631457125982,-1.699472610253708e-06
0.2602,89.9995082567945,90.0,0.016399246301623115,-0.009165606608254606,-1.9535830662320095e-05,1.1166613806047071e-06,11.999999999986553,-2.0274901375732944e-05,-0.0006632535101404972,1.120616625435195e-09,1.120616625435195e-09,0.005466415433874371,-1.6895751146463052e-06
0.2604,89.99951152614204,90.0,0.016294235544150333,-0.009110281337078786,-1.9418603557591576e-05,1.1092372736861377e-06,11.999999999986711,-2.0156730213660664e-05,-0.0006592735775725535,1.1073999700116304e-09,1.1073999700116304e-09,0.005431411848050111,-1.6797275178069155e-06
0.2606,89.99951477455082,90.0,0.016189858643795043,-0.009055256376859305,-1.9302005407015482e-05,1.1018607149726496e-06,11.99999999998687,-2.00391558393912e-05,-0.0006553149983863282,1.094329948047366e-09,1.094329948047366e-09,0.005396619547931681,-1.669929653284427e-06
0.26080000000000003,89.99951800214725,90.0,0.01608611215999274,-0.009000530454348718,-1.9186033630864395e-05,1.0945314173564518e-06,11.999999999987022,-1.992217624945881e-05,-0.0006513776849984826,1.0814050871265223e-09,1.0814050871265223e-09,0.005362037386664247,-1.660181354123363e-06
0.261,89.99952120905711,90.0,0.01598299266676525,-0.008946102297126016,-1.907068564966022e-05,1.0872490953186962e-06,11.999999999987176,-1.9805789433058218e-05,-0.0006474615498341433,1.0686239268358562e-09,1.0686239268358562e-09,0.0053276642222550834,-1.6504824527566151e-06
0.2612,89.99952439540543,90.0,0.01588049675271127,-0.008891970634293953,-1.89559588858055e-05,1.0800134648717006e-06,11.999999999987327,-1.968999337446631e-05,-0.0006435665053822855,1.0559850189182518e-09,1.0559850189182518e-09,0.005293498917570423,-1.6408327812072586e-06
0.2614,89.99952756131658,90.0,0.015778621020988867,-0.008838134196099363,-1.8841850762697773e-05,1.072824243587836e-06,11.999999999987477,-1.9574786051739364e-05,-0.0006396924641656652,1.0434869270804928e-09,1.0434869270804928e-09,0.005259540340329623,-1.6312321709799828e-06
0.2616,89.99953070691427,90.0,0.015677362089302392,-0.008784591714270117,-1.872835870551888e-05,1.0656811505706391e-06,11.999999999987626,-1.9460165437889303e-05,-0.0006358393387676163,1.0311282270290596e-09,1.0311282270290596e-09,0.0052257873631007985,-1.621680453159114e-06
0.26180000000000003,89.99953383232152,90.0,0.015576716589885716,-0.008731341921991747,-1.8615480141182215e-05,1.0585839064548103e-06,11.999999999987773,-1.9346129500814397e-05,-0.0006320070418302605,1.0189075063906082e-09,1.0189075063906082e-09,0.005192238863295238,-1.6121774584028423e-06
0.262,89.99953693766068,90.0,0.015476681169485269,-0.008678383554239045,-1.8503212499109907e-05,1.051532233377325e-06,11.999999999987917,-1.9232676204459605e-05,-0.000628195486080892,1.0068233647424226e-09,1.0068233647424226e-09,0.0051588937231617565,-1.6027230170399142e-06
0.2622,89.99954002305344,90.0,0.015377252489339679,-0.008625715346681787,-1.839155320867696e-05,1.0445258550641024e-06,11.999999999988063,-1.9119803505040895e-05,-0.0006244045842452056,9.948744132022466e-10,9.948744132022466e-10,0.005125750829779893,-1.5933169587549928e-06
0.2624,89.9995430886208,90.0,0.01527842722517185,-0.008573336037450044,-1.828049970333914e-05,1.0375644966855571e-06,11.999999999988203,-1.90075093571648e-05,-0.00062063424918744,9.830592749015677e-10,9.830592749015677e-10,0.0050928090750572835,-1.5839591130986239e-06
0.2626,89.99954613448313,90.0,0.015180202067160723,-0.008521244366028954,-1.8170049418052414e-05,1.0306478849432684e-06,11.999999999988344,-1.8895791710020308e-05,-0.0006168843938227672,9.713765845707059e-10,9.713765845707059e-10,0.005060067355720241,-1.5746493091698885e-06
0.26280000000000003,89.9995491607601,90.0,0.015082573719925836,-0.008469439073592409,-1.8060199790054824e-05,1.0237757480410889e-06,11.999999999988482,-1.8784648508545335e-05,-0.0006131549311438367,9.598249885691122e-10,9.598249885691122e-10,0.005027524573308613,-1.5653873757136137e-06
0.263,89.99955216757078,90.0,0.014985538902507957,-0.008417918903331299,-1.7950948259636116e-05,1.0169478156562577e-06,11.999999999988619,-1.867407769457716e-05,-0.0006094457742469052,9.484031449107695e-10,9.484031449107695e-10,0.004995179634169319,-1.5561731412162392e-06
0.2632,89.99955515503352,90.0,0.014889094348345898,-0.008366682599710594,-1.7842292268403587e-05,1.0101638189971773e-06,11.999999999988756,-1.8564077204295563e-05,-0.0006057568362729613,9.371097229676348e-10,9.371097229676348e-10,0.0049630314494486325,-1.5470064336927464e-06
0.2634,89.99955812326604,90.0,0.014793236805262129,-0.00831572890951508,-1.77342292617285e-05,1.0034234907167448e-06,11.999999999988889,-1.8454644971854756e-05,-0.0006020880304907825,9.259434037100784e-10,9.259434037100784e-10,0.004931078935087376,-1.5378870809893204e-06
0.2636,89.99956107238545,90.0,0.01469796303543601,-0.008265056581456685,-1.762675668783118e-05,9.967265649412433e-07,11.999999999989022,-1.8345778928042087e-05,-0.0005984392702658734,9.149028795138822e-10,9.149028795138822e-10,0.0048993210118120035,-1.5288149106715726e-06
0.26380000000000003,89.99956400250815,90.0,0.014603269815381837,-0.00821466436578859,-1.7519871996881372e-05,9.90072777299229e-07,11.999999999989154,-1.823747699895689e-05,-0.0005948104690299232,9.039868539734822e-10,9.039868539734822e-10,0.004867756605127279,-1.5197897499144477e-06
0.264,89.99956691374996,90.0,0.0145091539359312,-0.008164551015346376,-1.7413572643434347e-05,9.834618648348644e-07,11.999999999989281,-1.8129737109628796e-05,-0.0005912015403635118,8.931940421339701e-10,8.931940421339701e-10,0.0048363846453104,-1.5108114258037492e-06
0.2642,89.99956980622599,90.0,0.01441561220220335,-0.008114715284796147,-1.730785608467653e-05,9.768935660656955e-07,11.99999999998941,-1.8022557181434364e-05,-0.0005876123979365489,8.825231701950468e-10,8.825231701950468e-10,0.004805204067401117,-1.5018797651208559e-06
0.2644,89.99957268005079,90.0,0.01432264143358429,-0.00806515593096055,-1.7202719781190097e-05,9.70367620953764e-07,11.999999999989537,-1.791593513324087e-05,-0.0005840429555342317,8.71972975532225e-10,8.71972975532225e-10,0.0047742138111947635,-1.4929945944380408e-06
0.2646,89.99957553533822,90.0,0.014230238463701994,-0.008015871712784228,-1.7098161196875084e-05,9.638837709056061e-07,11.999999999989662,-1.780986888130398e-05,-0.000580493127054401,8.615422066121602e-10,8.615422066121602e-10,0.004743412821233998,-1.4841557401099437e-06
0.26480000000000004,89.99957837220154,90.0,0.014138400140402298,-0.007966861391300137,-1.699417779887339e-05,9.574417587722529e-07,11.999999999989786,-1.770435633916793e-05,-0.0005769628265049608,8.512296229088369e-10,8.512296229088369e-10,0.004712800046800766,-1.4753630282652499e-06
0.265,89.99958119075332,90.0,0.014047123325724654,-0.007918123729595675,-1.689076705749243e-05,9.510413288492299e-07,11.999999999989907,-1.7599395417565213e-05,-0.0005734519680012862,8.410339948203399e-10,8.410339948203399e-10,0.004682374441908218,-1.4666162847983345e-06
0.2652,89.99958399110558,90.0,0.013956404895879066,-0.00786965749384633,-1.6787926448624272e-05,9.446822267898885e-07,11.999999999990028,-1.7494984028012705e-05,-0.000569960465848355,8.309541038853282e-10,8.309541038853282e-10,0.004652134965293022,-1.457915335668937e-06
0.2654,89.9995867733697,90.0,0.013866241741210227,-0.007821461451844484,-1.6685653450310355e-05,9.383641997209644e-07,11.999999999990148,-1.739112007774128e-05,-0.000566488234424117,8.209887422921298e-10,8.209887422921298e-10,0.004622080580403408,-1.4492600064796297e-06
0.2656,89.9995895376564,90.0,0.013776630766179444,-0.007773534374040009,-1.6583945545176346e-05,9.320869961559083e-07,11.999999999990266,-1.728780147331256e-05,-0.0005630351882621599,8.111367130977734e-10,8.111367130977734e-10,0.004592210255393149,-1.4406501227772156e-06
0.26580000000000004,89.99959228407582,90.0,0.013687568889333833,-0.00772587503349725,-1.6482800220335093e-05,9.258503659948857e-07,11.999999999990383,-1.7185026120491474e-05,-0.0005596012420484137,8.013968301390974e-10,8.013968301390974e-10,0.004562522963111278,-1.4320855100421039e-06
0.266,89.99959501273747,90.0,0.013599053043276656,-0.0076784822051430696,-1.6382214965632117e-05,9.196540605825577e-07,11.9999999999905,-1.708279192166258e-05,-0.0005561863105615843,7.917679177506892e-10,7.917679177506892e-10,0.004533017681092219,-1.4235659934730088e-06
0.2662,89.99959772375027,90.0,0.013511080174645806,-0.0076313546671578835,-1.6282187276900125e-05,9.134978325925198e-07,11.999999999990614,-1.6981096780662998e-05,-0.0005527903087836463,7.822488110729185e-10,7.822488110729185e-10,0.004503693391548602,-1.41509139838969e-06
0.2664,89.99960041722247,90.0,0.013423647244076705,-0.007584491199502777,-1.618271465251987e-05,9.073814361428629e-07,11.999999999990727,-1.6879938597706988e-05,-0.000549413151783082,7.728383555731884e-10,7.728383555731884e-10,0.004474549081358902,-1.4066615498100026e-06
0.2666,89.9996030932618,90.0,0.013336751226181732,-0.007537890585311875,-1.608379459667773e-05,9.013046266806128e-07,11.999999999990838,-1.6779315274222842e-05,-0.0005460547548254785,7.635354073510131e-10,7.635354073510131e-10,0.004445583742060577,-1.3982762728529712e-06
0.26680000000000004,89.9996057519753,90.0,0.013250389109514057,-0.00749155160977601,-1.5985424616760044e-05,8.952671610684004e-07,11.999999999990948,-1.6679224709011778e-05,-0.0005427150332850633,7.543388327606005e-10,7.543388327606005e-10,0.004416796369838019,-1.3899353924186967e-06
0.267,89.99960839346949,90.0,0.013164557896543954,-0.007445473061530754,-1.5887602226600825e-05,8.892687974689019e-07,11.999999999991058,-1.6579664803071864e-05,-0.0005393939027549664,7.45247508708729e-10,7.45247508708729e-10,0.004388185965514651,-1.3816387335903515e-06
0.2672,89.99961101785021,90.0,0.013079254603619373,-0.007399653730825,-1.579032494220478e-05,8.833092954892882e-07,11.999999999991164,-1.648063345328261e-05,-0.0005360912789020142,7.362603220910081e-10,7.362603220910081e-10,0.004359751534539791,-1.3733861211078955e-06
0.2674,89.99961362522279,90.0,0.01299447626094758,-0.007354092411626951,-1.5693590286672857e-05,8.77388416007886e-07,11.999999999991271,-1.6382128559711772e-05,-0.0005328070776339551,7.273761702775111e-10,7.273761702775111e-10,0.004331492086982527,-1.365177379976974e-06
0.2676,89.99961621569189,90.0,0.012910219912552335,-0.007308787900143252,-1.5597395786745195e-05,8.715059212897365e-07,11.999999999991378,-1.6284148020516422e-05,-0.00052954121498209,7.185939606448882e-10,7.185939606448882e-10,0.004303406637517444,-1.3570123350440102e-06
0.26780000000000004,89.99961878936165,90.0,0.01282648261624851,-0.007263738995494099,-1.5501738974382313e-05,8.656615749288167e-07,11.99999999999148,-1.6186689734298868e-05,-0.0005262936071549552,7.099126106806902e-10,7.099126106806902e-10,0.0042754942054161705,-1.3488908111925299e-06
0.268,89.99962134633554,90.0,0.012743261443608567,-0.007218944499311136,-1.540661738582894e-05,8.598551418769285e-07,11.999999999991584,-1.6089751598737452e-05,-0.0005230641705065382,7.013310478046462e-10,7.013310478046462e-10,0.0042477538145361884,-1.3408126332290613e-06
0.2682,89.99962388671653,90.0,0.012660553479933737,-0.007174403216763062,-1.5312028564015047e-05,8.540863883570288e-07,11.999999999991687,-1.599333151415886e-05,-0.0005198528216177949,6.928482095591703e-10,6.928482095591703e-10,0.004220184493311245,-1.3327776261808285e-06
0.2684,89.99962641060696,90.0,0.012578355824213702,-0.007130113955078218,-1.521797005510653e-05,8.483550819787904e-07,11.999999999991786,-1.5897427378449362e-05,-0.0005166594771795428,6.844630431545849e-10,6.844630431545849e-10,0.004192785274737901,-1.324785614871687e-06
0.2686,89.9996289181086,90.0,0.012496665589102882,-0.007086075524932595,-1.5124439411752904e-05,8.42660991623041e-07,11.999999999991886,-1.580203709187868e-05,-0.0005134840541027221,6.761745057520784e-10,6.761745057520784e-10,0.0041655551963676275,-1.3168364243241138e-06
0.26880000000000004,89.99963140932266,90.0,0.012415479900880837,-0.00704228674003924,-1.5031434192131968e-05,8.370038874706537e-07,11.999999999991985,-1.5707158555705678e-05,-0.0005103264694859619,6.679815642829045e-10,6.679815642829045e-10,0.004138493300293612,-1.3089298796430142e-06
0.269,89.99963388434975,90.0,0.01233479589941771,-0.006998746416744764,-1.4938951959010465e-05,8.313835410314367e-07,11.999999999992081,-1.561278967080496e-05,-0.0005071866405836887,6.598831952733757e-10,6.598831952733757e-10,0.0041115986331392365,-1.3010658059012721e-06
0.2692,89.99963634328994,90.0,0.012254610738143969,-0.006955453374342345,-1.4846990280479365e-05,8.257997251152439e-07,11.999999999992177,-1.5518928338772184e-05,-0.0005040644848310896,6.518783848515748e-10,6.518783848515748e-10,0.004084870246047989,-1.2932440282318583e-06
0.26940000000000003,89.99963878624268,90.0,0.012174921584016627,-0.006912406435379841,-1.4755546730678037e-05,8.202522138030845e-07,11.999999999992273,-1.542557246301477e-05,-0.0005009599198686988,6.439661287504719e-10,6.439661287504719e-10,0.0040583071946722095,-1.2854643719187252e-06
0.2696,89.99964121330693,90.0,0.012095725617481935,-0.006869604425252425,-1.466461888884624e-05,8.147407824760131e-07,11.999999999992365,-1.5332719947367146e-05,-0.0004978728635102119,6.361454321333902e-10,6.361454321333902e-10,0.004031908539160645,-1.2777266622814085e-06
0.26980000000000004,89.99964362458101,90.0,0.012017020032442842,-0.006827046172512432,-1.4574204340052222e-05,8.092652077862393e-07,11.999999999992458,-1.5240368697186629e-05,-0.0004948032337672051,6.284153095980975e-10,6.284153095980975e-10,0.004005673344147614,-1.2700307247663507e-06
0.27,89.99964602016276,90.0,0.0119388020362228,-0.006784730509174084,-1.4484300675909308e-05,8.03825267628239e-07,11.99999999999255,-1.514851662043414e-05,-0.0004917509488734642,6.207747851773797e-10,6.207747851773797e-10,0.003979600678740933,-1.2623763850369622e-06
0.2702,89.99964840014937,90.0,0.011861068849526181,-0.006742656269592404,-1.4394905491959533e-05,7.984207412254227e-07,11.999999999992642,-1.505716162381905e-05,-0.000488715927196157,6.132228919943026e-10,6.132228919943026e-10,0.003953689616508727,-1.2547634686523567e-06
0.27040000000000003,89.99965076463756,90.0,0.011783817706411251,-0.006700822292201845,-1.4306016391741417e-05,7.93051408985687e-07,11.999999999992731,-1.4966301618839783e-05,-0.00048569808737393704,6.05758672611362e-10,6.05758672611362e-10,0.0039279392354704176,-1.2471918015707375e-06
0.2706,89.99965311372345,90.0,0.01170704585424377,-0.006659227418030416,-1.4217630983321565e-05,7.877170526169739e-07,11.99999999999282,-1.4875934516669968e-05,-0.00048269734819918897,5.983811785988061e-10,5.983811785988061e-10,0.0039023486180812567,-1.239661209723239e-06
0.27080000000000004,89.99965544750265,90.0,0.011630750553666996,-0.006617870491368343,-1.4129746880861357e-05,7.824174550694905e-07,11.999999999992907,-1.478605823049532e-05,-0.0004797136286712189,5.910894706249204e-10,5.910894706249204e-10,0.0038769168512223324,-1.2321715192086716e-06
0.271,89.99965776607014,90.0,0.01155492907856446,-0.006576750359716083,-1.4042361704499704e-05,7.771524005357099e-07,11.999999999992994,-1.4696670675359619e-05,-0.00047674684799227395,5.838826183718561e-10,5.838826183718561e-10,0.0038516430261881533,-1.2247225562806832e-06
0.2712,89.99966006952047,90.0,0.011479578716023193,-0.006535865874088276,-1.395547308106789e-05,7.719216744214808e-07,11.99999999999308,-1.460776976924316e-05,-0.0004737969255918111,5.767597005353667e-10,5.767597005353667e-10,0.0038265262386743978,-1.217314147437632e-06
0.27140000000000003,89.99966235794757,90.0,0.011404696766293368,-0.0064952158882468185,-1.3869078642301266e-05,7.667250634038069e-07,11.999999999993165,-1.451935343043475e-05,-0.00047086378106578374,5.697198045740716e-10,5.697198045740716e-10,0.0038015655887644554,-1.2099461192035852e-06
0.2716,89.99966463144486,90.0,0.011330280542756982,-0.006454799259722976,-1.3783176027232405e-05,7.615623553441785e-07,11.999999999993246,-1.4431419581093676e-05,-0.0004679473342578903,5.627620268778089e-10,5.627620268778089e-10,0.0037767601809189943,-1.2026182984251498e-06
0.2718,89.9996668901052,90.0,0.011256327371884575,-0.0064146148494016696,-1.3697762881224222e-05,7.564333393174607e-07,11.999999999993328,-1.4343966145840155e-05,-0.0004650475052267483,5.558854725986341e-10,5.558854725986341e-10,0.0037521091239615246,-1.1953305121540109e-06
0.272,89.99966913402095,90.0,0.011182834593196862,-0.0063746615211126255,-1.3612836855018575e-05,7.513378056407847e-07,11.99999999999341,-1.4256991050366137e-05,-0.00046216421421359363,5.490892554871935e-10,5.490892554871935e-10,0.0037276115310656203,-1.188082587531164e-06
0.2722,89.99967136328394,90.0,0.011109799559230972,-0.0063349381422937966,-1.3528395606291132e-05,7.462755458157671e-07,11.999999999993491,-1.4170492223756654e-05,-0.0004592973816950693,5.423724979754418e-10,5.423724979754418e-10,0.003703266519743657,-1.1808743519803617e-06
0.27240000000000003,89.99967357798542,90.0,0.011037219635499099,-0.006295443583578338,-1.3444436798690556e-05,7.412463525574005e-07,11.999999999993571,-1.4084467597088246e-05,-0.0004564469283506053,5.357343310123337e-10,5.357343310123337e-10,0.003679073211833033,-1.173705633091316e-06
0.2726,89.99967577821616,90.0,0.010965092200452005,-0.006256176719098934,-1.336095810255418e-05,7.362500197651629e-07,11.999999999993651,-1.3998915104508507e-05,-0.00045361277508671605,5.291738940635675e-10,5.291738940635675e-10,0.0036550307334840015,-1.1665762587096595e-06
0.2728,89.99967796406641,90.0,0.010893414645438802,-0.006217136426431635,-1.327795719478136e-05,7.312863425230185e-07,11.999999999993728,-1.3913832683069706e-05,-0.0004507948430327005,5.226903350292454e-10,5.226903350292454e-10,0.003631138215146267,-1.1594860569230816e-06
0.273,89.99968013562588,90.0,0.010822184374667665,-0.006178321586541004,-1.3195431758709748e-05,7.263551170994166e-07,11.999999999993804,-1.3829218272566277e-05,-0.0004479930535364421,5.162828101626772e-10,5.162828101626772e-10,0.003607394791555889,-1.1524348560477847e-06
0.2732,89.99968229298376,90.0,0.010751398805166783,-0.006139731083725588,-1.3113379483992339e-05,7.214561409472931e-07,11.99999999999388,-1.3745069815373268e-05,-0.0004452073281602338,5.09950483990111e-10,5.09950483990111e-10,0.003583799601722261,-1.1454224846150231e-06
0.27340000000000003,89.99968443622876,90.0,0.01068105536674644,-0.0061013638059202666,-1.303179806730867e-05,7.165892126751788e-07,11.999999999993957,-1.3661385257520042e-05,-0.000442437588704924,5.036925293091007e-10,5.036925293091007e-10,0.0035603517889154796,-1.1384487714605769e-06
0.2736,89.99968656544903,90.0,0.010611151501957138,-0.00606321864463775,-1.2950685212232892e-05,7.117541320472014e-07,11.99999999999403,-1.3578162548516947e-05,-0.00043968375720543774,4.975081271067553e-10,4.975081271067553e-10,0.0035370505006523793,-1.1315135457103085e-06
0.2738,89.99968868073222,90.0,0.010541684666048712,-0.006025294494200972,-1.2870038627443953e-05,7.069507000408634e-07,11.999999999994102,-1.3495399638725326e-05,-0.0004369457558700108,4.913964663261338e-10,4.913964663261338e-10,0.0035138948886829042,-1.1246166365609965e-06
0.274,89.99969078216552,90.0,0.010472652326938156,-0.00598759025347451,-1.2789856030777072e-05,7.021787187025939e-07,11.999999999994177,-1.3413094485376739e-05,-0.0004342235072177401,4.853567441738369e-10,4.853567441738369e-10,0.0034908841089793855,-1.1177578737819373e-06
0.2742,89.99969286983553,90.0,0.010404051965157653,-0.005950104823660405,-1.2710135144076733e-05,6.974379913210874e-07,11.999999999994248,-1.3331245044975217e-05,-0.00043151693390383974,4.793881655776015e-10,4.793881655776015e-10,0.0034680173217192176,-1.1109370870818005e-06
0.27440000000000003,89.99969494382842,90.0,0.010335881073827585,-0.005912837110392101,-1.2630873698095081e-05,6.927283222539646e-07,11.99999999999432,-1.3249849280568399e-05,-0.00042882595888594415,4.734899435697226e-10,4.734899435697226e-10,0.003445293691275861,-1.1041541067145558e-06
0.2746,89.99969700422983,90.0,0.010268137158605964,-0.005875786022598015,-1.255206942984098e-05,6.880495170144422e-07,11.999999999994387,-1.3168905157846954e-05,-0.0004261505053341074,4.676612989763365e-10,4.676612989763365e-10,0.0034227123862019876,-1.0974087631544262e-06
0.2748,89.99969905112492,90.0,0.01020081773765069,-0.005838950472804121,-1.2473720083291745e-05,6.834013822424426e-07,11.999999999994458,-1.3088410646218943e-05,-0.00042349049665496666,4.619014604161644e-10,4.619014604161644e-10,0.003400272579216896,-1.0907008871854157e-06
0.275,89.99970108459833,90.0,0.01013392034157813,-0.00580232937707611,-1.23958234092627e-05,6.787837257045943e-07,11.999999999994525,-1.3008363718638456e-05,-0.00042084585648731395,4.562096642226166e-10,4.562096642226166e-10,0.0033779734471927106,-1.0840303098870327e-06
0.2752,89.99970310473421,90.0,0.010067442513422906,-0.005765921654607969,-1.2318377164449994e-05,6.74196356323122e-07,11.999999999994593,-1.2928762350208815e-05,-0.0004182165086695986,4.5058515429381003e-10,4.5058515429381003e-10,0.0033558141711409685,-1.0773968625178866e-06
0.27540000000000003,89.99970511161625,90.0,0.010001381808601816,-0.005729726229092699,-1.2241379114639279e-05,6.696390840602859e-07,11.99999999999466,-1.284960452295524e-05,-0.00041560237734886445,4.450271823112746e-10,4.450271823112746e-10,0.003333793936200605,-1.070800376913413e-06
0.2756,89.99970710532762,90.0,0.009935735794862234,-0.005693742026873913,-1.2164827030390381e-05,6.651117200628325e-07,11.999999999994724,-1.2770888219459048e-05,-0.0004130033868342414,4.395350072933684e-10,4.395350072933684e-10,0.003311911931620745,-1.0642406849553885e-06
0.2758,89.99970908595101,90.0,0.009870502052252067,-0.0056579679786802235,-1.2088718691095504e-05,6.606140765175446e-07,11.999999999994792,-1.269261142888567e-05,-0.00041041946173472394,4.3410789588779356e-10,4.3410789588779356e-10,0.003290167350750689,-1.0577176190742648e-06
0.276,89.99971105356865,90.0,0.009805678173069194,-0.005622403018488865,-1.201305188232838e-05,6.561459667379109e-07,11.999999999994856,-1.261477214308419e-05,-0.0004078505268691734,4.2874512207447206e-10,4.2874512207447206e-10,0.003268559391023065,-1.0512310119241332e-06
0.2762,89.99971300826225,90.0,0.009741261761824422,-0.005587046083829209,-1.1937824396558122e-05,6.517072051352358e-07,11.99999999999492,-1.2537368357664506e-05,-0.00040529650729055356,4.234459671648899e-10,4.234459671648899e-10,0.003247087253941474,-1.0447806964724845e-06
0.27640000000000003,89.99971495011309,90.0,0.009677250435200806,-0.005551896116436535,-1.186303403468233e-05,6.472976071608607e-07,11.99999999999498,-1.2460398074290061e-05,-0.00040275732833798035,4.1820971986924e-10,4.1820971986924e-10,0.0032257501450669353,-1.0383665061912729e-06
0.2766,89.99971687920194,90.0,0.009613641822005328,-0.00551695206076345,-1.1788678602552592e-05,6.429169894217222e-07,11.999999999995044,-1.2383859295556009e-05,-0.0004002329155187609,4.130356759363781e-10,4.130356759363781e-10,0.0032045472740017756,-1.0319882746300937e-06
0.2768,89.9997187956091,90.0,0.009550433563137903,-0.005482212865712998,-1.1714755915029807e-05,6.385651695359033e-07,11.999999999995104,-1.2307750031013452e-05,-0.00039772319464607373,4.079231384368316e-10,4.079231384368316e-10,0.0031834778543793013,-1.025645835918206e-06
0.277,89.99972069941441,90.0,0.00948762331154044,-0.005447677483856963,-1.164126379416256e-05,6.342419661904139e-07,11.999999999995165,-1.2232068294497679e-05,-0.000395228091777124,4.028714175436438e-10,4.028714175436438e-10,0.0031625411038468136,-1.019339024541884e-06
0.2772,89.99972259069725,90.0,0.009425208732154643,-0.0054133448710217014,-1.156820006822376e-05,6.29947199170079e-07,11.999999999995225,-1.2156812102723256e-05,-0.0003927475331804363,3.978798303903776e-10,3.978798303903776e-10,0.0031417362440515476,-1.0130676752273411e-06
0.27740000000000004,89.9997244695365,90.0,0.009363187501884794,-0.005379213986946709,-1.1495562573254523e-05,6.256806892997606e-07,11.999999999995286,-1.2081979477590942e-05,-0.0003902814453882709,3.929477011389559e-10,3.929477011389559e-10,0.003121062500628265,-1.006831623132974e-06
0.2776,89.99972633601061,90.0,0.009301557309553066,-0.005345283794866949,-1.1423349152092914e-05,6.214422584732466e-07,11.999999999995342,-1.2007568444772375e-05,-0.0003878297551636484,3.880743608373856e-10,3.880743608373856e-10,0.0031005191031843555,-1.0006307037314196e-06
0.2778,89.99972819019757,90.0,0.009240315855859283,-0.005311553262167229,-1.1351557655908388e-05,6.172317295954712e-07,11.999999999995401,-1.1933577036004617e-05,-0.0003853923895524453,3.832591474846475e-10,3.832591474846475e-10,0.0030801052852864282,-9.944647530007658e-07
0.278,89.99973003217487,90.0,0.009179460853333554,-0.005278021359250222,-1.1280185941560884e-05,6.130489266691846e-07,11.999999999995458,-1.1860003285202725e-05,-0.00038296927579373376,3.7850140575392585e-10,3.7850140575392585e-10,0.003059820284444518,-9.883336071006012e-07
0.2782,89.9997318620196,90.0,0.009118990026301427,-0.005244687060908932,-1.1209231874813448e-05,6.088936746793939e-07,11.999999999995513,-1.17868452332376e-05,-0.00038056034142885166,3.7380048719430097e-10,3.7380048719430097e-10,0.0030396633421004753,-9.822371027701673e-07
0.27840000000000004,89.99973367980834,90.0,0.009058901110834038,-0.005211549345546516,-1.1138693328514056e-05,6.047657996511421e-07,11.99999999999557,-1.1714100925268742e-05,-0.0003781655142396748,3.691557500217783e-10,3.691557500217783e-10,0.0030196337036113457,-9.76175077106089e-07
0.2786,89.9997354856173,90.0,0.008999191854706243,-0.00517860719511784,-1.1068568182463799e-05,6.006651286495085e-07,11.999999999995627,-1.1641768410571096e-05,-0.00037578472224414133,3.645665590498894e-10,3.645665590498894e-10,0.002999730618235414,-9.70147367547945e-07
0.2788,89.99973727952212,90.0,0.008939860017356412,-0.005145859595428615,-1.0998854324120867e-05,5.965914897507191e-07,11.99999999999568,-1.1569845743599259e-05,-0.0003734178937201529,3.600322856869556e-10,3.600322856869556e-10,0.0029799533391188042,-9.64153811966952e-07
0.279,89.9997390615981,90.0,0.008880903369841906,-0.0051133055357179494,-1.0929549647629752e-05,5.925447120710357e-07,11.999999999995733,-1.1498330982572746e-05,-0.00037106495717261504,3.5555230780053547e-10,3.5555230780053547e-10,0.0029603011232806355,-9.581942485480696e-07
0.2792,89.99974083192005,90.0,0.008822319694800152,-0.005080944009314546,-1.0860652055359828e-05,5.885246257089769e-07,11.999999999995786,-1.1427222191775998e-05,-0.00036872584138567324,3.5112600978042673e-10,3.5112600978042673e-10,0.0029407732316000506,-9.522685159816675e-07
0.27940000000000004,89.99974259056236,90.0,0.008764106786401318,-0.005048774013570631,-1.0792159457756343e-05,5.845310617453176e-07,11.99999999999584,-1.1356517441362589e-05,-0.00036640047541765367,3.4675278246713095e-10,3.4675278246713095e-10,0.0029213689288004395,-9.463764534472105e-07
0.2796,89.99974433759894,90.0,0.008706262450302713,-0.005016794548732462,-1.0724069770705104e-05,5.805638523297592e-07,11.99999999999589,-1.1286214803475198e-05,-0.0003640887885115931,3.4243202289002506e-10,3.4243202289002506e-10,0.0029020874834342378,-9.40517900289922e-07
0.2798,89.9997460731033,90.0,0.00864878450361519,-0.004985004619669777,-1.0656380919579541e-05,5.766228305364794e-07,11.999999999995943,-1.1216312358258976e-05,-0.0003617907102326388,3.3816313452391755e-10,3.3816313452391755e-10,0.0028829281678717303,-9.346926965218973e-07
0.28,89.99974779714849,90.0,0.008591670774850534,-0.004953403234381246,-1.0589090835752753e-05,5.727078304796923e-07,11.999999999995993,-1.1146808188722056e-05,-0.00035950617034963056,3.339455269625589e-10,3.339455269625589e-10,0.0028638902582835113,-9.289006823938149e-07
0.2802,89.99974950980713,90.0,0.008534919103885425,-0.004921989405009974,-1.0522197458975747e-05,5.688186872269787e-07,11.999999999996042,-1.1077700384277866e-05,-0.0003572350989158433,3.29778616044907e-10,3.29778616044907e-10,0.0028449730346284748,-9.231416986901266e-07
0.28040000000000004,89.99975121115143,90.0,0.008478527341914054,-0.004890762147422073,-1.0455698736397673e-05,5.649552368281757e-07,11.999999999996092,-1.1008987039318717e-05,-0.0003549774262357235,3.256618237234224e-10,3.256618237234224e-10,0.002826175780638018,-9.174155866101918e-07
0.2806,89.99975290125317,90.0,0.008422493351405366,-0.004859720481146938,-1.0389592622431142e-05,5.611173163153772e-07,11.999999999996142,-1.0940666253038837e-05,-0.0003527330828603166,3.2159457799845484e-10,3.2159457799845484e-10,0.0028074977838017886,-9.117221877535295e-07
0.2808,89.99975458018368,90.0,0.008366815006061169,-0.004828863429674056,-1.0323877079450943e-05,5.573047636740433e-07,11.999999999996188,-1.0872736130491663e-05,-0.00035050199961098884,3.175763129150987e-10,3.175763129150987e-10,0.002788938335353723,-9.060613442079264e-07
0.281,89.99975624801387,90.0,0.00831149019077081,-0.0047981900200344384,-1.0258550076820722e-05,5.535174178718907e-07,11.999999999996238,-1.0805194781171826e-05,-0.0003482841075463826,3.136064684355366e-10,3.136064684355366e-10,0.0027704967302569364,-9.004328984312678e-07
0.2812,89.99975790481425,90.0,0.008256516801570494,-0.0047676992830990896,-1.0193609591595459e-05,5.497551188300028e-07,11.999999999996284,-1.073804032007737e-05,-0.0003460793379862656,3.096844904369462e-10,3.096844904369462e-10,0.0027521722671901643,-8.948366933400579e-07
0.28140000000000004,89.99975955065487,90.0,0.008201892745599352,-0.004737390253517666,-1.0129053608383123e-05,5.460177074228294e-07,11.99999999999633,-1.0671270867528012e-05,-0.00034388762250683446,3.058098306468146e-10,3.058098306468146e-10,0.0027339642485331174,-8.89272572294273e-07
0.2816,89.99976118560541,90.0,0.008147615941056245,-0.004707261970013438,-1.0064880120039235e-05,5.423050254492975e-07,11.999999999996376,-1.060488455021695e-05,-0.00034170889296429504,3.01981946639157e-10,3.01981946639157e-10,0.0027158719803520815,-8.837403791850127e-07
0.2818,89.99976280973512,90.0,0.00809368431715288,-0.00467731347460729,-1.0001087125858108e-05,5.386169156905898e-07,11.999999999996422,-1.0538879498555992e-05,-0.0003395430814334543,2.9820030164971884e-10,2.9820030164971884e-10,0.0026978947723842934,-8.782399582132612e-07
0.28200000000000003,89.99976442311281,90.0,0.008040095814076227,-0.004647543813631036,-9.937672633946153e-06,5.349532218234764e-07,11.999999999996465,-1.0473253850211443e-05,-0.00033739012028829535,2.944643646944777e-10,2.944643646944777e-10,0.0026800319380254098,-8.72771154184544e-07
0.2822,89.9997660258069,90.0,0.007986848382939064,-0.004617952036592581,-9.87463465857451e-06,5.313137885069835e-07,11.999999999996511,-1.04080057462082e-05,-0.00033524994211209757,2.9077361032664103e-10,2.9077361032664103e-10,0.0026622827943130214,-8.673338121842688e-07
0.28240000000000004,89.99976761788544,90.0,0.007933939985743628,-0.004588537197546247,-9.81197122338686e-06,5.276984612668344e-07,11.999999999996554,-1.0343133335701278e-05,-0.00033312247980634406,2.871275188131219e-10,2.871275188131219e-10,0.0026446466619145428,-8.61927777975354e-07
0.2826,89.99976919941598,90.0,0.007881368595329456,-0.004559298353598843,-9.749680357912857e-06,5.241070866110089e-07,11.999999999996597,-1.0278634770838102e-05,-0.0003310076664723501,2.8352557583480364e-10,2.8352557583480364e-10,0.002627122865109819,-8.565528975700847e-07
0.2828,89.99977077046576,90.0,0.007829132195338467,-0.004530234565926739,-9.687760099949916e-06,5.205395119430735e-07,11.99999999999664,-1.0214508210305522e-05,-0.0003289054354921268,2.799672726041152e-10,2.799672726041152e-10,0.002609710731779489,-8.512090175256985e-07
0.28300000000000003,89.99977233110154,90.0,0.007777228780168311,-0.004501344899710734,-9.62620849541633e-06,5.169955855621814e-07,11.999999999996682,-1.0150751819136871e-05,-0.0003268157205233939,2.764521058021905e-10,2.764521058021905e-10,0.002592409593389437,-8.458959849283066e-07
0.2832,89.99977388138974,90.0,0.007725656354926578,-0.004472628423361559,-9.565023596545898e-06,5.134751567208529e-07,11.999999999996724,-1.0087363766061542e-05,-0.0003247384554382867,2.7297957740298816e-10,2.7297957740298816e-10,0.002575218784975526,-8.406136471720247e-07
0.28340000000000004,89.99977542139638,90.0,0.007674412935393712,-0.0044440842098891955,-9.504203465093461e-06,5.099780755094145e-07,11.999999999996765,-1.0024342228273526e-05,-0.00032267357443218546,2.695491948441158e-10,2.695491948441158e-10,0.0025581376451312373,-8.353618523563524e-07
0.2836,89.99977695118702,90.0,0.007623496547970285,-0.004415711335408166,-9.443746168846585e-06,5.065041929715599e-07,11.999999999996806,-9.961685386291394e-06,-0.00032062101190528534,2.661604707363075e-10,2.661604707363075e-10,0.002541165515990095,-8.30140448857837e-07
0.2838,89.9997784708269,90.0,0.007572905229641636,-0.004387508880153976,-9.383649784005912e-06,5.030533610176794e-07,11.999999999996845,-9.899391427503453e-06,-0.0003185807025434106,2.6281292297725797e-10,2.6281292297725797e-10,0.0025243017432138785,-8.249492856255047e-07
0.28400000000000003,89.99977998038084,90.0,0.007522637027930388,-0.004359475928061539,-9.323912394205087e-06,4.996254324537502e-07,11.999999999996886,-9.837458544740865e-06,-0.0003165525812847406,2.595060746350131e-10,2.595060746350131e-10,0.0025075456759767957,-8.197882120619514e-07
0.2842,89.99978147991324,90.0,0.00747269000085422,-0.004331611566350951,-9.264532089547203e-06,4.962202610102263e-07,11.999999999996925,-9.775884934872475e-06,-0.00031453658328709644,2.562394538352813e-10,2.562394538352813e-10,0.0024908966669514067,-8.146570779062483e-07
0.2844,89.99978296948815,90.0,0.007423062216888277,-0.004303914886896083,-9.205506969808721e-06,4.928377012264785e-07,11.999999999996962,-9.714668803571225e-06,-0.00031253264403671585,2.5301259392682354e-10,2.5301259392682354e-10,0.0024743540722960925,-8.095557336311403e-07
0.2846,89.99978444916927,90.0,0.007373751754911787,-0.0042763849850842375,-9.14683514177967e-06,4.894776085374647e-07,11.999999999997002,-9.653808361401942e-06,-0.0003105406992579518,2.4982503325439756e-10,2.4982503325439756e-10,0.0024579172516372622,-8.044840301170295e-07
0.2848,89.99978591901983,90.0,0.007324756704167753,-0.004249020959759861,-9.088514719136706e-06,4.861398392737293e-07,11.99999999999704,-9.593301823654543e-06,-0.00030856068490896227,2.46676315103831e-10,2.46676315103831e-10,0.0024415855680559174,-7.994418186380757e-07
0.28500000000000003,89.99978737910273,90.0,0.007276075164223487,-0.004221821913524718,-9.030543823149429e-06,4.82824250632514e-07,11.999999999997076,-9.53314741141133e-06,-0.00030659253720569053,2.435659877017644e-10,2.435659877017644e-10,0.0024253583880744956,-7.944289509511377e-07
0.2852,89.99978882948048,90.0,0.007227705244927405,-0.004194786953032827,-8.972920583374877e-06,4.795307006488669e-07,11.999999999997115,-9.473343352598678e-06,-0.0003046361926454434,2.4049360421328123e-10,2.4049360421328123e-10,0.0024092350816424684,-7.894452793834129e-07
0.2854,89.99979027021523,90.0,0.0071796450663627635,-0.004167915188570603,-8.915643136681313e-06,4.762590482245337e-07,11.99999999999715,-9.41388788056525e-06,-0.0003026915879737483,2.374587226313163e-10,2.374587226313163e-10,0.002393215022120921,-7.84490656713957e-07
0.2856,89.99979170136874,90.0,0.007131892758805939,-0.004141205734353871,-8.858709627947388e-06,4.7300915309906667e-07,11.999999999997186,-9.35477923513984e-06,-0.00030075866020809033,2.3446090577531513e-10,2.3446090577531513e-10,0.0023772975862686465,-7.795649362618361e-07
0.2858,89.99979312300238,90.0,0.007084446462681446,-0.0041146577081097886,-8.802118209089953e-06,4.6978087587871485e-07,11.999999999997222,-9.296015661214882e-06,-0.00029883734660490584,2.3149972118297898e-10,2.3149972118297898e-10,0.0023614821542271487,-7.746679717680862e-07
0.28600000000000003,89.99979453517717,90.0,0.007037304328521753,-0.004088270231376007,-8.74586703976808e-06,4.6657407800753473e-07,11.999999999997257,-9.237595409810663e-06,-0.00029692758468348424,2.2857474110991233e-10,2.2857474110991233e-10,0.0023457681095072507,-7.697996174843978e-07
0.2862,89.99979593795379,90.0,0.006990464516923539,-0.004062042429439602,-8.689954287245328e-06,4.6338862176738945e-07,11.999999999997293,-9.179516737894398e-06,-0.000295029312221292,2.2568554247545276e-10,2.2568554247545276e-10,0.0023301548389745128,-7.649597281580391e-07
0.2864,89.99979733139249,90.0,0.006943925198504836,-0.004035973431632495,-8.634378127085349e-06,4.6022437024905934e-07,11.999999999997325,-9.121777909433419e-06,-0.000293142467277589,2.2283170686084302e-10,2.2283170686084302e-10,0.002314641732834945,-7.601481591196211e-07
0.2866,89.9997987155532,90.0,0.006897684553858546,-0.004010062370556013,-8.579136741344385e-06,4.5708118741002163e-07,11.99999999999736,-9.064377192741942e-06,-0.0002912669881320625,2.2001282035195715e-10,2.2001282035195715e-10,0.0022992281846195154,-7.553647660619946e-07
0.2868,89.99980009049546,90.0,0.006851740773515301,-0.003984308382739575,-8.524228320115464e-06,4.539589380166708e-07,11.999999999997392,-9.007312862788398e-06,-0.0002894028133372534,2.1722847359169659e-10,2.1722847359169659e-10,0.0022839135911717668,-7.506094052325296e-07
0.28700000000000003,89.99980145627848,90.0,0.006806092057897981,-0.003958710608577188,-8.46965106138518e-06,4.508574876443181e-07,11.999999999997426,-8.950583201007307e-06,-0.0002875498817136944,2.144782617265653e-10,2.144782617265653e-10,0.0022686973526326606,-7.458819334174355e-07
0.2872,89.99980281296106,90.0,0.00676073661727795,-0.003933268191911058,-8.415403170065295e-06,4.477767027060821e-07,11.99999999999746,-8.894186493887719e-06,-0.00028570813231703165,2.117617843040472e-10,2.117617843040472e-10,0.002253578872425983,-7.411822078241334e-07
0.2874,89.99980416060173,90.0,0.006715672671735142,-0.003907980280686422,-8.361482859528227e-06,4.447164503951085e-07,11.999999999997492,-8.838121035269127e-06,-0.00028387750449015585,2.0907864532288975e-10,2.0907864532288975e-10,0.0022385575572450474,-7.365100862725813e-07
0.2876,89.99980549925858,90.0,0.00667089845111125,-0.0038828460265308957,-8.30788835062905e-06,4.416765987134599e-07,11.999999999997524,-8.782385124917314e-06,-0.00028205793782999866,2.0642845313029533e-10,2.0642845313029533e-10,0.002223632817037083,-7.318654270765938e-07
0.2878,89.99980682898939,90.0,0.00662641219496764,-0.0038578645843404605,-8.254617870742433e-06,4.386570165010062e-07,11.999999999997556,-8.72697706711982e-06,-0.0002802493721548357,2.0381082032253977e-10,2.0381082032253977e-10,0.002208804064989213,-7.272480889267999e-07
0.28800000000000003,89.99980814985156,90.0,0.006582212152547665,-0.003833035112937363,-8.201669655305064e-06,4.3565757337764425e-07,11.999999999997584,-8.671895172990966e-06,-0.00027845174755665344,2.012253637956607e-10,2.012253637956607e-10,0.0021940707175158885,-7.22657931082726e-07
0.2882,89.99980946190217,90.0,0.006538296582731815,-0.00380835677500751,-8.149041947674464e-06,4.3267813974329826e-07,11.999999999997616,-8.617137760286355e-06,-0.0002766650043963553,1.986717046945081e-10,1.986717046945081e-10,0.0021794321942439385,-7.180948133573389e-07
0.2884,89.99981076519795,90.0,0.00649466375399344,-0.003783828737038645,-8.096732998989554e-06,4.2971858677791963e-07,11.999999999997646,-8.562703153219732e-06,-0.0002748890832990281,1.9614946836256093e-10,1.9614946836256093e-10,0.0021648879179978135,-7.135585961017843e-07
0.2886,89.99981205979526,90.0,0.006451311944355288,-0.0037594501689043793,-8.044741067203206e-06,4.2677878647037683e-07,11.999999999997677,-8.508589681052689e-06,-0.00027312392512109654,1.9365828424453496e-10,1.9365828424453496e-10,0.002150437314785096,-7.090491400878614e-07
0.2888,89.99981334575014,90.0,0.0064082394413505555,-0.0037352202441650957,-7.993064417790198e-06,4.2385861158956556e-07,11.999999999997705,-8.45479567916407e-06,-0.0002713694709743586,1.9119778588762382e-10,1.9119778588762382e-10,0.0021360798137835184,-7.045663065971406e-07
0.28900000000000003,89.9998146231183,90.0,0.00636544454198074,-0.0037111381403643604,-7.941701324445045e-06,4.209579356555187e-07,11.999999999997733,-8.401319490106066e-06,-0.00026962566224967747,1.8876761094094988e-10,1.8876761094094988e-10,0.0021218148473269136,-7.001099575089711e-07
0.2892,89.99981589195505,90.0,0.006322925552669948,-0.003687203038254584,-7.890650067276986e-06,4.180766329971865e-07,11.999999999997764,-8.348159460954282e-06,-0.0002678924405557002,1.8636740101196816e-10,1.8636740101196816e-10,0.0021076418508899825,-6.956799550796532e-07
0.2894,89.99981715231544,90.0,0.00628068078922817,-0.0036634141228115602,-7.839908935186047e-06,4.152145786657664e-07,11.999999999997792,-8.295313946847226e-06,-0.0002661697477995263,1.839968017625521e-10,1.839968017625521e-10,0.0020935602630760566,-6.91276162237396e-07
0.2896,89.99981840425413,90.0,0.006238708576803058,-0.0036397705821013242,-7.789476223219507e-06,4.12371648521373e-07,11.99999999999782,-8.242781307095454e-06,-0.0002644575260969586,1.8165546271942622e-10,1.8165546271942622e-10,0.0020795695256010196,-6.868984422580793e-07
0.2898,89.99981964782546,90.0,0.006197007249844198,-0.003616271608296069,-7.739350234951062e-06,4.0954771914636835e-07,11.999999999997847,-8.19055990872515e-06,-0.0002627557178532768,1.79343037369811e-10,1.79343037369811e-10,0.0020656690832813996,-6.825466590605517e-07
0.29000000000000004,89.99982088308346,90.0,0.006155575152056346,-0.0035929163972535923,-7.689529281503047e-06,4.0674266787425176e-07,11.999999999997875,-8.13864812505426e-06,-0.00026106426573004174,1.7705918306690398e-10,1.7705918306690398e-10,0.002051858384018782,-6.782206770879751e-07
0.2902,89.99982211008181,90.0,0.006114410636357027,-0.003569704148102818,-7.640011680582326e-06,4.0395637281854976e-07,11.999999999997902,-8.087044334286607e-06,-0.000259383112612363,1.7480356093848347e-10,1.7480356093848347e-10,0.0020381368787856756,-6.739203611906684e-07
0.2904,89.99982332887383,90.0,0.0060735120648391944,-0.0035466340635469285,-7.590795757193284e-06,4.011887128439262e-07,11.999999999997929,-8.035746920587897e-06,-0.00025771220163310534,1.7257583588929256e-10,1.7257583588929256e-10,0.002024504021613065,-6.696455767157736e-07
0.2906,89.99982453951259,90.0,0.006032877808730156,-0.0035237053505165496,-7.5418798451696135e-06,3.984395675084025e-07,11.999999999997955,-7.984754276376757e-06,-0.0002560514762248943,1.7037567664663787e-10,1.7037567664663787e-10,0.0020109592695767183,-6.653961896981764e-07
0.2908,89.99982574205076,90.0,0.005992506248343291,-0.003500917219036546,-7.493262284530618e-06,3.957088171500272e-07,11.999999999997982,-7.934064798433648e-06,-0.0002544008800303605,1.682027555783137e-10,1.682027555783137e-10,0.001997502082781097,-6.611720665362485e-07
0.29100000000000004,89.99982693654073,90.0,0.005952395773042437,-0.0034782688828868015,-7.444941423030135e-06,3.929963428290963e-07,11.999999999998007,-7.883676890214402e-06,-0.00025276035695472683,1.660567487405545e-10,1.660567487405545e-10,0.0019841319243474793,-6.569730741846427e-07
0.2912,89.99982812303455,90.0,0.005912544781199017,-0.003455759559542398,-7.396915616021621e-06,3.903020263281531e-07,11.999999999998032,-7.833588961672991e-06,-0.00025112985116122787,1.639373358336249e-10,1.639373358336249e-10,0.001970848260399672,-6.52799080139523e-07
0.2914,89.99982930158396,90.0,0.005872951680149633,-0.0034333884697590983,-7.349183225493969e-06,3.8762575018087846e-07,11.999999999998057,-7.783799427855536e-06,-0.0002495093070383755,1.6184420011418774e-10,1.6184420011418774e-10,0.0019576505600498776,-6.486499523213997e-07
0.2916,89.99983047224039,90.0,0.0058336148861585155,-0.0034111548385867513,-7.301742622445021e-06,3.8496739758542065e-07,11.999999999998082,-7.734306712436459e-06,-0.00024789866928054085,1.5977702848507164e-10,1.5977702848507164e-10,0.001944538295386172,-6.445255593698079e-07
0.2918,89.99983163505493,90.0,0.0057945328243681725,-0.003389057893879294,-7.25459218340389e-06,3.8232685251995517e-07,11.999999999998106,-7.685109242592442e-06,-0.00024629788276988516,1.5773551127550772e-10,1.5773551127550772e-10,0.0019315109414560576,-6.404257702161379e-07
0.29200000000000004,89.99983279007839,90.0,0.005755703928767577,-0.0033670968673161408,-7.2077302928224646e-06,3.797039996560151e-07,11.999999999998131,-7.636205452562231e-06,-0.0002447068926575528,1.5571934233262137e-10,1.5571934233262137e-10,0.001918567976255859,-6.363504543802851e-07
0.2922,89.9998339373612,90.0,0.005717126642148056,-0.003345270994340602,-7.161155342936539e-06,3.7709872435849106e-07,11.999999999998156,-7.587593783464196e-06,-0.0002431256443589566,1.5372821897825245e-10,1.5372821897825245e-10,0.001905708880716019,-6.322994819554468e-07
0.2924,89.99983507695359,90.0,0.005678799416060338,-0.0033235795140999034,-7.114865733630541e-06,3.7451091268563104e-07,11.999999999998177,-7.539272683118644e-06,-0.00024155408354918507,1.5176184196653384e-10,1.5176184196653384e-10,0.0018929331386867794,-6.282727235933158e-07
0.2926,89.99983620890538,90.0,0.005640720710772053,-0.0033020216686753083,-7.06885987064258e-06,3.719404514468205e-07,11.999999999998202,-7.4912406034110706e-06,-0.00023999215610206293,1.4981991535768426e-10,1.4981991535768426e-10,0.0018802402369240178,-6.242700502843494e-07
0.2928,89.99983733326613,90.0,0.005602888995234043,-0.0032805967041008924,-7.023136167950069e-06,3.693872281159124e-07,11.999999999998225,-7.443496003844244e-06,-0.00023843980817114433,1.4790214660663026e-10,1.4790214660663026e-10,0.0018676296650780144,-6.202913336537787e-07
0.29300000000000004,89.99983845008508,90.0,0.00556530274703526,-0.0032593038699452884,-6.9776930467971144e-06,3.668511308601174e-07,11.999999999998249,-7.396037350121124e-06,-0.00023689698615669217,1.460082464788565e-10,1.460082464788565e-10,0.00185510091567842,-6.16336445843517e-07
0.2932,89.99983955941119,90.0,0.0055279604523621175,-0.0032381424192549435,-6.932528935566553e-06,3.643320485400033e-07,11.99999999999827,-7.3488631139767725e-06,-0.0002353636367013336,1.4413792901050914e-10,1.4413792901050914e-10,0.0018426534841207058,-6.124052594981526e-07
0.2934,89.99984066129306,90.0,0.00549086060595871,-0.003217111608498565,-6.8876422696546555e-06,3.6182987070949593e-07,11.999999999998291,-7.30197177301376e-06,-0.00023383970668580624,1.4229091146915143e-10,1.4229091146915143e-10,0.0018302868686529033,-6.084976477512333e-07
0.2936,89.99984175577909,90.0,0.005454001711087646,-0.0031962106978677095,-6.843031492178385e-06,3.593444875869883e-07,11.999999999998314,-7.2553618117706345e-06,-0.0002323251432529699,1.4046691435599806e-10,1.4046691435599806e-10,0.0018180005703625488,-6.046134843143045e-07
0.2938,89.99984284291726,90.0,0.005417382279487316,-0.003175438950861844,-6.798695053010257e-06,3.568757900842312e-07,11.999999999998337,-7.209031720314699e-06,-0.0002308198937750396,1.386656613253467e-10,1.386656613253467e-10,0.0018057940931624386,-6.007526433596415e-07
0.29400000000000004,89.99984392275536,90.0,0.005381000831334056,-0.0031547956345907915,-6.7546314094897794e-06,3.5442366977744293e-07,11.999999999998359,-7.16297999531597e-06,-0.00022932390587773944,1.368868791875162e-10,1.368868791875162e-10,0.0017936669437780188,-5.969149996097458e-07
0.2942,89.99984499534082,90.0,0.005344855895200707,-0.0031342800197168615,-6.710839026292942e-06,3.519880189073095e-07,11.999999999998378,-7.1172051398757435e-06,-0.0002278371274358715,1.3513029787011073e-10,1.3513029787011073e-10,0.001781618631733569,-5.931004283230587e-07
0.2944,89.99984606072081,90.0,0.005308946008016004,-0.003113891380042883,-6.667316374473789e-06,3.495687304078742e-07,11.9999999999984,-7.071705662128156e-06,-0.0002263595065407768,1.333956503400967e-10,1.333956503400967e-10,0.0017696486693386678,-5.893088051774249e-07
0.29460000000000003,89.99984711894218,90.0,0.005273269715028609,-0.0030936289931725244,-6.624061933012288e-06,3.4716569784875837e-07,11.999999999998419,-7.026480077552335e-06,-0.00022489099155288632,1.316826726472962e-10,1.316826726472962e-10,0.001757756571676203,-5.855400064627717e-07
0.2948,89.9998481700515,90.0,0.0052378255697634645,-0.003073492139738808,-6.58107418701576e-06,3.447788154929406e-07,11.99999999999844,-6.981526906330928e-06,-0.00022343153104065853,1.299911038069395e-10,1.299911038069395e-10,0.0017459418565878215,-5.817939088609863e-07
0.29500000000000004,89.99984921409505,90.0,0.005202612133987197,-0.003053480104421618,-6.5383516301016414e-06,3.424079782100875e-07,11.99999999999846,-6.936844676898389e-06,-0.0002219810738614755,1.2832068588236352e-10,1.2832068588236352e-10,0.001734204044662399,-5.780703897416065e-07
0.2952,89.99985025111887,90.0,0.005167627977661651,-0.003033592175172281,-6.495892762590034e-06,3.4005308153433314e-07,11.99999999999848,-6.892431923287841e-06,-0.00022053956910027896,1.2667116386792502e-10,1.2667116386792502e-10,0.0017225426592205502,-5.743693269407262e-07
0.2954,89.99985128116863,90.0,0.005132871678906468,-0.0030138276428060464,-6.453696090555306e-06,3.377140216931693e-07,11.9999999999985,-6.848287183745818e-06,-0.00021910696603737152,1.2504228561527908e-10,1.2504228561527908e-10,0.001710957226302156,-5.706905986455562e-07
0.29560000000000003,89.99985230428977,90.0,0.0050983418239663476,-0.0029941858023774543,-6.411760129045268e-06,3.3539069549188545e-07,11.999999999998519,-6.804409005518716e-06,-0.00021768321425770973,1.2343380195380027e-10,1.2343380195380027e-10,0.0016994472746554492,-5.670340837932963e-07
0.2958,89.99985332052745,90.0,0.0050640370071623215,-0.0029746659516912194,-6.370083398605466e-06,3.3308300042912875e-07,11.999999999998538,-6.760795939729349e-06,-0.00021626826353290165,1.2184546649881137e-10,1.2184546649881137e-10,0.001688012335720774,-5.633996616441811e-07
0.29600000000000004,89.99985432992654,90.0,0.005029955830860407,-0.0029552673926795496,-6.328664428502759e-06,3.3079083458134425e-07,11.999999999998558,-6.717446546169184e-06,-0.00021486206393064926,1.2027703577115797e-10,1.2027703577115797e-10,0.0016766519436201357,-5.597872121808327e-07
0.2962,89.99985533253162,90.0,0.004996096905424141,-0.0029359894299147826,-6.287501753253571e-06,3.285140967183345e-07,11.999999999998575,-6.6743593881801e-06,-0.0002134645656968805,1.187282690085776e-10,1.187282690085776e-10,0.0016653656351413803,-5.56196615681741e-07
0.2964,89.99985632838701,90.0,0.004962458849184472,-0.0029168313716331634,-6.246593915020797e-06,3.262526862165899e-07,11.999999999998593,-6.631533036221275e-06,-0.00021207571933712583,1.171989282470588e-10,1.171989282470588e-10,0.0016541529497281573,-5.526277530185044e-07
0.29660000000000003,89.99985731753672,90.0,0.004929040288397826,-0.00289779252932102,-6.205939462651179e-06,3.2400650308817853e-07,11.999999999998611,-6.58896606646523e-06,-0.00021069547558383634,1.1568877824831764e-10,1.1568877824831764e-10,0.0016430134294659418,-5.490805055388327e-07
0.2968,89.99985830002454,90.0,0.004895839857208786,-0.0028788722180179286,-6.165536952388372e-06,3.2177544795185636e-07,11.999999999998629,-6.54665706187395e-06,-0.0002093237854205929,1.1419758650350571e-10,1.1419758650350571e-10,0.0016319466190695953,-5.455547551562249e-07
0.29700000000000004,89.99985927589395,90.0,0.004862856197609331,-0.0028600697562597976,-6.1253849477445805e-06,3.1955942203306706e-07,11.999999999998646,-6.504604612030264e-06,-0.00020796060007774813,1.1272512319887119e-10,1.1272512319887119e-10,0.0016209520658697772,-5.420503843359165e-07
0.2972,89.99986024518819,90.0,0.004830087959398793,-0.002841384465667684,-6.085482018543896e-06,3.173583271928323e-07,11.999999999998664,-6.462807311741727e-06,-0.0002066058709999471,1.1127116114561457e-10,1.1127116114561457e-10,0.001610029319799598,-5.385672759785372e-07
0.2974,89.99986120795018,90.0,0.0047975338001486996,-0.0028228156708987083,-6.045826740811602e-06,3.1517206592775107e-07,11.999999999998682,-6.421263760895207e-06,-0.00020525954984236923,1.0983547574838448e-10,1.0983547574838448e-10,0.0015991779333829,-5.351053134079927e-07
0.29760000000000003,89.9998621642226,90.0,0.004765192385167811,-0.002804362700663054,-6.00641769915579e-06,3.130005412833308e-07,11.9999999999987,-6.379972568003676e-06,-0.00020392158855158548,1.0841784508191574e-10,1.0841784508191574e-10,0.0015883974617226038,-5.316643806670306e-07
0.2978,89.99986311404788,90.0,0.004733062387455704,-0.002786024886593335,-5.967253484129477e-06,3.1084365694065626e-07,11.999999999998716,-6.338932346322787e-06,-0.0002025919392760008,1.0701804974842007e-10,1.0701804974842007e-10,0.001577687462485235,-5.282443621936222e-07
0.298,89.99986405746819,90.0,0.0047011424876693035,-0.002767801563553142,-5.928332692955792e-06,3.087013171875005e-07,11.999999999998732,-6.298141714942888e-06,-0.00020127055439047445,1.0563587288303853e-10,1.0563587288303853e-10,0.0015670474958897678,-5.248451429119628e-07
0.2982,89.99986499452538,90.0,0.0046694313740859115,-0.002749692069585423,-5.889653929411572e-06,3.0657342691832386e-07,11.99999999999875,-6.2575992986361326e-06,-0.0001999573864923682,1.0427110012265731e-10,1.0427110012265731e-10,0.0015564771246953037,-5.214666082197321e-07
0.2984,89.99986592526112,90.0,0.004637927742566745,-0.0027316957465721133,-5.851215805373673e-06,3.0445989157649527e-07,11.999999999998764,-6.217303730166566e-06,-0.0001986523884540445,1.0292351964516298e-10,1.0292351964516298e-10,0.0015459759141889149,-5.181086441806005e-07
0.29860000000000003,89.99986684971674,90.0,0.004606630296512999,-0.0027138119391069693,-5.813016938188906e-06,3.0236061724096095e-07,11.999999999998781,-6.177253646416959e-06,-0.00019735551333357397,1.0159292203170286e-10,1.0159292203170286e-10,0.0015355434321709994,-5.147711372014655e-07
0.2988,89.99986776793335,90.0,0.004575537746834718,-0.002696039995162658,-5.775055952237173e-06,3.002755105684652e-07,11.999999999998796,-6.137447690721028e-06,-0.00019606671442780528,1.002791003076928e-10,1.002791003076928e-10,0.0015251792489449061,-5.114539742268037e-07
0.299,89.99986867995183,90.0,0.004544648811912081,-0.0026783792660366864,-5.737331478809533e-06,2.9820447879355034e-07,11.999999999998813,-6.097884512703234e-06,-0.0001947859452682249,9.898184991195716e-11,9.898184991195716e-11,0.001514882937304027,-5.081570427253198e-07
0.2992,89.99986958581276,90.0,0.004513962217557371,-0.002660829106653587,-5.6998421568190445e-06,2.9614742969966653e-07,11.999999999998828,-6.058562769351994e-06,-0.00019351315964509104,9.770096870046097e-11,9.770096870046097e-11,0.001504654072519124,-5.048802307793821e-07
0.2994,89.99987048555647,90.0,0.004483476696973343,-0.002643388874440964,-5.6625866301779445e-06,2.941042717058419e-07,11.999999999998842,-6.019481121156019e-06,-0.00019224831151838702,9.643625681326364e-11,9.643625681326364e-11,0.0014944922323244477,-5.0162342676305e-07
0.29960000000000003,89.99987137922307,90.0,0.0044531909907247315,-0.0026260579303555333,-5.625563550199652e-06,2.9207491378001245e-07,11.999999999998858,-5.9806382356779e-06,-0.00019099135509937092,9.518751674927847e-11,9.518751674927847e-11,0.001484396996908244,-4.983865196398724e-07
0.2998,89.99987226685236,90.0,0.004423103846697524,-0.0026088356384709735,-5.588771574639934e-06,2.9005926546791204e-07,11.999999999998874,-5.942032786155132e-06,-0.00018974224481802245,9.395455330228908e-11,9.395455330228908e-11,0.0014743679488991746,-4.951693988463075e-07
0.3,89.99987314848399,90.0,0.004393214020063529,-0.00259172136663901,-5.552209369246497e-06,2.880572368352929e-07,11.999999999998888,-5.903663453814537e-06,-0.0001885009353756527,9.27371735989333e-11,9.27371735989333e-11,0.0014644046733545098,-4.919719544845903e-07
0.3002,89.99987402415724,90.0,0.004363520273236895,-0.0025747144850076084,-5.515875604299777e-06,2.860687385834848e-07,11.999999999998902,-5.865528922770481e-06,-0.0001872673816274616,9.153518693562283e-11,9.153518693562283e-11,0.0014545067577456316,-4.887940768975848e-07
0.3004,89.99987489391123,90.0,0.004334021375847886,-0.0025578143674054527,-5.4797689578526526e-06,2.840936819338357e-07,11.999999999998916,-5.8276278848383134e-06,-0.00018604153869252835,9.034840488524184e-11,9.034840488524184e-11,0.0014446737919492957,-4.856356570699033e-07
0.30060000000000003,89.9998757577848,90.0,0.004304716104700789,-0.0025410203909278888,-5.443888114767309e-06,2.8213197865660155e-07,11.99999999999893,-5.7899590381297454e-06,-0.00018482336192111236,8.917664123439707e-11,8.917664123439707e-11,0.0014349053682335962,-4.824965865108551e-07
0.3008,89.99987661581656,90.0,0.004275603243736346,-0.002524331935529216,-5.408231765766404e-06,2.801835410998364e-07,11.999999999998945,-5.752521085667023e-06,-0.00018361280686243964,8.801971192289862e-11,8.801971192289862e-11,0.001425201081245449,-4.793767571389607e-07
0.301,89.99987746804487,90.0,0.0042466815839990795,-0.0025077483846875862,-5.372798608991277e-06,2.782482821316122e-07,11.999999999998957,-5.71531273770866e-06,-0.00018240982931760512,8.687743508185513e-11,8.687743508185513e-11,0.0014155605279996934,-4.7627606147576303e-07
0.3012,89.99987831450787,90.0,0.004217949923596924,-0.0024912691246381184,-5.337587348213744e-06,2.7632611519779895e-07,11.99999999999897,-5.67833270912156e-06,-0.0001812143852788617,8.574963094103377e-11,8.574963094103377e-11,0.0014059833078656414,-4.731943924268373e-07
0.3014,89.9998791552434,90.0,0.0041894070676696425,-0.0024748935446840554,-5.302596693567176e-06,2.7441695429317473e-07,11.999999999998984,-5.641579720480816e-06,-0.00018002643095444117,8.463612183526678e-11,8.463612183526678e-11,0.0013964690225565476,-4.701316433734412e-07
0.30160000000000003,89.99987999028913,90.0,0.004161051828353568,-0.0024586210375028084,-5.267825362266052e-06,2.7252071393253574e-07,11.999999999998998,-5.605052499154329e-06,-0.00017884592279298326,8.353673220953806e-11,8.353673220953806e-11,0.001387017276117856,-4.6708770826289974e-07
0.3018,89.99988081968245,90.0,0.004132883024743157,-0.0024424509987370094,-5.233272077654336e-06,2.7063730917958605e-07,11.99999999999901,-5.568749777913319e-06,-0.00017767281745122748,8.245128856023652e-11,8.245128856023652e-11,0.0013776276749143856,-4.640624814928149e-07
0.302,89.99988164346054,90.0,0.004104899482856791,-0.0024263828273020285,-5.198935569928359e-06,2.687666556180481e-07,11.999999999999023,-5.532670296021343e-06,-0.00017650707181855543,8.137961944069225e-11,8.137961944069225e-11,0.0013682998276189303,-4.6105585800181613e-07
0.3022,89.99988246166033,90.0,0.0040771000355995,-0.002410415924978651,-5.164814575188851e-06,2.669086693805522e-07,11.999999999999037,-5.496812797849592e-06,-0.0001753486429848067,8.032155540371015e-11,8.032155540371015e-11,0.0013590333451998333,-4.5806773315416943e-07
0.3024,89.99988327431852,90.0,0.0040494835227299466,-0.002394549696722258,-5.130907836167573e-06,2.650632671197469e-07,11.999999999999048,-5.461176033970828e-06,-0.00017419748826494848,7.927692900754389e-11,7.927692900754389e-11,0.0013498278409099823,-4.550980028309384e-07
0.30260000000000004,89.9998840814716,90.0,0.004022048790824129,-0.00237878355061214,-5.097214102113002e-06,2.632303660082989e-07,11.999999999999062,-5.425758761009225e-06,-0.00017305356519519452,7.824557479014843e-11,7.824557479014843e-11,0.0013406829302747094,-4.5214656341747073e-07
0.3028,89.99988488315579,90.0,0.003994794693239699,-0.00236311689744641,-5.063732127847424e-06,2.614098837677828e-07,11.999999999999073,-5.390559740262313e-06,-0.0001719168315009928,7.722732921356527e-11,7.722732921356527e-11,0.0013315982310798994,-4.492133116885608e-07
0.303,89.9998856794071,90.0,0.003967720090084619,-0.0023475491514087744,-5.0304606753293545e-06,2.596017386109016e-07,11.999999999999085,-5.35557774003225e-06,-0.0001707872451500707,7.62220307006016e-11,7.62220307006016e-11,0.0013225733633615395,-4.4629814500272153e-07
0.3032,89.99988647026134,90.0,0.003940823848178484,-0.0023320797296592652,-4.99739851270119e-06,2.578058492703762e-07,11.999999999999098,-5.320811534235372e-06,-0.00016966476432010214,7.522951957898279e-11,7.522951957898279e-11,0.001313607949392828,-4.434009611863144e-07
0.3034,89.99988725575405,90.0,0.00391410484101839,-0.0023167080522865785,-4.964544414181731e-06,2.5602213499894587e-07,11.999999999999108,-5.28625990226101e-06,-0.00016854934739505878,7.424963805723556e-11,7.424963805723556e-11,0.0013047016136727967,-4.405216585217836e-07
0.30360000000000004,89.99988803592058,90.0,0.003887561948745476,-0.0023014335426166307,-4.9318971607913854e-06,2.542505155404782e-07,11.99999999999912,-5.251921630063542e-06,-0.000167440952989831,7.328223023048421e-11,7.328223023048421e-11,0.0012958539829151586,-4.376601358386606e-07
0.3038,89.99988881079602,90.0,0.0038611940581077023,-0.002286255626450048,-4.8994555385738484e-06,2.524909111877485e-07,11.999999999999133,-5.217795507547526e-06,-0.0001663395398898529,7.232714199707164e-11,7.232714199707164e-11,0.0012870646860359007,-4.3481629229565857e-07
0.304,89.99988958041529,90.0,0.0038350000624315437,-0.0022711737330884498,-4.867218340998642e-06,2.5074324269577053e-07,11.999999999999144,-5.183880332141968e-06,-0.00016524506713266998,7.138422112438235e-11,7.138422112438235e-11,0.001278333354143848,-4.319900276785281e-07
0.3042,89.99989034481302,90.0,0.0038089788615819423,-0.0022561872945679965,-4.835184367173902e-06,2.490074313395764e-07,11.999999999999154,-5.150174906173767e-06,-0.00016415749394726211,7.045331716563507e-11,7.045331716563507e-11,0.0012696596205273142,-4.291812421811775e-07
0.3044,89.99989110402369,90.0,0.0037831293619308283,-0.002241295745615432,-4.803352421747236e-06,2.472833989142161e-07,11.999999999999165,-5.116678036737484e-06,-0.00016307677975067777,6.953428143768559e-11,6.953428143768559e-11,0.0012610431206436096,-4.2638983639482e-07
0.30460000000000004,89.99989185808153,90.0,0.0037574504763265553,-0.0022264985246712226,-4.771721317301191e-06,2.455710676480883e-07,11.999999999999176,-5.083388539260324e-06,-0.00016200288422936143,6.862696708489246e-11,6.862696708489246e-11,0.0012524834921088517,-4.236157116050561e-07
0.3048,89.99989260702054,90.0,0.0037319411240511013,-0.0022117950724087135,-4.740289870896216e-06,2.4387036031849943e-07,11.999999999999186,-5.050305232403225e-06,-0.00016093576722178512,6.773122894008865e-11,6.773122894008865e-11,0.0012439803746837005,-4.2085876936696395e-07
0.305,89.99989335087454,90.0,0.0037066002307945783,-0.00219718483276435,-4.709056906482085e-06,2.421812001649945e-07,11.999999999999197,-5.017426941646807e-06,-0.00015987538880031773,6.684692358941884e-11,6.684692358941884e-11,0.0012355334102648594,-4.1811891180392856e-07
0.3052,89.99989408967708,90.0,0.0036814267286178898,-0.0021826672521749963,-4.678021253119192e-06,2.405035109471364e-07,11.999999999999208,-4.984752496675984e-06,-0.00015882170921083678,6.59739092929265e-11,6.59739092929265e-11,0.0012271422428726299,-4.153960413896927e-07
0.3054,89.99989482346157,90.0,0.0036564195559239793,-0.0021682417806036056,-4.64718174737971e-06,2.3883721685783685e-07,11.999999999999218,-4.952280734952445e-06,-0.00015777468895424943,6.511204604760789e-11,6.511204604760789e-11,0.0012188065186413265,-4.1269006124606395e-07
0.30560000000000004,89.99989555226115,90.0,0.003631577657417574,-0.0021539078704171932,-4.616537230729125e-06,2.3718224261002542e-07,11.999999999999229,-4.920010497856709e-06,-0.00015673428869759375,6.426119548052624e-11,6.426119548052624e-11,0.001210525885805858,-4.1000087482141876e-07
0.3058,89.99989627610877,90.0,0.0036068999840775107,-0.0021396649770587467,-4.586086551100236e-06,2.3553851337887e-07,11.99999999999924,-4.887940633034606e-06,-0.00015570046932747718,6.342122088403186e-11,6.342122088403186e-11,0.0012022999946925037,-4.07328386086243e-07
0.306,89.99989699503718,90.0,0.003582385493121613,-0.0021255125589981776,-4.555828562782552e-06,2.3390595480177703e-07,11.999999999999249,-4.856069994251982e-06,-0.00015467319194632122,6.25919871938129e-11,6.25919871938129e-11,0.0011941284977072043,-4.046724995210239e-07
0.3062,89.99989770907891,90.0,0.00355803314797188,-0.0021114500773284457,-4.525762125482103e-06,2.3228449300728107e-07,11.999999999999257,-4.8243974400202305e-06,-0.00015365241784044177,6.177336094019932e-11,6.177336094019932e-11,0.00118601104932396,-4.0203312000171074e-07
0.3064,89.99989841826627,90.0,0.0035338419182245552,-0.0020974769957237734,-4.495886104227204e-06,2.3067405461504487e-07,11.999999999999268,-4.7929218334724955e-06,-0.00015263810847684952,6.096521022822333e-11,6.096521022822333e-11,0.0011779473060748518,-3.99410152789399e-07
0.30660000000000004,89.99989912263139,90.0,0.0035098107796205434,-0.002083592781464148,-4.466199371766997e-06,2.2907456664918984e-07,11.999999999999279,-4.761642045932702e-06,-0.000151630225584682,6.016740479819381e-11,6.016740479819381e-11,0.001169936926540181,-3.9680350382774903e-07
0.3068,89.9998998222062,90.0,0.003485938714003996,-0.002069796903956412,-4.436700805118771e-06,2.2748595665385547e-07,11.999999999999288,-4.730556951822369e-06,-0.00015062873103798298,5.937981589632955e-11,5.937981589632955e-11,0.0011619795713346654,-3.942130793185542e-07
0.307,89.99990051702241,90.0,0.003462224709298062,-0.002056088835766217,-4.407389287983299e-06,2.2590815260652968e-07,11.999999999999297,-4.699665432251692e-06,-0.0001496335869377046,5.860231633624998e-11,5.860231633624998e-11,0.001154074903099354,-3.916387860209973e-07
0.30720000000000003,89.99990120711152,90.0,0.0034386677594686406,-0.0020424680522121456,-4.37826370980015e-06,2.243410829469388e-07,11.999999999999307,-4.668966373639172e-06,-0.00014864475557963474,5.783478045159737e-11,5.783478045159737e-11,0.001146222586489547,-3.890805311366202e-07
0.3074,89.99990189250484,90.0,0.003415266864492786,-0.002028934031321596,-4.349322965648192e-06,2.2278467657704748e-07,11.999999999999314,-4.638458667580907e-06,-0.0001476621994510189,5.707708407647319e-11,5.707708407647319e-11,0.001138422288164262,-3.86538222298431e-07
0.30760000000000004,89.9999025732335,90.0,0.003392021030327864,-0.002015486254142983,-4.32056595697903e-06,2.2123886283216878e-07,11.999999999999325,-4.608141211953463e-06,-0.0001466858812554609,5.632910455208662e-11,5.632910455208662e-11,0.0011306736767759547,-3.840117676628102e-07
0.3078,89.9999032493284,90.0,0.0033689292688766645,-0.002002124203986489,-4.29199158984602e-06,2.19703571538744e-07,11.999999999999332,-4.57801290830864e-06,-0.000145715763852797,5.5590720655182945e-11,5.5590720655182945e-11,0.0011229764229588883,-3.815010756924079e-07
0.308,89.99990392082026,90.0,0.0033459905979617757,-0.00198884736745409,-4.263598777315282e-06,2.1817873292767307e-07,11.999999999999343,-4.548072665458873e-06,-0.00014475181034095095,5.486181265728351e-11,5.486181265728351e-11,0.0011153301993205918,-3.790060554549269e-07
0.30820000000000003,89.9999045877396,90.0,0.003323204041287693,-0.001975655233320847,-4.23538643685468e-06,2.1666427772098408e-07,11.99999999999935,-4.51831939562909e-06,-0.0001437939839672885,5.414226222785111e-11,5.414226222785111e-11,0.0011077346804292312,-3.765266163024446e-07
0.3084,89.99990525011673,90.0,0.0033005686284159667,-0.00196254729392128,-4.207353493577837e-06,2.151601370162738e-07,11.999999999999359,-4.4887520192757954e-06,-0.00014284224823875373,5.343195251830288e-11,5.343195251830288e-11,0.001100189542805322,-3.7406266827300295e-07
0.30860000000000004,89.9999059079818,90.0,0.0032780833947243628,-0.0019495230436712685,-4.179498876793269e-06,2.1366624240226728e-07,11.999999999999368,-4.45936945999625e-06,-0.00014189656680470977,5.273076804060615e-11,5.273076804060615e-11,0.001092694464908121,-3.7161412166637373e-07
0.3088,89.99990656136475,90.0,0.003255747381383163,-0.0019365819797454943,-4.15182152159088e-06,2.1218252590103795e-07,11.999999999999375,-4.430170646891363e-06,-0.0001409569035108015,5.203859470085696e-11,5.203859470085696e-11,0.001085249127127721,-3.6918088724096617e-07
0.309,89.99990721029532,90.0,0.003233559635323425,-0.0019237236020331356,-4.124320368742038e-06,2.1070891996800774e-07,11.999999999999384,-4.401154514434443e-06,-0.00014002322239556304,5.135531978099349e-11,5.135531978099349e-11,0.0010778532117744748,-3.6676287620288905e-07
0.30920000000000003,89.99990785480308,90.0,0.0032115192092059533,-0.0019109474134498,-4.0969943654324125e-06,2.092453574630571e-07,11.999999999999392,-4.37232000357326e-06,-0.00013909548771529797,5.068083194536723e-11,5.068083194536723e-11,0.001070506403068651,-3.643600002977901e-07
0.3094,89.99990849491739,90.0,0.0031896251613865918,-0.0018982529195338065,-4.069842464322143e-06,2.077917716794149e-07,11.9999999999994,-4.343666060356071e-06,-0.00013817366391217153,5.001502119753133e-11,5.001502119753133e-11,0.0010632083871288639,-3.6197217169635737e-07
0.30960000000000004,89.99990913066743,90.0,0.003167876555886197,-0.0018856396280489771,-4.042863622620693e-06,2.0634809637254848e-07,11.999999999999407,-4.31519163457688e-06,-0.00013725771558280132,4.935777883867218e-11,4.935777883867218e-11,0.0010559588519620656,-3.5959930288142447e-07
0.3098,89.99990976208221,90.0,0.0031462724623651335,-0.0018731070496595765,-4.0160568036677005e-06,2.0491426570238358e-07,11.999999999999416,-4.286895682130931e-06,-0.00013634760753192813,4.8708997499794496e-11,4.8708997499794496e-11,0.0010487574874550444,-3.5724130684426163e-07
0.31,89.99991038919052,90.0,0.0031248119560899905,-0.0018606546978838338,-3.989420976828152e-06,2.0349021423330457e-07,11.999999999999424,-4.2587771648769946e-06,-0.00013544330476885703,4.806857112375927e-11,4.806857112375927e-11,0.00104160398536333,-3.548980970730999e-07
0.31020000000000003,89.999911012021,90.0,0.003103494117900999,-0.001848282088693182,-3.962955116559229e-06,2.020758769630443e-07,11.999999999999432,-4.230835049272145e-06,-0.0001345447724757763,4.7436394923907287e-11,4.7436394923907287e-11,0.001034498039300333,-3.525695874393621e-07
0.3104,89.99991163060209,90.0,0.003082318034183896,-0.0018359887408282412,-3.936658203152278e-06,2.0067118929379407e-07,11.999999999999439,-4.203068307485839e-06,-0.00013365197603294773,4.6812365391413826e-11,4.6812365391413826e-11,0.0010274393447279654,-3.50255692290503e-07
0.3106,89.99991224496206,90.0,0.00306128279683807,-0.0018237741753990705,-3.910529221801927e-06,1.9927608706109372e-07,11.999999999999446,-4.175475916037665e-06,-0.00013276488098710247,4.619638025477325e-11,4.619638025477325e-11,0.0010204275989460234,-3.479563263364882e-07
0.3108,89.99991285512897,90.0,0.003040387503249556,-0.001811637916202733,-3.8845671633516276e-06,1.9789050650494156e-07,11.999999999999453,-4.1480568569161275e-06,-0.0001318834530767528,4.5588338487402144e-11,4.5588338487402144e-11,0.0010134625010831853,-3.4567140474302636e-07
0.311,89.99991346113072,90.0,0.003019631256260269,-0.0017995794896803398,-3.8587710241967735e-06,1.9651438426979458e-07,11.99999999999946,-4.1208101174513675e-06,-0.00013100765822890282,4.498814029110816e-11,4.498814029110816e-11,0.0010065437520867565,-3.4340084312096277e-07
0.31120000000000003,89.99991406299505,90.0,0.002999013164137585,-0.0017875984248745742,-3.833139806188913e-06,1.9514765740456813e-07,11.999999999999467,-4.09373469018935e-06,-0.00013013746255579646,4.439568707982543e-11,4.439568707982543e-11,0.0009996710547125285,-3.411445575157943e-07
0.3114,89.99991466074948,90.0,0.0029785323405446,-0.001775694253032896,-3.807672515711531e-06,1.937902633915262e-07,11.999999999999474,-4.0668295715383474e-06,-0.00012927283232353964,4.381088144082603e-11,4.381088144082603e-11,0.0009928441135148667,-3.3890246429487715e-07
0.3116,89.99991525442138,90.0,0.002958187904514892,-0.0017638665086381145,-3.782368166092277e-06,1.9244214005961145e-07,11.999999999999481,-4.040093765355972e-06,-0.00012841373403399707,4.3233627188071166e-11,4.3233627188071166e-11,0.0009860626348382974,-3.3667448044634556e-07
0.3118,89.99991584403794,90.0,0.0029379789804154194,-0.0017521147282907766,-3.7572257749944513e-06,1.9110322567111496e-07,11.999999999999488,-4.013526279104302e-06,-0.00012756013433623138,4.2663829277046786e-11,4.2663829277046786e-11,0.0009793263268051398,-3.344605232587061e-07
0.312,89.99991642962621,90.0,0.002917904697922356,-0.001740438451385959,-3.7322443660020158e-06,1.897734588638965e-07,11.999999999999496,-3.987126126210827e-06,-0.00012671200008031535,4.2101393835389584e-11,4.2101393835389584e-11,0.000972634899307452,-3.322605105175829e-07
0.31220000000000003,89.99991701121299,90.0,0.0028979641919888444,-0.0017288372193577093,-3.7074229668569495e-06,1.8845277870916432e-07,11.999999999999503,-3.960892323474161e-06,-0.00012586929825748904,4.154622810243239e-11,4.154622810243239e-11,0.0009659880639962813,-3.300743602895271e-07
0.3124,89.99991758882494,90.0,0.0028781566028218764,-0.001717310576357305,-3.682760611047564e-06,1.8714112465369526e-07,11.999999999999508,-3.934823893429321e-06,-0.00012503199605408397,4.0998240459732534e-11,4.0998240459732534e-11,0.0009593855342739587,-3.279019911191236e-07
0.3126,89.9999181624886,90.0,0.0028584810758510836,-0.001705858069564947,-3.658256338540807e-06,1.8583843649094497e-07,11.999999999999513,-3.908919865449118e-06,-0.00012420006087638543,4.045734043747604e-11,4.045734043747604e-11,0.0009528270252836946,-3.2574332212077307e-07
0.3128,89.99991873223027,90.0,0.00283893676169398,-0.0016944792477201454,-3.6339091923505356e-06,1.8454465447660742e-07,11.99999999999952,-3.883179270678487e-06,-0.00012337346023412314,3.992343861108689e-11,3.992343861108689e-11,0.0009463122538979932,-3.235982725565535e-07
0.313,89.99991929807611,90.0,0.002819522816138213,-0.0016831736628732923,-3.6097182226344774e-06,1.8325971918416542e-07,11.999999999999527,-3.857601148113432e-06,-0.0001225521618795656,3.93964466975345e-11,3.93964466975345e-11,0.0009398409387127378,-3.214667623427986e-07
0.31320000000000003,89.99991986005212,90.0,0.0028002384001035068,-0.001671940869266711,-3.5856824840826745e-06,1.819835715915604e-07,11.999999999999535,-3.8321845407521786e-06,-0.00012173613371885625,3.887627747402992e-11,3.887627747402992e-11,0.0009334128000345022,-3.193487117293606e-07
0.3134,89.99992041818412,90.0,0.0027810826796165877,-0.001660780423299649,-3.561801035838549e-06,1.8071615308119228e-07,11.99999999999954,-3.806928495491478e-06,-0.00012092534380933346,3.8362844764572764e-11,3.8362844764572764e-11,0.0009270275598721958,-3.172440412909686e-07
0.3136,89.99992097249776,90.0,0.0027620548257865207,-0.0016496918845596495,-3.5380729439129256e-06,1.794574053532498e-07,11.999999999999545,-3.7818320667159766e-06,-0.00012011976044148823,3.785606349032322e-11,3.785606349032322e-11,0.0009206849419288402,-3.151526722263433e-07
0.3138,89.99992152301853,90.0,0.0027431540147681,-0.001638674813995082,-3.5144972769159194e-06,1.782072705701602e-07,11.999999999999552,-3.7568943099944294e-06,-0.00011931935199405901,3.7355849548226626e-11,3.7355849548226626e-11,0.0009143846715893668,-3.130745258328808e-07
0.314,89.99992206977177,90.0,0.002724379427746329,-0.0016277287760250968,-3.491073110991472e-06,1.7696569118324956e-07,11.999999999999558,-3.7321142893983294e-06,-0.00011852408710156232,3.686211992580411e-11,3.686211992580411e-11,0.0009081264759154429,-3.110095241165389e-07
0.31420000000000003,89.99992261278263,90.0,0.0027057302508967196,-0.0016168533367078427,-3.467799525539508e-06,1.757326100771924e-07,11.999999999999563,-3.707491071185346e-06,-0.00011773393450905737,3.6374792580655535e-11,3.6374792580655535e-11,0.0009019100836322398,-3.0895758926545676e-07
0.3144,89.99992315207612,90.0,0.002687205675366317,-0.0016060480651350498,-3.4446756064784432e-06,1.7450797045445217e-07,11.99999999999957,-3.6830237286426962e-06,-0.00011694886318291012,3.589378651170514e-11,3.589378651170514e-11,0.0008957352251221057,-3.06918644053569e-07
0.3146,89.99992368767708,90.0,0.0026688048972390846,-0.0015953125323178883,-3.421700443644489e-06,1.7329171592195088e-07,11.999999999999574,-3.6587113382525527e-06,-0.00011616884222249809,3.541902168259506e-11,3.541902168259506e-11,0.0008896016324130282,-3.048926115210569e-07
0.3148,89.99992421961018,90.0,0.0026505271175139566,-0.0015846463118668655,-3.398873132383675e-06,1.7208379043328922e-07,11.99999999999958,-3.634552982062206e-06,-0.00011539384091426059,3.495041905054602e-11,3.495041905054602e-11,0.0008835090391713188,-3.028794151718611e-07
0.315,89.99992474789994,90.0,0.002632371542074856,-0.0015740489795946933,-3.376192772626881e-06,1.7088413831763652e-07,11.999999999999586,-3.6105477463295743e-06,-0.00011462382870029536,3.448790053246107e-11,3.448790053246107e-11,0.0008774571806916187,-3.008789788608082e-07
0.31520000000000004,89.99992527257074,90.0,0.0026143373816657797,-0.0015635201138367698,-3.353658469641938e-06,1.6969270425084102e-07,11.999999999999591,-3.586694722650605e-06,-0.00011385877520389297,3.4031389012606535e-11,3.4031389012606535e-11,0.0008714457938885932,-2.988912268875606e-07
0.3154,89.99992579364675,90.0,0.0025964238518615453,-0.0015530592954103328,-3.3312693339415193e-06,1.685094332554296e-07,11.999999999999597,-3.5629930078382706e-06,-0.00011309865022640961,3.3580808329388105e-11,3.3580808329388105e-11,0.0008654746172871818,-2.969160839865325e-07
0.3156,89.99992631115207,90.0,0.002578630173039623,-0.0015426661072198635,-3.3090244803638776e-06,1.6733427072949774e-07,11.999999999999602,-3.5394417025755888e-06,-0.00011234342371605758,3.313608324256223e-11,3.313608324256223e-11,0.0008595433910132076,-2.9495347521464216e-07
0.3158,89.99992682511053,90.0,0.002560955570356093,-0.0015323401345787835,-3.2869230288277027e-06,1.6616716241781982e-07,11.999999999999607,-3.516039912546636e-06,-0.00011159306579353312,3.26971394411265e-11,3.26971394411265e-11,0.0008536518567853643,-2.930033260455626e-07
0.316,89.99992733554593,90.0,0.0025433992737180925,-0.0015220809651709851,-3.26496410424536e-06,1.6500805441184894e-07,11.999999999999613,-3.492786748322571e-06,-0.00011084754674907087,3.226390353076949e-11,3.226390353076949e-11,0.0008477997579060308,-2.9106556236022365e-07
0.31620000000000004,89.9999278424818,90.0,0.0025259605177566256,-0.0015118881886575955,-3.2431468356067035e-06,1.6385689317860676e-07,11.999999999999618,-3.469681324018696e-06,-0.0001101068370113387,3.183630300208538e-11,3.183630300208538e-11,0.0008419868392522085,-2.8914011033490056e-07
0.3164,89.99992834594161,90.0,0.002508638541803982,-0.00150176139771126,-3.2214703583996782e-06,1.62713625474014e-07,11.999999999999623,-3.4467227608924643e-06,-0.00010937090722961872,3.141426627731641e-11,3.141426627731641e-11,0.000836212847267994,-2.872268967410477e-07
0.3166,89.99992884594863,90.0,0.002491432589859077,-0.0014917001865466656,-3.1999338111789048e-06,1.6157819845844994e-07,11.999999999999627,-3.42391018227822e-06,-0.00010863972815730851,3.0997722619813166e-11,3.0997722619813166e-11,0.0008304775299530256,-2.853258485231939e-07
0.3168,89.99992934252597,90.0,0.002474341910569957,-0.0014817041523171957,-3.1785363388328655e-06,1.6045055958119274e-07,11.999999999999634,-3.4012427184367225e-06,-0.00010791327076284422,3.058660220040213e-11,3.058660220040213e-11,0.0008247806368566524,-2.8343689320306885e-07
0.317,89.99992983569665,90.0,0.0024573657572001207,-0.0014717728936468207,-3.1572770891555746e-06,1.593306566959792e-07,11.999999999999638,-3.3787195014939365e-06,-0.00010719150611330655,3.018083600829552e-11,3.018083600829552e-11,0.0008191219190667068,-2.8155995845783655e-07
0.31720000000000004,89.99993032548346,90.0,0.0024405033876115233,-0.0014619060123827279,-3.1361552169459163e-06,1.582184379165551e-07,11.999999999999641,-3.3563396715231097e-06,-0.00010647440551359594,2.978035593559431e-11,2.978035593559431e-11,0.0008135011292038411,-2.7969497262693416e-07
0.3174,89.99993081190911,90.0,0.0024237540642278108,-0.0014521031117676253,-3.1151698797390167e-06,1.571138517611249e-07,11.999999999999648,-3.334102370240306e-06,-0.00010576194036150983,2.938509467004452e-11,2.938509467004452e-11,0.0008079180214092701,-2.778418641867003e-07
0.3176,89.99993129499613,90.0,0.0024071170540181826,-0.0014423637978382984,-3.0943202410777142e-06,1.5601684703679184e-07,11.999999999999652,-3.312006745859563e-06,-0.0001050540822588113,2.8994985760106547e-11,2.8994985760106547e-11,0.0008023723513393942,-2.760005621549716e-07
0.3178,89.9999317747669,90.0,0.0023905916284655956,-0.0014326876783153967,-3.0736054679207203e-06,1.5492737292622803e-07,11.999999999999655,-3.29005194926993e-06,-0.00010435080292323434,2.8609963547123278e-11,2.8609963547123278e-11,0.0007968638761551985,-2.74170995772502e-07
0.318,89.99993225124368,90.0,0.0023741770635471713,-0.0014230743636418973,-3.053024733072648e-06,1.5384537890100436e-07,11.999999999999662,-3.2682371376458667e-06,-0.00010365207427098497,2.8229963210539186e-11,2.8229963210539186e-11,0.0007913923545157238,-2.723530948038299e-07
0.31820000000000004,89.99993272444856,90.0,0.0023578726397032487,-0.0014135234662293454,-3.032577213425408e-06,1.527708147793706e-07,11.999999999999666,-3.2465614718582596e-06,-0.00010295786835703547,2.7854920719384612e-11,2.7854920719384612e-11,0.0007859575465677496,-2.7054678932152915e-07
0.3184,89.99993319440348,90.0,0.002341677641814775,-0.001404034600781561,-3.012262090717592e-06,1.5170363069736535e-07,11.99999999999967,-3.225024117611382e-06,-0.00010226815740090591,2.748477284013397e-11,2.748477284013397e-11,0.0007805592139382584,-2.687520098009559e-07
0.3186,89.99993366113029,90.0,0.002325591359177015,-0.0013946073842579293,-2.9920785514516887e-06,1.50643777108816e-07,11.999999999999673,-3.2036242453341493e-06,-0.00010158291378385364,2.7119457125804247e-11,2.7119457125804247e-11,0.0007751971197256718,-2.669686871111864e-07
0.31880000000000003,89.99993412465064,90.0,0.0023096130854736554,-0.001385241435481971,-2.972025785981965e-06,1.4959120481422877e-07,11.99999999999968,-3.1823610288425156e-06,-0.00010090211001790622,2.6758911887414442e-11,2.6758911887414442e-11,0.0007698710284912186,-2.6519675240355004e-07
0.319,89.99993458498606,90.0,0.002293742118755614,-0.001375936375822298,-2.9521029901088807e-06,1.4854586490300888e-07,11.999999999999684,-3.1612336477127673e-06,-0.00010022571879999287,2.6403076219728658e-11,2.6403076219728658e-11,0.0007645807062518713,-2.634361373094042e-07
0.31920000000000004,89.99993504215797,90.0,0.0022779777614117033,-0.0013666918284411119,-2.932309363325581e-06,1.4750770881124022e-07,11.999999999999687,-3.1402412846992416e-06,-9.955371295241171e-05,2.605188995485575e-11,2.605188995485575e-11,0.0007593259204705676,-2.6168677372494363e-07
0.3194,89.99993549618759,90.0,0.002262319320148226,-0.0013575074186209803,-2.912644109584201e-06,1.464766882927956e-07,11.999999999999691,-3.1193831268803753e-06,-9.888606544884634e-05,2.5705293670393973e-11,2.5705293670393973e-11,0.0007541064400494087,-2.5994859390670464e-07
0.3196,89.99993594709603,90.0,0.002246766105964483,-0.0013483827744411843,-2.8931064388798853e-06,1.4545275536155687e-07,11.999999999999694,-3.0986583680183444e-06,-9.822274946814427e-05,2.536322871410353e-11,2.536322871410353e-11,0.0007489220353214945,-2.5822153066820194e-07
0.31980000000000003,89.99993639490431,90.0,0.0022313174341209658,-0.0013393175253122234,-2.873695563828362e-06,1.4443586240697457e-07,11.9999999999997,-3.0780662035056123e-06,-9.756373827812341e-05,2.5025637123463836e-11,2.5025637123463836e-11,0.0007437724780403219,-2.5650551695880747e-07
0.32,89.99993683963324,90.0,0.0022159726241239826,-0.0013303113030201622,-2.8544107021092315e-06,1.4342596210739814e-07,11.999999999999705,-3.057605833992746e-06,-9.69090053185233e-05,2.4692461669029847e-11,2.4692461669029847e-11,0.0007386575413746609,-2.5480048616606843e-07
0.32020000000000004,89.9999372813035,90.0,0.0022007309996984374,-0.0013213637413333492,-2.835251075549681e-06,1.4242300745896597e-07,11.999999999999709,-3.037276464045339e-06,-9.625852416989659e-05,2.4363645827081116e-11,2.4363645827081116e-11,0.0007335769998994791,-2.531063720037844e-07
0.3204,89.9999377199357,90.0,0.0021855918887652096,-0.0013124744766813794,-2.8162159117144e-06,1.4142695171782548e-07,11.999999999999712,-3.017077304511398e-06,-9.561226860758766e-05,2.4039133804067272e-11,2.4039133804067272e-11,0.0007285306295884032,-2.514231087092892e-07
0.3206,89.99993815555028,90.0,0.0021705546234105154,-0.0013036431470464967,-2.7973044413173877e-06,1.4043774848680277e-07,11.999999999999716,-2.9970075687031735e-06,-9.497021251386193e-05,2.3718870475449984e-11,2.3718870475449984e-11,0.0007235182078035051,-2.4975063072527035e-07
0.32080000000000003,89.99993858816751,90.0,0.002155618539868234,-0.0012948693922941925,-2.7785158989968803e-06,1.3945535168651293e-07,11.99999999999972,-2.977066473554548e-06,-9.433232990421508e-05,2.3402801394177695e-11,2.3402801394177695e-11,0.0007185395132894113,-2.4808887279621815e-07
0.321,89.99993901780756,90.0,0.0021407829784982325,-0.0012861528548534797,-2.7598495249082255e-06,1.3847971549758006e-07,11.999999999999723,-2.9572532419922963e-06,-9.369859498145211e-05,2.3090872814919063e-11,2.3090872814919063e-11,0.0007135943261660774,-2.4643777016603035e-07
0.32120000000000004,89.99993944449051,90.0,0.002126047283757234,-0.0012774931789656776,-2.7413045629710184e-06,1.3751079441841708e-07,11.999999999999726,-2.937567100354653e-06,-9.306898207617656e-05,2.278303165087328e-11,2.278303165087328e-11,0.0007086824279190782,-2.447972583628933e-07
0.3214,89.99993986823623,90.0,0.0021114108041776596,-0.001268890011010138,-2.7228802616330437e-06,1.36548543236336e-07,11.99999999999973,-2.9180072795342577e-06,-9.24434656727268e-05,2.2479225481533178e-11,2.2479225481533178e-11,0.0007038036013925532,-2.4316727329452694e-07
0.3216,89.99994028906451,90.0,0.002096872892343566,-0.0012603429994706519,-2.7045758737945097e-06,1.3559291702754763e-07,11.999999999999734,-2.8985730148786267e-06,-9.182202040660374e-05,2.2179402543518507e-11,2.2179402543518507e-11,0.0006989576307811887,-2.4154775123989094e-07
0.32180000000000003,89.999940706995,90.0,0.0020824329048661668,-0.0012518517945459954,-2.6863906559003934e-06,1.3464387118605177e-07,11.999999999999737,-2.879263544858416e-06,-9.120462103365534e-05,2.1883511705403054e-11,2.1883511705403054e-11,0.0006941443016220556,-2.399386287382066e-07
0.322,89.99994112204725,90.0,0.002068090202364399,-0.0012434160488333404,-2.6683238695403892e-06,1.3370136136585722e-07,11.99999999999974,-2.860078113447987e-06,-9.059124248439594e-05,2.1591502491640485e-11,2.1591502491640485e-11,0.000689363400788133,-2.3833984278733739e-07
0.32220000000000004,89.99994153424059,90.0,0.002053844149437415,-0.0012350354162240316,-2.650374778870581e-06,1.327653435676516e-07,11.999999999999744,-2.8410159663202006e-06,-8.998185977647036e-05,2.1303325025345267e-11,2.1303325025345267e-11,0.0006846147164791384,-2.3675133052668843e-07
0.3224,89.99994194359434,90.0,0.0020396941146497527,-0.0012267095536592355,-2.6325426547195885e-06,1.3183577399435176e-07,11.999999999999748,-2.8220763569374294e-06,-8.93764481540601e-05,2.1018930100218523e-11,2.1018930100218523e-11,0.0006798980382165842,-2.3517302974479073e-07
0.3226,89.99994235012763,90.0,0.002025639470496241,-0.0012184381193045858,-2.6148267703252165e-06,1.309126091955533e-07,11.999999999999751,-2.8032585402540394e-06,-8.877498294314008e-05,2.0738269091355772e-11,2.0738269091355772e-11,0.0006752131568320803,-2.3360487835450813e-07
0.32280000000000003,89.99994275385944,90.0,0.0020116795933882124,-0.0012102207732414714,-2.5972264029521753e-06,1.299958060097508e-07,11.999999999999755,-2.7845617751202888e-06,-8.817743960640102e-05,2.0461293979663926e-11,2.0461293979663926e-11,0.0006705598644627374,-2.3204681459336214e-07
0.323,89.99994315480872,90.0,0.0019978138636314773,-0.0012020571781468274,-2.579740835483863e-06,1.2908532150655802e-07,11.999999999999758,-2.765985326652172e-06,-8.758379379729166e-05,2.0187957374653594e-11,2.0187957374653594e-11,0.0006659379545438257,-2.3049877722101897e-07
0.32320000000000004,89.9999435529942,90.0,0.001984041665396434,-0.0011939469978303168,-2.562369353005974e-06,1.2818111310226746e-07,11.999999999999762,-2.7475284611858955e-06,-8.699402124402999e-05,1.991821244341563e-11,1.991821244341563e-11,0.0006613472217988113,-2.2896070509882918e-07
0.3234,89.99994394843452,90.0,0.001970362386705309,-0.0011858898986375974,-2.545111246088589e-06,1.2728313844429084e-07,11.999999999999766,-2.7291904511469723e-06,-8.640809786103235e-05,1.9652012965342267e-11,1.9652012965342267e-11,0.0006567874622351031,-2.2743253759558548e-07
0.3236,89.99994434114821,90.0,0.001956775419402927,-0.0011778855486989652,-2.5279658090329963e-06,1.2639135546893877e-07,11.999999999999767,-2.7109705724683736e-06,-8.582599968939185e-05,1.9389313292552135e-11,1.9389313292552135e-11,0.000652258473134309,-2.2591421437236884e-07
0.32380000000000003,89.99994473115369,90.0,0.0019432801591363802,-0.0011699336182562437,-2.5109323406382495e-06,1.25505722372531e-07,11.999999999999769,-2.692868105736912e-06,-8.524770292290354e-05,1.913006835736889e-11,1.913006835736889e-11,0.0006477600530454601,-2.244056754780803e-07
0.324,89.99994511846924,90.0,0.0019298760053308097,-0.0011620337792736936,-2.4940101432943298e-06,1.2462619764028623e-07,11.999999999999773,-2.674882334862576e-06,-8.467318387727664e-05,1.8874233649158523e-11,1.8874233649158523e-11,0.0006432920017769365,-2.2290686123855224e-07
0.3242,89.999945503113,90.0,0.001916562361169691,-0.001154185705410486,-2.4771985229200685e-06,1.2375274004632208e-07,11.999999999999776,-2.657012546996988e-06,-8.410241898802703e-05,1.862176520699914e-11,1.862176520699914e-11,0.0006388541203898971,-2.2141771224975314e-07
0.3244,89.99994588510303,90.0,0.0019033386335753153,-0.001146389072348721,-2.460496789732255e-06,1.2288530862476524e-07,11.99999999999978,-2.6392580336831338e-06,-8.353538483658891e-05,1.8372619627231965e-11,1.8372619627231965e-11,0.0006344462111917717,-2.199381694735985e-07
0.3246,89.99994626445724,90.0,0.0018902042331857061,-0.0011386435577611983,-2.44390425817295e-06,1.2202386266975158e-07,11.999999999999783,-2.6216180907598824e-06,-8.297205814784708e-05,1.812675405566506e-11,1.812675405566506e-11,0.0006300680777285687,-2.1846817422999413e-07
0.32480000000000003,89.99994664119345,90.0,0.001877158574331855,-0.0011309488412796307,-2.427420246837805e-06,1.2116836173542588e-07,11.999999999999787,-2.604092018267819e-06,-8.241241578770327e-05,1.788412617991089e-11,1.788412617991089e-11,0.000625719524777285,-2.1700766818898877e-07
0.325,89.99994701532933,90.0,0.0018642010750150562,-0.0011233046041077273,-2.4110440775741198e-06,1.2031876566483198e-07,11.999999999999787,-2.586679119125017e-06,-8.185643473245469e-05,1.7644694207372007e-11,1.7644694207372007e-11,0.0006214003583383521,-2.155565932604219e-07
0.3252,89.99994738688247,90.0,0.0018513311568892346,-0.0011157105297070597,-2.394775077086334e-06,1.194750345321329e-07,11.99999999999979,-2.5693787015148826e-06,-8.130409212330147e-05,1.740841688730153e-11,1.740841688730153e-11,0.0006171103856297449,-2.1411489179291062e-07
0.3254,89.99994775587034,90.0,0.0018385482452347782,-0.0011081663030499851,-2.3786125751924937e-06,1.1863712870039059e-07,11.999999999999794,-2.55219007631697e-06,-8.075536520715257e-05,1.7175253474254255e-11,1.7175253474254255e-11,0.0006128494150782595,-2.1268250635975118e-07
0.3256,89.99994812231026,90.0,0.0018258517689413985,-0.0011006716109509835,-2.362555905600846e-06,1.1780500879267605e-07,11.999999999999797,-2.5351125582665525e-06,-8.021023136299169e-05,1.694516373581578e-11,1.694516373581578e-11,0.0006086172563137995,-2.112593798555496e-07
0.32580000000000003,89.99994848621948,90.0,0.0018132411604868978,-0.0010932261423922838,-2.346604406673551e-06,1.1697863566317951e-07,11.9999999999998,-2.5181454670972677e-06,-7.966866812780575e-05,1.6718107959642832e-11,1.6718107959642832e-11,0.0006044137201622993,-2.098454555914425e-07
0.326,89.99994884761512,90.0,0.001800715855912575,-0.0010858295877789817,-2.330757419688099e-06,1.1615797045499014e-07,11.999999999999801,-2.501288124978439e-06,-7.913065313755893e-05,1.6494046917897273e-11,1.6494046917897273e-11,0.000600238618637525,-2.0844067708154002e-07
0.3262,89.99994920651416,90.0,0.0017882752948065767,-0.001078481639626336,-2.315014290446025e-06,1.1534297454231625e-07,11.999999999999805,-2.4845398589071537e-06,-7.85961641818095e-05,1.6272941888909968e-11,1.6272941888909968e-11,0.0005960917649355256,-2.070449882422662e-07
0.3264,89.99994956293351,90.0,0.001775918920280011,-0.0010711819921711435,-2.299374368367119e-06,1.1453360955937526e-07,11.999999999999808,-2.467899999378978e-06,-7.806517917295775e-05,1.6054754636038776e-11,1.6054754636038776e-11,0.0005919729734266704,-2.056583332815848e-07
0.3266,89.99994991688995,90.0,0.0017636461789470982,-0.0010639303409887562,-2.283837005596361e-06,1.1372983742928357e-07,11.99999999999981,-2.451367879075386e-06,-7.753767611592585e-05,1.5839447387394528e-11,1.5839447387394528e-11,0.0005878820596490327,-2.0428065658961873e-07
0.32680000000000003,89.99995026840014,90.0,0.0017514565209098556,-0.0010567263840375101,-2.2684015594474007e-06,1.1293162027738678e-07,11.999999999999812,-2.4349428364918256e-06,-7.701363319111546e-05,1.5626982870909885e-11,1.5626982870909885e-11,0.0005838188403032851,-2.0291190304098864e-07
0.327,89.99995061748066,90.0,0.0017393493997307425,-0.0010495698209099865,-2.253067390655277e-06,1.1213892048903963e-07,11.999999999999815,-2.418624213363612e-06,-7.649302869508658e-05,1.54173242796214e-11,1.54173242796214e-11,0.0005797831332435808,-2.015520177803041e-07
0.3272,89.99995096414796,90.0,0.0017273242724140552,-0.0010424603528070358,-2.2378338633178403e-06,1.113517007096059e-07,11.999999999999819,-2.402411354588976e-06,-7.597584103856865e-05,1.5210435265458932e-11,1.5210435265458932e-11,0.0005757747574713518,-2.0020094621575101e-07
0.3274,89.99995130841837,90.0,0.0017153805993874252,-0.0010353976828672146,-2.222700345668054e-06,1.1056992381556856e-07,11.999999999999819,-2.386303609382998e-06,-7.546204877268084e-05,1.5006279946473905e-11,1.5006279946473905e-11,0.0005717935331291418,-1.9885863411525282e-07
0.3276,89.99995165030815,90.0,0.0017035178444795883,-0.001028381516135748,-2.2076662100040027e-06,1.0979355291452972e-07,11.999999999999822,-2.3703003311856608e-06,-7.495163058655565e-05,1.4804822900185064e-11,1.4804822900185064e-11,0.0005678392814931962,-1.97525027598808e-07
0.32780000000000004,89.99995198983342,90.0,0.001691735474898612,-0.001021411558823581,-2.1927308309591784e-06,1.0902255140299049e-07,11.999999999999826,-2.3544008751108188e-06,-7.444456524861409e-05,1.4606029130715333e-11,1.4606029130715333e-11,0.0005639118249662039,-1.9620007292590441e-07
0.328,89.99995232701019,90.0,0.0016800329612185346,-0.0010144875189992734,-2.177893587121567e-06,1.0825688290857113e-07,11.999999999999826,-2.3386046003519067e-06,-7.39408316615347e-05,1.4409864089792788e-11,1.4409864089792788e-11,0.0005600109870728448,-1.9488371669599505e-07
0.3282,89.9999526618544,90.0,0.0016684097773580074,-0.001007609106914443,-2.163153861796946e-06,1.0749651126112119e-07,11.99999999999983,-2.322910871324038e-06,-7.344040888816793e-05,1.421629368340085e-11,1.421629368340085e-11,0.0005561365924526691,-1.935759059436726e-07
0.3284,89.99995299438184,90.0,0.0016568654005553755,-0.0010007760342584347,-2.1485110412692904e-06,1.0674140055049928e-07,11.999999999999833,-2.3073190550999983e-06,-7.294327609247592e-05,1.402528423913268e-11,1.402528423913268e-11,0.0005522884668517919,-1.9227658792500252e-07
0.3286,89.99995332460826,90.0,0.0016453993113521301,-0.0009939880144904823,-2.13396451557923e-06,1.0599151509768318e-07,11.999999999999833,-2.2918285225722624e-06,-7.244941256596152e-05,1.3836802513523185e-11,1.3836802513523185e-11,0.0005484664371173767,-1.9098571021435785e-07
0.32880000000000004,89.99995365254922,90.0,0.0016340109935726263,-0.000987244762456122,-2.1195136776296163e-06,1.0524681948365974e-07,11.999999999999837,-2.2764386471386254e-06,-7.19587976973018e-05,1.3650815673314165e-11,1.3650815673314165e-11,0.0005446703311908754,-1.8970322059488804e-07
0.329,89.99995397822025,90.0,0.001622699934308369,-0.0009805459950757906,-2.105157924797176e-06,1.0450727849164508e-07,11.999999999999838,-2.261148807098144e-06,-7.147141102706463e-05,1.3467291315455876e-11,1.3467291315455876e-11,0.0005408999781027896,-1.884290672581812e-07
0.3292,89.99995430163673,90.0,0.0016114656238939674,-0.0009738914309559824,-2.0908966580262293e-06,1.0377285713597453e-07,11.99999999999984,-2.2459583843212034e-06,-7.09872322169399e-05,1.3286197448116211e-11,1.3286197448116211e-11,0.0005371552079646558,-1.8716319869343612e-07
0.3294,89.999954622814,90.0,0.0016003075558880834,-0.0009672807900073764,-2.0767292809381282e-06,1.0304352069099244e-07,11.999999999999844,-2.2308667629402367e-06,-7.050624101950435e-05,1.3107502472522322e-11,1.3107502472522322e-11,0.0005334358519626945,-1.8590556357835547e-07
0.3296,89.99995494176721,90.0,0.0015892252270582664,-0.0009607137937789325,-2.06265520061407e-06,1.0231923466216236e-07,11.999999999999844,-2.215873330517466e-06,-7.002841730479868e-05,1.2931175190337769e-11,1.2931175190337769e-11,0.0005297417423527555,-1.846561108764579e-07
0.32980000000000004,89.99995525851149,90.0,0.001578218137362327,-0.0009541901661424272,-2.048673829197585e-06,1.0159996472828721e-07,11.999999999999847,-2.2009774804287954e-06,-6.955374111473283e-05,1.2757184822758611e-11,1.2757184822758611e-11,0.000526072712454109,-1.834147900357353e-07
0.33,89.99995557306183,90.0,0.0015672857899217197,-0.0009477096318342036,-2.034784580488448e-06,1.0088567685706884e-07,11.999999999999849,-2.1861786068318283e-06,-6.90821925474473e-05,1.2585500955022362e-11,1.2585500955022362e-11,0.0005224285966405732,-1.8218155056932133e-07
0.3302,89.99995588543311,90.0,0.0015564276910115132,-0.0009412719175069822,-2.0209868724028e-06,1.0017633721843848e-07,11.99999999999985,-2.1714761083157913e-06,-6.861375184083582e-05,1.2416093568690456e-11,1.2416093568690456e-11,0.0005188092303371711,-1.8095634235965153e-07
0.3304,89.99995619564015,90.0,0.0015456433500386747,-0.0009348767516995379,-2.0072801269047683e-06,9.947191218455652e-08,11.999999999999854,-2.156869387811701e-06,-6.814839937022362e-05,1.2248933035833609e-11,1.2248933035833609e-11,0.0005152144500128916,-1.7973911565097728e-07
0.3306,89.99995650369765,90.0,0.0015349322795201166,-0.0009285238640955066,-1.993663768276202e-06,9.877236838759246e-08,11.999999999999854,-2.1423578500406243e-06,-6.768611558962415e-05,1.2083990089349177e-11,1.2083990089349177e-11,0.0005116440931733722,-1.7852982083672086e-07
0.33080000000000004,89.99995680962022,90.0,0.001524293995069893,-0.0009222129865713215,-1.9801372255680603e-06,9.807767263305522e-08,11.999999999999858,-2.1279409051521183e-06,-6.722688111496502e-05,1.1921235854194517e-11,1.1921235854194517e-11,0.000508097998356631,-1.773284087626786e-07
0.331,89.99995711342235,90.0,0.0015137280153739517,-0.000915943852095146,-1.9666999300292033e-06,9.738779198646274e-08,11.999999999999858,-2.1136179649283828e-06,-6.677067663679394e-05,1.1760641805829435e-11,1.1760641805829435e-11,0.0005045760051246507,-1.7613483041070065e-07
0.3312,89.99995741511849,90.0,0.001503233862177599,-0.0009097161954199147,-1.95335131672806e-06,9.670269371556225e-08,11.999999999999861,-2.0993884451933557e-06,-6.631748297533538e-05,1.1602179789393983e-11,1.1602179789393983e-11,0.0005010779540591996,-1.7494903709944833e-07
0.33140000000000003,89.99995771472292,90.0,0.0014928110602650717,-0.0009035297526995388,-1.9400908236577326e-06,9.602234531922013e-08,11.999999999999861,-2.085251764497735e-06,-6.586728105010822e-05,1.1445822002700662e-11,1.1445822002700662e-11,0.0004976036867550239,-1.7377098037481325e-07
0.3316,89.99995801224988,90.0,0.0014824591374435576,-0.0008973842618218647,-1.926917892516245e-06,9.53467144985321e-08,11.999999999999865,-2.0712073452833495e-06,-6.542005190641572e-05,1.1291541003115647e-11,1.1291541003115647e-11,0.0004941530458145192,-1.7260061210694772e-07
0.33180000000000004,89.9999583077135,90.0,0.0014721776245232275,-0.0008912794623807951,-1.9138319686436694e-06,9.46757691568231e-08,11.999999999999865,-2.0572546138005683e-06,-6.497577671321101e-05,1.1139309702377532e-11,1.1139309702377532e-11,0.0004907258748410758,-1.7143788448338262e-07
0.332,89.99995860112782,90.0,0.0014619660552977103,-0.0008852150952937559,-1.9008325001300789e-06,9.400947742853722e-08,11.999999999999869,-2.0433929987970627e-06,-6.453443673281132e-05,1.0989101350095008e-11,1.0989101350095008e-11,0.0004873220184325701,-1.7028274989975708e-07
0.3322,89.99995889250675,90.0,0.0014518239665290236,-0.0008791909031359251,-1.8879189385986577e-06,9.334780765034791e-08,11.999999999999869,-2.0296219326859395e-06,-6.40960133474853e-05,1.0840889540649027e-11,1.0840889540649027e-11,0.00048394132217634115,-1.691351610571635e-07
0.33240000000000003,89.99995918186418,90.0,0.0014417508979285049,-0.0008732066297583372,-1.8750907383150902e-06,9.269072839004771e-08,11.999999999999872,-2.0159408502363906e-06,-6.366048802921604e-05,1.0694648197006893e-11,1.0694648197006893e-11,0.000480583632642835,-1.6799507085303434e-07
0.3326,89.99995946921385,90.0,0.0014317463921420936,-0.0008672620209778757,-1.862347357802354e-06,9.203820838876861e-08,11.999999999999872,-2.0023491909737607e-06,-6.322784239452437e-05,1.0550351588807806e-11,1.0550351588807806e-11,0.0004772487973806978,-1.6686243258114852e-07
0.33280000000000004,89.99995975456945,90.0,0.0014218099947280233,-0.0008613568241908551,-1.8496882589399072e-06,9.13902165898718e-08,11.999999999999876,-1.9888463978567992e-06,-6.279805817388574e-05,1.0407974315961306e-11,1.0407974315961306e-11,0.0004739366649093411,-1.6573719982140166e-07
0.333,89.9999600379445,90.0,0.0014119412541385283,-0.0008554907876369336,-1.8371129052449446e-06,9.07467221967276e-08,11.999999999999876,-1.97543191474104e-06,-6.237111715337775e-05,1.0267491281903002e-11,1.0267491281903002e-11,0.0004706470847128428,-1.646193262284217e-07
0.3332,89.99996031935254,90.0,0.0014021397217103505,-0.0008496636614516742,-1.824620764334212e-06,9.010769458604568e-08,11.99999999999988,-1.9621051900309516e-06,-6.19470012582603e-05,1.0128877722973969e-11,1.0128877722973969e-11,0.00046737990723678355,-1.635087658359143e-07
0.33340000000000003,89.99996059880695,90.0,0.0013924049516429403,-0.000843875197636107,-1.8122113078553667e-06,8.947310330787509e-08,11.99999999999988,-1.9488656765897692e-06,-6.152569255064517e-05,9.992109203364036e-12,9.992109203364036e-12,0.0004641349838809801,-1.6240547304914906e-07
0.3336,89.99996087632105,90.0,0.0013827365009770312,-0.0008381251493162709,-1.79988400975837e-06,8.884291814338409e-08,11.999999999999883,-1.93571282918992e-06,-6.110717317080887e-05,9.857161588522161e-12,9.857161588522161e-12,0.00046091216699234373,-1.613094024324949e-07
0.33380000000000004,89.99996115190804,90.0,0.0013731339295817734,-0.0008324132707252482,-1.7876383462549737e-06,8.821710910486002e-08,11.999999999999883,-1.9226461044598012e-06,-6.0691425335817015e-05,9.724011041335217e-12,9.724011041335217e-12,0.00045771130986059115,-1.60220508704985e-07
0.334,89.99996142558105,90.0,0.0013635968001421697,-0.0008267393182514356,-1.7754737982708636e-06,8.759564634903983e-08,11.999999999999886,-1.909664964523226e-06,-6.0278431422776235e-05,9.592634050374397e-12,9.592634050374397e-12,0.00045453226671405655,-1.5913874704360366e-07
0.3342,89.99996169735316,90.0,0.0013541246781342306,-0.0008211030496933138,-1.76338984970629e-06,8.697850023488965e-08,11.999999999999886,-1.8967688744357122e-06,-5.9868173909781456e-05,9.463007403448227e-12,9.463007403448227e-12,0.0004513748927114102,-1.5806407286964418e-07
0.33440000000000003,89.99996196723727,90.0,0.0013447171318088896,-0.0008155042235264433,-1.7513859857242788e-06,8.636564138138469e-08,11.999999999999888,-1.8839572996569955e-06,-5.946063531779959e-05,9.335108162434346e-12,9.335108162434346e-12,0.00044823904393629657,-1.5699644163808442e-07
0.3346,89.9999622352463,90.0,0.0013353737321842453,-0.0008099426006689908,-1.7394616968790478e-06,8.575704052305978e-08,11.99999999999989,-1.8712297121713054e-06,-5.905579835083188e-05,9.208913712506234e-12,9.208913712506234e-12,0.0004451245773947484,-1.5593580934761022e-07
0.33480000000000004,89.99996250139304,90.0,0.001326094053017545,-0.0008044179430215261,-1.727616475705514e-06,8.515266862556891e-08,11.99999999999989,-1.8585855854495894e-06,-5.865364578012548e-05,9.08440171508403e-12,9.08440171508403e-12,0.00044203135100584837,-1.5488213212080053e-07
0.335,89.99996276569016,90.0,0.0013168776707940032,-0.0007989300138066778,-1.7158498175146453e-06,8.455249685679535e-08,11.999999999999893,-1.8460243956337207e-06,-5.825416047117623e-05,8.961550114746154e-12,8.961550114746154e-12,0.00043895922359800106,-1.5383536630281142e-07
0.3352,89.99996302815029,90.0,0.001307724164711502,-0.0007934785779030475,-1.704161221175863e-06,8.395649655796171e-08,11.999999999999893,-1.8335456227036997e-06,-5.7857325410291654e-05,8.840337145615396e-12,8.840337145615396e-12,0.00043590805490383396,-1.52795468558643e-07
0.33540000000000003,89.99996328878598,90.0,0.0012986331166617896,-0.000788063401463682,-1.692550188227262e-06,8.336463927251994e-08,11.999999999999895,-1.8211487491693961e-06,-5.7463123674382355e-05,8.720741316914055e-12,8.720741316914055e-12,0.0004328777055539298,-1.5176239576411767e-07
0.3356,89.99996354760964,90.0,0.0012896041112158251,-0.0007826842518956138,-1.6810162228294666e-06,8.277689674615122e-08,11.999999999999897,-1.8088332600099364e-06,-5.707153842939547e-05,8.602741409252223e-12,8.602741409252223e-12,0.0004298680370719417,-1.5073610500082934e-07
0.33580000000000004,89.99996380463368,90.0,0.00128063673560941,-0.0007773408985503399,-1.6695588333815226e-06,8.219324086898621e-08,11.999999999999897,-1.796598645075209e-06,-5.668255298517516e-05,8.486316491047525e-12,8.486316491047525e-12,0.00042687891186980335,-1.4971655375626872e-07
0.336,89.99996405987035,90.0,0.0012717305797208327,-0.0007720331116267943,-1.6581775299587957e-06,8.16136437622748e-08,11.9999999999999,-1.7844443953019728e-06,-5.629615070847764e-05,8.371445884068245e-12,8.371445884068245e-12,0.0004239101932402776,-1.4870369960849897e-07
0.3362,89.99996431333189,90.0,0.0012628852360612314,-0.0007667606632237049,-1.646871826774331e-06,8.103807769171626e-08,11.9999999999999,-1.7723700063654113e-06,-5.591231510653593e-05,8.2581091901064e-12,8.2581091901064e-12,0.00042096174535374376,-1.4769750053045218e-07
0.33640000000000003,89.99996456503038,90.0,0.0012541002997528965,-0.0007615233262434874,-1.6356412396188283e-06,8.046651515412914e-08,11.999999999999902,-1.760374974897969e-06,-5.553102974014541e-05,8.146286257072304e-12,8.146286257072304e-12,0.00041803343325096554,-1.4669791457483194e-07
0.3366,89.9999648149779,90.0,0.0012453753685198912,-0.0007563208754449581,-1.624485288322806e-06,7.98989287907814e-08,11.999999999999904,-1.748458802141959e-06,-5.5152278307255764e-05,8.035957205375428e-12,8.035957205375428e-12,0.00041512512283996375,-1.4570490017849774e-07
0.33680000000000004,89.9999650631864,90.0,0.0012367100426668757,-0.0007511530867032284,-1.6134034950287915e-06,7.933529144517031e-08,11.999999999999904,-1.7366209914010371e-06,-5.4776044584310824e-05,7.927102404252836e-12,7.927102404252836e-12,0.0004122366808889585,-1.447184159500876e-07
0.337,89.99996530966773,90.0,0.0012281039250664379,-0.0007460197373472849,-1.6023953849819904e-06,7.877557613413253e-08,11.999999999999908,-1.7248610492182582e-06,-5.440231245309227e-05,7.81970247814508e-12,7.81970247814508e-12,0.000409367975022146,-1.437384207681893e-07
0.3372,89.99996555443374,90.0,0.0012195566211421892,-0.0007409206061363865,-1.5914604864770595e-06,7.821975604784403e-08,11.999999999999908,-1.7131784853061566e-06,-5.403106589891252e-05,7.713738303014732e-12,7.713738303014732e-12,0.0004065188737140631,-1.4276487377551415e-07
0.33740000000000003,89.99996579749613,90.0,0.0012110677388525457,-0.0007358554728821467,-1.5805983299764652e-06,7.766780457871014e-08,11.999999999999908,-1.701572811249181e-06,-5.3662288980682464e-05,7.609190993243876e-12,7.609190993243876e-12,0.00040368924628418184,-1.4179773427076618e-07
0.3376,89.99996603886655,90.0,0.0012026368886786443,-0.0007308241187869353,-1.569808448903006e-06,7.711969529247552e-08,11.999999999999911,-1.6900435416841902e-06,-5.329596585781811e-05,7.506041907985606e-12,7.506041907985606e-12,0.00040087896289288144,-1.4083696180701688e-07
0.3378,89.99996627855656,90.0,0.0011942636836084802,-0.0007258263267769984,-1.5590903804204264e-06,7.657540189933435e-08,11.999999999999911,-1.6785901954652977e-06,-5.293208081674287e-05,7.404272657046835e-12,7.404272657046835e-12,0.0003980878945361601,-1.3988251628877585e-07
0.338,89.99996651657766,90.0,0.0011859477391169566,-0.0007208618807640612,-1.548443663709461e-06,7.603489831171005e-08,11.999999999999911,-1.6672122931204126e-06,-5.2570618212358245e-05,7.303865078382013e-12,7.303865078382013e-12,0.0003953159130389855,-1.3893435776003543e-07
0.3382,89.99996675294125,90.0,0.0011776886731547625,-0.0007159305659850711,-1.5378678407633835e-06,7.549815861536542e-08,11.999999999999915,-1.655909358035702e-06,-5.2211562495053145e-05,7.204801244435417e-12,7.204801244435417e-12,0.0003925628910515875,-1.3799244650297614e-07
0.33840000000000003,89.99996698765868,90.0,0.001169486106133042,-0.0007110321689807885,-1.5273624563397254e-06,7.496515706940265e-08,11.999999999999915,-1.6446809163921721e-06,-5.185489820906476e-05,7.1070634588256696e-12,7.1070634588256696e-12,0.00038982870204434735,-1.3705674303268197e-07
0.3386,89.99996722074121,90.0,0.0011613396609087452,-0.0007061664779306085,-1.516927058744724e-06,7.443586807737342e-08,11.999999999999915,-1.6335264983355499e-06,-5.1500610019111e-05,7.010634262221977e-12,7.010634262221977e-12,0.00038711322030291504,-1.3612720819463012e-07
0.3388,89.99996745220002,90.0,0.0011532489627655343,-0.0007013332815600834,-1.5065611972814865e-06,7.391026627394859e-08,11.999999999999918,-1.6224456342058803e-06,-5.114868262375417e-05,6.9154964015243906e-12,6.9154964015243906e-12,0.00038441632092184476,-1.3520380285049095e-07
0.339,89.99996768204625,90.0,0.0011452136394075735,-0.0006965323709086097,-1.4962644263832819e-06,7.338832638046867e-08,11.999999999999918,-1.6114378606642028e-06,-5.079910089572871e-05,6.8216328725898844e-12,6.8216328725898844e-12,0.00038173787980252445,-1.3428648838868448e-07
0.3392,89.9999679102909,90.0,0.0011372333209333566,-0.0006917635375165287,-1.4860363013782814e-06,7.287002334939338e-08,11.999999999999918,-1.6005027144319246e-06,-5.0451849738151535e-05,6.7290268711686394e-12,6.7290268711686394e-12,0.00037907777364445223,-1.333752262026613e-07
0.33940000000000003,89.99996813694496,90.0,0.0011293076398294541,-0.0006870265741269364,-1.4758763801310078e-06,7.235533230652181e-08,11.99999999999992,-1.589639734725901e-06,-5.010691414025027e-05,6.637661808486789e-12,6.637661808486789e-12,0.00037643587994315144,-1.3246997789382598e-07
0.3396,89.9999683620193,90.0,0.0011214362309570965,-0.0006823212753774945,-1.4657842246612237e-06,7.184422849321263e-08,11.999999999999922,-1.5788484656638832e-06,-4.97642792323255e-05,6.547521325902223e-12,6.547521325902223e-12,0.0003738120769856988,-1.3157070547199113e-07
0.3398,89.99996858552475,90.0,0.0011136187315304396,-0.0006776474367042695,-1.4557593985837895e-06,7.133668735305379e-08,11.999999999999922,-1.5681284524831969e-06,-4.942393019883237e-05,6.458589264861087e-12,6.458589264861087e-12,0.0003712062438434798,-1.3067737104026725e-07
0.34,89.99996880747206,90.0,0.0011058547811072209,-0.0006730048550392274,-1.445801468740373e-06,7.08326844740827e-08,11.999999999999924,-1.5574792439630313e-06,-4.90858523337781e-05,6.3708496818411826e-12,6.3708496818411826e-12,0.00036861826036907366,-1.297899369969201e-07
0.3402,89.9999690278719,90.0,0.0010981440215718132,-0.0006683933280760307,-1.4359100034849546e-06,7.03321956465661e-08,11.999999999999925,-1.5469003898934027e-06,-4.8750030982513896e-05,6.284286827847224e-12,6.284286827847224e-12,0.00036604800719060445,-1.2890836582445103e-07
0.34040000000000004,89.99996924673486,90.0,0.0010904860971263494,-0.0006638126556787313,-1.426084575978152e-06,6.983519674744039e-08,11.999999999999925,-1.5363914459603253e-06,-4.841645165357924e-05,6.198885180359271e-12,6.198885180359271e-12,0.0003634953657087831,-1.2803262049669458e-07
0.3406,89.9999694640715,90.0,0.001082880654266022,-0.0006592626377156545,-1.416324759126033e-06,6.934166391365099e-08,11.999999999999925,-1.525951966260811e-06,-4.80850998468715e-05,6.1146293882651205e-12,6.1146293882651205e-12,0.00036096021808867403,-1.2716266385506839e-07
0.3408,89.99996967989226,90.0,0.0010753273417788652,-0.0006547430765459927,-1.4066301313934048e-06,6.885157333992319e-08,11.999999999999929,-1.5155815119152643e-06,-4.775596125101066e-05,6.0315043296478285e-12,6.0315043296478285e-12,0.0003584424472596218,-1.2629845932627278e-07
0.341,89.99996989420754,90.0,0.001067825810717381,-0.0006502537748485616,-1.3970002717310601e-06,6.836490145210142e-08,11.999999999999929,-1.5052796435672882e-06,-4.742902157111624e-05,5.949495057109625e-12,5.949495057109625e-12,0.00035594193690579364,-1.2543997029727475e-07
0.3412,89.99997010702765,90.0,0.0010603757143947056,-0.0006457945366822619,-1.3874347620554137e-06,6.788162482047959e-08,11.999999999999929,-1.495045925059245e-06,-4.710426661299244e-05,5.868586821054918e-12,5.868586821054918e-12,0.0003534585714649019,-1.2458716042160448e-07
0.34140000000000004,89.99997031836284,90.0,0.0010529767083689188,-0.0006413651674641676,-1.3779331871990851e-06,6.740172015980108e-08,11.99999999999993,-1.4848799233673382e-06,-4.6781682281450424e-05,5.788765066756305e-12,5.788765066756305e-12,0.00035099223612297296,-1.2373999361394557e-07
0.3416,89.99997052822333,90.0,0.0010456284504275276,-0.0006369654739478655,-1.3684951348620507e-06,6.69251643292588e-08,11.999999999999932,-1.474781208537446e-06,-4.646125457864987e-05,5.710015431472299e-12,5.710015431472299e-12,0.0003485428168091759,-1.2289843404478785e-07
0.3418,89.99997073661918,90.0,0.0010383306005719314,-0.0006325952634912192,-1.3591201939015824e-06,6.645193439027487e-08,11.999999999999932,-1.4647493511599072e-06,-4.6142969546041386e-05,5.632323725262988e-12,5.632323725262988e-12,0.0003461102001906438,-1.2206244592999297e-07
0.342,89.99997094356048,90.0,0.0010310828210107427,-0.0006282543454681287,-1.3498079576334916e-06,6.598200749094117e-08,11.999999999999932,-1.4547839272637824e-06,-4.582681337644571e-05,5.555675961480875e-12,5.555675961480875e-12,0.00034369427367024756,-1.212319939386492e-07
0.3422,89.9999711490572,90.0,0.0010238847761365377,-0.0006239425298149831,-1.3405580204366445e-06,6.55153609815788e-08,11.999999999999934,-1.444884513298795e-06,-4.5512772298774974e-05,5.480058320982893e-12,5.480058320982893e-12,0.0003412949253788459,-1.2040704277490025e-07
0.34240000000000004,89.99997135311925,90.0,0.0010167361325195577,-0.0006196596277324091,-1.331369979394268e-06,6.505197235695834e-08,11.999999999999936,-1.435050688570223e-06,-4.520083263375601e-05,5.40545716625161e-12,5.40545716625161e-12,0.00033891204417318586,-1.1958755738085257e-07
0.3426,89.99997155575649,90.0,0.001009636558893075,-0.0006154054520201091,-1.322243435078436e-06,6.459181922741003e-08,11.999999999999936,-1.4252820364088372e-06,-4.489098082056419e-05,5.331859046693677e-12,5.331859046693677e-12,0.000336545519631025,-1.1877350303407039e-07
0.3428,89.99997175697868,90.0,0.0010025857261350454,-0.000611179815985428,-1.3131779890005864e-06,6.41348794054933e-08,11.999999999999936,-1.4155781404035817e-06,-4.4583203330266825e-05,5.259250671957851e-12,5.259250671957851e-12,0.0003341952420450152,-1.1796484503363244e-07
0.343,89.99997195679553,90.0,0.0009955833072624854,-0.0006069825341460471,-1.304173245254959e-06,6.36811308482171e-08,11.999999999999938,-1.4059385868392743e-06,-4.4277486721618985e-05,5.187618925849005e-12,5.187618925849005e-12,0.0003318611024208284,-1.1716154890327346e-07
0.3432,89.99997215521674,90.0,0.0009886289774174572,-0.0006028134229209565,-1.2952288121355967e-06,6.323055159926004e-08,11.99999999999994,-1.3963629670995665e-06,-4.397381769596162e-05,5.1169508793857246e-12,5.1169508793857246e-12,0.0003295429924724857,-1.1636358059163113e-07
0.34340000000000004,89.99997235225183,90.0,0.0009817224138453052,-0.000598672298823712,-1.2863442979149734e-06,6.278311993341998e-08,11.99999999999994,-1.3868508714245617e-06,-4.367218295390342e-05,5.047233748886179e-12,5.047233748886179e-12,0.0003272408046151018,-1.1557090595204739e-07
0.3436,89.99997254791036,90.0,0.0009748632958936708,-0.0005945589805926858,-1.277519315824302e-06,6.23388141832745e-08,11.99999999999994,-1.3774018962895724e-06,-4.3372569364405325e-05,4.978454940790267e-12,4.978454940790267e-12,0.00032495443196455697,-1.1478349135746495e-07
0.3438,89.99997274220179,90.0,0.0009680513049867524,-0.0005904732870235011,-1.2687534789890732e-06,6.189761291252037e-08,11.99999999999994,-1.3680156369158142e-06,-4.307496379283891e-05,4.910602002348871e-12,4.910602002348871e-12,0.00032268376832891746,-1.1400130307631843e-07
0.34400000000000003,89.99997293513549,90.0,0.0009612861246250174,-0.0005864150387449847,-1.2600464045809898e-06,6.145949477152405e-08,11.999999999999943,-1.3586916934215764e-06,-4.277935324194719e-05,4.8436626583151094e-12,4.8436626583151094e-12,0.0003204287082083392,-1.1322430778513191e-07
0.3442,89.99997312672082,90.0,0.0009545674403639258,-0.0005823840571236459,-1.2513977112592627e-06,6.10244385839914e-08,11.999999999999943,-1.3494296670427903e-06,-4.248572476497497e-05,4.7776247853060055e-12,4.7776247853060055e-12,0.00031818914678797525,-1.1245247225356639e-07
0.34440000000000004,89.99997331696702,90.0,0.0009478949398055255,-0.0005783801649624849,-1.242807020805287e-06,6.059242328918782e-08,11.999999999999943,-1.3402291625592162e-06,-4.2194065521167156e-05,4.712476424866902e-12,4.712476424866902e-12,0.00031596497993517517,-1.1168576354660189e-07
0.3446,89.9999735058833,90.0,0.00094126831258209,-0.0005744031857676029,-1.2342739564099775e-06,6.016342799971815e-08,11.999999999999943,-1.3310897857658084e-06,-4.190436271762269e-05,4.648205766037782e-12,4.648205766037782e-12,0.00031375610419403003,-1.1092414881381789e-07
0.3448,89.99997369347881,90.0,0.0009346872503479142,-0.0005704529444472905,-1.225798144309075e-06,5.973743194374676e-08,11.999999999999945,-1.3220111458997276e-06,-4.161660366481428e-05,4.584801158281348e-12,4.584801158281348e-12,0.00031156241678263806,-1.1016759549164447e-07
0.34500000000000003,89.99997387976263,90.0,0.0009281514467633688,-0.0005665292669344915,-1.2173792129023651e-06,5.9314414493887545e-08,11.999999999999947,-1.312992854343908e-06,-4.133077574668524e-05,4.522251101657371e-12,4.522251101657371e-12,0.0003093838155877896,-1.0941607119532615e-07
0.3452,89.9999740647438,90.0,0.0009216605974831107,-0.0005626319801703417,-1.2090167927165546e-06,5.889435516720384e-08,11.999999999999947,-1.3040345245782893e-06,-4.10468664193892e-05,4.460544244719749e-12,4.460544244719749e-12,0.00030722019916103687,-1.0866954371485792e-07
0.34540000000000004,89.99997424843127,90.0,0.0009152144001446019,-0.0005587609124434096,-1.2007105171996884e-06,5.847723359631861e-08,11.999999999999947,-1.2951357733627984e-06,-4.076486323826103e-05,4.399669389676179e-12,4.399669389676179e-12,0.0003050714667148673,-1.0792798111356701e-07
0.3456,89.99997443083393,90.0,0.0009088125543525727,-0.0005549158926574605,-1.1924600210110882e-06,5.8063029587194183e-08,11.999999999999947,-1.2862962182121374e-06,-4.048475379975917e-05,4.339615475656659e-12,4.339615475656659e-12,0.00030293751811752423,-1.071913515176786e-07
0.3458,89.99997461196062,90.0,0.0009024547616720203,-0.0005510967510322226,-1.1842649416604416e-06,5.7651723061352456e-08,11.999999999999948,-1.2775154798277634e-06,-4.020652579711376e-05,4.280371591325613e-12,4.280371591325613e-12,0.00030081825389067346,-1.0645962331898073e-07
0.34600000000000003,89.99997479182014,90.0,0.0008961407256131046,-0.000547303318727027,-1.1761249186296746e-06,5.724329408476483e-08,11.99999999999995,-1.2687931808049412e-06,-3.993016699051365e-05,4.221926965497207e-12,4.221926965497207e-12,0.00029871357520436817,-1.0573276506707887e-07
0.3462,89.9999749704212,90.0,0.0008898701516203811,-0.0005435354281810455,-1.1680395941696153e-06,5.6837722838962285e-08,11.99999999999995,-1.2601289468186768e-06,-3.965566523415361e-05,4.164270972242351e-12,4.164270972242351e-12,0.0002966233838734604,-1.050107455682235e-07
0.34640000000000004,89.99997514777246,90.0,0.0008836427470582824,-0.0005397929123824752,-1.1600086115931394e-06,5.6434989678815164e-08,11.99999999999995,-1.2515224041027177e-06,-3.93830084182856e-05,4.107393114704214e-12,4.107393114704214e-12,0.00029454758235276083,-1.042935336752269e-07
0.3466,89.99997532388251,90.0,0.0008774582212046062,-0.0005360756059252614,-1.1520316177463698e-06,5.6035075045863544e-08,11.99999999999995,-1.2429731831140295e-06,-3.91121845531175e-05,4.051283044377669e-12,4.051283044377669e-12,0.0002924860737348687,-1.0358109859283622e-07
0.3468,89.99997549875994,90.0,0.0008713162852323106,-0.0005323833442731347,-1.1441082612902157e-06,5.5637959526096937e-08,11.999999999999952,-1.2344809159965494e-06,-3.8843181710470286e-05,3.99593054484683e-12,3.99593054484683e-12,0.0002904387617441035,-1.0287340966637953e-07
0.34700000000000003,89.99997567241319,90.0,0.000865216652199376,-0.0005287159637454579,-1.1362381926684505e-06,5.5243623849954354e-08,11.999999999999954,-1.2260452365392542e-06,-3.857598802269431e-05,3.941325530001655e-12,3.941325530001655e-12,0.0002884055507331253,-1.0217043637827157e-07
0.3472,89.99997584485072,90.0,0.0008591590370390499,-0.0005250733018588737,-1.1284210649075586e-06,5.4852048863434406e-08,11.999999999999954,-1.217665781366272e-06,-3.831059170982452e-05,3.8874580490789895e-12,3.8874580490789895e-12,0.0002863863456796833,-1.0147214844718973e-07
0.34740000000000004,89.99997601608092,90.0,0.0008531431565463455,-0.0005214551969531845,-1.1206565327436574e-06,5.446321555698517e-08,11.999999999999954,-1.2093421886505697e-06,-3.8046981049938994e-05,3.834318277873346e-12,3.834318277873346e-12,0.0002843810521821152,-1.007785157208812e-07
0.3476,89.99997618611208,90.0,0.0008471687293682444,-0.0005178614885329421,-1.1129442534222106e-06,5.4077105036614315e-08,11.999999999999954,-1.2010740993038902e-06,-3.778514440630962e-05,3.781896523739661e-12,3.781896523739661e-12,0.00028238957645608146,-1.0008950827532457e-07
0.3478,89.99997635495245,90.0,0.0008412354759906168,-0.0005142920168939144,-1.1052838858262761e-06,5.3693698552778996e-08,11.999999999999954,-1.192861155692184e-06,-3.7525070197805675e-05,3.730183216965415e-12,3.730183216965415e-12,0.0002804118253302056,-9.940509630768238e-08
0.34800000000000003,89.99997652261028,90.0,0.0008353431187290336,-0.0005107466238207998,-1.0976750921087111e-06,5.331297744260605e-08,11.999999999999956,-1.184703004058542e-06,-3.72667469543081e-05,3.679168922354874e-12,3.679168922354874e-12,0.00027844770624301115,-9.87252503382122e-08
0.3482,89.99997668909369,90.0,0.0008294913817118754,-0.0005072251514978282,-1.0901175351472786e-06,5.293492321656169e-08,11.999999999999957,-1.176599290761913e-06,-3.701016323030885e-05,3.6288443173136812e-12,3.6288443173136812e-12,0.0002764971272372918,-9.804994089682643e-08
0.34840000000000004,89.99997685441079,90.0,0.0008236799908754368,-0.0005037274435677388,-1.0826108810209342e-06,5.255951747178184e-08,11.999999999999957,-1.168549665948263e-06,-3.6755307688982335e-05,3.5792002101488405e-12,3.5792002101488405e-12,0.00027455999695847895,-9.737913882902227e-08
0.3486,89.99997701856962,90.0,0.0008179086739475548,-0.00050025334439838,-1.0751547972971427e-06,5.218674194985188e-08,11.999999999999957,-1.1605537810219207e-06,-3.65021690440388e-05,3.530227524963391e-12,3.530227524963391e-12,0.0002726362246491849,-9.67128150851604e-08
0.3488,89.99997718157819,90.0,0.0008121771604391534,-0.0004968026994261734,-1.0677489538358163e-06,5.181657850791679e-08,11.999999999999957,-1.1526112898410617e-06,-3.625073608701846e-05,3.481917306578868e-12,3.481917306578868e-12,0.00027072572014638445,-9.605094082008881e-08
0.34900000000000003,89.99997734344439,90.0,0.0008064851816319741,-0.0004933753547837118,-1.0603930219201141e-06,5.144900914757105e-08,11.999999999999957,-1.1447218474364932e-06,-3.600099765778166e-05,3.4342607123644025e-12,3.4342607123644025e-12,0.0002688283938773247,-9.539348728637478e-08
0.3492,89.99997750417612,90.0,0.0008008324705706235,-0.0004899711579991971,-1.053086675892535e-06,5.1084015957078784e-08,11.99999999999996,-1.136885112439695e-06,-3.575294270005521e-05,3.387249023466865e-12,3.387249023466865e-12,0.0002669441568568745,-9.474042603664158e-08
0.34940000000000004,89.99997766378121,90.0,0.0007952187620465552,-0.0004865899572635338,-1.045829591443346e-06,5.0721581169153636e-08,11.999999999999961,-1.1291007445556247e-06,-3.5506560203323476e-05,3.340873630181815e-12,3.340873630181815e-12,0.00026507292068218504,-9.409172871296903e-08
0.3496,89.99997782226744,90.0,0.0007896437925905991,-0.0004832316017751681,-1.0386214464176222e-06,5.036168713206883e-08,11.999999999999961,-1.1213684057622808e-06,-3.5261839230227914e-05,3.2951260368205544e-12,3.2951260368205544e-12,0.0002632145975301997,-9.344736714685703e-08
0.3498,89.99997797964252,90.0,0.0007841073004612934,-0.0004798959417237959,-1.0314619207785062e-06,5.0004316309657164e-08,11.999999999999961,-1.1136877602624386e-06,-3.5018768915319656e-05,3.249997860037532e-12,3.249997860037532e-12,0.00026136910015376447,-9.280731335520352e-08
0.35000000000000003,89.99997813591412,90.0,0.0007786090256335742,-0.00047658282827457276,-1.024350696571598e-06,4.9649451281311035e-08,11.999999999999961,-1.1060584744368719e-06,-3.477733846385055e-05,3.205480827191784e-12,3.205480827191784e-12,0.0002595363418778581,-9.21715395364063e-08
0.3502,89.99997829108986,90.0,0.0007731487097875496,-0.00047329211319716474,-1.017287457059029e-06,4.9297074770872316e-08,11.999999999999961,-1.0984802155674323e-06,-3.453753712237444e-05,3.1615667686128498e-12,3.1615667686128498e-12,0.00025771623659584986,-9.154001796395299e-08
0.3504,89.99997844517732,90.0,0.0007677260963016448,-0.0004700236499219946,-1.0102718891895908e-06,4.8947169559962674e-08,11.999999999999963,-1.0909526555001235e-06,-3.429935426260957e-05,3.1182476345611256e-12,3.1182476345611256e-12,0.00025590869876721494,-9.091272129167725e-08
0.3506,89.999978598184,90.0,0.0007623409302335723,-0.0004667772920925839,-1.0033036802165325e-06,4.859971860354315e-08,11.999999999999964,-1.0834754656444861e-06,-3.406277926661068e-05,3.075515468919705e-12,3.075515468919705e-12,0.00025411364341119074,-9.028962213704077e-08
0.3508,89.99997875011735,90.0,0.0007569929583178157,-0.0004635528942725827,-9.963825193507778e-07,4.825470497213439e-08,11.999999999999964,-1.076048319424139e-06,-3.382780158289678e-05,3.0333624202574517e-12,3.0333624202574517e-12,0.00025233098610593854,-8.967069328534518e-08
0.35100000000000003,89.99997890098481,90.0,0.0007516819289552092,-0.0004603503126417628,-9.895080993892483e-07,4.791211179403681e-08,11.999999999999964,-1.068670894694618e-06,-3.359441078173374e-05,2.9917807522378354e-12,2.9917807522378354e-12,0.0002505606429850698,-8.905590789121843e-08
0.3512,89.99997905079373,90.0,0.000746407592194271,-0.00045716940354886826,-9.826801133338088e-07,4.757192237089021e-08,11.999999999999964,-1.06134286874427e-06,-3.3362596440345365e-05,2.9507628178961356e-12,2.9507628178961356e-12,0.00024880253073142366,-8.844523906202276e-08
0.3514,89.99997919955143,90.0,0.000741169699729413,-0.00045401002457493136,-9.758982568773407e-07,4.7234120091004105e-08,11.999999999999964,-1.0540639219782717e-06,-3.313234822731713e-05,2.9103010764029856e-12,2.9103010764029856e-12,0.000247056566576471,-8.783866016485623e-08
0.3516,89.99997934726517,90.0,0.0007359680048866993,-0.00045087203415811357,-9.691622275283201e-07,4.6898688458247546e-08,11.999999999999964,-1.0468337366292344e-06,-3.290365587287507e-05,2.8703880855136966e-12,2.8703880855136966e-12,0.0002453226682955664,-8.723614471910312e-08
0.3518,89.99997949394216,90.0,0.0007308022626140471,-0.000447755291580026,-9.624717245799707e-07,4.656561109204923e-08,11.999999999999966,-1.0396519967166849e-06,-3.267650916783851e-05,2.8310165001728716e-12,2.8310165001728716e-12,0.00024360075420468236,-8.663766639305732e-08
0.35200000000000004,89.99997963958958,90.0,0.0007256722294717337,-0.000444659657307745,-9.558264499109345e-07,4.6234871698507485e-08,11.999999999999966,-1.0325183892382587e-06,-3.2450897990803336e-05,2.79217907689995e-12,2.79217907689995e-12,0.00024189074315724457,-8.604319910318847e-08
0.3522,89.99997978421455,90.0,0.0007205776636185428,-0.00044158499226392567,-9.492261062805122e-07,4.5906454128170174e-08,11.999999999999968,-1.0254326016514547e-06,-3.222681225026431e-05,2.753868660726799e-12,2.753868660726799e-12,0.0002401925545395143,-8.545271680428812e-08
0.3524,89.99997992782411,90.0,0.0007155183248068131,-0.00043853115853043165,-9.426703989742097e-07,4.5580342318254814e-08,11.999999999999968,-1.018394324314097e-06,-3.200424194048243e-05,2.716078195513548e-12,2.716078195513548e-12,0.0002385061082689377,-8.486619369284164e-08
0.3526,89.99998007042531,90.0,0.0007104939743688365,-0.00043549801861880104,-9.361590340997706e-07,4.5256520350428415e-08,11.999999999999968,-1.0114032479671284e-06,-3.178317708363419e-05,2.6788007110918424e-12,2.6788007110918424e-12,0.00023683132478961213,-8.428360399726093e-08
0.3528,89.99998021202512,90.0,0.0007055043752123016,-0.0004324854365296977,-9.296917210645333e-07,4.4934972364137786e-08,11.999999999999968,-1.0044590674071759e-06,-3.156360781391934e-05,2.6420293390646128e-12,2.6420293390646128e-12,0.0002351681250707672,-8.370492228393155e-08
0.35300000000000004,89.99998035263046,90.0,0.0007005492918030099,-0.0004294932766629641,-9.232681700293007e-07,4.461568264327921e-08,11.999999999999968,-9.975614777236413e-07,-3.1345524291118237e-05,2.605757294322524e-12,2.605757294322524e-12,0.00023351643060100328,-8.3130123143637e-08
0.3532,89.99998049224821,90.0,0.0006956284901603006,-0.0004265214045217769,-9.168880935550705e-07,4.429863555841867e-08,11.999999999999968,-9.907101767407197e-07,-3.112891675649931e-05,2.5699778851315556e-12,2.5699778851315556e-12,0.00023187616338676687,-8.255918139506019e-08
0.3534,89.9999806308852,90.0,0.0006907417378445306,-0.0004235696863398946,-9.105512057330451e-07,4.3983815595681726e-08,11.99999999999997,-9.839048637351411e-07,-3.09137755032824e-05,2.5346845061746577e-12,2.5346845061746577e-12,0.00023024724594817686,-8.199207197792863e-08
0.3536,89.99998076854824,90.0,0.0006858888039485799,-0.0004206379894250661,-9.042572229884479e-07,4.367120732786362e-08,11.99999999999997,-9.771452406315005e-07,-3.070009090392879e-05,2.499870642810709e-12,2.499870642810709e-12,0.0002286296013161933,-8.142877005262524e-08
0.3538,89.99998090524404,90.0,0.0006810694590854959,-0.0004177261814312385,-8.980058623804813e-07,4.336079547220911e-08,11.999999999999972,-9.704310094902057e-07,-3.048785335242375e-05,2.4655298588318335e-12,2.4655298588318335e-12,0.00022702315302849864,-8.086925079085067e-08
0.35400000000000004,89.9999810409793,90.0,0.0006762834753848442,-0.00041483413141927487,-8.917968440825426e-07,4.3052564803742696e-08,11.999999999999972,-9.637618761838004e-07,-3.0277053348481386e-05,2.4316558117041256e-12,2.4316558117041256e-12,0.00022542782512828137,-8.031348968198356e-08
0.3542,89.9999811757607,90.0,0.0006715306264762195,-0.0004119617087681171,-8.856298888385946e-07,4.2746500241938416e-08,11.999999999999972,-9.57137546637339e-07,-3.0067681411186857e-05,2.398242234914715e-12,2.398242234914715e-12,0.00022384354215873982,-7.976146221977845e-08
0.3544,89.9999813095948,90.0,0.0006668106874857968,-0.0004091087838805134,-8.795047196134438e-07,4.2442586792939946e-08,11.999999999999972,-9.505577292750657e-07,-2.9859728135024327e-05,2.365282947733299e-12,2.365282947733299e-12,0.00022227022916193224,-7.921314410625567e-08
0.3546,89.99998144248818,90.0,0.0006621234350245992,-0.00040627522816663673,-8.734210615557962e-07,4.214080954956069e-08,11.999999999999972,-9.440221349718833e-07,-2.9653184188622713e-05,2.3327718538715145e-12,2.3327718538715145e-12,0.0002207078116748664,-7.866851124765712e-08
0.3548,89.99998157444736,90.0,0.0006574686471768316,-0.0004034609136725245,-8.673786411309535e-07,4.184115372017362e-08,11.999999999999972,-9.375304757746231e-07,-2.9448040285310152e-05,2.3007029349430964e-12,2.3007029349430964e-12,0.00021915621572561055,-7.812753964788545e-08
0.35500000000000004,89.9999817054788,90.0,0.0006528461034927653,-0.0004006657134254148,-8.613771869289769e-07,4.154360459982141e-08,11.999999999999972,-9.310824661030875e-07,-2.9244287210551687e-05,2.2690702546189595e-12,2.2690702546189595e-12,0.00021761536783092175,-7.75902055085908e-08
0.3552,89.99998183558895,90.0,0.0006482555849773719,-0.00039788950106260526,-8.554164287983267e-07,4.1248147599106295e-08,11.999999999999973,-9.246778214725574e-07,-2.9041915792535788e-05,2.2378679522026257e-12,2.2378679522026257e-12,0.00021608519499245727,-7.705648512271329e-08
0.3554,89.99998196478418,90.0,0.0006436968740834065,-0.0003951321511770665,-8.494960986546519e-07,4.095476821530023e-08,11.999999999999973,-9.183162596956563e-07,-2.8840916929633246e-05,2.207090246751166e-12,2.207090246751166e-12,0.00021456562469446885,-7.652635497463819e-08
0.3556,89.99998209307083,90.0,0.0006391697547003337,-0.000392393538946708,-8.436159296153491e-07,4.0663452061234735e-08,11.999999999999975,-9.11997499606068e-07,-2.8641281561014943e-05,2.1767314307632555e-12,2.1767314307632555e-12,0.0002130565849001112,-7.599979163383916e-08
0.3558,89.99998222045518,90.0,0.000634674012147845,-0.0003896735404805996,-8.377756568097214e-07,4.037418483641103e-08,11.999999999999975,-9.057212622621968e-07,-2.844300069415721e-05,2.146785874269722e-12,2.146785874269722e-12,0.00021155800404928164,-7.547677185518323e-08
0.35600000000000004,89.9999823469435,90.0,0.0006302094331649686,-0.00038697203244849264,-8.319750165141139e-07,4.0086952355889924e-08,11.999999999999975,-8.994872696716442e-07,-2.8246065375479177e-05,2.117248018629715e-12,2.117248018629715e-12,0.00021006981105498954,-7.495727247263717e-08
0.3562,89.999982472542,90.0,0.0006257758059038397,-0.0003842888927826661,-8.262137477934383e-07,3.9801740492512003e-08,11.999999999999975,-8.932952472263876e-07,-2.8050466746073527e-05,2.088112385562447e-12,2.088112385562447e-12,0.00020859193530127992,-7.444127060219912e-08
0.3564,89.99998259725685,90.0,0.000621372919914965,-0.0003816239999468073,-8.204915907936314e-07,3.951853523467745e-08,11.999999999999975,-8.871449211808781e-07,-2.7856195983734404e-05,2.059373565865767e-12,2.059373565865767e-12,0.00020712430663832163,-7.392874343173999e-08
0.35660000000000003,89.99998272109418,90.0,0.0006170005661414742,-0.00037897723292798806,-8.14808286723558e-07,3.9237322686346045e-08,11.999999999999975,-8.81036018628268e-07,-2.766324430234302e-05,2.0310262185397884e-12,2.0310262185397884e-12,0.0002056668553804914,-7.341966821902248e-08
0.3568,89.99998284406006,90.0,0.0006126585369129037,-0.0003763484715832539,-8.091635786660013e-07,3.8958089038147236e-08,11.999999999999975,-8.74968268705164e-07,-2.747160297940128e-05,2.003065074786868e-12,2.003065074786868e-12,0.0002042195123043012,-7.291402239209715e-08
0.35700000000000004,89.99998296616054,90.0,0.0006083466259353,-0.0003737375969810788,-8.035572123770709e-07,3.868082053849027e-08,11.999999999999975,-8.689414037811636e-07,-2.7281263383172164e-05,1.9754849417581105e-12,1.9754849417581105e-12,0.0002027822086451,-7.241178364843045e-08
0.3572,89.99998308740165,90.0,0.0006040646282772648,-0.00037114449067133734,-7.97988934581123e-07,3.840550355134399e-08,11.999999999999977,-8.629551569401886e-07,-2.7092216914791214e-05,1.9482806916301106e-12,1.9482806916301106e-12,0.00020135487609242161,-7.191292974501585e-08
0.3574,89.99998320778933,90.0,0.0005998123403645367,-0.00036856903467773856,-7.924584929536959e-07,3.813212455623683e-08,11.999999999999977,-8.570092619580671e-07,-2.690445500768721e-05,1.9214472607935067e-12,1.9214472607935067e-12,0.0001999374467881789,-7.141743849650574e-08
0.35760000000000003,89.99998332732949,90.0,0.000595589559974463,-0.0003660111122006511,-7.869656377652442e-07,3.7860670090476994e-08,11.999999999999979,-8.51103455740616e-07,-2.671796918338792e-05,1.8949796585293984e-12,1.8949796585293984e-12,0.00019852985332482098,-7.09252879783848e-08
0.3578,89.99998344602804,90.0,0.000591396086222663,-0.0003634706068879386,-7.81510120178004e-07,3.759112680693228e-08,11.999999999999979,-8.452374758075282e-07,-2.653275099369767e-05,1.8688729563452285e-12,1.8688729563452285e-12,0.0001971320287408877,-7.043645631729414e-08
0.35800000000000004,89.9999835638908,90.0,0.0005872317195577299,-0.0003609474031828323,-7.760916930598753e-07,3.732348144514019e-08,11.999999999999979,-8.394110615009237e-07,-2.63487920483291e-05,1.843122291879589e-12,1.843122291879589e-12,0.00019574390651924334,-6.995092179174377e-08
0.3582,89.99998368092356,90.0,0.0005830962617523112,-0.0003584413863114786,-7.707101109563401e-07,3.70577208313079e-08,11.999999999999979,-8.336239539484615e-07,-2.6166084013949823e-05,1.8177228679213766e-12,1.8177228679213766e-12,0.0001943654205841037,-6.946866282903858e-08
0.3584,89.99998379713212,90.0,0.0005789895158939906,-0.0003559524422702073,-7.653651300617494e-07,3.67938318783123e-08,11.999999999999979,-8.278758960256189e-07,-2.598461861320754e-05,1.7926699514411003e-12,1.7926699514411003e-12,0.00019299650529799685,-6.898965800213503e-08
0.35860000000000003,89.99998391252217,90.0,0.0005749112863764629,-0.00035348045781320844,-7.600565081915308e-07,3.653180158569992e-08,11.999999999999979,-8.221666323191844e-07,-2.5804387623786542e-05,1.7679588726422883e-12,1.7679588726422883e-12,0.00019163709545882095,-6.851388602659882e-08
0.3588,89.9999840270994,90.0,0.0005708613788908981,-0.00035102532044047573,-7.547840047549998e-07,3.627161703968703e-08,11.999999999999979,-8.164959090915399e-07,-2.5625382877484562e-05,1.7435850240308812e-12,1.7435850240308812e-12,0.00019028712629696603,-6.804132575762844e-08
0.35900000000000004,89.99998414086947,90.0,0.0005668396004173708,-0.0003485869180305676,-7.495473798977998e-07,3.6013265442049457e-08,11.999999999999979,-8.108634730147327e-07,-2.5447596231098143e-05,1.7195438549854082e-12,1.7195438549854082e-12,0.00018894653347245694,-6.757195608456117e-08
0.3592,89.999984253838,90.0,0.0005628457592206692,-0.00034616513990056927,-7.443463969804122e-07,3.575673402345295e-08,11.999999999999979,-8.052690748445561e-07,-2.527101965056955e-05,1.6958308845327314e-12,1.6958308845327314e-12,0.00018761525307355636,-6.710575623704647e-08
0.3594,89.99998436601051,90.0,0.0005588796648335411,-0.0003437598750063442,-7.391808183725587e-07,3.5502010187902605e-08,11.999999999999979,-7.997124631988893e-07,-2.5095645068204154e-05,1.6724416777548863e-12,1.6724416777548863e-12,0.00018629322161118036,-6.664270526657422e-08
0.35960000000000003,89.99998447739257,90.0,0.0005549411280611274,-0.00034137101408035107,-7.340504104505706e-07,3.5249081339403544e-08,11.99999999999998,-7.941933919588649e-07,-2.492146455233419e-05,1.6493718721167448e-12,1.6493718721167448e-12,0.00018498037602037581,-6.618278266323885e-08
0.3598,89.99998458798966,90.0,0.0005510299609603349,-0.0003389984478264866,-7.289549393795939e-07,3.499793502641035e-08,11.99999999999998,-7.887116140311845e-07,-2.474847016412202e-05,1.6266171539956103e-12,1.6266171539956103e-12,0.000183676653653445,-6.572596783593215e-08
0.36000000000000004,89.99998469780722,90.0,0.0005471459768403098,-0.000336642067986561,-7.238941736067886e-07,3.474855885515742e-08,11.99999999999998,-7.832668850414971e-07,-2.4576654042205787e-05,1.6041732713650898e-12,1.6041732713650898e-12,0.00018238199228010326,-6.527224042012486e-08
0.3602,89.99998480685069,90.0,0.0005432889902505688,-0.00033430176696845463,-7.188678829933836e-07,3.450094051854884e-08,11.999999999999982,-7.778589620548282e-07,-2.440600837323216e-05,1.5820360284253203e-12,1.5820360284253203e-12,0.00018109633008352294,-6.482158017123578e-08
0.3604,89.99998491512545,90.0,0.0005394588169732689,-0.000331977437835324,-7.138758387903369e-07,3.4255067796158365e-08,11.999999999999982,-7.724876035436059e-07,-2.4236525391029957e-05,1.560201284795043e-12,1.560201284795043e-12,0.00017981960565775632,-6.437396696196726e-08
0.36060000000000003,89.99998502263684,90.0,0.0005356552740158453,-0.00032966897429532235,-7.08917813615151e-07,3.401092855422945e-08,11.999999999999982,-7.671525693572031e-07,-2.4068197375823033e-05,1.5386649547215801e-12,1.5386649547215801e-12,0.00017855175800528174,-6.392938077976702e-08
0.3608,89.99998512939015,90.0,0.0005318781796034241,-0.00032737627069100676,-7.039935814279854e-07,3.376851074567525e-08,11.999999999999982,-7.618536206905601e-07,-2.3901016653419258e-05,1.5174230062994052e-12,1.5174230062994052e-12,0.00017729272653447468,-6.348780172421343e-08
0.36100000000000004,89.9999852353907,90.0,0.0005281273531717245,-0.0003250992223446977,-6.991029183398707e-07,3.35278023811887e-08,11.999999999999982,-7.565905212852893e-07,-2.3734975622649932e-05,1.496471464919531e-12,1.496471464919531e-12,0.0001760424510572415,-6.304921010710753e-08
0.3612,89.99998534064368,90.0,0.0005244026153557825,-0.00032283772483219234,-6.942456009160654e-07,3.3288791587022325e-08,11.999999999999982,-7.513630349220896e-07,-2.3570066697767653e-05,1.4758064039459004e-12,1.4758064039459004e-12,0.00017480087178526084,-6.261358624350756e-08
0.3614,89.9999854451543,90.0,0.0005207037879869725,-0.00032059167468914945,-6.894214078278168e-07,3.3051466547208456e-08,11.999999999999982,-7.461709278693733e-07,-2.3406282364524648e-05,1.4554239524924942e-12,1.4554239524924942e-12,0.00017356792932899084,-6.21809106557812e-08
0.36160000000000003,89.99998554892773,90.0,0.0005170306940821064,-0.00031836096904059577,-6.84630118987463e-07,3.2815815532449084e-08,11.999999999999982,-7.410139676076967e-07,-2.324361515080893e-05,1.4353202903706103e-12,1.4353202903706103e-12,0.00017234356469403547,-6.175116396730815e-08
0.3618,89.99998565196908,90.0,0.0005133831578367043,-0.00031614550523626026,-6.798715146966768e-07,3.258182692900581e-08,11.999999999999982,-7.358919215714567e-07,-2.3082057597726685e-05,1.415491643284513e-12,1.415491643284513e-12,0.00017112771927890142,-6.132432679762148e-08
0.36200000000000004,89.99998575428349,90.0,0.0005097610046222483,-0.00031394518226782425,-6.751453789600924e-07,3.234948912314023e-08,11.999999999999982,-7.30804562059418e-07,-2.2921602372101905e-05,1.3959342986036728e-12,1.3959342986036728e-12,0.00016992033487408278,-6.090038017161826e-08
0.3622,89.99998585587598,90.0,0.0005061640609675877,-0.0003117598989666019,-6.704514952739093e-07,3.211879064556342e-08,11.999999999999982,-7.257516600054347e-07,-2.276224212349692e-05,1.3766445838811287e-12,1.3766445838811287e-12,0.00016872135365586256,-6.047930500045298e-08
0.3624,89.99998595675157,90.0,0.0005025921545606536,-0.0003095895550717483,-6.657896491229977e-07,3.1889720084766246e-08,11.999999999999982,-7.207329886769612e-07,-2.2603969568990667e-05,1.357618878618479e-12,1.357618878618479e-12,0.00016753071818688455,-6.006108238974685e-08
0.36260000000000003,89.99998605691529,90.0,0.0004990451142380326,-0.00030743405086042946,-6.611596271174968e-07,3.1662266115909274e-08,11.999999999999984,-7.157483224014469e-07,-2.2446777463865634e-05,1.3388536094233711e-12,1.3388536094233711e-12,0.00016634837141267755,-5.964569353345398e-08
0.3628,89.99998615637206,90.0,0.0004955227699788738,-0.00030529328749458727,-6.565612178041999e-07,3.143641747193286e-08,11.999999999999984,-7.107974377716096e-07,-2.2290658629154936e-05,1.320345253320414e-12,1.320345253320414e-12,0.00016517425665962463,-5.923311981430088e-08
0.36300000000000004,89.9999862551268,90.0,0.0004920249528947752,-0.0003031671662962754,-6.519942099735701e-07,3.1212163001336927e-08,11.999999999999986,-7.058801111426559e-07,-2.2135605894164417e-05,1.3020903290652354e-12,1.3020903290652354e-12,0.00016400831763159178,-5.8823342595221394e-08
0.3632,89.99998635318443,90.0,0.0004885514952278023,-0.00030105558981070564,-6.474583951452048e-07,3.098949158151133e-08,11.999999999999986,-7.009961223154976e-07,-2.1981612180855723e-05,1.2840854084185824e-12,1.2840854084185824e-12,0.00016285049840926742,-5.841634352629153e-08
0.3634,89.99998645054977,90.0,0.00048510223033661795,-0.00029895846107634084,-6.429535658630268e-07,3.076839217651558e-08,11.999999999999986,-6.961452520184378e-07,-2.182867044596696e-05,1.266327107402926e-12,1.266327107402926e-12,0.00016170074344553932,-5.801210433486989e-08
0.36360000000000003,89.99998654722768,90.0,0.00048167699269083085,-0.0002968756836170019,-6.384795156774849e-07,3.0548853837078895e-08,11.999999999999986,-6.913272818837916e-07,-2.167677368040844e-05,1.2488120857072415e-12,1.2488120857072415e-12,0.0001605589975636103,-5.7610606823649364e-08
0.3638,89.99998664322293,90.0,0.00047827561786526217,-0.0002948071614338638,-6.340360391275017e-07,3.033086570060019e-08,11.999999999999986,-6.865419944241693e-07,-2.152591490864975e-05,1.231537046099115e-12,1.231537046099115e-12,0.0001594252059550874,-5.721183286868084e-08
0.364,89.99998673854027,90.0,0.0004748979425348179,-0.0002927527993535667,-6.296229325548963e-07,3.011441696225814e-08,11.999999999999986,-6.817891742417401e-07,-2.137608721636994e-05,1.214498737647358e-12,1.214498737647358e-12,0.00015829931417827266,-5.681576452014508e-08
0.3642,89.99998683318444,90.0,0.00047154380446458966,-0.00029071250265912303,-6.252399932426429e-07,2.989949690390115e-08,11.999999999999986,-6.770686067568086e-07,-2.1227283721200842e-05,1.1976939511954129e-12,1.1976939511954129e-12,0.00015718126815486322,-5.642238389640078e-08
0.3644,89.99998692716011,90.0,0.000468213042504992,-0.0002886861774383993,-6.208870202301294e-07,2.9686094865157403e-08,11.999999999999986,-6.723800794181767e-07,-2.107949760040563e-05,1.1811195225546684e-12,1.1811195225546684e-12,0.00015607101416833068,-5.603167328484813e-08
0.36460000000000004,89.99998702047195,90.0,0.00046490549658236805,-0.0002866737302157273,-6.165638134530048e-07,2.9474200272324756e-08,11.999999999999986,-6.677233804338081e-07,-2.093272206167609e-05,1.1647723280586441e-12,1.1647723280586441e-12,0.00015496849886078933,-5.564361503615074e-08
0.3648,89.99998711312458,90.0,0.00046162100769401264,-0.0002846750683002272,-6.122701745580787e-07,2.9263802609480876e-08,11.999999999999986,-6.630982999807161e-07,-2.0786950370798972e-05,1.1486492877216942e-12,1.1486492877216942e-12,0.00015387366923133754,-5.525819166505974e-08
0.365,89.99998720512261,90.0,0.0004583594178992039,-0.00028269009941801304,-6.080059060445099e-07,2.9054891447373113e-08,11.999999999999986,-6.585046289373909e-07,-2.0642175822498792e-05,1.1327473608712471e-12,1.1327473608712471e-12,0.00015278647263306796,-5.487538574478264e-08
0.3652,89.9999872964706,90.0,0.00045512057031444887,-0.00028071873206082646,-6.037708120794057e-07,2.884745641452862e-08,11.999999999999986,-6.539421600946085e-07,-2.049839176812797e-05,1.1170635492762637e-12,1.1170635492762637e-12,0.00015170685677148293,-5.449518000788411e-08
0.3654,89.99998738717306,90.0,0.0004519043091045885,-0.00027876087511834516,-5.995646976392433e-07,2.864148722614422e-08,11.999999999999986,-6.49410686888162e-07,-2.035559158651752e-05,1.1015948928512708e-12,1.1015948928512708e-12,0.0001506347697015295,-5.411755724068023e-08
0.36560000000000004,89.99998747723453,90.0,0.0004487104794784084,-0.0002768164382273259,-5.953873693266174e-07,2.8436973655196555e-08,11.999999999999986,-6.449100046111784e-07,-2.0213768711706148e-05,1.08633847275631e-12,1.08633847275631e-12,0.00014957015982613612,-5.374250038426493e-08
0.3658,89.99998756665946,90.0,0.00044553892767998013,-0.0002748853314042429,-5.912386345124057e-07,2.823390556133193e-08,11.999999999999986,-6.404399091478284e-07,-2.0072916603816245e-05,1.0712914071733357e-12,1.0712914071733357e-12,0.0001485129758933267,-5.3369992428985764e-08
0.366,89.99998765545229,90.0,0.0004423895009843103,-0.0002729674657497565,-5.87118302983208e-07,2.8032272833086563e-08,11.999999999999988,-6.360001994162775e-07,-1.9933028804985456e-05,1.056450857911764e-12,1.056450857911764e-12,0.0001474631669947701,-5.300001661802318e-08
0.3662,89.99998774361742,90.0,0.00043926204768489195,-0.0002710627523655161,-5.830261844104368e-07,2.783206547455626e-08,11.999999999999988,-6.31590673625769e-07,-1.9794098853440757e-05,1.0418140190549767e-12,1.0418140190549767e-12,0.00014642068256163067,-5.26325561354808e-08
0.3664,89.99998783115926,90.0,0.00043615641709384014,-0.0002691711030648939,-5.789620900118866e-07,2.7633273547616605e-08,11.999999999999988,-6.272111317381358e-07,-1.9656120339909732e-05,1.027378123664649e-12,1.027378123664649e-12,0.00014538547236461337,-5.226759431151137e-08
0.36660000000000004,89.99998791808213,90.0,0.0004330724595335896,-0.000267292430361391,-5.749258325255867e-07,2.743588717192299e-08,11.999999999999988,-6.22861375433453e-07,-1.9519086906732882e-05,1.0131404431610633e-12,1.0131404431610633e-12,0.00014435748651119655,-5.190511461945447e-08
0.3668,89.99998800439035,90.0,0.00043001002632887174,-0.0002654266474574361,-5.709172261845399e-07,2.72398965249106e-08,11.99999999999999,-6.185412080768533e-07,-1.9382992247005987e-05,9.990982867172812e-13,9.990982867172812e-13,0.00014333667544295725,-5.1545100673071155e-08
0.367,89.99998809008824,90.0,0.0004269689697989423,-0.00026357366787826215,-5.669360858616796e-07,2.704529187068429e-08,11.99999999999999,-6.142504334559037e-07,-1.924783007555085e-05,9.852489972493917e-13,9.852489972493917e-13,0.00014232298993298076,-5.118753612132535e-08
0.3672,89.99998817518004,90.0,0.00042394914325380933,-0.00026173340582191014,-5.629822278885605e-07,2.6852063531128732e-08,11.99999999999999,-6.09988856995476e-07,-1.911359415671039e-05,9.715899543939324e-13,9.715899543939324e-13,0.0001413163810846031,-5.0832404749623045e-08
0.3674,89.99998825966996,90.0,0.00042095040098644973,-0.0002599057757930905,-5.590554692002796e-07,2.6660201914798273e-08,11.99999999999999,-6.057562844950747e-07,-1.8980278275318134e-05,9.581185705616089e-13,9.581185705616089e-13,0.00014031680032881657,-5.04796903745896e-08
0.36760000000000004,89.99998834356225,90.0,0.000417972598269393,-0.0002580906933089558,-5.551556289858585e-07,2.6469697459137165e-08,11.99999999999999,-6.015525245756552e-07,-1.8847876292729766e-05,9.4483229723177e-13,9.4483229723177e-13,0.00013932419942313103,-5.012937704797131e-08
0.3678,89.99998842686105,90.0,0.0004150155913432174,-0.0002562880741724953,-5.512825269908796e-07,2.6280540688259346e-08,11.99999999999999,-5.973773861710887e-07,-1.8716382089196533e-05,9.317286175853011e-13,9.317286175853011e-13,0.00013833853044773912,-4.978144884759077e-08
0.368,89.99998850957053,90.0,0.00041207923741300547,-0.000254497834822858,-5.474359843368957e-07,2.609272218405854e-08,11.99999999999999,-5.932306797439765e-07,-1.8585789591684732e-05,9.188050494211387e-13,9.188050494211387e-13,0.00013735974580433518,-4.943588997866475e-08
0.3682,89.99998859169477,90.0,0.00040916339464129885,-0.0002527198919702433,-5.436158226686748e-07,2.5906232615098172e-08,11.99999999999999,-5.891122160260332e-07,-1.8456092744924144e-05,9.060591413453556e-13,9.060591413453556e-13,0.0001363877982137663,-4.909268466883614e-08
0.3684,89.99998867323788,90.0,0.0004062679221448454,-0.00025095416294663184,-5.398218649745277e-07,2.5721062707721457e-08,11.99999999999999,-5.850218072351051e-07,-1.832728553925866e-05,8.934884756575766e-13,8.934884756575766e-13,0.00013542264071494847,-4.875181726959214e-08
0.36860000000000004,89.99998875420393,90.0,0.0004033926799875477,-0.0002492005660512096,-5.360539363946712e-07,2.5537203217161504e-08,11.99999999999999,-5.809592682764713e-07,-1.8199362038090692e-05,8.810906710623139e-13,8.810906710623139e-13,0.0001344642266625159,-4.8413272356372654e-08
0.3688,89.99998883459693,90.0,0.00040053752916942845,-0.00024745901982441934,-5.323118625253451e-07,2.535464498532111e-08,11.99999999999999,-5.769244142362578e-07,-1.8072316320304926e-05,8.688633755820242e-13,8.688633755820242e-13,0.0001335125097231428,-4.807703451968819e-08
0.369,89.99998891442091,90.0,0.0003977023316237195,-0.00024572944304389495,-5.285954694096441e-07,2.517337894077277e-08,11.99999999999999,-5.729170603693931e-07,-1.7946142479957053e-05,8.568042662156078e-13,8.568042662156078e-13,0.00013256744387457316,-4.774308836411613e-08
0.36920000000000003,89.99998899367982,90.0,0.00039488695021426545,-0.0002440117554313801,-5.249045851904822e-07,2.4993396040978866e-08,11.99999999999999,-5.689370245498162e-07,-1.7820834682392917e-05,8.449110549329003e-13,8.449110549329003e-13,0.00013162898340475515,-4.741141871248472e-08
0.3694,89.99998907237763,90.0,0.0003920912487246815,-0.00024230587692704571,-5.212390384153116e-07,2.4814687330071472e-08,11.99999999999999,-5.649841247646791e-07,-1.769638710669268e-05,8.331814817476437e-13,8.331814817476437e-13,0.00013069708290822717,-4.7082010397056634e-08
0.36960000000000004,89.99998915051825,90.0,0.0003893150918558007,-0.00024061172839646947,-5.175986596892245e-07,2.463724388107256e-08,11.99999999999999,-5.610581815647362e-07,-1.7572794001794662e-05,8.216133206382187e-13,8.216133206382187e-13,0.0001297716972852669,-4.6754848463728054e-08
0.3698,89.99998922810558,90.0,0.0003865583452151189,-0.00023892923090535522,-5.13983279980578e-07,2.4461056853673793e-08,11.99999999999999,-5.57159015559737e-07,-1.7450049628970246e-05,8.10204372728802e-13,8.10204372728802e-13,0.00012885278173837297,-4.6429917963311456e-08
0.37,89.99998930514347,90.0,0.00038382087531457505,-0.0002372583060717043,-5.103927314445723e-07,2.428611746534662e-08,11.99999999999999,-5.532864486397149e-07,-1.7328148289784864e-05,7.989524690631188e-13,7.989524690631188e-13,0.00012794029177152502,-4.6107204053309616e-08
0.37020000000000003,89.9999893816358,90.0,0.0003811025495640018,-0.00023559887605667173,-5.068268474026288e-07,2.41124169913423e-08,11.99999999999999,-5.494403039478981e-07,-1.720708432539789e-05,7.878554701503116e-13,7.878554701503116e-13,0.0001270341831880006,-4.5786691995658214e-08
0.3704,89.99998945758637,90.0,0.0003784032362651952,-0.00023395086355628575,-5.032854623237162e-07,2.3939946764691866e-08,11.99999999999999,-5.456204058561788e-07,-1.708685211592864e-05,7.769112655247916e-13,7.769112655247916e-13,0.0001261344120883984,-4.5468367154681605e-08
0.37060000000000004,89.99998953299897,90.0,0.0003757228046054921,-0.00023231419179247994,-4.997684118041257e-07,2.3768698176206155e-08,11.99999999999999,-5.418265799385439e-07,-1.69674460797697e-05,7.66117773307773e-13,7.66117773307773e-13,0.00012524093486849735,-4.515221499487869e-08
0.3708,89.99998960787734,90.0,0.0003730611246519636,-0.0002306887841497147,-4.962755317186192e-07,2.3598662703365687e-08,11.999999999999991,-5.380586517165867e-07,-1.684886064476794e-05,7.554729367903754e-13,7.554729367903754e-13,0.0001243537082173212,-4.483822097638226e-08
0.371,89.99998968222525,90.0,0.0003704180673495286,-0.0002290745652381566,-4.928066607061936e-07,2.3429831823650988e-08,11.999999999999991,-5.343164503431172e-07,-1.6731090332617684e-05,7.449747330745277e-13,7.449747330745277e-13,0.00012347268911650953,-4.452637086192647e-08
0.37120000000000003,89.99998975604639,90.0,0.00036779350450671217,-0.00022747145945270934,-4.893616368029632e-07,2.326219713010216e-08,11.999999999999991,-5.305998036213667e-07,-1.661412964454505e-05,7.346211605612948e-13,7.346211605612948e-13,0.00012259783483557071,-4.421665030178059e-08
0.3714,89.99998982934446,90.0,0.0003651873087983816,-0.00022587939204264638,-4.85940299942479e-07,2.3095750244649218e-08,11.999999999999991,-5.269085417077178e-07,-1.6497973146195278e-05,7.244102476329041e-13,7.244102476329041e-13,0.00012172910293279388,-4.390904514230985e-08
0.37160000000000004,89.9999899021231,90.0,0.0003625993537557605,-0.00022429828838712652,-4.825424902631483e-07,2.2930482875891855e-08,11.999999999999993,-5.232424946094564e-07,-1.6382615410168616e-05,7.143400462869962e-13,7.143400462869962e-13,0.00012086645125192015,-4.3603541217454726e-08
0.3718,89.99998997438598,90.0,0.0003600295137650623,-0.00022272807505909937,-4.791680505956373e-07,2.2766386732429767e-08,11.999999999999993,-5.196014958705349e-07,-1.626805110046917e-05,7.044086405585073e-13,7.044086405585073e-13,0.00012000983792168743,-4.330012465587794e-08
0.372,89.99999004613669,90.0,0.0003574776640537132,-0.00022116867838498382,-4.7581682309721445e-07,2.260345363842223e-08,11.999999999999993,-5.15985377592694e-07,-1.6154274858238764e-05,6.946141343720414e-13,6.946141343720414e-13,0.00011915922135123773,-4.2998781466057856e-08
0.37220000000000003,89.99999011737881,90.0,0.00035494368069329896,-0.0002196200255145962,-4.7248865175273493e-07,2.244167544691843e-08,11.999999999999993,-5.123939741390692e-07,-1.604128138666693e-05,6.849546599997792e-13,6.849546599997792e-13,0.00011831456023109966,-4.269949784492245e-08
0.3724,89.99999018811592,90.0,0.00035242744059000767,-0.00021808204405253517,-4.691833815139784e-07,2.2281044068747338e-08,11.999999999999993,-5.088271208641852e-07,-1.592906542177087e-05,6.754283747180771e-13,6.754283747180771e-13,0.00011747581353000256,-4.240226007201546e-08
0.37260000000000004,89.99999025835153,90.0,0.0003499288214795158,-0.00021655466205104066,-4.659008582835446e-07,2.212155147251771e-08,11.999999999999993,-5.052846540928021e-07,-1.5817621731848738e-05,6.660334604456653e-13,6.660334604456653e-13,0.00011664294049317195,-4.210705450773353e-08
0.3728,89.99999032808917,90.0,0.0003474477019217611,-0.0002150378080026956,-4.626409288983947e-07,2.1963189684618112e-08,11.999999999999993,-5.017664110982924e-07,-1.570694511692081e-05,6.567681233862672e-13,6.567681233862672e-13,0.00011581590064058703,-4.181386759152439e-08
0.373,89.99999039733233,90.0,0.00034498396129599424,-0.00021353141083351742,-4.5940344111426976e-07,2.180595078921689e-08,11.999999999999993,-4.982722300821744e-07,-1.5597030408200517e-05,6.476305936794635e-13,6.476305936794635e-13,0.00011499465376533143,-4.152268584018122e-08
0.37320000000000003,89.99999046608445,90.0,0.0003425374797957145,-0.00021203539989588551,-4.5618824358974244e-07,2.164982692826219e-08,11.999999999999993,-4.948019501531609e-07,-1.5487872467552986e-05,6.386191250557225e-13,6.386191250557225e-13,0.00011417915993190483,-4.123349584609677e-08
0.3734,89.99999053434901,90.0,0.00034010813842395496,-0.00021054970531723122,-4.5299518670194155e-07,2.1494810272592048e-08,11.999999999999993,-4.913554125381316e-07,-1.5379466215189375e-05,6.297319972317197e-13,6.297319972317197e-13,0.00011336937947465166,-4.094628437817766e-08
0.37360000000000004,89.99999060212939,90.0,0.0003376958189841566,-0.00020907425727675137,-4.498241208566759e-07,2.13408930797142e-08,11.999999999999993,-4.879324580834358e-07,-1.5271806572294553e-05,6.209675100162047e-13,6.209675100162047e-13,0.00011256527299471888,-4.066103817361968e-08
0.3738,89.999990669429,90.0,0.000335300404079771,-0.00020760898671539702,-4.466748981483218e-07,2.1188067636026263e-08,11.999999999999993,-4.845329297141966e-07,-1.5164888517381297e-05,6.123239885096619e-13,6.123239885096619e-13,0.00011176680135992366,-4.037774414284974e-08
0.374,89.9999907362512,90.0,0.0003329217771055555,-0.00020615382496844806,-4.435473715018447e-07,2.1036326285705664e-08,11.999999999999993,-4.811566711678299e-07,-1.5058707057161396e-05,6.037997799762742e-13,6.037997799762742e-13,0.00011097392570185183,-4.009638926398585e-08
0.37420000000000003,89.99999080259936,90.0,0.00033055982224280994,-0.00020470870375886196,-4.4044139465779887e-07,2.0885661430709613e-08,11.999999999999993,-4.778035269743409e-07,-1.4953257226036384e-05,5.953932535295614e-13,5.953932535295614e-13,0.00011018660741426997,-3.9816960581195103e-08
0.3744,89.99999086847677,90.0,0.0003282144244551792,-0.00020327355519141315,-4.373568221591102e-07,2.0736065530775116e-08,11.999999999999993,-4.744733424389608e-07,-1.4848534085648805e-05,5.871027998280525e-13,5.871027998280525e-13,0.00010940480815172638,-3.9539445203246754e-08
0.37460000000000004,89.99999093388675,90.0,0.0003258854694841306,-0.00020184831174637868,-4.3429350933683666e-07,2.058753110341897e-08,11.999999999999993,-4.7116596362344126e-07,-1.4744532724398777e-05,5.789268307723931e-13,5.789268307723931e-13,0.00010862848982804355,-3.926383030195346e-08
0.3748,89.99999099883257,90.0,0.00032357284384482285,-0.00020043290662904057,-4.3125131312772616e-07,2.0440050695047873e-08,11.999999999999993,-4.678812385594352e-07,-1.464124828520058e-05,5.708637818113215e-13,5.708637818113215e-13,0.00010785761461494094,-3.899010321328629e-08
0.375,89.9999910633175,90.0,0.0003212764348176262,-0.00019902727340257549,-4.282300912169488e-07,2.0293616909848308e-08,11.999999999999993,-4.646190159829512e-07,-1.4538675936377891e-05,5.629121089379092e-13,5.629121089379092e-13,0.00010709214493920873,-3.871825133191262e-08
0.37520000000000003,89.99999112734474,90.0,0.0003189961304441196,-0.00019763134598246515,-4.252297020254903e-07,2.0148222409786557e-08,11.999999999999993,-4.6137914531779357e-07,-1.4436810871235783e-05,5.550702884071167e-13,5.550702884071167e-13,0.0001063320434813732,-3.844826210981615e-08
0.3754,89.99999119091753,90.0,0.00031673181952295585,-0.00019624505863072284,-4.2225000469713244e-07,2.00038599146087e-08,11.999999999999993,-4.581614766584583e-07,-1.4335648307618695e-05,5.473368164562429e-13,5.473368164562429e-13,0.0001055772731743186,-3.8180123054871547e-08
0.37560000000000004,89.99999125403903,90.0,0.00031448339160603694,-0.00019486834595055364,-4.192908590864101e-07,1.9860522201840597e-08,11.999999999999993,-4.549658607543141e-07,-1.4235183487501579e-05,5.397102090322298e-13,5.397102090322298e-13,0.00010482779720201232,-3.7913821729526194e-08
0.3758,89.99999131671244,90.0,0.00031225073699445806,-0.0001935011435912333,-4.163521274069762e-07,1.9718202049008115e-08,11.999999999999993,-4.517921514537675e-07,-1.4135411732952897e-05,5.321890065429684e-13,5.321890065429684e-13,0.00010408357899815269,-3.764934595448065e-08
0.376,89.99999137894086,90.0,0.00031003374672661796,-0.00019214338681042254,-4.134336708718884e-07,1.9576892349196717e-08,11.999999999999993,-4.486402007331935e-07,-1.4036328332070286e-05,5.24771763371419e-13,5.24771763371419e-13,0.00010334458224220598,-3.7386683394432814e-08
0.37620000000000003,89.99999144072746,90.0,0.00030783231258270686,-0.00019079501190151803,-4.105353530300154e-07,1.9436585995491847e-08,11.999999999999993,-4.455098636373884e-07,-1.393792865225361e-05,5.174570577710965e-13,5.174570577710965e-13,0.00010261077086090227,-3.7125821969782385e-08
0.3764,89.9999915020753,90.0,0.00030564632707278874,-0.00018945595546646988,-4.0765703806737267e-07,1.9297275938758756e-08,11.999999999999993,-4.4240099576932795e-07,-1.3840208082534259e-05,5.102434864473217e-13,5.102434864473217e-13,0.00010188210902426292,-3.686674964744402e-08
0.3766,89.99999156298749,90.0,0.00030347568343331454,-0.00018812615441091287,-4.04798590796142e-07,1.9158955187642476e-08,11.999999999999993,-4.3931345327574317e-07,-1.3743162033202352e-05,5.031296643111844e-13,5.031296643111844e-13,0.00010115856114443818,-3.6609454439645284e-08
0.3768,89.99999162346708,90.0,0.00030132027562354433,-0.0001868055459391711,-4.0195987664340613e-07,1.902161680856785e-08,11.999999999999993,-4.362470928323222e-07,-1.3646785935424283e-05,4.961142242361559e-13,4.961142242361559e-13,0.00010044009187451479,-3.6353924402693537e-08
0.377,89.9999916835171,90.0,0.0002991799983222471,-0.00018549406790492118,-3.991407624713253e-07,1.88852538968496e-08,11.999999999999993,-4.332017728605303e-07,-1.3551075269088206e-05,4.891958192279585e-13,4.891958192279585e-13,9.97266661074157e-05,-3.610014773837755e-08
0.37720000000000004,89.99999174314055,90.0,0.00029705474692023496,-0.0001841916584454969,-3.9634111572305986e-07,1.8749859605582256e-08,11.999999999999993,-4.3017735226625563e-07,-1.345602553380759e-05,4.823731196800401e-13,4.823731196800401e-13,9.901824897341166e-05,-3.584811268885466e-08
0.3774,89.99999180234046,90.0,0.0002949444175170641,-0.00018289825597728247,-3.9356080441238094e-07,1.8615427145640118e-08,11.999999999999993,-4.271736904261614e-07,-1.336163224856849e-05,4.756448131448511e-13,4.756448131448511e-13,9.831480583902137e-05,-3.559780753551347e-08
0.3776,89.99999186111978,90.0,0.00029284890691781245,-0.00018161379954648507,-3.907996979440939e-07,1.848194975678741e-08,11.999999999999993,-4.241906484048319e-07,-1.3267890979583437e-05,4.690096064661768e-13,4.690096064661768e-13,9.761630230593748e-05,-3.5349220700402675e-08
0.3778,89.99999191948147,90.0,0.0002907681126260337,-0.00018033822846402536,-3.8805766626128203e-07,1.8349420736568137e-08,11.999999999999995,-4.212280876951516e-07,-1.3174797311339823e-05,4.624662231022418e-13,4.624662231022418e-13,9.69227042086779e-05,-3.5102340641262646e-08
0.378,89.99999197742848,90.0,0.0002887019328404551,-0.00017907148265619783,-3.853345806654764e-07,1.8217833411416195e-08,11.999999999999995,-4.182858714351193e-07,-1.308234687444519e-05,4.560134052328181e-13,4.560134052328181e-13,9.623397761348502e-05,-3.485715595292662e-08
0.37820000000000004,89.99999203496368,90.0,0.00028665026644821896,-0.00017781350194469184,-3.8263031213423794e-07,1.8087181194435175e-08,11.999999999999995,-4.1536386191894685e-07,-1.299053528850808e-05,4.496499088190899e-13,4.496499088190899e-13,9.555008881607299e-05,-3.461365515991225e-08
0.3784,89.99999209209,90.0,0.00028461301302591045,-0.00017656422711384047,-3.7994473381609916e-07,1.7957457498728675e-08,11.999999999999995,-4.124619242927276e-07,-1.2899358246842874e-05,4.4337451038617325e-13,4.4337451038617325e-13,9.487100434197016e-05,-3.4371827024393986e-08
0.3786,89.99999214881028,90.0,0.0002825900728284775,-0.00017532359918460706,-3.772777193345368e-07,1.7828655795180068e-08,11.999999999999995,-4.095799240476581e-07,-1.2808811458888597e-05,4.3718600203936386e-13,4.3718600203936386e-13,9.419669094282583e-05,-3.413166033730485e-08
0.3788,89.99999220512741,90.0,0.0002805813467867148,-0.0001740915594110725,-3.7462914278005003e-07,1.7700769612452543e-08,11.999999999999995,-4.0671772700963187e-07,-1.2718890649939972e-05,4.310831912689706e-13,4.310831912689706e-13,9.352711559557161e-05,-3.3893143917469336e-08
0.379,89.99999226104421,90.0,0.00027858673650437267,-0.00017286804963166955,-3.7199887953162457e-07,1.757379250809916e-08,11.999999999999995,-4.0387520055775213e-07,-1.2629591589036638e-05,4.250649029987228e-13,4.250649029987228e-13,9.286224550145758e-05,-3.365626671314603e-08
0.37920000000000004,89.99999231656349,90.0,0.0002766061442515829,-0.0001716530119047322,-3.693868054054628e-07,1.7447718097452796e-08,11.999999999999996,-4.010522123666647e-07,-1.254091006006201e-05,4.1912997705660273e-13,4.1912997705660273e-13,9.220204808386096e-05,-3.342101769722207e-08
0.3794,89.99999237168804,90.0,0.0002746394729623878,-0.00017044638850504588,-3.667927966472036e-07,1.732254005362611e-08,11.999999999999996,-3.982486303963382e-07,-1.2452841861479134e-05,4.132772679896878e-13,4.132772679896878e-13,9.15464909874626e-05,-3.318738586636153e-08
0.3796,89.99999242642063,90.0,0.0002726866262322113,-0.0001692481226308587,-3.6421673158509586e-07,1.7198252049731757e-08,11.999999999999996,-3.9546432534254684e-07,-1.2365382862456959e-05,4.075056492753194e-13,4.075056492753194e-13,9.089554207740375e-05,-3.2955360445212245e-08
0.3798,89.99999248076404,90.0,0.000270747508307154,-0.000168058157323121,-3.616584881045848e-07,1.7074847845552085e-08,11.999999999999996,-3.926991669011734e-07,-1.2278528917130966e-05,4.018140063774415e-13,4.018140063774415e-13,9.024916943571799e-05,-3.272493057509779e-08
0.38,89.99999253472097,90.0,0.00026882202408594314,-0.00016687643617875017,-3.59117945315588e-07,1.6952321229759346e-08,11.999999999999996,-3.899530262372185e-07,-1.2192275921208236e-05,3.962012410161937e-13,3.962012410161937e-13,8.960734136198105e-05,-3.2496085519768215e-08
0.38020000000000004,89.99999258829418,90.0,0.00026691007911361,-0.00016570290334180296,-3.565949835325877e-07,1.6830666019915683e-08,11.999999999999996,-3.8722577595864805e-07,-1.2106619811291559e-05,3.9066627088864307e-13,3.9066627088864307e-13,8.897002637120333e-05,-3.226881466322068e-08
0.3804,89.99999264148633,90.0,0.0002650115795750493,-0.00016453750313921147,-3.5408948342378127e-07,1.6709876091363024e-08,11.999999999999996,-3.8451728885928063e-07,-1.2021556535992576e-05,3.8520802725736933e-13,3.8520802725736933e-13,8.833719319168309e-05,-3.2043107404940064e-08
0.3806,89.99999269430012,90.0,0.00026312643229302134,-0.00016338018007799323,-3.5160132600478917e-07,1.65899453772231e-08,11.999999999999996,-3.8182743791052023e-07,-1.1937082055718151e-05,3.798254547885424e-13,3.798254547885424e-13,8.770881076434045e-05,-3.181895315921003e-08
0.3808,89.9999927467382,90.0,0.00026125454472608844,-0.00016223087955291295,-3.4913039429329586e-07,1.6470867810617644e-08,11.999999999999996,-3.791560987137682e-07,-1.1853192398846465e-05,3.7451751560419324e-13,3.7451751560419324e-13,8.708484824202948e-05,-3.1596341559480694e-08
0.381,89.99999279880323,90.0,0.00025939582495851545,-0.00016108954712183807,-3.4667657161610914e-07,1.635263738244817e-08,11.999999999999996,-3.7650314699769977e-07,-1.176988360425062e-05,3.692831847330824e-13,3.692831847330824e-13,8.646527498617182e-05,-3.1375262249808325e-08
0.38120000000000004,89.99999285049782,90.0,0.00025755018169818075,-0.00015995612814755084,-3.442397407720142e-07,1.6235248170285898e-08,11.999999999999996,-3.73868457379152e-07,-1.1687151692877025e-05,3.641214478810066e-13,3.641214478810066e-13,8.585006056606024e-05,-3.115570478159601e-08
0.3814,89.99999290182458,90.0,0.00025571752427900723,-0.00015883056922222773,-3.4181978736170297e-07,1.6118694222812135e-08,11.999999999999996,-3.7125190829506814e-07,-1.1604992780798558e-05,3.5903130963516293e-13,3.5903130963516293e-13,8.523917475966907e-05,-3.093765902458902e-08
0.3816,89.9999929527861,90.0,0.0002538977626468257,-0.0001577128167266158,-3.394165964209847e-07,1.600296967537789e-08,11.999999999999996,-3.686533770221318e-07,-1.1523402964909975e-05,3.540117848167424e-13,3.540117848167424e-13,8.46325875489419e-05,-3.072111475184432e-08
0.38180000000000003,89.99999300338494,90.0,0.00025209080736182226,-0.00015660281754399267,-3.370300540896306e-07,1.5888068692224062e-08,11.999999999999996,-3.660727421478368e-07,-1.1442378379586225e-05,3.49061902509021e-13,3.49061902509021e-13,8.403026912060742e-05,-3.0506061845653076e-08
0.382,89.99999305362368,90.0,0.0002502965695927307,-0.00015550051905205723,-3.346600475930855e-07,1.5773985466481447e-08,11.999999999999996,-3.635098835464623e-07,-1.1361915196061545e-05,3.4418070581542615e-13,3.4418070581542615e-13,8.343218986424356e-05,-3.029249029553853e-08
0.38220000000000004,89.99999310350482,90.0,0.00024851496111111786,-0.00015440586875967963,-3.3230646439390513e-07,1.5660714249060633e-08,11.999999999999996,-3.6096468112496305e-07,-1.1282009593620237e-05,3.3936724961749195e-13,3.3936724961749195e-13,8.283832037037263e-05,-3.008039009374693e-08
0.3824,89.9999931530309,90.0,0.00024674589429002765,-0.00015331881430500737,-3.299691921874854e-07,1.5548249348652014e-08,11.999999999999996,-3.584370148173591e-07,-1.1202657759451666e-05,3.346206004431984e-13,3.346206004431984e-13,8.224863143000921e-05,-2.9869751234779936e-08
0.3826,89.99999320220441,90.0,0.0002449892821024502,-0.00015223930451914268,-3.2764812138894987e-07,1.5436585045056063e-08,11.999999999999996,-3.559267682698224e-07,-1.1123855973081632e-05,3.299398422664923e-13,3.299398422664923e-13,8.166309403415006e-05,-2.966056402248521e-08
0.38280000000000003,89.99999325102783,90.0,0.00024324503810752986,-0.0001511672876305276,-3.253431409368743e-07,1.532571573363286e-08,11.999999999999996,-3.5343382263126216e-07,-1.1045600463906228e-05,3.2532406626800186e-13,3.2532406626800186e-13,8.108167936917663e-05,-2.945281855260519e-08
0.383,89.99999329950363,90.0,0.0002415130764576421,-0.00015010271269591134,-3.2305414163784827e-07,1.521563580974248e-08,11.999999999999996,-3.509580615044898e-07,-1.0967887524741763e-05,3.2077237870688724e-13,3.2077237870688724e-13,8.050435881921402e-05,-2.9246505125374156e-08
0.38320000000000004,89.99999334763427,90.0,0.0002397933118888529,-0.00014904552923175737,-3.2078101530586266e-07,1.5106339697634886e-08,11.999999999999996,-3.484993696762806e-07,-1.0890713482606449e-05,3.162838986677766e-13,3.162838986677766e-13,7.993110396295098e-05,-2.904161413969006e-08
0.3834,89.99999339542215,90.0,0.0002380856597154799,-0.0001479956864961066,-3.185236530840463e-07,1.4997821908229743e-08,11.999999999999996,-3.4605763063393184e-07,-1.0814074641742314e-05,3.118577540016527e-13,3.118577540016527e-13,7.936188657182663e-05,-2.8838135886160996e-08
0.3836,89.99999344286972,90.0,0.00023639003583332243,-0.000146953134914173,-3.162819487771124e-07,1.4890076923556811e-08,11.999999999999996,-3.4363273150051274e-07,-1.0737967396753816e-05,3.0749308894249707e-13,3.0749308894249707e-13,7.879667861110748e-05,-2.8636060958376072e-08
0.38380000000000003,89.99999348997935,90.0,0.00023470635670616455,-0.00014591782428314138,-3.1405579465601377e-07,1.4783099341205439e-08,11.999999999999996,-3.412245568266733e-07,-1.0662388090173308e-05,3.0318905423194896e-13,3.0318905423194896e-13,7.823545223538817e-05,-2.8435379735556117e-08
0.384,89.99999353675342,90.0,0.00023303453937292286,-0.00014488970555850435,-3.118450856332947e-07,1.467688372987508e-08,11.999999999999996,-3.3883299477257174e-07,-1.0587333154216796e-05,2.9894481660818467e-13,2.9894481660818467e-13,7.767817979097429e-05,-2.8236082897714322e-08
0.38420000000000004,89.99999358319431,90.0,0.00023137450143449566,-0.00014386872976988635,-3.0964971672997426e-07,1.4571424716044976e-08,11.999999999999996,-3.364579333620606e-07,-1.0512799024783077e-05,2.947595528107668e-13,2.947595528107668e-13,7.712483381149855e-05,-2.8038161113505056e-08
0.3844,89.99999362930437,90.0,0.00022972616105274208,-0.0001428548480196181,-3.074695830723313e-07,1.4466716983974169e-08,11.999999999999996,-3.340992604784621e-07,-1.0438782141344581e-05,2.9063244947658354e-13,2.9063244947658354e-13,7.65753870175807e-05,-2.7841605039871848e-08
0.3846,89.99999367508592,90.0,0.0002280894369498447,-0.00014184801219238943,-3.053045815510353e-07,1.4362755217921696e-08,11.999999999999996,-3.317568663228779e-07,-1.036527900327589e-05,2.8656270672409444e-13,2.8656270672409444e-13,7.602981231661489e-05,-2.76464055269065e-08
0.38480000000000003,89.99999372054128,90.0,0.00022646424839917323,-0.00014084817387667852,-3.031546083006707e-07,1.4259534188816284e-08,11.999999999999996,-3.2943063968497844e-07,-1.0292286084282031e-05,2.8254953238048607e-13,2.8254953238048607e-13,7.548808279972441e-05,-2.7452553307081545e-08
0.385,89.99999376567276,90.0,0.00022485051522884997,-0.00013985528579081574,-3.010195620332397e-07,1.4157048638696766e-08,11.999999999999996,-3.2712047287964207e-07,-1.0219799945572954e-05,2.7859214924426384e-13,2.7859214924426384e-13,7.495017174294999e-05,-2.7260039406636847e-08
0.38520000000000004,89.99999381048261,90.0,0.00022324815780858274,-0.0001388692999882419,-2.9889933984385614e-07,1.4055293425161555e-08,11.999999999999996,-3.248262555401265e-07,-1.0147817093464253e-05,2.74689785698007e-13,2.74689785698007e-13,7.441605260286091e-05,-2.7068854628343882e-08
0.3854,89.99999385497313,90.0,0.00022165709705750382,-0.0001378901696448104,-2.9679384138827356e-07,1.3954263376919178e-08,11.999999999999996,-3.2254788080285703e-07,-1.007633412120682e-05,2.7084168475473164e-13,2.7084168475473164e-13,7.388569901916794e-05,-2.687899006690476e-08
0.3856,89.99999389914655,90.0,0.0002200772544312349,-0.00013691784797491264,-2.947029663504482e-07,1.3853953380457947e-08,11.999999999999996,-3.202852415625034e-07,-1.0005347623009046e-05,2.670470983626894e-13,2.670470983626894e-13,7.335908481041164e-05,-2.6690436796875292e-08
0.38580000000000003,89.99999394300512,90.0,0.00021850855192137198,-0.0001359522885860298,-2.9262661527148565e-07,1.3754358351156069e-08,11.999999999999996,-3.180382317003219e-07,-9.934854222180069e-06,2.633052890852189e-13,2.633052890852189e-13,7.283618397379066e-05,-2.6503185975026834e-08
0.386,89.99999398655106,90.0,0.00021695091205107896,-0.00013499344511730914,-2.905646887051963e-07,1.365547326217155e-08,11.999999999999996,-3.158067448354549e-07,-9.86485054246037e-06,2.596155281752235e-13,2.596155281752235e-13,7.231697068369299e-05,-2.631722873628792e-08
0.38620000000000004,89.99999402978656,90.0,0.0002154042578746511,-0.0001340412715942259,-2.8851708804729045e-07,1.3557293115552295e-08,11.999999999999996,-3.1359067555359856e-07,-9.795333236173443e-06,2.5597709723368733e-13,2.5597709723368733e-13,7.180141929155037e-05,-2.613255629613322e-08
0.3864,89.99999407271385,90.0,0.00021386851297313717,-0.00013309572277774197,-2.8648371635216124e-07,1.3459812913346196e-08,11.999999999999996,-3.113899206193656e-07,-9.726299011956093e-06,2.5238928977110186e-13,2.5238928977110186e-13,7.128950432437905e-05,-2.5949160051613808e-08
0.3866,89.99999411533504,90.0,0.00021234360144591137,-0.0001321567530867238,-2.84464475814639e-07,1.3363027744270846e-08,11.999999999999996,-3.092043752500052e-07,-9.657744549262436e-06,2.488514058065696e-13,2.488514058065696e-13,7.078120048197046e-05,-2.5767031270833774e-08
0.38680000000000003,89.99999415765234,90.0,0.00021082944791454456,-0.00013122431766916223,-2.824592702738885e-07,1.3266932697043834e-08,11.999999999999996,-3.0703393682283465e-07,-9.589666583372757e-06,2.453627569926101e-13,2.453627569926101e-13,7.027648263818153e-05,-2.5586161401902896e-08
0.387,89.99999419966787,90.0,0.00020932597751447353,-0.00013029837203526858,-2.8046800435660673e-07,1.317152288927265e-08,11.999999999999996,-3.0487850361030517e-07,-9.52206187630455e-06,2.4192266467770555e-13,2.4192266467770555e-13,6.977532583815785e-05,-2.540654196752544e-08
0.38720000000000004,89.99999424138377,90.0,0.0002078331158908993,-0.0001293788716964768,-2.7849058263353913e-07,1.3076793496344569e-08,11.999999999999996,-3.0273797353256416e-07,-9.454927188175712e-06,2.3853045807052174e-13,2.3853045807052174e-13,6.927770529696643e-05,-2.522816446104702e-08
0.3874,89.99999428280215,90.0,0.00020635078919874848,-0.00012846577252066064,-2.7652691044992634e-07,1.2982739722536767e-08,11.999999999999996,-3.0061224538776743e-07,-9.388259305398734e-06,2.3518547583987634e-13,2.3518547583987634e-13,6.878359639958283e-05,-2.5051020448980627e-08
0.3876,89.99999432392512,90.0,0.000204878924098589,-0.00012755903108170222,-2.745768947432121e-07,1.2889356772126422e-08,11.999999999999996,-2.9850122006565655e-07,-9.322055068442387e-06,2.318870676207742e-13,2.318870676207742e-13,6.829297469952967e-05,-2.4875101672138053e-08
0.38780000000000003,89.99999436475476,90.0,0.00020341744774844193,-0.00012665860358224525,-2.726404415255535e-07,1.2796639936060398e-08,11.999999999999996,-2.9640479682227207e-07,-9.256311286361385e-06,2.286345888464709e-13,2.286345888464709e-13,6.780581591614731e-05,-2.4700399735189348e-08
0.388,89.99999440529312,90.0,0.0002019662878082312,-0.00012576444692572201,-2.7071745838953867e-07,1.270458450528556e-08,11.999999999999996,-2.943228769897761e-07,-9.191024821867054e-06,2.2542740567136305e-13,2.2542740567136305e-13,6.732209593607707e-05,-2.4526906415814683e-08
0.38820000000000005,89.99999444554228,90.0,0.00020052537243150868,-0.00012487651799425665,-2.6880785282099264e-07,1.2613185828528567e-08,11.999999999999996,-2.9225536148127867e-07,-9.126192534046047e-06,2.2226489149878124e-13,2.2226489149878124e-13,6.684179081050289e-05,-2.435461345677323e-08
0.3884,89.99999448550427,90.0,0.00019909463026596732,-0.00012399477435992443,-2.66911533861731e-07,1.252243925451608e-08,11.999999999999996,-2.9020215325390545e-07,-9.061811334811855e-06,2.1914643014525404e-13,2.1914643014525404e-13,6.636487675532244e-05,-2.4183512771158793e-08
0.3886,89.99999452518112,90.0,0.00019767399044536373,-0.00012311917391820225,-2.6502841125355613e-07,1.243234016086465e-08,11.999999999999996,-2.88163156044913e-07,-8.997878159842956e-06,2.1607141402066174e-13,2.1607141402066174e-13,6.589133014845458e-05,-2.401359633707609e-08
0.38880000000000003,89.99999456457486,90.0,0.00019626338258588578,-0.0001222496741723538,-2.6315839376568097e-07,1.2342884011860524e-08,11.999999999999996,-2.8613827189571746e-07,-8.934389911797812e-06,2.1303924081702983e-13,2.1303924081702983e-13,6.542112752862859e-05,-2.3844855991309796e-08
0.389,89.99999460368745,90.0,0.00019486273679050005,-0.00012138623366058565,-2.61301392530695e-07,1.2254066242900048e-08,11.999999999999996,-2.841274060917692e-07,-8.871343573572978e-06,2.100493198423481e-13,2.100493198423481e-13,6.495424559683335e-05,-2.3677283840980773e-08
0.38920000000000005,89.99999464252093,90.0,0.00019347198363733707,-0.00012052881087401557,-2.594573185162835e-07,1.2165882347159367e-08,11.999999999999996,-2.821304634230901e-07,-8.808736122466417e-06,2.0710106703359703e-13,2.0710106703359703e-13,6.449066121244569e-05,-2.351087195192418e-08
0.3894,89.99999468107723,90.0,0.00019209105418001074,-0.00011967736461238992,-2.576260833568023e-07,1.2078327846704514e-08,11.999999999999996,-2.8014734941606655e-07,-8.746564558409955e-06,2.0419390646125487e-13,2.0419390646125487e-13,6.403035139333691e-05,-2.3345612451338887e-08
0.3896,89.9999947193583,90.0,0.00019071987994420398,-0.00011883185362404518,-2.558075985119578e-07,1.1991398321381321e-08,11.999999999999996,-2.7817796908885536e-07,-8.684825875405976e-06,2.0132726865923132e-13,2.0132726865923132e-13,6.357329331473467e-05,-2.3181497424071287e-08
0.38980000000000004,89.99999475736612,90.0,0.00018935839292828234,-0.00011799223767257854,-2.5400177776044565e-07,1.1905089322145724e-08,11.999999999999996,-2.7622223064533763e-07,-8.62351714618797e-06,1.9850059517736316e-13,1.9850059517736316e-13,6.311946430942744e-05,-2.301851922044481e-08
0.39,89.99999479510261,90.0,0.00018800652559148882,-0.00011715847609927945,-2.5220853384050214e-07,1.1819396486623347e-08,11.999999999999996,-2.7428004050439783e-07,-8.562635408165197e-06,1.957133322146618e-13,1.957133322146618e-13,6.266884186382961e-05,-2.2856670042033158e-08
0.3902,89.99999483256967,90.0,0.00018666421085902765,-0.00011633052889604193,-2.504277809576188e-07,1.1734315452439812e-08,11.999999999999996,-2.7235130701236954e-07,-8.502177748561134e-06,1.929649351893426e-13,1.929649351893426e-13,6.222140361967588e-05,-2.2695942251030802e-08
0.3904,89.99999486976921,90.0,0.0001853313821143889,-0.00011550835633937643,-2.4865943392980534e-07,1.164984188611064e-08,11.999999999999996,-2.7043593918081434e-07,-8.442141275394627e-06,1.9025486704237201e-13,1.9025486704237201e-13,6.177712737146297e-05,-2.253632826506787e-08
0.3906,89.99999490670314,90.0,0.00018400797319625826,-0.00011469191863082358,-2.4690340734728906e-07,1.1565971511931142e-08,11.999999999999996,-2.6853384544326595e-07,-8.382523088951173e-06,1.8758259663275193e-13,1.8758259663275193e-13,6.133599106541942e-05,-2.2377820453605502e-08
0.39080000000000004,89.99999494337332,90.0,0.0001826939183991803,-0.00011388117660842321,-2.451596172357423e-07,1.1482700054196635e-08,11.999999999999996,-2.666449361189198e-07,-8.32332033825051e-06,1.8494760165750949e-13,1.8494760165750949e-13,6.089797279972677e-05,-2.2220411343243322e-08
0.391,89.99999497978163,90.0,0.00018138915246650959,-0.00011307609138160061,-2.4342798020351627e-07,1.1400023266092328e-08,11.999999999999996,-2.647691221530016e-07,-8.26453019209469e-06,1.8234936699732413e-13,1.8234936699732413e-13,6.0463050822169864e-05,-2.2064093512750142e-08
