time_s,angle_deg,reference_deg,velocity_deg_s,acceleration_rad_s2,output_em_torque_nm,gravity_load_nm,bus_v,terminal_v,stator_a,supply_a,battery_a,motor_rpm,duty
0.0,0.0,0.0,0.0,0.0,0.1301085272529697,0.1301085272529697,11.999984863221876,0.025700449827747107,0.5889686418858712,0.0012613981770340432,0.0012613981770340432,0.0,0.00214170685385738
0.0002,0.0,3.323862573536429e-05,0.0,87.2782004134226,0.32705403695203583,0.1301085272529697,11.999904354649019,0.06460326655842684,1.4804915252972817,0.007970445915197438,0.007970445915197438,0.0,0.0053836484566144194
0.0004,9.999606935309591e-05,0.00026457717215578214,0.9998737989024461,172.79574944262797,0.5201292586340516,0.13010852725277156,11.99974875871764,0.10670486295754411,2.354494586409287,0.020936773529909386,0.020936773529909386,2.4996844972561156,0.008892258088322441
0.0006000000000000001,0.0004979457605983549,0.0008884650605585795,2.979451077210417,256.564664070942,0.7093592378352255,0.13010852724805616,11.999512118321864,0.1519302355575104,3.2110912000771528,0.04065680651127992,0.04065680651127992,7.448627693026043,0.012661367733903993
0.0008,0.0013877863304332227,0.0020953936792966637,5.9186991840571155,338.59695763989964,0.8947690259901113,0.1301085272148038,11.999189036202976,0.2002049277441756,4.050394767856472,0.06758031641867489,0.06758031641867489,14.79674796014279,0.016684871547579888
0.001,0.002959462269271556,0.004071923146804937,9.797723095554867,418.9046398859969,1.0763836804803761,0.13010852707940712,11.998774655539055,0.2514550296013658,4.872518718223925,0.1021120384120725,0.1021120384120725,24.49430773888717,0.020956725734096966
0.0012000000000000001,0.005398952822515881,0.007000709074626708,14.596765373599707,497.49971697703427,1.2542282646692482,0.13010852667533995,11.998264640911362,0.3056071777543984,5.677576506733223,0.14461325738649664,0.14461325738649664,36.49191343399927,0.02547094824966164
0.0014,0.008888299503634355,0.011060529330440105,20.296206125124293,574.3941915480663,1.428327847922715,0.1301085256874164,11.997655159654663,0.3625885552127564,6.465681616111056,0.1954033621115401,0.1954033621115401,50.740515312810736,0.030221618340228497
0.0016,0.013605633599131469,0.016426310801084493,26.876562961792015,649.6000627369597,1.5987075056184725,0.13010852358464273,11.996942863596434,0.4223268912120928,7.236947556297613,0.25476136696377416,0.25476136696377416,67.19140740448003,0.03520287593380169
0.0018000000000000002,0.01972520366550011,0.0232691561555869,34.31849096012535,723.1293262195703,1.7653923191436236,0.13010851954263042,11.996124871187916,0.4847504610557335,7.991487864436157,0.3229274010068816,0.3229274010068816,85.79622740031337,0.040408920902448985
0.002,0.02741740301824127,0.03175637060818835,42.602782622061795,794.9939742445425,1.9284073758820637,0.13010851235650803,11.995198750028113,0.5497880859558375,8.729416104815927,0.4001041643238769,0.4001041643238769,106.50695655515449,0.04583401220880554
0.0022,0.03684879721303627,0.04205148868137046,51.71036783593056,865.2059956677431,2.087777769192491,0.13010850034523613,11.994162499780332,0.6173691328743739,9.450845868772594,0.48645835163900397,0.48645835163900397,129.2759195898264,0.05147246695095892
0.0024000000000000002,0.04818215151915515,0.05431430096888156,61.6223138378438,933.7773759863297,2.243528598377912,0.13010848124820085,11.99301453547938,0.6874235143640612,10.15589077455022,0.5821220433849664,0.5821220433849664,154.05578459460946,0.05731865931875849
0.0026000000000000003,0.0615764583851835,0.06870088089876347,72.3198251734959,1000.7200973724699,2.3956849686475215,0.13010845211492805,11.991753671226299,0.7598816884094186,10.844664467128698,0.6871940644751985,0.6871940644751985,180.79956293373974,0.06336701947378408
0.0028,0.0771869648971489,0.08536361149637751,83.78424366036484,1066.046138706701,2.5442719910717453,0.13010840918873315,11.990379104266417,0.8346746582680595,11.517280618020248,0.8017413111319251,0.8017413111319251,209.4606091509121,0.06961203236443672
0.003,0.0951652002291267,0.10445121214743139,95.99704835030938,1129.76747561096,2.6893147825313073,0.13010834778508995,11.988890399445602,0.9117339723123743,12.17385292503884,0.9258000461999003,0.9258000461999003,239.99262087577347,0.07604823648688416
0.0032,0.11565900308640392,0.12610876536100507,108.93985549255656,1191.8960804812657,2.830838465661016,0.13010826216547405,11.987287474038673,0.9909917238717173,12.814495112045753,1.0593771634437525,1.0593771634437525,272.3496387313914,0.08267022260189771
0.0034000000000000002,0.13881254914127888,0.15047774353257776,122.59441849707339,1252.4439225200745,2.9688681687890597,0.13010814540740775,11.985570582943382,1.0723805510752287,13.439320928674757,1.2024514213848814,1.2024514213848814,306.48604624268347,0.08947263241696055
0.0036000000000000003,0.1647663784615725,0.17769603570705375,136.94262789831762,1311.4229677683113,3.1034290258725115,0.13010798927140546,11.98374030423261,1.1558336366954105,14.048444150040176,1.3549746472825537,1.3549746472825537,342.3565697457941,0.09645015724240742
0.0038,0.19365742293192717,0.20789797434178903,151.96651131936167,1368.8451791370778,3.2345461764297143,0.13010778406549187,11.981797525057152,1.241284707992567,14.641978576430807,1.5168729119040631,1.5168729119040631,379.91627829840417,0.1035975366297676
0.004,0.22561903366796698,0.24121436206961852,167.64823343638466,1424.7225164390518,3.3622447654702188,0.13010751850793767,11.979743427890863,1.328668036560218,15.220038032992761,1.6880476757613376,1.6880476757613376,419.12058359096164,0.11090955699993162
0.004200000000000001,0.2607810084233925,0.2777724984618809,183.9700959435275,1479.0669364195662,3.4865499434228844,0.13010717958883242,11.9775794771098,1.41791843817159,15.782736369404004,1.8683769075168146,1.8683769075168146,459.92523985881877,0.11838105026824125
0.0044,0.2992696189900824,0.31769620679144595,200.9145375181055,1531.8903927873969,3.6074868660627812,0.1301067524310877,11.975307405896634,1.5089712726272881,16.330187459543456,2.0577161752804667,2.0577161752804667,502.28634379526375,0.12600689247311275
0.0046,0.34120763859127273,0.3611058607957411,218.4641337861742,1583.2048362452429,3.7250806944374353,0.13010622015143958,11.972929203461604,1.6017624436042377,16.862505201157116,2.255899711533044,2.255899711533044,546.1603344654354,0.1337820024143413
0.0048000000000000004,0.38671436926788444,0.4081184114397781,236.6015972884429,1633.022214519914,3.8393565947929957,0.13010556372199406,11.970447102570976,1.6962283985059878,17.37980351552385,2.4627414524186073,2.4627414524186073,591.5039932211072,0.1417013403068025
0.005,0.43590566925806773,0.4588474136791781,255.30977744653183,1681.354472392226,3.950339738500836,0.13010476183283654,11.96786356737417,1.7923061283144652,17.882196347123127,2.678036052152572,2.678036052152572,638.2744436163296,0.14975990645485854
0.005200000000000001,0.48889398037003234,0.5134030532231996,274.5716605295679,1728.2135517266183,4.058055301985128,0.1301037907562016,11.965181281520515,1.8899331674432593,18.369797663307164,2.901559873290447,2.901559873290447,686.4291513239199,0.15795273995239376
0.0054,0.54578835534823,0.5718921732977631,294.37036962111495,1773.6113915004787,4.162528466651826,0.13010262421267785,11.96240313655683,1.9890475935925127,18.842721453979458,3.1330719535974065,3.1330719535974065,735.9259240527874,0.16627491741304293
0.0056,0.6066944852329564,0.6344183014084801,314.68916458643344,1817.5599278332018,4.26378441881956,0.13010123323989983,11.959532220596994,2.0895880276054974,19.30108173128196,3.3723149502505136,3.3723149502505136,786.7229114660836,0.1747215517348378
0.0058000000000000005,0.6717147267134383,0.7010816761036773,335.51144204006624,1860.0710940149693,4.36184834965287,0.13009958606415767,11.956571807254875,2.1914936333269415,19.74499252929283,3.619016062093798,3.619016062093798,838.7786051001657,0.18328779090317607
0.006,0.7409481294744695,0.7719792737374231,356.8207353137456,1901.156820535262,4.456745455098183,0.13009764797533357,11.953525344832174,2.2947041174631737,20.174567903736634,3.8728879306521278,3.8728879306521278,892.051838284364,0.19196881683571576
0.006200000000000001,0.8144904635366607,0.8472048352325562,378.60071442461765,1940.829035111109,4.548500935822939,0.13009538120555467,11.950396445752883,2.399159729444147,20.58992193170878,4.133629520593064,4.133629520593064,946.5017860615443,0.20075984427251345
0.0064,0.8924342465903656,0.9268488928437078,400.8351860437802,1979.0996627150741,4.637139997158263,0.13009274481193056,11.947188876236316,2.5048012612874073,20.99116871141601,4.400926980306959,4.400926980306959,1002.0879651094505,0.2096561197144551
0.0066,0.9748687713233469,1.0109987969203336,423.50809346512995,2015.980625602983,4.722687849045498,0.13008969456372585,11.943906546200946,2.6115700474640473,21.37842236193436,4.674454483254633,4.674454483254633,1058.770233662825,0.21865292041277076
0.0068000000000000005,1.0618801327422411,1.099738742669736,446.60351657451554,2051.483843341407,4.805169705986998,0.13008618283429754,11.940553499391484,2.7194079647667153,21.751797022986413,4.9538750507095575,4.9538750507095575,1116.508791436289,0.22774555341218497
0.007,1.153551255487886,1.1931497969200915,470.10567181919276,2085.621232834877,4.884610787001407,0.13008215849810997,11.937133903722032,2.8282574321797123,22.11140685473888,5.23884135649727,5.23884135649727,1175.264179547982,0.2369293546500181
0.007200000000000001,1.2499619211445687,1.2913099248834778,493.99891217757784,2118.404708352872,4.9610363155838515,0.13007756683312172,11.933652041828283,2.9380614107512337,22.457366037622375,5.528996514309719,5.528996514309719,1234.9972804439446,0.24619968811333892
0.0074,1.3511887955432542,1.3942940169188993,518.2677271292957,2149.8461815565506,5.03447151967121,0.13007234942882084,11.930112301822252,3.048763403467788,22.789788772174205,5.823974848145651,5.823974848145651,1295.6693178232395,0.25555194505605017
0.0076,1.4573054560588543,1.5021739152953137,542.8967426255199,2179.9575615252456,5.104941631612806,0.13006644410016896,11.926519168243187,3.16030745513084,23.108789278905707,6.123402646401063,6.123402646401063,1357.2418565637995,0.2649815432775901
0.0078000000000000005,1.5683824189015927,1.6150184409546624,567.8707210595996,2208.7507547827217,5.172471888146735,0.1300597848076973,11.922877213198731,3.272638152235713,23.414481798195098,6.426898900105675,6.426898900105675,1419.6768026489992,0.2744839264647357
0.008,1.6844871664025245,1.732893420274887,593.1745612379731,2236.2376653232,5.237087530382077,0.13005230158398248,11.919191087690727,3.3857006228527737,23.706980590206935,6.73407602577274,6.73407602577274,1482.9364030949325,0.28405456359779974
0.0082,1.8056841742932679,1.8558617118329666,618.7932983513602,2262.430194637147,5.298813803787204,0.13004392046671331,11.915465513120393,3.499440536510943,23.9863999348392,7.044540573300521,7.044540573300521,1546.9832458784008,0.2936889484223364
0.008400000000000001,1.9320349389800024,1.9839832331679395,644.7121039462361,2287.3402417368416,5.3576759581843945,0.13003456343854597,11.911705272967989,3.6138041040835542,24.252854131698907,7.357893919334285,7.357893919334285,1611.7802598655903,0.3033825989872832
0.0086,2.06359800481179,2.117314987543924,670.9162858965774,2310.9797031817097,5.4136992477509285,0.1300241483739286,11.907915204642382,3.7287380776765824,24.506457500107086,7.673732946468057,7.673732946468057,1677.2907147414433,0.3131310572502992
0.0088,2.200428991343272,2.2559110907131608,697.3912883758821,2333.3604731034397,5.466908931026842,0.1300125889930635,11.904100191496372,3.8441897505192695,24.747324379133858,7.991650708635672,7.991650708635672,1743.4782209397054,0.3229298887508814
0.009000000000000001,2.342580620591802,2.3998227976790196,724.1226918294593,2354.494443230878,5.517330270929524,0.1299997948231593,11.900265155003869,3.960106956857162,24.975569127664517,8.311237083010951,8.311237083010951,1810.3067295736482,0.3327746823516786
0.0092,2.490102744289056,2.549098529459037,751.0962129469834,2374.3935029147,5.564988534775246,0.12998567116711357,11.896415047095514,4.076438071847586,25.191306124497,8.63207940870713,8.63207940870713,1877.7405323674584,0.342661050048253
0.0094,2.643042371127189,2.703783899847948,778.2977046353137,2393.0695391518793,5.609908994307818,0.12997011907975128,11.892554842649563,4.193132011457563,25.394649768471606,8.953763112536391,8.953763112536391,1945.7442615882844,0.35258462684737707
0.009600000000000001,2.8014436939995764,2.8639217421806964,805.7131559915737,2410.534436609926,5.652116925734439,0.12995303535173253,11.888689532135267,4.310138232364187,25.585714478633264,9.27587232206111,9.27587232206111,2014.2828899789342,0.3625410707137934
0.0098,2.9653481172362013,3.0295521360954742,833.3286922764888,2426.8000776509302,5.691637609768879,0.1299343125012292,11.884824114406323,4.427406731857466,25.764614694427028,9.597990466139777,9.597990466139777,2083.321730691222,0.3725260625852035
0.01,3.1347942838337315,3.2007124342967432,861.1305748879803,2441.8783423553855,5.728496331682072,0.1299138387734585,11.880963589642292,4.544888047745654,25.931464875927077,9.919700863142328,9.919700863142328,2152.8264372199505,0.3825353064550962
0.0102,3.3098181026803455,3.3774372893182636,889.1052013350098,2455.7811085458184,5.762718381360199,0.12989149814814815,11.87711295243622,4.662533258263048,26.086379504099668,10.24058729698179,10.24058729698179,2222.7630033375244,0.3925645295228648
0.010400000000000001,3.4904527757753514,3.559758680286117,917.2391052116778,2468.5202518101923,5.794329053370319,0.129867170354996,11.873277185027014,4.7802939819802805,26.229473081100213,10.560234581082243,10.560234581082243,2293.0977630291945,0.40260948241051314
0.0106,3.676728825443649,3.7477059396817363,945.5189561715662,2480.1076455251387,5.823353647033646,0.12984073089717557,11.869461250675478,4.898122377717099,26.360860130604987,10.878229110376749,10.878229110376749,2363.7973904289156,0.41266593944509083
0.0108,3.8686741215450917,3.941305780104927,973.9315599023291,2490.5551608789633,5.849817466506455,0.12981205108292565,11.865670087183162,5.015971144457624,26.48065519817737,11.194159401403146,11.194159401403146,2434.828899755823,0.42272969900584734
0.011000000000000001,4.06631390867878,4.140582321036905,1002.4638581005253,2499.874666894464,5.873745820868679,0.12978099806525248,11.861908600553505,5.133793521268099,26.58897285166892,11.507616620541297,11.507616620541297,2506.159645251313,0.4327965839349448
0.0112,4.269670833382363,4.345557115603308,1031.1029284466915,2508.078030451555,5.895164024220239,0.12974743488975957,11.858181658795065,5.251543287217109,26.685927681655407,11.818195100411275,11.818195100411275,2577.7573211167287,0.442862442010416
0.0114,4.478764971326361,4.556249177337231,1059.8359845806556,2515.1771163096932,5.914097395785076,0.12971122055061,11.854494085866847,5.369174761298276,26.771634301907753,12.125492844429502,12.125492844429502,2649.5899614516393,0.4529231464799083
0.011600000000000001,4.693613854503589,4.772675006942256,1088.6503760770834,2521.1837871301063,5.930571260022882,0.1296722100546141,11.850850655766024,5.486642802355411,26.84620734989782,12.429112019498048,12.429112019498048,2721.625940192708,0.4629745966536072
0.0118,4.914232498413707,4.99484861905546,1117.5335884212627,2526.1099034978442,5.944610946748573,0.12963025449342497,11.847256086758616,5.603902809010116,26.90976148733922,12.728659436781955,12.728659436781955,2793.8339710531573,0.4730127185545908
0.012,5.140633429242954,5.222781569010475,1146.4732429851172,2529.9673239436247,5.956241791259392,0.1295852011238118,11.843715035753881,5.72091071959182,26.96241140076268,13.0237470205099,13.0237470205099,2866.1831074627935,0.48303346562472155
0.0122,5.372826711039103,5.456482979600476,1175.4570970034506,2532.7679049655026,5.96548913446968,0.12953689345597127,11.84023209282341,5.837623012070235,27.004271802126123,13.313992264715816,13.313992264715816,2938.6427425086267,0.4930328194840479
0.012400000000000001,5.610819972881697,5.695959567841232,1204.4730435504196,2534.5235010503525,5.972378323053234,0.12948517134982532,11.836811775866135,5.95399670399023,27.035457429459086,13.59901867782205,13.59901867782205,3011.182608876049,0.5030067907415515
0.0126,5.854618436047593,5.941215671734124,1233.5091115162313,2535.245964695155,5.976934709593166,0.12942987111924267,11.833458525420607,6.069989352409049,27.056083047541087,13.878456214949383,13.878456214949383,3083.772778790578,0.5129514198549403
0.0128,6.1042249411718785,6.192253277029179,1262.5534655840672,2534.947146428117,5.97918365273927,0.1293708256441111,11.830176699626094,6.185559053835946,27.06626344861398,14.151941697825581,14.151941697825581,3156.383663960168,0.5228627780370726
0.013000000000000001,6.359639975404186,6.449072043988093,1291.5944062072258,2533.638894829596,5.979150517372724,0.12930786449017528,11.826970569334186,6.3006644441740995,27.06611345312756,14.419119222151199,14.419119222151199,3228.9860155180645,0.5327369682064579
0.0132,6.62086169956047,6.7116693341472375,1320.6203695864876,2531.3330565528504,5.976860674778097,0.1292408140365452,11.82384431337275,6.415264698664884,27.055747910518136,14.679640552270808,14.679640552270808,3301.5509239662188,0.5425701259791817
0.0134,6.8878859752702635,6.9800402370807255,1349.6199276476991,2528.041476344612,5.97233950282255,0.1291694976107686,11.82080201396414,6.529319531834409,27.035281700019773,14.933165502988345,14.933165502988345,3374.0498191192473,0.5523584206994752
0.013600000000000001,7.160706392119493,7.254177597163404,1378.5817880195718,2523.775997065473,5.965612386142069,0.1290937356313497,11.817847652299715,6.642789197442302,27.00482973150731,15.179362308357161,15.179362308357161,3446.4544700489296,0.5620980565060539
0.013800000000000002,7.439314294788857,7.534072040333893,1407.4947940116972,2518.5484597101063,5.956704716334679,0.12901334575758605,11.814985104272765,6.755634488432738,26.964506946370978,15.417907977269547,15.417907977269547,3518.736985029243,0.5717852734312492
0.014,7.723698810187847,7.819712000857606,1436.347924592775,2512.3707034272998,5.945641892160428,0.12892814304658373,11.812218136372014,6.867816736887641,26.914428318421695,15.648488635665485,15.648488635665485,3590.8698114819376,0.5814163485298631
0.0142,8.013846874584418,8.111083748089802,1465.1302943690528,2505.2545655398267,5.932449319748057,0.12883794011730074,11.809550401737866,6.979297813982043,26.854708854826598,15.870799855177737,15.870799855177737,3662.825735922632,0.5909875970345989
0.014400000000000001,8.309743260730382,8.40817141323857,1493.8311535629755,2497.211881564133,5.91715241280814,0.12874254732145696,11.806985436383655,7.090040129941567,26.78546359707389,16.084546968028626,16.084546968028626,3734.5778839074387,0.6004953735348356
0.0146,8.611370604982545,8.710957016127884,1522.439887992044,2488.254485229857,5.899776592852568,0.12864177292113835,11.804526655584066,7.200006634001969,26.70680762196636,16.289445367994556,16.289445367994556,3806.0997199801104,0.6099360731754582
0.0148,8.918709434419645,9.019420491960632,1550.9460190478815,2478.3942084991795,5.880347289420172,0.1285354232729117,11.802177350432927,7.309160814370742,26.618856042642754,16.48522079725597,16.48522079725597,3877.365047619704,0.6193061328723913
0.015000000000000001,9.231738193955115,9.33353971808162,1579.3392036755022,2467.6428815859954,5.858889940308291,0.12842330301825616,11.799940684572555,7.41746669819067,26.521724009626013,16.671609618953866,16.671609618953866,3948.3480091887554,0.6286020325414342
0.0152,9.550433273445728,9.653290540740606,1607.609234352788,2456.0123329749254,5.835429991810114,0.12830521528010605,11.797819691096645,7.524888851505375,26.415526711897638,16.84835907527964,16.84835907527964,4019.0230858819705,0.6378202963369677
0.0154,9.874769034796154,9.978646801855362,1635.7460390701656,2443.514389440152,5.809992898957522,0.12818096186528857,11.79581726962883,7.63139237922672,26.300379377997015,17.015227530930844,17.015227530930844,4089.365097675414,0.6469574938970593
0.015600000000000001,10.204717839059475,10.309580365774638,1663.7396813104854,2430.1608760640884,5.7826041257692635,0.1280503434726304,11.793936183578705,7.736942925104078,26.176397277144815,17.171984701774583,17.171984701774583,4159.349203276213,0.6560102415914897
0.0158,10.540250073533693,10.646061146041234,1691.5803600291008,2415.9636162558836,5.753289145504204,0.12791315990649493,11.792179057577169,7.841506671695399,26.0436957203894,17.318411868569267,17.318411868569267,4228.950900072752,0.6649752037692108
0.016,10.88133417885428,10.988057132155008,1719.2584096341452,2400.9344317697564,5.722073440919388,0.12776921029550256,11.790548375092715,7.94505034034,25.90239006177501,17.454302075606954,17.454302075606954,4298.146024085363,0.6738490940017473
0.0162,11.2279366760828,11.335534416335912,1746.7642999670077,2385.0851427231614,5.6889825045326745,0.1276182933161751,11.78904647623019,8.047541191133062,25.752595699530627,17.579460314150875,17.579460314150875,4366.91074991752,0.6826286763190743
0.0164,11.580022193791644,11.688457220287022,1774.0886362830045,2368.4275676148013,5.654041838889695,0.12746020742123573,11.787675555713317,8.148947022901742,25.594428077278458,17.693703690556813,17.693703690556813,4435.2215907075115,0.6913107664345296
0.0166,11.93755349514492,12.046787921957538,1801.2221592322444,2350.9735233424594,5.617276956834806,0.12729475107228533,11.786437661052222,8.249236173182855,25.42800268526044,17.796861578981527,17.796861578981527,4503.055398080611,0.6998922329553485
0.016800000000000002,12.300491504975547,12.410487082305849,1828.1557448406902,2332.7348252206752,5.5787133817857955,0.12712172297656604,11.785334690896818,8.34837751820206,25.253435061581794,17.888775758598513,17.888775758598513,4570.389362101726,0.7083699985754738
0.017,12.668795336858562,12.779513472062499,1854.8804044914111,2313.7232869982568,5.53837664801202,0.12694092232751375,11.784368393576905,8.4463404728545,25.07084079347005,17.969300535257897,17.969300535257897,4637.201011228528,0.7167410412473354
0.0172,13.042422320180705,13.153824098493311,1881.3872849060265,2293.950720875631,5.496292300915689,0.12675214904879034,11.783540365829445,8.543094990686804,24.88033551854839,18.03830284754627,18.03830284754627,4703.4682122650665,0.7250023953293815
0.017400000000000002,13.421328027206323,13.533374232162323,1907.6676681263427,2273.4289375220196,5.452485897315938,0.12655520404147905,11.782852051713348,8.638611563880412,24.682034926121535,18.09566235722102,18.09566235722102,4769.169170315857,0.7331511527062133
0.0176,13.805466300139601,13.918117433694839,1933.7129714961766,2252.16974609247,5.40698300573541,0.12634988943411582,11.78230474171183,8.732861223236144,24.47605475847305,18.141271524014158,18.141271524014158,4834.282428740442,0.7411844638782753
0.0178,14.194789278183192,14.308005580540474,1959.514747643369,2230.1849542447094,5.359809206688982,0.1261360088352216,11.781899572022146,8.825815538159928,24.262510812172348,18.175035664821184,18.175035664821184,4898.786869108423,0.74909953901815
0.018000000000000002,14.589247424593264,14.702988893736197,1985.0646844619862,2207.4863681558477,5.310990092974319,0.12591336758799213,11.781637524032256,8.917446616649649,24.041518939389924,18.196872997312067,18.196872997312067,4962.661711154966,0.7568936489906252
0.0182,14.988789553731,15.103015964669273,2010.3546050947052,2184.085792538905,5.260551269963852,0.12568177302679384,11.781519423983724,9.007727105283003,23.813195049219082,18.206714668022947,18.206714668022947,5025.8865127367635,0.7645641263338163
0.0184,15.393362858110605,15.508033781840387,2035.3764679153896,2159.9950306591936,5.2085183558978985,0.12544103473510682,11.781545942819879,9.096630189206333,23.577655109002833,18.20450476501012,18.20450476501012,5088.441169788473,0.772108366198764
0.018600000000000002,15.802912935443837,15.91798775762665,2060.122366511844,2135.225884350533,5.154916982178507,0.12519096480454878,11.781717596217966,9.184129592124314,23.335015145664023,18.190200315169495,18.190200315169495,5150.305916279611,0.7795238272450614
0.0188,16.217383815681114,16.33282175504455,2084.5845296687585,2109.790154031294,5.0997727936636394,0.12493137809460785,11.782034744803823,9.270199576290445,23.08539124703705,18.163771266348046,18.163771266348046,5211.461324171896,0.7868080324902147
0.019,16.63671798804922,16.75247811451307,2108.75532135083,2083.6996387203058,5.0431114489614,0.12466209249270505,11.782497594547241,9.354814942498296,22.828899563199755,18.12520045439655,18.12520045439655,5271.888303377074,0.7939585701105987
0.019200000000000002,17.060856428085668,17.176897680616673,2132.6272406860703,2056.9661360525683,4.984958620723783,0.12438292917420217,11.783106197335984,9.437951030073336,22.565656307803135,18.074483555334687,18.074483555334687,5331.5681017151755,0.8009730941920171
0.0194,17.489738624669727,17.606019828868327,2156.192921949294,2029.6014422948392,4.9253399959397095,0.12409371286196624,11.783860451726117,9.519583716865386,22.295777759397865,18.0116290228236,18.0116290228236,5390.482304873235,0.8078493254280641
0.0196,17.923302607050164,18.03978249247255,2179.4451345457855,2001.6173523610396,4.864281276226846,0.12379427208509633,11.78476010386606,9.59968941924152,22.01938026275527,17.936658011161647,17.936658011161647,5448.612836364464,0.8145850517646334
0.0198,18.361484971869768,18.478122189088424,2202.376782995146,1973.0256598275066,4.8018081781218545,0.12348443943641538,11.785804748591495,9.678245092079361,21.736580230181236,17.84960428404196,17.84960428404196,5505.941957487867,0.8211781289891125
0.02,18.804220910186615,18.920974047592594,2224.9809069153207,1943.838156948087,4.7379464333686645,0.12316405182832675,11.786993830688024,9.755228228760725,21.447494142821117,17.75051410933131,17.75051410933131,5562.452267288302,0.8276264812629751
0.020200000000000003,19.251444234492183,19.368271834842375,2247.250681006802,1914.0666346690637,4.672721789204357,0.12283295074663148,11.788326646318193,9.830616861165463,21.152238551953882,17.639446140150607,17.639446140150607,5618.1267025170055,0.833928101596661
0.0204,19.703087405726322,19.81994798243867,2269.1794150370106,1883.7228826439343,4.606160008642275,0.12249098250190221,11.78980234460931,9.90438955966549,20.850930080273677,17.51647128255747,17.51647128255747,5672.948537592526,0.8400810522658257
0.0206,20.159081560289124,20.275933613489087,2290.7605538248536,1852.8186892480173,4.538286870751928,0.12213799847800706,11.791419929398195,9.976525433118848,20.543685423156877,17.381672550150444,17.381672550150444,5726.901384562135,0.8460834651682213
0.020800000000000003,20.619356537049708,20.736158569370943,2311.9876772254565,1821.365841592919,4.469128170935329,0.12177385537737741,11.793178261128801,10.047004128863787,20.230621349913015,17.235144905933176,17.235144905933176,5779.969193063641,0.8519335421206566
0.021,21.08384090435197,21.200551436494223,2332.854500115071,1789.3761255408087,4.3987097211992765,0.12139841546261346,11.795076058898477,10.11580583271272,19.9118547050173,17.076995091793663,17.076995091793663,5832.136250287676,0.8576295550956726
0.0212,21.55246198701734,21.669039573064723,2353.354872376158,1756.8613257185766,4.32705735042329,0.12101154679402312,11.797111902648343,10.182911268946022,19.587502409323537,16.90734144597133,16.90734144597133,5883.387180940394,0.8631698463977486
0.021400000000000002,22.025145893344583,22.14154913584697,2373.482778882639,1723.8332255317885,4.254196904622675,0.12061312346269104,11.799284235493218,10.248301700305541,19.257681461254908,16.726313708898587,16.726313708898587,5933.706947206599,0.8685528287790378
0.0216,22.50181754210662,22.618005106927324,2393.2323394853274,1690.3036071785275,4.180154247206439,0.1202030258186783,11.801591366186166,10.31195892798777,18.92250893797154,16.534052817819447,16.534052817819447,5983.080848713319,0.873776985494814
0.0218,22.98240068954452,23.098331320476966,2412.597808997523,1656.284251663024,4.104955259229524,0.11978114069395614,11.80403147171281,10.373865291636612,18.582101996512254,16.330710690599208,16.330710690599208,6031.494522493807,0.8788408702989781
0.022000000000000002,23.46681795635857,23.582450489514915,2431.5735771807826,1621.7869388091879,4.028625839639142,0.11934736161968242,11.806602600010166,10.434003669335604,18.2365778749097,16.116449999152884,16.116449999152884,6078.933942951957,0.8837431073801553
0.0222,23.954990854696558,24.070284232671103,2450.15416873086,1586.8234472739307,3.9511919055146305,0.11890158903743374,11.809302672804854,10.49235747759958,17.886053893276106,15.891443932928803,15.891443932928803,6125.385421827151,0.8884823912390685
0.0224,24.446839815139207,24.561753100949325,2468.3342432638133,1551.4055545603599,3.87267939230061,0.11844373050401362,11.812129488565262,10.548910671365649,17.53064745485873,15.65587595289479,15.65587595289479,6170.835608159534,0.8930574865080447
0.022600000000000002,24.942284213682917,25.056776604490384,2486.1085953022803,1515.5450370307997,3.793114254032962,0.11797370088946296,11.815080725562225,10.603647743983442,17.17047604706279,15.409939536481266,15.409939536481266,6215.271488255701,0.8974672277136612
0.0228,25.44124239871972,25.555273239334937,2503.4721542619227,1479.2536699196778,3.712522463557369,0.11749142256790794,11.81815394503268,10.656553727204544,16.805657242440766,15.153837913943248,15.153837913943248,6258.680385654807,0.9017105189836886
0.023,25.94363171801456,26.057160514186744,2520.4199844380355,1442.5432273462043,3.6309300127398743,0.1169968256008884,11.821346594440714,10.70761419117101,16.436308699645522,14.887783796607179,14.887783796607179,6301.049961095089,0.9057863336996256
0.023200000000000002,26.449368545679942,26.562354977175502,2536.9472849923236,1405.4254823269746,3.548362912669428,0.11648984791282,11.824656010830298,10.756815244402949,16.062548164347206,14.611999097475168,14.611999097475168,6342.368212480808,0.9096937140962659
0.0234,26.95836830914787,27.070772242619963,2553.0493899398393,1367.9122067883236,3.464847193851682,0.11597043545825357,11.828079424264098,10.804143533785048,15.684493470110496,14.326714644658482,14.326714644658482,6382.623474849598,0.9134317708098451
0.0236,27.470545516139282,27.582327017790945,2568.721768136088,1330.0151715786105,3.3804089063941163,0.11543854238060627,11.83161396134259,10.849586244552007,15.302262539232627,14.032169888117473,14.032169888117473,6421.80442034022,0.9169996823764568
0.0238,27.985813781630867,28.096933129674408,2583.9600232642924,1291.7461464802639,3.2950741201818032,0.11489413116205165,11.83525664879782,10.8931311002728,14.91597338353903,13.728612600181725,13.728612600181725,6459.9000581607315,0.9203966946825173
0.024,28.504085854819362,28.614503551734362,2598.759893822821,1253.1169002217684,3.208868925043914,0.114337172764268,11.83900441715608,10.93476636283371,14.525744105137061,13.416298570326715,13.416298570326715,6496.899734557052,0.9236221203691736
0.024200000000000003,29.02527364608335,29.134950430675996,2613.117253112777,1214.1392004893946,3.1218194309102296,0.11376764675975883,11.842854104463871,10.974480832420062,14.131692897124498,13.095491294677263,13.095491294677263,6532.7931327819415,0.9266753381926323
0.0244,29.54928825394259,29.658185113208674,2627.0281092257424,1174.8248139388545,3.0339517679578085,0.11318554145347291,11.846802460071498,11.012263847496627,13.733938044253456,12.766461660708579,12.766461660708579,6567.570273064356,0.9295557923424821
0.0246,30.076039992014916,30.18411817280893,2640.4886050316895,1135.1855062067636,2.945292086747269,0.11259085399446721,11.850846148468705,11.048105284786597,13.33259792354731,12.429487627608014,12.429487627608014,6601.2215125792245,0.9322629917201455
0.024800000000000003,30.605438415970735,30.712659436483577,2653.4950181670383,1095.233041921965,2.8558665583485836,0.11198359047737134,11.854981753166918,11.08199555924912,12.927791004870132,12.084853902756938,12.084853902756938,6633.737545417596,0.9347965091796702
0.025,31.137392350485136,31.24371801153261,2666.0437610228796,1054.9791847166982,2.76570137445611,0.11136376603342937,11.859205780622581,11.113925624055335,12.519635851447413,11.73285161478483,11.73285161478483,6665.109402557199,0.937155980733128
0.0252,31.671809916187687,31.777202312312365,2678.1313807333477,1014.435697237605,2.674822747492648,0.11073140491091114,11.86351466419632,11.143886970562829,12.10825112033709,11.373777983640073,11.373777983640073,6695.3284518333685,0.9393411047229281
0.025400000000000002,32.20859855660987,32.31302008699847,2689.7545591641474,973.6143411566154,2.5832569107024153,0.11008654054470408,11.86790476814263,11.171871628288537,11.693755562850441,11.007935988114262,11.007935988114262,6724.386397910368,0.9413516409634095
0.0256,32.74766506513029,32.851078444348815,2700.910112901235,932.5268771816642,2.4910301182326684,0.10942921561491419,11.872372391625046,11.197872164879996,11.276268024921546,10.63563403124621,10.63563403124621,6752.275282253089,0.9431874098540868
0.0258,33.28891561191762,33.39128388046678,2711.59499323965,891.185065067241,2.3981686452038207,0.10875948209432365,11.876913772751728,11.221881686084918,10.855907447424704,10.257185604022718,10.257185604022718,6778.987483099126,0.9448482914669636
0.026000000000000002,33.8322557708713,33.933542305563996,2721.806286172493,849.6006636248433,2.30469878776808,0.10807740128457309,11.881525092626608,11.243893835719103,10.432792866439868,9.872908947782662,9.872908947782662,6804.515715431232,0.9463342246103402
0.0262,34.377590546560064,34.47775907072358,2731.541212380057,807.78543073323,2.2106468631562644,0.10738304384095458,11.886202479411384,11.263902795632582,10.007043413464572,9.483126715718049,9.483126715718049,6828.853030950142,0.9476452058715376
0.0264,34.924824401158325,35.02383899466304,2740.797127219104,765.7511233485641,2.1160392097128975,0.10667648978572336,11.890942012393735,11.281903285674062,9.578778315572787,9.088165633855398,9.088165633855398,6851.99281804776,0.9487812886409772
0.026600000000000002,35.473861281380394,35.57168639049741,2749.571520712283,723.5094975144195,2.0209021869194626,0.10595782850985595,11.895739726057354,11.297890563653569,9.148116895520202,8.68835616188726,8.68835616188726,6873.928801780708,0.9497425821200334
0.0268,36.02460464541263,36.121205092502144,2757.862017537698,681.0723083715883,1.925262175405614,0.10522715876320342,11.900591614149477,11.311860425303307,8.715178571794961,8.284032154210225,8.284032154210225,6894.6550438442455,0.9505292503150696
0.027,36.57695748984348,36.67229848287627,2765.666377018615,638.4513101678292,1.829145576948638,0.10448458863300981,11.905493633741827,11.323809204236758,8.280082858615234,7.875530521514489,7.875530521514489,6914.165942546538,0.9511415110200475
0.027200000000000002,37.130822376591496,37.22486951850532,2772.9824931133085,595.6582562674017,1.7325788144607963,0.10373023551078697,11.91044170928096,11.333733771905939,7.8429493658719185,7.463190893253376,7.463190893253376,6932.456232783272,0.9515796347900655
0.0274,37.686101459831356,37.778820757724375,2779.808394405051,552.7048991605267,1.6355883319648934,0.10296422604755852,11.915431736624278,11.34163153755689,7.403897799018036,7.047355281310262,7.047355281310262,6949.520986012628,0.9518439439081584
0.027600000000000003,38.242696512917846,38.3340543870812,2786.1422440922365,509.6029904726495,1.5382005945578099,0.1021866960975073,11.920459587058037,11.34750044818332,6.963047958903667,6.628367745163567,6.628367745163567,6965.355610230591,0.9519348113476451
0.027800000000000002,38.800508955307905,38.890472248099066,2791.9823399786414,466.3642809736202,1.440442088362326,0.10139779065008209,11.925521111293936,11.351338988478503,6.520519741557854,6.206574058838637,6.206574058838637,6979.955849946604,0.9518526597322728
0.028,39.359439879480746,39.447975864039975,2797.3271144638206,423.0005205867028,1.342339320467107,0.10059766375064119,11.930612143440973,11.353146180785327,6.076433137916946,5.7823213799189315,5.7823213799189315,6993.317786159551,0.9515979602963528
0.028200000000000003,39.91939007785606,40.0064664666676,2802.1751345336315,379.5234583974805,1.2439188188551067,0.09978647840973143,11.935728504949484,11.352921585044623,5.630908233500484,5.355957920876292,5.355957920876292,7005.437836334079,0.9511712318470394
0.0284,40.48026006971031,40.56584502301024,2806.5251017508936,335.94484266261037,1.1452071323203963,0.09896440650112315,11.940866008524427,11.350665298741689,5.184065208034716,4.9278326229644325,4.9278326229644325,7016.312754377233,0.9505730397308367
0.0286,41.04195012809122,41.126012262123986,2810.3758522461744,292.2764208184706,1.0462308303736636,0.09813162864874218,11.94602046200512,11.346377956851114,4.7360243350248155,4.498294832906757,4.498294832906757,7025.939630615436,0.9498039948063712
0.028800000000000003,41.60436030673039,41.68686870185571,2813.7263567087025,248.52993948965863,0.9470165031364479,0.09728833410266115,11.951187672208867,11.340060731779857,4.286905981276102,4.067693982594478,4.067693982594478,7034.3158917717565,0.9488647524253915
0.029,42.167390466954124,42.248314675605954,2816.5757203774047,204.71714449738852,0.8475907612244017,0.09643472060433246,11.95636344873602,11.331715333308672,3.836830606365605,3.6363792719982464,3.6363792719982464,7041.439300943511,0.9477560114239097
0.0292,42.73094030459247,42.8102503590922,2818.923183032066,160.84978086774342,0.7479802356196816,0.0955709942412662,11.961543607734217,11.321344008531854,3.385918762064403,3.2046993554818104,3.2046993554818104,7047.307957580165,0.9464785131253113
0.029400000000000003,43.29490937688651,43.372575797111665,2820.768118984614,116.93959283983429,0.6482115775328103,0.09469736929137507,11.966723975619672,11.308949541795405,2.9342910917123106,2.7730020316939683,2.7730020316939683,7051.920297461535,0.9450330403572123
0.0296,43.859197129393905,43.93519093030446,2822.1100370705167,72.99832387380424,0.548311458254108,0.0938140680572282,11.97190039275359,11.294535254633596,2.482068329545345,2.341633937200802,2.341633937200802,7055.275092676292,0.9434204164837529
0.0298,44.42370292289278,44.49799562191658,2822.948580640303,29.037716658773544,0.4483065689951733,0.0929213206904744,11.97706871707189,11.278105005704036,2.029371299978151,1.9109402440091479,1.9109402440091479,7057.371451600758,0.941641504454962
0.030000000000000002,44.98832606028381,45.060889684562945,2823.2835275511934,-14.93048687939688,0.3482236207204137,0.09201936500671315,11.982224827666588,11.259663190721227,1.576320916841379,1.4812643611177516,1.4812643611177516,7058.2088188779835,0.9396972058747397
0.0302,45.55296581349079,45.623772906990375,2823.1147901588456,-58.89454557039933,0.24808934396920185,0.09110844629110947,11.987364628317323,11.239214742388715,1.123038182576634,1.0529476402231126,1.0529476402231126,7057.786975397114,0.9375884600889439
0.0304,46.11752145035945,46.18654508084064,2822.4424153092136,-102.84271899190703,0.14793048866879774,0.09018881709506515,11.992484050971676,11.216765130329858,0.6696441873896195,0.6263290856935823,0.6263290856935823,7056.106038273034,0.9353162432949855
0.030600000000000002,46.6818922615547,46.74910602741365,2821.266584330511,-146.7632674621081,0.04777382393842755,0.0892607370242754,11.997579059173017,11.19232036101728,0.2162601083632523,0.20174506891531765,0.20174506891531765,7053.166460826276,0.932881567674267
0.0308,47.245977587456274,47.311355624430135,2819.5876130252836,-190.6444520323309,-0.0523538621151034,0.08832447251851445,12.002645651434763,11.165886977701085,-0.2369927914675463,-0.2204709528969707,-0.2204709528969707,7048.969032563208,0.9302854805487276
0.031,47.809676845052806,47.87319383279499,2817.4059516625875,-234.47453447979092,-0.15242576260997392,0.08738029662350905,12.007679864560103,11.137472060335831,-0.6899931640780713,-0.6399887133419813,-0.6399887133419813,7043.514879156469,0.9275290635626758
0.031200000000000002,48.37288955483431,48.43452072336014,2814.722184970267,-278.2417773004173,-0.25241505210961973,0.08642848875527126,12.012677776906234,11.107083225506452,-1.1426195774509535,-1.0564814088528114,-1.0564814088528114,7036.805462425667,0.9246134318910358
0.031400000000000004,48.93551536768317,48.99523650368761,2811.5370321273335,-321.93444370178656,-0.3522948868503938,0.08546933445727532,12.017635511592395,11.074728626353046,-1.594750516606721,-1.4696259660329418,-1.4696259660329418,7028.842580318334,0.9215397334750411
0.0316,49.497454091763636,49.55524154481254,2807.8513467564467,-365.54079759615917,-0.45203840497620745,0.0845031251508751,12.022549239651015,11.040416952494748,-2.04626438466596,-1.8791033042513101,-1.8791033042513101,7019.628366891117,0.91830914828636
0.0318,50.05860571940972,50.11443640800624,2803.6661169164868,-409.049103593587,-0.5516187267796766,0.08353015787936872,12.027415183121377,11.004157429952636,-2.497039503940923,-2.2845985934482114,-2.2845985934482114,7009.165292291217,0.9149228876205483
0.032,50.61887045401172,50.67272187153916,2798.9824650952223,-452.4476269951356,-0.6510089549494493,0.08255073504612766,12.032229618085342,10.965959821071827,-2.9469541170551206,-2.6858015071117833,-2.6858015071117833,6997.456162738055,0.9113821934206748
0.0322,51.17814873690129,51.229998957444046,2793.801648202071,-495.7246337861922,-0.7501821748232314,0.08156516414721536,12.036988877644692,10.925834424442789,-3.395886388088702,-3.082406470390977,-3.082406470390977,6984.5041205051775,0.9076883376318841
0.0324,51.73634127423496,51.78616895827877,2788.12505756095,-538.8683906298028,-0.8491114546459437,0.08057375749892899,12.041689354839802,10.883792074822018,-3.8437144037470707,-3.4741129033168083,-3.4741129033168083,6970.312643902375,0.9038426215876096
0.032600000000000004,52.29334906387635,52.34113346388951,2781.954218903214,-581.8671648602068,-0.9477698458329525,0.07957683196070396,12.046327505509337,10.839844143052044,-4.29031617455246,-3.8606254591114557,-3.8606254591114557,6954.885547258035,0.8998463754280702
0.0328,52.849073422276916,52.894794388173636,2775.2907923606776,-624.7092244763257,-1.046130383237381,0.07857470865382671,12.050899851090794,10.794002535980976,-4.735569636053988,-4.241654257566043,-4.241654257566043,6938.226980901694,0.895700957551643
0.033,53.403416011355354,53.447053995843014,2768.136572458724,-667.3828381354192,-1.1441660854215303,0.07756771267640569,12.05540298136172,10.746279696381562,-5.179352650056311,-4.616915113476631,-4.616915113476631,6920.3414311468105,0.8914077540996239
0.0332,53.95627886537558,53.99781492918666,2760.4934881094923,-709.8762751467702,-1.2418499549316473,0.0765561728150537,12.059833557121545,10.696688602869923,-5.621543005863424,-4.986129760128693,-4.986129760128693,6901.23372027373,0.8869681784748463
0.0334,54.50756441782342,54.54698023483405,2752.3636026051463,-752.1778054654849,-1.3391549785757757,0.07554042125373728,12.06418831281391,10.645242769823982,-6.062018421536433,-5.349026067825762,-5.349026067825762,6880.909006512867,0.8823836708945597
0.033600000000000005,55.05717552828186,55.09445339051803,2743.749113611221,-794.2756996862963,-1.4360541277039842,0.07452079328024985,12.068464059089507,10.591956247301733,-6.5006565451620695,-5.705338257458998,-5.705338257458998,6859.372784028054,0.8776556979779274
0.033800000000000004,55.605015509305105,55.640138331837804,2734.6523531600437,-836.1582290375077,-1.53252035849082,0.0734976269907655,12.072657685309427,10.53684362095937,-6.937334956131285,-6.0548071091188955,-6.0548071091188955,6836.630882900109,0.8727857523684361
0.034,56.15098815329124,56.18393947902205,2725.075787644227,-877.8136653749647,-1.6285266122192856,0.0724712629929289,12.076766161989,10.479920011969421,-7.37193116642475,-6.39718016574992,-6.39718016574992,6812.689469110568,0.867775352391473
0.0342,56.69499775935358,56.72576176369202,2715.0220178102386,-919.230281176105,-1.7240458155659937,0.07144204410793567,12.080786543182217,10.421201076938898,-7.804322621903676,-6.7322119318514035,-6.7322119318514035,6787.555044525597,0.8626260417472648
0.0344,57.236949160190846,57.26551065562427,2704.493778752036,-960.3963495340424,-1.8190508808869466,0.07041031507205321,12.084715968806735,10.36070300782765,-8.234386703603462,-7.059664067227924,-7.059664067227924,6761.234446880091,0.8573393892393387
0.0346,57.77674774895597,57.80309218951404,2693.493939904773,-1001.3001441517637,-1.9135147065036828,0.06937642223802863,12.088551666909524,10.298442531866868,-8.662000729029018,-7.379305575793583,-7.379305575793583,6733.734849761933,0.8519169885386028
0.034800000000000005,58.31429950612367,58.338412991738,2682.025505038567,-1041.929939336315,-2.0074101769890618,0.06834071327682463,12.092290955873189,10.234436911477948,-9.087041953448429,-7.6909129894324195,-7.6909129894324195,6705.063762596419,0.846360457983118
0.035,58.84951102635683,58.87138030711746,2670.091612252339,-1082.2740099931061,-2.100710163452543,0.0673035368801185,12.095931246563023,10.16870394419171,-9.509387571184352,-7.994270546918499,-7.994270546918499,6675.229030630849,0.8406714404135753
0.0352,59.38228954537162,59.40190202568123,2657.695533967707,-1122.3206316202447,-2.193387523824342,0.0662652424639913,12.099470044414751,10.101261962568067,-9.928914716900316,-8.28917036789595,-8.28917036789595,6644.238834919268,0.834851603044459
0.0354,59.91254296680141,59.929886709428885,2644.840676922948,-1162.0580803028902,-2.285415103138008,0.06522617987422678,12.102904951463016,10.032129834116283,-10.345500466879873,-8.575412621917977,-8.575412621917977,6612.101692307371,0.8289026373708392
0.0356,60.44017988905947,60.45524361909363,2631.530582167016,-1201.47463270771,-2.376765733811211,0.0641866990936302,12.106233668310507,9.961326961215775,-10.759021840297665,-8.852805692542299,-8.852805692542299,6578.826455417539,0.8228262591106863
0.0358,60.96510963220048,60.97788274090522,2617.768925053616,-1240.5585660773577,-2.4674122359241535,0.06314714995176693,12.109453996037715,9.88887328103766,-11.169355800479709,-9.121166336476232,-9.121166336476232,6544.422312634039,0.8166242081825784
0.036000000000000004,61.48724226478089,61.49771481335331,2603.5595152353394,-1279.2981582249809,-2.5573274174952263,0.06210788183751006,12.112563838053145,9.814789265467024,-11.576379256151231,-9.380319837761974,-9.380319837761974,6508.898788088348,0.8102982487186261
0.0362,62.00648863071805,62.01465135395,2588.90629665785,-1317.6816875288125,-2.6464840747536735,0.061069243414774294,12.115561201883875,9.739095921026047,-11.979969062670952,-9.630100156989426,-9.630100156989426,6472.265741644625,0.8038501691124051
0.0364,62.52276037614833,62.528604685993514,2573.813347554124,-1355.697432926756,-2.7348549924086742,0.06003158234180095,12.118444200906218,9.661814788798,-12.380002023249144,-9.870350075518198,-9.870350075518198,6434.533368885311,0.797281782101657
0.0366,63.03596997628383,63.039487965330515,2558.2848804387445,-1393.333673911074,-2.8224129439147605,0.05899524499434566,12.121211056016252,9.58296794435221,-12.776354890149122,-10.100921334687673,-10.100921334687673,6395.712201096861,0.7905949248854793
0.0368,63.54603076226824,63.54721520711965,2542.3252421022416,-1430.5786905230236,-2.9091306917328623,0.05796057619310608,12.123860097239838,9.502577997670064,-13.168904365868926,-10.321674769986565,-10.321674769986565,6355.813105255605,0.7837914592757018
0.037000000000000005,64.0528569480314,64.0517013125945,2525.9389136054892,-1467.4207633476578,-2.994980987587161,0.05692791893571261,12.126389765281811,9.42066809307205,-13.557527104304022,-10.532480440150872,-10.532480440150872,6314.847284013724,0.7768732718820966
0.037200000000000004,64.55636365714278,64.55286209582628,2509.130510274142,-1503.8481735084977,-3.07993657271678,0.0558976141335896,12.128798613013792,9.337261909146,-13.942099711886659,-10.733217751149306,-10.733217751149306,6272.826275685355,0.7698422743310646
0.0374,65.0564669496639,65.05061431048722,2491.904781693125,-1539.8492026624426,-3.163970178122839,0.054870000353978876,12.131085306900165,9.252383658676452,-14.322498748704211,-10.923775575013797,-10.923775575013797,6229.761954232814,0.7627004035173748
0.0376,65.55308384899956,65.54487567661346,2474.2666117011686,-1575.4121329944867,-3.2470545248096334,0.05384541356740091,12.133248628361521,9.166058088575328,-14.698600729590934,-11.104052363460053,-11.104052363460053,6185.666529252922,0.7554496218885376
0.0378,66.04613236874812,66.03556490736814,2456.2210183853836,-1610.5252472126685,-3.3291623240206336,0.0528241869008123,12.135287475074907,9.078310479813831,-15.070282125196286,-11.273956256242377,-11.273956256242377,6140.552545963459,0.7480919177613297
0.038,66.5355315395505,66.52260173580413,2437.7731540758873,-1645.17682854293,-3.4102662774683483,0.05180665039670104,12.137200862210086,8.989166647355743,-15.437419363025446,-11.433405184173848,-11.433405184173848,6094.432885189719,0.7406293056699803
0.038200000000000005,67.02120143593835,67.00590694162759,2418.928305340465,-1679.3551607240652,-3.4903390775582093,0.050793130778343305,12.138987923600865,8.898652940092017,-15.7998888284528,-11.582326966738766,-11.582326966738766,6047.320763351163,0.7330638267454799
0.038400000000000004,67.50306320318096,67.48540237796055,2399.6918929792823,-1713.0485280026182,-3.569353407605984,0.0497839512214277,12.140647912850566,8.806796240776892,-16.1575668657061,-11.720659404213892,-11.720659404213892,5999.229732448206,0.7253975491254567
0.0386,67.98103908413121,67.96101099810411,2380.069472019629,-1746.2452151279533,-3.6472819420490037,0.04877943113223516,12.142180204370504,8.713623965965327,-16.51032977882265,-11.84835036420863,-11.84835036420863,5950.173680049073,0.7176325683940115
0.0388,68.45505244607048,68.43265688230144,2360.06673171071,-1778.9335073471898,-3.7240973466503737,0.04777988593254367,12.143584294350266,8.619164065952022,-16.85805383257371,-11.96535786252212,-11.96535786252212,5900.166829276775,0.7097710080508964
0.039,68.92502780755247,68.90026526450082,2339.6894955184753,-1811.1016904002793,-3.799772278696604,0.046785626851409086,12.144859801658516,8.523445024711878,-17.200615253359114,-12.071650138209577,-12.071650138209577,5849.223738796189,0.7018150200093628
0.0392,69.390890865246,69.3637625591187,2318.943721120486,-1842.7380505150293,-3.8742793871881265,0.04579696072395479,12.146006468672853,8.426495859842014,-17.53789023006971,-12.167205722737753,-12.167205722737753,5797.359302801215,0.6937667851219862
0.039400000000000004,69.85256852077686,69.82307638780262,2297.8355004008217,-1873.8308744022759,-3.947591313023009,0.044814189797283736,12.147024162037223,8.328346122505307,-17.86975491491897,-12.252013503101939,-12.252013503101939,5744.588751002054,0.6856285137337316
0.0396,70.30998890756854,70.27813560619424,2276.371059445026,-1904.3684492508687,-4.019680689173026,0.04383761154360865,12.14791287334516,8.229025897375562,-18.19608542424004,-12.326072778763402,-12.326072778763402,5690.927648612565,0.6774024462614987
0.0398,70.76308141768205,70.72887033069256,2254.556758535086,-1934.3390627229253,-4.0905201408530445,0.04286751848067707,12.148672719747129,8.128565802584154,-18.516757839252467,-12.389393312260745,-12.389393312260745,5636.3918963377155,0.6690908537993233
0.04,71.21177672865468,71.17521196521677,2232.399092144454,-1963.7310029489302,-4.160082285682694,0.041904197999549773,12.149303944479989,8.026996989668364,-18.83164820679409,-12.441995373332457,-12.441995373332457,5580.997730361134,0.6606960387484102
0.0402,71.65600683033777,71.61709322796925,2209.904688933101,-1992.532558522932,-4.228339733840866,0.04094793219977281,12.149806917316573,7.924351143521261,-19.140632540020384,-12.483909776381076,-12.483909776381076,5524.761722332753,0.6522203354710963
0.040400000000000005,72.09570505173352,72.05444817819884,2187.080311742611,-2020.7320184977402,-4.295265088212794,0.039998997731965344,12.150182134933155,7.820660482343191,-19.443586819070262,-12.515177911096256,-12.515177911096256,5467.700779356528,0.6436661109678268
0.040600000000000004,72.53080608783081,72.48721224296344,2163.9328575913073,-2048.317672380197,-4.36083094452987,0.03905766564782776,12.150430221192522,7.715957757594847,-19.740386991699005,-12.535851766043479,-12.535851766043479,5409.832143978268,0.6350357655761717
0.0408,72.96124602644007,72.91532224389344,2140.4693576694162,-2075.27781012636,-4.425009891501861,0.03812420125755687,12.15055192734015,7.610276253951981,-20.030908973876738,-12.54599394501236,-12.54599394501236,5351.17339417354,0.6263317336908768
0.041,73.38696237502714,73.3387164239547,2116.69697733427,-2101.600722136856,-4.487774510942126,0.03719886399463832,12.15054813211091,7.503649789261659,-20.315028650355305,-12.545677675909126,-12.545677675909126,5291.742443335674,0.6175564845038849
0.0412,73.80789408754622,73.75733447421113,2092.6230161055364,-2127.2746992521147,-4.5490973778852215,0.03628190728796903,12.150419841743552,7.396112714500118,-20.592621875200592,-12.53498681196262,-12.53498681196262,5231.5575402638415,0.6087125227632295
0.0414,74.22398159127185,74.17111756058844,2068.2549076604955,-2152.288032747737,-4.60895106069755,0.035373578441246466,12.150168189900057,7.2876999137321805,-20.86356447229344,-12.514015825004755,-12.514015825004755,5170.637269151239,0.5998023895496484
0.041600000000000005,74.63516681362997,74.58000835063663,2043.60021982934,-2176.629014329821,-4.667308121180723,0.034474118519545925,12.149794437486854,7.178446804072224,-21.127732235797513,-12.482869790571176,-12.482869790571176,5109.000549573349,0.5908286630697155
0.041800000000000004,75.04139320902799,74.98395104029301,2018.6666545905193,-2200.2859361303194,-4.724141114667877,0.033583762242990985,12.149299972374692,7.068389335646692,-21.385000930595332,-12.441664364557584,-12.441664364557584,5046.666636476298,0.5817939594642432
0.042,75.44260578568401,75.38289138064569,1993.4620480661151,-2223.2470907024485,-4.779422590113155,0.032702737887408254,12.148686309013854,6.957563991558087,-21.635246292693296,-12.390525751154433,-12.390525751154433,4983.655120165288,0.5727009336306464
0.0422,75.83875113245507,75.77677670469602,1967.994370517253,-2245.5007710161,-4.833125090174295,0.031831267191842684,12.147955087941241,6.846007787850469,-21.878344029595574,-12.329590661770117,-12.329590661770117,4919.985926293133,0.5635522800579177
0.0424,76.22977744566448,76.16555595412217,1942.2717263395496,-2267.0352704532847,-4.885221151288575,0.030969565272796484,12.14710807517569,6.733758273476413,-22.114169820647874,-12.259006264640997,-12.259006264640997,4855.6793158488745,0.554350733672798
0.0426,76.61563455592825,76.54917970604157,1916.302354058595,-2287.8388828035686,-4.935683303742177,0.030117840545041245,12.14614716149777,6.620853530265399,-22.34259931735142,-12.17893012481418,-12.17893012481418,4790.755885146487,0.5450990706956794
0.042800000000000005,76.99627395498068,76.92760019977453,1890.0946263254712,-2307.899902259603,-4.984484071733332,0.029276294648840854,12.145074361610131,6.507332172893569,-22.563508143648832,-12.089530134177487,-12.089530134177487,4725.236565813677,0.5358001095047112
0.043000000000000003,77.37164882249895,77.30077136360684,1863.6570499123054,-2327.206623412596,-5.031595973429098,0.028445122383411032,12.143891813174374,6.3932333488548965,-22.776771896181103,-11.990984431197937,-11.990984431197937,4659.142624780763,0.5264567115065336
0.0432,77.74171405292695,77.66864884155306,1836.998265707861,-2345.7473412478807,-5.076991521016299,0.02762451164643008,12.14260177572024,6.278596738433638,-22.982266144518228,-11.883481310019905,-11.883481310019905,4592.4956642696525,0.5170717820119917
0.0434,78.10642628229809,78.03119002011937,1810.127048713163,-2363.5103511404764,-5.120643220746599,0.026814643379405374,12.141206629422737,6.163462554678094,-23.17986643136321,-11.767219118561336,-11.767219118561336,4525.317621782908,0.5076482711151371
0.0436,78.46574391505736,78.3883540550665,1783.0523080371602,-2380.483948850664,-5.162523572975941,0.026015691518690383,12.139708873742828,6.047871543375625,-23.369448272730597,-11.642406145235714,-11.642406145235714,4457.630770092901,0.4981891745737547
0.0438,78.81962715088245,78.74010189817318,1755.7830868924252,-2396.6564305196125,-5.202605072198663,0.025227822951938615,12.138111125927,5.931864983028866,-23.550887158100945,-11.509260493916768,-11.509260493916768,4389.457717231063,0.48869753468959476
0.044000000000000004,79.16803801150414,79.08639632399871,1728.3285625908893,-2412.0160926650105,-5.240860207076418,0.024451197479771997,12.136416119361023,5.8154846848331125,-23.72405855055169,-11.368009946751997,-11.368009946751997,4320.821406477223,0.4791764411864361
0.0442,79.51094036752556,79.42720195664634,1700.6980465396166,-2426.551232176792,-5.2772614604623005,0.023685967782434935,12.134626701773058,5.698772992654799,-23.888837886866384,-11.218891814421545,-11.218891814421545,4251.745116349041,0.4696290320840376
0.0444,79.84829996524101,79.76248529652608,1672.9009842366133,-2440.250146312751,-5.311781309419985,0.02293227939119794,12.13274583328114,5.581772783011113,-24.04510057762133,-11.062152773428293,-11.062152773428293,4182.252460591533,0.4600584945659903
0.0446,80.18008445345356,80.0922147471175,1644.9469552666776,-2453.1011326943685,-5.344392225238818,0.022190270664269356,12.130776584279978,5.464527465050551,-24.19272200725391,-10.898048689998088,-10.898048689998088,4112.367388166694,0.45046806583940546
0.0448,80.5062634102921,80.41636064173353,1616.8456732972836,-2465.092489302497,-5.37506667344433,0.021460072766968926,12.128722133161897,5.347080980534547,-24.33157753411014,-10.72684443015802,-10.72684443015802,4042.114183243209,0.44086103398434356
0.045000000000000005,80.82680837002745,80.73489527028265,1588.6069860745079,-2476.2125144732,-5.4037771138050825,0.020741809655912227,12.126585763866665,5.229477803819958,-24.461542490475683,-10.548813655555481,-10.548813655555481,3971.5174651862694,0.43124073879080826
0.045200000000000004,81.14169284988758,81.04779290603246,1560.240875418991,-2486.4495068935653,-5.430496000335699,0.020035598066952244,12.124370863254864,5.111762941842464,-24.582492182589586,-10.36423860457196,-10.36423860457196,3900.6021885474775,0.42161057258109796
0.0454,81.45089237687225,81.35502983237217,1531.7574572219396,-2495.7917655975134,-5.455195781296363,0.019341547506621214,12.122080918299364,4.99398193410082,-24.694301890641977,-10.173409858280257,-10.173409858280257,3829.3936430548497,0.41197398101525273
0.0456,81.75438451456667,81.65658436957635,1503.166981441169,-2504.227589961787,-5.4778488991895005,0.01865976024681449,12.119719513089468,4.876180852641819,-24.796846868759058,-9.976626090789102,-9.976626090789102,3757.9174536029223,0.4023344638772766
0.0458,82.05214888995445,81.95243690156738,1474.4798320971802,-2511.745279701774,-5.498427790753086,0.017990331322456705,12.117290325642156,4.758406302046075,-24.890002344972817,-9.774193803513056,-9.774193803513056,3686.1995802429506,0.39269557583979925
0.046,82.34416722022972,82.24256990267874,1445.706527269283,-2518.3331348675115,-5.5169048869516395,0.01733334853189057,12.114797124514858,4.640705419414428,-24.973643521180264,-9.566427042904884,-9.566427042904884,3614.266318173208,0.383060927204777
0.046200000000000005,82.63042333960848,82.52696796441778,1416.8577190917556,-2523.979455839627,-5.5332526129646045,0.016688892439728716,12.112243765214199,4.523125874355014,-25.047645573090804,-9.353647101183263,-9.353647101183263,3542.144297729389,0.37343418461781797
0.046400000000000004,82.91090322613935,82.80561782222928,1387.9441937500433,-2528.6725433254646,-5.547443388172947,0.01605703638191046,12.109634186395075,4.4057158689708515,-25.111883650165606,-9.13618219958959,-9.13618219958959,3469.860484375108,0.3638190717536771
0.0466,83.18559502851323,83.07850838225767,1358.9768714770014,-2532.400698355023,-5.559449626143361,0.015437846472707214,12.106972405844472,4.288524137848068,-25.166232875546083,-8.914367153706008,-8.914367153706008,3397.442178692504,0.3542193699704678
0.0468,83.45448909287258,83.3456307481109,1329.9668065491755,-2535.1522222771173,-5.5692437346113,0.014831381613422514,12.104262516244448,4.1715999480444985,-25.21056834597708,-8.68854302037069,-8.68854302037069,3324.9170163729386,0.3446389189300901
0.047,83.7175779896197,83.60697824762276,1300.925187283124,-2536.9154167555002,-5.576798115462448,0.014237693502536468,12.101508680708733,4.054993099078783,-25.244765131723018,-8.459056725727715,-8.459056725727715,3252.3129682078097,0.33508161718240403
0.0472,83.97485654022441,83.86254645961655,1271.8633360317824,-2537.6785837650177,-5.582085164713081,0.01365682664704779,12.098715128087449,3.938753922919827,-25.26869827647897,-8.226260673954075,-8.226260673954075,3179.6583400794566,0.3255514227106578
0.047400000000000005,84.22632184403095,84.11233324066774,1242.792709180869,-2537.430025587867,-5.585077272489693,0.013088818374771681,12.095886148034552,3.8229332839765746,-25.28224279727845,-7.990512336212568,-7.990512336212568,3106.981772952173,0.31605235343569754
0.0476,84.47197330506417,84.35633875186652,1213.7248971453298,-2536.158044809745,-5.585746823007654,0.012533698847356478,12.093026085832633,3.7075825790881423,-25.285273684396792,-7.75217381938614,-7.75217381938614,3034.3122428633237,0.30658848767652075
0.0478,84.71181265883504,84.5945654855822,1184.6716243658273,-2533.850944316184,-5.584066194549796,0.01199149107378827,12.090139336969916,3.592753737514127,-25.27766590125422,-7.511611414159709,-7.511611414159709,2961.6790609145683,0.2971639645647425
0.048,84.94584399914548,84.82701829222442,1155.6447493052726,-2530.4970272889327,-5.580007759444835,0.011462210924158573,12.087230341464304,3.4784992209251175,-25.259294384318185,-7.269195122025341,-7.269195122025341,2889.1118732631817,0.2877829844106136
0.0482,85.17407380489242,85.05370440700813,1126.6562644453948,-2526.08459720221,-5.5735438840454625,0.01094586714347744,12.08430357792959,3.3648720233934304,-25.230034043004153,-7.025298160799247,-7.025298160799247,2816.6406611134867,0.2784498090182815
0.048400000000000006,85.39651096687122,85.27463347671474,1097.7182962833563,-2520.601957819166,-5.564646928707046,0.010442461365321542,12.081363557379055,3.2519256713838995,-25.189759759579225,-6.7802964482545205,-6.7802964482545205,2744.295740708391,0.2691687619480409
0.048600000000000004,85.61316681457845,85.48981758645664,1068.843105328409,-2514.0374131883127,-5.553289247766655,0.009951988125114624,12.07841481676186,3.1397142237447637,-25.138346389067163,-6.534568063488387,-6.534568063488387,2672.107763321022,0.2599442287234261
0.0488,85.82405514301402,85.69927128643923,1040.0430860985923,-2506.379267640001,-5.5394431895227125,0.009474434872846141,12.075461912227937,3.0282922716986027,-25.075668759156315,-6.288492685661313,-6.288492685661313,2600.107715246481,0.250780656981086
0.049,86.0291922394825,85.90301161872445,1011.3307671174746,-2497.615825782929,-5.5230810962154955,0.009009781985042754,12.072509412117178,2.917714938833261,-25.0016016701113,-6.042451009764788,-6.042451009764788,2528.326917793687,0.24168255656150084
0.0492,86.22859691039402,86.10105814399405,982.7188109109342,-2487.735392500794,-5.504175304008858,0.008558002775816087,12.069561889669155,2.8080378810927105,-24.916019894690308,-5.796824139096223,-5.796824139096223,2456.7970272773355,0.2326544995387304
0.0494,86.42229050806434,86.29343296831158,954.2200140039843,-2476.7262729486797,-5.482698142972439,0.008119063506820142,12.0666239154497,2.699317286767978,-24.818798178064544,-5.551992954141762,-5.551992954141762,2385.550035009961,0.22370112018754995
0.049600000000000005,86.61029695751441,86.48016076988664,925.8473069176414,-2464.5767725499886,-5.458621937066365,0.0076929233959610885,12.063700049491134,2.5916098764877473,-24.70981123774898,-5.308337457594481,-5.308337457594481,2314.6182672941036,0.21482711488645356
0.049800000000000004,86.79264278326922,86.66126882583698,897.6137541658316,-2451.2751969928627,-5.431919004126166,0.007279534624712619,12.06079483314311,2.484972903209082,-24.588933763534087,-5.066236095259186,-5.066236095259186,2244.0343854145794,0.20603724195526213
0.05,86.96935713615613,86.8367870389523,869.5325542523427,-2436.809852227121,-5.4025616558503975,0.006878842343900067,12.057912780631513,2.3794641522077864,-24.456040417429787,-4.826065052626065,-4.826065052626065,2173.831385630857,0.19733632142620008
0.0502,87.1404718201025,87.00674796445638,841.617039667815,-2421.16904446087,-5.370522197789173,0.006490784677827205,12.055058370323067,2.275141941068746,-24.311005833613542,-4.588197526922371,-4.588197526922371,2104.0425991695374,0.18872923474760198
0.0504,87.30602131893278,87.17118683677127,813.8806768867756,-2404.341080157378,-5.335772929335065,0.006115292726630185,12.05223603569381,2.172065119675966,-24.153704618389188,-4.353002974484086,-4.353002974484086,2034.7016922169391,0.18022092441960103
0.0506,87.46604282316495,87.33014159627884,786.3370663647132,-2386.3142660319663,-5.298286143715908,0.005752290566754073,12.049450155999846,2.070293070202401,-23.984011350154315,-4.12084633332051,-4.12084633332051,1965.842665911783,0.1718163935614547
0.050800000000000005,87.62057625680656,87.4836529160855,758.9999425351938,-2367.076909048827,-5.258034127989411,0.0054016952494582065,12.046705046649338,1.9698857070995826,-23.80180057937594,-3.892087220778124,-3.892087220778124,1897.4998563379843,0.16352070541043795
0.051000000000000004,87.76966430414986,87.63176422878328,731.883173807017,-2346.6173164179504,-5.214989163040069,0.005063416797267655,12.044004949274933,1.8709034770869628,-23.606946828576444,-3.6670791062444383,-3.6670791062444383,1829.7079345175425,0.15533898275254313
0.0512,87.91335243656674,87.774521753215,705.0007625614145,-2324.923795592209,-5.169123523578535,0.004737358198298929,12.041354021506404,1.7734073591409285,-23.39932459233082,-3.446168458867009,-3.446168458867009,1762.5019064035364,0.14727640728555466
0.0514,88.05168893930284,87.9119745212358,678.3668451492858,-2301.984654264229,-5.120409478142716,0.004423415398399219,12.038756326443572,1.677458864483632,-23.178808337271555,-3.2296938702977687,-3.2296938702977687,1695.9171128732148,0.13933821891543993
0.0516,88.18472493827126,88.04417440447644,651.9956918884768,-2277.7882003635486,-5.068819289101731,0.004121477291049068,12.036215821830107,1.5831200365714184,-22.945272502106604,-3.0179851525089165,-3.0179851525089165,1629.9892297211918,0.13152971498733934
0.051800000000000006,88.31251442684565,88.17117614110619,625.9017070610957,-2252.3227420536336,-5.014325212661826,0.0038314257049895896,12.033736348929136,1.4904534510830227,-22.69859149764613,-2.811362410761228,-2.811362410761228,1564.7542676527391,0.1238562494528689
0.052000000000000005,88.43511429265281,88.2930373625971,600.0994289108697,-2225.576587729089,-4.95689949887503,0.003553135389545466,12.031321621102094,1.399522215907378,-22.438639706841702,-2.6101350918412036,-2.6101350918412036,1500.2485722771746,0.11632323197583831
0.0522,88.55258434436476,88.40981862048493,574.6035296405389,-2197.5380460127653,-4.896514391649893,0.0032864739976256243,12.02897521209261,1.3103899711311657,-22.165291484834906,-2.4146010077174203,-2.4146010077174203,1436.5088241013475,0.10893612697895028
0.0524,88.66498733849028,88.52158341313446,549.4288154092901,-2168.1954257530324,-4.833142128764929,0.003031302066394035,12.0267005440176,1.22312088902599,-21.8784211590182,-2.225045334800032,-2.225045334800032,1373.572038523225,0.1017004526344844
0.0526,88.7723890061659,88.62839821250033,524.5902263302263,-2137.537036020963,-4.766754941884175,0.00278747299561239,12.024500875068227,1.1377796740352724,-21.57790302910532,-2.04173958901898,-2.04173958901898,1311.4755658255658,0.09462177980246657
0.0528,88.8748580799465,88.73033249089141,500.1028364678762,-2105.551186107646,-4.697325056575354,0.002554833023666686,12.022379286923602,1.0544315627607936,-21.26361136721354,-1.8649405769668117,-1.8649405769668117,1250.2570911696905,0.08770573092030699
0.053000000000000005,88.97246632059534,88.82745874773418,475.981853835739,-2072.226185521549,-4.624824692330456,0.0023332212012985663,12.020338671880555,0.9731423239488928,-20.9354204179568,-1.6948893233796254,-1.6948893233796254,1189.9546345893475,0.08095797884841516
0.053200000000000004,89.06528854387356,88.91985253633396,452.24262039386537,-2037.5503439858323,-4.549226062588447,0.002122469363071717,12.01838171970306,0.8939782584763986,-20.59320439854853,-1.531809975254953,-1.531809975254953,1130.6065509846635,0.07438424567683695
0.0534,89.15340264732929,89.00759249064012,428.90061204647526,-2001.5119714358113,-4.470501374760553,0.0019224020966115043,12.01651090419513,0.817006199336188,-20.236837498916085,-1.3759086829273681,-1.3759086829273681,1072.2515301161882,0.06799030149849569
0.0536,89.23688963708618,89.09076035200735,405.97143863961014,-1964.0993780163167,-4.388622830257481,0.001732836709664834,12.014728469501293,0.7422935116225057,-19.866193881823992,-1.2273724584409829,-1.2273724584409829,1014.9285965990252,0.061781963155203685
0.0538,89.31583365463167,89.16944099596006,383.4708439588208,-1925.300874079215,-4.303562624519135,0.001553583195034146,12.013036416138867,0.6699080925159285,-19.481147683008434,-1.0863680115722059,-1.0863680115722059,958.677109897052,0.05576509296316984
0.054,89.39032200360455,89.24372245895378,361.41470572688905,-1885.1047701808993,-4.21529294704631,0.0013844441934470998,12.011436486766389,0.5999183712680732,-19.081573011320746,-0.9530405638656569,-0.9530405638656569,903.5367643172226,0.04994559742533991
0.054200000000000005,89.46044517658216,89.31369596514001,339.81903560158304,-1843.4993770798335,-4.123785981434511,0.0012252149544296292,12.009930151692604,0.5323933091860202,-18.667343948880504,-0.827512641050412,-0.827512641050412,849.5475890039577,0.04432942593850041
0.054400000000000004,89.52629688186724,89.37945595312821,318.69997917344557,-1800.4730057341667,-4.029013905409849,0.001075683295256195,12.008518594130425,0.4674023996164556,-18.238334551238,-0.7098828442022036,-0.7098828442022036,796.7499479336138,0.03892256950369503
0.0546,89.58797407027421,89.4411001027485,298.07381596361495,-1756.0139672992252,-3.930948890866495,0.0009356295580564592,12.007202695200112,0.4050156679296355,-17.794418847543806,-0.6002246000093477,-0.6002246000093477,745.1845399090373,0.03373105944913721
0.0548,89.64557696191515,89.49872936181566,277.9569594216783,-1710.1105731252972,-3.8295631039065547,0.0008048265651623568,12.005983018685821,0.345303671503001,-17.33547084072926,-0.49858489048506577,-0.49858489048506577,694.8923985541957,0.028760966175412604
0.055,89.69920907298513,89.55244797289193,258.36595692355536,-1662.7511347552297,-3.7248287048811917,0.0006830395727834663,12.004859795549358,0.28833749970466527,-16.861364507692638,-0.4049829624465513,-0.4049829624465513,645.9148923088884,0.024018397933440468
0.055200000000000006,89.74897724254738,89.6023635000493,239.31748976941327,-1613.923963922137,-3.61671784843357,0.0005700262231022599,12.003832908204602,0.23418877387666737,-16.371973799493528,-0.31940901705018643,-0.31940901705018643,598.2937244235331,0.019509499646283786
0.055400000000000005,89.79499165931794,89.64858685563283,220.82837318161154,-1563.61737254713,-3.5052026835433368,0.0004655364948834363,12.002901874555594,0.1829296473180394,-15.8671726415542,-0.2418228796327156,-0.2418228796327156,552.0709329540289,0.015240451786565351
0.055600000000000004,89.8373658884498,89.69123232702464,202.91555630267683,-1511.819672737108,-3.3902553535726248,0.000369312652693751,12.002065831800707,0.13463280526769172,-15.34683493386785,-0.17215265005898092,-0.17215265005898092,507.28889075669207,0.011217469321903591
0.0558,89.87621689831677,89.73041760340537,185.59612219330612,-1458.519176782514,-3.271847996313265,0.00028108919482980446,12.00132352000461,0.0893714648871724,-14.810834551212311,-0.11029333371748673,-0.11029333371748673,463.9903054832653,0.007446800741451729
0.056,89.91166508729698,89.76626380251861,168.88728783039878,-1403.7041971552321,-3.1499527440355095,0.0002005928000524922,12.000673265438817,0.04721937524324227,-14.259045343370621,-0.056105453234702625,-0.056105453234702625,422.218219575997,0.003934727177285219
0.0562,89.9438343105558,89.7988954974332,152.80640410511543,-1347.3630465062988,-3.0245417235374275,0.00012754227322616738,12.00011296369077,0.008250817290423651,-13.69134113535461,-0.009413640897421086,-0.009413640897421086,382.0160102627886,0.0006875616350769767
0.056400000000000006,89.97285190682862,89.82844074330592,137.3709558209658,-1289.4840376639095,-2.8955870561959616,6.164848996041862e-05,11.999640062540138,-0.027459396146664483,-13.107595727636042,0.029994788321950225,0.029994788321950225,343.42738955241447,-0.0022883516508454133
0.056600000000000004,89.998848725203,89.85503110414558,122.59856169192152,-1230.0554836312913,-2.7630608580185814,2.6143403504378467e-06,11.999251544599812,-0.05983592039098984,-12.50768289638041,0.06237128334895022,0.06237128334895022,306.49640422980383,-0.004986637722243486
0.0568,90.02195915190069,89.87880167957505,108.50697434055554,-1169.0656975845934,-2.6269352396957792,-4.986532808975458e-05,11.998943909717612,-0.08880287893085143,-11.891476393684599,0.0880075235323192,0.0880075235323192,271.2674358513889,-0.007400891245014691
0.057,90.04232113705909,89.89989113159473,95.11408029620748,-1106.5029928708807,-2.487182306654515,-9.610376820978147e-05,11.99871315713305,-0.11428386343770863,-11.258849947818792,0.1072369055790995,0.1072369055790995,237.7852007405187,-0.009524676683329882
0.0572,90.06007622151242,89.91844171134592,82.43789999317366,-1042.3556830060545,-2.343774159112121,-0.00013642239163313497,11.99855476738178,-0.1362019337840037,-10.609677263470507,0.1204360515182436,0.1204360515182436,206.09474998293413,-0.011351528281911947
0.0574,90.0753695635726,89.93459928587282,70.49658776892231,-976.6120816729708,-2.1966828921311907,-0.00017115082771102265,11.998463683938258,-0.15447961806107807,-9.943832021993046,0.12802633847842781,0.12802633847842781,176.24146942230576,-0.012874949837775663
0.057600000000000005,90.08834996580957,89.94851336488689,59.30843186233157,-909.2605027193314,-2.045880595674421,-0.0002006269829401448,11.998434294585008,-0.16903891259698955,-9.261187881653758,0.1304754512493094,0.1304754512493094,148.2710796558289,-0.014088414241954736
0.057800000000000004,90.09916990183153,89.96033712752843,48.89185441195269,-840.2892601558343,-1.8913393546604218,-0.00022519710077001032,11.998460412494426,-0.17980128197442138,-8.561618477886684,0.12829895879782194,0.12829895879782194,122.22963602988173,-0.014985362770975839
0.058,90.10798554306461,89.97022744913053,39.26541145429524,-769.6866681542216,-1.733031249019617,-0.00024521582173059596,11.99853525700642,-0.18668765904852078,-7.844997423545592,0.12206191613165333,0.12206191613165333,98.16352863573809,-0.015559204106976846
0.0582,90.11495678553234,89.9783449279825,30.44779292213531,-697.441041045341,-1.5709283537504273,-0.00026104624381687974,11.998651434082278,-0.18961844496470295,-7.111198309158313,0.11238049314342452,0.11238049314342452,76.11948230533828,-0.015803313064507402
0.0584,90.1202472766347,89.98485391209196,22.457822642846583,-623.5406933172958,-1.405002738975852,-0.00027305998307336764,11.998800916412021,-0.188513509176443,-6.360094703182869,0.09992363233159088,0.09992363233159088,56.144556607116456,-0.015711029001122374
0.058600000000000006,90.12402444192685,89.98992252594788,15.314458336752857,-547.9739396135774,-1.2352264700001567,-0.0002816372343278025,11.998975023149049,-0.18329218946300385,-5.591560152264084,0.08541473757927667,0.08541473757927667,38.286145841882146,-0.015275653887885174
0.058800000000000005,90.12645951189762,89.99372269728421,9.036791615502322,-470.7290947312463,-1.0615716073657762,-0.0002871668320297114,11.999164399242218,-0.1738732919471201,-4.805468181491168,0.06963339648182311,0.06963339648182311,22.591979038755806,-0.014490450014844425
0.059000000000000004,90.12772754874753,89.99643018384285,3.6440479804628585,-391.79447361907904,-0.8840102069102014,-0.0002900463111563068,11.99935899433141,-0.1601750911125958,-4.001692294655233,0.05341713904915874,0.05341713904915874,9.110119951157145,-0.013348637305398045
0.0592,90.12800747316663,89.99822460013615,-0.8444131788613605,-311.158391375773,-0.7025143198230349,-0.00029068196815451347,11.999548041168332,-0.1421153298218509,-3.180105974507566,0.037663235972309014,0.037663235972309014,-2.1110329471534013,-0.011843390212221184
0.0594,90.12748209111196,89.99928944421052,-4.409098586392639,-228.8091632481591,-0.5170559927030702,-0.0002894889218942263,11.999720033519564,-0.11961121933339057,-2.3405826830180136,0.02333054003629867,0.02333054003629867,-11.022746465981598,-0.009967834166069969
0.0596,90.12633812058466,89.99981212440875,-7.0303810810220755,-144.73510462950497,-0.32760726761556813,-0.00028689117461392103,11.999862703503755,-0.09257943931923257,-1.4829958616342591,0.011441374686958222,0.011441374686958222,-17.57595270255519,-0.007715041547283783
0.059800000000000006,90.12476621840688,89.99998398613424,-8.688499618132491,-58.92453105768715,-0.1341401821492118,-0.00028332167284532043,11.99996299830937,-0.06093613788219416,-0.607218931539642,0.003083474219228114,0.003083474219228114,-21.721249045331227,-0.005078027148148642
0.060000000000000005,90.12296100699825,90.0,-9.363559271100486,9.640276041007638,0.02051285706303142,-0.00027922236830837347,12.000003070132024,-0.03306317818325059,0.09285655460631508,-0.00025584433541295384,-0.00025584433541295384,-23.408898177751215,-0.002755264143685492
0.060200000000000004,90.12109933944917,90.0,-9.253129394707287,9.538074411451555,0.020297802917561756,-0.00027499486192446293,12.00000300162932,-0.032667938142217176,0.0918830584745594,-0.0002501357766458124,-0.0002501357766458124,-23.132823486768217,-0.002722327497566595
0.0604,90.11925964078975,90.0,-9.143870230564875,9.436893917433022,0.02008488289476448,-0.00027081724258420144,12.000002934591496,-0.032276916993343556,0.09091922298041535,-0.00024454929129882414,-0.00024454929129882414,-22.85967557641219,-0.0026897424250040256
0.0606,90.11744167804737,90.0,-9.035770081717407,9.336724732743047,0.019874076551615112,-0.0002666889812637336,12.000002868988261,-0.031890072410583885,0.0899649555834429,-0.00023908235517054057,-0.00023908235517054057,-22.58942520429352,-0.002657505398852674
0.0608,90.11564522057759,90.0,-8.928817363766303,9.237557123318638,0.019665363636175416,-0.0002626095542253981,12.00000280478994,-0.031507362476299275,0.08902016460820147,-0.00023373249486999012,-0.00023373249486999012,-22.322043409415755,-0.002625612926000546
0.061000000000000006,90.11387004004162,90.0,-8.823000603814735,9.139381446394665,0.019458724085838763,-0.00025857844296687307,12.000002741967442,-0.03112874567742056,0.08808475923630717,-0.00022849728681597554,-0.00022849728681597554,-22.057501509536838,-0.002594061547049021
0.061200000000000004,90.11211591038428,90.0,-8.718308439421843,9.042188149663243,0.019254138025591016,-0.00025459513417081095,12.000002680492276,-0.030754180901646555,0.08715864949856016,-0.00022337435625572404,-0.00022337435625572404,-21.79577109855461,-0.0025628478359960606
0.0614,90.11038260781186,90.0,-8.614729617566562,8.945967770441241,0.01905158576628832,-0.00025065911965490705,12.000002620336517,-0.030383627433677063,0.08624174626714878,-0.00021836137630253916,-0.00021836137630253916,-21.536824043916404,-0.002531968399922317
0.0616,90.10866991077049,90.0,-8.512252993620983,8.850710934844695,0.018851047802948984,-0.00024676989632248654,12.000002561472805,-0.03001704495148097,0.08533396124791721,-0.00021345606699206296,-0.00021345606699206296,-21.280632484052457,-0.002501419878680165
0.0618,90.10697759992445,90.0,-8.410867530333196,8.756408356971118,0.01865250481306173,-0.00024292696611352487,12.000002503874333,-0.029654393522598584,0.08443520697270743,-0.00020865619435681972,-0.00020865619435681972,-21.027168825832984,-0.002471198944585581
0.062,90.10530545813482,90.0,-8.310562296819468,8.663050838090246,0.018455937654911707,-0.00023912983595604287,12.000002447514834,-0.02929563360047752,0.0835453967917814,-0.0002039595695187055,-0.0002039595695187055,-20.77640574204867,-0.0024413023021128267
0.062200000000000005,90.10365327043834,90.0,-8.211326467565716,8.57062926583958,0.018261327365915674,-0.00023537801771816576,12.000002392368573,-0.028940726020843605,0.08266444486628495,-0.00019936404779900013,-0.00019936404779900013,-20.52831616891429,-0.002411726687592039
0.062400000000000004,90.10202082402641,90.0,-8.113149321438177,8.479134613429567,0.018068655160977738,-0.00023167102816044172,12.000002338410335,-0.0285896319981042,0.08179226616080458,-0.00019486752784567943,-0.00019486752784567943,-20.282873303595444,-0.002382468868909531
0.0626,90.1004079082243,90.0,-8.016020240703195,8.388557938855483,0.017877902430858777,-0.00022800838888865094,12.000002285615409,-0.028242313121784907,0.08092877643598624,-0.00019046795077763066,-0.00019046795077763066,-20.040050601757986,-0.002353525645210869
0.06280000000000001,90.09881431447059,90.0,-7.919928710056024,8.298890384115872,0.01768905074055927,-0.00022438962630710524,12.000002233959592,-0.02789873135299948,0.08007389224121482,-0.00018616329934544948,-0.00018616329934544948,-19.799821775140064,-0.002324893846606714
0.063,90.09723983629678,90.0,-7.824864315658599,8.21012317443778,0.017502081827716027,-0.00022081427157240972,12.000002183419166,-0.027558849020952337,0.07922753090735651,-0.00018195159710850573,-0.00018195159710850573,-19.562160789146496,-0.0022965703338813878
0.0632,90.0956842693071,90.0,-7.730816744186164,8.122247617510514,0.017316977601017,-0.00021728186054754132,12.000002133970892,-0.027222628819472808,0.07838961053958314,-0.00017783090762801042,-0.00017783090762801042,-19.327041860465414,-0.002268551998204073
0.0634,90.09414741115843,90.0,-7.637775781882696,8.03525510272522,0.017133720138627722,-0.00021379193375644718,12.000002085592005,-0.02689003380358183,0.07756005001024896,-0.00017379933367571592,-0.00017379933367571592,-19.09443945470674,-0.0022408357608427235
0.0636,90.09262906154062,90.0,-7.545731313625015,7.949137100421318,0.016952291686631975,-0.0002103440363390759,12.000002038260197,-0.026561027386090348,0.07673876895183199,-0.00016985501645797914,-0.00016985501645797914,-18.864328284062537,-0.0022134185728806145
0.06380000000000001,90.09112902215671,90.0,-7.454673321995556,7.863885161140719,0.016772674657488686,-0.00020693771800675488,12.000001991953617,-0.026235573334228737,0.07592568774994879,-0.00016599613485491103,-0.00016599613485491103,-18.63668330498889,-0.0021862974149354742
0.064,90.08964709670354,90.0,-7.364591886363654,7.779490914887573,0.01659485162850004,-0.0002035725329980874,12.000001946650857,-0.025913635766307848,0.07512072753641995,-0.00016222090467428132,-0.00016222090467428132,-18.411479715909138,-0.0021594692968812577
0.06420000000000001,90.08818309085254,90.0,-7.2754771819753365,7.695946070395604,0.01641880534029535,-0.00020024804003519593,12.000001902330935,-0.02559517914841061,0.07432381018240694,-0.0001585275779199379,-0.0001585275779199379,-18.18869295493834,-0.002132931257572458
0.0644,90.08673681223055,90.0,-7.187319479051481,7.613242414402175,0.016244518695328967,-0.00019696380228036942,12.000001858973306,-0.02528016829111406,0.07353485829161262,-0.0001549144420744482,-0.0001549144420744482,-17.9682986976287,-0.002106680364570958
0.0646,90.08530807040096,90.0,-7.100109141894308,7.531371810928644,0.016071974756391022,-0.0001937193872931437,12.000001816557832,-0.024968568346241813,0.07275379519353961,-0.00015137981939568137,-0.00015137981939568137,-17.75027285473577,-0.0020807137138754185
0.0648,90.08389667684499,90.0,-7.01383662800211,7.450326200566176,0.015901156745129187,-0.0001905143669878727,12.000001775064796,-0.024660344803647077,0.0719805449367988,-0.00014792206622705158,-0.00014792206622705158,-17.534591570005276,-0.002055028429653205
0.065,90.08250244494313,90.0,-6.928492487192165,7.370097599770875,0.015732048040590436,-0.00018734831759147213,12.000001734474868,-0.024355463488024077,0.07121503228250815,-0.00014453957232123566,-0.00014453957232123566,-17.32123121798041,-0.0020296216639746926
0.06520000000000001,90.08112518995674,90.0,-6.844067360731714,7.290678100162346,0.01556463217776906,-0.00018422081960179924,12.000001694769121,-0.024053890555750294,0.07045718269772003,-0.00014123076017699413,-0.00014123076017699413,-17.110168401829284,-0.0020044905965501273
0.0654,90.0797647290099,90.0,-6.760551980476983,7.212059867829923,0.015398892846170945,-0.00018113145774632038,12.000001655929012,-0.023755592491757325,0.06970692234892198,-0.0001379940843889295,-0.0001379940843889295,-16.901379951192457,-0.0019796324344688787
0.0656,90.0784208810713,90.0,-6.677937168020153,7.134235142646114,0.015234813888392887,-0.0001780798209410964,12.000001617936372,-0.023460536106430275,0.06896417809560566,-0.00013482803100992244,-0.00013482803100992244,-16.694842920050384,-0.0019550444119410676
0.0658,90.07709346693646,90.0,-6.596213833844189,7.057196237584604,0.01507237929871095,-0.00017506550225028782,12.000001580773404,-0.02316868853253652,0.06822887748387674,-0.00013173111692595734,-0.00013173111692595734,-16.490534584610472,-0.001930723790041642
0.066,90.07578230920997,90.0,-6.5153729764854775,6.980935538045266,0.01491157322168351,-0.00017208809884597723,12.000001544422672,-0.022880017222182573,0.06750094874013111,-0.00012870188924314562,-0.00012870188924314562,-16.288432441213697,-0.0019066678564567923
0.06620000000000001,90.07448723228802,90.0,-6.435405681704211,6.905445501184981,0.014752379950766161,-0.00016914721196839593,12.000001508867097,-0.022594489943799194,0.0667803207647851,-0.00012573892468669125,-0.00012573892468669125,-16.088514204260527,-0.0018828739252327233
0.0664,90.07320806234098,90.0,-6.356303121662415,6.830718655255645,0.014594783926941824,-0.00016624244688643946,12.000001474089949,-0.022312074779153954,0.06606692312607411,-0.00012284082901159582,-0.00012284082901159582,-15.890757804156038,-0.0018593393365267106
0.0666,90.07194462729623,90.0,-6.278056554109583,6.756747598946688,0.014438769737359714,-0.00016337341285867357,12.000001440074836,-0.02203274012039204,0.06536068605389171,-0.00012000623642483059,-0.00012000623642483059,-15.69514138527396,-0.0018360614563605114
0.0668,90.07069675682114,90.0,-6.200657321575824,6.683525000734203,0.014284322113988175,-0.00016053972309465795,12.000001406805708,-0.0217564546671042,0.06466154043369134,-0.00011723380901879493,-0.00011723380901879493,-15.501643303939563,-0.0018130376763760372
0.067,90.06946428230616,90.0,-6.124096850572474,6.61104359823661,0.014131425932281142,-0.00015774099471658757,12.000001374266834,-0.021483187423421583,0.06396941780044962,-0.00011452223621584243,-0.00011452223621584243,-15.310242126431186,-0.001790265413593267
0.06720000000000001,90.0682470368481,90.0,-6.048366650800085,6.539296197575609,0.013980066209855414,-0.00015497684872133795,12.000001342442811,-0.021212907695137624,0.06328425033267883,-0.00011187023422364223,-0.00011187023422364223,-15.120916627000211,-0.0017677421101704113
0.0674,90.06704485523365,90.0,-5.973458314363735,6.468275672742054,0.013830228105177799,-0.00015224690994294386,12.000001311318545,-0.020945585086857062,0.06260597084648387,-0.00010927654550116333,-0.00010927654550116333,-14.93364578590934,-0.0017454652331663444
0.06760000000000001,90.06585757392283,90.0,-5.899363514995608,6.397974964969821,0.01368189691626944,-0.00014955080701525093,12.000001280879259,-0.020681189499170312,0.061934512789697055,-0.00010673993823512826,-0.00010673993823512826,-14.74840878748902,-0.001723432274305138
0.0678,90.06468503103288,90.0,-5.826074007284731,6.328387082112595,0.013535058079415345,-0.00014688817233514485,12.00000125111047,-0.020419691125855278,0.061269810236036545,-0.00010425920582665403,-0.00010425920582665403,-14.565185018211828,-0.0017016407497428933
0.068,90.06352706632212,90.0,-5.753581625913868,6.25950509802956,0.013389697167893245,-0.0001442586420258671,12.000001221997998,-0.020161060451103593,0.06061179787935214,-0.00010183316638798047,-0.00010183316638798047,-14.38395406478467,-0.0016800881998365982
0.0682,90.06238352117397,90.0,-5.681878284903434,6.191322151973442,0.0132457998907064,-0.00014166185590093716,12.000001193527947,-0.019905268246774036,0.05996041102788906,-9.946066224898998e-05,-9.946066224898998e-05,-14.204695712258586,-0.0016587721889152558
0.0684,90.06125423858118,90.0,-5.610955976862436,6.123831447986216,0.013103352091332812,-0.00013909745742824776,12.000001165686715,-0.019652285569670424,0.0593155855986259,-9.714055947341391e-05,-9.714055947341391e-05,-14.02738994215609,-0.0016376903050530492
0.06860000000000001,90.06013906313024,90.0,-5.540806772246316,6.05702625429986,0.012962339746484754,-0.00013656509369453556,12.000001138460968,-0.019402083758844967,0.058677258111659386,-9.487174738449994e-05,-9.487174738449994e-05,-13.852016930615788,-0.0016168401598446293
0.0688,90.0590378409858,90.0,-5.471422818621676,5.990899902742069,0.012822748964878396,-0.00013406441537022735,12.000001111837658,-0.019154634432926778,0.05804536568463472,-9.265313809995688e-05,-9.265313809995688e-05,-13.67855704655419,-0.001596219388182496
0.069,90.05795041987535,90.0,-5.4027963399378045,5.92544578814829,0.012684565986016737,-0.00013159507667454573,12.000001085803994,-0.018909909487474796,0.057419846027236265,-9.048366607602093e-05,-9.048366607602093e-05,-13.506990849844513,-0.0015758256480364178
0.0692,90.05687664907403,90.0,-5.334919635804931,5.860657367778161,0.012547777178981392,-0.00012915673534101953,12.00000106034745,-0.018667881092355607,0.05680063743571824,-8.836228766043867e-05,-8.836228766043867e-05,-13.337299089512328,-0.001555656620234923
0.0694,90.0558163793896,90.0,-5.267785080779175,5.796528160737409,0.012412369041235674,-0.00012674905258331146,12.000001035455767,-0.018428521689145567,0.056187678787486595,-8.62879806542128e-05,-8.62879806542128e-05,-13.169462701947937,-0.001535710008248815
0.06960000000000001,90.05476946314742,90.0,-5.201385123654113,5.733051747405769,0.012278328197440336,-0.00012437169306130587,12.000001011116925,-0.01819180398855664,0.05558090953573815,-8.42597438819495e-05,-8.42597438819495e-05,-13.00346280913528,-0.0015159835379766687
0.0698,90.05373575417579,90.0,-5.135712286758894,5.670221768869801,0.012145641398279354,-0.00012202432484754274,12.000000987319162,-0.017957700967886243,0.05498026970414523,-8.227659677062627e-05,-8.227659677062627e-05,-12.839280716897234,-0.0014964749575323202
0.07,90.05271510779123,90.0,-5.070759165262862,5.608031926360164,0.012014295519294688,-0.00011970661939402755,12.000000964050948,-0.01772618586849109,0.0543856998815809,-8.033757893661315e-05,-8.033757893661315e-05,-12.676897913157157,-0.0014771820370343624
0.0702,90.05170738078402,90.0,-5.006518426486617,5.5464759806946775,0.011884277559733241,-0.00011741825149930046,12.000000941300998,-0.017497232193284133,0.05379714121689945,-7.844174978080738e-05,-7.844174978080738e-05,-12.516296066216544,-0.0014581025683975608
0.0704,90.05071243140384,90.0,-4.942982809219456,5.48554775172676,0.011755574641404943,-0.00011515889927579468,12.000000919058257,-0.017270813704254637,0.053214535413767236,-7.658818809171902e-05,-7.658818809171902e-05,-12.357457023048639,-0.0014392343651262007
0.07060000000000001,90.0497301193455,90.0,-4.880145123043132,5.425241117797697,0.011628174007548467,-0.000112928244117599,12.0000008973119,-0.017046904420011742,0.05263782472552805,-7.477599165633502e-05,-7.477599165633502e-05,-12.200362807607831,-0.0014205752621093879
0.0708,90.04876030573492,90.0,-4.817998247661894,5.365550015195895,0.01150206302171191,-0.00011072597066836456,12.000000876051324,-0.01682547861335,0.05206695195013622,-7.30042768786538e-05,-7.30042768786538e-05,-12.044995619154735,-0.0014021231154181825
0.07100000000000001,90.0478028531151,90.0,-4.756535132238709,5.306468437618755,0.011377229166638244,-0.00010855176678970276,12.00000085526614,-0.01660651080883847,0.051501860425111394,-7.127217840568514e-05,-7.127217840568514e-05,-11.891337830596774,-0.0013838758021046962
0.0712,90.04685762543234,90.0,-4.6957487947376615,5.247990435641372,0.011253660043165418,-0.00010640532352972746,12.000000834946185,-0.016389975780431366,0.05094249402255951,-6.957884876082714e-05,-6.957884876082714e-05,-11.739371986844155,-0.0013658312200029834
0.0714,90.04592448802252,90.0,-4.635632321272424,5.190110116188391,0.011131343369132499,-0.0001042863350920303,12.000000815081496,-0.016175848549101642,0.0503887971442212,-6.792345798443113e-05,-6.792345798443113e-05,-11.58908080318106,-0.0013479872875318457
0.0716,90.04500330759758,90.0,-4.576178865460794,5.132821642012554,0.01101026697830016,-0.00010219449880480056,12.00000079566232,-0.015964104380495746,0.0498407147165851,-6.630519328146091e-05,-6.630519328146091e-05,-11.440447163651987,-0.0013303419434993991
0.0718,90.04409395223202,90.0,-4.517381647785188,5.07611923117624,0.010890418819276876,-0.00010012951509037801,12.000000776679105,-0.01575471878261085,0.04929819218602702,-6.472325867606304e-05,-6.472325867606304e-05,-11.29345411946297,-0.0013128931469095146
0.07200000000000001,90.0431962913496,90.0,-4.459233954959085,5.01999715653918,0.01077178695445826,-9.80910874349793e-05,12.000000758122496,-0.015547667503493111,0.04876117551400858,-6.317687467295544e-05,-6.317687467295544e-05,-11.148084887397713,-0.001295638876770011
0.0722,90.04231019571023,90.0,-4.401729139299339,4.964449745249379,0.010654359558972646,-9.60789223588283e-05,12.000000739983335,-0.015342926528957902,0.04822961117230416,-6.1665277925466e-05,-6.1665277925466e-05,-11.004322848248348,-0.0012785771319026775
0.0724,90.04143553739681,90.0,-4.344860618104311,4.909471378240412,0.010538124919640299,-9.409272938643128e-05,12.00000072225265,-0.015140472080330486,0.047703446138289425,-6.0187720910131604e-05,-6.0187720910131604e-05,-10.862151545260778,-0.0012617059307550027
0.0726,90.04057218980236,90.0,-4.288621873037771,4.855056489731785,0.01042307143393854,-9.213222101725591e-05,12.00000070492166,-0.014940280612208343,0.04718262789025677,-5.874347160769152e-05,-5.874347160769152e-05,-10.721554682594428,-0.0012450233112137035
0.0728,90.03972002761722,90.0,-4.233006449518522,4.801199566734441,0.010309187608977687,-9.019711269664186e-05,12.000000687981759,-0.014742328810244041,0.04666710440277966,-5.733181319037695e-05,-5.733181319037695e-05,-10.582516123796301,-0.0012285273304199706
0.07300000000000001,90.03887892681628,90.0,-4.178007956115677,4.747895148561339,0.010196462060487601,-8.82871227869419e-05,12.000000671424525,-0.014546593588948482,0.04615682414212495,-5.595204371537358e-05,-5.595204371537358e-05,-10.445019890289196,-0.0012122160645864073
0.0732,90.03804876464649,90.0,-4.1236200639495655,4.695137826341234,0.010084883511810526,-8.640197253903883e-05,12.00000065524171,-0.014353052089515097,0.04565173606169374,-5.4603475824317514e-05,-5.4603475824317514e-05,-10.30905015987391,-0.0011960876088157172
0.0734,90.03722941961436,90.0,-4.069836506098176,4.642922242538471,0.009974440792906766,-8.454138606400671e-05,12.000000639425238,-0.014161681677663598,0.04515178959752034,-5.32854364487394e-05,-5.32854364487394e-05,-10.174591265245443,-0.0011801400769210206
0.0736,90.03642077147367,90.0,-4.016651077009137,4.59124309047546,0.009865122839365468,-8.270509030517629e-05,12.000000623967198,-0.013972459941504551,0.04465693466379431,-5.1997266521305273e-05,-5.1997266521305273e-05,-10.041627692522843,-0.0011643716012479054
0.0738,90.03562270121324,90.0,-3.9640576319171354,4.540095113860698,0.009756918691427151,-8.089281501037398e-05,12.00000060885985,-0.013785364689423252,0.04416712164843567,-5.0738320692773336e-05,-5.0738320692773336e-05,-9.910144079792836,-0.001148780332498086
0.07400000000000001,90.03483509104477,90.0,-3.912050086266759,4.489473106321446,0.009649817493015989,-7.910429270439162e-05,12.000000594095605,-0.013600373947983161,0.043682301408714354,-4.950796705454677e-05,-4.950796705454677e-05,-9.780125215666898,-0.001133364439554694
0.0742,90.03405782439096,90.0,-3.8606224151406905,4.439371910938954,0.009543808490776866,-7.733925866186078e-05,12.000000579667041,-0.013417465959849575,0.043202425266891165,-4.830558686669173e-05,-4.830558686669173e-05,-9.651556037851726,-0.0011181221093092533
0.07440000000000001,90.03329078587355,90.0,-3.8097686526932195,4.389786419789665,0.009438881033125264,-7.559745088024251e-05,12.000000565566893,-0.013236619181731885,0.04272744500591684,-4.7130574291351715e-05,-4.7130574291351715e-05,-9.524421631733048,-0.001103051546490204
0.0746,90.0325338613016,90.0,-3.759482891589015,4.3407115734898705,0.0093350245693041,-7.387861005313481e-05,12.000000551788034,-0.013057812282345307,0.04225731286516259,-4.598233613142714e-05,-4.598233613142714e-05,-9.398707228972539,-0.0010881509734930518
0.0748,90.03178693765989,90.0,-3.709759282447111,4.292142360744082,0.009232228648448092,-7.218247954386892e-05,12.000000538323498,-0.012881024140391759,0.04179198153618478,-4.486029157442115e-05,-4.486029157442115e-05,-9.274398206117779,-0.0010734186302121074
0.075,90.03104990309726,90.0,-3.6605920332900665,4.244073817899211,0.009130482918660619,-7.050880535922112e-05,12.000000525166463,-0.012706233842558807,0.04133140415854601,-4.376387194137294e-05,-4.376387194137294e-05,-9.151480083225167,-0.0010588527738737367
0.0752,90.03032264691531,90.0,-3.611975408998232,4.196501028500196,0.009029777126092833,-6.885733612358671e-05,12.000000512310244,-0.012533420681538409,0.040875534315646576,-4.269252044073685e-05,-4.269252044073685e-05,-9.02993852249558,-0.0010444516788712596
0.07540000000000001,90.02960505955701,90.0,-3.5639037307691073,4.149419122852021,0.00893010111403663,-6.722782305321174e-05,12.000000499748303,-0.012362564154063092,0.0404243260306185,-4.1645691927159996e-05,-4.1645691927159996e-05,-8.909759326922769,-0.0010302136366012978
0.0756,90.02889703259555,90.0,-3.5163713755817136,4.102823277585194,0.008831444822024616,-6.56200199307135e-05,12.000000487474232,-0.012193643958960606,0.039977733762251354,-4.0622852665034816e-05,-4.0622852665034816e-05,-8.790928438954284,-0.0010161369553016687
0.0758,90.02819845872312,90.0,-3.469372775665946,4.056708715223901,0.00873379828493526,-6.403368307994776e-05,12.000000475481762,-0.012026639995227338,0.03953571240094151,-3.962348009672721e-05,-3.962348009672721e-05,-8.673431939164866,-0.0010022199598908354
0.076,90.02750923174008,90.0,-3.4229024179768706,4.011070703760015,0.008637151632110651,-6.246857134096248e-05,12.000000463764751,-0.011861532360118799,0.03909821726469843,-3.864706261541921e-05,-3.864706261541921e-05,-8.557256044942177,-0.0009884609918087862
0.0762,90.02682924654391,90.0,-3.376954843673901,3.9659045562292854,0.00854149508647831,-6.092444604532714e-05,12.000000452317192,-0.011698301347258666,0.03866520409516931,-3.76930993424428e-05,-3.76930993424428e-05,-8.442387109184752,-0.000974858408859454
0.07640000000000001,90.02615839911854,90.0,-3.3315246476048337,3.921205630292898,0.008446818963684518,-5.9401070991577596e-05,12.0000004411332,-0.011536927444764797,0.03823662905371593,-3.6761099909047055e-05,-3.6761099909047055e-05,-8.328811619012084,-0.0009614105850545558
0.0766,90.02549658652357,90.0,-3.286606477794669,3.876969327821806,0.00835311367123305,-5.789821242097857e-05,12.00000043020701,-0.011377391333393171,0.03781244871751587,-3.585058424248885e-05,-3.585058424248885e-05,-8.216516194486672,-0.0009481159104589217
0.07680000000000001,90.02484370688374,90.0,-3.2421950349391997,3.833191094485589,0.008260369707633504,-5.6415638993459546e-05,12.000000419532988,-0.011219673884698803,0.03739262007570722,-3.4961082356379094e-05,-3.4961082356379094e-05,-8.105487587348,-0.0009349727910372396
0.077,90.02419965937844,90.0,-3.198285071903307,3.7898664193439755,0.00816857766155482,-5.495312176386837e-05,12.00000040910561,-0.01106375615921431,0.0369771005255568,-3.409213414518603e-05,-3.409213414518603e-05,-7.995712679758267,-0.0009219796485022719
0.0772,90.02356434423132,90.0,-3.1548713932239365,3.746990834443474,0.008077728210989723,-5.351043415834033e-05,12.00000039891947,-0.010909619404644862,0.03656584786867776,-3.32432891828353e-05,-3.32432891828353e-05,-7.8871784830598415,-0.0009091349201644368
0.07740000000000001,90.0229376627,90.0,-3.111948854617691,3.704559914416556,0.007987812122424158,-5.208735195098505e-05,12.000000388969278,-0.010757245054080456,0.03615882030726986,-3.2414106525305915e-05,-3.2414106525305915e-05,-7.779872136544228,-0.0008964370587828317
0.0776,90.02231951706588,90.0,-3.0695123624930214,3.662569276086169,0.00789882025001817,-5.068365324065997e-05,12.000000379249855,-0.01060661472422414,0.03575597644041147,-3.1604154517167396e-05,-3.1604154517167396e-05,-7.673780906232554,-0.0008838845324175882
0.07780000000000001,90.02170981062409,90.0,-3.0275568734669394,3.6210145780709135,0.007810743534787361,-4.929911842820604e-05,12.000000369756126,-0.010457710213638066,0.035357275260354315,-3.0813010601943366e-05,-3.0813010601943366e-05,-7.568892183667349,-0.0008714758242837117
0.078,90.02110844767341,90.0,-2.98607739388626,3.57989152039722,0.0077235730037997444,-4.793353019362561e-05,12.000000360483133,-0.010310513501004433,0.034962676148887734,-3.0040261136278766e-05,-3.0040261136278766e-05,-7.465193484715651,-0.0008592094326061604
0.0782,90.02051533350648,90.0,-2.9450689793532834,3.5391958441127693,0.0076372997693745365,-4.6586673473664705e-05,12.000000351426014,-0.01016500674340367,0.0345721388737119,-2.9285501207790218e-05,-2.9285501207790218e-05,-7.362672448383209,-0.0008470838704763634
0.0784,90.01993037439988,90.0,-2.9045267342559042,3.4989233309043275,0.0075519150282903095,-4.5258335439539785e-05,12.000000342580012,-0.010021172274608293,0.034185623584853254,-2.854833445655317e-05,-2.854833445655317e-05,-7.261316835639761,-0.0008350976657100437
0.0786,90.01935347760451,90.0,-2.864445811302099,3.4590698027188207,0.007467410060999786,-4.3948305474895515e-05,12.000000333940475,-0.009878992603392839,0.033803090811110145,-2.7828372900146124e-05,-2.7828372900146124e-05,-7.161114528255249,-0.0008232493607063797
0.07880000000000001,90.01878455133598,90.0,-2.8248214110587573,3.419631121388023,0.0073837762308521255,-4.265637515396479e-05,12.000000325502842,-0.009738450411859485,0.03342450145653226,-2.7125236762185238e-05,-2.7125236762185238e-05,-7.062053527646893,-0.0008115375123084765
0.079,90.01822350476499,90.0,-2.7856487814948045,3.380603188257082,0.007301004983323261,-4.138233821990203e-05,12.000000317262652,-0.009599528553779145,0.033049816796936575,-2.6438554304283036e-05,-2.6438554304283036e-05,-6.964121953737011,-0.0007999606916651245
0.0792,90.01767024800797,90.0,-2.7469232175285883,3.3419819438150973,0.007219087845250114,-4.012599056343426e-05,12.00000030921554,-0.00946221005294867,0.032678998476440846,-2.5767961661351556e-05,-2.5767961661351556e-05,-6.86730804382147,-0.0007885174840939009
0.0794,90.01712469211772,90.0,-2.7086400605794925,3.303763367331243,0.0071380164240768575,-3.888713020154106e-05,12.000000301357233,-0.009326478101562414,0.03231200850405162,-2.511310268021007e-05,-2.511310268021007e-05,-6.77160015144873,-0.0007772064889454681
0.0796,90.01658674907414,90.0,-2.6707946981237174,3.2659434764921027,0.007057782407103107,-3.766555725651001e-05,12.000000293683545,-0.009192316058599971,0.03194880925026098,-2.4473628761401605e-05,-2.4473628761401605e-05,-6.676986745309293,-0.0007660263194692204
0.07980000000000001,90.01605633177508,90.0,-2.633382563254218,3.2285183270433615,0.006978377560741408,-3.6461073935107726e-05,12.000000286190385,-0.009059707448228522,0.03158936344368539,-2.3849198704178577e-05,-2.3849198704178577e-05,-6.583456408135545,-0.000754975602680147
0.08,90.01553335402724,90.0,-2.5963991342447446,3.191484012434768,0.006899793729781471,-3.5273484507953065e-05,12.000000278873742,-0.008928635958220124,0.031233634167735058,-2.323947855458763e-05,-2.323947855458763e-05,-6.490997835611861,-0.0007440529792269405
0.08020000000000001,90.01501773053722,90.0,-2.5598399341179503,3.154836663468272,0.006822022836660963,-3.410259528909255e-05,12.000000271729697,-0.00879908543838384,0.030881584857313005,-2.2644141456592674e-05,-2.2644141456592674e-05,-6.399599835294876,-0.0007332571032613425
0.0804,90.01450937690258,90.0,-2.52370053021753,3.1185724479493064,0.006745056880742759,-3.294821461577797e-05,12.000000264754409,-0.008671039899012526,0.030533179295543358,-2.2062867506176516e-05,-2.2062867506176516e-05,-6.3092513255438245,-0.0007225866423087106
0.0806,90.01400820960296,90.0,-2.487976533784352,3.0826875703415157,0.006668887937599413,-3.18101528284174e-05,12.000000257944123,-0.008544483509344083,0.030188381610532326,-2.1495343608365173e-05,-2.1495343608365173e-05,-6.219941334460879,-0.0007120402771397898
0.08080000000000001,90.01351414599148,90.0,-2.4526635995365464,3.0471782714238085,0.006593508158302184,-3.0688222250786e-05,12.000000251295159,-0.008419400596037435,0.02984715627214981,-2.094126333711021e-05,-2.094126333711021e-05,-6.131658998841367,-0.0007016167016437129
0.081,90.01302710428597,90.0,-2.4177574252535226,3.012040827951829,0.0065189097687195635,-2.9582237170323734e-05,12.000000244803921,-0.008295775641662234,0.029509468088853994,-2.0400326797986998e-05,-2.0400326797986998e-05,-6.0443935631338075,-0.000691314622702142
0.08120000000000001,90.01254700356043,90.0,-2.3832537513638608,2.977271552322004,0.006445085068820964,-2.8492013818663964e-05,12.000000238466885,-0.008173593283202895,0.029175282204539348,-1.9872240493641707e-05,-1.9872240493641707e-05,-5.958134378409652,-0.0006811327600646073
0.0814,90.0120737637366,90.0,-2.349148360537056,2.9428667922374045,0.006372026431983836,-2.7417370352451037e-05,12.000000232280605,-0.00805283831057723,0.028844564095400083,-1.935671719192902e-05,-1.935671719192902e-05,-5.872870901342639,-0.00067106984622506
0.0816,90.01160730557544,90.0,-2.3154370772790855,2.908822930379667,0.006299726304314119,-2.6358126834100037e-05,12.00000022624171,-0.007933495665167597,0.028517279566854042,-1.885347579671387e-05,-1.885347579671387e-05,-5.788592693197714,-0.0006611246262994692
0.0818,90.01114755066891,90.0,-2.2821157675317414,2.8751363840801196,0.006228177203964015,-2.531410521304767e-05,12.000000220346895,-0.007815550438367487,0.02819339475045439,-1.8362241221243218e-05,-1.8362241221243218e-05,-5.705289418829353,-0.0006512958579047056
0.082,90.01069442143164,90.0,-2.2491803382757194,2.841803604997946,0.006157371720465405,-2.4285129306858663e-05,12.00000021459293,-0.007698987870139946,0.027872876100872208,-1.7882744264084854e-05,-1.7882744264084854e-05,-5.6229508456892985,-0.0006415823110384099
0.08220000000000001,90.01024784109283,90.0,-2.216626737137404,2.8088210787971013,0.006087302514059554,-2.3271024782852157e-05,12.000000208976658,-0.00758379334759135,0.02755569039286218,-1.741472148753373e-05,-1.741472148753373e-05,-5.541566842843511,-0.0006319827679601419
0.0824,90.00980773368813,90.0,-2.1844509519993505,2.776185324830171,0.006017962315042243,-2.2271619139583675e-05,12.00000020349498,-0.0074699524035568,0.02724180471829822,-1.6957915098485514e-05,-1.6957915098485514e-05,-5.461127379998377,-0.0006224960230734987
0.0826,90.00937402405161,90.0,-2.152649010614388,2.7438928958226705,0.005949343923109147,-2.1286741688702594e-05,12.000000198144875,-0.00735745071519982,0.02693118648321013,-1.651207283169096e-05,-1.651207283169096e-05,-5.38162252653597,-0.0006131208828094217
0.0828,90.00894663780782,90.0,-2.1212169802233376,2.711940377560613,0.005881440206708075,-2.0316223536954097e-05,12.000000192923373,-0.007246274102625034,0.026623803404851373,-1.6076947835361308e-05,-1.6076947835361308e-05,-5.303042450558345,-0.0006038561655105888
0.083,90.008525501364,90.0,-2.0901509671763154,2.6803243885813006,0.00581424410239798,-1.9359897568325513e-05,12.000000187827583,-0.007136408527503687,0.026319623508797445,-1.5652298559077934e-05,-1.5652298559077934e-05,-5.225377417940789,-0.0005947007013168743
0.08320000000000001,90.00811054190223,90.0,-2.0594471165575694,2.649041579866932,0.005747748614213759,-1.841759842636603e-05,12.000000182854663,-0.007027840091712085,0.026018615126070517,-1.5237888643958822e-05,-1.5237888643958822e-05,-5.148617791393923,-0.0005856533320518869
0.0834,90.00770168737169,90.0,-2.0291016118138314,2.618088634541684,0.005681946813038459,-1.7489162496621934e-05,12.00000017800184,-0.006920555035982444,0.025720746890297554,-1.483348681504088e-05,-1.483348681504088e-05,-5.07275402953458,-0.0005767129111105404
0.08360000000000001,90.00729886648112,90.0,-1.999110674386137,2.5874622675697316,0.005616831835976883,-1.65744278893896e-05,12.0000001732664,-0.006814539738567247,0.025425987734874783,-1.4438866775821429e-05,-1.4438866775821429e-05,-4.997776685965342,-0.0005678783033477515
0.0838,90.00690200869121,90.0,-1.9694705633451044,2.557159225457748,0.005552396885738953,-1.5673234422497416e-05,12.000000168645684,-0.006709780713915385,0.025134306890176334,-1.4053807104935153e-05,-1.4053807104935153e-05,-4.923676408362761,-0.0005591483849681187
0.084,90.00651104420709,90.0,-1.9401775750296215,2.527176285959665,0.005488635230027609,-1.4785423604289866e-05,12.000000164137095,-0.00660626461136088,0.02484567388078342,-1.3678091154912559e-05,-1.3678091154912559e-05,-4.850443937574053,-0.0005505220434166493
0.08420000000000001,90.00612590397093,90.0,-1.9112280426889159,2.4975102577836816,0.0054255402009312234,-1.3910838616813881e-05,12.000000159738082,-0.006503978213824163,0.024560058522733935,-1.3311506952979448e-05,-1.3311506952979448e-05,-4.77807010672229,-0.0005419981772705344
0.0844,90.0057465196546,90.0,-1.8826183361279787,2.4681579803028804,0.005363105194323748,-1.3049324299091809e-05,12.000000155446166,-0.006402908436525086,0.024277430920807093,-1.2953847103863737e-05,-1.2953847103863737e-05,-4.706545840319946,-0.0005335756961318991
0.08460000000000001,90.00537282365238,90.0,-1.8543448613563047,2.4391163232676396,0.005301323669268319,-1.2200727130625524e-05,12.000000151258906,-0.0063030423257084255,0.023997761465823667,-1.260490869456138e-05,-1.260490869456138e-05,-4.635862153390762,-0.000525253520521596
0.0848,90.00500474907378,90.0,-1.8264040602399279,2.410382186520508,0.005240189147425915,-1.1364895215073844e-05,12.000000147173917,-0.00620436705738143,0.023721020831969166,-1.2264493201026218e-05,-1.2264493201026218e-05,-4.56601015059982,-0.0005170305817740012
0.085,90.00464222973639,90.0,-1.7987924101567196,2.381952499715288,0.0051796952124731534,-1.054167826395885e-05,12.000000143188878,-0.006106869936062494,0.02344717997415831,-1.193240639675384e-05,-1.193240639675384e-05,-4.496981025391799,-0.0005089058219327368
0.0852,90.00428520015875,90.0,-1.7715064236549078,2.3538242220370535,0.005119835509521573,-9.730927580661064e-06,12.000000139301498,-0.006010538393542326,0.0231762101254063,-1.1608458263206943e-05,-1.1608458263206943e-05,-4.42876605913727,-0.0005008781936474369
0.0854,90.00393359555349,90.0,-1.7445426481148025,2.325994341924877,0.005060603744542548,-8.932496044559104e-06,12.000000135509556,-0.005915359987656685,0.022908082794225525,-1.12924629020543e-05,-1.12924629020543e-05,-4.361356620287006,-0.0004929466600714752
0.08560000000000001,90.00358735182024,90.0,-1.7178976654136964,2.298459876798275,0.00500199368380022,-8.146238095227078e-06,12.000000131810861,-0.005821322401070146,0.02264276976205861,-1.0984238449191966e-05,-1.0984238449191966e-05,-4.294744163534241,-0.0004851101947606128
0.0858,90.0032464055389,90.0,-1.6915680915938995,2.27121787278519,0.004943999153287341,-7.372009716863124e-06,12.000000128203283,-0.005728413440071691,0.02238024308072459,-1.0683606990501728e-05,-1.0683606990501728e-05,-4.228920228984749,-0.0004773677815726312
0.08600000000000001,90.00291069396272,90.0,-1.665550576533891,2.2442654044528974,0.004886614038167278,-6.6096684228334555e-06,12.000000124684734,-0.0056366210333814535,0.022120475069893033,-1.0390394479318797e-05,-1.0390394479318797e-05,-4.163876441334728,-0.0004697184145678948
0.0862,90.00258015501164,90.0,-1.6398418036225508,2.2175995745403805,0.0048298322822187875,-5.859073240447569e-06,12.00000012125317,-0.005545933230969115,0.021863438314570646,-1.0104430655568874e-05,-1.0104430655568874e-05,-4.099604509056378,-0.00046216109791088474
0.0864,90.00225472726565,90.0,-1.6144384894364596,2.1912175136949803,0.004773647887290114,-5.1200846957334056e-06,12.000000117906588,-0.005456338202882628,0.02160910566263015,-9.825548966553271e-06,-9.825548966553271e-06,-4.03609622359115,-0.00045469484577259254
0.08660000000000001,90.00193434995809,90.0,-1.5893373834202131,2.165116380210063,0.004718054912754825,-4.392564798472539e-06,12.000000114643036,-0.005367824238088537,0.021357450222346946,-9.553586489335932e-06,-9.553586489335932e-06,-3.973343458550533,-0.00044731868223388043
0.0868,90.00161896296915,90.0,-1.5645352675697424,2.139293359765815,0.004663047474974301,-3.6763770273220096e-06,12.000000111460606,-0.005280379743322912,0.021108445359965974,-9.288383854709496e-06,-9.288383854709496e-06,-3.9113381689243556,-0.00044003164118972655
0.08700000000000001,90.00130850681943,90.0,-1.540028956118604,2.1137456651717,0.004608619746763471,-2.971386315138396e-06,12.000000108357423,-0.005193993241953395,0.020862064697283203,-9.029785172703267e-06,-9.029785172703267e-06,-3.8500723902965097,-0.000432832766254396
0.0872,90.00100292266345,90.0,-1.5158152952272195,2.0884705361123226,0.004554765956863873,-2.2774590343596494e-06,12.000000105331655,-0.005108653372851504,0.020618282109260335,-8.77763795960946e-06,-8.77763795960946e-06,-3.7895382380680487,-0.0004257211106674663
0.0874,90.00070215228338,90.0,-1.4918911626750242,2.063465238894157,0.004501480389418115,-1.594462982646939e-06,12.000000102381517,-0.005024348889276197,0.020377071721645792,-8.531793066487876e-06,-8.531793066487876e-06,-3.72972790668756,-0.000418695737200791
0.0876,90.00040613808268,90.0,-1.4682534675555212,2.038727066196686,0.004448757383454004,-9.222673684975947e-07,12.000000099505256,-0.004941068657767018,0.020138407908639525,-8.292104609133184e-06,-8.292104609133184e-06,-3.670633668888803,-0.00041175571806626333
0.0878,90.00011482307987,90.0,-1.4448991499741823,2.0142533368236104,0.004396591332368238,-2.6074279717584115e-07,12.000000096701159,-0.004858801657048637,0.01990226529055581,-8.058429899459553e-06,-8.058429899459553e-06,-3.6122478749354556,-0.00040490013482452706
0.08800000000000001,89.99982815090243,90.0,-1.421825180749201,1.990041395457681,0.004344976683417945,3.902387433275906e-07,12.000000093967554,-0.004777536976945142,0.019668618731521564,-7.83062937828792e-06,-7.83062937828792e-06,-3.5545629518730024,-0.00039812807829450167
0.0882,89.99954606578058,90.0,-1.399028561115052,1.9660886124180321,0.004293907937217463,1.0308038962202911e-06,12.000000091302798,-0.004697263817304407,0.019437443337198393,-7.608566549503601e-06,-7.608566549503601e-06,-3.4975714027876297,-0.00039143864846374687
0.0884,89.99926851254129,90.0,-1.3765063224288323,1.9423923834185544,0.004243379647236945,1.6610779496018906e-06,12.000000088705296,-0.004617971486933134,0.01920871445251292,-7.392107915552163e-06,-7.392107915552163e-06,-3.4412658060720807,-0.00038483095439971585
0.0886,89.99899543660231,90.0,-1.3542555258793691,1.9189501293290654,0.004193386419306917,2.2811848500711073e-06,12.000000086173475,-0.004539649402541693,0.01898240765941403,-7.181122914253287e-06,-7.181122914253287e-06,-3.385638814698423,-0.0003783041141618261
0.0888,89.99872678396618,90.0,-1.3322732621990636,1.8957592959395897,0.004143922911129499,2.891247216275026e-06,12.000000083705807,-0.004462287087698472,0.018758498774660282,-6.97548385690714e-06,-6.97548385690714e-06,-3.3306831554976593,-0.00037185725471432175
0.08900000000000001,89.99846250121435,90.0,-1.3105566513784337,1.872817353725211,0.004094983831790396,3.4913863521983634e-06,12.00000008130079,-0.004385874171794793,0.01853696384761085,-6.775065867659338e-06,-6.775065867659338e-06,-3.2763916284460843,-0.0003654895118400173
0.0892,89.99820253550138,90.0,-1.2891028423833535,1.8501217976143334,0.0040465639412782615,4.081722260423858e-06,12.000000078956962,-0.004310400389019047,0.018317779158049746,-6.579746824108817e-06,-6.579746824108817e-06,-3.2227571059583835,-0.00035920003005480863
0.08940000000000001,89.99794683454918,90.0,-1.267909012874943,1.8276701467581555,0.0039986580500063346,4.662373655190425e-06,12.000000076672887,-0.004235855577340889,0.018100921214020446,-6.389407299126852e-06,-6.389407299126852e-06,-3.169772532187358,-0.00035298796252302355
0.0896,89.9976953466413,90.0,-1.2469723689321028,1.805459944303129,0.003951261018340472,5.233457975393543e-06,12.000000074447165,-0.004162229677504658,0.01788636674968938,-6.20393050386872e-06,-6.20393050386872e-06,-3.1174309223302576,-0.0003468524709735396
0.0898,89.9974480206172,90.0,-1.2262901447766514,1.7834887571652713,0.003904367756130964,5.795091397441184e-06,12.000000072278427,-0.004089512732032356,0.01767409272322659,-6.0232022319506635e-06,-6.0232022319506635e-06,-3.0657253619416287,-0.00034079272561669946
0.09000000000000001,89.99720480586677,90.0,-1.2058596025010502,1.7617541758063222,0.0038579732222480886,6.347388847965313e-06,12.00000007016533,-0.004017694884236162,0.017464076314703283,-5.8471108047690705e-06,-5.8471108047690705e-06,-3.0146490062526254,-0.00033480790506202127
0.0902,89.99696565232469,90.0,-1.1856780317986912,1.7402538140113357,0.00381207242412048,6.890464016360033e-06,12.000000068106564,-0.003946766377240527,0.017256294924002175,-5.6755470179380135e-06,-5.6755470179380135e-06,-2.964195079496728,-0.00032889719623670574
0.09040000000000001,89.99673051046497,90.0,-1.1657427496967339,1.718985308669844,0.0037666604172812857,7.4244293673197515e-06,12.00000006610085,-0.0038767175530128525,0.017050726168763023,-5.508404088829084e-06,-5.508404088829084e-06,-2.9143568742418346,-0.0003230597943048605
0.0906,89.99649933129554,90.0,-1.1460511002914469,1.6979463195580209,0.0037217323049161255,7.949396153175103e-06,12.000000064146931,-0.003807538851403733,0.016847347882336373,-5.345577605183979e-06,-5.345577605183979e-06,-2.865127750728617,-0.0003172949025875199
0.0908,89.99627206635279,90.0,-1.1266004544860462,1.677134529123273,0.0036772832374161826,8.46547442614222e-06,12.000000062243586,-0.0037392208091960827,0.016646138111760498,-5.186965474782625e-06,-5.186965474782625e-06,-2.8165011362151153,-0.0003116017324834061
0.091,89.99604866769627,90.0,-1.1073882097310006,1.6565476422704948,0.0036333084119346552,8.972773050427547e-06,12.000000060389615,-0.0036717540591633753,0.016447075115753586,-5.032467876143698e-06,-5.032467876143698e-06,-2.768470524327501,-0.00030597950339044923
0.0912,89.99582908790345,90.0,-1.0884117897667855,1.6361833861503225,0.003589803071947348,9.471399714217101e-06,12.000000058583847,-0.0036051293291367763,0.016250137362724622,-4.881987210237858e-06,-4.881987210237858e-06,-2.721029474416964,-0.0003004274426280484
0.09140000000000001,89.9956132800644,90.0,-1.0696686443690615,1.616039509949354,0.003546762506817337,9.961460941550177e-06,12.000000056825137,-0.003539337441081076,0.016055303528802762,-4.735428053193449e-06,-4.735428053193449e-06,-2.6741716109226537,-0.00029494478536006653
0.0916,89.9954011977767,90.0,-1.0511562490962574,1.5961137846830151,0.0035041820513653,1.044306210413527e-05,12.000000055112366,-0.0034743693101790423,0.015862552495892305,-4.592697109976483e-06,-4.592697109976483e-06,-2.6278906227406438,-0.00028953077451852633
0.0918,89.99519279514023,90.0,-1.0328721050395249,1.5764040029888904,0.003462057085440423,1.0916307432934885e-05,12.000000053444438,-0.003410215943925046,0.015671863349730312,-4.453703169019936e-06,-4.453703169019936e-06,-2.582180262598812,-0.0002841846607280797
0.092,89.99498802675215,90.0,-1.0148137385750602,1.5569079789233677,0.0034203830334985424,1.1381300029750354e-05,12.000000051820285,-0.003346868441226656,0.015483215377976943,-4.318357057790649e-06,-4.318357057790649e-06,-2.537034346437651,-0.0002789057022311403
0.0922,89.99478684770185,90.0,-0.9969787011187572,1.537623547759398,0.003379155364182381,1.1838141878633297e-05,12.00000005023886,-0.00328431799151505,0.015296588068315306,-4.186571599269485e-06,-4.186571599269485e-06,-2.492446752796893,-0.00027369316481375144
0.09240000000000001,89.9945892135659,90.0,-0.9793645688831735,1.518548565786423,0.0033383695899063676,1.2286933857210439e-05,12.000000048699139,-0.003222555873863691,0.015111961106572036,-4.058261569329126e-06,-4.058261569329126e-06,-2.4484114222079336,-0.00026854632173214303
0.0926,89.99439508040324,90.0,-0.9619689426367926,1.4996809101120885,0.0032980212664451202,1.2727775747892854e-05,12.000000047200125,-0.0031615734561153907,0.014929314374854456,-3.933343654990623e-06,-3.933343654990623e-06,-2.4049223565919817,-0.0002634644536399863
0.09280000000000001,89.99420440475016,90.0,-0.9447894474655537,1.4810184784656992,0.0032581059925255213,1.3160766248969656e-05,12.000000045740837,-0.0031013621940176317,0.014748627949704007,-3.811736413540981e-06,-3.811736413540981e-06,-2.361973618663884,-0.00025844684851633804
0.093,89.9940171436156,90.0,-0.9278237325366352,1.462559189003404,0.003218619409422342,1.3586002985586132e-05,12.000000044320323,-0.0030419136303661424,0.014569882100265748,-3.6933602324945946e-06,-3.6933602324945946e-06,-2.3195593313415883,-0.0002534928015942716
0.0932,89.99383325447621,90.0,-0.9110694708644693,1.444300980115425,0.0031795572005581694,1.4003582520635201e-05,12.000000042937646,-0.0029832193941564528,0.014393057286477311,-3.5781372903822643e-06,-3.5781372903822643e-06,-2.2776736771611734,-0.0002486016152901737
0.09340000000000001,89.9936526952717,90.0,-0.8945243590789633,1.4262418102353074,0.003140915091107577,1.4413600365562219e-05,12.0000000415919,-0.0029252711997433648,0.014218134157277098,-3.465991518351077e-06,-3.465991518351077e-06,-2.2363108976974084,-0.00024377259913369994
0.0936,89.99347542440015,90.0,-0.8781861171959082,1.4083796576504437,0.0031026888476038015,1.4816150991025322e-05,12.000000040282183,-0.0028680608460085943,0.014045093548823794,-3.3568485625573523e-06,-3.3568485625573523e-06,-2.1954652929897707,-0.00023900506969841236
0.09380000000000001,89.99330140071324,90.0,-0.8620524883895558,1.39071252031385,0.0030648742775478814,1.5211327837411324e-05,12.00000003900763,-0.0028115802155365254,0.013873916482727035,-3.25063574733682e-06,-3.25063574733682e-06,-2.1551312209738898,-0.00023429835053309186
0.094,89.9931305835118,90.0,-0.8461212387673533,1.3732384156593094,0.003027467229025196,1.5599223325380518e-05,12.000000037767386,-0.0027558212737970496,0.01370458416431159,-3.1472820391406186e-06,-3.1472820391406186e-06,-2.1153030969183835,-0.00022965177209364188
0.0942,89.99296293254115,90.0,-0.830390157146794,1.3559553804162758,0.0029904635903209896,1.5979928866151442e-05,12.000000036560618,-0.002700776068337002,0.013537077980876909,-3.0467180112145206e-06,-3.0467180112145206e-06,-2.075975392866985,-0.00022506467167570822
0.0944,89.99279840798657,90.0,-0.814857054834389,1.3388614704288007,0.002953859289544843,1.635353487187235e-05,12.00000003538651,-0.002646436727978228,0.013371379499997234,-2.9488758090147838e-06,-2.9488758090147838e-06,-2.0371426370859727,-0.00022053639334785122
0.0946,89.99263697046885,90.0,-0.7995197654067139,1.321954760473806,0.0029176502942531643,1.672013076570377e-05,12.00000003424427,-0.002592795462024268,0.01320747046781268,-2.8536891163368127e-06,-2.8536891163368127e-06,-1.9987994135167846,-0.0002160662878854363
0.09480000000000001,89.99247858103992,90.0,-0.7843761444935349,1.3052333440815524,0.0028818326110763653,1.707980499184326e-05,12.000000033133118,-0.002539844559474369,0.013045332807341572,-2.761093122147947e-06,-2.761093122147947e-06,-1.960940361233837,-0.00021165371270513513
0.095,89.99232320117831,90.0,-0.7694240695629937,1.2886953333600433,0.002846402285354793,1.7432645025636885e-05,12.000000032052295,-0.00248757638824391,0.012884948616832396,-2.671024488112986e-06,-2.671024488112986e-06,-1.9235601739074841,-0.00020729803179996104
0.0952,89.99217079278498,90.0,-0.7546614397088026,1.2723388588176212,0.002811355400770001,1.7778737383315075e-05,12.000000031001056,-0.0024359833943937313,0.012726300168094657,-2.583421316788329e-06,-2.583421316788329e-06,-1.8866535992720064,-0.00020299861567504667
0.0954,89.99202131817886,90.0,-0.7400861754394716,1.256162069189465,0.0027766880789847027,1.8118167631815193e-05,12.000000029978677,-0.002385058101365794,0.012569369904869026,-2.498223120481487e-06,-2.498223120481487e-06,-1.850215438598679,-0.0001987548412839489
0.0956,89.9918747400927,90.0,-0.725696218469524,1.2401631312654429,0.002742396479285456,1.845102039848851e-05,12.000000028984449,-0.002334793109226188,0.012414140441209885,-2.4153707907579e-06,-2.4153707907579e-06,-1.8142405461738103,-0.00019456609196556642
0.09580000000000001,89.99173102166878,90.0,-0.7114895315126825,1.2243402297185857,0.002708476798226385,1.877737938063389e-05,12.000000028017679,-0.002285181093915739,0.012260594559872526,-2.334806568580917e-06,-2.334806568580917e-06,-1.7787238287817064,-0.0001904317573816903
0.096,89.9915901264548,90.0,-0.6974640980770209,1.2086915669359493,0.002674925269278053,1.9097327355002518e-05,12.00000002707769,-0.0022362148065073984,0.012108715210723698,-2.256474015075132e-06,-2.256474015075132e-06,-1.7436602451925522,-0.0001863512334551198
0.09620000000000001,89.99145201839964,90.0,-0.6836179222620538,1.1932153628511155,0.0026417381624797456,1.941094618721602e-05,12.000000026163816,-0.0021878870724706297,0.011958485509167574,-2.1803179828991377e-06,-2.1803179828991377e-06,-1.7090448056551344,-0.00018232392230836168
0.0964,89.99131666184935,90.0,-0.6699490285577434,1.1779098547779512,0.002608911784094292,1.9718316841068993e-05,12.000000025275416,-0.002140190790942904,0.011809888734583215,-2.106284588214844e-06,-2.106284588214844e-06,-1.6748725713943586,-0.0001783492322029211
0.0966,89.99118402154309,90.0,-0.6564554616454122,1.162773297245606,0.0025764424762653544,2.0019519387715995e-05,12.000000024411854,-0.0020931189340082563,0.01166290832877321,-2.0343211832413536e-06,-2.0343211832413536e-06,-1.6411386541135309,-0.00017442657747918167
0.09680000000000001,89.99105406260905,90.0,-0.6431352862005446,1.1478039618354368,0.0025443266166788278,2.031463301480072e-05,12.000000023572515,-0.0020466645459825154,0.01151752789443091,-1.964376329382592e-06,-1.964376329382592e-06,-1.6078382155013617,-0.00017055537849684134
0.097,89.99092675056049,90.0,-0.629986586697457,1.1330001370201868,0.0025125606182290964,2.0603736035556335e-05,12.000000022756797,-0.002000820742704987,0.011373731193629655,-1.896399770917415e-06,-1.896399770917415e-06,-1.5749664667436425,-0.0001667350615758859
0.09720000000000001,89.99080205129187,90.0,-0.6170074672158097,1.1183601280028932,0.0024811409286842625,2.0886905897674657e-05,12.000000021964109,-0.0019555807108376354,0.011231502146307363,-1.8303424092373616e-06,-1.8303424092373616e-06,-1.5425186680395244,-0.00016296505893818777
0.0974,89.99067993107482,90.0,-0.6041960512489651,1.103882256558728,0.0024500640303578326,2.1164219192204236e-05,12.000000021193875,-0.0019109377071703088,0.011090824828780313,-1.7661562776254407e-06,-1.7661562776254407e-06,-1.5104901281224128,-0.00015924480864960784
0.0976,89.99056035655443,90.0,-0.5915504815141562,1.0895648608775916,0.0024193264397817708,2.1435751662303998e-05,12.000000020445533,-0.001866885057932872,0.010951683472263161,-1.7037945165619584e-06,-1.7037945165619584e-06,-1.4788762037853904,-0.00015557375456267362
0.0978,89.99044329474526,90.0,-0.579068919764459,1.0754062954088663,0.0023889247073842117,2.1701578211967964e-05,12.000000019718536,-0.0018234161581135674,0.010814062461410014,-1.643211349548556e-06,-1.643211349548556e-06,-1.4476722994111473,-0.00015195134625977578
0.098,89.99032871302771,90.0,-0.5667495466025428,1.0614049307065265,0.0023588554171676238,2.196177291457669e-05,12.000000019012344,-0.0017805244707843355,0.010677946332857556,-1.5843620594376917e-06,-1.5843620594376917e-06,-1.4168738665063572,-0.00014837703899694502
0.09820000000000001,89.99021657914415,90.0,-0.5545905612961954,1.0475591532767203,0.002329115186392368,2.2216409021448654e-05,12.000000018326435,-0.0017382035264321,0.010543319773792614,-1.527202965259952e-06,-1.527202965259952e-06,-1.3864764032404884,-0.00014485029364812586
0.0984,89.99010686119524,90.0,-0.5425901815955934,1.0338673654267267,0.002299700665263093,2.246555897030497e-05,12.000000017660298,-0.0016964469222964203,0.010410167620532521,-1.4716913995376447e-06,-1.4716913995376447e-06,-1.3564754539889834,-0.00014137057664998114
0.09860000000000001,89.98999952763629,90.0,-0.5307466435523029,1.0203279851141966,0.0022706085366154156,2.2709294393560838e-05,12.000000017013427,-0.0016552483217139348,0.01027847485710682,-1.417785686073629e-06,-1.417785686073629e-06,-1.3268666088807572,-0.0001379373599472623
0.0988,89.98989454727355,90.0,-0.5190582013400077,1.0069394457988032,0.002241835515607872,2.2947686126616896e-05,12.000000016385343,-0.0016146014534686181,0.010148226613862797,-1.3654451182082082e-06,-1.3654451182082082e-06,-1.2976455033500196,-0.00013455012093866402
0.099,89.98979188926069,90.0,-0.5075231270769358,0.9937001962955562,0.002213378349417379,2.3180804216092848e-05,12.000000015775559,-0.001574500111148075,0.010019408166086902,-1.3146299375335615e-06,-1.3146299375335615e-06,-1.2688078176923394,-0.0001312083424231825
0.09920000000000001,89.98969152309513,90.0,-0.4961397106499672,0.9806087006279747,0.0021852338169340104,2.340871792785887e-05,12.000000015183616,-0.0015349381525066321,0.009892004932623093,-1.2653013130545944e-06,-1.2653013130545944e-06,-1.240349276624918,-0.0001279115125470394
0.0994,89.98959341861459,90.0,-0.4849062595404226,0.9676634378843197,0.002157398728462557,2.3631495755124755e-05,12.000000014609057,-0.001495909498833753,0.009766002474521864,-1.2174213207904846e-06,-1.2174213207904846e-06,-1.2122656488510568,-0.00012465912475105007
0.09960000000000001,89.98949754599353,90.0,-0.4738210986514998,0.954862902074347,0.0021298699254249497,2.3849205426384655e-05,12.000000014051434,-0.001457408134328815,0.009641386493693189,-1.1709529238052383e-06,-1.1709529238052383e-06,-1.1845527466287495,-0.00012145067771852157
0.0998,89.98940387573973,90.0,-0.46288257013735024,0.9422056019869341,0.0021026442800643726,2.406191391324623e-05,12.00000001351032,-0.0014194281054820553,0.00951814283156712,-1.125859952659016e-06,-1.125859952659016e-06,-1.1572064253433756,-0.00011828567532366484
0.1,89.98931237869077,90.0,-0.45208903323378685,0.9296900610506922,0.002075718695155995,2.4269687438317592e-05,12.000000012985286,-0.0013819635204606689,0.00939625746778434,-1.0821070862735523e-06,-1.0821070862735523e-06,-1.1302225830844672,-0.00011516362658043636
0.10020000000000001,89.98922302601078,90.0,-0.4414388640905887,0.9173148171936092,0.0020490901037151063,2.447259148283423e-05,12.000000012475919,-0.0013450085485017555,0.009275716518874967,-1.0396598331995886e-06,-1.0396598331995886e-06,-1.1035971602264718,-0.00011208404559195033
0.1004,89.9891357891869,90.0,-0.43093045560541243,0.9050784227056506,0.0020227554687118027,2.4670690794343734e-05,12.000000011981815,-0.0013085574193103398,0.009156506236967009,-9.984845132817436e-07,-9.984845132817436e-07,-1.077326139013531,-0.00010904645150031379
0.10060000000000001,89.98905064002608,90.0,-0.4205622172592789,0.892979444102491,0.0019967117827879867,2.4864049394303824e-05,12.000000011502578,-0.001272604422463177,0.009038613008505291,-9.585482397109382e-07,-9.585482397109382e-07,-1.0514055431481972,-0.00010605036843694369
0.1008,89.98896755065174,90.0,-0.41033257495361997,0.8810164619889385,0.0019709560679733113,2.5052730585478176e-05,12.000000011037827,-0.0012371439068189498,0.008922023352965608,-9.198189014554146e-07,-9.198189014554146e-07,-1.02583143738405,-0.00010309532547341679
0.101,89.98888649350044,90.0,-0.40023997084888957,0.869188070926318,0.0019454853754100343,2.523679695947668e-05,12.000000010587183,-0.0012021702799329122,0.00880672392160921,-8.822651460660096e-07,-8.822651460660096e-07,-1.0005999271222241,-0.00010018085657268993
0.1012,89.98880744131877,90.0,-0.39028286320469463,0.8574928792987815,0.0019202967850750418,2.5416310404035695e-05,12.000000010150277,-0.0011676780074781072,0.00869270149622447,-8.45856362843973e-07,-8.45856362843973e-07,-0.9757071580117366,-9.730650054086827e-05
0.1014,89.98873036716,90.0,-0.3804597262214566,0.8459295091821085,0.0018953874055073609,2.559133211032718e-05,12.000000009726751,-0.0011336616126715769,0.008579942987893404,-8.105626663667736e-07,-8.105626663667736e-07,-0.9511493155536415,-9.447180097938943e-05
0.10160000000000001,89.98865524438105,90.0,-0.37076904988357634,0.8344965962124761,0.0018707543735352742,2.5761922580094524e-05,12.00000000931626,-0.0011001156757066027,0.008468435435756386,-7.763548803626792e-07,-7.763548803626792e-07,-0.9269226247089408,-9.16763062377102e-05
0.1018,89.98858204663922,90.0,-0.3612093398041019,0.8231927894583904,0.0018463948540105037,2.5928141632875e-05,12.000000008918455,-0.0010670348331895108,0.008358166005808866,-7.432045219291889e-07,-7.432045219291889e-07,-0.9030233495102548,-8.89195693663738e-05
0.10200000000000001,89.9885107478892,90.0,-0.3517791170708637,0.8120167512921831,0.001822306039541056,2.6090048413020025e-05,12.000000008533005,-0.0010344137775825562,0.008249121989692024,-7.11083786085748e-07,-7.11083786085748e-07,-0.8794477926771593,-8.620114807058345e-05
0.1022,89.98844132237986,90.0,-0.34247691809408115,0.8009671572628504,0.0017984851502268928,2.6247701396657613e-05,12.000000008159585,-0.0010022472566520821,0.008141290803496223,-6.799655306552231e-07,-6.799655306552231e-07,-0.8561922952352029,-8.352060466421572e-05
0.1024,89.98837374465134,90.0,-0.33330129445542644,0.7900426959712813,0.0017749294334008685,2.6401158398683733e-05,12.00000000779788,-0.0009705300729214159,0.008034659986588295,-6.49823261467923e-07,-6.49823261467923e-07,-0.8332532361385662,-8.087750602422857e-05
0.10260000000000001,89.9883079895319,90.0,-0.32425081275851714,0.7792420689457058,0.0017516361633698738,2.6550476579609237e-05,12.000000007447573,-0.000939257083129384,0.007929217200439759,-6.206311178801827e-07,-6.206311178801827e-07,-0.8106270318962928,-7.827142354553766e-05
0.1028,89.98824403213506,90.0,-0.3153240544808356,0.7685639905173581,0.0017286026411561758,2.669571245226228e-05,12.000000007108365,-0.0009084231976944489,0.00782495022745594,-5.923638586012243e-07,-5.923638586012243e-07,-0.7883101362020891,-7.570193309636099e-05
0.10300000000000001,89.98818184785648,90.0,-0.306519615827073,0.7580071876999055,0.0017058261942472495,2.683692188863526e-05,12.000000006779963,-0.0008780233801828106,0.007721846969843517,-5.649968478238117e-07,-5.649968478238117e-07,-0.7662990395676825,-7.316861497389417e-05
0.1032,89.98812141237123,90.0,-0.2978361075838534,0.7475704000668968,0.001683304176340685,2.697416012641391e-05,12.000000006462074,-0.0008480526467829555,0.007619895448455776,-5.385060416493709e-07,-5.385060416493709e-07,-0.7445902689596334,-7.067105386052283e-05
0.1034,89.9880627016307,90.0,-0.2892721549758635,0.7372523796333031,0.0016610339670983547,2.710748177567978e-05,12.000000006154416,-0.0008185060657839437,0.007519083801679796,-5.128679748046922e-07,-5.128679748046922e-07,-0.7231803874396587,-6.820883878034651e-05
0.10360000000000001,89.9880056918598,90.0,-0.2808263975233372,0.7270518907361117,0.0016390129718980757,2.7236940825381558e-05,12.000000005856716,-0.0007893787570595652,0.007419400284312277,-4.880597476416152e-07,-4.880597476416152e-07,-0.7020659938083431,-6.578156305619177e-05
0.1038,89.98795035955418,90.0,-0.2724974889009095,0.7169677099168275,0.001617238621589437,2.736259064980642e-05,12.000000005568708,-0.0007606658915570978,0.007320833266454243,-4.6405901341533896e-07,-4.6405901341533896e-07,-0.6812437222522739,-6.338882426700866e-05
0.10400000000000001,89.9878966814773,90.0,-0.26428409679781556,0.7069986258044352,0.0015957083722504088,2.7484484014935787e-05,12.000000005290127,-0.0007323626907912444,0.007223371232409259,-4.4084396583493256e-07,-4.4084396583493256e-07,-0.6607102419945389,-6.103022420569889e-05
0.1042,89.98784463465773,90.0,-0.25618490277943046,0.6971434390009421,0.001574419704949699,2.760267308485891e-05,12.00000000502072,-0.00070446442634225,0.007127002779607691,-4.1839332688127645e-07,-4.1839332688127645e-07,-0.6404622569485762,-5.870536883729224e-05
0.1044,89.98779419638633,90.0,-0.24819860215012066,0.6874009619659107,0.001553370125506462,2.7717209427955303e-05,12.000000004760235,-0.0006769664193597377,0.007031716617518965,-3.966863348854883e-07,-3.966863348854883e-07,-0.6204965053753017,-5.6413868257599536e-05
0.1046,89.98774534421356,90.0,-0.240323903817417,0.6777700189039025,0.0015325571642565308,2.7828144023163833e-05,12.000000004508433,-0.0006498640400704979,0.00693750156659335,-3.757027328639944e-07,-3.757027328639944e-07,-0.6008097595435424,-5.415533665219519e-05
0.1048,89.98769805594672,90.0,-0.2325595301574781,0.6682494456523018,0.001511978375819253,2.7935527266136303e-05,12.000000004265072,-0.0006231527072912719,0.0068443465572064965,-3.554227571039184e-07,-3.554227571039184e-07,-0.5813988253936953,-5.192939225581577e-05
0.10500000000000001,89.98765230964734,90.0,-0.22490421688183806,0.6588380895695128,0.001491631338864927,2.8039408975275406e-05,12.000000004029925,-0.0005968278879465065,0.006752240628606666,-3.3582712599371254e-07,-3.3582712599371254e-07,-0.5622605422045952,-4.9735657312172964e-05
0.1052,89.98760808362846,90.0,-0.21735671290543518,0.6495348094252993,0.0014715136558869691,2.8139838397801633e-05,12.000000003802764,-0.0005708850965902537,0.0066611729278834,-3.168970290945011e-07,-3.168970290945011e-07,-0.5433917822635879,-4.7573758034111826e-05
0.10540000000000001,89.98756535645202,90.0,-0.20991578021589635,0.6403384752914574,0.001451622952974585,2.8236864215704572e-05,12.00000000358337,-0.0005453198949329464,0.006571132708938451,-2.986141164465599e-07,-2.986141164465599e-07,-0.5247894505397408,-4.544332456417551e-05
0.1056,89.9875241069263,90.0,-0.2025801937440746,0.6312479684335273,0.0014319568795876025,2.8330534551636477e-05,12.000000003371525,-0.0005201278913727152,0.006482109331466514,-2.809604881063178e-07,-2.809604881063178e-07,-0.5064504843601865,-4.334399093554832e-05
0.1058,89.9874843141033,90.0,-0.19534874123582593,0.6222621812038801,0.00141251310833425,2.8420896974776893e-05,12.000000003167024,-0.0004953047405310357,0.0063940922599492805,-2.639186839091538e-07,-2.639186839091538e-07,-0.4883718530895648,-4.127539503335963e-05
0.10600000000000001,89.98744595727618,90.0,-0.18822022312501205,0.6133800169361606,0.001393289334751839,2.8507998506668414e-05,12.00000000296966,-0.00047084614279266064,0.006307071062662646,-2.474716734532506e-07,-2.474716734532506e-07,-0.47055055781253,-3.9237178556344966e-05
0.1062,89.9874090159768,90.0,-0.18119345240771118,0.6046003898389308,0.0013742832770853174,2.859188562685024e-05,12.000000002779235,-0.00044674784385076216,0.0062210354106742765,-2.316028462995246e-07,-2.316028462995246e-07,-0.4529836310192779,-3.722898697894117e-05
0.10640000000000001,89.98737346997314,90.0,-0.1742672545176478,0.5959222248927912,0.0013554926760736918,2.867260427863614e-05,12.000000002595552,-0.00042300563425534996,0.006135975076876795,-2.1629600238399008e-07,-2.1629600238399008e-07,-0.4356681362941195,-3.525046951365463e-05
0.1066,89.98733929926685,90.0,-0.1674404672028006,0.5873444577463047,0.0013369152947333915,2.875019987466132e-05,12.000000002418425,-0.0003996153489669654,0.0060518799350071225,-2.0153534263722075e-07,-2.0153534263722075e-07,-0.4186011680070014,-3.330127907386906e-05
0.1068,89.98730648409088,90.0,-0.16071194040320264,0.5788660346139414,0.0013185489181461024,2.8824717302458168e-05,12.000000002247667,-0.000376572866914217,0.005968739958686061,-1.873054598072379e-07,-1.873054598072379e-07,-0.40177985100800656,-3.138107223697357e-05
0.10700000000000001,89.9872750049069,90.0,-0.15408053612991066,0.5704859121756548,0.001300391353250163,2.8896200930032008e-05,12.000000002083095,-0.00035387411055524655,0.00588654522047399,-1.735913294814053e-07,-1.735913294814053e-07,-0.3852013403247766,-2.9489509207818094e-05
0.1072,89.98724484240306,90.0,-0.1475451283451244,0.5622030574759329,0.001282440428630479,2.8964694611263523e-05,12.00000000192454,-0.0003315150454440479,0.005805285890919864,-1.6037830130294453e-07,-1.6037830130294453e-07,-0.36886282086281097,-2.7626253782573335e-05
0.10740000000000001,89.98721597749146,90.0,-0.14110460284346268,0.5540164478241085,0.0012646939943111377,2.9030241691282264e-05,12.000000001771825,-0.0003094916798008349,0.005724952237622434,-1.4765209037830849e-07,-1.4765209037830849e-07,-0.3527615071086568,-2.5790973312928147e-05
0.1076,89.98718839130592,90.0,-0.1347578571343811,0.5459250706962638,0.0012471499215514995,2.909288501184018e-05,12.000000001624784,-0.00028780006408624966,0.0056455346243072,-1.3539876887139664e-07,-1.3539876887139664e-07,-0.3368946428359527,-2.3983338670606825e-05
0.1078,89.98716206519958,90.0,-0.12850380032571346,0.5379279236383494,0.001229806102644886,2.9152666916656243e-05,12.000000001483258,-0.00026643629057951254,0.005567023509915122,-1.2360475778061547e-07,-1.2360475778061547e-07,-0.3212595008142836,-2.2203024212214977e-05
0.108,89.98713698074263,90.0,-0.12234135300832308,0.5300240141687196,0.001212660450715663,2.9209629256587755e-05,12.000000001347082,-0.00024539649296128604,0.005489409447684072,-1.1225681889491684e-07,-1.1225681889491684e-07,-0.3058533825208077,-2.0449707744478217e-05
0.1082,89.98711311971996,90.0,-0.1162694471418704,0.5222123596829388,0.0011957108995213936,2.9263813394859406e-05,12.000000001216105,-0.00022467684589996427,0.005412683084253222,-1.013420469252385e-07,-1.013420469252385e-07,-0.290673617854676,-1.8723070489766256e-05
0.10840000000000001,89.987090464129,90.0,-0.11028702594167109,0.5144919873583337,0.0011789554032541575,2.9315260212147903e-05,12.000000001090175,-0.00020427356464244862,0.0053368351587636765,-9.084786180756369e-08,-9.084786180756369e-08,-0.2757175648541777,-1.70227970519909e-05
0.1086,89.98706899617738,90.0,-0.10439304376664743,0.506861934060781,0.0011623919363468657,2.936401011172438e-05,12.000000000969145,-0.00018418290460827047,0.005261856501981697,-8.076200117405272e-08,-8.076200117405272e-08,-0.2609826094166186,-1.5348575382782956e-05
0.10880000000000001,89.98704869828076,90.0,-0.09858646600834743,0.4993212462519223,0.0011460184932803375,2.9410103024510114e-05,12.000000000852872,-0.00016440116098779517,0.005187738035425397,-7.107251298865526e-08,-7.107251298865526e-08,-0.24646616502086857,-1.370009674800923e-05
0.109,89.98702955306065,90.0,-0.09286626898102691,0.49186897989573064,0.0011298330883886345,2.9453578413958952e-05,12.000000000741213,-0.00014492466834498463,0.0051144707704835314,-6.176774834388839e-08,-6.176774834388839e-08,-0.23216567245256725,-1.2077055694669413e-05
0.1092,89.9870115433422,90.0,-0.08723143981280163,0.4845042003687022,0.0011138337556726393,2.9494475281112995e-05,12.000000000634035,-0.00012574980022277154,0.005042045807571619,-5.283635441522448e-08,-5.283635441522448e-08,-0.21807859953200406,-1.0479150018010617e-05
0.10940000000000001,89.98699465215208,90.0,-0.0816809763378282,0.4772259823686428,0.0010980185486101244,2.953283216942726e-05,12.000000000531207,-0.00010687296875320568,0.0049704543352721686,-4.42672675699386e-08,-4.42672675699386e-08,-0.20420244084457048,-8.90608072903956e-06
0.1096,89.98697886271628,90.0,-0.07621388698953015,0.47003340982491426,0.0010823855399690096,2.956868716959427e-05,12.000000000432596,-8.829062427111257e-05,0.004899687629489344,-3.6049706627122244e-08,-3.6049706627122244e-08,-0.19053471747382536,-7.357552022327477e-06
0.10980000000000001,89.98696415845814,90.0,-0.07082919069485155,0.4629255758097589,0.001066932821622916,2.960207792433978e-05,12.000000000338078,-6.999925493137192e-05,0.004829737052614023,-2.8173166265658093e-08,-2.8173166265658093e-08,-0.17707297673712885,-5.833271244116652e-06
0.11,89.9869505229961,90.0,-0.0655259167695269,0.45590158245139956,0.0010516585043706536,2.963304163324739e-05,12.000000000247528,-5.199538632944724e-05,0.004760594052706663,-2.0627410576920498e-08,-2.0627410576920498e-08,-0.16381479192381726,-4.332948860697893e-06
0.1102,89.98693794014174,90.0,-0.06030310481434618,0.4489605408453311,0.0010365607177512642,2.9661615057323163e-05,12.00000000016083,-3.427558112673756e-05,0.0046922501626600445,-1.3402466759587196e-08,-1.3402466759587196e-08,-0.15075776203586544,-2.8562984271898484e-06
0.11040000000000001,89.98692639389772,90.0,-0.05515980461243589,0.4421015709691618,0.0010216376098671435,2.9687834523733557e-05,12.000000000077865,-1.683643867836143e-05,0.004624696999398593,-6.488618952989273e-09,-6.488618952989273e-09,-0.13789951153108973,-1.4030365565210153e-06
0.1106,89.9869158684557,90.0,-0.05009507602751606,0.4353238015966867,0.0010068873472051571,2.9711735930370023e-05,11.999999999998517,3.25405334795643e-07,0.004557926263068613,1.235977934673233e-10,1.235977934673233e-10,-0.12523769006879015,2.7117111232973603e-08
0.11080000000000001,89.98690634819437,90.0,-0.04510798890314102,0.428626370213689,0.000992308114461584,2.973335475044253e-05,11.999999999922679,1.721327927088921e-05,0.004491929736245854,6.4434034179758165e-09,6.4434034179758165e-09,-0.11276997225785255,1.4344399392500102e-06
0.111,89.9868978176775,90.0,-0.040197622962904994,0.4220084229329574,0.000977898114365018,2.9752726036899684e-05,11.999999999850242,3.383047588769692e-05,0.004426699283133826,1.247977861350109e-08,1.247977861350109e-08,-0.1004940574072625,2.819206324009926e-06
0.11120000000000001,89.9868902616519,90.0,-0.035363067711620934,0.4154691144127943,0.0009636555675072186,2.9769884427022242e-05,11.999999999781103,5.018025270091153e-05,0.004362226848798109,1.8241470467948595e-08,1.8241470467948595e-08,-0.08840766927905232,4.181687725152241e-06
0.1114,89.98688366504553,90.0,-0.030603422337432944,0.4090076077732734,0.0009495787121685025,2.978486414672771e-05,11.999999999715156,6.62658323376555e-05,0.004298504458375938,2.373699797901382e-08,2.373699797901382e-08,-0.07650855584358236,5.522152694935704e-06
0.1116,89.98687801296553,90.0,-0.02591779561488789,0.40262307451561474,0.0009356658041502101,2.9797699015019383e-05,11.999999999652303,8.209040288759085e-05,0.004235524216317824,2.897465744731267e-08,2.897465744731267e-08,-0.06479448903721972,6.84086690749745e-06
0.11180000000000001,89.9868732906964,90.0,-0.021305305808930673,0.39631469444107226,0.0009219151166058375,2.9808422448290938e-05,11.99999999959245,9.765711825010425e-05,0.0041732783056231335,3.396252774972287e-08,3.396252774972287e-08,-0.053263264522326687,8.138093187785077e-06
0.112,89.98686948369794,90.0,-0.016765080579828475,0.39008165557076263,0.0009083249398741654,2.9817067464602138e-05,11.999999999535497,0.00011296909847820422,0.0041117589870847,3.8708475495716074e-08,3.8708475495716074e-08,-0.04191270144957119,9.414091540214758e-06
0.11220000000000001,89.98686657760359,90.0,-0.01229625688901341,0.3839231540667772,0.0008948935813151902,2.9823666687954557e-05,11.999999999481357,0.00012802943011933172,0.004050958598546129,4.3220160069273614e-08,4.3220160069273614e-08,-0.03074064222253352,1.0669119177072098e-05
0.1124,89.98686455821841,90.0,-0.007897980905828918,0.37783839415349,0.0008816193651463181,2.9828252352480586e-05,11.999999999429939,0.0001428411665526403,0.003990869554160288,4.7505038558562655e-08,4.7505038558562655e-08,-0.01974495226457229,1.1903430546618832e-05
0.1126,89.98686341151738,90.0,-0.0035694079151773615,0.3718265880394131,0.0008685006322796429,2.9830856306574718e-05,11.999999999381156,0.00015740732832291812,0.003931484343652705,5.1570370575805636e-08,5.1570370575805636e-08,-0.008923519787943405,1.3117277360919639e-05
0.11280000000000001,89.98686312364345,90.0,0.0006902977739370454,0.36588695584101266,0.0008555357401636158,2.9831510017082562e-05,11.999999999334921,0.00017173090347182864,0.0038727955316048453,5.542322297008515e-08,5.542322297008515e-08,0.0017257444348426133,1.4310908623445544e-05
0.113,89.98686368090583,90.0,0.004881962918992729,0.36001872550561187,0.0008427230626223903,2.983024457331655e-05,11.999999999291155,0.00018581484786523353,0.00381479575672687,5.907047443458446e-08,5.907047443458446e-08,0.012204907297481823,1.5484570656350807e-05
0.11320000000000001,89.98686506977825,90.0,0.009006405433652187,0.35422113273588224,0.0008300609896986898,2.9827090691100528e-05,11.999999999249773,0.00019966208551771091,0.003757477731146333,6.251882001116141e-08,6.251882001116141e-08,0.02251601358413047,1.663850712751613e-05
0.1134,89.98686727689709,90.0,0.013064434476598392,0.3484934209155426,0.0008175479274993127,2.9822078716814324e-05,11.999999999210702,0.00021327550891416582,0.003700834239708823,6.577477549439875e-08,6.577477549439875e-08,0.032661086191495985,1.77729590773495e-05
0.1136,89.98687028905971,90.0,0.017056850539519972,0.3428348410344702,0.0008051822980390768,2.981523863129392e-05,11.999999999173863,0.00022665797932775876,0.0036448581392715413,6.884468173670811e-08,6.884468173670811e-08,0.04264212634879993,1.888816494528025e-05
0.11380000000000001,89.98687409322271,90.0,0.020984445534238828,0.33724465161536427,0.0007929625390882101,2.980660005376043e-05,11.999999999139185,0.00023981232713511506,0.003589542358012474,7.173470885723251e-08,7.173470885723251e-08,0.05246111383559707,1.9984360596026492e-05
0.114,89.98687867650025,90.0,0.02484800287899749,0.3317221186412281,0.0007808871040214721,2.979619224572028e-05,11.999999999106588,0.00025274135212854617,0.003534879894747405,7.445086035641561e-08,7.445086035641561e-08,0.06212000719749372,2.1061779345613584e-05
0.11420000000000001,89.9868840261623,90.0,0.02864829758391599,0.3262665154829445,0.000768954461667314,2.9784044114778648e-05,11.999999999076012,0.00026544782382498635,0.003480863818247101,7.699897713799765e-08,7.699897713799765e-08,0.07162074395978998,2.2120651987118796e-05
0.1144,89.986890129633,90.0,0.032386096335618744,0.32087712282801006,0.000757163096159569,2.9770184218452956e-05,11.999999999047382,0.0002779344817721395,0.00342748726656595,7.938474144076981e-08,7.938474144076981e-08,0.08096524083904687,2.316120681618361e-05
0.11460000000000001,89.98689697448901,90.0,0.03606215758104556,0.31555322861005364,0.0007455115067907988,2.9754640767957415e-05,11.999999999020636,0.0002902040358517191,0.003374743446378102,8.161368068191619e-08,8.161368068191619e-08,0.09015539395261392,2.4183669656283644e-05
0.1148,89.9869045484579,90.0,0.039677231610454965,0.3102941279377059,0.0007339982078639485,2.9737441631843183e-05,11.999999998995705,0.0003022591665791521,0.0033226256323059403,8.369117121328103e-08,8.369117121328103e-08,0.09919307902613742,2.5188263883704046e-05
0.115,89.98691283941642,90.0,0.04323206063961298,0.3050991230263826,0.0007226217285506395,2.9718614339782922e-05,11.99999999897253,0.0003141025254013662,0.0032711271662786154,8.562244199375852e-08,8.562244199375852e-08,0.10808015159903248,2.6175210452355035e-05
0.11520000000000001,89.98692183538903,90.0,0.04672737889120028,0.2999675231286728,0.0007113806127460276,2.9698186086153156e-05,11.999999998951049,0.0003257367349907999,0.003220241456875022,8.741257817801483e-08,8.741257817801483e-08,0.11681844722800071,2.7144727918272784e-05
0.1154,89.9869315245462,90.0,0.050163912675422126,0.2948986444665499,0.0007002734189277533,2.9676183733674398e-05,11.999999998931202,0.0003371643895370609,0.0031699619786853036,8.906652462452653e-08,8.906652462452653e-08,0.12540978168855532,2.8097032463924248e-05
0.11560000000000001,89.98694189520288,90.0,0.05354238046984161,0.28989181016431254,0.0006892987200164309,2.9652633817022385e-05,11.99999999891293,0.00034838805503580977,0.003120282271679317,9.0589089324296e-08,9.0589089324296e-08,0.13385595117460403,2.9032337922280828e-05
0.1158,89.98695293581696,90.0,0.056863492998444946,0.28494635018046605,0.0006784551032334922,2.962756254626597e-05,11.99999999889618,0.0003594102695740775,0.0030711959405631335,9.198494675117857e-08,9.198494675117857e-08,0.14215873249611236,2.9950855800594818e-05
0.116,89.98696463498771,90.0,0.06012795330992636,0.28006160124246937,0.0006677411699655624,2.960099581044949e-05,11.999999998880895,0.0003702335436137795,0.0030226966541650976,9.325864113711876e-08,9.325864113711876e-08,0.1503198832748159,3.085279530402559e-05
0.11620000000000001,89.98697698145425,90.0,0.06333645685522551,0.27523690678110535,0.0006571555356277936,2.9572959181059527e-05,11.999999998867025,0.00038086036027206127,0.002974778144817173,9.441458967262433e-08,9.441458967262433e-08,0.1583411421380638,3.173836335900167e-05
0.1164,89.986989964094,90.0,0.06648969156431327,0.2704716168655447,0.0006466968295286567,2.9543477915462828e-05,11.999999998854516,0.0003912931755989525,0.0029274342077428906,9.545708563450532e-08,9.545708563450532e-08,0.16622422891078317,3.260776463635868e-05
0.11660000000000001,89.98700357192125,90.0,0.06958833792223346,0.265765088138028,0.0006363636947336803,2.951257696022864e-05,11.999999998843316,0.0004015344188518645,0.0028806587004405284,9.639030144195398e-08,9.639030144195398e-08,0.1739708448055836,3.3461201574214043e-05
0.1168,89.98701779408566,90.0,0.07263306904439658,0.2611166837510129,0.0006261547879347906,2.9480280954566584e-05,11.999999998833381,0.000411586492768228,0.002834445542091645,9.721829164378797e-08,9.721829164378797e-08,0.18158267261099142,3.429887440068681e-05
0.117,89.98703261987079,90.0,0.0756245507511534,0.25652577330390613,0.0006160687793185256,2.944661423364904e-05,11.99999999882466,0.00042145177383505543,0.0027887887129645194,9.794499583709973e-08,9.794499583709973e-08,0.1890613768778835,3.512098115636121e-05
0.11720000000000001,89.9870480386926,90.0,0.078563441641644,0.2519917327800964,0.0006061043524347953,2.9411600831875663e-05,11.99999999881711,0.0004311326125557381,0.002743682253820061,9.857424151907176e-08,9.857424151907176e-08,0.19640860410411,3.5927717716519724e-05
0.1174,89.98706404009812,90.0,0.0814503931669254,0.2475139444857053,0.0005962602040695018,2.9375264486195737e-05,11.999999998810683,0.00044063133371474673,0.0026991202653351937,9.910974687408503e-08,9.910974687408503e-08,0.20362598291731349,3.6719277813201465e-05
0.11760000000000001,89.98708061376385,90.0,0.08428604970239766,0.24309179698754096,0.0005865350441151464,2.9337628639286074e-05,11.99999999880534,0.0004499502366391536,0.002655096907517124,9.955512349634579e-08,9.955512349634579e-08,0.21071512425599412,3.74958530569957e-05
0.1178,89.98709774949461,90.0,0.0870710486195192,0.2387246850520447,0.0005769275954436017,2.9298716442728883e-05,11.999999998801034,0.000459091595457765,0.0026116063991274154,9.991387905024226e-08,9.991387905024226e-08,0.217677621548798,3.825763295863622e-05
0.11800000000000001,89.98711543722187,90.0,0.08980602035682285,0.23441200958592415,0.0005674365937826762,2.9258550760247464e-05,11.999999998797726,0.00046805765935823096,0.002568643017123226,1.0018941987016805e-07,1.0018941987016805e-07,0.22451505089205717,3.9004804950427116e-05
0.1182,89.9871336670026,90.0,0.09249158849025174,0.2301531775759599,0.0005580607875906007,2.9217154170797393e-05,11.99999999879538,0.0004768506528410484,0.0025262010960891393,1.0038505349990033e-07,1.0038505349990033e-07,0.23122897122562935,3.9737554407409754e-05
0.1184,89.98715242901773,90.0,0.09512836980280588,0.2259476020297745,0.0005487989379326133,2.917454897165778e-05,11.999999998793953,0.0004854727759712469,0.0024842750276784964,1.0050399117369487e-07,1.0050399117369487e-07,0.2378209245070147,4.045606466833657e-05
0.11860000000000001,89.98717171357094,90.0,0.09771697435350994,0.2217947019171944,0.0005396498183587858,2.913075718149357e-05,11.999999998793408,0.000493926204627629,0.0024428592600603473,1.0054935024019895e-07,1.0054935024019895e-07,0.24429243588377486,4.116051705644108e-05
0.1188,89.98719151108722,90.0,0.10025800554570974,0.21769390211290338,0.0005306122147847244,2.9085800543446773e-05,11.999999998793712,0.0005022130907499163,0.002401948297379411,1.0052415653080618e-07,1.0052415653080618e-07,0.25064501386427435,4.18510909000334e-05
0.11900000000000001,89.98721181211157,90.0,0.10275206019471149,0.2136446333385941,0.0005216849253709522,2.9039700528112123e-05,11.999999998794824,0.0005103355625830322,0.002361536699210072,1.0043134667274054e-07,1.0043134667274054e-07,0.25688015048677876,4.252796355285716e-05
0.1192,89.98723260730772,90.0,0.10519972859475869,0.20964633210604297,0.0005128667604043103,2.899247833651274e-05,11.999999998796714,0.0005182957249191561,0.002321619080019512,1.0027377034879294e-07,1.0027377034879294e-07,0.2629993214868967,4.319131041426063e-05
0.1194,89.98725388745682,90.0,0.10760159458535667,0.2056984406603867,0.0005041565421796878,2.8944154903017994e-05,11.99999999879935,0.0005260956593372571,0.0022821901086323318,1.0005419250450191e-07,1.0005419250450191e-07,0.2690039864633917,4.384130494915793e-05
0.11960000000000001,89.98727564345613,90.0,0.1099582356169476,0.20180040692501497,0.0004955531048853898,2.8894750898319196e-05,11.999999998802696,0.0005337374244407726,0.002243244507711641,9.977529550469847e-08,9.977529550469847e-08,0.27489558904236905,4.447811870783554e-05
0.1198,89.9872978663178,90.0,0.11227022281595411,0.19795168444556957,0.0004870552944862796,2.884428673226078e-05,11.999999998806725,0.0005412230560923437,0.0022047770532300725,9.94396812391759e-08,9.94396812391759e-08,0.2806755570398853,4.510192134551356e-05
0.12000000000000001,89.98732054716754,90.0,0.11453812104918168,0.19415173233590358,0.00047866196861136545,2.8792782556758186e-05,11.9999999988114,0.000548554567646887,0.002166782573960914,9.904987318013906e-08,9.904987318013906e-08,0.28634530262295416,4.5712880641768444e-05
0.1202,89.98734367724343,90.0,0.11676248898760147,0.1904000152231303,0.0004703719964391243,2.8740258268571307e-05,11.999999998816701,0.0005557339501817641,0.002129255950958999,9.86083183909297e-08,9.86083183909297e-08,0.29190622246900366,4.631116251971367e-05
0.12040000000000001,89.98736724789467,90.0,0.11894387916950432,0.1866960031939046,0.0004621842585855715,2.86867335121068e-05,11.999999998822592,0.0005627631727249999,0.0020921921170540276,9.811738948825693e-08,9.811738948825693e-08,0.29735969792376077,4.689693106501806e-05
0.1206,89.98739125058037,90.0,0.1210828380630391,0.1830391717415644,0.00045409764699420787,2.8632227682220394e-05,11.999999998829047,0.0005696441824814324,0.0020555860563523814,9.757938655877874e-08,9.757938655877874e-08,0.30270709515759775,4.7470348544751496e-05
0.1208,89.98741567686831,90.0,0.12317990612814549,0.17942900171376205,0.00044611106482698125,2.8576759926990335e-05,11.999999998836042,0.0005763789050566628,0.002019432803743537,9.699653903084218e-08,9.699653903084218e-08,0.3079497653203638,4.8031575426047457e-05
0.12100000000000001,89.9874405184338,90.0,0.12523561787788712,0.17586497925880196,0.0004382234263520938,2.8520349150317475e-05,11.999999998843549,0.0005829692446780037,0.0019837274443921943,9.637100750131604e-08,9.637100750131604e-08,0.3130890446947178,4.858077039451541e-05
0.1212,89.98746576705845,90.0,0.12725050193916992,0.17234659577496733,0.0004304336568386644,2.8463014014698705e-05,11.999999998851543,0.000589417084414348,0.001948465113261444,9.570488552096212e-08,9.570488552096212e-08,0.31812625484792484,4.9118090372563165e-05
0.12140000000000001,89.98749141462898,90.0,0.12922508111287986,0.1688733478595926,0.0004227406924506711,2.8404772943913702e-05,11.999999998859998,0.0005957242863935898,0.0019136409946326675,9.500020133744714e-08,9.500020133744714e-08,0.32306270278219973,4.9643690537515304e-05
0.1216,89.98751745313615,90.0,0.13115987243343755,0.16544473725717324,0.0004151434801385169,2.834564412556725e-05,11.999999998868894,0.0006018926920172683,0.001879250321614686,9.425891959646643e-08,9.425891959646643e-08,0.32789968108359385,5.0157724339500165e-05
0.1218,89.9875438746735,90.0,0.13305538722775834,0.16206027081008226,0.0004076409775365611,2.8285645513775995e-05,11.999999998878206,0.0006079241221740319,0.0018452883756799065,9.348294300400175e-08,9.348294300400175e-08,0.3326384680693958,5.066034351923853e-05
0.12200000000000001,89.98757067143633,90.0,0.13491213117364795,0.1587194604079432,0.00040023215285738754,2.8224794831681886e-05,11.999999998887912,0.00061382037745022,0.0018117504861857052,9.26741139482659e-08,9.26741139482659e-08,0.33728032793411994,5.11516981255921e-05
0.1222,89.98759783572048,90.0,0.13673060435761822,0.1554218229388784,0.0003929159847903317,2.816310957405224e-05,11.99999999889799,0.0006195832383389868,0.001778632029915082,9.183421608411953e-08,9.183421608411953e-08,0.3418265108940455,5.1631936532990476e-05
0.12240000000000001,89.98762535992124,90.0,0.13851130133214393,0.15216688024047192,0.00038569146239922017,2.810060700979316e-05,11.999999998908422,0.0006252144654470584,0.001745928430613754,9.09649758795246e-08,9.09649758795246e-08,0.3462782533303598,5.2101205458660916e-05
0.1226,89.98765323653227,90.0,0.14025471117235885,0.14895415905151588,0.0003785575850218193,2.8037304184462994e-05,11.999999998919183,0.0006307157996995981,0.0017136351585349846,9.00680641255073e-08,9.00680641255073e-08,0.35063677793089715,5.2559649979700456e-05
0.1228,89.98768145814455,90.0,0.14196131753219818,0.14578319096310796,0.00037151336216764886,2.7973217922670155e-05,11.99999999893026,0.0006360889625425598,0.0016817477299770115,8.914509740956202e-08,8.914509740956202e-08,0.3549032938304955,5.300741354993866e-05
0.12300000000000001,89.98771001744521,90.0,0.14363159869998127,0.14265351237266274,0.00036455781342248524,2.7908364830644344e-05,11.999999998941629,0.0006413356561441414,0.0016502617068507564,8.819763955550221e-08,8.819763955550221e-08,0.3590789967499532,5.3444638016725476e-05
0.1232,89.9877389072165,90.0,0.1452660276534673,0.13956466443581628,0.00035768996834782625,2.7842761298576617e-05,11.999999998953275,0.0006464575635931552,0.0016191726962247281,8.722720302744174e-08,8.722720302744174e-08,0.3631650691336682,5.3871463637461986e-05
0.12340000000000001,89.98776812033475,90.0,0.14686507211436028,0.1365161930201655,0.00035090886638452655,2.7776423503046162e-05,11.999999998965176,0.0006514563490960384,0.0015884763498888034,8.623525030109996e-08,8.623525030109996e-08,0.3671626802859007,5.428802909601808e-05
0.1236,89.98779764976933,90.0,0.14842919460228415,0.1335076486590373,0.00034421355675638704,2.770936740938924e-05,11.999999998977323,0.0006563336581717547,0.0015581683639178015,8.52231952020687e-08,8.52231952020687e-08,0.3710729865057104,5.469447151897412e-05
0.12380000000000001,89.9878274885816,90.0,0.14995885248822788,0.13053858650564173,0.0003376030983745286,2.764160877403929e-05,11.99999999898969,0.0006610911178447496,0.001528244478238607,8.41924042119906e-08,8.41924042119906e-08,0.3748971312205698,5.509092649170071e-05
0.124,89.98785762992387,90.0,0.151454498047466,0.12760856628795822,0.0003310765597433654,2.7573163146866983e-05,11.99999999900227,0.0006657303368361429,0.001498700476204535,8.31441977435907e-08,8.31441977435907e-08,0.378636245118665,5.54775280742912e-05
0.1242,89.98788806703838,90.0,0.15291657851196191,0.12471715226434361,0.00032463301886815444,2.7504045873520344e-05,11.999999999015042,0.0006702529057531822,0.0014695321841768309,8.207985138526554e-08,8.207985138526554e-08,0.3822914462799048,5.58544088173497e-05
0.12440000000000001,89.98791879325636,90.0,0.154345536122263,0.12186391317807352,0.00031827156315994084,2.743427209762036e-05,11.999999999027992,0.0006746603972761673,0.0014407354710943825,8.100059711476128e-08,8.100059711476128e-08,0.38586384030565757,5.622169977756793e-05
0.1246,89.98794980199696,90.0,0.15574180817887473,0.11904842221403256,0.0003119912893454146,2.7363856763072152e-05,11.999999999041108,0.0006789543663442796,0.001412306248065663,7.9907624484676e-08,7.9907624484676e-08,0.38935452044718677,5.657953053321111e-05
0.12480000000000001,89.98798108676633,90.0,0.15710582709313878,0.11627025695503039,0.0003057913033757858,2.7292814616289543e-05,11.999999999054374,0.0006831363503392531,0.001384240467956232,7.880208177883645e-08,7.880208177883645e-08,0.392764567732847,5.692802919942381e-05
0.125,89.9880126411566,90.0,0.15843802043761102,0.1135289993384621,0.00029967072033635495,2.7221160208390644e-05,11.999999999067779,0.0006872078692671972,0.0013565341249793846,7.768507714064536e-08,7.768507714064536e-08,0.39609505109402754,5.726732244338192e-05
0.1252,89.98804445884493,90.0,0.15973881099594273,0.1108242356140162,0.000293628664358428,2.7148907897422425e-05,11.999999999081307,0.0006911704259389167,0.0013291832542974109,7.655767967449582e-08,7.655767967449582e-08,0.3993470274898568,5.759753549931926e-05
0.1254,89.98807653359258,90.0,0.16100861681227713,0.10815555630028388,0.00028766426852855446,2.707607185044073e-05,11.99999999909495,0.0006950255061477809,0.0013021839316107405,7.542092051946016e-08,7.542092051946016e-08,0.4025215420306929,5.791879218335002e-05
0.12560000000000002,89.98810885924394,90.0,0.16224785124014982,0.10552255614419233,0.00028177667480426316,2.7002666045763745e-05,11.999999999108692,0.0006987745788469079,0.0012755322727765,7.427579389843672e-08,7.427579389843672e-08,0.4056196281003746,5.823121490823416e-05
0.1258,89.9881414297256,90.0,0.16345692299092338,0.10292483407824615,0.00027596503392457173,2.692870427499424e-05,11.999999999122522,0.0007024190963234728,0.0012492244334034112,7.31232581400492e-08,7.31232581400492e-08,0.40864230747730845,5.8534924697902985e-05
0.126,89.98817423904546,90.0,0.16463623618173281,0.10036199317987285,0.0002702285053253095,2.6854200145157474e-05,11.99999999913643,0.000705960494372027,0.0012232566084684794,7.196423667670025e-08,7.196423667670025e-08,0.411590590454332,5.883004120190257e-05
0.1262,89.98820728129175,90.0,0.16578619038296566,0.0978336406310633,0.0002645662570550293,2.6779167080810103e-05,11.999999999150404,0.0007094001924660873,0.001197625031936347,7.079961901816664e-08,7.079961901816664e-08,0.41446547595741406,5.911668270969272e-05
0.1264,89.98824055063221,90.0,0.16690718066527863,0.09533938767688212,0.0002589774656881776,2.6703618326004735e-05,11.999999999164437,0.00071273959392735,0.0011723259763662362,6.963026170032798e-08,6.963026170032798e-08,0.4172679516631966,5.939496616474818e-05
0.12660000000000002,89.98827404131309,90.0,0.16799959764614028,0.09287884958677217,0.00025346131624469354,2.6627566946427767e-05,11.999999999178517,0.0007159800860942926,0.0011473557525479956,6.845698921219433e-08,6.845698921219433e-08,0.4199989941153507,5.966500717860886e-05
0.1268,89.98830774765838,90.0,0.16906382753592958,0.09045164561434756,0.0002480170021059788,2.6551025831363883e-05,11.999999999192632,0.0007191230404883004,0.001122710709121715,6.728059489889199e-08,6.728059489889199e-08,0.422659568839824,5.992692004472363e-05
0.127,89.98834166406884,90.0,0.17010025218357422,0.0880573989574729,0.00024264372493143767,2.6474007695631714e-05,11.999999999206779,0.0007221698129780815,0.0010983872321999237,6.610184184231374e-08,6.610184184231374e-08,0.4252506304589355,6.018081775215152e-05
0.1272,89.98837578502119,90.0,0.17110924912173153,0.0856957367207592,0.00023734069458056662,2.6396525081663865e-05,11.999999999220943,0.0007251217439433634,0.0010743817450149108,6.492146372139197e-08,6.492146372139197e-08,0.4277731228043288,6.0426811999203276e-05
0.1274,89.98841010506719,90.0,0.17209119161154016,0.08336628987617103,0.00023210712903053694,2.6318590361384796e-05,11.999999999235119,0.0007279801584359995,0.0010506907075456405,6.374016564958846e-08,6.374016564958846e-08,0.4302279790288504,6.0665013206866755e-05
0.12760000000000002,89.9884446188329,90.0,0.1730464486869198,0.08106869322462032,0.00022694225429598504,2.624021573811754e-05,11.999999999249297,0.000730746366339719,0.0010273106161546649,6.255862499201683e-08,6.255862499201683e-08,0.43261612171729946,6.089553053211945e-05
0.1278,89.98847932101769,90.0,0.17397538519843178,0.07880258535959447,0.00022184530435346466,2.6161413248605985e-05,11.99999999926347,0.000733421662529059,0.0010042380032461364,6.137749216340419e-08,6.137749216340419e-08,0.43493846299607947,6.111847188117288e-05
0.128,89.98851420639353,90.0,0.17487836185672234,0.0765676086281697,0.0002168155210596954,2.608219476477718e-05,11.99999999927763,0.000736007327025414,0.0009814694368957405,6.019739140418808e-08,6.019739140418808e-08,0.43719590464180585,6.133394392247664e-05
0.1282,89.98854926980414,90.0,0.1757557352755199,0.07436340909477865,0.0002118521540761538,2.6002571995676945e-05,11.999999999291774,0.0007385046251525733,0.0009590015205093383,5.901892153885796e-08,5.901892153885796e-08,0.43938933818879977,6.154205209967992e-05
0.12840000000000001,89.9885845061641,90.0,0.17660785801421675,0.07218963650449248,0.0002069544607924401,2.5922556489318815e-05,11.999999999305889,0.0007409148076903676,0.0009368308924760663,5.784265671478744e-08,5.784265671478744e-08,0.44151964503554186,6.174290064443534e-05
0.12860000000000002,89.98861991045816,90.0,0.17743507862003058,0.0700459442468897,0.00020212170625092494,2.584215963453302e-05,11.999999999319972,0.0007432391110269032,0.0009149542258272323,5.6669147122723096e-08,5.6669147122723096e-08,0.44358769655007646,6.193659258908515e-05
0.1288,89.98865547774032,90.0,0.17823774166975198,0.06793198931908191,0.00019735316306933646,2.5761392662699854e-05,11.999999999334012,0.0007454787573087495,0.0008933682278858853,5.5498919698370926e-08,5.5498919698370926e-08,0.44559435417438,6.21232297791769e-05
0.129,89.98869120313316,90.0,0.17901618781106818,0.0658474322911076,0.0001926481113687911,2.568026664962752e-05,11.99999999934801,0.0007476349545905199,0.0008720696399410298,5.433247880770892e-08,5.433247880770892e-08,0.4475404695276704,6.230291288592839e-05
0.1292,89.988727081827,90.0,0.17977075380349083,0.06379193727010246,0.0001880058386988793,2.5598792517285546e-05,11.999999999361957,0.0007497088969823037,0.0008510552369085072,5.317030691396792e-08,5.317030691396792e-08,0.44942688450872703,6.247574141851382e-05
0.12940000000000002,89.98876310907904,90.0,0.180501772558873,0.06176517186575392,0.00018342563996566374,2.5516981035595934e-05,11.999999999375845,0.0007517017647960436,0.0008303218270050623,5.201286522840372e-08,5.201286522840372e-08,0.4512544313971825,6.264181373626182e-05
0.1296,89.98879928021282,90.0,0.18120957318153058,0.05976680715524195,0.0001789068173583919,2.5434842824137675e-05,11.999999999389672,0.000753614724690091,0.000809866251416589,5.086059434401253e-08,5.086059434401253e-08,0.4530239329538265,6.28012270607017e-05
0.1298,89.98883559061721,90.0,0.18189448100796216,0.05779651764874083,0.00017444868027743273,2.5352388353851248e-05,11.999999999403432,0.0007554489298124138,0.0007896853839719178,4.971391485331235e-08,4.971391485331235e-08,0.4547362025199054,6.295407748749752e-05
0.13,89.98887203574583,90.0,0.18255681764617349,0.05585398125618307,0.00017005054526507873,2.526962794880091e-05,11.99999999941712,0.0007572055199427997,0.0007697761308295746,4.857322795105641e-08,4.857322795105641e-08,0.4563920441154337,6.310045999829831e-05
0.1302,89.98890861111623,90.0,0.18319690101462166,0.053938879253134064,0.00016571173593418672,2.5186571787821415e-05,11.999999999430734,0.0007588856216331273,0.0007501354301547548,4.743891602075248e-08,4.743891602075248e-08,0.4579922525365542,6.324046847242733e-05
0.13040000000000002,89.98894531230918,90.0,0.1838150453807678,0.05205089624721231,0.0001614315828980095,2.5103229906164737e-05,11.999999999444263,0.0007604903483463204,0.0007307602518016892,4.6311343206337355e-08,4.6311343206337355e-08,0.45953761345191946,6.337419569846165e-05
0.1306,89.98898213496798,90.0,0.18441156139924583,0.05018972014575728,0.00015720942370286132,2.501961219720458e-05,11.99999999945771,0.0007620208005943394,0.0007116475970088374,4.519085596985155e-08,4.519085596985155e-08,0.46102890349811454,6.350173338573131e-05
0.1308,89.98901907479762,90.0,0.18498675614966004,0.04835504212294866,0.00015304460275942044,2.4935728414054213e-05,11.999999999471067,0.0007634780660744335,0.0006927944980879116,4.4077783634206734e-08,4.4077783634206734e-08,0.46246689037415006,6.362317217567383e-05
0.131,89.98905612756425,90.0,0.18554093317400694,0.04654655658638562,0.00014893647127268804,2.4851588171097608e-05,11.99999999948433,0.0007648632198036368,0.0006741980181068183,4.2972438911380945e-08,4.2972438911380945e-08,0.4638523329350173,6.373860165304208e-05
0.1312,89.98909328909431,90.0,0.1860743925137133,0.044763961146687674,0.0001448843871789283,2.4767200945722883e-05,11.999999999497499,0.0007661773242531231,0.0006558552506042023,4.1875118418860956e-08,4.1875118418860956e-08,0.4651859812842833,6.384811035710058e-05
0.13140000000000002,89.98913055527395,90.0,0.18658743074632683,0.04300695658438407,0.00014088771507619416,2.468257607979564e-05,11.999999999510568,0.0007674214294799156,0.000637763319274953,4.078610318065019e-08,4.078610318065019e-08,0.466468576865817,6.395178579260131e-05
0.1316,89.98916792204822,90.0,0.18708034102182705,0.04127524681910921,0.00013694582616016225,2.4597722781276828e-05,11.999999999523531,0.0007685965732581423,0.0006199193776797469,3.970565911665767e-08,3.970565911665767e-08,0.46770085255456756,6.404971444072167e-05
0.1318,89.98920538542055,90.0,0.18755341309858353,0.039568538878580244,0.00013305809815938234,2.451265012578278e-05,11.999999999536392,0.0007697037812087749,0.0006023206089519366,3.863403751901571e-08,3.863403751901571e-08,0.46888353274645883,6.414198176987598e-05
0.132,89.98924294145192,90.0,0.18800693337895874,0.03788654286700488,0.0001292239152691178,2.4427367058058605e-05,11.999999999549143,0.0007707440669276824,0.0005849642254980641,3.75714755153766e-08,3.75714755153766e-08,0.4700173334473969,6.42286722463867e-05
0.1322,89.98928058626029,90.0,0.18844118494454887,0.036228971935060535,0.00012544266808878137,2.4341882393538252e-05,11.999999999561782,0.0007717184321129604,0.0005678474687146483,3.651819652098205e-08,3.651819652098205e-08,0.4711029623613722,6.430986934509519e-05
0.13240000000000002,89.9893183160199,90.0,0.18885644759108106,0.034595542249642945,0.00012171375355875768,2.4256204819846765e-05,11.999999999574307,0.0007726278666907757,0.0005509676087021953,3.5474410678533036e-08,3.5474410678533036e-08,0.47214111897770267,6.438565555984869e-05
0.1326,89.98935612696063,90.0,0.1892529978629637,0.03298597296374351,0.00011803657489745163,2.4170342898273676e-05,11.999999999586716,0.0007734733489398817,0.0005343219439802338,3.444031528639107e-08,3.444031528639107e-08,0.4731324946574092,6.445611241387669e-05
0.1328,89.98939401536732,90.0,0.18963110908749217,0.03139998618680778,0.00011441054153938732,2.4084305065246405e-05,11.999999999599007,0.000774255845614975,0.0005179078012071031,3.3416095215633135e-08,3.3416095215633135e-08,0.4740777727187304,6.452132047007063e-05
0.133,89.9894319775792,90.0,0.1899910514087146,0.0298373069552138,0.00011083506907351334,2.399809963377472e-05,11.999999999611177,0.0007749763120687455,0.0005017225349006777,3.2401923315975695e-08,3.2401923315975695e-08,0.47497762852178654,6.458135934115469e-05
0.1332,89.98947000998919,90.0,0.19033309182095978,0.02829766320286648,0.00010730957918170666,2.391173479486638e-05,11.999999999623224,0.0007756356923726257,0.00048576352715998906,3.1397960810828074e-08,3.1397960810828074e-08,0.47583272955239947,6.463630769974826e-05
0.13340000000000002,89.9895081090433,90.0,0.19065749420202788,0.026780785733328538,0.00010383349958079555,2.382521861902938e-05,11.999999999635147,0.0007762349194368997,0.00047002818740277824,3.040435768273005e-08,3.040435768273005e-08,0.47664373550506967,6.468624328837505e-05
0.1336,89.98954627123997,90.0,0.19096451934606243,0.025286408190265453,0.00010040626396057211,2.3738559057600908e-05,11.999999999646946,0.000776774915128756,0.00045451395208489435,2.9421253047163884e-08,2.9421253047163884e-08,0.47741129836515606,6.473124292930081e-05
0.1338,89.9895844931296,90.0,0.19125442499608325,0.02381426702907341,9.702731192449725e-05,2.365176394413404e-05,11.999999999658614,0.0007772565903895285,0.0004392182844318806,2.844877551699781e-08,2.844877551699781e-08,0.4781360624902082,6.477138253430338e-05
0.134,89.9896227713137,90.0,0.19152746587619476,0.02236410149002749,9.369608893388939e-05,2.3564840995871142e-05,11.999999999670155,0.0007776808453513382,0.00042413867418633063,2.748704355804066e-08,2.748704355804066e-08,0.4788186646904869,6.480673711439286e-05
0.1342,89.98966110244451,90.0,0.19178389372348645,0.020935653569726816,9.04120462480653e-05,2.3477797815043907e-05,11.999999999681567,0.0007780485694517161,0.00040927263733692116,2.6536165833681044e-08,2.6536165833681044e-08,0.47945973430871613,6.483738078936353e-05
0.13440000000000002,89.98969948322433,90.0,0.19202395731960645,0.019528667992997184,8.717464086547965e-05,2.3390641890173394e-05,11.999999999692845,0.0007783606415471271,0.00039461771585196553,2.5596241540354988e-08,2.5596241540354988e-08,0.4800598932990161,6.486338679725418e-05
0.1346,89.98973791040487,90.0,0.19224790252201301,0.018142892186663706,8.398333546916689e-05,2.3303380597485653e-05,11.999999999703991,0.0007786179300260671,0.00038017147743244276,2.46673607350585e-08,2.46673607350585e-08,0.4806197563050326,6.48848275037728e-05
0.1348,89.98977638078676,90.0,0.19245597229492598,0.016778076251966756,8.083759836894631e-05,2.321602120218285e-05,11.999999999715005,0.0007788212929203314,0.00036593151525037427,2.3749604652863413e-08,2.3749604652863413e-08,0.4811399307373149,6.4901774411569e-05
0.135,89.98981489121893,90.0,0.19264840673996167,0.015433972938840187,7.773690344791253e-05,2.312857085983001e-05,11.999999999725883,0.0007789715780158754,0.00035189544770659995,2.2843046016906235e-08,2.2843046016906235e-08,0.4816210168499042,6.491429816947247e-05
0.13520000000000001,89.98985343859805,90.0,0.19282544312647376,0.014110337617758761,7.468073010317945e-05,2.304103661751061e-05,11.999999999736627,0.0007790696229613734,0.00033806091816254073,2.1947749338053902e-08,2.1947749338053902e-08,0.4820636078161844,6.492246858153936e-05
0.13540000000000002,89.98989201986795,90.0,0.1929873159215712,0.012806928255233052,7.16685631950818e-05,2.295342541524216e-05,11.999999999747235,0.0007791162553771698,0.00032442559471024685,2.106377120870692e-08,2.106377120870692e-08,0.482468289803928,6.492635461613174e-05
0.1356,89.98993063201908,90.0,0.1931342568198557,0.011523505387209919,6.869989299141938e-05,2.2865744087189598e-05,11.999999999757705,0.0007791122929621379,0.00031098716992000546,2.0191160586922807e-08,2.0191160586922807e-08,0.4828356420496392,6.492602441482243e-05
0.1358,89.98996927208796,90.0,0.19326649477285446,0.010259832092897825,6.577421511262873e-05,2.2777999362878664e-05,11.99999999976804,0.0007790585435995151,0.0002977433605921465,1.932995907281889e-08,1.932995907281889e-08,0.4831662369321362,6.492154530121453e-05
0.136,89.99000793715663,90.0,0.19338425601815312,0.009015673969721529,6.289103047953038e-05,2.2690197868467055e-05,11.999999999778238,0.0007789558054620568,0.0002846919075205079,1.8480201177938734e-08,1.8480201177938734e-08,0.4834606400453828,6.491298378970433e-05
0.13620000000000002,89.99004662435212,90.0,0.19348776410824142,0.0077907991086779175,6.004984526195157e-05,2.2602346128015577e-05,11.999999999788297,0.0007788048671162269,0.0002718305752598631,1.7641914587260005e-08,1.7641914587260005e-08,0.48371941027060356,6.490040559416388e-05
0.1364,89.99008533084586,90.0,0.19357723993907736,0.006584978068308487,5.725017082405426e-05,2.251445056461485e-05,11.999999999798218,0.0007786065076246202,0.00025915715187843494,1.681512041278371e-08,1.681512041278371e-08,0.4839430998476934,6.488387563647606e-05
0.1366,89.99012405385325,90.0,0.19365290177835243,0.005397983850865541,5.449152367472689e-05,2.2426517501656472e-05,11.999999999808,0.0007783614966482003,0.0002466694487333316,1.599983344137787e-08,1.599983344137787e-08,0.4841322544458811,6.48634580550545e-05
0.1368,89.99016279063305,90.0,0.19371496529348434,0.004229591877438046,5.1773425415485195e-05,2.23385531639886e-05,11.999999999817646,0.0007780705945469649,0.00023436530023470667,1.519606237479727e-08,1.519606237479727e-08,0.4842874132337109,6.483921621323238e-05
0.137,89.99020153848691,90.0,0.19376364357932443,0.003079579963830458,4.9095402690071586e-05,2.2250563679100448e-05,11.999999999827153,0.0007777345524798175,0.00022224256361760803,1.4403810063299783e-08,1.4403810063299783e-08,0.4844091089483111,6.4811212707585e-05
0.13720000000000002,89.99024029475885,90.0,0.19379914718558913,0.0019477282961172255,4.6456987133236674e-05,2.216255507824899e-05,11.999999999836522,0.0007773541125031812,0.00021029911871012487,1.3623073732278112e-08,1.3623073732278112e-08,0.4844978679639729,6.477950937614761e-05
0.1374,89.99027905683471,90.0,0.19382168414401127,0.0008338194076535912,4.385771532286481e-05,2.2074533297672335e-05,11.999999999845754,0.0007769300076691648,0.000198532867716672,1.2853845203306493e-08,1.2853845203306493e-08,0.48455421036002816,6.474416730659595e-05
0.1376,89.99031782214176,90.0,0.19383145999522794,-0.00026236184532196815,4.1297128728750134e-05,2.1986504179658654e-05,11.999999999854847,0.0007764629621220216,0.00018694173498611172,1.2096111107775172e-08,1.2096111107775172e-08,0.4845786499880699,6.470524684428449e-05
0.1378,89.99035658814806,90.0,0.19382867781538904,-0.0013410283059187584,3.8774773666377265e-05,2.1898473473759544e-05,11.999999999863803,0.0007759536911944899,0.00017552366680253085,1.1349853095746783e-08,1.1349853095746783e-08,0.48457169453847254,6.466280760027473e-05
0.138,89.99039535236209,90.0,0.1938135382425111,-0.0024023905409562016,3.629020124566423e-05,2.1810446837801196e-05,11.99999999987262,0.0007754029015021299,0.00016427663115321258,1.0615048037212364e-08,1.0615048037212364e-08,0.48453384560627777,6.461690845919674e-05
0.13820000000000002,89.99043411233218,90.0,0.19378623950255192,-0.003446656863160258,3.3842967324708614e-05,2.172242983903998e-05,11.9999999998813,0.0007748112910375401,0.00015319861751925712,9.891668218869671e-09,9.891668218869671e-09,0.4844655987563798,6.456760758710036e-05
0.1384,89.99047286564608,90.0,0.19374697743523134,-0.00447403335336022,3.143263246347788e-05,2.163442795528913e-05,11.999999999889845,0.0007741795492635586,0.00014228763666594926,9.1796815350694e-09,9.1796815350694e-09,0.4843674435880783,6.451496243922211e-05
0.1386,89.9905116099305,90.0,0.19369594551959712,-0.005484723884106368,2.9058761874122938e-05,2.1546446575901052e-05,11.99999999989825,0.0007735083572047854,0.00013154172041784047,8.479051672096476e-09,8.479051672096476e-09,0.4842398637989928,6.4459029767612e-05
0.1388,89.99055034285055,90.0,0.193633334899321,-0.0064789301407788815,2.6720925377098294e-05,2.1458491002922863e-05,11.999999999906525,0.0007727983875391829,0.00012095892146011575,7.789738288632022e-09,7.789738288632022e-09,0.48408333724830255,6.43998656287669e-05
0.139,89.99058906210941,90.0,0.1935593344077524,-0.007456851644135121,2.4418697353867223e-05,2.1370566452107575e-05,11.99999999991466,0.0007720503046880414,0.00011053731312450185,7.1116971898146675e-09,7.1116971898146675e-09,0.483898336019381,6.433752539112766e-05
0.13920000000000002,89.99062776544773,90.0,0.19347413059271412,-0.008418685771785672,2.2151656702055452e-05,2.1282678053983004e-05,11.999999999922661,0.0007712647649054053,0.00010027498918625925,6.4448804967608955e-09,6.4448804967608955e-09,0.4836853264817853,6.427206374253134e-05
0.1394,89.99066645064327,90.0,0.19337790774105182,-0.009364627780392987,1.9919386788862373e-05,2.1194830854834027e-05,11.99999999993053,0.0007704424163661786,9.017006365328647e-05,5.789236810444362e-09,5.789236810444362e-09,0.4834447693526296,6.420353469755324e-05
0.1396,89.99070511551048,90.0,0.1932708479029297,-0.01029487082680447,1.7721475406908405e-05,2.1107029817742635e-05,11.999999999938264,0.0007695838992537069,8.022067056625205e-05,5.144711371286745e-09,5.144711371286745e-09,0.4831771197573242,6.413199160480551e-05
0.1398,89.99074375789992,90.0,0.19315313091588343,-0.011209605988491744,1.5557514731651955e-05,2.1019279823656837e-05,11.999999999945864,0.0007686898458467059,7.04249638058319e-05,4.511246214325749e-09,4.511246214325749e-09,0.4828828272897086,6.405748715418114e-05
0.14,89.99078237569792,90.0,0.1930249344286394,-0.012109022285084814,1.3427101276196124e-05,2.093158567234403e-05,11.999999999953335,0.000767760880604749,6.078111688813061e-05,3.8887803188627334e-09,3.8887803188627334e-09,0.48256233607159854,6.398007338397788e-05
0.14020000000000002,89.99082096682613,90.0,0.1928864339246873,-0.01299330669920612,1.1329835847678861e-05,2.0843952083373278e-05,11.999999999960673,0.000766797620253089,5.128732276727057e-05,3.2772497539353357e-09,3.2772497539353357e-09,0.48221608481171824,6.389980168796683e-05
0.1404,89.99085952924109,90.0,0.19273780274561364,-0.013862644197326522,9.265323503560146e-06,2.0756383697068647e-05,11.99999999996788,0.0007658006738665133,4.1941793637515065e-05,2.676587819238771e-09,2.676587819238771e-09,0.4818445068640341,6.381672282238027e-05
0.1406,89.99089806093379,90.0,0.19257921211419704,-0.014717217749222578,7.233173511127581e-06,2.0668885075549264e-05,11.99999999997496,0.0007647706429528894,3.2742760749960246e-05,2.086725182570998e-09,2.086725182570998e-09,0.4814480302854926,6.373088691287377e-05
0.1408,89.99093655992925,90.0,0.19241083115728005,-0.01555720834889812,5.232999303530397e-06,2.0581460703624886e-05,11.99999999998191,0.0007637081215351383,2.3688474213512087e-05,1.507590011971846e-09,1.507590011971846e-09,0.4810270778932001,6.364234346135747e-05
0.14100000000000001,89.99097502428613,90.0,0.19223282692840146,-0.01638279503410578,3.2644184390347894e-06,2.049411498977818e-05,11.99999999998873,0.0007626136962328968,1.477720281044555e-05,9.391081046056346e-10,9.391081046056346e-10,0.48058206732100367,6.355114135280109e-05
0.14120000000000002,89.99101345209625,90.0,0.19204536443020528,-0.0171941549062673,1.3270525592986383e-06,2.0406852267089178e-05,11.999999999995424,0.0007614879463430994,6.007233807524701e-06,3.812030112747138e-10,3.812030112747138e-10,0.4801134110755132,6.345732886194915e-05
0.1414,89.99105184148428,90.0,0.19184860663662112,-0.01799146315007405,-5.794726516556163e-07,2.031967679415975e-05,12.000000000001993,0.0007603314439197919,-2.623127229716782e-06,-1.662038428462961e-10,-1.662038428462961e-10,0.47962151659155283,6.336095365997213e-05
0.1416,89.99109019060722,90.0,0.19164271451482037,-0.018774893053130792,-2.4555275086175292e-06,2.023259275600923e-05,12.000000000008438,0.0007591447538530281,-1.1115556623371533e-05,-7.031930413985704e-10,-7.031930413985704e-10,0.47910678628705095,6.32620628210412e-05
0.1418,89.99112849765416,90.0,0.1914278470469471,-0.019544616024573358,-4.301478364015261e-06,2.0145604265027725e-05,12.000000000014758,0.0007579284339473361,-1.9471712758916823e-05,-1.2298470631350035e-09,-1.2298470631350035e-09,0.47856961761736777,6.3160702828867e-05
0.14200000000000002,89.99116676084569,90.0,0.19120416125163608,-0.020300801614455577,-6.117687648586533e-06,2.0058715361842862e-05,12.000000000020954,0.0007566830349989776,-2.769323626932176e-05,-1.7462501724314637e-09,-1.7462501724314637e-09,0.4780104031290902,6.305691958313803e-05
0.1422,89.99120497843367,90.0,0.1909718122053082,-0.021043617532469583,-7.904513910539206e-06,1.9971930016215344e-05,12.000000000027029,0.0007554091008726234,-3.5781750212317394e-05,-2.2524883129562166e-09,-2.2524883129562166e-09,0.47742953051327053,6.295075840591016e-05
0.1424,89.99124314870078,90.0,0.19073095306325194,-0.021773229667078675,-9.6623118557227e-06,1.9885252127876767e-05,12.000000000032983,0.000754107168576979,-4.373886025224268e-05,-2.7486490051260198e-09,-2.7486490051260198e-09,0.4768273826581299,6.284226404790886e-05
0.1426,89.99128126996008,90.0,0.1904817350804853,-0.022489802102921785,-1.1391432383806077e-05,1.9798685527482988e-05,12.000000000038817,0.0007527777683403325,-5.156615482381352e-05,-3.234821245836404e-09,-3.234821245836404e-09,0.4762043377012133,6.273148069482479e-05
0.1428,89.9913193405548,90.0,0.19022430763241874,-0.023193497140072128,-1.3092222628834021e-05,1.9712233977394155e-05,12.000000000044533,0.0007514214236844455,-5.9265205315709566e-05,-3.711095412759682e-09,-3.711095412759682e-09,0.4755607690810469,6.261845197347141e-05
0.14300000000000002,89.99135735885777,90.0,0.18995881823529714,-0.023884475311921394,-1.4765025996617307e-05,1.9625901172541395e-05,12.00000000005013,0.0007500386514981952,-6.683756623983144e-05,-4.177563170977921e-09,-4.177563170977921e-09,0.4748970455882428,6.250322095792182e-05
0.1432,89.99139532327118,90.0,0.18968541256643714,-0.024562895402778343,-1.6410182201499792e-05,1.953969074129351e-05,12.00000000005561,0.0007486299621105285,-7.42847753977357e-05,-4.6343173825948566e-09,-4.6343173825948566e-09,0.4742135314160929,6.238583017558826e-05
0.1434,89.99143323222616,90.0,0.18940423448426277,-0.025228914465896143,-1.8028027304171376e-05,1.945360624626591e-05,12.000000000060979,0.0007471958593624087,-8.160835405180459e-05,-5.081452019714998e-09,-5.081452019714998e-09,0.47351058621065684,6.226632161321764e-05
0.1436,89.99147108418242,90.0,0.18911542604813456,-0.025882687840856403,-1.961889374802166e-05,1.936765118515841e-05,12.00000000006623,0.000745736840678234,-8.880980708980999e-05,-5.519062080002734e-09,-5.519062080002734e-09,0.47278856512033646,6.214473672284318e-05
0.1438,89.99150887762794,90.0,0.1888191275379799,-0.026524369171030182,-2.118311039571667e-05,1.9281828991564133e-05,12.000000000071367,0.0007442533971364223,-9.5890623190487e-05,-5.947243505218677e-09,-5.947243505218677e-09,0.47204781884494973,6.202111642766634e-05
0.14400000000000002,89.99154661107855,90.0,0.1885154774737226,-0.027154110421470423,-2.2721002566827317e-05,1.919614303572067e-05,12.000000000076394,0.0007427460135389928,-0.00010285227499386852,-6.3660931028854786e-09,-6.3660931028854786e-09,0.4712886936843065,6.189550112785536e-05
0.1442,89.99158428307763,90.0,0.18820461263450838,-0.027772061895097018,-2.4232892071510697e-05,1.9110596625376763e-05,12.000000000081307,0.0007412151684811183,-0.00010969621925375213,-6.775708469613389e-09,-6.775708469613389e-09,0.4705115315862709,6.176793070634135e-05
0.1444,89.99162189219571,90.0,0.1878866680777443,-0.02837837224968898,-2.5719097246118404e-05,1.902519300657234e-05,12.000000000086114,0.0007396613344195609,-0.0001164238969988899,-7.17618791765887e-09,-7.17618791765887e-09,0.4697166701943608,6.163844453452109e-05
0.1446,89.9916594370302,90.0,0.18756177715794395,-0.028973188514960002,-2.7179932989041688e-05,1.8939935364389658e-05,12.000000000090811,0.0007380849777402878,-0.00012303673369525045,-7.567630404167452e-09,-7.567630404167452e-09,0.4689044428948598,6.150708147789185e-05
0.1448,89.99169691620497,90.0,0.18723007154537658,-0.02955665610936065,-2.8615710795960115e-05,1.885482682370441e-05,12.000000000095401,0.0007364865588254317,-0.00012953613940558078,-7.950135462799096e-09,-7.950135462799096e-09,0.46807517886344147,6.137387990163138e-05
0.14500000000000002,89.99173432837011,90.0,0.1868916812445246,-0.03012891885625746,-3.002673879367485e-05,1.8769870449965785e-05,12.000000000099885,0.0007348665321197673,-0.00013592350894256106,-8.323803137444884e-09,-8.323803137444884e-09,0.4672292031113115,6.123887767613755e-05
0.1452,89.99177167220154,90.0,0.18654673461235474,-0.030690118999851915,-3.1413321773374085e-05,1.8685069249976486e-05,12.000000000104265,0.0007332253461965644,-0.00014220022201938886,-8.688733918207399e-09,-8.688733918207399e-09,0.46636683653088684,6.110211218251612e-05
0.1454,89.99180894640062,90.0,0.1861953583764075,-0.03124039722155647,-3.2775761225006285e-05,1.8600426172614967e-05,12.000000000108539,0.0007315634438225005,-0.00014836764340537826,-9.045028680040458e-09,-9.045028680040458e-09,0.4654883959410187,6.09636203179903e-05
0.1456,89.99184614969396,90.0,0.18583767765269882,-0.031779892655752984,-3.411435537025027e-05,1.851594410958659e-05,12.000000000112713,0.0007298812620221062,-0.00015442712307520699,-9.392788623293041e-09,-9.392788623293041e-09,0.46459419413174713,6.082343850127088e-05
0.1458,89.99188328083302,90.0,0.18547381596344154,-0.03230874290636487,-3.542939919742654e-05,1.843162589608806e-05,12.000000000116785,0.0007281792321411133,-0.00016037999636695145,-9.732115217012057e-09,-9.732115217012057e-09,0.46368453990860375,6.068160267783555e-05
0.14600000000000002,89.99192033859381,90.0,0.18510389525457624,-0.03282708406174295,-3.67211844925075e-05,1.8347474311587496e-05,12.000000000120757,0.0007264577799098183,-0.00016622758412246195,-1.0063110143346756e-08,-1.0063110143346756e-08,0.46275973813644067,6.053814832520899e-05
0.1462,89.99195732177655,90.0,0.18472803591313264,-0.033335050710024516,-3.798999987127068e-05,1.8263492080546647e-05,12.00000000012463,0.0007247173255055467,-0.00017197119283291254,-1.0385875244381053e-08,-1.0385875244381053e-08,0.4618200897828316,6.039311045816833e-05
0.1464,89.99199422920542,90.0,0.18434635678441402,-0.033832775954600824,-3.9236130811743634e-05,1.8179681873114243e-05,12.000000000128406,0.0007229582836143606,-0.0001776121147856708,-1.070051247109928e-08,-1.070051247109928e-08,0.46086589196103506,6.024652363388538e-05
0.1466,89.99203105972816,90.0,0.1839589751890054,-0.03432039143004889,-4.0459859687772535e-05,1.8096046305761608e-05,12.000000000132086,0.0007211810634918438,-0.0001831516282162543,-1.1007123834650598e-08,-1.1007123834650598e-08,0.4598974379725135,6.009842195699214e-05
0.1468,89.99206781221591,90.0,0.18356600693959832,-0.03479802731638676,-4.166146579871076e-05,1.8012587942033766e-05,12.000000000135671,0.0007193860690239279,-0.0001885909974427236,-1.1305811358507393e-08,-1.1305811358507393e-08,0.45891501734899587,5.994883908464954e-05
0.14700000000000002,89.99210448556272,90.0,0.18316756635765322,-0.03526581235381121,-4.284122540027073e-05,1.7929309293242806e-05,12.00000000013916,0.000717573698786843,-0.00019393147300534078,-1.1596677032834115e-08,-1.1596677032834115e-08,0.457918915894133,5.9797808231543457e-05
0.1472,89.99214107868545,90.0,0.18276376628989227,-0.03572387385791104,-4.399941173652396e-05,1.7846212819103474e-05,12.000000000142558,0.0007157443461061718,-0.00019917429181142535,-1.1879822771002908e-08,-1.1879822771002908e-08,0.4569094157247306,5.964536217480574e-05
0.1474,89.99217759052331,90.0,0.1823547181246182,-0.03617233773392531,-4.5136295069706254e-05,1.7763300928426508e-05,12.000000000145864,0.0007138983991156462,-0.00020432067727027526,-1.2155350367308424e-08,-1.2155350367308424e-08,0.4558867953115455,5.949153325891404e-05
0.1476,89.99221402003771,90.0,0.18194053180787018,-0.0366113284921959,-4.6252142712849944e-05,1.7680575979696457e-05,12.000000000149079,0.0007120362408147387,-0.00020937183944088453,-1.24233614571752e-08,-1.24233614571752e-08,0.45485132951967544,5.933635340049107e-05
0.14780000000000001,89.99225036621186,90.0,0.18152131585940182,-0.03704096926088496,-4.734721905606072e-05,1.7598040281851683e-05,12.000000000152209,0.000710158249126807,-0.00021432897515089215,-1.2683957477364156e-08,-1.2683957477364156e-08,0.4538032896485046,5.917985409314994e-05
0.14800000000000002,89.99228662805052,90.0,0.18109717738851447,-0.0374613818009767,-4.842178559816579e-05,1.751569609486219e-05,12.000000000155246,0.0007082647969556009,-0.00021919326813984514,-1.2937239629257796e-08,-1.2937239629257796e-08,0.45274294347128624,5.902206641220316e-05
0.1482,89.9923228045798,90.0,0.18066822210971809,-0.03787268652068321,-4.947610097700638e-05,1.743354563033629e-05,12.000000000158199,0.0007063562522413552,-0.00022396588919632517,-1.3183308843377774e-08,-1.3183308843377774e-08,0.4516705552742952,5.886302101933693e-05
0.1484,89.99235889484675,90.0,0.18023455435822705,-0.038275002488554644,-5.051042099673663e-05,1.7351591052213957e-05,12.000000000161066,0.0007044329780168196,-0.00022864799628152384,-1.3422265744667556e-08,-1.3422265744667556e-08,0.4505863858955676,5.870274816728038e-05
0.1486,89.99239489791916,90.0,0.17979627710530613,-0.0386684474478004,-5.152499865798624e-05,1.7269834477344657e-05,12.000000000163851,0.0007024953324621285,-0.00023324073466578134,-1.3654210620042658e-08,-1.3654210620042658e-08,0.4494906927632653,5.8541277704378035e-05
0.14880000000000002,89.99243081288532,90.0,0.17935349197345224,-0.039053137829671236,-5.2520084185863106e-05,1.7188277976122876e-05,12.000000000166551,0.0007005436689594471,-0.00023774523705534742,-1.387924338683958e-08,-1.387924338683958e-08,0.44838372993363057,5.8378639079143666e-05
0.149,89.99246663885366,90.0,0.1789062992514229,-0.03942918876698192,-5.34959250583177e-05,1.7106923573094855e-05,12.00000000016917,0.0006985783361469369,-0.00024216262372077975,-1.4097463562787852e-08,-1.4097463562787852e-08,0.4472657481285573,5.8214861344757396e-05
0.1492,89.99250237495258,90.0,0.17845479790910976,-0.03979671410777331,-5.445276603486688e-05,1.702577324753636e-05,12.000000000171706,0.0006965996779720392,-0.00024649400262696943,-1.4308970237460745e-08,-1.4308970237460745e-08,0.4461369947727744,5.804997316350597e-05
0.1494,89.99253802033013,90.0,0.17799908561225566,-0.04015582642804527,-5.5390849183179446e-05,1.6944828934088263e-05,12.000000000174166,0.000694608033744557,-0.00025074046955348724,-1.4513862044517242e-08,-1.4513862044517242e-08,0.4449977140306392,5.78840028112063e-05
0.1496,89.99257357415374,90.0,0.17753925873702603,-0.04050663704499685,-5.6310413906878675e-05,1.6864092523334355e-05,12.000000000176547,0.0006926037381889223,-0.0002549031082204385,-1.4712237135571141e-08,-1.4712237135571141e-08,0.44384814684256507,5.771697818156105e-05
0.14980000000000002,89.99260903561002,90.0,0.17707541238442814,-0.040849256030053745,-5.7211696972881046e-05,1.6783565862379115e-05,12.00000000017885,0.0006905871214959499,-0.00025898299041221876,-1.4904193155210143e-08,-1.4904193155210143e-08,0.44268853096107036,5.754892679047144e-05
0.15,89.99264440390442,90.0,0.1766076403945817,-0.04118379222168849,-5.809493253828208e-05,1.670325075542555e-05,12.000000000181078,0.0006885585093740922,-0.0002629811760992193,-1.508982721713264e-08,-1.508982721713264e-08,0.44151910098645425,5.73798757803085e-05
0.1502,89.99267967826111,90.0,0.17613603536084224,-0.04151035323839034,-5.8960352177624104e-05,1.6623148964324057e-05,12.000000000183231,0.0006865182231000351,-0.0002668987135612614,-1.5269235881580385e-08,-1.5269235881580385e-08,0.4403400884021056,5.720985192412937e-05
0.1504,89.99271485792262,90.0,0.17566068864377582,-0.041829045491072026,-5.98081849088798e-05,1.6543262209150264e-05,12.00000000018531,0.0006844665795689584,-0.0002707366395052172,-1.544251513360571e-08,-1.544251513360571e-08,0.43915172160943955,5.703888162986571e-05
0.1506,89.99274994214963,90.0,0.17518169038499218,-0.04213997419563442,-6.063865721983522e-05,1.646359216875389e-05,12.000000000187317,0.0006824038913441554,-0.0002744959791844393,-1.5609760362571806e-08,-1.5609760362571806e-08,0.4379542259624804,5.6866990944458604e-05
0.15080000000000002,89.9927849302207,90.0,0.17469912952083327,-0.04244324338461877,-6.14519930923713e-05,1.638414048136549e-05,12.000000000189253,0.0006803304667064955,-0.00027817774650867666,-1.5771066342218705e-08,-1.5771066342218705e-08,0.43674782380208316,5.66942055579805e-05
0.151,89.99281982143211,90.0,0.17421309379592886,-0.04273895592044924,-6.224841403049178e-05,1.630490874505864e-05,12.000000000191118,0.0006782466097026184,-0.00028178294417095047,-1.5926527212743792e-08,-1.5926527212743792e-08,0.43553273448982216,5.652055080765136e-05
0.1512,89.99285461509751,90.0,0.17372366977660011,-0.043027213507042666,-6.302813908456686e-05,1.622589851832777e-05,12.000000000192916,0.0006761526201932752,-0.00028531256375729857,-1.6076236462954745e-08,-1.6076236462954745e-08,0.43430917444150025,5.634605168186709e-05
0.1514,89.99288931054784,90.0,0.1732309428641303,-0.043308116701587775,-6.379138487600173e-05,1.6147111320637048e-05,12.000000000194643,0.0006740487939010564,-0.00028876758585844406,-1.6220286913537234e-08,-1.6220286913537234e-08,0.43307735716032575,5.617073282417694e-05
0.1516,89.99292390713089,90.0,0.1727349973079005,-0.04358176492720167,-6.453836562398527e-05,1.6068548632882647e-05,12.000000000196305,0.0006719354224571772,-0.00029214898019087985,-1.6358770701815088e-08,-1.6358770701815088e-08,0.4318374932697513,5.59946185371821e-05
0.15180000000000002,89.99295840421128,90.0,0.1722359162183807,-0.04384825648360807,-6.526929316764518e-05,1.5990211897999406e-05,12.0000000001979,0.0006698127934485928,-0.0002954577056971593,-1.649177926630523e-08,-1.649177926630523e-08,0.43058979054595176,5.581773278646221e-05
0.152,89.99299280117009,90.0,0.1717337815799978,-0.04410768855942035,-6.598437699198134e-05,1.5912102521423076e-05,12.000000000199432,0.0006676811904638836,-0.00029869471066329005,-1.6619403333134697e-08,-1.6619403333134697e-08,0.42933445394999453,5.564009920439894e-05
0.1522,89.99302709740469,90.0,0.17122867426386376,-0.04436015724387343,-6.668382425254127e-05,1.5834221871581455e-05,12.0000000002009,0.0006655408931388317,-0.00030186093283043376,-1.674173290302703e-08,-1.674173290302703e-08,0.4280716856596594,5.546174109397412e-05
0.1524,89.99306129232852,90.0,0.17072067404036886,-0.044605757537302115,-6.736783979719368e-05,1.575657128047218e-05,12.000000000202306,0.0006633921772020369,-0.00030495729949346937,-1.6858857238434636e-08,-1.6858857238434636e-08,0.42680168510092215,5.528268143257107e-05
0.1526,89.9930953853709,90.0,0.17020985959165502,-0.04484458336393854,-6.803662619335e-05,1.5679152044038303e-05,12.00000000020365,0.0006612353145189811,-0.00030798472762421817,-1.6970864852848877e-08,-1.6970864852848877e-08,0.42552464897913755,5.5102942875646613e-05
0.15280000000000002,89.99312937597672,90.0,0.1696963085239427,-0.04507672758130771,-6.869038374726437e-05,1.5601965422803853e-05,12.000000000204935,0.0006590705731370777,-0.00031094412395880997,-1.7077843498969965e-08,-1.7077843498969965e-08,0.42424077130985677,5.4922547760485184e-05
0.153,89.9931632636063,90.0,0.16918009737974976,-0.045302281992314564,-6.932931052964932e-05,1.552501264227831e-05,12.000000000206159,0.0006568982173290439,-0.0003138363851136389,-1.717988015921658e-08,-1.717988015921658e-08,0.42295024344937443,5.474151810981321e-05
0.1532,89.99319704773521,90.0,0.16866130164997256,-0.04552133735678324,-6.995360240004048e-05,1.544829489338995e-05,12.000000000207326,0.0006547185076359751,-0.0003166623976956565,-1.727706103667899e-08,-1.727706103667899e-08,0.42165325412493143,5.4559875635388624e-05
0.1534,89.99323072785394,90.0,0.16813999578583402,-0.04573398340067903,-7.056345302577281e-05,1.5371813333092518e-05,12.000000000208434,0.0006525317009109556,-0.00031942303838827205,-1.736947154550202e-08,-1.736947154550202e-08,0.420349989464585,5.437764174163512e-05
0.15360000000000001,89.99326430346784,90.0,0.16761625321072687,-0.04594030882838146,-7.115905390811224e-05,1.529556908471194e-05,12.000000000209486,0.0006503380503608418,-0.0003221191740696439,-1.7457196303719984e-08,-1.7457196303719984e-08,0.41904063302681716,5.419483752912406e-05
0.15380000000000002,89.99329777409677,90.0,0.1670901463319156,-0.04614040133262831,-7.174059440297306e-05,1.5219563238466305e-05,12.000000000210484,0.0006481378055885527,-0.00032475166190646244,-1.7540319125466516e-08,-1.7540319125466516e-08,0.41772536582978903,5.401148379809868e-05
0.154,89.99333113927507,90.0,0.16656174655212513,-0.046334347605367476,-7.230826174378218e-05,1.514379685189923e-05,12.000000000211427,0.000645931212634489,-0.0003273213494574502,-1.7618923014373586e-08,-1.7618923014373586e-08,0.4164043663803128,5.38276010519257e-05
0.1542,89.99336439855115,90.0,0.16603112428100467,-0.04652223334736861,-7.28622410614709e-05,1.5068270950399885e-05,12.000000000212317,0.0006437185140180245,-0.00032982907476386005,-1.7693090156931277e-08,-1.7693090156931277e-08,0.41507781070251165,5.364320950055293e-05
0.1544,89.99339755148748,90.0,0.16549834894648172,-0.04670414327945777,-7.340271540828483e-05,1.4992986527578547e-05,12.000000000213156,0.0006414999487778072,-0.00033227566645725645,-1.776290191738796e-08,-1.776290191738796e-08,0.4137458723662043,5.345832906386769e-05
0.15460000000000002,89.99343059766026,90.0,0.16496348900598745,-0.046880161152151344,-7.392986577787924e-05,1.4917944545757738e-05,12.00000000021394,0.0006392757525122856,-0.0003346619438504822,-1.782843883236892e-08,-1.782843883236892e-08,0.4124087225149686,5.327297937507403e-05
0.15480000000000002,89.99346353665938,90.0,0.1644266119575714,-0.047050369756912125,-7.444387112923081e-05,1.4843145936318895e-05,12.000000000214676,0.0006370461574190407,-0.0003369887170459008,-1.7889780606985252e-08,-1.7889780606985252e-08,0.41106652989392856,5.3087179783970346e-05
0.155,89.993496368088,90.0,0.16388778435088774,-0.04721485093438299,-7.494490840351126e-05,1.4768591600280183e-05,12.000000000215366,0.0006348113923350005,-0.0003392567870117794,-1.7947006109848434e-08,-1.7947006109848434e-08,0.4097194608772194,5.2900949360300624e-05
0.1552,89.99352909156264,90.0,0.16334707179808672,-0.04737368558604224,-7.543315254898071e-05,1.4694282408585377e-05,12.000000000216001,0.0006325716827746942,-0.00034146694569497444,-1.8000193370526418e-08,-1.8000193370526418e-08,0.4083676794952168,5.271430689694232e-05
0.1554,89.99356170671274,90.0,0.16280453898457292,-0.047526953682829554,-7.590877653882764e-05,1.462021920262389e-05,12.000000000216593,0.0006303272509693716,-0.000343619976101689,-1.8049419575869116e-08,-1.8049419575869116e-08,0.40701134746143236,5.252727091316621e-05
0.15560000000000002,89.99359421318063,90.0,0.16226024967966451,-0.0476747342750555,-7.637195139203108e-05,1.454640279463523e-05,12.000000000217138,0.0006280783159051326,-0.0003457166523919103,-1.8094761067561837e-08,-1.8094761067561837e-08,0.40565062419916126,5.2339859657813964e-05
0.1558,89.99362661062129,90.0,0.16171426674713915,-0.047817105502863166,-7.68228461955379e-05,1.447283396805568e-05,12.000000000217636,0.0006258250933603493,-0.00034775773997980125,-1.8136293340474676e-08,-1.8136293340474676e-08,0.4042856668678479,5.2152091112416594e-05
0.156,89.99365889870222,90.0,0.16116665215566,-0.04795414460474603,-7.726162812192209e-05,1.4399513478009414e-05,12.00000000021809,0.0006235677959435031,-0.00034974399561363913,-1.8174091040442297e-08,-1.8174091040442297e-08,0.40291663038915004,5.196398299434752e-05
0.1562,89.9936910771032,90.0,0.16061746698910404,-0.048085927927705496,-7.768846245089812e-05,1.43264420516552e-05,12.000000000218499,0.0006213066331298743,-0.0003516761674732014,-1.8208227963401175e-08,-1.8208227963401175e-08,0.40154366747276005,5.1775552759880116e-05
0.1564,89.99372314551607,90.0,0.16006677145677428,-0.04821253093582595,-7.810351258716012e-05,1.4253620388648615e-05,12.000000000218865,0.0006190418112984988,-0.00035355499525051905,-1.8238777054126805e-08,-1.8238777054126805e-08,0.4001669286419357,5.1586817607267355e-05
0.15660000000000002,89.99375510364477,90.0,0.15951462490351348,-0.0483340282208429,-7.85069400829017e-05,1.4181049161430954e-05,12.00000000021919,0.000616773533767806,-0.00035538121025181844,-1.826581040647417e-08,-1.826581040647417e-08,0.3987865622587837,5.1397794479711676e-05
0.1568,89.99378695120491,90.0,0.158961085819697,-0.04845049350970129,-7.889890465332534e-05,1.4108729015749248e-05,12.000000000219472,0.0006145020008321666,-0.00035715553546772794,-1.8289399262432387e-08,-1.8289399262432387e-08,0.3974027145492425,5.1208500068410646e-05
0.157,89.99381868792376,90.0,0.15840621185113896,-0.04856199967518929,-7.927956419936077e-05,1.403666057091628e-05,12.000000000219714,0.0006122274097966701,-0.0003588786856761188,-1.8309614013225055e-08,-1.8309614013225055e-08,0.3960155296278474,5.101895081545505e-05
0.1572,89.99385031354002,90.0,0.1578500598088767,-0.04866861874356048,-7.964907482336874e-05,1.3964844420301691e-05,12.000000000219918,0.000609949955012806,-0.0003605513675131919,-1.832652419920389e-08,-1.832652419920389e-08,0.3946251495221918,5.0829162916802306e-05
0.1574,89.99388182780368,90.0,0.1572926856788678,-0.048770421904165584,-8.000759084956175e-05,1.3893281131649794e-05,12.000000000220084,0.0006076698279128676,-0.0003621742795659174,-1.834019851118762e-08,-1.834019851118762e-08,0.3932317141971695,5.063915232514357e-05
0.15760000000000002,89.99391323047581,90.0,0.15673414463157687,-0.04886747951786413,-8.035526484159649e-05,1.382197124748402e-05,12.000000000220208,0.0006053872170444768,-0.0003637481124516714,-1.835070479152148e-08,-1.835070479152148e-08,0.3918353615789422,5.044893475278063e-05
0.1578,89.99394452132849,90.0,0.15617449103146586,-0.04895986112672285,-8.0692247623195e-05,1.3750915285395819e-05,12.000000000220297,0.0006031023081041271,-0.0003652735489115823,-1.8358110036159734e-08,-1.8358110036159734e-08,0.39043622757866464,5.0258525674421275e-05
0.158,89.99397570014457,90.0,0.1556137784463736,-0.04904763546142765,-8.101868829344481e-05,1.3680113738506893e-05,12.00000000022035,0.0006008152839713421,-0.00036675126387979135,-1.836248039589494e-08,-1.836248039589494e-08,0.38903444611593396,5.00679403300258e-05
0.1582,89.99400676671755,90.0,0.15505205965680988,-0.049130870450352526,-8.133473424599092e-05,1.3609567075787e-05,12.000000000220368,0.000598526324741722,-0.0003681819245703293,-1.8363881178780524e-08,-1.8363881178780524e-08,0.38763014914202476,4.9877193727560886e-05
0.1584,89.99403772085132,90.0,0.15448938666514614,-0.049209633227773775,-8.164053118625217e-05,1.3539275742429505e-05,12.00000000022035,0.0005962356077599735,-0.000369566190555051,-1.836237685242357e-08,-1.836237685242357e-08,0.3862234666628654,4.9686300645752094e-05
0.15860000000000002,89.99406856236024,90.0,0.15392581070471198,-0.049283990143018264,-8.193622315084165e-05,1.3469240160140289e-05,12.000000000220297,0.000593943307652131,-0.0003709047138515466,-1.835803104705921e-08,-1.835803104705921e-08,0.3848145267617799,4.949527563676894e-05
0.1588,89.99409929106872,90.0,0.15336138224878662,-0.049354006768044245,-8.222195252334524e-05,1.3399460727542206e-05,12.000000000220211,0.0005916495963580788,-0.00037219813899456696,-1.8350906558110214e-08,-1.8350906558110214e-08,0.38340345562196654,4.930413302893512e-05
0.159,89.99412990681125,90.0,0.15279615101950378,-0.04941974790525616,-8.249786005066607e-05,1.3329937820550649e-05,12.000000000220094,0.0005893546431636202,-0.00037344710311001104,-1.834106534915429e-08,-1.834106534915429e-08,0.3819903775487594,4.9112886929400895e-05
0.1592,89.99416040943218,90.0,0.15223016599666683,-0.04948127759697104,-8.276408486324933e-05,1.3260671792604674e-05,12.000000000219941,0.0005870586147314239,-0.00037465223600647847,-1.8328568555996876e-08,-1.8328568555996876e-08,0.3805754149916671,4.8921551226722e-05
0.15940000000000001,89.99419079878557,90.0,0.15166347542645597,-0.04953865913224665,-8.302076448916287e-05,1.3191662975100343e-05,12.000000000219762,0.0005847616751327557,-0.0003758141602390089,-1.831347648966234e-08,-1.831347648966234e-08,0.37915868856613993,4.8730139593503893e-05
0.15960000000000002,89.99422107473504,90.0,0.15109612683005647,-0.04959195505502098,-8.326803487126034e-05,1.3122911677708516e-05,12.00000000021955,0.0005824639858782888,-0.00037693349118677526,-1.8295848640304258e-08,-1.8295848640304258e-08,0.3777403170751411,4.853866548896934e-05
0.1598,89.99425123715369,90.0,0.15052816701219413,-0.04964122717318786,-8.350603038655304e-05,1.3054418188605973e-05,12.000000000219309,0.0005801657059481102,-0.0003780108371407751,-1.8275743681817158e-08,-1.8275743681817158e-08,0.37632041753048534,4.834714216145894e-05
0.16,89.99428128592389,90.0,0.14995964206956686,-0.04968653656468511,-8.373488385861998e-05,1.298618277493764e-05,12.000000000219039,0.0005778669918226896,-0.00037904679936000816,-1.8253219475182362e-08,-1.8253219475182362e-08,0.37489910517391717,4.8155582651011804e-05
0.1602,89.99431122093712,90.0,0.14939059739920632,-0.04972794358597238,-8.395472657561984e-05,1.2918205683076618e-05,12.00000000021874,0.0005755679975124662,-0.00038004197215301164,-1.8228333073234174e-08,-1.8228333073234174e-08,0.37347649349801587,4.7963999791831215e-05
0.16040000000000001,89.99434104209395,90.0,0.1488210777067424,-0.04976550788037298,-8.416568830800576e-05,1.2850487138884175e-05,12.000000000218414,0.0005732688745871072,-0.00038099694295805076,-1.8201140725559556e-08,-1.8201140725559556e-08,0.372052694266856,4.777240621472276e-05
0.16060000000000002,89.99437074930377,90.0,0.1482511270145723,-0.04979928838450631,-8.436789732179716e-05,1.2783027348114209e-05,12.00000000021806,0.000570969772205267,-0.00038191229240319707,-1.8171697882656852e-08,-1.8171697882656852e-08,0.3706278175364308,4.7580814349574294e-05
0.1608,89.9944003424847,90.0,0.1476807886699559,-0.04982934333674885,-8.45614803966098e-05,1.2715826496644373e-05,12.000000000217682,0.000568670837143114,-0.0003827885943879456,-1.8140059201290016e-08,-1.8140059201290016e-08,0.3692019716748898,4.738923642773319e-05
0.161,89.99442982156346,90.0,0.14711010535301403,-0.04985573028342827,-8.474656283840719e-05,1.2648884750880526e-05,12.000000000217275,0.0005663722138235152,-0.00038362641614093793,-1.810627854891584e-08,-1.810627854891584e-08,0.3677752633825351,4.719768448443836e-05
0.1612,89.9944591864753,90.0,0.14653911908465614,-0.04987850608776073,-8.492326849868055e-05,1.2582202257930077e-05,12.000000000216843,0.000564074044343671,-0.0003844263183067844,-1.8070409009628072e-08,-1.8070409009628072e-08,0.3663477977116404,4.700617036112317e-05
0.16140000000000002,89.99448843716374,90.0,0.1459678712344052,-0.049897726936158016,-8.509171978750182e-05,1.2515779145977557e-05,12.000000000216389,0.000561776468503553,-0.0003851888550051523,-1.803250288898496e-08,-1.803250288898496e-08,0.36491967808601306,4.6814705707785235e-05
0.16160000000000002,89.99451757358055,90.0,0.1453964025281506,-0.04991344834549993,-8.525203768884929e-05,1.2449615524573506e-05,12.000000000215913,0.0005594796238336078,-0.00038591457390014085,-1.799261171947275e-08,-1.799261171947275e-08,0.36349100632037645,4.6623301985295105e-05
0.1618,89.99454659568556,90.0,0.14482475305581777,-0.04992572516993521,-8.540434177484852e-05,1.2383711484952268e-05,12.000000000215408,0.0005571836456223445,-0.0003866040162647464,-1.7950786265897067e-08,-1.7950786265897067e-08,0.3620618826395444,4.643197046769522e-05
0.162,89.99457550344658,90.0,0.1442529622789597,-0.04993461160934942,-8.554875022392771e-05,1.2318067100205342e-05,12.000000000214886,0.0005548886669428392,-0.0003872577170630473,-1.7907076531716125e-08,-1.7907076531716125e-08,0.3606324056973992,4.624072224440856e-05
0.1622,89.99460429683921,90.0,0.14368106903825162,-0.04994016121450079,-8.568537983120371e-05,1.2252682425714708e-05,12.000000000214339,0.0005525948186803916,-0.00038787620499721847,-1.7861531763920662e-08,-1.7861531763920662e-08,0.3592026725956291,4.604956822254345e-05
0.16240000000000002,89.99463297584678,90.0,0.14310911156092673,-0.04994242689527034,-8.581434602616204e-05,1.2187557499326187e-05,12.00000000021377,0.000550302229558505,-0.00038846000258756485,-1.781420045953595e-08,-1.781420045953595e-08,0.35777277890231685,4.585851912905849e-05
0.1626,89.99466154046023,90.0,0.1425371274681175,-0.049941460926649583,-8.593576288506765e-05,1.2122692341696106e-05,12.00000000021318,0.0005480110261655357,-0.00038900962622870133,-1.776513037117291e-08,-1.776513037117291e-08,0.35634281867029377,4.5667585512983355e-05
0.1628,89.99468999067791,90.0,0.1419651537821285,-0.04993731495676309,-8.604974314814799e-05,1.2058086956464648e-05,12.000000000212573,0.0005457213329801251,-0.0003895255862673366,-1.771436851365917e-08,-1.771436851365917e-08,0.3549128844553212,4.547677774753817e-05
0.163,89.99471832650558,90.0,0.14139322693361717,-0.049930040011921493,-8.615639822985346e-05,1.1993741330660296e-05,12.000000000211944,0.0005434332723976374,-0.0003900083870487194,-1.766196116938888e-08,-1.766196116938888e-08,0.353483067334043,4.5286106032336604e-05
0.1632,89.99474654795615,90.0,0.14082138276871653,-0.049919686504789895,-8.625583823641381e-05,1.1929655434844301e-05,12.000000000211294,0.0005411469647549229,-0.00039045852699611195,-1.7607953895241973e-08,-1.7607953895241973e-08,0.3520534569217913,4.509558039544954e-05
0.16340000000000002,89.99477465504971,90.0,0.14024965655606486,-0.049906304239584864,-8.634817197646796e-05,1.1865829223486236e-05,12.00000000021063,0.0005388625283560843,-0.0003908764986589085,-1.7552391528218e-08,-1.7552391528218e-08,0.3506241413901622,4.490521069555216e-05
0.1636,89.99480264781332,90.0,0.13967808299377538,-0.04988994242002939,-8.643350697815437e-05,1.1802262635108451e-05,12.000000000209944,0.0005365800794967253,-0.0003912627887899992,-1.749531819244793e-08,-1.749531819244793e-08,0.34919520748443844,4.471500662394481e-05
0.1638,89.99483052628092,90.0,0.13910669621631483,-0.04987064965433896,-8.651194949928048e-05,1.1738955592661642e-05,12.00000000020924,0.0005342997324892086,-0.0003916178783918047,-1.7436777304923683e-08,-1.7436777304923683e-08,0.3477667405407871,4.452497770665768e-05
0.164,89.99485829049321,90.0,0.13853552980132525,-0.04984847396296982,-8.658360454396195e-05,1.16759080036693e-05,12.000000000208523,0.0005320215996864078,-0.0003919422427915973,-1.7376811582586713e-08,-1.7376811582586713e-08,0.3463388245033131,4.433513330643024e-05
0.1642,89.9948859404976,90.0,0.13796461677635663,-0.04982346278411187,-8.664857587400831e-05,1.1613119760545502e-05,12.000000000207786,0.000529745791506146,-0.0003922363516930418,-1.731546304845963e-08,-1.731546304845963e-08,0.3449115419408915,4.414548262474776e-05
0.16440000000000002,89.99491347634799,90.0,0.1373939896255371,-0.049795662980159694,-8.670696602260913e-05,1.1550590740826022e-05,12.000000000207034,0.0005274724164549314,-0.0003925006692381484,-1.725277303830433e-08,-1.725277303830433e-08,0.3434849740638427,4.395603470381925e-05
0.1646,89.99494089810476,90.0,0.13682368029616832,-0.04976512084372403,-8.675887630696178e-05,1.1488320807428351e-05,12.000000000206265,0.0005252015811516056,-0.0003927356540644361,-1.7188782207142198e-08,-1.7188782207142198e-08,0.34205920074042084,4.3766798428548165e-05
0.1648,89.99496820583461,90.0,0.13625372020525278,-0.04973188210390339,-8.680440684152208e-05,1.1426309808882808e-05,12.000000000205482,0.0005229333903505981,-0.0003929417593649148,-1.7123530535958768e-08,-1.7123530535958768e-08,0.3406343005131319,4.3577782528470306e-05
0.165,89.99499539961047,90.0,0.1356841402459486,-0.049695991932454636,-8.68436565510346e-05,1.1364557579563663e-05,12.000000000204686,0.0005206679469649398,-0.00039311943294707027,-1.705705733842342e-08,-1.705705733842342e-08,0.3392103506148715,4.338899557967155e-05
0.1652,89.99502247951143,90.0,0.13511497079395413,-0.04965749494986513,-8.687672318334784e-05,1.1303063939920258e-05,12.000000000203872,0.0005184053520890364,-0.00039326911729087506,-1.6989401267621413e-08,-1.6989401267621413e-08,0.33778742698488534,4.320044600668575e-05
0.16540000000000002,89.99504944562257,90.0,0.13454624171382273,-0.0496164352309727,-8.690370332118745e-05,1.1241828696737011e-05,12.000000000203048,0.0005161457050213753,-0.0003933912496020832,-1.692060032263928e-08,-1.692060032263928e-08,0.33636560428455686,4.301214208438682e-05
0.1656,89.99507629803487,90.0,0.13397798236521313,-0.049572856310850344,-8.69246923945623e-05,1.1180851643364537e-05,12.000000000202208,0.0005138891032868486,-0.000393486261868389,-1.685069185531943e-08,-1.685069185531943e-08,0.3349449559130328,4.28240919398491e-05
0.1658,89.9951030368452,90.0,0.13341022160907257,-0.04952680119130815,-8.693978469462799e-05,1.112013255989299e-05,12.000000000201357,0.0005116356426585242,-0.00039355458092218433,-1.6779712577329107e-08,-1.6779712577329107e-08,0.33352555402268147,4.2636303554161594e-05
0.166,89.99512966215609,90.0,0.1328429878137455,-0.04947831234586975,-8.694907338400024e-05,1.1059671213440958e-05,12.000000000200494,0.0005093854171798217,-0.00039359662848724393,-1.670769856659969e-08,-1.670769856659969e-08,0.33210746953436376,4.244878476427592e-05
0.16620000000000001,89.99515617407575,90.0,0.1322763088610249,-0.04942743172608988,-8.69526505102159e-05,1.0999467358328806e-05,12.000000000199616,0.0005071385191858394,-0.0003936128212396605,-1.6634685274393447e-08,-1.6634685274393447e-08,0.33069077215256226,4.22615432647836e-05
0.16640000000000002,89.99518257271785,90.0,0.13171021215213172,-0.049374200766350795,-8.695060701565339e-05,1.0939520736367575e-05,12.000000000198728,0.000504895039325096,-0.00039360357085275197,-1.6560707531742278e-08,-1.6560707531742278e-08,0.3292755303803293,4.2074586609727885e-05
0.1666,89.99520885820156,90.0,0.13114472461363894,-0.04931866039035723,-8.694303275143585e-05,1.0879831077003423e-05,12.00000000019783,0.0005026550665802665,-0.0003935692840599977,-1.6485799556655384e-08,-1.6485799556655384e-08,0.3278618115340974,4.1887922214331654e-05
0.1668,89.99523503065136,90.0,0.1305798727033217,-0.049260851016107325,-8.693001648778768e-05,1.082039809757765e-05,12.00000000019692,0.0005004186882893247,-0.00039351036270191957,-1.6409994960693295e-08,-1.6409994960693295e-08,0.32644968175830424,4.1701557356759405e-05
0.167,89.99526109019696,90.0,0.13001568241594988,-0.049200812561849105,-8.691164592670718e-05,1.0761221503500022e-05,12.000000000196,0.0004981859901659999,-0.00039342720378344814,-1.6333326755991367e-08,-1.6333326755991367e-08,0.3250392060398747,4.1515499179821906e-05
0.16720000000000002,89.99528703697324,90.0,0.12945217928901298,-0.04913858445123151,-8.688800771277111e-05,1.0702300988479896e-05,12.000000000195069,0.0004959570563203359,-0.00039332019952283224,-1.6255827361958336e-08,-1.6255827361958336e-08,0.32363044822253245,4.1329754692689476e-05
0.16740000000000002,89.99531287112015,90.0,0.1288893884083859,-0.0490742056187286,-8.685918744459065e-05,1.0643636234728455e-05,12.000000000194131,0.0004937319692788852,-0.00039318973740349683,-1.6177528612111307e-08,-1.6177528612111307e-08,0.32222347102096477,4.1144330772574815e-05
0.1676,89.99533859278262,90.0,0.12832733441393238,-0.049007714514976486,-8.682526968607647e-05,1.058522691316093e-05,12.000000000193182,0.0004915108100046952,-0.00039303620022503754,-1.6098461760888817e-08,-1.6098461760888817e-08,0.32081833603483095,4.095923416639855e-05
0.1678,89.9953642021104,90.0,0.1277660415050473,-0.0489391491113145,-8.678633797585717e-05,1.0527072683656607e-05,12.000000000192223,0.0004892936579174159,-0.00039285996614585555,-1.601865749014489e-08,-1.601865749014489e-08,0.31941510376261834,4.077447149246484e-05
0.168,89.99538969925813,90.0,0.12720553344614735,-0.04886854690674072,-8.674247484235297e-05,1.0469173195116615e-05,12.000000000191257,0.0004870805909120859,-0.0003926614087513921,-1.593814591666266e-08,-1.593814591666266e-08,0.31801383361536845,4.0590049242026895e-05
0.16820000000000002,89.99541508438509,90.0,0.12664583357208148,-0.048795944931203594,-8.669376181030095e-05,1.0411528085810599e-05,12.000000000190283,0.00048487168537928994,-0.0003924408970836669,-1.5856956598141726e-08,-1.5856956598141726e-08,0.3166145839302037,4.040597378096678e-05
0.16840000000000002,89.99544035765521,90.0,0.1260869647935041,-0.04872137975168289,-8.664027941380985e-05,1.0354136983492284e-05,12.000000000189303,0.0004826670162238783,-0.0003921987957003738,-1.57751185403593e-08,-1.57751185403593e-08,0.3152174119837602,4.022225135135534e-05
0.1686,89.99546551923697,90.0,0.12552894960217834,-0.04864488747710785,-8.658210720671106e-05,1.0296999505601698e-05,12.000000000188312,0.00048046665688394235,-0.0003919354647217373,-1.569266020384603e-08,-1.569266020384603e-08,0.3138223740054459,4.003888807303355e-05
0.1688,89.99549056930329,90.0,0.12497181007622318,-0.04856650376355162,-8.651932377356791e-05,1.0240115259438517e-05,12.000000000187315,0.0004782706793494394,-0.0003916512598803486,-1.5609609510676187e-08,-1.5609609510676187e-08,0.31242952519055794,3.985588994516448e-05
0.169,89.99551550803145,90.0,0.12441556788530084,-0.048486263818277,-8.645200673801243e-05,1.018348384242207e-05,12.000000000186311,0.00047607915418110665,-0.00039134653255890403,-1.5525993850788275e-08,-1.5525993850788275e-08,0.3110389197132521,3.967326284780959e-05
0.16920000000000002,89.99554033560307,90.0,0.123860244295758,-0.048404202406204355,-8.638023277675459e-05,1.012710484214912e-05,12.000000000185302,0.0004738921505280737,-0.00039102162985362165,-1.5441840089288647e-08,-1.5441840089288647e-08,0.309650610739395,3.9491012543396326e-05
0.1694,89.99556505220396,90.0,0.12330586017569305,-0.04832035385343403,-8.63040776267215e-05,1.0070977836682772e-05,12.000000000184286,0.0004717097361465363,-0.0003906768946065583,-1.5357174572548138e-08,-1.5357174572548138e-08,0.3082646504392326,3.9309144678274345e-05
0.1696,89.99558965802403,90.0,0.12275243599998252,-0.04823475205213301,-8.622361609539499e-05,1.0015102394725789e-05,12.000000000183263,0.0004695319774176396,-0.00039031266545240534,-1.527202313485156e-08,-1.527202313485156e-08,0.3068810899999563,3.9127664784205745e-05
0.1698,89.9956141532573,90.0,0.12219999185525213,-0.04814743046605477,-8.613892207264107e-05,9.959478075736184e-06,12.000000000182236,0.0004673589393648447,-0.0003899292768720378,-1.5186411105287413e-08,-1.5186411105287413e-08,0.30549997963813036,3.894657827981227e-05
0.17,89.99563853810176,90.0,0.12164854744478412,-0.048058422134904216,-8.60500685398536e-05,9.904104430129416e-06,12.000000000181204,0.0004651906856715743,-0.00038952705923390524,-1.5100363314159672e-08,-1.5100363314159672e-08,0.3041213686119604,3.876589047204581e-05
0.17020000000000002,89.99566281275926,90.0,0.12109812209337502,-0.04796775967863351,-8.595712757894685e-05,9.848980999480647e-06,12.000000000180167,0.0004630272786986913,-0.00038910633883473887,-1.501390409936292e-08,-1.501390409936292e-08,0.3027453052334375,3.8585606557644956e-05
0.1704,89.99568697743553,90.0,0.12054873475214355,-0.047875475302378956,-8.586017038285754e-05,9.794107316669175e-06,12.000000000179124,0.00046086877950148253,-0.00038866743794709177,-1.492705731299755e-08,-1.492705731299755e-08,0.30137183688035885,3.840573162455026e-05
0.1706,89.99571103234001,90.0,0.12000040400328289,-0.04778160080096458,-8.575926726504605e-05,9.739482906051777e-06,12.000000000178078,0.000458715247846618,-0.0003882106748623484,-1.4839846327795194e-08,-1.4839846327795194e-08,0.3000010100082072,3.8226270653317564e-05
0.1708,89.99573497768586,90.0,0.11945314806476055,-0.04768616756368815,-8.565448766966912e-05,9.685107283607163e-06,12.000000000177028,0.0004565667422287711,-0.00038773636393677385,-1.475229404363587e-08,-1.475229404363587e-08,0.2986328701619014,3.804722851850297e-05
0.171,89.9957588136898,90.0,0.11890698479496388,-0.047589206577965365,-8.554590017909497e-05,9.630979957167089e-06,12.000000000175973,0.00045442331988754817,-0.00038724481562553285,-1.4664422893601299e-08,-1.4664422893601299e-08,0.29726746198740966,3.7868609990073695e-05
0.17120000000000002,89.99578254057216,90.0,0.11836193169730344,-0.0474907484350468,-8.543357252627321e-05,9.577100426474138e-06,12.000000000174914,0.0004522850368232916,-0.00038673633653868537,-1.4576254850812884e-08,-1.4576254850812884e-08,0.2959048292432586,3.7690419734724916e-05
0.1714,89.99580615855666,90.0,0.11781800592475149,-0.04739082333315742,-8.531757160109329e-05,9.523468183441738e-06,12.000000000173854,0.0004501519478138132,-0.0003862112294699697,-1.4487811434246305e-08,-1.4487811434246305e-08,0.29454501481187867,3.751266231727429e-05
0.1716,89.99582966787045,90.0,0.11727522428434381,-0.04728946108236115,-8.519796346078372e-05,9.470082712269704e-06,12.00000000017279,0.00044802410643018486,-0.00038566979344387695,-1.4399113715193243e-08,-1.4399113715193243e-08,0.2931880607108595,3.733534220197781e-05
0.1718,89.995853068744,90.0,0.11673360324162646,-0.047186691108993484,-8.507481333931324e-05,9.416943489588705e-06,12.000000000171722,0.00044590156505250675,-0.0003851123237582081,-1.431018232352794e-08,-1.431018232352794e-08,0.2918340081040662,3.715846375384382e-05
0.17200000000000001,89.99587636141105,90.0,0.11619315892505125,-0.04708254245966689,-8.494818565580453e-05,9.364049984633596e-06,12.000000000170651,0.00044378437488566864,-0.00038453911202216047,-1.4221037453784813e-08,-1.4221037453784813e-08,0.2904828973126281,3.698203123994647e-05
0.17220000000000002,89.9958995461085,90.0,0.11565390713032554,-0.046977043805212955,-8.481814402280972e-05,9.311401659416753e-06,12.000000000169582,0.00044167258597495654,-0.00038395044619378893,-1.4131698871187723e-08,-1.4131698871187723e-08,0.2891347678258138,3.680604883072624e-05
0.1724,89.99592262307644,90.0,0.11511586332471678,-0.04687022344598182,-8.46847512577691e-05,9.25899796878586e-06,12.000000000168505,0.00043956624722085193,-0.00038334661063187667,-1.4042185918160081e-08,-1.4042185918160081e-08,0.287789658311792,3.663052060122329e-05
0.1726,89.99594559255797,90.0,0.11457904265129676,-0.046762109314570977,-8.454806938847259e-05,9.206838360683919e-06,12.000000000167429,0.0004374654063947754,-0.0003827278861206579,-1.3952517519837572e-08,-1.3952517519837572e-08,0.2864476066282419,3.645545053238931e-05
0.1728,89.99596845479918,90.0,0.1140434599331538,-0.046652728980285524,-8.440815966257672e-05,9.154922276264798e-06,12.000000000166352,0.00043537011015390415,-0.0003820945499128988,-1.386271219020659e-08,-1.386271219020659e-08,0.28510864983288453,3.62808425123224e-05
0.17300000000000001,89.99599121004913,90.0,0.11350912967755489,-0.04654210965388367,-8.426508255779864e-05,9.103249149979911e-06,12.000000000165272,0.00043328040405565485,-0.0003814468757760433,-1.3772788038311246e-08,-1.3772788038311246e-08,0.2837728241938872,3.610670033747395e-05
0.17320000000000002,89.99601385855972,90.0,0.11297606608005227,-0.04643027819082382,-8.41188977886196e-05,9.051818409780452e-06,12.000000000164192,0.0004311963325726383,-0.0003807851340225579,-1.3682762773871743e-08,-1.3682762773871743e-08,0.2824401652001307,3.593302771389486e-05
0.1734,89.99603640058567,90.0,0.1124442830285539,-0.046317261095171695,-8.396966431453885e-05,9.000629477261828e-06,12.000000000163112,0.00042911793910716255,-0.00038010959154729525,-1.359265371311863e-08,-1.359265371311863e-08,0.28111070757138473,3.575982825844414e-05
0.1736,89.99605883638446,90.0,0.11191379410734864,-0.04620308452415456,-8.381744034985052e-05,8.949681767750345e-06,12.000000000162029,0.0004270452660052572,-0.00037942051187175136,-1.3502477784827927e-08,-1.3502477784827927e-08,0.27978448526837163,3.558710549995759e-05
0.1738,89.99608116621623,90.0,0.11138461260107921,-0.046087774291577066,-8.36622833707703e-05,8.898974690476535e-06,12.000000000160947,0.000424978354571013,-0.0003787181551763265,-1.3412251535903846e-08,-1.3412251535903846e-08,0.27846153150269803,3.541486288044276e-05
0.17400000000000002,89.99610339034379,90.0,0.11085675149867621,-0.04597135587189302,-8.350425012410388e-05,8.848507648690724e-06,12.000000000159865,0.00042291724508046425,-0.0003780027783395649,-1.3321991137166705e-08,-1.3321991137166705e-08,0.27714187874669055,3.524310375623584e-05
0.17420000000000002,89.99612550903245,90.0,0.11033022349724557,-0.04585385440314638,-8.334339663328206e-05,8.798280039865259e-06,12.000000000158781,0.00042086197679580415,-0.0003772746349654744,-1.3231712388698668e-08,-1.3231712388698668e-08,0.27582555874311393,3.507183139918628e-05
0.1744,89.99614752255012,90.0,0.10980504100592195,-0.04573529469235163,-8.317977821010603e-05,8.748291255694506e-06,12.000000000157698,0.0004188125879783401,-0.000376533975436694,-1.3141430726028513e-08,-1.3141430726028513e-08,0.27451260251480486,3.490104899773635e-05
0.1746,89.99616943116706,90.0,0.10928121614966091,-0.04561570121723596,-8.301344945800033e-05,8.698540682383751e-06,12.000000000156614,0.0004167691159028818,-0.0003757810469292196,-1.3051161224975517e-08,-1.3051161224975517e-08,0.2732030403741523,3.47307596581202e-05
0.1748,89.99619123515603,90.0,0.10875876077301094,-0.045495098131861256,-8.284446428434066e-05,8.649027700620309e-06,12.00000000015553,0.00041473159687025786,-0.0003750160934682088,-1.2960918607841692e-08,-1.2960918607841692e-08,0.27189690193252736,3.456096640540688e-05
0.17500000000000002,89.99621293479206,90.0,0.10823768644382101,-0.04537350926860334,-8.26728759042793e-05,8.599751685833534e-06,12.000000000154449,0.00041270006622125597,-0.0003742393559452972,-1.2870717248269705e-08,-1.2870717248269705e-08,0.27059421610955253,3.439167218466202e-05
0.1752,89.99623453035248,90.0,0.10771800445692561,-0.04525095814294211,-8.249873685114695e-05,8.550712008223704e-06,12.000000000153367,0.000410674558349175,-0.0003734510721656858,-1.2780571177059065e-08,-1.2780571177059065e-08,0.269295011142314,3.4222879861993856e-05
0.1754,89.99625602211687,90.0,0.10719972583777498,-0.045127467956398465,-8.232209898253395e-05,8.501908032935374e-06,12.000000000152287,0.00040865510671301306,-0.0003726514768756681,-1.2690494087287956e-08,-1.2690494087287956e-08,0.2679993145944375,3.405459222565225e-05
0.1756,89.99627741036699,90.0,0.1066828613460312,-0.045003061600134536,-8.214301348792936e-05,8.453339120172919e-06,12.000000000151207,0.0004066417438502128,-0.00037184080179721116,-1.2600499339631167e-08,-1.2600499339631167e-08,0.266707153365078,3.388681198709074e-05
0.1758,89.9962986953867,90.0,0.10616742147912377,-0.04487776165885224,-8.196153089706651e-05,8.40500462528721e-06,12.000000000150127,0.00040463450138910646,-0.00037101927566573323,-1.2510599967739435e-08,-1.2510599967739435e-08,0.2654185536978094,3.371954178200369e-05
0.17600000000000002,89.99631987746196,90.0,0.10565341647576004,-0.04475159041356319,-8.177770108563951e-05,8.356903898948963e-06,12.00000000014905,0.00040263341006170134,-0.00037018712425598133,-1.2420808683189099e-08,-1.2420808683189099e-08,0.26413354118940013,3.355278417139169e-05
0.1762,89.99634095688073,90.0,0.10514085631940398,-0.04462456984538016,-8.159157328341492e-05,8.309036287235391e-06,12.000000000147974,0.0004006384997158661,-0.0003693445704187507,-1.2331137880745388e-08,-1.2331137880745388e-08,0.26285214079851,3.3386541642577146e-05
0.1764,89.99636193393296,90.0,0.10462975074171174,-0.044496721638892955,-8.140319608138123e-05,8.261401131745778e-06,12.0000000001469,0.00039864979932753683,-0.0003684918341132484,-1.2241599643440347e-08,-1.2241599643440347e-08,0.26157437685427937,3.322081661022139e-05
0.1766,89.99638280891051,90.0,0.10412010922592814,-0.04436806718584496,-8.121261743960955e-05,8.21399776968814e-06,12.000000000145826,0.0003966673370126273,-0.000367629132442677,-1.2152205747710586e-08,-1.2152205747710586e-08,0.2603002730648204,3.305561141731724e-05
0.1768,89.99640358210713,90.0,0.10361194101024147,-0.04423862758768571,-8.101988469249589e-05,8.16682553405257e-06,12.000000000144755,0.0003946911400392906,-0.000366756679677965,-1.2062967668114561e-08,-1.2062967668114561e-08,0.2590298525256037,3.289092833621079e-05
0.17700000000000002,89.99642425381836,90.0,0.10310525509110878,-0.044108423659503376,-8.082504455723557e-05,8.119883753669017e-06,12.000000000143686,0.00039272123483942667,-0.00036587468729612813,-1.1973896582475339e-08,-1.1973896582475339e-08,0.25776313772777193,3.272676956956036e-05
0.1772,89.99644482434154,90.0,0.10260006022653631,-0.043977475932828636,-8.062814313966897e-05,8.07317175335173e-06,12.00000000014262,0.0003907576470205296,-0.00036498336400673197,-1.1885003376601083e-08,-1.1885003376601083e-08,0.2565001505663408,3.2563137251323784e-05
0.1774,89.99646529397575,90.0,0.10209636493932762,-0.04384580465945953,-8.042922594252116e-05,8.026688853957045e-06,12.000000000141554,0.0003888004013769359,-0.00036408291578919047,-1.1796298649304381e-08,-1.1796298649304381e-08,0.2552409123483191,3.240003344769579e-05
0.1776,89.99648566302172,90.0,0.10159417752028793,-0.04371342981380383,-8.022833787018511e-05,7.980434372556719e-06,12.000000000140492,0.0003868495219015798,-0.0003631735459144182,-1.170779271688744e-08,-1.170779271688744e-08,0.2539854438007198,3.223746015808756e-05
0.1778,89.99650593178183,90.0,0.10109350603140171,-0.04358037109624999,-8.002552323591542e-05,7.934407622524607e-06,12.000000000139433,0.00038490503179716907,-0.0003622554549773949,-1.1619495617929332e-08,-1.1619495617929332e-08,0.25273376507850426,3.207541931605806e-05
0.17800000000000002,89.99652610056005,90.0,0.10059435830897184,-0.04344664793719496,-7.982082577056593e-05,7.888607913565539e-06,12.000000000138378,0.00038296695348690043,-0.0003613288409367182,-1.153141711824101e-08,-1.153141711824101e-08,0.25148589577242964,3.191391279020702e-05
0.1782,89.99654616966188,90.0,0.10009674196671205,-0.04331227949851993,-7.961428862537112e-05,7.843034551946452e-06,12.000000000137323,0.0003810353086261689,-0.0003603938991271944,-1.1443566714945619e-08,-1.1443566714945619e-08,0.2502418549167801,3.1752942385150706e-05
0.1784,89.99656613939437,90.0,0.09960066439882313,-0.043177284678240835,-7.940595438215316e-05,7.797686840467497e-06,12.000000000136271,0.00037911011811274484,-0.0003594508223060431,-1.1355953641551647e-08,-1.1355953641551647e-08,0.24900166099705787,3.1592509842369974e-05
0.1786,89.99658601006597,90.0,0.09910613278301544,-0.043041682112596735,-7.919586505755069e-05,7.752564078635368e-06,12.000000000135223,0.00037719140209791874,-0.0003584998006720402,-1.1268586872148955e-08,-1.1268586872148955e-08,0.24776533195753858,3.1432616841139026e-05
0.17880000000000001,89.99660578198657,90.0,0.09861315408350747,-0.042905490179171064,-7.898406210966737e-05,7.707665562749993e-06,12.000000000134179,0.00037527917999707433,-0.00035754102189561364,-1.118147512590013e-08,-1.118147512590013e-08,0.24653288520876868,3.127326499940651e-05
0.17900000000000002,89.99662545546744,90.0,0.09812173505398926,-0.04276872699960799,-7.877058644378171e-05,7.662990586020068e-06,12.000000000133134,0.00037337347050030644,-0.0003565746711446909,-1.1094626871360138e-08,-1.1094626871360138e-08,0.24530433763497314,3.111445587468034e-05
0.1792,89.99664503082116,90.0,0.09763188224055366,-0.042631410443350254,-7.855547842045157e-05,7.618538438591969e-06,12.000000000132097,0.00037147429158243924,-0.00035560093112138575,-1.1008050331076533e-08,-1.1008050331076533e-08,0.24407970560138414,3.09561909648625e-05
0.1794,89.99666450836159,90.0,0.09714360198458584,-0.04249355812954175,-7.833877785933747e-05,7.574308407723077e-06,12.00000000013106,0.00036958166051372424,-0.00035461998207930544,-1.0921753485565453e-08,-1.0921753485565453e-08,0.2428590049614646,3.079847170914065e-05
0.1796,89.99668388840388,90.0,0.09665690042563017,-0.04235518743067537,-7.812052404711067e-05,7.530299777810674e-06,12.00000000013003,0.00036769559386964223,-0.00035363200185934877,-1.0835744077797891e-08,-1.0835744077797891e-08,0.24164225106407541,3.064129948880483e-05
0.17980000000000002,89.99670317126434,90.0,0.0961717835042159,-0.04221631547476201,-7.790075574191314e-05,7.486511830536393e-06,12.000000000128999,0.0003658161075412223,-0.0003526371659098949,-1.0750029617178268e-08,-1.0750029617178268e-08,0.24042945876053975,3.048467562810748e-05
0.18000000000000002,89.9967223572605,90.0,0.09568825696465763,-0.0420769591488854,-7.767951118106261e-05,7.442943844895104e-06,12.000000000127976,0.0003639432167446204,-0.00035163564732168263,-1.066461738391377e-08,-1.066461738391377e-08,0.23922064241164406,3.0328601395061587e-05
0.1802,89.99674144671098,90.0,0.09520632635781527,-0.0419371351016348,-7.745682808614295e-05,7.39959509731048e-06,12.000000000126954,0.0003620769360310538,-0.0003506276168508529,-1.0579514432990332e-08,-1.0579514432990332e-08,0.2380158158945382,3.01730780022686e-05
0.1804,89.9967604399355,90.0,0.09472599704382596,-0.04179685974514294,-7.723274366717809e-05,7.356464861779436e-06,12.000000000125937,0.00036021727929680554,-0.0003496132429378432,-1.0494727597990111e-08,-1.0494727597990111e-08,0.2368149926095649,3.0018106607752096e-05
0.1806,89.99677933725482,90.0,0.09424727419481274,-0.04165614925886829,-7.700729463088851e-05,7.313552409872141e-06,12.000000000124924,0.00035836425979232953,-0.0003485926917447628,-1.0410263495402262e-08,-1.0410263495402262e-08,0.23561818548703187,2.986368831571657e-05
0.18080000000000002,89.99679813899075,90.0,0.09377016279755006,-0.04151501959189541,-7.678051718549282e-05,7.27085701084757e-06,12.000000000123913,0.00035651789013186794,-0.000347566127177128,-1.032612852843455e-08,-1.032612852843455e-08,0.23442540699387515,2.9709824177348876e-05
0.18100000000000002,89.99681684546609,90.0,0.09329466765610256,-0.04137348646555383,-7.65524470462598e-05,7.228377931740175e-06,12.000000000122908,0.0003546781823028145,-0.000346533710908995,-1.0242328890882707e-08,-1.0242328890882707e-08,0.2332366691402564,2.955651519159848e-05
0.1812,89.9968354570045,90.0,0.09282079339443416,-0.04123156537563988,-7.632311944013844e-05,7.1861144374754475e-06,12.000000000121908,0.0003528451476751407,-0.0003454956024039189,-1.0158870570840332e-08,-1.0158870570840332e-08,0.2320519834860854,2.9403762305963012e-05
0.1814,89.99685397393061,90.0,0.0923485444589916,-0.04108927159566855,-7.609256911280174e-05,7.144065790898804e-06,12.00000000012091,0.0003510187970102459,-0.0003444519589468392,-1.0075759354676987e-08,-1.0075759354676987e-08,0.230871361147479,2.925156641722576e-05
0.1816,89.99687239656994,90.0,0.09187792512125073,-0.04094662017936321,-7.586083033391665e-05,7.102231252862258e-06,12.000000000119915,0.0003491991404700091,-0.00034340293566793547,-9.99300083074355e-09,-9.99300083074355e-09,0.2296948128031268,2.909992837220997e-05
0.18180000000000002,89.9968907252488,90.0,0.0914089394802342,-0.04080362596274978,-7.562793690149567e-05,7.060610082339983e-06,12.000000000118927,0.0003473861876259087,-0.0003423486855623261,-9.910600392921568e-09,-9.910600392921568e-09,0.22852234870058546,2.8948848968538825e-05
0.182,89.99690896029433,90.0,0.09094159146500531,-0.04066030356728351,-7.539392214866739e-05,7.019201536457192e-06,12.000000000117943,0.00034557994746757054,-0.00034128935952071663,-9.82856324443757e-09,-9.82856324443757e-09,0.2273539786625133,2.8798328955347833e-05
0.1822,89.99692710203442,90.0,0.09047588483712604,-0.04051666740150467,-7.515881894701585e-05,6.9780048706346005e-06,12.000000000116962,0.0003437804284118508,-0.0003402251063445162,-9.746894401203772e-09,-9.746894401203772e-09,0.22618971209281508,2.864836903404167e-05
0.1824,89.99694515079773,90.0,0.09001182319309586,-0.04037273166479907,-7.492265971484468e-05,6.937019338559527e-06,12.000000000115987,0.00034198763831087126,-0.00033915607278324754,-9.665598695734309e-09,-9.665598695734309e-09,0.22502955798273966,2.849896985896381e-05
0.1826,89.99696310691357,90.0,0.08954940996674789,-0.04022851034825686,-7.468547641866681e-05,6.896244192388125e-06,12.000000000115016,0.0003402015844612221,-0.00033808240354129014,-9.584680780175232e-09,-9.584680780175232e-09,0.2238735249168697,2.8350132038163448e-05
0.18280000000000002,89.99698097071197,90.0,0.08908864843163475,-0.04008401723835908,-7.444730058130704e-05,6.855678682716496e-06,12.00000000011405,0.0003384222736118192,-0.00033700424131455863,-9.504145130117931e-09,-9.504145130117931e-09,0.22272162107908686,2.8201856134050233e-05
0.183,89.99699874252359,90.0,0.08862954170337256,-0.03993926591882932,-7.420816328572429e-05,6.815322058696243e-06,12.000000000113088,0.0003366497119724393,-0.00033592172680780544,-9.423996047838867e-09,-9.423996047838867e-09,0.2215738542584314,2.805414266410556e-05
0.1832,89.99701642267965,90.0,0.0881720927419636,-0.03979426977316626,-7.396809518042995e-05,6.775173568092254e-06,12.00000000011213,0.0003348839052218571,-0.000334834998759148,-9.344237665697616e-09,-9.344237665697616e-09,0.220430231854909,2.7906992101560657e-05
0.1834,89.99703401151201,90.0,0.0877163043540898,-0.03964904198642505,-7.372712648315657e-05,6.7352324573982645e-06,12.000000000111179,0.00033312485851621094,-0.0003337441939566759,-9.264873949282872e-09,-9.264873949282872e-09,0.21929076088522448,2.7760404876093716e-05
0.1836,89.99705150935307,90.0,0.08726217919538605,-0.039503595548746495,-7.348528698861705e-05,6.695497971807963e-06,12.00000000011023,0.00033137257649648117,-0.0003326494472735752,-9.185908701013534e-09,-9.185908701013534e-09,0.21815544798846512,2.7614381374453102e-05
0.18380000000000002,89.99706891653568,90.0,0.08680971977267309,-0.039357943256343245,-7.324260607032736e-05,6.655969355388329e-06,12.000000000109289,0.00032962706329698086,-0.00033155089167637906,-9.107345562982076e-09,-9.107345562982076e-09,0.21702429943168272,2.7468921941164902e-05
0.184,89.99708623339325,90.0,0.08635892844617883,-0.03921209771460138,-7.299911268737732e-05,6.6166458510796405e-06,12.00000000010835,0.000327888322552823,-0.0003304486582556175,-9.029188020357265e-09,-9.029188020357265e-09,0.21589732111544707,2.7324026879155204e-05
0.1842,89.99710346025962,90.0,0.08590980743172442,-0.039066071340066816,-7.275483538860175e-05,6.577526700782134e-06,12.000000000107416,0.000326156357407762,-0.0003293428762446993,-8.951439404433746e-09,-8.951439404433746e-09,0.21477451857931107,2.7179696450403538e-05
0.1844,89.99712059746906,90.0,0.08546235880288752,-0.03891987636240005,-7.250980231668272e-05,6.538611145442685e-06,12.000000000106489,0.0003244311705219576,-0.00032823367303848143,-8.874102895637587e-09,-8.874102895637587e-09,0.21365589700721882,2.703593087658988e-05
0.18460000000000001,89.99713764535623,90.0,0.08501658449314302,-0.03877352482700993,-7.226404121384391e-05,6.499898425083688e-06,12.000000000105565,0.00032271276407933594,-0.00032712117421904657,-8.797181526681487e-09,-8.797181526681487e-09,0.21254146123285755,2.6892730339708082e-05
0.18480000000000002,89.9971546042562,90.0,0.0845724862979738,-0.03862702859729027,-7.201757942662312e-05,6.461387778860839e-06,12.000000000104649,0.00032100113979501314,-0.00032600550357730635,-8.720678185570831e-09,-8.720678185570831e-09,0.21143121574493448,2.675009498268448e-05
0.185,89.99717147450433,90.0,0.08413006587695565,-0.038480399356109765,-7.177044390890474e-05,6.423078445178701e-06,12.000000000103736,0.00031929629892296066,-0.0003248867831267293,-8.644595618371207e-09,-8.644595618371207e-09,0.21032516469238913,2.6608024910016703e-05
0.1852,89.99718825643633,90.0,0.08368932475582531,-0.03833364860834439,-7.152266122739274e-05,6.384969661719587e-06,12.000000000102826,0.00031759824226312096,-0.0003237651331281153,-8.568936432224472e-09,-8.568936432224472e-09,0.2092233118895633,2.6466520188366625e-05
0.1854,89.99720495038821,90.0,0.08325026432851954,-0.03818678768336911,-7.127425756699527e-05,6.347060665472454e-06,12.000000000101924,0.00031590697016842695,-0.0003226406721139704,-8.49370309831363e-09,-8.49370309831363e-09,0.20812566082129885,2.6325580847145314e-05
0.18560000000000001,89.99722155669625,90.0,0.0828128858591853,-0.03803982773679884,-7.10252587344599e-05,6.3093506928195674e-06,12.000000000101027,0.0003142224825520515,-0.00032151351690496257,-8.418897954588982e-09,-8.418897954588982e-09,0.20703221464796326,2.6185206879117174e-05
0.18580000000000002,89.99723807569691,90.0,0.08237719048417035,-0.03789277975184683,-7.077569016111895e-05,6.271838979652066e-06,12.000000000100133,0.0003125447788947554,-0.0003203837826223492,-8.344523208360994e-09,-8.344523208360994e-09,0.20594297621042584,2.6045398241012282e-05
0.186,89.99725450772695,90.0,0.08194317921399828,-0.037745654542437446,-7.052557690973978e-05,6.234524761341073e-06,12.000000000099247,0.0003108738582513632,-0.00031925158271898667,-8.270580939323732e-09,-8.270580939323732e-09,0.2048579480349957,2.5906154854066008e-05
0.1862,89.99727085312327,90.0,0.08151085293530749,-0.03759846275520305,-7.027494367877374e-05,6.197407272795468e-06,12.000000000098364,0.0003092097192576089,-0.00031811702899856427,-8.197073102242032e-09,-8.197073102242032e-09,0.20377713233826872,2.5767476604589524e-05
0.1864,89.99728711222293,90.0,0.08108021241276792,-0.03745121487038394,-7.002381480404573e-05,6.160485748606347e-06,12.000000000097488,0.0003075523601374004,-0.00031698023162325233,-8.124001529319926e-09,-8.124001529319926e-09,0.2027005310319198,2.5629363344575155e-05
0.18660000000000002,89.99730328536317,90.0,0.08065125829098682,-0.037303921205199805,-6.977221426622408e-05,6.123759422989233e-06,12.000000000096616,0.0003059017787088979,-0.0003158412991475164,-8.051367933181374e-09,-8.051367933181374e-09,0.20162814572746707,2.5491814892202914e-05
0.18680000000000002,89.99731937288131,90.0,0.08022399109637636,-0.037156591914680966,-6.952016569236006e-05,6.0872275299285295e-06,12.00000000009575,0.0003042579723916119,-0.0003147003385250867,-7.97917390915273e-09,-7.97917390915273e-09,0.2005599777409409,2.5354831032432015e-05
0.187,89.99733537511477,90.0,0.07979841123901157,-0.037009236993907416,-6.926769236072068e-05,6.050889303206414e-06,12.00000000009489,0.00030262093821281416,-0.00031355745513083434,-7.907420937880428e-09,-7.907420937880428e-09,0.19949602809752895,2.52184115175351e-05
0.1872,89.99735129240105,90.0,0.07937451901446253,-0.03686186628021165,-6.90148172055423e-05,6.014743976431723e-06,12.000000000094033,0.00030099067281386,-0.0003124127527822903,-7.836110387902902e-09,-7.836110387902902e-09,0.1984362975361563,2.508255606762512e-05
0.1874,89.9973671250777,90.0,0.07895231460560145,-0.03671448945534672,-6.876156282170858e-05,5.9787907830688404e-06,12.000000000093184,0.00029936717245642835,-0.0003112663337608208,-7.765243518177685e-09,-7.765243518177685e-09,0.19738078651400365,2.4947264371175305e-05
0.18760000000000002,89.9973828734823,90.0,0.07853179808438498,-0.03656711604619822,-6.850795146602962e-05,5.943028956582156e-06,12.000000000092339,0.00029775043302933244,-0.0003101182988174181,-7.694821480207968e-09,-7.694821480207968e-09,0.19632949521096246,2.4812536085586776e-05
0.18780000000000002,89.99739853795238,90.0,0.07811296941362818,-0.036419755427616635,-6.825400506347996e-05,5.9074577304071615e-06,12.000000000091498,0.00029614045005432006,-0.0003089687472009381,-7.624845320675633e-09,-7.624845320675633e-09,0.19528242353407044,2.4678370837671836e-05
0.188,89.99741411882555,90.0,0.07769582844874615,-0.03627241682449389,-6.799974521167656e-05,5.872076337979357e-06,12.000000000090665,0.00029453721869209264,-0.0003078177766783713,-7.555315983845515e-09,-7.555315983845515e-09,0.19423957112186535,2.4544768224155606e-05
0.1882,89.9974296164393,90.0,0.07728037493947178,-0.03612510931238527,-6.774519318196146e-05,5.8368840128786866e-06,12.000000000089834,0.00029294073374889926,-0.00030666548353974326,-7.486234313576737e-09,-7.486234313576737e-09,0.19320093734867944,2.441172781222552e-05
0.1884,89.9974450311311,90.0,0.07686660853156671,-0.03597784181989848,-6.749036992461705e-05,5.8018799888295435e-06,12.000000000089011,0.0002913509896822893,-0.00030551196262172334,-7.417601055746452e-09,-7.417601055746452e-09,0.1921665213289168,2.427924914001068e-05
0.18860000000000002,89.99746036323829,90.0,0.07645452876850442,-0.0358306231313989,-6.723529607482659e-05,5.767063499671883e-06,12.000000000088193,0.0002897679806066059,-0.000304357307334606,-7.349416860713729e-09,-7.349416860713729e-09,0.191136321921261,2.4147331717039692e-05
0.1888,89.99747561309819,90.0,0.07604413509312258,-0.03568346188718516,-6.697999195272743e-05,5.732433779534558e-06,12.000000000087379,0.00028819170029952527,-0.00030320160966255217,-7.281682285130635e-09,-7.281682285130635e-09,0.19011033773280644,2.4015975024785566e-05
0.189,89.99749078104792,90.0,0.07563542684927352,-0.03553636658614881,-6.672447756927198e-05,5.69799006280643e-06,12.000000000086573,0.0002866221422074407,-0.0003020449601901201,-7.214397794335733e-09,-7.214397794335733e-09,0.18908856712318378,2.3885178517114407e-05
0.1892,89.9975058674245,90.0,0.07522840328344413,-0.03538934558697028,-6.646877262867348e-05,5.663731584223039e-06,12.00000000008577,0.00028505929945140085,-0.0003008874481133368,-7.147563764357872e-09,-7.147563764357872e-09,0.1880710082086103,2.3754941620780283e-05
0.1894,89.99752087256478,90.0,0.07482306354636174,-0.035242407111071836,-6.62128965349623e-05,5.6296575788088255e-06,12.000000000084974,0.0002835031648321798,-0.0002997291612693767,-7.081180484313449e-09,-7.081180484313449e-09,0.18705765886590436,2.362526373584769e-05
0.18960000000000002,89.99753579680542,90.0,0.07441940669456679,-0.03509555924232631,-6.595686839096497e-05,5.5957672820793555e-06,12.000000000084182,0.00028195373083671237,-0.0002985701861319402,-7.015248157993469e-09,-7.015248157993469e-09,0.18604851673641698,2.349614423622787e-05
0.1898,89.99755064048291,90.0,0.0740174316919884,-0.034948809930323024,-6.570070700559873e-05,5.5620599299546556e-06,12.000000000083396,0.00028041098964289864,-0.0002974106078442741,-6.949766906277447e-09,-6.949766906277447e-09,0.18504357922997103,2.3367582470079156e-05
0.19,89.9975654039335,90.0,0.07361713741148261,-0.03480216699144961,-6.544443089606799e-05,5.528534758845879e-06,12.000000000082617,0.00027887493312526697,-0.0002962505102291144,-6.8847367689918085e-09,-6.8847367689918085e-09,0.18404284352870653,2.3239577760278915e-05
0.1902,89.99758008749322,90.0,0.07321852263635818,-0.034655638110312026,-6.518805829085425e-05,5.495191005713088e-06,12.000000000081842,0.0002773455528604319,-0.00029508997580222093,-6.820157706823355e-09,-6.820157706823355e-09,0.18304630659089546,2.3112129404878362e-05
0.1904,89.99759469149782,90.0,0.07282158606188642,-0.03450923084184253,-6.49316071343178e-05,5.462027908065252e-06,12.000000000081073,0.00027582284013216924,-0.00029392908579320816,-6.756029603365582e-09,-6.756029603365582e-09,0.18205396515471606,2.298523667752548e-05
0.19060000000000002,89.99760921628284,90.0,0.07242632629678647,-0.03436295261230782,-6.467509508873336e-05,5.4290447040469176e-06,12.000000000080309,0.00027430678593690165,-0.0002927679201547601,-6.692352266878853e-09,-6.692352266878853e-09,0.18106581574196615,2.2858898827922156e-05
0.1908,89.99762366218346,90.0,0.07203274186469918,-0.034216810721011695,-6.441853953795197e-05,5.396240632467101e-06,12.000000000079549,0.0002727973809888175,-0.00029160655757920647,-6.629125432187084e-09,-6.629125432187084e-09,0.18008185466174798,2.273311508225076e-05
0.191,89.9976380295346,90.0,0.07164083120564177,-0.034070812342681264,-6.416195759266511e-05,5.363614932770393e-06,12.000000000078796,0.0002712946157245963,-0.0002904450755223524,-6.5663487627017125e-09,-6.5663487627017125e-09,0.1791020780141044,2.260788464356791e-05
0.1912,89.99765231867086,90.0,0.07125059267743464,-0.03392496452768301,-6.390536609060121e-05,5.331166845181413e-06,12.00000000007805,0.0002697984803090267,-0.0002892835502043677,-6.504021851919232e-09,-6.504021851919232e-09,0.1781264816935866,2.2483206692272657e-05
0.19140000000000001,89.99766652992648,90.0,0.07086202455712606,-0.03377927420436709,-6.36487816016983e-05,5.298895610675919e-06,12.000000000077307,0.0002683089646396304,-0.00028812205663320223,-6.4421442253831186e-09,-6.4421442253831186e-09,0.17715506139281517,2.2359080386491826e-05
0.19160000000000002,89.99768066363535,90.0,0.07047512504239,-0.03363374818066396,-6.33922204315344e-05,5.266800471009692e-06,12.000000000076568,0.00026682605835152653,-0.0002869606686201146,-6.3807153424446e-09,-6.3807153424446e-09,0.176187812605975,2.2235504862485334e-05
0.1918,89.99769472013102,90.0,0.07008989225290548,-0.03348839314494445,-6.313569862303998e-05,5.234880668805216e-06,12.000000000075836,0.00026534975082256017,-0.0002857994587874238,-6.319734597832182e-09,-6.319734597832182e-09,0.17522473063226368,2.2112479235073603e-05
0.192,89.99770869974665,90.0,0.06970632423172628,-0.033343215668287504,-6.287923196150342e-05,5.203135447522776e-06,12.000000000075111,0.00026388003117774303,-0.0002846384985911678,-6.259201323512766e-09,-6.259201323512766e-09,0.1742658105793157,2.1990002598007612e-05
0.1922,89.99772260281497,90.0,0.0693244189466244,-0.03319822220529013,-6.262283597617409e-05,5.171564051547136e-06,12.00000000007439,0.00026241688829426173,-0.0002834778583283601,-6.199114790199056e-09,-6.199114790199056e-09,0.173311047366561,2.1868074024386245e-05
0.19240000000000002,89.99773642966834,90.0,0.06894417429142458,-0.033053419095575576,-6.23665259434997e-05,5.140165726216426e-06,12.000000000073673,0.00026096031080612836,-0.00028231760715164474,-6.139474208990279e-09,-6.139474208990279e-09,0.17236043572856147,2.1746692567043853e-05
0.19260000000000002,89.99775018063865,90.0,0.06856558808732133,-0.03290881256598746,-6.21103168919709e-05,5.1089397177932534e-06,12.000000000072962,0.0002595102871084439,-0.0002811578130912263,-6.080278733136893e-09,-6.080278733136893e-09,0.17141397021830332,2.1625857258905505e-05
0.1928,89.99776385605736,90.0,0.0681886580841708,-0.03276440873061725,-6.185422360190649e-05,5.077885273609152e-06,12.000000000072259,0.0002580668053625613,-0.0002799985430538977,-6.0215274593046544e-09,-6.0215274593046544e-09,0.170471645210427,2.1505567113417277e-05
0.193,89.99777745625548,90.0,0.0678133819617825,-0.032620213593318334,-6.159826061105131e-05,5.0470016420068e-06,12.000000000071559,0.00025662985350009956,-0.00027883986284838044,-5.963219429361751e-09,-5.963219429361751e-09,0.16953345490445626,2.138582112488077e-05
0.1932,89.99779098156357,90.0,0.06743975733118206,-0.03247623304911385,-6.134244221759472e-05,5.016288072368911e-06,12.000000000070864,0.00025519941922735325,-0.00027768183719898847,-5.9053536318956535e-09,-5.9053536318956535e-09,0.16859939332795515,2.126661826882052e-05
0.19340000000000002,89.99780443231165,90.0,0.06706778173585792,-0.03233247288451652,-6.10867824806486e-05,4.9857438152337995e-06,12.000000000070175,0.0002537754900301395,-0.000276524529747792,-5.847929003474118e-09,-5.847929003474118e-09,0.16766945433964484,2.1147957502387954e-05
0.19360000000000002,89.9978178088293,90.0,0.06669745265300446,-0.032188938780329884,-6.083129522652762e-05,4.955368122208701e-06,12.000000000069491,0.0002523580531774847,-0.00027536800308304685,-5.790944430417241e-09,-5.790944430417241e-09,0.16674363163251116,2.102983776466861e-05
0.1938,89.99783111144555,90.0,0.06632876749473275,-0.032045636311562806,-6.0575994048287255e-05,4.925160246114229e-06,12.000000000068813,0.0002509470957265154,-0.0002742123187371028,-5.734398749926242e-09,-5.734398749926242e-09,0.16582191873683186,2.09122579770897e-05
0.194,89.99784434048894,90.0,0.06596172360928278,-0.03190257094983233,-6.0320892311079516e-05,4.89511944092659e-06,12.00000000006814,0.000249542604526205,-0.00027305753721064803,-5.6782907517224445e-09,-5.6782907517224445e-09,0.16490430902320696,2.0795217043732335e-05
0.1942,89.99785749628741,90.0,0.06559631828220766,-0.03175974806359619,-6.006600315244024e-05,4.865244961893149e-06,12.000000000067471,0.00024814456622201085,-0.00027190371797400934,-5.622619179202762e-09,-5.622619179202762e-09,0.16399079570551917,2.067871385171797e-05
0.19440000000000002,89.99787057916845,90.0,0.0652325487375552,-0.03161717292122371,-5.9811339489212974e-05,4.835536065416866e-06,12.000000000066809,0.0002467529672591907,-0.00027075091949849497,-5.567382731169663e-09,-5.567382731169663e-09,0.163081371843888,2.0562747271484743e-05
0.19460000000000002,89.9978835894589,90.0,0.06487041213901489,-0.0314748506901103,-5.9556914015230856e-05,4.805992009258526e-06,12.000000000066152,0.00024536779388780616,-0.000269599199245901,-5.512580062710097e-09,-5.512580062710097e-09,0.16217603034753722,2.044731615720446e-05
0.1948,89.99789652748504,90.0,0.06450990559107427,-0.03133278643935791,-5.9302739207332914e-05,4.776612052450068e-06,12.000000000065498,0.00024398903216611858,-0.0002684486136957457,-5.4582097868003115e-09,-5.4582097868003115e-09,0.16127476397768567,2.033241934706557e-05
0.195,89.99790939357263,90.0,0.064151026140145,-0.03119098514063684,-5.904882732713552e-05,4.747395455352367e-06,12.000000000064851,0.0002426166679647022,-0.0002672992183532884,-5.404270475507812e-09,-5.404270475507812e-09,0.16037756535036252,2.021805566361592e-05
0.1952,89.99792218804674,90.0,0.06379377077567913,-0.03104945166938893,-5.879519042360386e-05,4.7183414796841235e-06,12.000000000064208,0.00024125068697036098,-0.0002661510677611698,-5.350760661244478e-09,-5.350760661244478e-09,0.15948442693919782,2.0104223914089177e-05
0.19540000000000002,89.99793491123192,90.0,0.06343813643127129,-0.030908190806366642,-5.8541840336411676e-05,4.6894493885218625e-06,12.000000000063572,0.00023989107468983396,-0.0002650042155146208,-5.29767883806683e-09,-5.29767883806683e-09,0.15859534107817821,1.999092289071359e-05
0.1956,89.99794756345207,90.0,0.06308411998574334,-0.030767207238436962,-5.8288788697586185e-05,4.660718446357713e-06,12.00000000006294,0.00023853781645376935,-0.0002638587142689087,-5.245023462806199e-09,-5.245023462806199e-09,0.1577102999643584,1.9878151371043184e-05
0.1958,89.9979601450304,90.0,0.06273171826422007,-0.030626505559372668,-5.803604693312541e-05,4.632147919157193e-06,12.000000000062315,0.00023719089742066897,-0.00026271461574665824,-5.192792956179374e-09,-5.192792956179374e-09,0.15682929566055015,1.976590811828644e-05
0.196,89.99797265628958,90.0,0.06238092803919551,-0.030486090272407285,-5.7783626268740574e-05,4.603737074272528e-06,12.000000000061693,0.000235850302579981,-0.00026157197076384625,-5.140985704231493e-09,-5.140985704231493e-09,0.1559523200979888,1.965419188156404e-05
0.1962,89.99798509755156,90.0,0.06203174603157021,-0.03034596579026197,-5.753153772969482e-05,4.575485180558225e-06,12.000000000061075,0.00023451601675624262,-0.00026043082922907123,-5.089600059251349e-09,-5.089600059251349e-09,0.15507936507892556,1.9543001396254086e-05
0.19640000000000002,89.99799746913766,90.0,0.06168416891168809,-0.030206136436238228,-5.7279792143133516e-05,4.547391508399951e-06,12.000000000060464,0.00023318802461273026,-0.00025929124015410237,-5.0386343408846265e-09,-5.0386343408846265e-09,0.15421042227922022,1.9432335384296276e-05
0.1966,89.9980097713685,90.0,0.06133819330036057,-0.030066606446002984,-5.702840014203603e-05,4.51945532968565e-06,12.000000000059856,0.00023186631065473792,-0.00025815325167176807,-4.988086837363196e-09,-4.988086837363196e-09,0.1533454832509014,1.9322192554465115e-05
0.1968,89.99802200456408,90.0,0.06099381576987073,-0.029927379968990725,-5.6777372168276735e-05,4.491675917805539e-06,12.000000000059256,0.0002305508592329532,-0.0002570169110498124,-4.937955806636762e-09,-4.937955806636762e-09,0.1524845394246768,1.921257160265123e-05
0.197,89.99803416904362,90.0,0.060651032844961095,-0.029788461068006335,-5.6526718471482734e-05,4.464052547796559e-06,12.000000000058659,0.00022924165454759804,-0.0002558822646857243,-4.888239477137927e-09,-4.888239477137927e-09,0.15162758211240274,1.9103471212206454e-05
0.19720000000000001,89.99804626512572,90.0,0.060309841003825915,-0.029649853722031695,-5.6276449115380805e-05,4.436584496226817e-06,12.000000000058067,0.00022793868065110816,-0.0002547493581354687,-4.838936049152866e-09,-4.838936049152866e-09,0.1507746025095648,1.89948900541671e-05
0.19740000000000002,89.99805829312822,90.0,0.05997023667907155,-0.02951156182614544,-5.6026573977402156e-05,4.409271041311145e-06,12.00000000005748,0.00022664192145201807,-0.00025361823611169703,-4.790043695612607e-09,-4.790043695612607e-09,0.14992559169767888,1.8886826787577707e-05
0.1976,89.99807025336828,90.0,0.059632216258677526,-0.02937358919357549,-5.5777102753273085e-05,4.382111462853313e-06,12.000000000056898,0.00022535136071786358,-0.0002524889425045284,-4.7415605632783425e-09,-4.7415605632783425e-09,0.14908054064669382,1.8779280059732923e-05
0.1978,89.9980821461623,90.0,0.05929577608693412,-0.02923593955558712,-5.552804495655054e-05,4.355105042361601e-06,12.000000000056321,0.00022406698207898994,-0.0002513615203794469,-4.6934847734954045e-09,-4.6934847734954045e-09,0.1482394402173353,1.867224850649486e-05
0.198,89.99809397182597,90.0,0.058960912465381425,-0.029098616563859817,-5.5279409923975946e-05,4.328251062962122e-06,12.00000000005575,0.00022278876903121663,-0.0002502360120015372,-4.645814423403686e-09,-4.645814423403686e-09,0.14740228116345355,1.8565730752515136e-05
0.19820000000000002,89.99810573067423,90.0,0.058627621653721096,-0.028961623790694613,-5.503120681576258e-05,4.301548809485491e-06,12.000000000055183,0.00022151670493939435,-0.00024911245883678536,-4.598547586718453e-09,-4.598547586718453e-09,0.14656905413430274,1.8459725411531307e-05
0.19840000000000002,89.99811742302126,90.0,0.05829589987072544,-0.028824964730283356,-5.4783444618366505e-05,4.27499756846683e-06,12.00000000005462,0.00022025077304046127,-0.0002479909015646221,-4.551682314696695e-09,-4.551682314696695e-09,0.1457397496768136,1.8354231086621566e-05
0.1986,89.99812904918046,90.0,0.0579657432951324,-0.028688642799247835,-5.4536132145553405e-05,4.24859662820354e-06,12.000000000054062,0.0002189909564467798,-0.00024687138008275207,-4.505216636951236e-09,-4.505216636951236e-09,0.144914358237831,1.824924637048277e-05
0.1988,89.99814060946453,90.0,0.05763714806653407,-0.028552661338590926,-5.4289278042767895e-05,4.222345278697529e-06,12.000000000053511,0.00021773723814879538,-0.00024575393352693287,-4.459148562509867e-09,-4.459148562509867e-09,0.14409287016633518,1.8144769845652038e-05
0.199,89.99815210418531,90.0,0.05731011028624305,-0.0284170236138404,-5.404289078728249e-05,4.196242811741878e-06,12.00000000005296,0.00021648960101844104,-0.00024463860027164916,-4.413476080523789e-09,-4.413476080523789e-09,0.14327527571560764,1.8040800084790466e-05
0.19920000000000002,89.99816353365391,90.0,0.05698462601815692,-0.02828173281661127,-5.3796978691663096e-05,4.1702885208919515e-06,12.000000000052419,0.0002152480278118795,-0.00024352541794580004,-4.3681971612223476e-09,-4.3681971612223476e-09,0.14246156504539229,1.7937335650911604e-05
0.19940000000000002,89.99817489818065,90.0,0.056660691289605075,-0.028146792065788174,-5.355154990635029e-05,4.144481701465398e-06,12.00000000005188,0.0002140125011723501,-0.00024241442344438406,-4.323309756780127e-09,-4.323309756780127e-09,0.14165172822401267,1.7834375097618736e-05
0.1996,89.99818619807502,90.0,0.05633830209218187,-0.028012204407267555,-5.330661241887626e-05,4.118821650657708e-06,12.000000000051346,0.0002127830036336255,-0.0002413056529249543,-4.278811801910435e-09,-4.278811801910435e-09,0.1408457552304547,1.773191696939292e-05
0.1998,89.99819743364571,90.0,0.056017454382582606,-0.027877972816190782,-5.3062174058904843e-05,4.093307667455547e-06,12.000000000050816,0.00021155951762233012,-0.00024019914183043346,-4.23470121489408e-09,-4.23470121489408e-09,0.14004363595645652,1.7629959801786185e-05
0.2,89.99820860520065,90.0,0.055698144083414294,-0.027744100197365656,-5.281824249904162e-05,4.0679390526945325e-06,12.000000000050292,0.00021034202546099377,-0.000239094924892781,-4.19097589826508e-09,-4.19097589826508e-09,0.13924536020853573,1.7528502121676017e-05
0.20020000000000002,89.99821971304685,90.0,0.0553803670840012,-0.02761058938603582,-5.2574825256458454e-05,4.042715109088125e-06,12.000000000049772,0.00020913050937092367,-0.00023799303614034694,-4.147633739546414e-09,-4.147633739546414e-09,0.138450917710003,1.7427542447504688e-05
0.20040000000000002,89.99823075749062,90.0,0.05506411924118191,-0.02747744314970423,-5.2331929696984204e-05,4.017635141169851e-06,12.000000000049255,0.00020792495147455568,-0.00023689350891638943,-4.104672612156276e-09,-4.104672612156276e-09,0.13766029810295477,1.7327079289475185e-05
0.2006,89.99824173883734,90.0,0.05474939638008505,-0.02734466418744,-5.208956303331647e-05,3.9926984554377465e-06,12.000000000048745,0.0002067253337988827,-0.00023579637587097993,-4.0620903758580945e-09,-4.0620903758580945e-09,0.13687349095021265,1.7227111149836913e-05
0.2008,89.99825265739157,90.0,0.05443619429491366,-0.027212255132394572,-5.1847732330734405e-05,3.967904360238804e-06,12.000000000048239,0.00020553163827743493,-0.00023470166898686357,-4.019884877760366e-09,-4.019884877760366e-09,0.13609048573728416,1.7127636523050726e-05
0.201,89.99826351345709,90.0,0.05412450874969994,-0.027080218551789756,-5.160644450690758e-05,3.9432521658556354e-06,12.000000000047738,0.00020434384675330937,-0.000233609419578594,-3.9780539528589884e-09,-3.9780539528589884e-09,0.13531127187424985,1.7028653896041372e-05
0.20120000000000002,89.99827430733674,90.0,0.053814335479060726,-0.0269485569483279,-5.136570633502936e-05,3.918741184477591e-06,12.00000000004724,0.00020316194098154557,-0.00023251965830671729,-3.936595424814373e-09,-3.936595424814373e-09,0.13453583869765182,1.6930161748395482e-05
0.20140000000000002,89.99828503933256,90.0,0.053505670188936504,-0.026817272760157843,-5.1125524443577564e-05,3.894370730287416e-06,12.000000000046747,0.00020198590263210202,-0.00023143241517668858,-3.895507106467394e-09,-3.895507106467394e-09,0.13376417547234123,1.6832158552609597e-05
0.2016,89.99829570974572,90.0,0.053198508557330985,-0.026686368362973445,-5.088590532106057e-05,3.870140119374598e-06,12.000000000046256,0.00020081571329185025,-0.0002303477195603565,-3.854786800707148e-09,-3.854786800707148e-09,0.13299627139332748,1.6734642774256346e-05
0.2018,89.9983063188765,90.0,0.052892846235026506,-0.026555846069946626,-5.0646855315706033e-05,3.846048669822019e-06,12.000000000045773,0.00019965135446747202,-0.00022926560019455409,-3.8144323009555036e-09,-3.8144323009555036e-09,0.13223211558756626,1.6637612872225873e-05
0.202,89.99831686702434,90.0,0.05258867884630032,-0.026425708132727505,-5.0408380637644284e-05,3.82209570170597e-06,12.000000000045294,0.00019849280758786717,-0.00022818608519098237,-3.7744413918226146e-09,-3.7744413918226146e-09,0.1314716971157508,1.65410672989265e-05
0.20220000000000002,89.99832735448778,90.0,0.052286001989629356,-0.026295956742783663,-5.017048736188683e-05,3.7982805370672516e-06,12.000000000044817,0.00019734005400635877,-0.0002271092020496935,-3.734811849805014e-09,-3.734811849805014e-09,0.13071500497407337,1.644500450046848e-05
0.2024,89.99833778156449,90.0,0.05198481123837958,-0.02616659403165225,-4.9933181428766736e-05,3.774602499968958e-06,12.000000000044347,0.00019619307500333888,-0.00022603497766108402,-3.6955414437896e-09,-3.6955414437896e-09,0.12996202809594892,1.6349422916884485e-05
0.2026,89.99834814855122,90.0,0.05168510214149264,-0.026037622071898567,-4.969646864603116e-05,3.7510609164964757e-06,12.00000000004388,0.00019505185178857662,-0.0002249634383153674,-3.656627935664766e-09,-3.656627935664766e-09,0.1292127553537316,1.625432098232195e-05
0.2028,89.99835845574388,90.0,0.051386870224161364,-0.025909042878414598,-4.946035469173108e-05,3.727655114728595e-06,12.000000000043418,0.00019391636550332482,-0.00022389460971565512,-3.6180690809740128e-09,-3.6180690809740128e-09,0.1284671755604034,1.61596971252186e-05
0.203,89.99836870343746,90.0,0.05109011098849054,-0.02578085840827582,-4.922484511374363e-05,3.7043844248241773e-06,12.00000000004296,0.000192786597223034,-0.00022282851697579423,-3.579862629322054e-09,-3.579862629322054e-09,0.12772527747122633,1.606554976852865e-05
0.20320000000000002,89.99837889192602,90.0,0.05079481991415907,-0.025653070562376257,-4.898994533345146e-05,3.6812481789643784e-06,12.000000000042505,0.00019166252795924967,-0.00022176518463702308,-3.5420063250609205e-09,-3.5420063250609205e-09,0.12698704978539768,1.59718773298809e-05
0.2034,89.99838902150276,90.0,0.050500992459063705,-0.02552568118597205,-4.875566064687432e-05,3.6582457113815353e-06,12.000000000042053,0.0001905441386619409,-0.00022070463667309365,-3.5044979077853224e-09,-3.5044979077853224e-09,0.12625248114765925,1.5878678221772762e-05
0.2036,89.99839909245993,90.0,0.05020862405995642,-0.025398692068860848,-4.8521996224950615e-05,3.6353763584169477e-06,12.00000000004161,0.00018943141022197086,-0.00021964689649154603,-3.467335112760713e-09,-3.467335112760713e-09,0.12552156014989102,1.5785950851776167e-05
0.2038,89.99840910508891,90.0,0.04991771013307964,-0.02527210494733459,-4.8288957117965364e-05,3.6126394584342083e-06,12.000000000041165,0.00018832432347274012,-0.0002185919869537527,-3.430515671623858e-09,-3.430515671623858e-09,0.1247942753326991,1.569369362267451e-05
0.20400000000000001,89.9984190596801,90.0,0.04962824607477929,-0.025145921503969604,-4.805654825492697e-05,3.5900343519058722e-06,12.000000000040728,0.00018722285919273968,-0.00021753993037209742,-3.3940373127262796e-09,-3.3940373127262796e-09,0.12407061518694823,1.5601904932675352e-05
0.20420000000000002,89.99842895652303,90.0,0.04934022726212009,-0.025020143368485823,-4.7824774445442815e-05,3.5675603814134564e-06,12.000000000040295,0.00018612699810761956,-0.00021649074851846543,-3.3578977616398542e-09,-3.3578977616398542e-09,0.12335056815530021,1.551058317558288e-05
0.2044,89.99843879590628,90.0,0.04905364905349103,-0.024894772118592107,-4.759364038156463e-05,3.5452168916474414e-06,12.000000000039865,0.00018503672089222403,-0.00021544446263259713,-3.322094741649219e-09,-3.322094741649219e-09,0.12263412263372758,1.5419726740967443e-05
0.2046,89.99844857811752,90.0,0.04876850678920138,-0.024769809281173713,-4.7363150640435774e-05,3.5230032293783787e-06,12.000000000039439,0.00018395200817243138,-0.00021440109343407143,-3.286625974286076e-09,-3.286625974286076e-09,0.12192126697300346,1.53293340143189e-05
0.2048,89.99845830344344,90.0,0.04848479579206259,-0.02464525633239427,-4.7133309684403695e-05,3.5009187435146734e-06,12.000000000039018,0.000182872840527438,-0.0002133606611228151,-3.251489179684537e-09,-3.251489179684537e-09,0.12121198948015649,1.523940337723695e-05
0.20500000000000002,89.99846797216983,90.0,0.04820251136796968,-0.024521114698507526,-4.69041218627921e-05,3.4789627851025817e-06,12.0000000000386,0.00018179919849171293,-0.00021232318538712475,-3.216682077038541e-09,-3.216682077038541e-09,0.1205062784199242,1.5149933207594012e-05
0.20520000000000002,89.99847758458156,90.0,0.047921648806472796,-0.024397385757010684,-4.667559141447359e-05,3.457134707297324e-06,12.000000000038186,0.0001807310625567553,-0.00021128868541531257,-3.1822023851006607e-09,-3.1822023851006607e-09,0.119804122016182,1.506092187968168e-05
0.2054,89.99848714096252,90.0,0.047642203381335756,-0.024274070836713693,-4.644772246791095e-05,3.4354338654208603e-06,12.000000000037776,0.0001796684131733,-0.0002102571798958932,-3.148047822505774e-09,-3.148047822505774e-09,0.11910550845333939,1.4972367764394535e-05
0.2056,89.99849664159565,90.0,0.04736417035109392,-0.0241511712188735,-4.6220519043688185e-05,3.4138596169330056e-06,12.000000000037371,0.00017861123075302898,-0.00020922868702904118,-3.1142161082484147e-09,-3.1142161082484147e-09,0.11841042587773479,1.4884269229372728e-05
0.2058,89.99850608676297,90.0,0.04708754495959889,-0.024028688137599327,-4.5993985055340226e-05,3.3924113214603148e-06,12.00000000003697,0.0001775594956705665,-0.00020820322453034672,-3.080704962040016e-09,-3.080704962040016e-09,0.11771886239899722,1.479662463916829e-05
0.20600000000000002,89.99851547674551,90.0,0.046812322436558536,-0.023906622780606623,-4.5768124310998804e-05,3.371088340796087e-06,12.00000000003657,0.00017651318826529457,-0.0002071808096382662,-3.0475121047103326e-09,-3.0475121047103326e-09,0.11703080609139635,1.4709432355396388e-05
0.20620000000000002,89.99852481182337,90.0,0.046538497998068626,-0.023784976290314702,-4.554294051584362e-05,3.3498900388714724e-06,12.000000000036176,0.00017547228884297602,-0.00020616145912521805,-3.01463525865005e-09,-3.01463525865005e-09,0.11634624499517156,1.4622690736870586e-05
0.2064,89.9985340922757,90.0,0.04626606684713159,-0.023663749763505243,-4.5318437271191724e-05,3.328815781842143e-06,12.000000000035785,0.0001744367776779906,-0.0002051451892934605,-2.9820721480321626e-09,-2.9820721480321626e-09,0.11566516711782898,1.4536398139789201e-05
0.2066,89.99854331838067,90.0,0.04599502417417948,-0.02354294425311826,-4.5094618078583234e-05,3.3078649380016244e-06,12.0000000000354,0.00017340663501460085,-0.00020413201599358668,-2.9498204993408436e-09,-2.9498204993408436e-09,0.1149875604354487,1.4450552917840775e-05
0.2068,89.9985524904155,90.0,0.04572536515757612,-0.02342256076824273,-4.487148633965082e-05,3.287036877839073e-06,12.000000000035016,0.00017238184106896837,-0.00020312195462393378,-2.9178780416249155e-09,-2.9178780416249155e-09,0.11431341289394031,1.4365153422372114e-05
0.20700000000000002,89.99856160865643,90.0,0.045457084964119446,-0.02330260027481798,-4.464904535765076e-05,3.266330974039277e-06,12.000000000034635,0.0001713623760308423,-0.00020211502013751375,-2.8862425068488277e-09,-2.8862425068488277e-09,0.11364271241029862,1.4280198002528975e-05
0.20720000000000002,89.99857067337875,90.0,0.045190178749535855,-0.023183063695968672,-4.4427298338139295e-05,3.245746601511548e-06,12.000000000034259,0.00017034822006538564,-0.000201111227045075,-2.8549116301830307e-09,-2.8549116301830307e-09,0.11297544687383963,1.4195685005408276e-05
0.2074,89.99857968485675,90.0,0.044924641658970726,-0.023063951913044944,-4.420624839129816e-05,3.2252831373608292e-06,12.000000000033886,0.00016933935331465985,-0.00020011058942562954,-2.8238831503879855e-09,-2.8238831503879855e-09,0.11231160414742683,1.4111612776181806e-05
0.2076,89.99858864336377,90.0,0.04466046882746691,-0.02294526576664576,-4.3985898534223635e-05,3.204939960858806e-06,12.000000000033518,0.0001683357558990693,-0.00019911312093681482,-2.7931548101856588e-09,-2.7931548101856588e-09,0.11165117206866726,1.4027979658216594e-05
0.2078,89.9985975491722,90.0,0.04439765538043162,-0.022827006056560364,-4.376625169068867e-05,3.184716453501685e-06,12.000000000033154,0.0001673374079192593,-0.00019811883481381704,-2.762724356469705e-09,-2.762724356469705e-09,0.11099413845107904,1.3944783993233083e-05
0.20800000000000002,89.99860640255342,90.0,0.0441361964341039,-0.022709173542065586,-4.3547310691736886e-05,3.164611999039086e-06,12.000000000032792,0.00016634428945785123,-0.00019712774387206,-2.7325895405614583e-09,-2.7325895405614583e-09,0.11034049108525974,1.3862024121449723e-05
0.2082,89.99861520377782,90.0,0.04387608709601872,-0.022591768943284518,-4.3329078278758575e-05,3.1446259834162594e-06,12.000000000032433,0.00016535638058067485,-0.00019613986052112936,-2.702748118607057e-09,-2.702748118607057e-09,0.10969021774004681,1.377969838168566e-05
0.2084,89.99862395311483,90.0,0.043617322465455625,-0.022474792941457537,-4.311155710402736e-05,3.1247577948029793e-06,12.000000000032077,0.00016437366133844038,-0.00019515519676720206,-2.6731978518135848e-09,-2.6731978518135848e-09,0.10904330616363905,1.3697805111500083e-05
0.2086,89.99863265083293,90.0,0.043359897633884134,-0.02235824617956434,-4.289474973205804e-05,3.1050068235935403e-06,12.000000000031728,0.000163396111768236,-0.0001941737642191928,-2.6439365067278706e-09,-2.6439365067278706e-09,0.10839974408471033,1.3616342647316998e-05
0.2088,89.99864129719957,90.0,0.04310380768540194,-0.022242129262935686,-4.2678658640942025e-05,3.0853724624067605e-06,12.00000000003138,0.00016242371189500088,-0.0001931955740947993,-2.6149618555067436e-09,-2.6149618555067436e-09,0.10775951921350485,1.3535309324548013e-05
0.20900000000000002,89.99864989248125,90.0,0.04284904769716628,-0.02212644275985573,-4.2463286223662254e-05,3.0658541060859776e-06,12.000000000031037,0.00016145644173297518,-0.00019222063722645465,-2.586271676179014e-09,-2.586271676179014e-09,0.1071226192429157,1.3454703477713133e-05
0.2092,89.99865843694346,90.0,0.04259561273981839,-0.022011187201444148,-4.224863478772582e-05,3.0464511517568344e-06,12.000000000030695,0.00016049428128745534,-0.00019124896405966422,-2.5578637528039723e-09,-2.5578637528039723e-09,0.10648903184954599,1.3374523440587066e-05
0.2094,89.99866693085069,90.0,0.042343497877909295,-0.021896363082961154,-4.203470655812284e-05,3.0271629987694924e-06,12.000000000030358,0.00015953721055589695,-0.0001902805646663997,-2.529735875816798e-09,-2.529735875816798e-09,0.10585874469477323,1.3294767546291112e-05
0.2096,89.99867537446649,90.0,0.042092698170310375,-0.021781970864380842,-4.182150367857803e-05,3.0079890486986378e-06,12.000000000030024,0.0001585852095292954,-0.00018931544875076478,-2.5018858422664583e-09,-2.5018858422664583e-09,0.10523174542577594,1.321543412740822e-05
0.20980000000000001,89.9986837680534,90.0,0.04184320867061789,-0.02166801097095588,-4.160902821278348e-05,2.988928705343477e-06,12.000000000029692,0.00015763825819354544,-0.00018835362565457545,-2.4743114560460752e-09,-2.4743114560460752e-09,0.10460802167654472,1.3136521516096283e-05
0.21000000000000002,89.99869211187294,90.0,0.04159502442755064,-0.021554483792707087,-4.1397282143119296e-05,2.969981374814409e-06,12.000000000029363,0.00015669633653127028,-0.00018739510435156884,-2.447010527976174e-09,-2.447010527976174e-09,0.1039875610688766,1.305802804424057e-05
0.2102,89.99870040618569,90.0,0.0413481404853535,-0.02144138968640781,-4.1186267375205596e-05,2.951146465417464e-06,12.00000000002904,0.00015575942452252192,-0.00018643989346800888,-2.4199808762122568e-09,-2.4199808762122568e-09,0.10337035121338374,1.2979952043512082e-05
0.2104,89.9987086512512,90.0,0.041102551884178475,-0.02132872897540554,-4.097598573740299e-05,2.9324233877120852e-06,12.000000000028718,0.0001548275021463903,-0.00018548800128042508,-2.3932203263588276e-09,-2.3932203263588276e-09,0.10275637971044618,1.2902291845501646e-05
0.2106,89.99871684732805,90.0,0.0408582536604674,-0.0212165019494457,-4.076643898031797e-05,2.9138115545689073e-06,12.0000000000284,0.0001539005493826179,-0.00018453943571337356,-2.3667267115816063e-09,-2.3667267115816063e-09,0.10214563415116851,1.2825045781854472e-05
0.21080000000000002,89.99872499467384,90.0,0.040615240847337086,-0.021104708866985705,-4.0557628782129464e-05,2.8953103810253067e-06,12.000000000028086,0.00015297854621207412,-0.00018359420436354904,-2.340497873036036e-09,-2.340497873036036e-09,0.10153810211834272,1.2748212184309672e-05
0.21100000000000002,89.99873309354511,90.0,0.04037350847493768,-0.020993349953563785,-4.034955674469797e-05,2.876919284458741e-06,12.000000000027775,0.00015206147261894457,-0.00018265231448217188,-2.3145316597794453e-09,-2.3145316597794453e-09,0.10093377118734422,1.2671789384882718e-05
0.2112,89.99874114419748,90.0,0.04013305157082982,-0.0208824254037466,-4.014222439803722e-05,2.858637684471192e-06,12.000000000027466,0.0001511493085913423,-0.0001817137729952302,-2.2888259291408593e-09,-2.2888259291408593e-09,0.10033262892707454,1.2595775715916362e-05
0.2114,89.99874914688553,90.0,0.039893865160339305,-0.020771935381624553,-3.9935633201395386e-05,2.84046500288916e-06,12.00000000002716,0.00015024203412250073,-0.00018077858650837418,-2.263378546895594e-09,-2.263378546895594e-09,0.09973466290084826,1.2520169510180056e-05
0.2116,89.99875710186288,90.0,0.03965594426690652,-0.020661880020233746,-3.972978454182827e-05,2.822400663850341e-06,12.000000000026859,0.00014933962921243965,-0.00017984676130045722,-2.2381873873006924e-09,-2.2381873873006924e-09,0.09913986066726631,1.2444969101008783e-05
0.21180000000000002,89.99876500938213,90.0,0.0394192839124419,-0.02055225942311817,-3.9524679737774513e-05,2.804444093716949e-06,12.00000000002656,0.00014844207386866887,-0.00017891830333972004,-2.2132503333960702e-09,-2.2132503333960702e-09,0.09854820978110475,1.2370172822361694e-05
0.21200000000000002,89.99877286969487,90.0,0.03918387911766397,-0.02044307366373592,-3.932032003759435e-05,2.786594721162393e-06,12.000000000026262,0.00014754934810781608,-0.00017799321827717608,-2.188565277029339e-09,-2.188565277029339e-09,0.0979596977941599,1.2295779008957764e-05
0.2122,89.99878068305173,90.0,0.038949724902443965,-0.020334322787361428,-3.9116706623942244e-05,2.7688519770557115e-06,12.00000000002597,0.00014666143195612977,-0.00017707151146640523,-2.1641301191869197e-09,-2.1641301191869197e-09,0.09737431225610992,1.2221785996317698e-05
0.2124,89.99878844970233,90.0,0.03871681628612871,-0.020226006810115174,-3.8913840611428615e-05,2.751215294577137e-06,12.000000000025679,0.0001457783054512202,-0.00017615318795296904,-2.1399427699632646e-09,-2.1399427699632646e-09,0.09679204071532178,1.214819212090902e-05
0.2126,89.99879616989529,90.0,0.03848514828787456,-0.020118125720495802,-3.8711723050129585e-05,2.7336841091314227e-06,12.000000000025391,0.00014489994864269037,-0.00017523825249029856,-2.1160011488354448e-09,-2.1160011488354448e-09,0.0962128707196864,1.2074995720198647e-05
0.21280000000000002,89.99880384387824,90.0,0.03825471592696394,-0.020010679479111563,-3.851035492489061e-05,2.7162578584056237e-06,12.000000000025107,0.000144026341593528,-0.00017432670953654186,-2.0923031847110984e-09,-2.0923031847110984e-09,0.09563678981740983,1.2002195132768887e-05
0.21300000000000002,89.9988114718978,90.0,0.03802551422312483,-0.019903668019126373,-3.830973715630028e-05,2.6989359823690967e-06,12.000000000024826,0.00014315746438117968,-0.00017341856325897248,-2.068846816060862e-09,-2.068846816060862e-09,0.09506378555781207,1.1929788698406959e-05
0.2132,89.9988190541996,90.0,0.03779753819684507,-0.01979709124740922,-3.8109870603309405e-05,2.6817179232157215e-06,12.000000000024547,0.00014229329709827926,-0.00017251381754584505,-2.0456299911299215e-09,-2.0456299911299215e-09,0.09449384549211268,1.1857774758165682e-05
0.2134,89.99882659102829,90.0,0.03757078286967375,-0.01969094904424442,-3.7910756062488564e-05,2.664603125421679e-06,12.000000000024272,0.00014143381985398906,-0.00017161247600303467,-2.022650667971761e-09,-2.022650667971761e-09,0.09392695717418435,1.1786151654475248e-05
0.2136,89.99883408262751,90.0,0.03734524326452573,-0.019585241264112128,-3.771239426978691e-05,2.647591035716561e-06,12.000000000023999,0.00014057901277485983,-0.00017071454196199837,-1.999906814606843e-09,-1.999906814606843e-09,0.09336310816131431,1.1714917731214892e-05
0.21380000000000002,89.9988415292399,90.0,0.03712091440597722,-0.019479967735745722,-3.7514785900602476e-05,2.6306811031122634e-06,12.000000000023729,0.00013972885600598806,-0.00016982001848009354,-1.977396409091025e-09,-1.977396409091025e-09,0.09280228601494304,1.1644071333809313e-05
0.21400000000000002,89.9988489311071,90.0,0.03689779132056062,-0.019375128263254035,-3.731793157234195e-05,2.613872778845202e-06,12.000000000023462,0.00013888332971167934,-0.0001689289083521652,-1.9551174397051626e-09,-1.9551174397051626e-09,0.09224447830140155,1.1573610809283983e-05
0.2142,89.9988562884698,90.0,0.036675869037046935,-0.019270722626160433,-3.712183184445102e-05,2.5971655164052046e-06,12.000000000023196,0.0001380424140765616,-0.00016804121411068365,-1.933067905012525e-09,-1.933067905012525e-09,0.09168967259261734,1.1503534506357897e-05
0.2144,89.99886360156763,90.0,0.03645514258672714,-0.019166750579085116,-3.692648721761081e-05,2.5805587715932927e-06,12.000000000022936,0.00013720608930685926,-0.00016715693802210656,-1.9112458138732043e-09,-1.9112458138732043e-09,0.09113785646681785,1.1433840775549751e-05
0.2146,89.9988708706393,90.0,0.03623560700369766,-0.0190632118535648,-3.673189813793025e-05,2.5640520024061183e-06,12.000000000022677,0.00013637433563069672,-0.0001662760821058571,-1.8896491857015492e-09,-1.8896491857015492e-09,0.09058901750924415,1.136452796920325e-05
0.21480000000000002,89.99887809592244,90.0,0.03601725732512477,-0.018960106157000785,-3.653806499442969e-05,2.547644669151525e-06,12.00000000002242,0.00013554713329964307,-0.00016539864812293277,-1.8682760503881703e-09,-1.8682760503881703e-09,0.09004314331281192,1.1295594441615819e-05
0.215,89.99888527765377,90.0,0.03580008859152103,-0.018857433174466094,-3.6344988123205915e-05,2.5313362343329896e-06,12.000000000022165,0.00013472446258898572,-0.0001645246375947593,-1.8471244485467203e-09,-1.8471244485467203e-09,0.08950022147880259,1.1227038549061405e-05
0.2152,89.99889241606897,90.0,0.03558409584700116,-0.01875519256799684,-3.615266780572015e-05,2.515126162736289e-06,12.000000000021913,0.00013390630379908218,-0.000163654051795441,-1.826192431469253e-09,-1.826192431469253e-09,0.08896023961750289,1.1158858649903138e-05
0.2154,89.99889951140273,90.0,0.03536927413954597,-0.018653383977316064,-3.596110427043322e-05,2.4990139214006145e-06,12.000000000021664,0.00013309263725608375,-0.00016278689175916274,-1.805478061242375e-09,-1.805478061242375e-09,0.08842318534886494,1.1091053104653622e-05
0.2156,89.99890656388878,90.0,0.035155618521257835,-0.018552007020190414,-3.577029769358419e-05,2.482998979618566e-06,12.00000000002142,0.00013228344331279386,-0.00016192315828371447,-1.7849794108178378e-09,-1.7849794108178378e-09,0.08788904630314458,1.1023620276046478e-05
0.21580000000000002,89.99891357375984,90.0,0.034943124048612516,-0.018451061293137054,-3.558024820078848e-05,2.467080808907269e-06,12.000000000021178,0.00013147870234935102,-0.00016106285193772564,-1.7646945641183708e-09,-1.7646945641183708e-09,0.08735781012153128,1.0956558529093248e-05
0.216,89.99892054124766,90.0,0.03473178578270237,-0.018350546371763254,-3.53909558677793e-05,2.451258883008369e-06,12.000000000020936,0.00013067839477404617,-0.00016020597306402155,-1.7446216160986573e-09,-1.7446216160986573e-09,0.08682946445675592,1.0889866231151514e-05
0.2162,89.99892746658296,90.0,0.03452159878947595,-0.01825046181003507,-3.520242071864604e-05,2.4355326779747025e-06,12.000000000020698,0.00012988250102462028,-0.00015935252177164876,-1.7247586726871914e-09,-1.7247586726871914e-09,0.08630399697368989,1.0823541752033021e-05
0.2164,89.99893434999551,90.0,0.03431255813998603,-0.018150807142400048,-3.501464273074322e-05,2.41990167202585e-06,12.00000000002046,0.000129091001568278,-0.0001585024979580969,-1.7051038510374816e-09,-1.7051038510374816e-09,0.08578139534996507,1.0757583464004825e-05
0.21660000000000001,89.9989411917141,90.0,0.03410465891061311,-0.018051581882322955,-3.482762183121897e-05,2.4043653456925826e-06,12.00000000002023,0.00012830387690325928,-0.00015765590129358383,-1.6856552793841897e-09,-1.6856552793841897e-09,0.08526164727653278,1.069198974192025e-05
0.21680000000000002,89.99894799196649,90.0,0.0338978961833058,-0.017952785524397746,-3.464135790190043e-05,2.388923181672414e-06,12.000000000019998,0.00012752110755882704,-0.00015681273124317066,-1.6664110972850398e-09,-1.6664110972850398e-09,0.0847447404582645,1.0626758963217876e-05
0.217,89.99895475097954,90.0,0.033692265045797185,-0.017854417543583856,-3.445585077746159e-05,2.3735746649162703e-06,12.000000000019767,0.00012674267409648686,-0.00015597298705846813,-1.6473694555478684e-09,-1.6473694555478684e-09,0.08423066261449298,1.0561889508023173e-05
0.2172,89.99896146897902,90.0,0.033487760591829535,-0.017756477395519936,-3.4271100246108185e-05,2.358319282628488e-06,12.000000000019543,0.00012596855711074223,-0.00015513666778073666,-1.628528516273012e-09,-1.628528516273012e-09,0.08371940147957384,1.0497379759211422e-05
0.2174,89.99896814618982,90.0,0.033284377921375806,-0.017658964517543736,-3.4087106051914044e-05,2.3431565242090377e-06,12.00000000001932,0.00012519873722951127,-0.00015430377225146276,-1.6098864529668448e-09,-1.6098864529668448e-09,0.08321094480343952,1.0433228102442476e-05
0.21760000000000002,89.99897478283579,90.0,0.033082112140849204,-0.01756187832827409,-3.390386789379862e-05,2.328085881311301e-06,12.000000000019096,0.0001244331951151591,-0.0001534742991077304,-1.591441450500343e-09,-1.591441450500343e-09,0.082705280352123,1.0369432926246757e-05
0.21780000000000002,89.99898137913982,90.0,0.03288095836331776,-0.01746521822862112,-3.372138542784223e-05,2.31310684778429e-06,12.00000000001888,0.0001236719114648913,-0.00015264824679270145,-1.5731917052156794e-09,-1.5731917052156794e-09,0.0822023959082944,1.0305992622058061e-05
0.218,89.99898793532383,90.0,0.03268091170870711,-0.017368983601714044,-3.353965826707347e-05,2.298218919701542e-06,12.000000000018662,0.0001229148670115994,-0.00015182561355465358,-1.5551354249163088e-09,-1.5551354249163088e-09,0.08170227927176778,1.024290558428402e-05
0.2182,89.99899445160874,90.0,0.032481967304004274,-0.017273173813541057,-3.335868598292108e-05,2.283421595332224e-06,12.000000000018447,0.000122162042524382,-0.00015100639745355224,-1.5372708289288515e-09,-1.5372708289288515e-09,0.08120491826001067,1.0180170210349517e-05
0.2184,89.99900092821454,90.0,0.032284120283453975,-0.0171777882125128,-3.3178468104150954e-05,2.2687143751989152e-06,12.000000000018236,0.00012141341880953302,-0.0001501905963562389,-1.5195961480521539e-09,-1.5195961480521539e-09,0.08071030070863493,1.0117784900779042e-05
0.21860000000000002,89.9990073653602,90.0,0.032087365788760064,-0.01708282613045424,-3.299900411914147e-05,2.254096762019828e-06,12.000000000018026,0.00012066897671089024,-0.00014937820794673094,-1.50210962465096e-09,-1.50210962465096e-09,0.08021841447190016,1.0055748059225747e-05
0.21880000000000002,89.99901376326375,90.0,0.03189169896927552,-0.01698828688286988,-3.282029347646237e-05,2.239568260708807e-06,12.000000000017817,0.0001199286971104746,-0.00014856922972884202,-1.4848095126716964e-09,-1.4848095126716964e-09,0.07972924742318879,9.994058092524712e-06
0.219,89.99902012214224,90.0,0.03169711498218942,-0.016894169769204888,-3.264233558544489e-05,2.225128378375327e-06,12.000000000017613,0.00011919256092911832,-0.00014776365902876288,-1.4676940776557862e-09,-1.4676940776557862e-09,0.07924278745547356,9.932713410745281e-06
0.2192,89.99902644221173,90.0,0.0315036089927109,-0.016800474072746638,-3.246512981591173e-05,2.210776624353387e-06,12.000000000017408,0.00011846054912724753,-0.00014696149299383912,-1.4507615967154223e-09,-1.4507615967154223e-09,0.07875902248177727,9.871712427256306e-06
0.2194,89.99903272368736,90.0,0.03131117617425441,-0.016707199061949195,-3.2288675501233515e-05,2.196512510114837e-06,12.00000000001721,0.00011773264270501282,-0.00014616272860640687,-1.434010358648598e-09,-1.434010358648598e-09,0.07827794043563603,9.811053558736998e-06
0.21960000000000002,89.99903896678329,90.0,0.031119811708609436,-0.016614343989249228,-3.21129719355238e-05,2.182335549384939e-06,12.00000000001701,0.00011700882270351615,-0.0001453673626710954,-1.417438663802985e-09,-1.417438663802985e-09,0.07779952927152359,9.75073522527919e-06
0.21980000000000002,89.99904517171271,90.0,0.03092951078612416,-0.016521908092743502,-3.1938018377521115e-05,2.1682452580268085e-06,12.000000000016811,0.00011628907020477192,-0.00014457539183240013,-1.4010448242214028e-09,-1.4010448242214028e-09,0.0773237769653104,9.690755850384085e-06
0.22,89.99905133868782,90.0,0.030740268605869755,-0.0164298905953525,-3.176381404859815e-05,2.1542411541280808e-06,12.000000000016618,0.00011557336633275139,-0.00014378681256567064,-1.3848271635373252e-09,-1.3848271635373252e-09,0.07685067151467438,9.631113861049278e-06
0.2202,89.9990574679199,90.0,0.030552080375814167,-0.016338290705773584,-3.159035813495246e-05,2.1403227579431364e-06,12.000000000016424,0.00011486169225363897,-0.00014300162118702762,-1.3687840170444452e-09,-1.3687840170444452e-09,0.07638020093953543,9.571807687790146e-06
0.2204,89.99906355961927,90.0,0.030364941312985172,-0.01624710761906393,-3.141764978893408e-05,2.1264895918642056e-06,12.000000000016236,0.00011415402917621608,-0.00014221981385937238,-1.3529137317264042e-09,-1.3529137317264042e-09,0.07591235328246294,9.512835764671803e-06
0.22060000000000002,89.99906961399529,90.0,0.03017884664362655,-0.016156340516148074,-3.124568812786043e-05,2.112741180479152e-06,12.000000000016048,0.00011345035835271444,-0.00014144138658702253,-1.3372146661817555e-09,-1.3372146661817555e-09,0.07544711660906639,9.454196529380226e-06
0.22080000000000002,89.99907563125635,90.0,0.029993791603360027,-0.016065988564044002,-3.107447223450986e-05,2.0990770505714706e-06,12.00000000001586,0.00011275066107936036,-0.0001406663352179459,-1.3216851906177791e-09,-1.3216851906177791e-09,0.07498447900840005,9.395888423267613e-06
0.221,89.99908161160991,90.0,0.029809771437344656,-0.015976050917151527,-3.0904001160099266e-05,2.08549673103362e-06,12.000000000015675,0.0001120549186964186,-0.00013989465545723948,-1.3063236869419989e-09,-1.3063236869419989e-09,0.07452442859336164,9.33790989135602e-06
0.2212,89.99908755526246,90.0,0.029626781400421357,-0.015886526716388252,-3.073427392223281e-05,2.07199975295369e-06,12.000000000015493,0.00011136311258916997,-0.00013912634285784403,-1.2911285486481288e-09,-1.2911285486481288e-09,0.0740669535010534,9.28025938241885e-06
0.2214,89.99909346241957,90.0,0.029444816757267386,-0.01579741509011584,-3.0565289507034e-05,2.0585856495576225e-06,12.000000000015312,0.000110675224188103,-0.00013836139283019506,-1.2760981808700403e-09,-1.2760981808700403e-09,0.07361204189316846,9.222935348996814e-06
0.22160000000000002,89.99909933328581,90.0,0.029263872782540137,-0.01570871515398546,-3.0397046868753254e-05,2.0452539562381026e-06,12.000000000015135,0.00010999123496956111,-0.00013759980064044684,-1.261231000332422e-09,-1.261231000332422e-09,0.07315968195635034,9.165936247451866e-06
0.2218,89.99910516806489,90.0,0.02908394476102285,-0.01562042601220715,-3.0229544932704038e-05,2.0320042104678875e-06,12.000000000014957,0.00010931112645574034,-0.00013684156142376315,-1.246525435431274e-09,-1.246525435431274e-09,0.07270986190255713,9.109260537967008e-06
0.222,89.99911096695949,90.0,0.028905027987755585,-0.015532546755956235,-3.006278259150892e-05,2.018835951944256e-06,12.000000000014783,0.00010863488021594998,-0.00013608667016732436,-1.2319799260497136e-09,-1.2319799260497136e-09,0.07226256996938896,9.052906684651347e-06
0.2222,89.99911673017142,90.0,0.028727117768184752,-0.015445076465358502,-2.9896758709708323e-05,2.00574872244456e-06,12.000000000014612,0.00010796247786629487,-0.00013533512173118995,-1.2175929237015103e-09,-1.2175929237015103e-09,0.07181779442046188,8.996873155513617e-06
0.22240000000000001,89.99912245790149,90.0,0.028550209418289438,-0.015358014208600806,-2.9731472121653913e-05,1.992742065912893e-06,12.000000000014442,0.00010729390107059236,-0.00013458691083876258,-1.203362891409454e-09,-1.203362891409454e-09,0.0713755235457236,8.941158422538603e-06
0.22260000000000002,89.99912815034963,90.0,0.028374298264718507,-0.01527135904318827,-2.9566921634418096e-05,1.979815528373422e-06,12.000000000014271,0.00010662913154034087,-0.00013384203208995847,-1.1892883037774779e-09,-1.1892883037774779e-09,0.07093574566179627,8.885760961684506e-06
0.2228,89.99913380771481,90.0,0.02819937964491266,-0.0151851100150489,-2.9403106025674395e-05,1.966968658017056e-06,12.000000000014104,0.00010596815103562255,-0.0001331004799516125,-1.175367646867479e-09,-1.175367646867479e-09,0.07049844911228165,8.830679252958168e-06
0.223,89.99913943019509,90.0,0.02802544890723733,-0.01509926616014025,-2.9240024047424772e-05,1.9542010050858858e-06,12.000000000013939,0.0001053109413648937,-0.00013236224877435083,-1.1615994182987452e-09,-1.1615994182987452e-09,0.07006362226809332,8.775911780397614e-06
0.2232,89.99914501798754,90.0,0.027852501411096783,-0.015013826502832367,-2.9077674422194614e-05,1.9415121220176345e-06,12.000000000013776,0.0001046574843861887,-0.00013162733277536658,-1.1479821270598148e-09,-1.1479821270598148e-09,0.06963125352774195,8.72145703217238e-06
0.22340000000000002,89.99915057128837,90.0,0.02768053252706696,-0.014928790057869632,-2.891605584759044e-05,1.9289015633012084e-06,12.000000000013614,0.00010400776200674623,-0.00013089572605905138,-1.1345142936362185e-09,-1.1345142936362185e-09,0.06920133131766741,8.667313500552353e-06
0.22360000000000002,89.99915609029284,90.0,0.027509537637005723,-0.01484415583016942,-2.8755166995805366e-05,1.916368885505587e-06,12.000000000013454,0.00010336175618354391,-0.00013016742261475682,-1.1211944499443108e-09,-1.1211944499443108e-09,0.0687738440925143,8.613479681952335e-06
0.2238,89.99916157519529,90.0,0.027339512134165404,-0.014759922814268705,-2.859500651230105e-05,1.9039136473376004e-06,12.000000000013296,0.00010271944892400496,-0.0001294424163108278,-1.1080211392354276e-09,-1.1080211392354276e-09,0.06834878033541351,8.55995407699093e-06
0.224,89.99916702618913,90.0,0.02717045142331182,-0.014676089995200783,-2.843557301783155e-05,1.8915354095841523e-06,12.00000000001314,0.00010208082228606994,-0.00012872070090376423,-1.0949929161234275e-09,-1.0949929161234275e-09,0.06792612855827955,8.506735190496514e-06
0.2242,89.99917244346688,90.0,0.027002350920833057,-0.014592656348647147,-2.8276865108774912e-05,1.879233735112219e-06,12.000000000012985,0.0001014458583785626,-0.00012800227003972184,-1.082108346547508e-09,-1.082108346547508e-09,0.06750587730208264,8.453821531537734e-06
0.22440000000000002,89.9991778272201,90.0,0.02683520605484679,-0.014509620841087381,-2.8118881357460346e-05,1.8670081888688486e-06,12.000000000012832,0.0001008145393615506,-0.00012728711725599334,-1.0693660077340769e-09,-1.0693660077340769e-09,0.06708801513711697,8.401211613453565e-06
0.22460000000000002,89.99918317763945,90.0,0.02666901226530554,-0.014426982429946054,-2.7961620312488924e-05,1.8548583378811628e-06,12.000000000012681,0.00010018684744669941,-0.00012657523598246016,-1.0567644881576094e-09,-1.0567644881576094e-09,0.06667253066326385,8.348903953882795e-06
0.2248,89.99918849491472,90.0,0.02650376500410055,-0.014344740064093094,-2.78050804998809e-05,1.8427837512274652e-06,12.00000000001253,9.956276489745732e-05,-0.00012586661954678598,-1.044302387530106e-09,-1.044302387530106e-09,0.06625941251025137,8.296897074779447e-06
0.225,89.99919377923476,90.0,0.026339459735159648,-0.014262892683625124,-2.7649260422543338e-05,1.830784000066132e-06,12.000000000012385,9.894227402954865e-05,-0.0001251612611720069,-1.0319783167293193e-09,-1.0319783167293193e-09,0.06584864933789913,8.245189502453878e-06
0.2252,89.9991990307875,90.0,0.026176091934547997,-0.014181439220361408,-2.7494158561407793e-05,1.8188586576067226e-06,12.000000000012237,9.832535721114825e-05,-0.00012445915398168138,-1.0197908977861373e-09,-1.0197908977861373e-09,0.06544022983636999,8.193779767587332e-06
0.22540000000000002,89.99920424975997,90.0,0.0260136570905627,-0.014100378597975978,-2.733977337571872e-05,1.8070072991099778e-06,12.000000000012093,9.771199686319961e-05,-0.00012376029100119587,-1.0077387638404446e-09,-1.0077387638404446e-09,0.06503414272640674,8.142666405258429e-06
0.22560000000000002,89.99920943633835,90.0,0.025852150703826283,-0.014019709732483378,-2.718610330414888e-05,1.7952295018589329e-06,12.00000000001195,9.710217545956503e-05,-0.00012306466516281387,-9.958205591250226e-10,-9.958205591250226e-10,0.0646303767595657,8.091847954955695e-06
0.2258,89.99921459070787,90.0,0.025691568287374407,-0.013939431531650642,-2.7033146763405665e-05,1.7835248452166943e-06,12.00000000001181,9.649587552764858e-05,-0.00012237226929936722,-9.840349388613342e-10,-9.840349388613342e-10,0.06422892071843601,8.041322960629468e-06
0.226,89.99921971305285,90.0,0.025531905366750377,-0.013859542895839766,-2.6880902150180213e-05,1.771892910568662e-06,12.000000000011667,9.589307964838579e-05,-0.00012168309615307916,-9.72380569271505e-10,-9.72380569271505e-10,0.06382976341687595,7.991089970691045e-06
0.2262,89.99922480355679,90.0,0.025373157480090006,-0.013780042718126205,-2.6729367841406112e-05,1.7603332813225277e-06,12.00000000001153,9.529377045652877e-05,-0.0001209971383767355,-9.60856127529867e-10,-9.60856127529867e-10,0.06343289370022502,7.941147538036434e-06
0.22640000000000002,89.9992298624022,90.0,0.02521532017820504,-0.013700929884415363,-2.657854219451368e-05,1.7488455429082776e-06,12.000000000011394,9.469793064092685e-05,-0.0001203143885348356,-9.494603017138806e-10,-9.494603017138806e-10,0.0630383004455126,7.891494220069745e-06
0.22660000000000002,89.99923488977079,90.0,0.025058389024665343,-0.013622203273557327,-2.642842354768044e-05,1.7374292827781887e-06,12.000000000011259,9.410554294480265e-05,-0.00011963483910472628,-9.381917907544844e-10,-9.381917907544844e-10,0.06264597256166336,7.842128578726197e-06
0.2268,89.99923988584334,90.0,0.02490235959587973,-0.013543861757459785,-2.6279010220077602e-05,1.726084090406832e-06,12.000000000011124,9.351659016602403e-05,-0.00011895848247771755,-9.270493043858793e-10,-9.270493043858793e-10,0.062255898989699326,7.793049180494778e-06
0.227,89.99924485079974,90.0,0.02474722748117567,-0.013465904201554496,-2.613030051294339e-05,1.7148095572621812e-06,12.000000000010992,9.293105515720786e-05,-0.00011828531096394128,-9.160315631222867e-10,-9.160315631222867e-10,0.06186806870293917,7.744254596426895e-06
0.2272,89.99924978481903,90.0,0.024592988282873176,-0.013388329464900553,-2.5982292709808458e-05,1.7036052768056128e-06,12.00000000001086,9.234892082596835e-05,-0.00011761531679337164,-9.051372982052026e-10,-9.051372982052026e-10,0.06148247070718293,7.695743402157065e-06
0.22740000000000002,89.99925468807935,90.0,0.02443963761635819,-0.013311136400286763,-2.5834985076719387e-05,1.6924708444919055e-06,12.000000000010733,9.17701701351639e-05,-0.00011694849211683675,-8.94365251550282e-10,-8.94365251550282e-10,0.06109909404089547,7.647514177923485e-06
0.22760000000000002,89.99925956075795,90.0,0.02428717111015411,-0.013234323853976306,-2.568837586162627e-05,1.6814058577981315e-06,12.000000000010605,9.119478610330151e-05,-0.0001162848290032465,-8.837141756667237e-10,-8.837141756667237e-10,0.06071792777538528,7.599565508601743e-06
0.2278,89.99926440303125,90.0,0.024135584405996755,-0.01315789066652194,-2.5542463296272298e-05,1.6704099161658758e-06,12.000000000010477,9.062275180446065e-05,-0.00011562431944814622,-8.731828336583232e-10,-8.731828336583232e-10,0.060338961014991886,7.551895983698461e-06
0.228,89.99926921507478,90.0,0.02398487315889973,-0.0130818356732125,-2.5397245597223518e-05,1.6594826209723464e-06,12.000000000010353,9.005405036834903e-05,-0.00011496695537837808,-8.627699991942719e-10,-8.627699991942719e-10,0.059962182897249326,7.504504197355945e-06
0.22820000000000001,89.99927399706318,90.0,0.02383503303721481,-0.013006157703091444,-2.5252720963561253e-05,1.6486235756170443e-06,12.000000000010228,8.948866498099771e-05,-0.00011431272864163531,-8.524744563721904e-10,-8.524744563721904e-10,0.05958758259303702,7.457388748410119e-06
0.22840000000000002,89.99927874917024,90.0,0.02368605972270337,-0.012930855579767114,-2.5108887578760937e-05,1.6378323854639825e-06,12.000000000010107,8.89265788846731e-05,-0.00011366163101496722,-8.422949997170479e-10,-8.422949997170479e-10,0.05921514930675842,7.410548240383183e-06
0.2286,89.99928347156892,90.0,0.023537948910598905,-0.012855928121855278,-2.496574361171318e-05,1.6271086578127984e-06,12.000000000009987,8.836777537792313e-05,-0.00011301365420940123,-8.322304341505278e-10,-8.322304341505278e-10,0.058844872276497255,7.363981281487465e-06
0.2288,89.99928816443125,90.0,0.023390696309663846,-0.0127813741430585,-2.4823287216897058e-05,1.6164520018987517e-06,12.000000000009866,8.781223781576817e-05,-0.00011236878987072744,-8.222795749325239e-10,-8.222795749325239e-10,0.05847674077415962,7.317686484641331e-06
0.229,89.99929282792849,90.0,0.023244297642246347,-0.012707192451890129,-2.468151653372254e-05,1.605862028921615e-06,12.000000000009749,8.725994961005603e-05,-0.0001117270295765218,-8.124412475767177e-10,-8.124412475767177e-10,0.05811074410561587,7.271662467498762e-06
0.22920000000000001,89.99929746223096,90.0,0.023098748644339414,-0.012633381851756872,-2.4540429686710765e-05,1.5953383520456743e-06,12.000000000009631,8.671089422966074e-05,-0.00011108836483696232,-8.02714287793006e-10,-8.02714287793006e-10,0.05774687161084853,7.225907852465929e-06
0.22940000000000002,89.9993020675082,90.0,0.022954045065639434,-0.01255994114175106,-2.440002478733357e-05,1.5848805863419484e-06,12.000000000009518,8.616505520035122e-05,-0.00011045278710315608,-7.930975414807114e-10,-7.930975414807114e-10,0.05738511266409859,7.18042126669024e-06
0.2296,89.99930664392883,90.0,0.02281018266959584,-0.0124868691163647,-2.4260299933334254e-05,1.5744883488170791e-06,12.000000000009404,8.562241610512219e-05,-0.00010982028776406453,-7.835898646426352e-10,-7.835898646426352e-10,0.05702545667398959,7.1352013420879244e-06
0.2298,89.99931119166071,90.0,0.02266715723346367,-0.012414164565918165,-2.4121253209718412e-05,1.5641612583844418e-06,12.00000000000929,8.508296058420691e-05,-0.00010919085815098871,-7.741901233507591e-10,-7.741901233507591e-10,0.056667893083659174,7.090246715345087e-06
0.23,89.99931571087077,90.0,0.022524964548351293,-0.012341826276271554,-2.3982882688068842e-05,1.5538989358930346e-06,12.00000000000918,8.454667233540161e-05,-0.00010856448953446802,-7.648971936603153e-10,-7.648971936603153e-10,0.05631241137087823,7.045556027944745e-06
0.23020000000000002,89.99932020172518,90.0,0.022383600419271666,-0.012269853029606766,-2.3845186428362822e-05,1.543701004069699e-06,12.000000000009068,8.401353511390972e-05,-0.00010794117313250661,-7.557099615998e-10,-7.557099615998e-10,0.05595900104817917,7.001127926153853e-06
0.23040000000000002,89.99932466438922,90.0,0.022243060665184448,-0.012198243603775801,-2.370816247743941e-05,1.5335670875768995e-06,12.00000000000896,8.348353273281153e-05,-0.0001073209001036352,-7.466273230591614e-10,-7.466273230591614e-10,0.05560765166296111,6.956961061062433e-06
0.2306,89.99932909902734,90.0,0.02210334111904569,-0.012126996773080684,-2.3571808870812088e-05,1.5234968129549439e-06,12.000000000008852,8.295664906290315e-05,-0.00010670366155511646,-7.376481837790048e-10,-7.376481837790048e-10,0.05525835279761422,6.9130540885701635e-06
0.2308,89.99933350580316,90.0,0.02196443762784833,-0.01205611130797471,-2.34361236319615e-05,1.5134898086508731e-06,12.000000000008745,8.243286803299668e-05,-0.00010608944853974343,-7.287714592636408e-10,-7.287714592636408e-10,0.054911094069620824,6.8694056694113835e-06
0.231,89.99933788487948,90.0,0.02182634605266646,-0.011985585975479537,-2.3301104773301044e-05,1.5035457049895715e-06,12.00000000000864,8.191217362990498e-05,-0.0001054782520602105,-7.199960747440519e-10,-7.199960747440519e-10,0.05456586513166616,6.826014469153833e-06
0.23120000000000002,89.99934223641829,90.0,0.021689062268694676,-0.011915419539595375,-2.316675029712728e-05,1.4936641341448766e-06,12.000000000008537,8.139454989840978e-05,-0.00010487006307341568,-7.1132096513937e-10,-7.1132096513937e-10,0.05422265567173668,6.78287915819599e-06
0.23140000000000002,89.9993465605807,90.0,0.021552582165282556,-0.011845610760993927,-2.3033058194894624e-05,1.4838447301684695e-06,12.000000000008434,8.08799809415419e-05,-0.00010426487248717732,-7.027450749691059e-10,-7.027450749691059e-10,0.05388145541320639,6.739998411790421e-06
0.2316,89.99935085752708,90.0,0.021416901645972902,-0.011776158396716427,-2.2900026446501152e-05,1.4740871290187641e-06,12.000000000008331,8.036845092087357e-05,-0.00010366267115700111,-6.942673582668596e-10,-6.942673582668596e-10,0.05354225411493225,6.697370910068148e-06
0.2318,89.99935512741692,90.0,0.021282016628543517,-0.011707061201653102,-2.2767653023738326e-05,1.4643909684453479e-06,12.000000000008232,7.985994405600286e-05,-0.00010306344990169614,-6.858867786135383e-10,-6.858867786135383e-10,0.05320504157135879,6.654995337995673e-06
0.232,89.99935937040891,90.0,0.021147923045031443,-0.011638317927155934,-2.263593588704257e-05,1.4547558881045415e-06,12.000000000008132,7.935444462529126e-05,-0.00010246719948867007,-6.77602308977236e-10,-6.77602308977236e-10,0.05286980761257862,6.612870385436457e-06
0.23220000000000002,89.99936358666093,90.0,0.021014616841773887,-0.01156992732216159,-2.250487298811168e-05,1.44518152947273e-06,12.000000000008033,7.885193696550912e-05,-0.00010187391064577305,-6.694129317220857e-10,-6.694129317220857e-10,0.052536542104434716,6.570994747121361e-06
0.23240000000000002,89.99936777633006,90.0,0.02088209397943574,-0.01150188813287461,-2.237446226915824e-05,1.43566753587525e-06,12.000000000007937,7.835240547209229e-05,-0.00010128357405791797,-6.613176385202856e-10,-6.613176385202856e-10,0.052205234948589356,6.529367122670039e-06
0.2326,89.99937193957255,90.0,0.020750350433040958,-0.011434199103166447,-2.224470166383568e-05,1.4262135524575035e-06,12.00000000000784,7.785583459908341e-05,-0.00010069618037127263,-6.533154303116791e-10,-6.533154303116791e-10,0.05187587608260239,6.487986216586045e-06
0.2328,89.99937607654388,90.0,0.020619382191999273,-0.011366858974612822,-2.211558909731987e-05,1.4168192261849547e-06,12.000000000007745,7.736220885922188e-05,-0.00010011172019362905,-6.454053172392093e-10,-6.454053172392093e-10,0.05154845547999818,6.446850738264329e-06
0.233,89.9993801873987,90.0,0.02048918526013254,-0.011299866486530454,-2.1987122486389278e-05,1.4074842058431318e-06,12.00000000000765,7.687151282403227e-05,-9.953018409476629e-05,-6.375863185845202e-10,-6.375863185845202e-10,0.05122296315033134,6.405959401998605e-06
0.23320000000000002,89.99938427229088,90.0,0.02035975565570063,-0.01123322037565798,-2.1859299738673405e-05,1.398208142066516e-06,12.000000000007558,7.638373112407548e-05,-9.895156260304834e-05,-6.298574626811339e-10,-6.298574626811339e-10,0.05089938913925157,6.365310927002281e-06
0.23340000000000002,89.9993883313735,90.0,0.02023108941143093,-0.011166919377618226,-2.1732118756064984e-05,1.3889906872229826e-06,12.000000000007468,7.589884844839178e-05,-9.83758462208703e-05,-6.222177869412904e-10,-6.222177869412904e-10,0.05057772352857734,6.324904037362046e-06
0.2336,89.99939236479881,90.0,0.020103182574531118,-0.011100962225514922,-2.1605577431436546e-05,1.3798314955293606e-06,12.000000000007375,7.541684954519973e-05,-9.780302540979508e-05,-6.146663376992773e-10,-6.146663376992773e-10,0.05025795643632779,6.284737462096114e-06
0.2338,89.99939637271832,90.0,0.01997603120671822,-0.011035347650683876,-2.1479673650390264e-05,1.3707302229936518e-06,12.000000000007287,7.493771922166606e-05,-9.723309059847445e-05,-6.072021701932393e-10,-6.072021701932393e-10,0.04994007801679555,6.244809935135047e-06
0.234,89.9994003552827,90.0,0.019849631384238616,-0.010970074382720865,-2.1354405291318836e-05,1.3616865274150323e-06,12.000000000007198,7.44614423439727e-05,-9.666603218292478e-05,-5.998243485004287e-10,-5.998243485004287e-10,0.049624078460596535,6.205120195327336e-06
0.23420000000000002,89.99940431264191,90.0,0.0197239791978883,-0.010905141150220475,-2.1229770227128394e-05,1.3527000683260713e-06,12.000000000007109,7.398800383705685e-05,-9.610184053432607e-05,-5.925319455164775e-10,-5.925319455164775e-10,0.04930994799472074,6.165666986417751e-06
0.23440000000000003,89.99940824494507,90.0,0.0195990707530241,-0.010840546679725952,-2.1105766322781e-05,1.3437705070794021e-06,12.000000000007024,7.351738868514084e-05,-9.554050598789755e-05,-5.853240428235983e-10,-5.853240428235983e-10,0.04899767688256025,6.1264490570914845e-06
0.2346,89.99941215234053,90.0,0.019474902169587333,-0.01077628969647279,-2.0982391437027916e-05,1.3348975067899414e-06,12.000000000006938,7.304958193148359e-05,-9.498201885074366e-05,-5.781997306709254e-10,-5.781997306709254e-10,0.04868725542396834,6.087465160953446e-06
0.2348,89.9994160349759,90.0,0.01935146958211869,-0.010712368925120022,-2.0859643424116038e-05,1.3260807322771099e-06,12.000000000006853,7.258456867810245e-05,-9.442636940957878e-05,-5.711581079524607e-10,-5.711581079524607e-10,0.04837867395529672,6.048714056505083e-06
0.23500000000000001,89.99941989299796,90.0,0.01922876913976497,-0.010648783088338592,-2.0737520130486253e-05,1.3173198501803914e-06,12.000000000006771,7.212233408645219e-05,-9.38735479157814e-05,-5.641982820548953e-10,-5.641982820548953e-10,0.048071922849412425,6.010194507200957e-06
0.23520000000000002,89.99942372655278,90.0,0.019106797006301884,-0.010585530908264211,-2.0616019398165102e-05,1.3086145288437742e-06,12.000000000006688,7.166286337684527e-05,-9.332354460074738e-05,-5.573193688802132e-10,-5.573193688802132e-10,0.04776699251575471,5.9719052814004445e-06
0.2354,89.99942753578563,90.0,0.018985549360140117,-0.010522611105795339,-2.0495139063122203e-05,1.2999644383735299e-06,12.000000000006606,7.120614182880046e-05,-9.277634966845442e-05,-5.505204927372261e-10,-5.505204927372261e-10,0.04746387340035029,5.9338451523967716e-06
0.2356,89.99943132084103,90.0,0.0188650223943395,-0.010460022400968216,-2.0374876956144006e-05,1.2913692506093236e-06,12.000000000006526,7.075215478092636e-05,-9.223195329941732e-05,-5.438007862986663e-10,-5.438007862986663e-10,0.04716255598584875,5.896012898407324e-06
0.2358,89.99943508186274,90.0,0.018745212316619124,-0.010397763513681529,-2.0255230904525726e-05,1.2828286390664352e-06,12.000000000006445,7.030088763062733e-05,-9.169034565834691e-05,-5.371593905781135e-10,-5.371593905781135e-10,0.04686303079154781,5.858407302549131e-06
0.23600000000000002,89.99943881899375,90.0,0.018626115349358593,-0.01033583316227707,-2.0136198728752887e-05,1.2743422790513177e-06,12.000000000006366,6.985232583476388e-05,-9.11515168791283e-05,-5.305954547808726e-10,-5.305954547808726e-10,0.046565288373396484,5.821027152893902e-06
0.23620000000000002,89.9994425323763,90.0,0.018507727729616164,-0.010274230064986171,-2.0017778245878946e-05,1.2659098475460382e-06,12.000000000006288,6.940645490905744e-05,-9.061545708011047e-05,-5.241081363242517e-10,-5.241081363242517e-10,0.04626931932404041,5.783871242418422e-06
0.2364,89.99944622215192,90.0,0.018390045709129832,-0.010212952939575928,-1.9899967268697962e-05,1.2575310232371675e-06,12.000000000006214,6.896326042825808e-05,-9.008215636036115e-05,-5.176966007512862e-10,-5.176966007512862e-10,0.04597511427282458,5.746938369018531e-06
0.2366,89.99944988846131,90.0,0.01827306555432282,-0.010152000503356871,-1.9782763605761374e-05,1.24920548651578e-06,12.000000000006136,6.852272802616295e-05,-8.955160479974285e-05,-5.113600216663392e-10,-5.113600216663392e-10,0.045682663885807044,5.710227335510659e-06
0.2368,89.99945353144452,90.0,0.018156783546308744,-0.010091371473545455,-1.9666165062224286e-05,1.2409329194485655e-06,12.000000000006061,6.808484339546959e-05,-8.902379246274369e-05,-5.050975806911358e-10,-5.050975806911358e-10,0.04539195886577185,5.6737369496196e-06
0.23700000000000002,89.99945715124078,90.0,0.018041195980892738,-0.010031064566910344,-1.9550169439018352e-05,1.2327130058067158e-06,12.000000000005986,6.764959228794374e-05,-8.849870939473328e-05,-4.989084673799946e-10,-4.989084673799946e-10,0.045102989952231845,5.637466023992499e-06
0.23720000000000002,89.9994607479886,90.0,0.01792629916857654,-0.009971078500134806,-1.9434774533697836e-05,1.224545431037038e-06,12.000000000005913,6.721696051427244e-05,-8.797634562579269e-05,-4.927918791763315e-10,-4.927918791763315e-10,0.044815747921441364,5.6014133761866095e-06
0.2374,89.99946432182578,90.0,0.017812089434559635,-0.009911411989463006,-1.931997813961249e-05,1.2164298822908428e-06,12.00000000000584,6.678693394423184e-05,-8.745669116697013e-05,-4.867470213288896e-10,-4.867470213288896e-10,0.0445302235863991,5.565577828683278e-06
0.2376,89.99946787288937,90.0,0.01769856311874402,-0.009852063752127771,-1.920577804924442e-05,1.2083660483083848e-06,12.00000000000577,6.635949850604708e-05,-8.693973602538627e-05,-4.807731069074978e-10,-4.807731069074978e-10,0.04424640779686004,5.529958208834597e-06
0.2378,89.99947140131567,90.0,0.01758571657572328,-0.009793032504558995,-1.909217205002194e-05,1.200353619563313e-06,12.000000000005699,6.593464018717584e-05,-8.642547018528452e-05,-4.748693566392935e-10,-4.748693566392935e-10,0.0439642914393082,5.49455334892871e-06
0.23800000000000002,89.9994749072403,90.0,0.01747354617479143,-0.009734316963817012,-1.8979157927668717e-05,1.1923922881471103e-06,12.000000000005627,6.551234503368174e-05,-8.591388362319174e-05,-4.690349989252897e-10,-4.690349989252897e-10,0.043683865436978574,5.459362086137585e-06
0.23820000000000002,89.9994783907981,90.0,0.017362048299935946,-0.00967591584722765,-1.8866733465352038e-05,1.1844817477979834e-06,12.00000000000556,6.509259915037504e-05,-8.540496630406272e-05,-4.632692697565889e-10,-4.632692697565889e-10,0.04340512074983986,5.4243832625287406e-06
0.2384,89.99948185212324,90.0,0.017251219349834722,-0.009617827872377957,-1.875489644367352e-05,1.1766216939008637e-06,12.00000000000549,6.467538870080247e-05,-8.489870818123817e-05,-4.575714126512554e-10,-4.575714126512554e-10,0.0431280483745868,5.389615725064407e-06
0.2386,89.99948529134913,90.0,0.01714105573785295,-0.009560051757467124,-1.8643644641490153e-05,1.1688118234585162e-06,12.000000000005423,6.426069990707254e-05,-8.43950992001612e-05,-4.5194067861056045e-10,-4.5194067861056045e-10,0.042852639344632376,5.3550583255869575e-06
0.2388,89.99948870860848,90.0,0.017031553892036283,-0.009502586221296933,-1.853297583589347e-05,1.1610518350915408e-06,12.000000000005357,6.384851904983263e-05,-8.38941292982832e-05,-4.4637632605568045e-10,-4.4637632605568045e-10,0.04257888473009071,5.320709920817011e-06
0.23900000000000002,89.9994921040333,90.0,0.016922710255103862,-0.00944542998255148,-1.842288780052715e-05,1.1533414290961506e-06,12.00000000000529,6.343883246857377e-05,-8.3395788397448e-05,-4.408776207273333e-10,-4.408776207273333e-10,0.042306775637759655,5.286569372378817e-06
0.23920000000000002,89.99949547775486,90.0,0.016814521284449747,-0.009388581761220267,-1.8313378308913678e-05,1.1456803073286138e-06,12.000000000005226,6.303162656097894e-05,-8.29000664189508e-05,-4.3544383569978184e-10,-4.3544383569978184e-10,0.04203630321112437,5.252635546745957e-06
0.2394,89.99949882990374,90.0,0.016706983452127837,-0.00933204027786658,-1.8204445132747177e-05,1.1380681732630325e-06,12.000000000005162,6.262688778320083e-05,-8.240695327581028e-05,-4.3007425127978536e-10,-4.3007425127978536e-10,0.0417674586303196,5.218907315264491e-06
0.2396,89.99950216060985,90.0,0.016600093244845505,-0.009275804253973903,-1.8096086042704673e-05,1.130504731962453e-06,12.000000000005098,6.222460264967607e-05,-8.191643887644092e-05,-4.24768154963404e-10,-4.24768154963404e-10,0.04150023311211376,5.18538355413747e-06
0.2398,89.99950547000232,90.0,0.01649384716395292,-0.009219872411575725,-1.798829880758293e-05,1.1229896901077557e-06,12.000000000005034,6.182475773325365e-05,-8.142851312074578e-05,-4.195248413555885e-10,-4.195248413555885e-10,0.041234617909882296,5.152063144435643e-06
0.24000000000000002,89.99950875820966,90.0,0.016388241725436892,-0.009164243473957487,-1.7881081195940807e-05,1.1155227559398762e-06,12.000000000004972,6.142733966484594e-05,-8.094316590755099e-05,-4.1434361214575437e-10,-4.1434361214575437e-10,0.040970604313592236,5.118944972068374e-06
0.24020000000000002,89.99951202535964,90.0,0.016283273459906388,-0.009108916165281068,-1.7774430975224546e-05,1.1081036392886936e-06,12.00000000000491,6.1032335133544106e-05,-8.04603871306461e-05,-4.092237760275236e-10,-4.092237760275236e-10,0.04070818364976597,5.086027927793261e-06
0.2404,89.99951527157934,90.0,0.01617893891258269,-0.009053889210571093,-1.7668345911737826e-05,1.1007320515730316e-06,12.00000000000485,6.063973088658507e-05,-7.99801666786486e-05,-4.0416464863795914e-10,-4.0416464863795914e-10,0.04044734728145673,5.0533109072133806e-06
0.2406,89.99951849699517,90.0,0.01607523464328937,-0.008999161336411411,-1.7562823772272264e-05,1.0934077057428778e-06,12.000000000004789,6.024951372898963e-05,-7.950249444238474e-05,-3.9916555253278915e-10,-3.9916555253278915e-10,0.04018808660822343,5.0207928107471324e-06
0.24080000000000001,89.99952170173285,90.0,0.015972157226434525,-0.008944731270209824,-1.745786232239223e-05,1.0861303163371656e-06,12.00000000000473,5.9861670523830844e-05,-7.902736030712532e-05,-3.942258170892782e-10,-3.942258170892782e-10,0.039930393066086305,4.988472543650604e-06
0.24100000000000002,89.99952488591738,90.0,0.0158697032510013,-0.008890597740895335,-1.7353459328066998e-05,1.0788995994259916e-06,12.000000000004672,5.947618819187415e-05,-7.855475415997407e-05,-3.8934477848193396e-10,-3.8934477848193396e-10,0.03967425812750325,4.956349015987583e-06
0.2412,89.99952804967316,90.0,0.01576786932053063,-0.008836759478538805,-1.724961255478763e-05,1.0717152726395069e-06,12.000000000004615,5.9093053711683306e-05,-7.808466588586993e-05,-3.8452177960423187e-10,-3.8452177960423187e-10,0.03941967330132658,4.924421142638381e-06
0.2414,89.9995311931238,90.0,0.015666652053107945,-0.00878321521433438,-1.7146319767526417e-05,1.0645770551679175e-06,12.000000000004558,5.871225411957573e-05,-7.761708536740355e-05,-3.797561700091724e-10,-3.797561700091724e-10,0.03916663013276986,4.892687843296119e-06
0.2416,89.99953431639234,90.0,0.015566048081350528,-0.008729963681647683,-1.704357873319013e-05,1.0574846676748142e-06,12.000000000004501,5.8333776509087816e-05,-7.715200249592241e-05,-3.7504730590200293e-10,-3.7504730590200293e-10,0.03891512020337632,4.8611480424221616e-06
0.24180000000000001,89.99953741960108,90.0,0.015466054052382465,-0.008677003614559704,-1.694138721722128e-05,1.0504378324127316e-06,12.000000000004444,5.795760803154701e-05,-7.668940715614571e-05,-3.703945500104969e-10,-3.703945500104969e-10,0.038665135130956166,4.829800669293795e-06
0.24200000000000002,89.9995405028717,90.0,0.01536666662782668,-0.008624333749276812,-1.683974298689621e-05,1.0434362731075893e-06,12.00000000000439,5.7583735895388694e-05,-7.622928924109396e-05,-3.657972715958953e-10,-3.657972715958953e-10,0.0384166665695667,4.798644657947303e-06
0.2422,89.99954356632516,90.0,0.015267882483780368,-0.008571952823385867,-1.673864380958901e-05,1.0364797150164713e-06,12.000000000004334,5.721214736640185e-05,-7.577163864423009e-05,-3.612548463588229e-10,-3.612548463588229e-10,0.03816970620945092,4.767678947198432e-06
0.2424,89.99954661008181,90.0,0.015169698310799376,-0.008519859576187727,-1.6638087453554542e-05,1.0295678848987363e-06,12.000000000004281,5.6842829767512366e-05,-7.53164452630041e-05,-3.5676665639813147e-10,-3.5676665639813147e-10,0.03792424577699844,4.73690248062434e-06
0.2426,89.99954963426129,90.0,0.015072110813878525,-0.008468052748314463,-1.6538071687037833e-05,1.0227005110449076e-06,12.000000000004228,5.647577047888102e-05,-7.486369899482147e-05,-3.523320901358403e-10,-3.523320901358403e-10,0.037680277034696306,4.70631420657176e-06
0.24280000000000002,89.99955263898262,90.0,0.014975116712436348,-0.008416531082773883,-1.6438594280719298e-05,1.0158773231900034e-06,12.000000000004174,5.611095693735997e-05,-7.441338974811206e-05,-3.479505423098206e-10,-3.479505423098206e-10,0.03743779178109088,4.675913078111704e-06
0.24300000000000002,89.99955562436415,90.0,0.014878712740287908,-0.00836529332420103,-1.6339653005970735e-05,1.0090980525713158e-06,12.000000000004125,5.574837663672948e-05,-7.396550743443544e-05,-3.43621413881692e-10,-3.43621413881692e-10,0.03719678185071977,4.645698053059193e-06
0.2432,89.99955859052358,90.0,0.014782895645626295,-0.008314338218832353,-1.624124563479893e-05,1.0023624319284126e-06,12.000000000004071,5.538801712763577e-05,-7.352004196822562e-05,-3.393441119799333e-10,-3.393441119799333e-10,0.03695723911406574,4.6156680939680815e-06
0.2434,89.99956153757797,90.0,0.014687662191004014,-0.008263664515190259,-1.6143369941450094e-05,9.956701954453558e-07,12.000000000004022,5.502986601720026e-05,-7.307698327405394e-05,-3.3511804987591875e-10,-3.3511804987591875e-10,0.036719155477510035,4.585822168098485e-06
0.2436,89.99956446564372,90.0,0.014593009153307095,-0.008213270963691684,-1.6046023701500325e-05,9.890210787795922e-07,12.000000000003972,5.467391096909664e-05,-7.263632128251177e-05,-3.3094264691011947e-10,-3.3094264691011947e-10,0.03648252288326773,4.556159247423212e-06
0.24380000000000002,89.99956737483659,90.0,0.01449893332373326,-0.008163156316617622,-1.5949204691789095e-05,9.824148190619532e-07,12.000000000003922,5.4320139703477466e-05,-7.21980459299095e-05,-3.268173284357904e-10,-3.268173284357904e-10,0.03624733330933315,4.5266783086216424e-06
0.24400000000000002,89.99957026527171,90.0,0.014405431507770614,-0.008113319328438635,-1.585291069118487e-05,9.758511548677652e-07,12.000000000003872,5.396853999673846e-05,-7.176214716174222e-05,-3.227415257790889e-10,-3.227415257790889e-10,0.036013578769426534,4.497378333060087e-06
0.2442,89.99957313706355,90.0,0.014312500525172595,-0.008063758755424612,-1.5757139479678202e-05,9.693298262457393e-07,12.000000000003824,5.361909968159834e-05,-7.132861492858446e-05,-3.187146761670745e-10,-3.187146761670745e-10,0.035781251312931486,4.468258306798437e-06
0.2444,89.99957599032598,90.0,0.014220137209937308,-0.00801447335668172,-1.5661888840810386e-05,9.628505746313017e-07,12.000000000003777,5.32718066465372e-05,-7.089743919708407e-05,-3.147362227200418e-10,-3.147362227200418e-10,0.03555034302484327,4.43931722054337e-06
0.2446,89.99957882517221,90.0,0.014128338410275129,-0.007965461893041354,-1.5567156559083076e-05,9.56413142933263e-07,12.00000000000373,5.292664883617976e-05,-7.046860993823615e-05,-3.1080561434779936e-10,-3.1080561434779936e-10,0.035320846025687816,4.410554069680276e-06
0.24480000000000002,89.9995816417148,90.0,0.014037100988588984,-0.007916723127387892,-1.5472940420728707e-05,9.500172755049291e-07,12.000000000003684,5.2583614251065025e-05,-7.00421171308707e-05,-3.069223057113739e-10,-3.069223057113739e-10,0.035092752471472456,4.381967854254074e-06
0.24500000000000002,89.99958444006575,90.0,0.013946421821450722,-0.00786825582533622,-1.5379238215299614e-05,9.436627180863207e-07,12.000000000003638,5.224269094723873e-05,-6.9617950768846e-05,-3.0308575719964995e-10,-3.0308575719964995e-10,0.0348660545536268,4.353557578935241e-06
0.2452,89.9995872203364,90.0,0.013856297799569987,-0.00782005875483303,-1.528604773474264e-05,9.373492178330634e-07,12.000000000003592,5.190386703631275e-05,-6.91961008568597e-05,-2.9929543485872145e-10,-2.9929543485872145e-10,0.034640744498924965,4.325322253024768e-06
0.2454,89.99958998263745,90.0,0.013766725827767372,-0.007772130686119306,-1.519336677331722e-05,9.310765233163876e-07,12.000000000003546,5.1567130685374844e-05,-6.877655741007795e-05,-2.9555081033788567e-10,-2.9555081033788567e-10,0.03441681456941843,4.297260890446634e-06
0.2456,89.99959272707902,90.0,0.0136777028249483,-0.00772447039169387,-1.510119312751584e-05,9.248443845231289e-07,12.000000000003503,5.1232470116900886e-05,-6.835931045377541e-05,-2.918513608361647e-10,-2.918513608361647e-10,0.03419425706237075,4.269372509740494e-06
0.24580000000000002,89.99959545377058,90.0,0.01358922572407706,-0.007677076646632398,-1.5009524596815432e-05,9.186525528268378e-07,12.000000000003459,5.089987360850349e-05,-6.794435002673653e-05,-2.8819656906431777e-10,-2.8819656906431777e-10,0.03397306431019265,4.241656134040735e-06
0.24600000000000002,89.99959816282102,90.0,0.013501291472147407,-0.007629948228546375,-1.4918358983587772e-05,9.125007809877799e-07,12.000000000003414,5.056932949283318e-05,-6.753166618085e-05,-2.8458592319153765e-10,-2.8458592319153765e-10,0.033753228680368515,4.214110791068233e-06
0.2462,89.99960085433858,90.0,0.013413897030153445,-0.0075830839171871535,-1.4827694092180164e-05,9.063888231818256e-07,12.000000000003372,5.024082615764459e-05,-6.712124897694725e-05,-2.810189167778199e-10,-2.810189167778199e-10,0.033534742575383615,4.186735513135873e-06
0.2464,89.99960352843097,90.0,0.013327039373065107,-0.007536482495832831,-1.4737527732162994e-05,9.003164348848908e-07,12.000000000003329,4.991435204505772e-05,-6.671308849950327e-05,-2.774950487813645e-10,-2.774950487813645e-10,0.03331759843266277,4.159529337086989e-06
0.2466,89.99960618520518,90.0,0.013240715489787896,-0.007490142749100369,-1.4647857713223554e-05,8.942833730462759e-07,12.000000000003288,4.958989565240709e-05,-6.630717483352227e-05,-2.740138234166151e-10,-2.740138234166151e-10,0.03310178872446974,4.132491304366125e-06
0.24680000000000002,89.99960882476772,90.0,0.013154922383147432,-0.007444063465410955,-1.4558681850932981e-05,8.882893958864369e-07,12.000000000003247,4.926744553104122e-05,-6.590349809064313e-05,-2.705747502070801e-10,-2.705747502070801e-10,0.032887305957868575,4.10562046091899e-06
0.24700000000000003,89.99961144722441,90.0,0.013069657069845935,-0.007398243435152866,-1.4469997962460745e-05,8.823342630414349e-07,12.000000000003206,4.8946990286996755e-05,-6.550204838974001e-05,-2.671773438591782e-10,-2.671773438591782e-10,0.03267414267461484,4.07891585724864e-06
0.2472,89.99961405268053,90.0,0.01298491658043972,-0.007352681451715862,-1.438180386899778e-05,8.764177354762659e-07,12.000000000003165,4.862851858043055e-05,-6.510281586789119e-05,-2.6382112425577177e-10,-2.6382112425577177e-10,0.0324622914510993,4.052376548368144e-06
0.2474,89.99961664124076,90.0,0.012900697959304836,-0.007307376311443199,-1.4294097395651688e-05,8.705395754848614e-07,12.000000000003126,4.831201912550424e-05,-6.470579067990477e-05,-2.605056164048016e-10,-2.605056164048016e-10,0.03225174489826209,4.0260015937909715e-06
0.24760000000000001,89.99961921300915,90.0,0.012816998264603157,-0.00726232681287376,-1.4206876369682335e-05,8.646995467478676e-07,12.000000000003087,4.799748069059826e-05,-6.431096299033156e-05,-2.5723035036011867e-10,-2.5723035036011867e-10,0.032042495661507894,3.999790057548826e-06
0.24780000000000002,89.99962176808923,90.0,0.012733814568257368,-0.00721753175777293,-1.4120138622917245e-05,8.588974142459766e-07,12.000000000003048,4.768489209773569e-05,-6.391832298439905e-05,-2.5399486121487614e-10,-2.5399486121487614e-10,0.03183453642064342,3.973741008143632e-06
0.248,89.99962430658387,90.0,0.012651143955913963,-0.007172989950725667,-1.4033881990808295e-05,8.531329442888152e-07,12.00000000000301,4.737424222262183e-05,-6.352786086374126e-05,-2.5079868903692846e-10,-2.5079868903692846e-10,0.03162785988978491,3.947853518550829e-06
0.2482,89.99962682859542,90.0,0.012568983526910982,-0.007128700199091447,-1.394810431233335e-05,8.474059045149456e-07,12.000000000002972,4.706551999453579e-05,-6.313956684595344e-05,-2.4764137881948457e-10,-2.4764137881948457e-10,0.03142245881727746,3.922126666210345e-06
0.2484,89.99962933422562,90.0,0.01248733039424612,-0.007084661313315007,-1.3862803430729612e-05,8.417160638629755e-07,12.000000000002935,4.675871439605923e-05,-6.275343116791183e-05,-2.445224804460361e-10,-2.445224804460361e-10,0.0312183259856153,3.896559533003983e-06
0.24860000000000002,89.99963182357564,90.0,0.012406181684541554,-0.007040872106521975,-1.3777977192555896e-05,8.360631926004478e-07,12.000000000002897,4.645381446312213e-05,-6.236944408152875e-05,-2.41441548627559e-10,-2.41441548627559e-10,0.03101545421135389,3.871151205259243e-06
0.24880000000000002,89.99963429674608,90.0,0.01232553453801318,-0.006997331394831176,-1.3693623448429385e-05,8.304470622949505e-07,12.00000000000286,4.615080928473535e-05,-6.198759585708775e-05,-2.383981428682522e-10,-2.383981428682522e-10,0.030813836345032954,3.84590077372703e-06
0.249,89.99963675383698,90.0,0.01224538610843635,-0.006954037997662066,-1.3609740053751775e-05,8.248674457852273e-07,12.000000000002824,4.5849688002711416e-05,-6.160787678653068e-05,-2.3539182743093784e-10,-2.3539182743093784e-10,0.03061346527109088,3.8208073335583854e-06
0.2492,89.99963919494779,90.0,0.012165733563108154,-0.006910990737326799,-1.3526324867763752e-05,8.193241172100672e-07,12.000000000002789,4.5550439811701675e-05,-6.123027717917749e-05,-2.3242217127527387e-10,-2.3242217127527387e-10,0.03041433390777038,3.7958699843075906e-06
0.2494,89.9996416201774,90.0,0.012086574082814015,-0.006868188438983587,-1.344337575344319e-05,8.138168520083044e-07,12.000000000002753,4.5253053959084144e-05,-6.085478736126548e-05,-2.2948874801060888e-10,-2.2948874801060888e-10,0.030216435207035038,3.7710878299228136e-06
0.24960000000000002,89.99964402962414,90.0,0.012007904861795425,-0.006825629930946903,-1.33608905782373e-05,8.083454268899287e-07,12.000000000002718,4.495751974469086e-05,-6.04813976792635e-05,-2.265911358626144e-10,-2.265911358626144e-10,0.03001976215448856,3.7464599787233898e-06
0.24980000000000002,89.9996464233858,90.0,0.011929723107713688,-0.006783314044992161,-1.3278867214782787e-05,8.029096198071955e-07,12.000000000002686,4.4663826520522016e-05,-6.011009850313197e-05,-2.237289176395646e-10,-2.237289176395646e-10,0.029824307769284224,3.7219855433760016e-06
0.25,89.99964880155959,90.0,0.011852026041610269,-0.006741239615589787,-1.3197303539123804e-05,7.975092100124055e-07,12.00000000000265,4.4371963690940727e-05,-5.974088021825591e-05,-2.2090168065905873e-10,-2.2090168065905873e-10,0.029630065104025678,3.6976636409109107e-06
0.25020000000000003,89.99965116424215,90.0,0.011774810897875881,-0.00669940548021733,-1.3116197431448285e-05,7.921439780290145e-07,12.000000000002618,4.408192071240509e-05,-5.937373322877825e-05,-2.1810901671582694e-10,-2.1810901671582694e-10,0.029437027244689704,3.6734933926996223e-06
0.2504,89.9996535115296,90.0,0.011698074924216135,-0.00665781048002205,-1.3035546777644423e-05,7.868137055938545e-07,12.000000000002583,4.379368709302459e-05,-5.9008647964645544e-05,-2.153505220621311e-10,-2.153505220621311e-10,0.029245187310540342,3.6494739244179305e-06
0.2506,89.99965584351753,90.0,0.011621815381609455,-0.006616453459406875,-1.2955349468341778e-05,7.815181756860225e-07,12.00000000000255,4.350725239258265e-05,-5.864561487726731e-05,-2.1262579734857724e-10,-2.1262579734857724e-10,0.029054538454023636,3.6256043660477837e-06
0.2508,89.99965816030092,90.0,0.011546029544269898,-0.006575333265623234,-1.2875603397967438e-05,7.762571725557716e-07,12.000000000002519,4.3222606222575733e-05,-5.828462443524355e-05,-2.0993444756622657e-10,-2.0993444756622657e-10,0.02886507386067474,3.601883851880555e-06
0.251,89.99966046197424,90.0,0.011470714699614424,-0.006534448749080612,-1.2796306465476781e-05,7.710304816956199e-07,12.000000000002487,4.2939738245939244e-05,-5.7925667127672676e-05,-2.0727608201526307e-10,-2.0727608201526307e-10,0.02867678674903606,3.5783115204941954e-06
0.25120000000000003,89.99966274863144,90.0,0.011395868148226773,-0.00649379876365138,-1.2717456575073939e-05,7.658378898114614e-07,12.000000000002455,4.2658638176762e-05,-5.75687334674129e-05,-2.046503142733595e-10,-2.046503142733595e-10,0.02848967037056693,3.55488651472944e-06
0.2514,89.9996650203659,90.0,0.011321487203817803,-0.006453382166615444,-1.2639051636090957e-05,7.606791848225657e-07,12.000000000002425,4.237929578015297e-05,-5.72138139905352e-05,-2.0205676215125463e-10,-2.0205676215125463e-10,0.028303718009544506,3.5316079816787006e-06
0.2516,89.99966727727046,90.0,0.011247569193186516,-0.006413197818605793,-1.2561089562868934e-05,7.555541558615781e-07,12.000000000002395,4.2101700872110195e-05,-5.68608992557853e-05,-1.9949504764881568e-10,-1.9949504764881568e-10,0.028118922982966293,3.5084750726751494e-06
0.2518,89.99966951943746,90.0,0.011174111456181518,-0.00637324458319944,-1.2483568273810032e-05,7.504625933034093e-07,12.000000000002363,4.1825843319555275e-05,-5.650997984029233e-05,-1.9696479689923573e-10,-1.9696479689923573e-10,0.0279352786404538,3.4854869432955866e-06
0.252,89.99967174695867,90.0,0.01110111134566753,-0.006333521327581193,-1.2406485692936515e-05,7.454042887074559e-07,12.000000000002334,4.1551713039892764e-05,-5.61610463466262e-05,-1.94465640151223e-10,-1.94465640151223e-10,0.027752778364168822,3.4626427533237234e-06
0.25220000000000004,89.99967395992537,90.0,0.011028566227483891,-0.006294026922485728,-1.2329839749764288e-05,7.403790348176001e-07,12.000000000002304,4.127930000087056e-05,-5.581408940222518e-05,-1.9199721172578508e-10,-1.9199721172578508e-10,0.027571415568709727,3.439941666738553e-06
0.2524,89.99967615842829,90.0,0.010956473480403944,-0.006254760241430311,-1.225362837751792e-05,7.353866256199902e-07,12.000000000002274,4.100859422077155e-05,-5.546909965131569e-05,-1.8955914994932625e-10,-1.8955914994932625e-10,0.02739118370100986,3.417382851730315e-06
0.2526,89.99967834255764,90.0,0.010884830496103243,-0.006215720162091526,-1.217784951635607e-05,7.304268562274794e-07,12.000000000002245,4.073958576765047e-05,-5.512606776951308e-05,-1.8715109716074748e-10,-1.8715109716074748e-10,0.027212076240258107,3.394965480636904e-06
0.2528,89.99968051240313,90.0,0.010813634679111792,-0.006176905565172749,-1.2102501110734163e-05,7.254995229662978e-07,12.000000000002217,4.047226475966555e-05,-5.4784984451883046e-05,-1.8477269963253014e-10,-1.8477269963253014e-10,0.027034086697779482,3.3726887299715057e-06
0.253,89.99968266805391,90.0,0.010742883446779487,-0.006138315334711181,-1.2027581110129656e-05,7.2060442334716e-07,12.000000000002188,4.0206621364798245e-05,-5.444584041622479e-05,-1.8242360754191502e-10,-1.8242360754191502e-10,0.02685720861694872,3.3505517803992428e-06
0.25320000000000004,89.99968480959865,90.0,0.010672574229237999,-0.006099948358379883,-1.1953087469756385e-05,7.157413560363778e-07,12.00000000000216,3.9942645800561056e-05,-5.410862640630463e-05,-1.801034749417935e-10,-1.801034749417935e-10,0.026681435573094995,3.3285538167128222e-06
0.2534,89.9996869371255,90.0,0.01060270446935892,-0.006061803527429365,-1.1879018150437048e-05,7.109101208558577e-07,12.000000000002135,3.9680328333856854e-05,-5.377333319127882e-05,-1.7781195971962056e-10,-1.7781195971962056e-10,0.026506761173397304,3.306694027820816e-06
0.2536,89.9996890507221,90.0,0.010533271622712961,-0.006023879736275302,-1.18053711176482e-05,7.061105188119924e-07,12.000000000002107,3.94196592810057e-05,-5.343995156137046e-05,-1.7554872354519184e-10,-1.7554872354519184e-10,0.026333179056782403,3.284971606749898e-06
0.2538,89.99969115047558,90.0,0.010464273157533677,-0.005986175883158471,-1.1732144343070898e-05,7.013423520378809e-07,12.000000000002078,3.9160629007294877e-05,-5.310847233488884e-05,-1.733134318542004e-10,-1.733134318542004e-10,0.026160682893834192,3.263385750607341e-06
0.254,89.99969323647255,90.0,0.010395706554673607,-0.005948690869728213,-1.1659335803626406e-05,6.966054238222174e-07,12.000000000002053,3.890322792699542e-05,-5.27788863538644e-05,-1.7110575379641863e-10,-1.7110575379641863e-10,0.025989266386684015,3.241935660582397e-06
0.25420000000000004,89.99969530879915,90.0,0.01032756930756542,-0.005911423600988189,-1.1586943481357762e-05,6.918995386092926e-07,12.000000000002027,3.8647446503231576e-05,-5.245118448351251e-05,-1.6892536219644477e-10,-1.6892536219644477e-10,0.02581892326891355,3.220620541935421e-06
0.2544,89.99969736754099,90.0,0.010259858922183167,-0.005874372985597547,-1.151496536414225e-05,6.872245019701028e-07,12.000000000002,3.839327524768638e-05,-5.212535761545875e-05,-1.6677193352617166e-10,-1.6677193352617166e-10,0.025649647305457917,3.199439603973332e-06
0.2546,89.99969941278319,90.0,0.010192572917000693,-0.005837537935812865,-1.1443399445564665e-05,6.825801206023504e-07,12.000000000001975,3.8140704720461976e-05,-5.180139666716515e-05,-1.6464514786579533e-10,-1.6464514786579533e-10,0.02548143229250173,3.178392060037975e-06
0.2548,89.9997014446104,90.0,0.01012570882295046,-0.005800917367785907,-1.1372243725622313e-05,6.779662023015535e-07,12.00000000000195,3.7889725529777034e-05,-5.147929258512158e-05,-1.6254468887641883e-10,-1.6254468887641883e-10,0.025314272057376148,3.1574771274809063e-06
0.255,89.99970346310674,90.0,0.010059264183378689,-0.0057645102004352,-1.1301496208096646e-05,6.733825560477165e-07,12.000000000001926,3.764032833230816e-05,-5.115903633294779e-05,-1.6047024372802733e-10,-1.6047024372802733e-10,0.025148160458446724,3.1366940276918434e-06
0.25520000000000004,89.99970546835586,90.0,0.00999323655401392,-0.0057283153571784755,-1.1231154904610228e-05,6.688289918608798e-07,12.0000000000019,3.7392503832263925e-05,-5.0840618909758236e-05,-1.584215031181253e-10,-1.584215031181253e-10,0.0249830913850348,3.1160419860215e-06
0.2554,89.99970746044092,90.0,0.009927623502915362,-0.0056923317644394685,-1.1161217831147038e-05,6.643053209166796e-07,12.000000000001876,3.7146242781867425e-05,-5.052403133441047e-05,-1.5639816118886626e-10,-1.5639816118886626e-10,0.024819058757288407,3.0955202318218016e-06
0.2556,89.99970943944457,90.0,0.009862422610438435,-0.00565655835231036,-1.10916830096086e-05,6.598113554885684e-07,12.000000000001853,3.690153598091239e-05,-5.0209264652549224e-05,-1.5439991551257597e-10,-1.5439991551257597e-10,0.02465605652609609,3.075127998408891e-06
0.2558,89.99971140544905,90.0,0.009797631469192917,-0.005620994054848595,-1.1022548468516962e-05,6.553469089189248e-07,12.00000000000183,3.665837427645836e-05,-4.989630993978872e-05,-1.5242646706555545e-10,-1.5242646706555545e-10,0.02449407867298229,3.0548645230377306e-06
0.256,89.99971335853603,90.0,0.009733247683997434,-0.0055856378093028115,-1.0953812241214859e-05,6.509117956768331e-07,12.000000000001805,3.6416748563005864e-05,-4.9585158293565213e-05,-1.504775201694448e-10,-1.504775201694448e-10,0.02433311920999359,3.034729046916699e-06
0.25620000000000004,89.99971529878675,90.0,0.009669268871842749,-0.005550488557127373,-1.0885472368245483e-05,6.465058312714141e-07,12.000000000001783,3.6176649781880775e-05,-4.92758008439096e-05,-1.485527824876298e-10,-1.485527824876298e-10,0.024173172179606874,3.014720815156283e-06
0.2564,89.99971722628199,90.0,0.009605692661843974,-0.0055155452428498584,-1.0817526894715182e-05,6.421288323384946e-07,12.000000000001759,3.59380689215659e-05,-4.896822874150906e-05,-1.4665196495659157e-10,-1.4665196495659157e-10,0.024014231654609936,2.994839076796719e-06
0.2566,89.999719141102,90.0,0.009542516695205013,-0.005480806815087206,-1.0749973872676732e-05,6.377806165539377e-07,12.000000000001737,3.5700997017089216e-05,-4.86624331684955e-05,-1.4477478178270913e-10,-1.4477478178270913e-10,0.023856291738012535,2.975083084757004e-06
0.25680000000000003,89.99972104332663,90.0,0.009479738625171897,-0.00544627222577003,-1.0682811359326003e-05,6.334610026914223e-07,12.000000000001716,3.546542515019515e-05,-4.8358405330282325e-05,-1.4292095038530675e-10,-1.4292095038530675e-10,0.02369934656292974,2.9554520958491733e-06
0.257,89.9997229330352,90.0,0.009417356116994955,-0.0054119404311556065,-1.061603741937833e-05,6.29169810535774e-07,12.000000000001693,3.523134444872523e-05,-4.8056136466321664e-05,-1.4109019139330708e-10,-1.4109019139330708e-10,0.02354339029248739,2.935945370726688e-06
0.25720000000000004,89.9997248103066,90.0,0.009355366847878948,-0.005377810390337159,-1.0549650121594258e-05,6.249068609985241e-07,12.000000000001672,3.4998746087106646e-05,-4.77556178343773e-05,-1.3928222856817e-10,-1.3928222856817e-10,0.02338841711969737,2.9165621739251477e-06
0.2574,89.99972667521924,90.0,0.009293768506950847,-0.005343881066619965,-1.0483647542003612e-05,6.206719760023507e-07,12.00000000000165,3.476762128558772e-05,-4.7456840725119236e-05,-1.3749678881176457e-10,-1.3749678881176457e-10,0.023234421267377115,2.8973017737985786e-06
0.2576,89.99972852785108,90.0,0.009232558795211506,-0.005310151427098604,-1.0418027762927632e-05,6.164649785099674e-07,12.000000000001629,3.453796131023954e-05,-4.7159796457697104e-05,-1.3573360212120776e-10,-1.3573360212120776e-10,0.023081396988028767,2.878163442519571e-06
0.25780000000000003,89.99973036827961,90.0,0.009171735425492211,-0.005276620442241001,-1.0352788872015914e-05,6.122856925530147e-07,12.00000000000161,3.430975747297388e-05,-4.686447637538068e-05,-1.3399240154475078e-10,-1.3399240154475078e-10,0.02292933856373052,2.859146456080773e-06
0.258,89.9997321965819,90.0,0.009111296122416167,-0.005243287086545222,-1.0287928963790234e-05,6.081339431742793e-07,12.000000000001588,3.408300113108567e-05,-4.657087185254839e-05,-1.322729231688202e-10,-1.322729231688202e-10,0.022778240306040417,2.840250094256763e-06
0.2582,89.99973401283451,90.0,0.009051238622352343,-0.005210150338119734,-1.0223446138673236e-05,6.04009556456584e-07,12.000000000001567,3.385768368726181e-05,-4.627897429029037e-05,-1.305749060742807e-10,-1.305749060742807e-10,0.022628096555880856,2.8214736406047825e-06
0.2584,89.99973581711357,90.0,0.008991560673373996,-0.0051772091786255105,-1.0159338502862053e-05,5.99912359522788e-07,12.000000000001545,3.363379658944188e-05,-4.598877511583646e-05,-1.2889809230361923e-10,-1.2889809230361923e-10,0.022478901683434988,2.8028163824531288e-06
0.2586,89.99973760949479,90.0,0.008932260035218015,-0.005144462593574529,-1.0095604169034935e-05,5.958421805068969e-07,12.000000000001528,3.3411331330517285e-05,-4.5700265785754855e-05,-1.2724222683836365e-10,-1.2724222683836365e-10,0.022330650088045037,2.784277610876086e-06
0.25880000000000003,89.99973939005338,90.0,0.00887333447924101,-0.005111909572268454,-1.0032241256217401e-05,5.917988485540625e-07,12.000000000001506,3.319027944818367e-05,-4.5413437785346264e-05,-1.2560705756651304e-10,-1.2560705756651304e-10,0.022183336198102525,2.765856620681625e-06
0.259,89.99974115886415,90.0,0.008814781788375511,-0.0050795491080927666,-9.969247890479325e-06,5.877821937916934e-07,12.000000000001489,3.297063252462963e-05,-4.512828263179942e-05,-1.2399233526004166e-10,-1.2399233526004166e-10,0.02203695447093878,2.7475527103854618e-06
0.2592,89.99974291600147,90.0,0.008756599757083624,-0.005047380197386223,-9.906622202301945e-06,5.83792047416124e-07,12.000000000001469,3.27523821868731e-05,-4.4844791862272185e-05,-1.223978135136446e-10,-1.223978135136446e-10,0.021891499392709058,2.729365182239091e-06
0.2594,89.99974466153922,90.0,0.008698786191323022,-0.005015401841169741,-9.844362330627076e-06,5.798282415481656e-07,12.00000000000145,3.25355201058267e-05,-4.456295705222134e-05,-1.2082324876228865e-10,-1.2082324876228865e-10,0.021746965478307557,2.7112933421518975e-06
0.2596,89.9997463955509,90.0,0.00864133890849324,-0.004983613043650321,-9.78246641937111e-06,5.75890609348666e-07,12.000000000001432,3.232003799677346e-05,-4.4282769799622315e-05,-1.1926840021049955e-10,-1.1926840021049955e-10,0.0216033472712331,2.6933364997308006e-06
0.25980000000000003,89.99974811810954,90.0,0.00858425573739941,-0.004952012812525679,-9.720932618145068e-06,5.719789849896186e-07,12.000000000001414,3.2105927619080824e-05,-4.400422172822871e-05,-1.17733029811694e-10,-1.17733029811694e-10,0.02146063934349853,2.67549396825642e-06
0.26,89.99974982928774,90.0,0.00852753451821196,-0.0049206001599938,-9.659759084623465e-06,5.680932035674945e-07,12.000000000001394,3.189318077557299e-05,-4.3727304498295525e-05,-1.1621690226604193e-10,-1.1621690226604193e-10,0.021318836295529896,2.6577650646307737e-06
0.2602,89.99975152915768,90.0,0.008471173102415396,-0.004889374101615608,-9.598943981896498e-06,5.642331011899107e-07,12.000000000001377,3.1681789312850964e-05,-4.3452009794593207e-05,-1.1471978496100671e-10,-1.1471978496100671e-10,0.02117793275603849,2.640149109403944e-06
0.2604,89.99975321779112,90.0,0.008415169352769604,-0.0048583336569714575,-9.538485480013198e-06,5.603985149178505e-07,12.000000000001359,3.147174512083425e-05,-4.317832933339308e-05,-1.1324144796031952e-10,-1.1324144796031952e-10,0.021037923381924013,2.6226454267358907e-06
0.2606,89.99975489525936,90.0,0.008359521143263863,-0.004827477848886406,-9.478381754180156e-06,5.565892828234438e-07,12.000000000001341,3.126304013293446e-05,-4.290625485431347e-05,-1.1178166395534717e-10,-1.1178166395534717e-10,0.020898802858159655,2.605253344410914e-06
0.26080000000000003,89.9997565616333,90.0,0.00830422635907975,-0.004796805704444225,-9.418630987140166e-06,5.528052439032975e-07,12.000000000001325,3.105566632543839e-05,-4.2635778131087174e-05,-1.1034020826369335e-10,-1.1034020826369335e-10,0.02076056589769937,2.5879721937862468e-06
0.261,89.99975821698342,90.0,0.008249282896542198,-0.004766316254563786,-9.359231368192452e-06,5.490462381073849e-07,12.000000000001307,3.084961571750758e-05,-4.236689096712633e-05,-1.0891685879010399e-10,-1.0891685879010399e-10,0.020623207241355496,2.570801309792018e-06
0.2612,89.99975986137979,90.0,0.008194688663075751,-0.004736008533582716,-9.300181092228782e-06,5.453121063679355e-07,12.00000000000129,3.064488037119528e-05,-4.20995851911591e-05,-1.0751139598832304e-10,-1.0751139598832304e-10,0.020486721657689375,2.553740030932666e-06
0.2614,89.99976149489203,90.0,0.008140441577165296,-0.0047058815799131135,-9.241478361274917e-06,5.416026905416556e-07,12.000000000001274,3.044145239098634e-05,-4.1833852664207446e-05,-1.061236028507394e-10,-1.061236028507394e-10,0.02035110394291324,2.5367876992485927e-06
0.2616,89.99976311758935,90.0,0.008086539568309417,-0.004675934435621136,-9.183121383517848e-06,5.379178334386185e-07,12.000000000001258,3.0239323923804473e-05,-4.156968527518367e-05,-1.047532648705627e-10,-1.047532648705627e-10,0.020216348920773546,2.5199436603167753e-06
0.26180000000000003,89.9997647295406,90.0,0.00803298057697865,-0.004646166146723997,-9.12510837400914e-06,5.342573787933737e-07,12.00000000000124,3.0038487158707806e-05,-4.13070749440743e-05,-1.0340017002260237e-10,-1.0340017002260237e-10,0.02008245144244662,2.503207263225392e-06
0.262,89.99976633081415,90.0,0.007979762554570068,-0.004616575762771288,-9.067437553695958e-06,5.306211712938375e-07,12.000000000001226,2.9838934326900392e-05,-4.104601361755372e-05,-1.0206410872625995e-10,-1.0206410872625995e-10,0.019949406386425172,2.4865778605747785e-06
0.2622,89.999767921478,90.0,0.007926883463367004,-0.004587162337143982,-9.010107150128792e-06,5.270090565524028e-07,12.000000000001208,2.9640657701432552e-05,-4.0786493272187946e-05,-1.007448738268819e-10,-1.007448738268819e-10,0.019817208658417507,2.470054808452464e-06
0.2624,89.99976950159972,90.0,0.007874341276494938,-0.00455792492699288,-8.953115397327108e-06,5.234208811059392e-07,12.000000000001194,2.9443649597052807e-05,-4.052850591382642e-05,-9.944226056822241e-11,-9.944226056822241e-11,0.01968585319123735,2.453637466420823e-06
0.2626,89.99977107124649,90.0,0.007822133977878546,-0.004528862593533883,-8.896460536478916e-06,5.198564923869033e-07,12.000000000001178,2.924790236989923e-05,-4.027204358076876e-05,-9.815606657387801e-11,-9.815606657387801e-11,0.019555334944696363,2.4373251974913636e-06
0.26280000000000003,89.99977263048508,90.0,0.007770259562194997,-0.004499974401272259,-8.84014081413733e-06,5.163157387811181e-07,12.000000000001162,2.905340841767071e-05,-4.001709833560108e-05,-9.68860918028497e-11,-9.68860918028497e-11,0.01942564890548749,2.4211173681389916e-06
0.263,89.99977417938189,90.0,0.007718716034836428,-0.004471259419016035,-8.784154484597848e-06,5.127984695411033e-07,12.000000000001148,2.8860160179008517e-05,-3.976366227595734e-05,-9.563213854900146e-11,-9.563213854900146e-11,0.019296790087091068,2.40501334825048e-06
0.2632,89.9997757180029,90.0,0.007667501411860464,-0.004442716719096407,-8.728499808086472e-06,5.093045348438556e-07,12.000000000001133,2.8668150133658168e-05,-3.951172752631737e-05,-9.439401139704612e-11,-9.439401139704612e-11,0.01916875352965116,2.389012511137955e-06
0.2634,89.99977724641367,90.0,0.007616613719950093,-0.004414345378022218,-8.673175052298464e-06,5.058337857330685e-07,12.000000000001119,2.8477370802006354e-05,-3.926128624497248e-05,-9.317151721347405e-11,-9.317151721347405e-11,0.019041534299875235,2.373114233500308e-06
0.2636,89.99977876467942,90.0,0.0075660509963655954,-0.004386144475347048,-8.618178489760167e-06,5.023860742058023e-07,12.000000000001105,2.8287814745411557e-05,-3.9012330612083065e-05,-9.196446509510436e-11,-9.196446509510436e-11,0.018915127490913987,2.357317895450746e-06
0.26380000000000003,89.99978027286492,90.0,0.00751581128890987,-0.004358113095041881,-8.563508401045586e-06,4.989612530969237e-07,12.00000000000109,2.8099474565431247e-05,-3.8764852844239284e-05,-9.077266637744065e-11,-9.077266637744065e-11,0.018789528222274674,2.341622880452391e-06
0.264,89.99978177103459,90.0,0.007465892655877647,-0.004330250324358378,-8.509163072129877e-06,4.955591761657766e-07,12.000000000001076,2.7912342904143305e-05,-3.851884518248093e-05,-8.959593458374331e-11,-8.959593458374331e-11,0.018664731639694117,2.3260285753450667e-06
0.2642,89.99978325925247,90.0,0.007416293166018136,-0.004302555254842532,-8.455140796767194e-06,4.921796980095119e-07,12.000000000001062,2.7726412443528307e-05,-3.8274299903061376e-05,-8.843408542495677e-11,-8.843408542495677e-11,0.01854073291504534,2.310534370293821e-06
0.2644,89.99978473758216,90.0,0.007367010898485644,-0.004275026981199914,-8.401439873848486e-06,4.888226741497571e-07,12.000000000001048,2.7541675905795657e-05,-3.803120930548698e-05,-8.728693674975924e-11,-8.728693674975924e-11,0.018417527246214108,2.2951396588161043e-06
0.2646,89.99978620608694,90.0,0.00731804394280356,-0.00424766460266647,-8.348058610613984e-06,4.854879609170565e-07,12.000000000001034,2.7358126052606326e-05,-3.778956572705919e-05,-8.615430855283735e-11,-8.615430855283735e-11,0.018295109857008898,2.2798438377169976e-06
0.26480000000000004,89.99978766482967,90.0,0.00726939039881228,-0.004220467221514708,-8.294995319172195e-06,4.821754155664316e-07,12.00000000000102,2.7175755685553978e-05,-3.7549361527116934e-05,-8.50360229174486e-11,-8.50360229174486e-11,0.0181734759970307,2.2646463071293058e-06
0.265,89.99978911387285,90.0,0.007221048376634542,-0.004193433944426409,-8.242248319716525e-06,4.788848961618205e-07,12.000000000001007,2.6994557645392238e-05,-3.731058910159744e-05,-8.393190402387758e-11,-8.393190402387758e-11,0.018052620941586356,2.2495464704491642e-06
0.2652,89.99979055327859,90.0,0.007173015996624959,-0.004166563881356328,-8.189815937879752e-06,4.7561626166274855e-07,12.000000000000995,2.6814524812357185e-05,-3.707324087106061e-05,-8.284177810095557e-11,-8.284177810095557e-11,0.0179325399915624,2.2345437343629134e-06
0.2654,89.99979198310864,90.0,0.007125291389332482,-0.0041398561461903315,-8.137696506280736e-06,4.7236937186654783e-07,12.00000000000098,2.663565010571305e-05,-3.683730928769058e-05,-8.176547341856498e-11,-8.176547341856498e-11,0.017813228473331204,2.219637508809239e-06
0.2656,89.99979340342436,90.0,0.007077872695455401,-0.004113309856682571,-8.085888364387284e-06,4.691440874083575e-07,12.00000000000097,2.6457926483600973e-05,-3.660278683467495e-05,-8.070282026388909e-11,-8.070282026388909e-11,0.017694681738638505,2.2048272069665695e-06
0.26580000000000004,89.99979481428676,90.0,0.007030758065796947,-0.00408692413403821,-8.034389857550225e-06,4.6594026979001357e-07,12.000000000000956,2.6281346943053762e-05,-3.63696660218323e-05,-7.965365091022438e-11,-7.965365091022438e-11,0.017576895164492366,2.190112245254306e-06
0.266,89.99979621575645,90.0,0.00698394566122596,-0.004060698103569061,-7.983199338544689e-06,4.627577813222692e-07,12.000000000000943,2.610590451953559e-05,-3.613793939258913e-05,-7.861779960963515e-11,-7.861779960963515e-11,0.0174598641530649,2.1754920432944615e-06
0.2662,89.9997976078937,90.0,0.0069374336526296125,-0.0040346308942722925,-7.932315166595419e-06,4.595964851536844e-07,12.00000000000093,2.5931592286947108e-05,-3.5907599519567745e-05,-7.759510256202803e-11,-7.759510256202803e-11,0.01734358413157403,2.1609660239120913e-06
0.2664,89.99979899075842,90.0,0.0068912202208714505,-0.004008721638771853,-7.881735707248892e-06,4.5645624527062653e-07,12.00000000000092,2.5758403357484372e-05,-3.5678639004007334e-05,-7.658539789260208e-11,-7.658539789260208e-11,0.017228050552178624,2.146533613123533e-06
0.2666,89.99980036441015,90.0,0.006845303556749625,-0.003982969473615415,-7.831459333076578e-06,4.533369264683797e-07,12.000000000000906,2.5586330881334412e-05,-3.5451050478947475e-05,-7.558852563709753e-11,-7.558852563709753e-11,0.017113258891874063,2.13219424011104e-06
0.26680000000000004,89.99980172890803,90.0,0.006799681860952089,-0.003957373538501284,-7.781484421877227e-06,4.5023839440892505e-07,12.000000000000895,2.5415368046852702e-05,-3.522482660109033e-05,-7.460432770443429e-11,-7.460432770443429e-11,0.016999204652380223,2.117947337237567e-06
0.267,89.9998030843109,90.0,0.0067543533440205545,-0.00393193297764914,-7.731809359889289e-06,4.471605155053811e-07,12.000000000000885,2.5245508079785766e-05,-3.499996006534246e-05,-7.363264788514309e-11,-7.363264788514309e-11,0.01688588336005139,2.103792339981992e-06
0.2672,89.99980443067719,90.0,0.006709316226298618,-0.003906646938306554,-7.682432538310546e-06,4.4410315703756314e-07,12.000000000000872,2.507674424375303e-05,-3.477644358906009e-05,-7.267333179917509e-11,-7.267333179917509e-11,0.016773290565746543,2.0897286869792672e-06
0.2674,89.99980576806504,90.0,0.006664568737896999,-0.0038815145721215008,-7.633352356514401e-06,4.410661870364238e-07,12.00000000000086,2.4909069839473734e-05,-3.4554269926608403e-05,-7.172622690448783e-11,-7.172622690448783e-11,0.016661421844742497,2.0757558199559957e-06
0.2676,89.9998070965322,90.0,0.006620109118643377,-0.003856535034006527,-7.584567219405288e-06,4.3804947437072274e-07,12.000000000000849,2.4742478205090457e-05,-3.43334318573902e-05,-7.07911824531146e-11,-7.07911824531146e-11,0.016550272796608444,2.0618731837573922e-06
0.26780000000000004,89.99980841613603,90.0,0.006575935618044766,-0.003831707482796761,-7.536075538965144e-06,4.3505288868924687e-07,12.000000000000838,2.4576962715714524e-05,-3.4113922192846335e-05,-6.9868049485026e-11,-6.9868049485026e-11,0.016439839045111915,2.0480802263094004e-06
0.268,89.9998097269336,90.0,0.00653204649524273,-0.0038070310804768125,-7.487875732455716e-06,4.3207630047859e-07,12.000000000000828,2.4412516783603577e-05,-3.389573376831806e-05,-6.89566807926305e-11,-6.89566807926305e-11,0.016330116238106825,2.034376398633491e-06
0.2682,89.99981102898163,90.0,0.006488440018977369,-0.0037825049935516107,-7.4399662256311316e-06,4.291195809475934e-07,12.000000000000817,2.4249133857384264e-05,-3.367885945758949e-05,-6.805693092925533e-11,-6.805693092925533e-11,0.016221100047443423,2.0207611547818844e-06
0.2684,89.99981232233645,90.0,0.006445114467535318,-0.0037581283919079517,-7.3923454500876356e-06,4.261826021140155e-07,12.000000000000806,2.4086807422369588e-05,-3.3463292160890534e-05,-6.716865616648382e-11,-6.716865616648382e-11,0.016112786168838295,2.0072339518639974e-06
0.2686,89.99981360705408,90.0,0.006402068128711123,-0.0037339004487605874,-7.345011843145906e-06,4.232652368045317e-07,12.000000000000796,2.3925531000429098e-05,-3.324902480436419e-05,-6.629171447423322e-11,-6.629171447423322e-11,0.01600517032177781,1.9937942500356258e-06
0.26880000000000004,89.99981488319021,90.0,0.006359299299769338,-0.0037098203416651085,-7.297963850227196e-06,4.2036735856806487e-07,12.000000000000785,2.3765298149369258e-05,-3.30360503508227e-05,-6.542596552206874e-11,-6.542596552206874e-11,0.015898248249423347,1.9804415124473087e-06
0.269,89.99981615080016,90.0,0.006316806287394427,-0.0036858872510269125,-7.2511999213783766e-06,4.17488841791345e-07,12.000000000000774,2.36061024634213e-05,-3.2824361784017345e-05,-6.457127063082282e-11,-6.457127063082282e-11,0.01579201571848607,1.9671752052849814e-06
0.2692,89.99981740993893,90.0,0.00627458740765846,-0.0036621003618324526,-7.204718515326321e-06,4.146295615544595e-07,12.000000000000764,2.3447937572312292e-05,-3.261395212699158e-05,-6.372749278833596e-11,-6.372749278833596e-11,0.015686468519146148,1.9539947976925667e-06
0.26940000000000003,89.99981866066116,90.0,0.006232640985968384,-0.0036384588621545346,-7.158518095994902e-06,4.1178939374641277e-07,12.000000000000755,2.3290797141744166e-05,-3.2404814426314376e-05,-6.289449660159212e-11,-6.289449660159212e-11,0.01558160246492096,1.940899761811892e-06
0.2696,89.9998199030212,90.0,0.00619096535703089,-0.0036149619438137996,-7.112597134059045e-06,4.089682150073467e-07,12.000000000000746,2.313467487294744e-05,-3.219694175911502e-05,-6.2072148291692e-11,-6.2072148291692e-11,0.015477413392577225,1.9278895727455e-06
0.26980000000000004,89.99982113707301,90.0,0.006149558864809325,-0.003591608801963292,-7.06695410598283e-06,4.061659027574303e-07,12.000000000000735,2.297956450270047e-05,-3.1990327228728865e-05,-6.126031566791876e-11,-6.126031566791876e-11,0.01537389716202331,1.9149637085582552e-06
0.27,89.99982236287029,90.0,0.00610841986248562,-0.003568398636101111,-7.02158749639514e-06,4.0338233511019004e-07,12.000000000000725,2.282545980270926e-05,-3.1784963975451253e-05,-6.045886812934839e-11,-6.045886812934839e-11,0.01527104965621405,1.9021216502256567e-06
0.2702,89.99982358046636,90.0,0.0060675467124104805,-0.003545330648935059,-6.976495795446157e-06,4.006173909591798e-07,12.000000000000716,2.267235457993219e-05,-3.1580845164571086e-05,-5.966767662542082e-11,-5.966767662542082e-11,0.015168866781026202,1.8893628816609032e-06
0.27040000000000003,89.99982478991421,90.0,0.006026937786066695,-0.0035224040470419418,-6.931677500356635e-06,3.978709499202006e-07,12.000000000000707,2.252024267612858e-05,-3.1377963993383946e-05,-5.888661365114913e-11,-5.888661365114913e-11,0.015067344465166737,1.8766868896772712e-06
0.2706,89.99982599126656,90.0,0.0059865914640246844,-0.0034996180404502438,-6.887131114451879e-06,3.9514289236019106e-07,12.000000000000696,2.2369117967873296e-05,-3.117631368681921e-05,-5.811555322198677e-11,-5.811555322198677e-11,0.014966478660061712,1.8640931639893332e-06
0.27080000000000004,89.99982718457575,90.0,0.005946506135903132,-0.0034769718425851476,-6.842855147041713e-06,3.9243309939722684e-07,12.00000000000069,2.22189743664244e-05,-3.0975887496896646e-05,-5.73543708558961e-11,-5.73543708558961e-11,0.014866265339757831,1.851581197201927e-06
0.271,89.9998283698938,90.0,0.005906680200329927,-0.003454464670924548,-6.7988481149625825e-06,3.897414528427413e-07,12.000000000000679,2.2069805817263748e-05,-3.077667870970717e-05,-5.660294356862618e-11,-5.660294356862618e-11,0.014766700500824818,1.839150484771875e-06
0.2712,89.99982954727247,90.0,0.005867112064895899,-0.003432095746223912,-6.755108540775411e-06,3.8706783525930497e-07,12.000000000000671,2.1921606300269558e-05,-3.057868063725495e-05,-5.586114984262844e-11,-5.586114984262844e-11,0.014667780162239748,1.826800525022361e-06
0.27140000000000003,89.99983071676313,90.0,0.00582780014611718,-0.003409864292818991,-6.711634953481426e-06,3.8441212993173596e-07,12.00000000000066,2.1774369829425844e-05,-3.0381886620697815e-05,-5.51288696162269e-11,-5.51288696162269e-11,0.01456950036529295,1.8145308191187204e-06
0.2716,89.99983187841687,90.0,0.005788742869394159,-0.003387769538923791,-6.668425889227637e-06,3.817742208382098e-07,12.000000000000654,2.1628090452520352e-05,-3.0186290033540748e-05,-5.4405984272616446e-11,-5.4405984272616446e-11,0.014471857173485396,1.8023408710432646e-06
0.2718,89.99983303228446,90.0,0.005749938668967173,-0.0033658107158581595,-6.625479889510647e-06,3.791539927080392e-07,12.000000000000643,2.1482762251323745e-05,-2.999188427350499e-05,-5.369237660974073e-11,-5.369237660974073e-11,0.014374846672417934,1.7902301876102162e-06
0.272,89.99983417841638,90.0,0.005711385987880885,-0.003343987059063854,-6.5827955035597535e-06,3.765513309350048e-07,12.000000000000636,2.133837934097766e-05,-2.979866277331576e-05,-5.2987930842570615e-11,-5.2987930842570615e-11,0.014278464969702212,1.7781982784147108e-06
0.2722,89.99983531686274,90.0,0.0056730832779371,-0.00332229780697286,-6.540371285701459e-06,3.739661216640243e-07,12.000000000000629,2.1194935870328276e-05,-2.960661898877204e-05,-5.229253256701949e-11,-5.229253256701949e-11,0.014182708194842752,1.7662446558605971e-06
0.27240000000000003,89.99983644767343,90.0,0.005635028999660398,-0.0033007422023804776,-6.498205798576965e-06,3.713982516755931e-07,12.000000000000618,2.1052426021154526e-05,-2.9415746413311366e-05,-5.1606068768603936e-11,-5.1606068768603936e-11,0.014087572499150993,1.75436883509612e-06
0.2726,89.99983757089794,90.0,0.005597221622248381,-0.0032793194905995117,-6.456297608837711e-06,3.688476085302342e-07,12.000000000000611,2.0910844008821167e-05,-2.922603855852462e-05,-5.0928427774422486e-11,-5.0928427774422486e-11,0.013993054055620954,1.7425703340683418e-06
0.2728,89.99983868658552,90.0,0.005559659623542644,-0.0032580289211960826,-6.414645291209709e-06,3.6631408042404765e-07,12.000000000000604,2.0770184081360875e-05,-2.903748897255424e-05,-5.02594992683673e-11,-5.02594992683673e-11,0.013899149058856612,1.7308486734466524e-06
0.273,89.99983979478509,90.0,0.005522341489980094,-0.0032368697472111166,-6.373247426684035e-06,3.6379755624649166e-07,12.000000000000595,2.063044051963871e-05,-2.8850091231903044e-05,-4.959917426215804e-11,-4.959917426215804e-11,0.013805853724950235,1.7192033766364739e-06
0.2732,89.99984089554529,90.0,0.005485265716553266,-0.0032158412251049387,-6.332102602395875e-06,3.6129792558038155e-07,12.000000000000586,2.0491607637218727e-05,-2.866383894088668e-05,-4.8947345079421025e-11,-4.8947345079421025e-11,0.013713164291383164,1.7076339697681437e-06
0.27340000000000003,89.9998419889144,90.0,0.005448430806771047,-0.003194942614347166,-6.291209410674249e-06,3.5881507873078034e-07,12.000000000000579,2.0353679780396012e-05,-2.8478725727331997e-05,-4.830390533398442e-11,-4.830390533398442e-11,0.01362107701692762,1.6961399816995857e-06
0.2736,89.99984307494049,90.0,0.005411835272624163,-0.0031741731787895866,-6.250566452259061e-06,3.5634890660943855e-07,12.000000000000572,2.0216651327424352e-05,-2.8294745257139787e-05,-4.7668749938488476e-11,-4.7668749938488476e-11,0.013529588181560408,1.684720943951949e-06
0.2738,89.99984415367125,90.0,0.00537547763453523,-0.003153532185175353,-6.210172332826613e-06,3.5389930085035444e-07,12.000000000000565,2.0080516689004655e-05,-2.8111891218556686e-05,-4.704177506447369e-11,-4.704177506447369e-11,0.013438694086338075,1.6733763907503092e-06
0.274,89.99984522515413,90.0,0.005339356421325325,-0.0031330189038028394,-6.170025664548833e-06,3.5146615375199366e-07,12.000000000000558,1.994527030784438e-05,-2.79301573292334e-05,-4.642287813934626e-11,-4.642287813934626e-11,0.013348391053313313,1.6621058589869543e-06
0.2742,89.99984628943628,90.0,0.005303470170173496,-0.0031126326088243735,-6.130125066800418e-06,3.4904935824839974e-07,12.00000000000055,1.981090665835738e-05,-2.7749537339425764e-05,-4.581195783699512e-11,-4.581195783699512e-11,0.013258675425433741,1.6509088881963727e-06
0.27440000000000003,89.99984734656452,90.0,0.005267817426572538,-0.0030923725774739553,-6.090469164362931e-06,3.466488079669736e-07,12.000000000000544,1.9677420246843385e-05,-2.757002502386512e-05,-4.520891405087981e-11,-4.520891405087981e-11,0.013169543566431347,1.6397850205702078e-06
0.2746,89.99984839658543,90.0,0.0052323967442936365,-0.0030722380903731566,-6.051056588147573e-06,3.442643971995839e-07,12.000000000000536,1.9544805611205046e-05,-2.739161418503017e-05,-4.461364788529312e-11,-4.461364788529312e-11,0.013080991860734092,1.628733800933681e-06
0.2748,89.99984943954527,90.0,0.005197206685347712,-0.0030522284318324185,-6.011885975907944e-06,3.4189602087367687e-07,12.00000000000053,1.9413057320653925e-05,-2.7214298656373413e-05,-4.402606164646241e-11,-4.402606164646241e-11,0.012993016713369282,1.6177547767210892e-06
0.275,89.99985047549002,90.0,0.005162245819943008,-0.003032342889791833,-5.9729559721107675e-06,3.395435745522766e-07,12.000000000000522,1.9282169975567956e-05,-2.7038072301735987e-05,-4.3446058827812205e-11,-4.3446058827812205e-11,0.012905614549857518,1.6068474979639263e-06
0.2752,89.99985150446537,90.0,0.005127512726443756,-0.0030125807550528912,-5.9342652261487635e-06,3.3720695449176467e-07,12.000000000000515,1.915213820768057e-05,-2.686292900725778e-05,-4.2873544084174197e-11,-4.2873544084174197e-11,0.01281878181610939,1.5960115173066456e-06
0.27540000000000003,89.99985252651675,90.0,0.0050930059913371,-0.0029929413222981056,-5.895812394731536e-06,3.348860575552104e-07,12.000000000000508,1.9022956679477335e-05,-2.668886269220037e-05,-4.230842323485209e-11,-4.230842323485209e-11,0.012732514978342751,1.5852463899563774e-06
0.2756,89.99985354168926,90.0,0.0050587242091888075,-0.002973423889318636,-5.857596140089443e-06,3.325807812701509e-07,12.000000000000501,1.889462008437521e-05,-2.651586730081641e-05,-4.175060323805106e-11,-4.175060323805106e-11,0.01264681052297202,1.5745516736978684e-06
0.2758,89.99985455002779,90.0,0.005024665982607752,-0.0029540277576752373,-5.819615131526479e-06,3.302910237708109e-07,12.000000000000494,1.8767123146274992e-05,-2.6343936809379126e-05,-4.1199992188273706e-11,-4.1199992188273706e-11,0.012561664956519381,1.563926928856185e-06
0.276,89.9998555515769,90.0,0.004990829922202462,-0.002934752231927051,-5.781868043626701e-06,3.280166838558829e-07,12.000000000000487,1.8640460619743385e-05,-2.6173065218063258e-05,-4.065649929127197e-11,-4.065649929127197e-11,0.012477074805506154,1.5533717183118857e-06
0.2762,89.99985654638087,90.0,0.004957214646547136,-0.0029155966202946883,-5.744353557811758e-06,3.257576609307472e-07,12.000000000000481,1.851462728957064e-05,-2.6003246557995613e-05,-4.012003486167333e-11,-4.012003486167333e-11,0.012393036616367838,1.542885607464158e-06
0.27640000000000003,89.99985753448372,90.0,0.004923818782139447,-0.002896560234246056,-5.707070361381751e-06,3.2351385503636177e-07,12.000000000000476,1.838961797079276e-05,-2.583447488691328e-05,-3.959051030386299e-11,-3.959051030386299e-11,0.012309546955348619,1.5324681642326692e-06
0.2766,89.99985851592922,90.0,0.004890640963363378,-0.002877642388799717,-5.67001714823247e-06,3.2128516682037245e-07,12.000000000000469,1.8265427508402463e-05,-2.566674429241036e-05,-3.906783810414215e-11,-3.906783810414215e-11,0.012226602408408444,1.522118959033479e-06
0.2768,89.99985949076083,90.0,0.0048576798324486995,-0.0028588424017577906,-5.633192617070793e-06,3.190714975948927e-07,12.000000000000462,1.814205077754117e-05,-2.550004888385956e-05,-3.8551931806728697e-11,-3.8551931806728697e-11,0.012144199581121751,1.5118375647950393e-06
0.277,89.99986045902175,90.0,0.004824934039438974,-0.002840159595082341,-5.596595474639396e-06,3.16872749220944e-07,12.000000000000457,1.80194826827351e-05,-2.5334382807009614e-05,-3.804270602238952e-11,-3.804270602238952e-11,0.012062335098597434,1.5016235568945346e-06
0.2772,89.9998614207549,90.0,0.004792402242143863,-0.0028215932934077207,-5.560224432249148e-06,3.146888242240155e-07,12.000000000000451,1.7897718158391257e-05,-2.516974022828833e-05,-3.7540076393817496e-11,-3.7540076393817496e-11,0.01198100560535966,1.4914765131992154e-06
0.27740000000000004,89.99986237600298,90.0,0.004760083106108619,-0.002803142825063767,-5.524078208177787e-06,3.125196257073942e-07,12.000000000000444,1.7776752168202655e-05,-2.5006115345660768e-05,-3.7043959599107026e-11,-3.7043959599107026e-11,0.011900207765271549,1.4813960140168331e-06
0.2776,89.99986332480835,90.0,0.004727975304571767,-0.002784807521306191,-5.488155525879835e-06,3.103650574099448e-07,12.000000000000439,1.765657970533417e-05,-2.4843502380526003e-05,-3.6554273328450044e-11,-3.6554273328450044e-11,0.011819938261429418,1.471381642111127e-06
0.2778,89.99986426721318,90.0,0.00469607751843149,-0.002766586717335445,-5.4524551163758185e-06,3.0822502361944017e-07,12.000000000000433,1.75371957918174e-05,-2.4681895588532513e-05,-3.607093628743943e-11,-3.607093628743943e-11,0.011740193796078727,1.461432982651397e-06
0.278,89.99986520325932,90.0,0.004664388436200563,-0.002748479750812712,-5.416975714792636e-06,3.060994292881207e-07,12.000000000000426,1.7418595479055342e-05,-2.4521289243917284e-05,-3.5593868163724234e-11,-3.5593868163724234e-11,0.011660971090501406,1.4515496232545602e-06
0.2782,89.99986613298839,90.0,0.004632906753978059,-0.002730485963596767,-5.381716064430175e-06,3.03988179888245e-07,12.000000000000423,1.7300773846907046e-05,-2.4361677657914378e-05,-3.512298964090083e-11,-3.512298964090083e-11,0.011582266884945147,1.4417311539088697e-06
0.27840000000000004,89.99986705644173,90.0,0.0046016311754014105,-0.002712604699900676,-5.346674912462338e-06,3.0189118155653914e-07,12.000000000000416,1.7183726004346696e-05,-2.4203055159294536e-05,-3.465822236044938e-11,-3.465822236044938e-11,0.011504077938503525,1.4319771670288418e-06
0.2786,89.99986797366044,90.0,0.004570560411619292,-0.0026948353080302927,-5.311851014007232e-06,2.998083409497475e-07,12.00000000000041,1.7067447088552193e-05,-2.4045416112789944e-05,-3.419948893560406e-11,-3.419948893560406e-11,0.01142640102904823,1.4222872573793007e-06
0.2788,89.99986888468536,90.0,0.004539693181244806,-0.002677177138897806,-5.2772431286622e-06,2.977395653601921e-07,12.000000000000405,1.6951932265403988e-05,-2.3888754903409138e-05,-3.374671291895129e-11,-3.374671291895129e-11,0.011349232953112012,1.4126610221169514e-06
0.279,89.99986978955705,90.0,0.0045090282103256935,-0.0026596295470459677,-5.242850022904747e-06,2.9568476262910304e-07,12.0000000000004,1.6837176728892806e-05,-2.3733065947305442e-05,-3.329981880610302e-11,-3.329981880610302e-11,0.011272570525814235,1.4030980607410205e-06
0.2792,89.99987068831585,90.0,0.004478564232302674,-0.00264219188987937,-5.208670468304393e-06,2.9364384120439814e-07,12.000000000000394,1.672317570130764e-05,-2.357834368368244e-05,-3.2858732014002147e-11,-3.2858732014002147e-11,0.011196410580756683,1.3935979751089243e-06
0.27940000000000004,89.99987158100184,90.0,0.0044482999879766555,-0.00262486352868449,-5.174703243914468e-06,2.9161671005401343e-07,12.000000000000389,1.6609924432633425e-05,-2.3424582585621053e-05,-3.242337888442783e-11,-3.242337888442783e-11,0.011120749969941638,1.384160369386074e-06
0.2796,89.99987246765482,90.0,0.004418234225464388,-0.0026076438271466695,-5.140947132814633e-06,2.8960327878146273e-07,12.000000000000384,1.649741820105814e-05,-2.327177714442838e-05,-3.199368665278744e-11,-3.199368665278744e-11,0.011045585563660967,1.3747848500881343e-06
0.2798,89.9998733483144,90.0,0.004388365700170809,-0.0025905321527326004,-5.10740092534889e-06,2.876034575102779e-07,12.00000000000038,1.6385652312223625e-05,-2.3119921884295386e-05,-3.1569583456818525e-11,-3.1569583456818525e-11,0.010970914250427023,1.3654710260185922e-06
0.28,89.99987422301986,90.0,0.004358693174745945,-0.0025735278759195946,-5.074063417333063e-06,2.856171569417889e-07,12.000000000000373,1.62746220994088e-05,-2.296901135418259e-05,-3.115099831552834e-11,-3.115099831552834e-11,0.010896732936864861,1.3562185082840246e-06
0.2802,89.99987509181028,90.0,0.004329215419050223,-0.0025566303701471636,-5.040933409949086e-06,2.836442883551232e-07,12.00000000000037,1.6164322923413094e-05,-2.2819040127341543e-05,-3.0737861118388236e-11,-3.0737861118388236e-11,0.01082303854762556,1.347026910284383e-06
0.28040000000000004,89.99987595472453,90.0,0.004299931210120663,-0.0025398390124803365,-5.00800971130306e-06,2.8168476354942685e-07,12.000000000000364,1.6054750172114592e-05,-2.2670002808367764e-05,-3.033010262412247e-11,-3.033010262412247e-11,0.010749828025301656,1.3378958476761754e-06
0.2806,89.99987681180117,90.0,0.00427083933212936,-0.002523153182841169,-4.97529113463761e-06,2.797384949016438e-07,12.000000000000359,1.594589926065869e-05,-2.2521894025108525e-05,-2.9927654440300055e-11,-2.9927654440300055e-11,0.010677098330323398,1.3288249383881843e-06
0.2808,89.99987766307855,90.0,0.004241938576350685,-0.0025065722643182083,-4.942776499062456e-06,2.778053953376257e-07,12.000000000000355,1.5837765631183684e-05,-2.2374708431969967e-05,-2.953044901763327e-11,-2.953044901763327e-11,0.010604846440876713,1.3198138025986013e-06
0.281,89.99987850859476,90.0,0.004213227741125109,-0.0024900956427607044,-4.910464628613574e-06,2.758853783610224e-07,12.00000000000035,1.5730344752863274e-05,-2.222844070565816e-05,-2.9138419634881006e-11,-2.9138419634881006e-11,0.010533069352812773,1.3108620627385679e-06
0.2812,89.9998793483877,90.0,0.004184705631827448,-0.002473722708155369,-4.878354355478702e-06,2.7397835793772206e-07,12.000000000000345,1.5623632121143528e-05,-2.2083085559780135e-05,-2.8751500407144318e-11,-2.8751500407144318e-11,0.010461764079568621,1.3019693434285898e-06
0.28140000000000004,89.99988018249496,90.0,0.004156371060819639,-0.0024574528524288035,-4.846444514869968e-06,2.7208424866919053e-07,12.000000000000341,1.551762325856853e-05,-2.1938637721633604e-05,-2.8369626247543406e-11,-2.8369626247543406e-11,0.010390927652049098,1.293135271547341e-06
0.2816,89.99988101095394,90.0,0.004128222847428465,-0.0024412854715480277,-4.814733949939423e-06,2.70202965619132e-07,12.000000000000336,1.5412313713721112e-05,-2.1795091954458297e-05,-2.7992732885125075e-11,-2.7992732885125075e-11,0.010320557118571164,1.28435947614339e-06
0.2818,89.99988183380181,90.0,0.004100259817899097,-0.002425219964034525,-4.7832215083151495e-06,2.6833442442904863e-07,12.00000000000033,1.5307699061722918e-05,-2.165244304175582e-05,-2.762075683619045e-11,-2.762075683619045e-11,0.010250649544747742,1.2756415884768747e-06
0.28200000000000003,89.99988265107548,90.0,0.004072480805366148,-0.002409255731634372,-4.751906043674179e-06,2.664785412604606e-07,12.000000000000327,1.5203774903808994e-05,-2.1510685794409866e-05,-2.7253635403730036e-11,-2.7253635403730036e-11,0.01018120201341537,1.2669812419840483e-06
0.2822,89.99988346281162,90.0,0.004044884649816609,-0.002393392179266483,-4.7207864156295176e-06,2.646352327949064e-07,12.000000000000323,1.5100536867203154e-05,-2.1369815050174774e-05,-2.6891306667539024e-11,-2.6891306667539024e-11,0.01011221162454152,1.2583780722668956e-06
0.28240000000000004,89.99988426904672,90.0,0.004017470198053353,-0.002377628714616383,-4.6898614887883275e-06,2.628044162628325e-07,12.00000000000032,1.4997980605159402e-05,-2.1229825669412184e-05,-2.6533709470062557e-11,-2.6533709470062557e-11,0.01004367549513338,1.2498317170965836e-06
0.2826,89.99988506981698,90.0,0.0039902363036636605,-0.0023619647488028065,-4.659130134317149e-06,2.609860093858135e-07,12.000000000000314,1.4896101796527958e-05,-2.1090712542176395e-05,-2.6180783415796694e-11,-2.6180783415796694e-11,0.009975590759159152,1.2413418163772972e-06
0.2828,89.9998858651584,90.0,0.0039631818269797925,-0.0023463996956120965,-4.628591228160567e-06,2.591799304343321e-07,12.000000000000309,1.4794896145950852e-05,-2.0952470580150715e-05,-2.58324688528677e-11,-2.58324688528677e-11,0.009907954567449483,1.2329080121625392e-06
0.28300000000000003,89.99988665510676,90.0,0.0039363056350485,-0.0023309329721661835,-4.598243652609427e-06,2.5738609816999934e-07,12.000000000000306,1.4694359383431302e-05,-2.081509472374638e-05,-2.548870687257385e-11,-2.548870687257385e-11,0.00984076408762125,1.224529948619244e-06
0.2832,89.99988743969762,90.0,0.0039096066015927135,-0.002315563998513818,-4.568086295353497e-06,2.556044318744443e-07,12.000000000000302,1.4594487264368998e-05,-2.0678579937814186e-05,-2.5149439295638152e-11,-2.5149439295638152e-11,0.009774016503981783,1.2162072720307191e-06
0.28340000000000004,89.99988821896626,90.0,0.0038830836069781863,-0.002300292197583994,-4.538118049379776e-06,2.538348513493141e-07,12.000000000000298,1.4495275569447955e-05,-2.0542921211184172e-05,-2.4814608663130393e-11,-2.4814608663130393e-11,0.009707709017445467,1.2079396307872994e-06
0.2836,89.99988899294779,90.0,0.0038567355381802764,-0.0022851169951395717,-4.508337812871268e-06,2.520772769162743e-07,12.000000000000295,1.439672010452484e-05,-2.040811355620739e-05,-2.4484158227505803e-11,-2.4484158227505803e-11,0.00964183884545069,1.1997266753770404e-06
0.2838,89.9998897616771,90.0,0.003830561288751726,-0.002270037820442831,-4.478744490769899e-06,2.503316293592284e-07,12.000000000000291,1.4298816700192535e-05,-2.027415201583082e-05,-2.415803195218307e-11,-2.415803195218307e-11,0.009576403221879316,1.191568058349349e-06
0.28400000000000003,89.99989052518882,90.0,0.003804559758782401,-0.002255054105488711,-4.4493369929926644e-06,2.485978299820984e-07,12.000000000000286,1.420156121197293e-05,-2.0141031655522353e-05,-2.3836174494014867e-11,-2.3836174494014867e-11,0.009511399396956001,1.1834634343310494e-06
0.2842,89.99989128351741,90.0,0.0037787298548681296,-0.002240165285316578,-4.42011423516722e-06,2.468758005799343e-07,12.000000000000282,1.4104949520048089e-05,-2.0008747566600585e-05,-2.3518531198856638e-11,-2.3518531198856638e-11,0.009446824637170323,1.1754124600039797e-06
0.2844,89.99989203669708,90.0,0.0037530704900757056,-0.002225370797250812,-4.391075136864068e-06,2.4516546349669427e-07,12.000000000000277,1.4008977529470729e-05,-1.987729485823241e-05,-2.3205048084636287e-11,-2.3205048084636287e-11,0.009382676225189264,1.1674147941225338e-06
0.2846,89.99989278476183,90.0,0.0037275805839168067,-0.0022106700826407515,-4.3622186256699154e-06,2.43466741480795e-07,12.000000000000274,1.3913641169256237e-05,-1.974666867587205e-05,-2.2895671853689136e-11,-2.2895671853689136e-11,0.009318951459792016,1.1594700974379932e-06
0.2848,89.99989352774543,90.0,0.003702259062301836,-0.0021960625850198827,-4.333543632894123e-06,2.417795578295612e-07,12.00000000000027,1.3818936393047807e-05,-1.9616864181825248e-05,-2.25903498633079e-11,-2.25903498633079e-11,0.00925564765575459,1.151578032753958e-06
0.28500000000000003,89.99989426568145,90.0,0.003677104857514997,-0.002181547750781585,-4.305049095153882e-06,2.401038363314458e-07,12.000000000000266,1.3724859178704515e-05,-1.9487876562424982e-05,-2.2289030125937764e-11,-2.2289030125937764e-11,0.009192762143787492,1.1437382648920174e-06
0.2852,89.99989499860327,90.0,0.0036521169081814584,-0.0021671250298438234,-4.276733955935263e-06,2.3843950120825025e-07,12.000000000000263,1.3631405527862835e-05,-1.93597010350979e-05,-2.199166130896663e-11,-2.199166130896663e-11,0.009130292270453646,1.1359504606552114e-06
0.2854,89.99989572654403,90.0,0.0036272941592269733,-0.0021527938745269544,-4.248597162978431e-06,2.36786477201794e-07,12.00000000000026,1.3538571466293052e-05,-1.9232332836527882e-05,-2.1698192714238474e-11,-2.1698192714238474e-11,0.009068235398067432,1.12821428885773e-06
0.2856,89.99989644953665,90.0,0.0036026355618503586,-0.002138553740225843,-4.220637669854903e-06,2.35144689516135e-07,12.000000000000256,1.3446353043478639e-05,-1.9105767229795857e-05,-2.1408574278196205e-11,-2.1408574278196205e-11,0.009006588904625896,1.1205294202898626e-06
0.2858,89.99989716761385,90.0,0.003578140073488372,-0.0021244040850055476,-4.192854435029911e-06,2.3351406384645932e-07,12.000000000000252,1.3354746332662236e-05,-1.8979999500135403e-05,-2.1122756559863254e-11,-2.1122756559863254e-11,0.00894535018372093,1.1128955277218296e-06
0.28600000000000003,89.99989788080818,90.0,0.003553806657785071,-0.0021103443699138098,-4.165246422599588e-06,2.3189452635019148e-07,12.000000000000249,1.3263747430578585e-05,-1.8855024958269743e-05,-2.084069073697835e-11,-2.084069073697835e-11,0.008884516644462676,1.1053122858815258e-06
0.2862,89.99989858915194,90.0,0.0035296342845576164,-0.0020963740589333103,-4.137812602186735e-06,2.3028600364699424e-07,12.000000000000247,1.3173352457339584e-05,-1.8730838939939957e-05,-2.0562328598123746e-11,-2.0562328598123746e-11,0.00882408571139404,1.0977793714449427e-06
0.2864,89.99989929267721,90.0,0.003505621929762704,-0.002082492618579522,-4.110551948007931e-06,2.2868842284765873e-07,12.000000000000243,1.308355755648547e-05,-1.8607436801681993e-05,-2.0287622531122276e-11,-2.0287622531122276e-11,0.008764054824406758,1.0902964630404337e-06
0.2866,89.99989999141592,90.0,0.003481768575467469,-0.002068699518570632,-4.0834634404459886e-06,2.2710171149632438e-07,12.000000000000242,1.2994358894558925e-05,-1.8484813927944806e-05,-2.001652552323762e-11,-2.001652552323762e-11,0.008704421438668673,1.082863241213222e-06
0.2868,89.99990068539975,90.0,0.003458073209813068,-0.0020549942314214177,-4.0565460651083835e-06,2.2552579759936907e-07,12.000000000000238,1.2905752661146674e-05,-1.8362965726828077e-05,-1.9748991149629327e-11,-1.9748991149629327e-11,0.00864518302453267,1.0754793884288681e-06
0.28700000000000003,89.99990137466021,90.0,0.003434534826982223,-0.002041376232042662,-4.029798811897757e-06,2.2396060965429882e-07,12.000000000000234,1.2817735068934472e-05,-1.824188762587462e-05,-1.9484973562144194e-11,-1.9484973562144194e-11,0.008586337067455558,1.0681445890778517e-06
0.2872,89.9999020592286,90.0,0.003411152427172166,-0.0020278449987691854,-4.003220677421152e-06,2.2240607656307836e-07,12.000000000000231,1.2730302353123936e-05,-1.812157508297641e-05,-1.9224427493426854e-11,-1.9224427493426854e-11,0.008527881067930414,1.0608585294269742e-06
0.2874,89.99990273913602,90.0,0.0033879250165551643,-0.002014400012238921,-3.976810662378e-06,2.2086212771880054e-07,12.000000000000227,1.2643450771792052e-05,-1.8002023574550618e-05,-1.8967308238122202e-11,-1.8967308238122202e-11,0.00846981254138791,1.0536208976493177e-06
0.2876,89.99990341441335,90.0,0.003364851607252335,-0.0020010407557116226,-3.950567772310869e-06,2.1932869297679655e-07,12.000000000000224,1.2557176605639077e-05,-1.7883228598938093e-05,-1.871357164965641e-11,-1.871357164965641e-11,0.008412129018130838,1.046431383803237e-06
0.2878,89.9999040850913,90.0,0.003341931217303485,-0.00198776671573729,-3.9244910191746624e-06,2.178057025968562e-07,12.00000000000022,1.2471476157559021e-05,-1.7765185683506704e-05,-1.8463174140538222e-11,-1.8463174140538222e-11,0.008354828043258712,1.039289679796566e-06
0.28800000000000003,89.99990475120039,90.0,0.003319162870629344,-0.0019745773813929016,-3.898579419560384e-06,2.162930873010076e-07,12.000000000000218,1.2386345752840808e-05,-1.764789037661079e-05,-1.8216072667744106e-11,-1.8216072667744106e-11,0.00829790717657336,1.032195479403382e-06
0.2882,89.99990541277091,90.0,0.0032965455970029325,-0.001961472244242436,-3.8728319946078616e-06,2.1479077827351718e-07,12.000000000000217,1.2301781739072043e-05,-1.7531338247196083e-05,-1.7972224725904013e-11,-1.7972224725904013e-11,0.008241363992507331,1.025148478255985e-06
0.2884,89.99990606983299,90.0,0.003274078432020755,-0.0019484507986519113,-3.847247770748499e-06,2.1329870713199993e-07,12.000000000000213,1.2217780485878086e-05,-1.741552488816193e-05,-1.7731588344158768e-11,-1.7731588344158768e-11,0.008185196080051887,1.0181483738231558e-06
0.2886,89.99990672241655,90.0,0.003251760417070891,-0.0019355125421001186,-3.821825780438606e-06,2.1181680589852922e-07,12.00000000000021,1.2134338384650732e-05,-1.7300445919680935e-05,-1.7494122082896235e-11,-1.7494122082896235e-11,0.008129401042677228,1.0111948653875433e-06
0.2888,89.99990737055134,90.0,0.0032295905992972885,-0.001922656974418211,-3.7965650603894108e-06,2.1034500705741692e-07,12.000000000000206,1.2051451848756306e-05,-1.7186096981186636e-05,-1.7259785019735275e-11,-1.7259785019735275e-11,0.008073976498243221,1.0042876540630082e-06
0.28900000000000003,89.9999080142669,90.0,0.0032075680315727414,-0.0019098835984625207,-3.7714646531458373e-06,2.0888324349743337e-07,12.000000000000204,1.1969117313116683e-05,-1.7072473738520253e-05,-1.7028536750120764e-11,-1.7028536750120764e-11,0.008018920078931853,9.974264427597066e-07
0.2892,89.99990865359256,90.0,0.0031856917724644752,-0.001897191919000696,-3.746523604489912e-06,2.0743144859847715e-07,12.000000000000203,1.1887331234585797e-05,-1.6959571872176558e-05,-1.680033737011031e-11,-1.680033737011031e-11,0.007964229431161188,9.906109362154663e-07
0.2894,89.99990928855752,90.0,0.00316396088621191,-0.0018845814444570037,-3.7217409675258126e-06,2.0598955608712563e-07,12.000000000000199,1.1806090091054568e-05,-1.684738709579586e-05,-1.6575147487652733e-11,-1.6575147487652733e-11,0.007909902215529774,9.838408409211976e-07
0.2896,89.99990991919073,90.0,0.0031423744426850382,-0.0018720516850778593,-3.6971157984001643e-06,2.0455750018108446e-07,12.000000000000195,1.1725390382131291e-05,-1.673591513679087e-05,-1.6352928198424164e-11,-1.6352928198424164e-11,0.007855936106712596,9.771158651775917e-07
0.2898,89.99991054552102,90.0,0.0031209315173635504,-0.001859602154323768,-3.6726471595606992e-06,2.031352154736278e-07,12.000000000000194,1.1645228628415224e-05,-1.6625151751097817e-05,-1.6133641093635723e-11,-1.6133641093635723e-11,0.007802328793408876,9.704357190345864e-07
0.29000000000000004,89.99991116757698,90.0,0.0030996311912998412,-0.0018472323681071275,-3.648334117982349e-06,2.0172263699137844e-07,12.000000000000192,1.1565601371700333e-05,-1.6515092715146436e-05,-1.591724824667106e-11,-1.591724824667106e-11,0.007749077978249603,9.638001143083458e-07
0.2902,89.99991178538706,90.0,0.003078472551091141,-0.0018349418451085852,-3.624175745912872e-06,2.003197001654176e-07,12.000000000000188,1.1486505174717564e-05,-1.6405733829235225e-05,-1.570371221037887e-11,-1.570371221037887e-11,0.007696181377727853,9.57208764559782e-07
0.2904,89.99991239897948,90.0,0.0030574546888475834,-0.001822730106021915,-3.6001711191143933e-06,1.9892634088906487e-07,12.000000000000185,1.1407936621355597e-05,-1.629707090957133e-05,-1.5492996004177075e-11,-1.5492996004177075e-11,0.007643636722118959,9.506613851129518e-07
0.2906,89.99991300838231,90.0,0.0030365767021694346,-0.0018105966749433035,-3.5763193201162622e-06,1.9754249540231858e-07,12.000000000000185,1.1329892315928071e-05,-1.6189099802995428e-05,-1.5285063121645643e-11,-1.5285063121645643e-11,0.0075914417554235865,9.441576929939914e-07
0.2908,89.99991361362346,90.0,0.003015837694107773,-0.0017985410782506363,-3.552619435603503e-06,1.9616810037852558e-07,12.000000000000181,1.1252368883533577e-05,-1.608181637515989e-05,-1.5079877514212267e-11,-1.5079877514212267e-11,0.0075395942352694326,9.376974069611173e-07
0.29100000000000004,89.99991421473061,90.0,0.002995236773138666,-0.0017865628445674425,-3.5290705563381044e-06,1.948030929243811e-07,12.000000000000178,1.1175362969968845e-05,-1.597521651017249e-05,-1.487740358541783e-11,-1.487740358541783e-11,0.007488091932846666,9.312802474973899e-07
0.2912,89.9999148117313,90.0,0.002974773053137276,-0.0017746615054372822,-3.505671778741233e-06,1.9344741052214907e-07,12.000000000000176,1.1098871241313577e-05,-1.586929611775867e-05,-1.4677606191773194e-11,-1.4677606191773194e-11,0.00743693263284319,9.249059367761178e-07
0.2914,89.99991540465288,90.0,0.0029544456533444527,-0.0017628365952771022,-3.4824222047914066e-06,1.92100991029662e-07,12.000000000000174,1.1022890383818135e-05,-1.5764051132800607e-05,-1.4480450636813555e-11,-1.4480450636813555e-11,0.007386114133361131,9.185741986514979e-07
0.2916,89.99991599352254,90.0,0.002934253698333892,-0.0017510876502655611,-3.4593209394326745e-06,1.9076377276699087e-07,12.00000000000017,1.094741710428534e-05,-1.56594775036047e-05,-1.4285902655594264e-11,-1.4285902655594264e-11,0.007335634245834731,9.122847586904321e-07
0.2918,89.99991657836725,90.0,0.0029141963179918286,-0.0017394142097357684,-3.4363670938350167e-06,1.894356944008853e-07,12.00000000000017,1.087244812934593e-05,-1.555557120666057e-05,-1.4093928422230144e-11,-1.4093928422230144e-11,0.007285490794979572,9.060373441121479e-07
0.29200000000000004,89.99991715921387,90.0,0.0028942726474810707,-0.0017278158150592481,-3.413559782792999e-06,1.8811669503144342e-07,12.000000000000167,1.0797980205829864e-05,-1.545232823486543e-05,-1.3904494534505041e-11,-1.3904494534505041e-11,0.0072356816187026775,8.998316838191428e-07
0.2922,89.99991773608903,90.0,0.002874481827217427,-0.0017162920106788416,-3.390898127145636e-06,1.8680671410544206e-07,12.000000000000163,1.0724010100194882e-05,-1.534974460847819e-05,-1.3717568018060817e-11,-1.3717568018060817e-11,0.007186204568043567,8.936675083495613e-07
0.2924,89.99991830901922,90.0,0.002854823002834742,-0.0017048423429940687,-3.3683812511781006e-06,1.8550569150300656e-07,12.000000000000163,1.0650534598901154e-05,-1.5247816363357658e-05,-1.3533116311302475e-11,-1.3533116311302475e-11,0.007137057507086855,8.875445499084174e-07
0.2926,89.99991887803077,90.0,0.0028352953251623066,-0.0016934663613954095,-3.346008285044596e-06,1.8421356745094105e-07,12.00000000000016,1.0577550507843145e-05,-1.5146539561930271e-05,-1.3351107269613309e-11,-1.3351107269613309e-11,0.007088238312905767,8.814625423202504e-07
0.2928,89.99991944314982,90.0,0.002815897950190768,-0.0016821636175061534,-3.3237783630032905e-06,1.8293028258050808e-07,12.000000000000158,1.050505465256315e-05,-1.5045910285200081e-05,-1.3171509153632231e-11,-1.3171509153632231e-11,0.00703974487547692,8.754212210469177e-07
0.29300000000000004,89.99992000440234,90.0,0.0027966300390465716,-0.0016709336655019898,-3.3016906241689953e-06,1.8165577789853896e-07,12.000000000000156,1.0433043878001308e-05,-1.4945924636155948e-05,-1.2994290627192808e-11,-1.2994290627192808e-11,0.006991575097616429,8.694203231667643e-07
0.2932,89.99992056181415,90.0,0.002777490757962476,-0.0016597760617145707,-3.2797442115927296e-06,1.8038999481632358e-07,12.000000000000153,1.0361515048560541e-05,-1.484657873560495e-05,-1.281942074905064e-11,-1.281942074905064e-11,0.00694372689490619,8.634595873800342e-07
0.2934,89.99992111541088,90.0,0.002758479278253052,-0.001648690365663106,-3.2579382746787316e-06,1.7913287506294055e-07,12.000000000000153,1.029046504753201e-05,-1.4747868733113601e-05,-1.2646868976974481e-11,-1.2646868976974481e-11,0.00689619819563263,8.575387539609899e-07
0.2936,89.99992166521801,90.0,0.0027395947762782354,-0.0016376761382271275,-3.23627196492054e-06,1.7788436082970696e-07,12.00000000000015,1.021989077779289e-05,-1.4649790787706149e-05,-1.2476605147322622e-11,-1.2476605147322622e-11,0.006848986940695588,8.516575648160637e-07
0.2938,89.99992221126087,90.0,0.0027208364334275746,-0.0016267329437561141,-3.2147444408363817e-06,1.7664439459683882e-07,12.000000000000147,1.0149789160769061e-05,-1.4552341090205844e-05,-1.2308599488431974e-11,-1.2308599488431974e-11,0.006802091083568937,8.458157633974114e-07
0.29400000000000004,89.99992275356459,90.0,0.0027022034360805742,-0.0016158603482377678,-3.193354863695456e-06,1.7541291927790056e-07,12.000000000000146,1.0080157137122084e-05,-1.4455515843888897e-05,-1.2142822600379688e-11,-1.2142822600379688e-11,0.006755508590201436,8.400130947601634e-07
0.2942,89.99992329215418,90.0,0.0026836949755879042,-0.0016050579206928627,-3.172102400782939e-06,1.7418987810424552e-07,12.000000000000144,1.0010991666029792e-05,-1.4359311279264335e-05,-1.1979245462220094e-11,-1.1979245462220094e-11,0.0067092374389697606,8.342493055024727e-07
0.2944,89.99992382705443,90.0,0.0026653102482366753,-0.0015943252317056735,-3.1509862219718626e-06,1.7297521474057545e-07,12.000000000000142,9.942289725725816e-06,-1.4263723638555759e-05,-1.1817839415183641e-11,-1.1817839415183641e-11,0.00666327562059169,8.285241438104749e-07
0.29460000000000003,89.99992435829003,90.0,0.0026470484552326514,-0.0015836618551754965,-3.1300055038217446e-06,1.717688731404911e-07,12.000000000000139,9.874048312619458e-06,-1.4168749194254812e-05,-1.1658576172788203e-11,-1.1658576172788203e-11,0.006617621138081629,8.228373593849453e-07
0.2948,89.99992488588549,90.0,0.0026289088026619292,-0.0015730673668420585,-3.1091594261395082e-06,1.705707976620517e-07,12.000000000000139,9.806264441823123e-06,-1.4074384233553331e-05,-1.1501427804170702e-11,-1.1501427804170702e-11,0.006572272006654823,8.171887034852509e-07
0.29500000000000004,89.99992540986517,90.0,0.0026108905014703174,-0.001562541344967269,-3.0884471735777737e-06,1.6938093300999535e-07,12.000000000000135,9.738935146754896e-06,-1.3980625065578402e-05,-1.1346366735396869e-11,-1.1346366735396869e-11,0.006527226253675794,8.115779288962322e-07
0.2952,89.99992593025324,90.0,0.002592992767434027,-0.001552083370294295,-3.067867935545515e-06,1.6819922423573883e-07,12.000000000000135,9.672057479039975e-06,-1.3887468020987931e-05,-1.1193365744776941e-11,-1.1193365744776941e-11,0.006482481918585068,8.060047899199888e-07
0.2954,89.99992644707373,90.0,0.0025752148211316385,-0.0015416930256531465,-3.047420905292047e-06,1.6702561676626757e-07,12.000000000000131,9.605628508580518e-06,-1.3794909447824082e-05,-1.1042397955442022e-11,-1.1042397955442022e-11,0.006438037052829096,8.00469042381701e-07
0.29560000000000003,89.99992696035056,90.0,0.00255755588791985,-0.001531369896282091,-3.0271052806636807e-06,1.6586005637524584e-07,12.000000000000131,9.539645323310052e-06,-1.3702945714938473e-05,-1.0893436833756909e-11,-1.0893436833756909e-11,0.006393889719799625,7.949704436091623e-07
0.2958,89.99992747010742,90.0,0.0025400151979060853,-0.0015211135697894003,-3.0069202640202193e-06,1.6470248918301652e-07,12.000000000000128,9.474105029101384e-06,-1.3611573211614163e-05,-1.0746456184844505e-11,-1.0746456184844505e-11,0.006350037994765212,7.895087524251069e-07
0.29600000000000004,89.99992797636789,90.0,0.0025225919859213643,-0.0015109236357602066,-2.9868650613217153e-06,1.6355286168549128e-07,12.000000000000128,9.409004749839466e-06,-1.3520788343431634e-05,-1.060143014541008e-11,-1.060143014541008e-11,0.00630647996480341,7.840837291532805e-07
0.2962,89.99992847915539,90.0,0.0025052854914975127,-0.0015007996867904892,-2.9669388845506963e-06,1.6241112066748075e-07,12.000000000000124,9.344341626852587e-06,-1.3430587543233606e-05,-1.0458333187777026e-11,-1.0458333187777026e-11,0.006263213728743782,7.786951355710409e-07
0.2964,89.99992897849319,90.0,0.0024880949588329364,-0.0014907413170182036,-2.9471409482855738e-06,1.6127721331825402e-07,12.000000000000124,9.280112819453574e-06,-1.334096725561371e-05,-1.0317140104394155e-11,-1.0317140104394155e-11,0.006220237397082341,7.733427349544565e-07
0.29660000000000003,89.99992947440441,90.0,0.0024710196367746626,-0.0014807481235192918,-2.9274704729681815e-06,1.6015108711597918e-07,12.00000000000012,9.216315504223163e-06,-1.3251923951707819e-05,-1.0177826014742486e-11,-1.0177826014742486e-11,0.006177549091936656,7.680262920185892e-07
0.2968,89.999929966912,90.0,0.0024540587787847557,-0.0014708197048397035,-2.9079266814791333e-06,1.5903268994328292e-07,12.00000000000012,9.152946875553354e-06,-1.3163454113691552e-05,-1.0040366350116818e-11,-1.0040366350116818e-11,0.00613514694696189,7.627455729627718e-07
0.29700000000000004,89.99993045603881,90.0,0.0024372116429236964,-0.0014609556627485476,-2.88850880324001e-06,1.57921969942801e-07,12.000000000000119,9.090004144771223e-06,-1.3075554253349841e-05,-9.904736863177488e-12,-9.904736863177488e-12,0.006093029107309241,7.575003453975943e-07
0.2972,89.99993094180748,90.0,0.0024204774918132853,-0.0014511556004099375,-2.869216069947438e-06,1.5681887566162762e-07,12.000000000000117,9.027484540834525e-06,-1.298822089276618e-05,-9.77091361019913e-12,-9.77091361019913e-12,0.006051193729533213,7.522903784028697e-07
0.2974,89.99993142424056,90.0,0.0024038555926206625,-0.0014414191237817637,-2.850047718846659e-06,1.557233559357561e-07,12.000000000000115,8.96538530962173e-06,-1.2901450579141256e-05,-9.638872957920221e-12,-9.638872957920221e-12,0.006009638981551657,7.471154424684702e-07
0.29760000000000003,89.9999319033604,90.0,0.0023873452170262758,-0.001431745840860427,-2.831002990972762e-06,1.546353599478584e-07,12.000000000000114,8.903703714152449e-06,-1.2815239876831435e-05,-9.508591574091462e-12,-9.508591574091462e-12,0.00596836304256569,7.41975309512697e-07
0.2978,89.99993237918926,90.0,0.0023709456412007,-0.0014221353616484713,-2.812081131080021e-06,1.535548372272853e-07,12.000000000000114,8.842437034509533e-06,-1.2729585367028902e-05,-9.380046423613827e-12,-9.380046423613827e-12,0.00592736410300175,7.368697528757874e-07
0.298,89.99993285174921,90.0,0.002354656145781506,-0.0014125872984775594,-2.793281388401968e-06,1.5248173762117638e-07,12.00000000000011,8.781582567597227e-06,-1.2644483651202326e-05,-9.253214767305453e-12,-9.253214767305453e-12,0.005886640364453764,7.317985472997622e-07
0.2982,89.99993332106219,90.0,0.002338476015846626,-0.0014031012659712827,-2.7746030165702035e-06,1.5141601129446018e-07,12.00000000000011,8.72113762705165e-06,-1.2559931350729318e-05,-9.128074158002509e-12,-9.128074158002509e-12,0.0058461900396165655,7.267614689209642e-07
0.2984,89.99993378715001,90.0,0.0023224045408881005,-0.0013936768810085057,-2.7560452735343806e-06,1.50357608729854e-07,12.000000000000107,8.661099543152528e-06,-1.2475925106534234e-05,-9.004602436717322e-12,-9.004602436717322e-12,0.005806011352220252,7.217582952627042e-07
0.29860000000000003,89.99993425003434,90.0,0.002306441014786336,-0.001384313762687421,-2.737607421483736e-06,1.4930648072786406e-07,12.000000000000107,8.601465662736657e-06,-1.2392461578732961e-05,-8.882777728854493e-12,-8.882777728854493e-12,0.005766102536965839,7.167888052280484e-07
0.2988,89.99993470973669,90.0,0.002290584735784509,-0.0013750115319345435,-2.7192887259385134e-06,1.4826257843567535e-07,12.000000000000107,8.542233349275933e-06,-1.2309537442520021e-05,-8.762578437971197e-12,-8.762578437971197e-12,0.005726461839461273,7.118527791063214e-07
0.299,89.99993516627845,90.0,0.0022748350064676712,-0.001365769812186074,-2.7010884573474057e-06,1.4722585328937178e-07,12.000000000000103,8.483399982478967e-06,-1.222714939539978e-05,-8.643983247225109e-12,-8.643983247225109e-12,0.005687087516169178,7.069499985399079e-07
0.2992,89.99993561968084,90.0,0.0022591911337341685,-0.0013565882286374529,-2.6830058893393045e-06,1.4619625707171603e-07,12.000000000000103,8.424962958523136e-06,-1.2145294149272573e-05,-8.526971110665692e-12,-8.526971110665692e-12,0.005647977834335421,7.020802465435886e-07
0.2994,89.99993606996496,90.0,0.0022436524287753634,-0.0013474664085703159,-2.6650402994920593e-06,1.4517374188325969e-07,12.0000000000001,8.366919689822361e-06,-1.2063968433914673e-05,-8.411521252259606e-12,-8.411521252259606e-12,0.005609131071938409,6.97243307485191e-07
0.29960000000000003,89.99993651715181,90.0,0.0022282182070516884,-0.0013384039820296036,-2.6471909709206307e-06,1.4415826008456335e-07,12.0000000000001,8.309267604618464e-06,-1.1983169004167466e-05,-8.297613167249666e-12,-8.297613167249666e-12,0.00557054551762922,6.924389670515329e-07
0.2998,89.99993696126218,90.0,0.0022128877882610595,-0.0013294005807136453,-2.629457189689109e-06,1.4314976438286638e-07,12.0000000000001,8.252004147367191e-06,-1.1902892628222306e-05,-8.185226611146335e-12,-8.185226611146335e-12,0.005532219470652649,6.876670122805935e-07
0.3,89.9999374023168,90.0,0.0021976604963200364,-0.00132045583865839,-2.6118382464144144e-06,1.4214820777430714e-07,12.000000000000096,8.195126778346732e-06,-1.1823136094880066e-05,-8.074341601265722e-12,-8.074341601265722e-12,0.005494151240800091,6.829272315288889e-07
0.3002,89.9999378403362,90.0,0.00218253565933677,-0.0013115693914890992,-2.5943334345227166e-06,1.4115354360170275e-07,12.000000000000096,8.138632973894925e-06,-1.1743896205658389e-05,-7.964938408447508e-12,-7.964938408447508e-12,0.005456339148341926,6.782194144912383e-07
0.3004,89.99993827534082,90.0,0.0021675126095931385,-0.0013027408774612132,-2.576942052686686e-06,1.4016572546787937e-07,12.000000000000094,8.082520225857e-06,-1.1665169785824507e-05,-7.856997560998482e-12,-7.856997560998482e-12,0.005418781523982847,6.735433521547447e-07
0.30060000000000003,89.99993870735094,90.0,0.002152590683514348,-0.0012939699363520938,-2.5596634022411315e-06,1.3918470732234186e-07,12.000000000000092,8.02678604197557e-06,-1.1586953672696481e-05,-7.750499834084748e-12,-7.750499834084748e-12,0.00538147670878587,6.688988368312924e-07
0.3008,89.99993913638671,90.0,0.002137769221651665,-0.0012852562108579993,-2.5424967904526423e-06,1.3821044334571442e-07,12.000000000000092,7.971427945176358e-06,-1.1509244730444061e-05,-7.645426256011235e-12,-7.645426256011235e-12,0.005344423054129162,6.642856620980247e-07
0.301,89.99993956246819,90.0,0.0021230475686490054,-0.0012765993447710748,-2.525441526264903e-06,1.372428880941898e-07,12.00000000000009,7.916443474276157e-06,-1.143203983082878e-05,-7.541758093035743e-12,-7.541758093035743e-12,0.0053076189216225145,6.597036228563414e-07
0.3012,89.99993998561523,90.0,0.0021084250732301807,-0.0012679989843826342,-2.5084969235821037e-06,1.3628199638396974e-07,12.000000000000089,7.861830183283729e-06,-1.1355335868067137e-05,-7.439476855741158e-12,-7.439476855741158e-12,0.005271062683075453,6.551525152736392e-07
0.3014,89.99994040584764,90.0,0.002093901088170393,-0.0012594547780880845,-2.4916623003514753e-06,1.3532772332015511e-07,12.000000000000089,7.807585641468033e-06,-1.1279129754677461e-05,-7.338564293406163e-12,-7.338564293406163e-12,0.0052347527204259815,6.506321367889979e-07
0.30160000000000003,89.99994082318503,90.0,0.002079474970272272,-0.0012509663763534701,-2.4749369784902634e-06,1.3438002429674563e-07,12.000000000000087,7.753707433277677e-06,-1.1203418421149341e-05,-7.239002390848756e-12,-7.239002390848756e-12,0.005198687425680679,6.461422861064684e-07
0.3018,89.99994123764694,90.0,0.0020651460803419136,-0.001242533431326744,-2.458320282982116e-06,1.3343885502552993e-07,12.000000000000085,7.700193158424421e-06,-1.1128198811853202e-05,-7.140773363051516e-12,-7.140773363051516e-12,0.005162865200854783,6.416827632020306e-07
0.302,89.99994164925272,90.0,0.0020509137831697813,-0.0012341555975216413,-2.4418115434800052e-06,1.325041714783057e-07,12.000000000000085,7.647040431490846e-06,-1.1053467892296321e-05,-7.043859656714606e-12,-7.043859656714606e-12,0.005127284457924454,6.372533692908993e-07
0.3022,89.99994205802163,90.0,0.002036777447503528,-0.0012258325310691939,-2.4254100925622608e-06,1.3157592994465952e-07,12.000000000000083,7.5942468821671235e-06,-1.0979222641228342e-05,-6.948243942647204e-12,-6.948243942647204e-12,0.005091943618758822,6.328539068472559e-07
0.3024,89.99994246397283,90.0,0.0020227364460295213,-0.0012175638904024701,-2.409115267337381e-06,1.3065408697418693e-07,12.000000000000082,7.5418101548607715e-06,-1.090546005790584e-05,-6.853909117345186e-12,-6.853909117345186e-12,0.005056841115073804,6.284841795717267e-07
0.30260000000000004,89.99994286712528,90.0,0.002008790155346465,-0.00120934933550921,-2.392926407702512e-06,1.2973859943427244e-07,12.000000000000082,7.489727908936119e-06,-1.0832177154208902e-05,-6.760838295534841e-12,-6.760838295534841e-12,0.005021975388366163,6.24143992411339e-07
0.3028,89.9999432674979,90.0,0.001994937955947521,-0.0012011885289726684,-2.3768428587806417e-06,1.2882942442341972e-07,12.00000000000008,7.437997818162008e-06,-1.0759370965673688e-05,-6.669014813956335e-12,-6.669014813956335e-12,0.004987344889868801,6.198331515134965e-07
0.303,89.99994366510941,90.0,0.0019811792321907415,-0.0011930811348645227,-2.3608639683387893e-06,1.279265193579213e-07,12.000000000000078,7.38661757110458e-06,-1.068703853980522e-05,-6.57842222176638e-12,-6.57842222176638e-12,0.004952948080476854,6.15551464258711e-07
0.3032,89.99994405997849,90.0,0.001967513372281849,-0.0011850268194313668,-2.344989088396637e-06,1.2702984191407873e-07,12.000000000000078,7.335584870741265e-06,-1.0615176943359263e-05,-6.489044282162267e-12,-6.489044282162267e-12,0.0049187834307046225,6.112987392284348e-07
0.3034,89.9999444521236,90.0,0.0019539397682494164,-0.001177025250349518,-2.329217573489755e-06,1.2613935008598243e-07,12.000000000000078,7.284897434705475e-06,-1.0543783254480374e-05,-6.400864965221177e-12,-6.400864965221177e-12,0.0048848494206235405,6.070747862254523e-07
0.30360000000000004,89.99994484156318,90.0,0.0019404578159284641,-0.0011690760981231947,-2.3135487839418727e-06,1.2525500206995216e-07,12.000000000000075,7.234552994575208e-06,-1.0472854577514651e-05,-6.313868453792402e-12,-6.313868453792402e-12,0.00485114453982116,6.028794162145969e-07
0.3038,89.99994522831545,90.0,0.0019270669149281119,-0.0011611790342629974,-2.297982081613438e-06,1.243767564089864e-07,12.000000000000075,7.18454929658461e-06,-1.0402388023764535e-05,-6.228039129911433e-12,-6.228039129911433e-12,0.00481766728732028,5.987124413820471e-07
0.304,89.9999456123986,90.0,0.0019137664686199507,-0.0011533337326907573,-2.282516833188456e-06,1.235045718772028e-07,12.000000000000075,7.134884100928644e-06,-1.0332380726367498e-05,-6.1433615807750466e-12,-6.1433615807750466e-12,0.004784416171549876,5.945736750773833e-07
0.3042,89.99994599383065,90.0,0.0019005558841105438,-0.0011455398693458654,-2.2671524092600892e-06,1.2263840750872805e-07,12.000000000000073,7.0855551818347056e-06,-1.0262829836156784e-05,-6.05982059382234e-12,-6.05982059382234e-12,0.004751389710276359,5.904629318195552e-07
0.3044,89.99994637262951,90.0,0.001887434572218311,-0.0011377971214424608,-2.251888182599079e-06,1.2177822265547775e-07,12.000000000000071,7.03656032781304e-06,-1.0193732513822992e-05,-5.977401149925361e-12,-5.977401149925361e-12,0.004718586430545777,5.863800273177499e-07
0.30460000000000004,89.99994674881297,90.0,0.0018744019474588036,-0.001130105168514678,-2.236723530600557e-06,1.2092397690048663e-07,12.000000000000071,6.987897341115049e-06,-1.0125085940990177e-05,-5.89608842713385e-12,-5.89608842713385e-12,0.004686004868647009,5.823247784262506e-07
0.3048,89.99994712239872,90.0,0.0018614574280181996,-0.0011224636920243725,-2.221657834372694e-06,1.2007563008679857e-07,12.000000000000071,6.939564037808261e-06,-1.0056887316090385e-05,-5.815867795919205e-12,-5.815867795919205e-12,0.004653643570045499,5.78297003150685e-07
0.305,89.99994749340433,90.0,0.001848600435731317,-0.0011148723753304202,-2.2066904786696867e-06,1.192331423174664e-07,12.000000000000068,6.891558247702408e-06,-9.989133854060311e-06,-5.736724816612691e-12,-5.736724816612691e-12,0.004621501089328292,5.742965206418641e-07
0.3052,89.99994786184723,90.0,0.0018358303960597348,-0.0011073309029476237,-2.1918208501639237e-06,1.1839647401333187e-07,12.000000000000068,6.843877814604009e-06,-9.92182277851982e-06,-5.6586452328620104e-12,-5.6586452328620104e-12,0.004589575990149337,5.703231512169975e-07
0.3054,89.99994822774477,90.0,0.0018231467380786471,-0.001099838962304719,-2.1770483415587737e-06,1.1756558576857616e-07,12.000000000000068,6.796520595451861e-06,-9.854951340389511e-06,-5.581614979344405e-12,-5.581614979344405e-12,0.004557866845196618,5.663767162876519e-07
0.30560000000000004,89.99994859111415,90.0,0.001810548894443483,-0.001092396241566134,-2.162372346503414e-06,1.1674043852405914e-07,12.000000000000068,6.749484461189196e-06,-9.788516794871422e-06,-5.505620167089479e-12,-5.505620167089479e-12,0.004526372236108708,5.624570384324298e-07
0.3058,89.9999489519725,90.0,0.001798036301381378,-0.0010850024317517121,-2.1477922645502604e-06,1.1592099339398006e-07,12.000000000000064,6.702767295750643e-06,-9.722516423890069e-06,-5.430647093204042e-12,-5.430647093204042e-12,0.004495090753453446,5.585639413125506e-07
0.306,89.99994931033679,90.0,0.0017856083986586102,-0.001077657224914888,-2.1333074969028626e-06,1.1510721181032708e-07,12.000000000000064,6.656366996773067e-06,-9.656947516844235e-06,-5.356682228390937e-12,-5.356682228390937e-12,0.004464020996646526,5.546972497310859e-07
0.3062,89.99994966622391,90.0,0.001773264629568734,-0.001070360315191931,-2.118917448871442e-06,1.1429905543620749e-07,12.000000000000064,6.6102814750634875e-06,-9.591807381722576e-06,-5.283712220648135e-12,-5.283712220648135e-12,0.004433161573921835,5.50856789588621e-07
0.3064,89.99995001965064,90.0,0.0017610044409086462,-0.0010631113987685289,-2.1046215297999407e-06,1.1349648616584774e-07,12.000000000000064,6.564508654518627e-06,-9.527093344773396e-06,-5.21172389284762e-12,-5.21172389284762e-12,0.004402511102271616,5.470423878765493e-07
0.30660000000000004,89.99995037063364,90.0,0.0017488272829551562,-0.0010559101731365296,-2.09041915133347e-06,1.1269946618237332e-07,12.00000000000006,6.519046472374261e-06,-9.4628027426618e-06,-5.140704236526882e-12,-5.140704236526882e-12,0.00437206820738789,5.432538726978524e-07
0.3068,89.99995071918946,90.0,0.0017367326094499726,-0.001048756337783523,-2.076309729033686e-06,1.119079579000288e-07,12.00000000000006,6.47389287882664e-06,-9.398932929782118e-06,-5.0706404135571135e-12,-5.0706404135571135e-12,0.0043418315236249325,5.394910732355506e-07
0.307,89.99995106533454,90.0,0.0017247198775770124,-0.0010416495941611577,-2.06229268230963e-06,1.11121923964178e-07,12.00000000000006,6.429045836956186e-06,-9.335481277944828e-06,-5.001519753829442e-12,-5.001519753829442e-12,0.004311799693942531,5.357538197463461e-07
0.30720000000000003,89.99995140908521,90.0,0.0017127885479397275,-0.0010345896449429392,-2.0483674326874767e-06,1.1034132730908365e-07,12.00000000000006,6.38450332297942e-06,-9.272445168544135e-06,-4.933329749226184e-12,-4.933329749226184e-12,0.004281971369849319,5.320419435816156e-07
0.3074,89.99995175045771,90.0,0.001700938084547157,-0.0010275761950705705,-2.034533406259733e-06,1.0956613107123776e-07,12.000000000000059,6.34026332570987e-06,-9.209822003644882e-06,-4.866058057168763e-12,-4.866058057168763e-12,0.004252345211367892,5.283552771424866e-07
0.30760000000000004,89.99995208946815,90.0,0.001689167954788016,-0.0010206089510072305,-2.020790031945118e-06,1.0879629864714147e-07,12.000000000000057,6.296323846799095e-06,-9.147609198105472e-06,-4.799692494602496e-12,-4.799692494602496e-12,0.00422291988697004,5.246936538999221e-07
0.3078,89.99995242613255,90.0,0.0016774776294130925,-0.0010136876210682668,-2.0071367422654808e-06,1.0803179366441501e-07,12.000000000000057,6.252682900513447e-06,-9.08580418309477e-06,-4.734221037754163e-12,-4.734221037754163e-12,0.0041936940735327315,5.210569083761181e-07
0.308,89.99995276046681,90.0,0.0016658665825142994,-0.0010068119150366739,-1.9935729724513776e-06,1.0727258001068772e-07,12.000000000000057,6.209338513827714e-06,-9.024404402043274e-06,-4.669631818163616e-12,-4.669631818163616e-12,0.004164666456285749,5.174448761523071e-07
0.30820000000000003,89.99995309248673,90.0,0.00165433429150764,-0.0009999815444945818,-1.980098161220723e-06,1.0651862180470813e-07,12.000000000000055,6.166288726203792e-06,-8.963407314167883e-06,-4.605913122477148e-12,-4.605913122477148e-12,0.004135835728769101,5.138573938503136e-07
0.3084,89.99995342220801,90.0,0.0016428802371126943,-0.0009931962227946135,-1.9667117507162627e-06,1.0576988339634391e-07,12.000000000000053,6.123531589521715e-06,-8.902810394188845e-06,-4.543053390361452e-12,-4.543053390361452e-12,0.004107200592781735,5.102942991268073e-07
0.30860000000000004,89.99995374964627,90.0,0.0016315039033323365,-0.0009864556653868353,-1.95341318727432e-06,1.05026329337692e-07,12.000000000000053,6.081065167847425e-06,-8.842611135809679e-06,-4.481041214232646e-12,-4.481041214232646e-12,0.004078759758330841,5.067554306539498e-07
0.3088,89.99995407481698,90.0,0.0016202047774287066,-0.0009797595887193924,-1.940201918859847e-06,1.0428792446974834e-07,12.000000000000053,6.0388875378441716e-06,-8.782807040106304e-06,-4.419865331815648e-12,-4.419865331815648e-12,0.0040505119435717656,5.032406281536788e-07
0.309,89.99995439773554,90.0,0.0016089823499117258,-0.000973107710933019,-1.927077396692564e-06,1.0355463386462801e-07,12.000000000000053,5.996996788405782e-06,-8.723395622888151e-06,-4.359514627871089e-12,-4.359514627871089e-12,0.004022455874779315,4.997497323671463e-07
0.30920000000000003,89.99995471841723,90.0,0.0015978361145197327,-0.0009664997525445414,-1.9140390768490727e-06,1.0282642276778552e-07,12.000000000000052,5.955391020263439e-06,-8.664374421950535e-06,-4.299978135723685e-12,-4.299978135723685e-12,0.003994590286299332,4.962825850219511e-07
0.3094,89.99995503687724,90.0,0.0015867655681924804,-0.0009599354349880888,-1.9010864168582692e-06,1.0210325671357425e-07,12.00000000000005,5.914068346551161e-06,-8.605740981662948e-06,-4.241245028189229e-12,-4.241245028189229e-12,0.0039669139204812015,4.928390288792614e-07
0.30960000000000004,89.99995535313064,90.0,0.0015757702110602376,-0.000953414481665693,-1.8882188781598424e-06,1.0138510143857696e-07,12.00000000000005,5.873026892276967e-06,-8.547492864098053e-06,-4.183304621032761e-12,-4.183304621032761e-12,0.003939425527650593,4.894189076897453e-07
0.3098,89.99995566719248,90.0,0.0015648495464214633,-0.0009469366179161136,-1.8754359260362161e-06,1.0067192288160561e-07,12.00000000000005,5.832264794247835e-06,-8.489627648723613e-06,-4.126146370993629e-12,-4.126146370993629e-12,0.0039121238660536585,4.860220661873176e-07
0.31,89.99995597907758,90.0,0.001554003080720767,-0.0009405015699182503,-1.8627370270536677e-06,9.996368727037118e-08,12.00000000000005,5.7917802014877925e-06,-8.432142920819073e-06,-4.069759868742929e-12,-4.069759868742929e-12,0.003885007701801918,4.826483501239807e-07
0.31020000000000003,89.99995628880077,90.0,0.0015432303235389411,-0.0009341090664535853,-1.8501216531847935e-06,9.92603609770341e-08,12.000000000000048,5.75157127438409e-06,-8.375036290136927e-06,-4.014134845689638e-12,-4.014134845689638e-12,0.0038580758088473527,4.792976061986723e-07
0.3104,89.99995659637673,90.0,0.0015325307875634381,-0.0009277588370886018,-1.8375892775656752e-06,9.856191066265375e-08,12.000000000000046,5.711636185408285e-06,-8.318305371696473e-06,-3.9592611635214595e-12,-3.9592611635214595e-12,0.0038313269689085948,4.7596968211735525e-07
0.3106,89.99995690182006,90.0,0.0015219039885793048,-0.0009214506132279412,-1.8251393769599535e-06,9.786830319051885e-08,12.000000000000046,5.6719731185935585e-06,-8.261947796938062e-06,-3.905128817621315e-12,-3.905128817621315e-12,0.003804759971448262,4.726644265494614e-07
0.3108,89.99995720514524,90.0,0.0015113494454480514,-0.0009151841280848972,-1.8127714316944201e-06,9.717950562614731e-08,12.000000000000046,5.632580269463688e-06,-8.205961213431532e-06,-3.851727935229881e-12,-3.851727935229881e-12,0.003778373613620128,4.6938168912197224e-07
0.311,89.9999575063667,90.0,0.0015008666800870759,-0.000908959116652691,-1.80048492559631e-06,9.64954852372864e-08,12.000000000000046,5.59345584496388e-06,-8.15034328459235e-06,-3.799048773638751e-12,-3.799048773638751e-12,0.0037521667002176893,4.6612132041365486e-07
0.31120000000000003,89.99995780549875,90.0,0.001490455217449055,-0.0009027753149651478,-1.788279344269335e-06,9.581620955169239e-08,12.000000000000046,5.554598063719608e-06,-8.095091681877649e-06,-3.747081715149177e-12,-3.747081715149177e-12,0.0037261380436226376,4.6288317197663226e-07
0.3114,89.99995810255558,90.0,0.001480114585510193,-0.0008966324607908352,-1.7761541767190133e-06,9.514164629935089e-08,12.000000000000044,5.51600515566899e-06,-8.040204092143682e-06,-3.695817268741275e-12,-3.695817268741275e-12,0.0037002864637754825,4.596670963057475e-07
0.3116,89.99995839755134,90.0,0.0014698443152504216,-0.0008905302936054159,-1.7641089152923136e-06,9.44717634124767e-08,12.000000000000043,5.477675361996218e-06,-7.985678217372614e-06,-3.6452460683443075e-12,-3.6452460683443075e-12,0.0036746107881260536,4.5647294683301657e-07
0.3118,89.99995869050001,90.0,0.0014596439406336717,-0.0008844685542088292,-1.752143054786954e-06,9.380652905440387e-08,12.000000000000043,5.439606935229314e-06,-7.931511770640533e-06,-3.5953588695357522e-12,-3.5953588695357522e-12,0.0036491098515841792,4.533005779357745e-07
0.312,89.99995898141556,90.0,0.0014495129985927036,-0.0008784469854146559,-1.7402560940663052e-06,9.314591156180581e-08,12.000000000000043,5.401798138860984e-06,-7.87770248342772e-06,-3.5461465511233547e-12,-3.5461465511233547e-12,0.003623782496481759,4.501498449050804e-07
0.31220000000000003,89.99995927031182,90.0,0.0014394510290062076,-0.0008724653309523274,-1.7284475334978821e-06,9.248987953136498e-08,12.000000000000043,5.364247247763855e-06,-7.824248094023336e-06,-3.4976001086821766e-12,-3.4976001086821766e-12,0.003598627572515519,4.470206039803197e-07
0.3124,89.99995955720253,90.0,0.0014294575746882647,-0.000866523336518226,-1.7167168774129276e-06,9.183840173310325e-08,12.000000000000043,5.326952547662836e-06,-7.771146358659344e-06,-3.449710657793418e-12,-3.449710657793418e-12,0.003573643936720662,4.439127123052348e-07
0.3126,89.99995984210138,90.0,0.001419532181365665,-0.0008606207493887431,-1.705063633206711e-06,9.119144713927169e-08,12.00000000000004,5.289912335222939e-06,-7.718395047437787e-06,-3.402469430797055e-12,-3.402469430797055e-12,0.0035488304534141628,4.4082602793524343e-07
0.3128,89.99996012502189,90.0,0.0014096743976600274,-0.0008547573180400442,-1.6934873104534605e-06,9.054898495324066e-08,12.000000000000039,5.2531249181532305e-06,-7.665991940324307e-06,-3.355867773673277e-12,-3.355867773673277e-12,0.0035241859941500682,4.3776040984610113e-07
0.313,89.99996040597757,90.0,0.0013998837750738347,-0.0008489327928391102,-1.6819874225249318e-06,8.99109845517198e-08,12.000000000000039,5.216588614831764e-06,-7.613934834475001e-06,-3.3098971476327608e-12,-3.3098971476327608e-12,0.0034997094376845866,4.347157179026456e-07
0.31320000000000003,89.9999606849818,90.0,0.001390159867969017,-0.0008431469249480198,-1.6705634840334214e-06,8.927741557142788e-08,12.000000000000039,5.180301754725772e-06,-7.562221532661579e-06,-3.264549122939306e-12,-3.264549122939306e-12,0.0034753996699225425,4.316918128938129e-07
0.3134,89.99996096204787,90.0,0.001380502233557646,-0.0008373994677320462,-1.6592150141256884e-06,8.86482477935331e-08,12.000000000000039,5.144262677704127e-06,-7.510849858182129e-06,-3.2198153836071278e-12,-3.2198153836071278e-12,0.0034512555838941148,4.286885564753425e-07
0.3136,89.999961237189,90.0,0.0013709104318767207,-0.0008316901760139041,-1.6479415347449532e-06,8.8023451201433e-08,12.000000000000039,5.10846973428071e-06,-7.459817646993616e-06,-3.1756877227433257e-12,-3.1756877227433257e-12,0.0034272760796918017,4.257058111900578e-07
0.3138,89.99996151041832,90.0,0.0013613840257716418,-0.0008260188056954056,-1.63674256974996e-06,8.740299600964422e-08,12.000000000000037,5.072921285722915e-06,-7.4091227437241e-06,-3.1321580395976363e-12,-3.1321580395976363e-12,0.003403460064429104,4.2274344047690827e-07
0.314,89.99996178174884,90.0,0.0013519225808836769,-0.0008203851140952303,-1.6256176457073431e-06,8.678685263491272e-08,12.000000000000037,5.037615703845449e-06,-7.3587630052595784e-06,-3.0892183396810385e-12,-3.0892183396810385e-12,0.003379806452209192,4.198013086537861e-07
0.31420000000000003,89.99996205119353,90.0,0.0013425256656338519,-0.0008147888606369761,-1.6145662935036625e-06,8.617499163843397e-08,12.000000000000036,5.002551370628056e-06,-7.308736308041272e-06,-3.0468607362792327e-12,-3.0468607362792327e-12,0.00335631416408463,4.168792808856701e-07
0.3144,89.99996231876526,90.0,0.0013331928511986415,-0.0008092298053941297,-1.60358804494903e-06,8.556738384141242e-08,12.000000000000036,4.967726678790044e-06,-7.259040532691083e-06,-3.00507744305564e-12,-3.00507744305564e-12,0.0033329821279966037,4.1397722323250243e-07
0.3146,89.99996258447678,90.0,0.0013239237115028162,-0.0008037077105011671,-1.592682436077588e-06,8.496400020950209e-08,12.000000000000036,4.933140031109989e-06,-7.209673578952045e-06,-2.9638607786303542e-12,-2.9638607786303542e-12,0.0033098092787570404,4.110950025924979e-07
0.3148,89.9999628483408,90.0,0.0013147178231955633,-0.000798222339054396,-1.5818490045830152e-06,8.436481193947614e-08,12.000000000000036,4.8987898408376495e-06,-7.160633354079493e-06,-2.9232031607439785e-12,-2.9232031607439785e-12,0.0032867945579889086,4.082324867364696e-07
0.315,89.99996311036993,90.0,0.0013055747656396874,-0.0007927734561626919,-1.5710872922773156e-06,8.376979037255719e-08,12.000000000000036,4.8646745311654715e-06,-7.111917783971388e-06,-2.8830971092856905e-12,-2.8830971092856905e-12,0.0032639369140992185,4.053895442637881e-07
0.31520000000000004,89.9999633705767,90.0,0.0012964941208884321,-0.0007873608278493214,-1.5603968425284671e-06,8.317890708108707e-08,12.000000000000036,4.830792535642863e-06,-7.063524801569193e-06,-2.843535240562383e-12,-2.843535240562383e-12,0.00324123530222108,4.0256604463690406e-07
0.3154,89.99996362897353,90.0,0.0012874754736750045,-0.0007819842217478574,-1.5497772018896268e-06,8.259213381074696e-08,12.000000000000034,4.797142297812848e-06,-7.01545235423288e-06,-2.804510268898431e-12,-2.804510268898431e-12,0.0032186886841875117,3.9976185815106953e-07
0.3156,89.9999638855728,90.0,0.0012785184113941767,-0.0007766434067212189,-1.5392279192124835e-06,8.200944250944736e-08,12.000000000000032,4.7637222713142795e-06,-6.967698399727292e-06,-2.7660150038818067e-12,-2.7660150038818067e-12,0.003196296028485442,3.969768559428556e-07
0.3158,89.99996414038677,90.0,0.0012696225240882255,-0.0007713381531973106,-1.5287485464349715e-06,8.143080529843807e-08,12.000000000000032,4.730530919670514e-06,-6.920260909787938e-06,-2.728042350494913e-12,-2.728042350494913e-12,0.0031740563102205634,3.9421090997254173e-07
0.316,89.99996439342765,90.0,0.0012607874044289068,-0.0007660682331438553,-1.5183386385263284e-06,8.085619447230835e-08,12.000000000000032,4.697566716228811e-06,-6.873137869872269e-06,-2.6905853077969732e-12,-2.6905853077969732e-12,0.003151968511072267,3.914638930190666e-07
0.31620000000000004,89.99996464470752,90.0,0.0012520126476999616,-0.0007608334193334231,-1.5079977517726332e-06,8.028558255676659e-08,12.000000000000032,4.664828144429649e-06,-6.8263272713987515e-06,-2.6536369648923718e-12,-2.6536369648923718e-12,0.0031300316192499045,3.8873567870246975e-07
0.3164,89.99996489423845,90.0,0.0012432978517877983,-0.0007556334867515075,-1.4977254470706815e-06,7.971894219308077e-08,12.000000000000032,4.632313697119153e-06,-6.779827126657406e-06,-2.6171905052429175e-12,-2.6171905052429175e-12,0.0031082446294694956,3.86026141426595e-07
0.3166,89.99996514203237,90.0,0.0012346426171561883,-0.0007504682111401104,-1.4875212865285857e-06,7.915624625363805e-08,12.000000000000032,4.60002187712028e-06,-6.733635453421582e-06,-2.5812391998576607e-12,-2.5812391998576607e-12,0.0030866065428904713,3.83335156426689e-07
0.3168,89.99996538810116,90.0,0.001226046546837455,-0.0007453373696959786,-1.47738483510005e-06,7.859746778416497e-08,12.000000000000032,4.567951196875072e-06,-6.687750282345906e-06,-2.5457764088869583e-12,-2.5457764088869583e-12,0.0030651163670936373,3.8066259973958833e-07
0.317,89.99996563245662,90.0,0.0012175092464160992,-0.0007402407414030155,-1.467315661365034e-06,7.804257997483754e-08,12.00000000000003,4.5361001782255455e-06,-6.6421696605001545e-06,-2.510795581733249e-12,-2.510795581733249e-12,0.003043773116040248,3.7800834818546117e-07
0.31720000000000004,89.99996587511046,90.0,0.0012090303240080327,-0.0007351781059374697,-1.4573133349747497e-06,7.749155624695097e-08,12.000000000000028,4.504467352836073e-06,-6.596891639803395e-06,-2.476290251807629e-12,-2.476290251807629e-12,0.003022575810020082,3.753722794030052e-07
0.3174,89.9999661160743,90.0,0.0012006093902528917,-0.0007301492443677448,-1.447377428289365e-06,7.69443701951398e-08,12.000000000000028,4.473051261839414e-06,-6.551914284437456e-06,-2.442254038122214e-12,-2.442254038122214e-12,0.003001523475632229,3.7275427181995027e-07
0.3176,89.99996635535975,90.0,0.0011922460582979163,-0.0007251539398424355,-1.4375075179900124e-06,7.640099552959821e-08,12.000000000000028,4.441850455454399e-06,-6.50723567814409e-06,-2.4086806467261142e-12,-2.4086806467261142e-12,0.00298061514574479,3.70154204621199e-07
0.3178,89.99996659297821,90.0,0.0011839399437742165,-0.0007201919757808305,-1.4277031808535991e-06,7.586140622052943e-08,12.000000000000028,4.410863493726457e-06,-6.4628539050985976e-06,-2.3755638629405672e-12,-2.3755638629405672e-12,0.002959849859435541,3.675719578105372e-07
0.318,89.99996682894117,90.0,0.0011756906647936239,-0.0007152631380001452,-1.4179639987266254e-06,7.532557632480636e-08,12.000000000000028,4.380088945532651e-06,-6.418767072425054e-06,-2.342897558156491e-12,-2.342897558156491e-12,0.00293922666198406,3.6500741212772007e-07
0.31820000000000004,89.9999670632599,90.0,0.0011674978419212681,-0.0007103672129008737,-1.40828955428875e-06,7.479348013042109e-08,12.000000000000028,4.34952538930981e-06,-6.374973291019034e-06,-2.310675682121595e-12,-2.310675682121595e-12,0.0029187446048031702,3.6246044910914995e-07
0.3184,89.99996729594568,90.0,0.0011593610981687978,-0.000705503988167868,-1.3986794326932706e-06,7.426509209870508e-08,12.000000000000028,4.319171412703607e-06,-6.331470682973654e-06,-2.2788922645225603e-12,-2.2788922645225603e-12,0.0028984027454219945,3.5993095105863303e-07
0.3186,89.99996752700969,90.0,0.0011512800589798613,-0.0007006732531053344,-1.389133222353432e-06,7.374038683543931e-08,12.000000000000028,4.2890256123556896e-06,-6.2882573851389925e-06,-2.2475414151621576e-12,-2.2475414151621576e-12,0.002878200147449653,3.5741880102963993e-07
0.31880000000000003,89.99996775646302,90.0,0.001143254352211434,-0.0006958747982554918,-1.3796505140549453e-06,7.321933911974407e-08,12.000000000000027,4.25908659400497e-06,-6.245331545104691e-06,-2.2166173215726397e-12,-2.2166173215726397e-12,0.002858135880528585,3.549238828337467e-07
0.319,89.9999679843167,90.0,0.001135283608119562,-0.0006911084150233939,-1.3702309000819647e-06,7.270192393296898e-08,12.000000000000025,4.229352972603765e-06,-6.202691317243462e-06,-2.1861142467272622e-12,-2.1861142467272622e-12,0.0028382090202989044,3.52446081050313e-07
0.31920000000000004,89.99996821058168,90.0,0.0011273674593495979,-0.0006863738967291101,-1.3608739766790335e-06,7.218811637202323e-08,12.000000000000025,4.19982337179278e-06,-6.160334873855708e-06,-2.1560265317741064e-12,-2.1560265317741064e-12,0.0028184186483739943,3.499852809827309e-07
0.3194,89.99996843526888,90.0,0.0011195055409142889,-0.0006816710378665888,-1.3515793423231578e-06,7.167789170715539e-08,12.000000000000025,4.170496424155573e-06,-6.118260397347629e-06,-2.126348592432574e-12,-2.126348592432574e-12,0.002798763852285722,3.475413686796303e-07
0.3196,89.99996865838908,90.0,0.0011116974901801805,-0.0006769996337293999,-1.3423465968517936e-06,7.11712254108433e-08,12.000000000000025,4.141370771336914e-06,-6.076466076283839e-06,-2.097074916778512e-12,-2.097074916778512e-12,0.0027792437254504513,3.451142309447421e-07
0.31980000000000003,89.999968879953,90.0,0.0011039429468586272,-0.0006723594807534574,-1.333175342266021e-06,7.06680931289042e-08,12.000000000000025,4.1124450638485e-06,-6.034950109023141e-06,-2.0682000655353446e-12,-2.0682000655353446e-12,0.002759857367146568,3.4270375532070767e-07
0.32,89.99996909997135,90.0,0.0010962415529925593,-0.0006677503775643539,-1.3240651851819092e-06,7.016847059382498e-08,12.000000000000025,4.083717960532283e-06,-5.993710714815227e-06,-2.039718674693807e-12,-2.039718674693807e-12,0.002740603882481398,3.403098300443562e-07
0.32020000000000004,89.9999693184547,90.0,0.0010885929529315193,-0.0006631721231661503,-1.315015732601589e-06,6.967233376921174e-08,12.000000000000025,4.055188129296857e-06,-5.9527461146574e-06,-2.011625448406386e-12,-2.011625448406386e-12,0.002721482382328798,3.3793234410807075e-07
0.3204,89.99996953541356,90.0,0.0010809967933273757,-0.000658624518001204,-1.3060265943918916e-06,6.917965876312005e-08,12.000000000000025,4.026854246610875e-06,-5.912054542514736e-06,-1.983915161726711e-12,-1.983915161726711e-12,0.0027024919833184393,3.355711872175722e-07
0.3206,89.99996975085841,90.0,0.0010734527231175761,-0.0006541073639267853,-1.297097383233302e-06,6.869042182805496e-08,12.000000000000025,3.998714997446732e-06,-5.871634245089023e-06,-1.956582659613271e-12,-1.956582659613271e-12,0.0026836318077939404,3.33226249787227e-07
0.32080000000000003,89.99996996479962,90.0,0.0010659603935092555,-0.0006496204638376189,-1.2882277137409563e-06,6.82045993898609e-08,12.000000000000023,3.970769075391222e-06,-5.831483477839721e-06,-1.9296228547883975e-12,-1.9296228547883975e-12,0.002664900983773139,3.308974229492679e-07
0.321,89.9999701772475,90.0,0.0010585194579671318,-0.0006451636220042517,-1.2794172032583122e-06,6.772216801883178e-08,12.000000000000023,3.943015182440771e-06,-5.791600508576723e-06,-1.9030307279958053e-12,-1.9030307279958053e-12,0.0026462986449178297,3.2858459853673026e-07
0.32120000000000004,89.99997038821229,90.0,0.0010511295721979388,-0.0006407366433407767,-1.2706654701485635e-06,6.724310448749079e-08,12.000000000000021,3.915452029277238e-06,-5.751983609726008e-06,-1.8768013247559225e-12,-1.8768013247559225e-12,0.002627823930494847,3.262876691064359e-07
0.3214,89.99997059770418,90.0,0.0010437903941428095,-0.0006363393348152828,-1.2619721370937015e-06,6.67673856550308e-08,12.000000000000021,3.888078334586057e-06,-5.71263107326367e-06,-1.8509297591199606e-12,-1.8509297591199606e-12,0.0026094759853570243,3.240065278821708e-07
0.3216,89.99997080573327,90.0,0.0010365015839540147,-0.000631971503996289,-1.2533368277013344e-06,6.629498858287399e-08,12.000000000000021,3.8608928256342865e-06,-5.673541195355836e-06,-1.8254112080908235e-12,-1.8254112080908235e-12,0.0025912539598850364,3.2174106880285666e-07
0.32180000000000003,89.99997101230962,90.0,0.0010292628039879118,-0.0006276329601087156,-1.2447591689749066e-06,6.582589044800207e-08,12.000000000000021,3.833894237754726e-06,-5.6347122875407295e-06,-1.8002409142173428e-12,-1.8002409142173428e-12,0.0025731570099697797,3.194911864795599e-07
0.322,89.99997121744316,90.0,0.0010220737187860193,-0.0006233235129416426,-1.236238788764302e-06,6.536006862962608e-08,12.000000000000021,3.8070813147744733e-06,-5.596142665188199e-06,-1.7754141812875145e-12,-1.7754141812875145e-12,0.002555184296965048,3.1725677623120556e-07
0.32220000000000004,89.99997142114384,90.0,0.0010149339950685282,-0.0006190429739050664,-1.2277753182377771e-06,6.489750062251661e-08,12.000000000000021,3.7804528085009268e-06,-5.557830658689527e-06,-1.7509263769012785e-12,-1.7509263769012785e-12,0.00253733498767132,3.1503773404174335e-07
0.3224,89.99997162342146,90.0,0.001007843301715855,-0.0006147911552935982,-1.2193683901645938e-06,6.443816409478363e-08,12.000000000000021,3.754007478987899e-06,-5.5197746056833465e-06,-1.7267729293385605e-12,-1.7267729293385605e-12,0.002519608254289638,3.128339565823244e-07
0.3226,89.99997182428582,90.0,0.0010008013097583853,-0.0006105678706274154,-1.211017639714326e-06,6.398203685898663e-08,12.000000000000021,3.7277440943370725e-06,-5.481972854673905e-06,-1.702949327860563e-12,-1.702949327860563e-12,0.0025020032743959635,3.106453411947555e-07
0.32280000000000003,89.99997202374662,90.0,0.0009938076923624091,-0.0006063729349878957,-1.2027227052445628e-06,6.352909684324465e-08,12.000000000000021,3.701661430486659e-06,-5.444423768596787e-06,-1.6794511229532928e-12,-1.6794511229532928e-12,0.0024845192309060227,3.0847178587388773e-07
0.323,89.99997222181351,90.0,0.0009868621248123085,-0.0006022061639269312,-1.1944832257549048e-06,6.3079322177906e-08,12.000000000000021,3.6757582716437048e-06,-5.407125713293808e-06,-1.6562739222047538e-12,-1.6562739222047538e-12,0.0024671553120307714,3.0631318930364153e-07
0.32320000000000004,89.99997241849604,90.0,0.0009799642845052412,-0.0005980673745253199,-1.1862988433624688e-06,6.26326911088786e-08,12.00000000000002,3.65003340977403e-06,-5.370077068718995e-06,-1.6334133928238073e-12,-1.6334133928238073e-12,0.002449910711263103,3.04169450814502e-07
0.3234,89.99997261380375,90.0,0.000973113850933502,-0.0005939563850128663,-1.178169202417556e-06,6.218918202651987e-08,12.00000000000002,3.6244856447069987e-06,-5.333276224935439e-06,-1.6108652597113e-12,-1.6108652597113e-12,0.0024327846273337547,3.020404703922494e-07
0.3236,89.99997280774609,90.0,0.0009663105056714092,-0.0005898730147500717,-1.1700939494636821e-06,6.174877346563667e-08,12.000000000000018,3.5991137840914347e-06,-5.2967215819343645e-06,-1.5886253046695444e-12,-1.5886253046695444e-12,0.002415776264178523,2.999261486742858e-07
0.32380000000000003,89.99997300033245,90.0,0.000959553932362278,-0.0005858170842099441,-1.1620727331978679e-06,6.131144410548535e-08,12.000000000000018,3.5739166433518246e-06,-5.26041154945537e-06,-1.5666893656232233e-12,-1.5666893656232233e-12,0.002398884830905695,2.9782638694598496e-07
0.324,89.99997319157212,90.0,0.000952843816705895,-0.00058178841460524,-1.1541052036018974e-06,6.087717279866165e-08,12.000000000000018,3.548893045810281e-06,-5.224344543053857e-06,-1.5450533348133914e-12,-1.5450533348133914e-12,0.0023821095417647375,2.957410871508563e-07
0.3242,89.99997338147439,90.0,0.0009461798464497986,-0.0005777868285868311,-1.146191013576877e-06,6.04459385133209e-08,12.000000000000018,3.5240418223290993e-06,-5.1885189915002665e-06,-1.5237131601663092e-12,-1.5237131601663092e-12,0.0023654496161244964,2.936701518607578e-07
0.3244,89.99997357004844,90.0,0.0009395617113729271,-0.0005738121498656016,-1.1383298180628222e-06,6.001772036206792e-08,12.000000000000018,3.4993618114198526e-06,-5.152933332794669e-06,-1.5026648434645053e-12,-1.5026648434645053e-12,0.0023489042784323177,2.916134842849873e-07
0.3246,89.99997375730344,90.0,0.00093298910327345,-0.0005698642035507286,-1.1305212748321399e-06,5.959249757306709e-08,12.000000000000018,3.4748518590384184e-06,-5.117586017758658e-06,-1.4819044406331385e-12,-1.4819044406331385e-12,0.0023324727581836248,2.895709882532011e-07
0.32480000000000003,89.99997394324842,90.0,0.0009264617159528218,-0.0005659428150616031,-1.1227650419493151e-06,5.917024957671207e-08,12.000000000000018,3.4505108190235664e-06,-5.082475498535995e-06,-1.461428057926718e-12,-1.461428057926718e-12,0.0023161542898820545,2.8754256825196344e-07
0.325,89.99997412789243,90.0,0.0009199792452121311,-0.00056204781189909,-1.1150607819126296e-06,5.875095586117635e-08,12.000000000000018,3.4263375522643628e-06,-5.047600247341122e-06,-1.4412318563569787e-12,-1.4412318563569787e-12,0.0022999481130303277,2.855281293553631e-07
0.3252,89.9999743112444,90.0,0.0009135413888283031,-0.0005581790214806708,-1.1074081565982093e-06,5.833459614575255e-08,12.000000000000018,3.402330927604556e-06,-5.012958733572141e-06,-1.4213120448364867e-12,-1.4213120448364867e-12,0.0022838534720707577,2.835275773003792e-07
0.3254,89.99997449331323,90.0,0.0009071478465549579,-0.0005543362732732713,-1.0998068322460582e-06,5.7921150207513094e-08,12.000000000000018,3.378489820861078e-06,-4.978549446381334e-06,-1.4016648856044055e-12,-1.4016648856044055e-12,0.0022678696163873947,2.815408184050894e-07
0.3256,89.99997467410775,90.0,0.0009007983200991997,-0.0005505193973397676,-1.0922564760670331e-06,5.75105979968698e-08,12.000000000000018,3.3548131154022728e-06,-4.944370879315788e-06,-1.3822866894451373e-12,-1.3822866894451373e-12,0.0022519958002479995,2.7956775961685564e-07
0.32580000000000003,89.99997485363674,90.0,0.0008944925131144968,-0.0005467282250395868,-1.0847567578822794e-06,5.7102919579794055e-08,12.000000000000018,3.3312997017958326e-06,-4.910421537738714e-06,-1.3631738170300656e-12,-1.3631738170300656e-12,0.002236231282786242,2.7760830848298566e-07
0.326,89.99997503190892,90.0,0.0008882301311859258,-0.0005429625886528339,-1.0773073492476876e-06,5.6698095166706735e-08,12.000000000000016,3.307948477923255e-06,-4.876699934866076e-06,-1.344322677235721e-12,-1.344322677235721e-12,0.0022205753279648144,2.7566237316027086e-07
0.3262,89.99997520893292,90.0,0.0008820108818197704,-0.0005392223213657676,-1.069907923422189e-06,5.62961051124782e-08,12.000000000000016,3.284758348944882e-06,-4.843204591623078e-06,-1.3257297264985062e-12,-1.3257297264985062e-12,0.002205027204549426,2.7372986241207314e-07
0.3264,89.99997538471737,90.0,0.0008758344744329698,-0.0005355072576113395,-1.0625581561661638e-06,5.5896929887538395e-08,12.000000000000014,3.2617282271003608e-06,-4.809934040258355e-06,-1.3073914691334618e-12,-1.3073914691334618e-12,0.0021895861860824245,2.718106855916964e-07
0.3266,89.9999755592708,90.0,0.0008697006203388114,-0.0005318172326939463,-1.0552577248672623e-06,5.550055010676675e-08,12.000000000000014,3.2388570318246117e-06,-4.776886820386784e-06,-1.2893044557033355e-12,-1.2893044557033355e-12,0.0021742515508470285,2.6990475265205066e-07
0.32680000000000003,89.99997573260168,90.0,0.0008636090327372167,-0.0005281520831311372,-1.0480063093413662e-06,5.510694650060227e-08,12.000000000000014,3.216143689551111e-06,-4.744061482615239e-06,-1.2714652833462893e-12,-1.2714652833462893e-12,0.0021590225818430417,2.680119741292589e-07
0.327,89.99997590471844,90.0,0.0008575594267004275,-0.0005245116462783569,-1.0408035909583902e-06,5.471609994393346e-08,12.000000000000014,3.193587133827831e-06,-4.711456584585306e-06,-1.2538705941766694e-12,-1.2538705941766694e-12,0.002143898566751069,2.6613226115231893e-07
0.3272,89.99997607562945,90.0,0.0008515515191638713,-0.0005208957606714624,-1.0336492534450078e-06,5.43279914272084e-08,12.000000000000014,3.1711863051224746e-06,-4.679070694607032e-06,-1.2365170756198087e-12,-1.2365170756198087e-12,0.0021288787979096783,2.6426552542687257e-07
0.3274,89.99997624534302,90.0,0.0008455850289122225,-0.0005173042656519901,-1.0265429820115979e-06,5.3942602085324654e-08,12.000000000000014,3.148940150939676e-06,-4.6469023877068225e-06,-1.2194014588456205e-12,-1.2194014588456205e-12,0.0021139625722805563,2.624116792449727e-07
0.3276,89.9999764138674,90.0,0.0008396596765704418,-0.0005137370017099148,-1.0194844641555008e-06,5.355991316873938e-08,12.000000000000014,3.126847625626816e-06,-4.614950249263584e-06,-1.2025205191079752e-12,-1.2025205191079752e-12,0.0020991491914261044,2.60570635468901e-07
0.32780000000000004,89.99997658121082,90.0,0.0008337751845905456,-0.0005101938104651773,-1.012473389620691e-06,5.31799060434693e-08,12.000000000000014,3.104907690329545e-06,-4.583212874826174e-06,-1.185871075122096e-12,-1.185871075122096e-12,0.002084437961476364,2.5874230752746177e-07
0.328,89.99997674738138,90.0,0.0008279312772386613,-0.0005066745339390667,-1.0055094486971843e-06,5.280256224887055e-08,12.000000000000014,3.0831193132763935e-06,-4.551688862415238e-06,-1.1694499866447884e-12,-1.1694499866447884e-12,0.0020698281930966534,2.5692660943969914e-07
0.3282,89.9999769123872,90.0,0.0008221276805904539,-0.0005031790159689203,-9.985923355293716e-07,5.242786338207902e-08,12.000000000000014,3.061481469107143e-06,-4.520376827499213e-06,-1.1532541575641801e-12,-1.1532541575641801e-12,0.0020553192014761347,2.551234557589283e-07
0.3284,89.99997707623629,90.0,0.000816364122510247,-0.0004997071007578865,-9.917217447301075e-07,5.2055791213570016e-08,12.000000000000014,3.0399931394588935e-06,-4.489275387667154e-06,-1.137280531637483e-12,-1.137280531637483e-12,0.0020409103062756177,2.533327616215742e-07
0.3286,89.99997723893665,90.0,0.0008106403326469065,-0.0004962586335797185,-9.84897373029297e-07,5.16863276293784e-08,12.000000000000014,3.0186533126240943e-06,-4.458383170091468e-06,-1.1215260937786754e-12,-1.1215260937786754e-12,0.0020266008316172663,2.5155444271867423e-07
0.32880000000000004,89.9999774004962,90.0,0.0008049560424215255,-0.000492833461116852,-9.781189200669309e-07,5.1319454602208745e-08,12.000000000000014,2.9974609833450864e-06,-4.427698815117795e-06,-1.1059878703599037e-12,-1.1059878703599037e-12,0.002012390106053814,2.497884152787569e-07
0.329,89.99997756092283,90.0,0.0007993109850113848,-0.0004894314303721945,-9.713860858524884e-07,5.095515427810499e-08,12.000000000000014,2.9764151532523673e-06,-4.397220964764351e-06,-1.0906629259769661e-12,-1.0906629259769661e-12,0.001998277462528462,2.4803459610436364e-07
0.3292,89.99997772022432,90.0,0.0007937048953461346,-0.0004860523897296091,-9.646985732450067e-07,5.059340888978077e-08,12.000000000000014,2.9555148303595694e-06,-4.36694827394859e-06,-1.075548365589014e-12,-1.075548365589014e-12,0.0019842622383653367,2.462929025299638e-07
0.3294,89.99997787840849,90.0,0.0007881375100921695,-0.000482696188576826,-9.580560870748866e-07,5.02342007855093e-08,12.000000000000012,2.9347590291749934e-06,-4.336879406511833e-06,-1.0606413330586397e-12,-1.0606413330586397e-12,0.001970343775230424,2.445632524312492e-07
0.3296,89.99997803548302,90.0,0.000782608567640957,-0.00047936267693387456,-9.514583332777478e-07,4.9877512458013295e-08,12.000000000000012,2.914146770826439e-06,-4.307013031298447e-06,-1.0459390097554789e-12,-1.0459390097554789e-12,0.0019565214191023927,2.4284556423553634e-07
0.32980000000000004,89.99997819145558,90.0,0.0007771178081018913,-0.0004760517057983771,-9.449050197032171e-07,4.952332651557503e-08,12.000000000000012,2.8936770828731123e-06,-4.277347825817033e-06,-1.0314386149203223e-12,-1.0314386149203223e-12,0.0019427945202547285,2.4113975690609244e-07
0.33,89.99997834633378,90.0,0.0007716649732909969,-0.00047276312748504684,-9.383958569110639e-07,4.917162565314648e-08,12.000000000000012,2.8733489991035947e-06,-4.2478824798443225e-06,-1.017137405980864e-12,-1.017137405980864e-12,0.001929162433227492,2.394457499252993e-07
0.3302,89.99997850012518,90.0,0.0007662498067159607,-0.0004694967945389757,-9.319305556338738e-07,4.882239273901902e-08,12.00000000000001,2.8531615599777116e-06,-4.218615683939347e-06,-1.0030326754779015e-12,-1.0030326754779015e-12,0.0019156245167899018,2.3776346333147575e-07
0.3304,89.99997865283729,90.0,0.0007608720535734452,-0.00046625256115296693,-9.255088300911315e-07,4.847561069926378e-08,12.00000000000001,2.8331138119612446e-06,-4.189546144445451e-06,-9.891217539731148e-13,-9.891217539731148e-13,0.0019021801339336127,2.3609281766343683e-07
0.3306,89.99997880447755,90.0,0.0007555314607301375,-0.0004630302820752619,-9.191303954397534e-07,4.813126260440141e-08,12.00000000000001,2.813204807954418e-06,-4.1606725719495014e-06,-9.754020069777e-13,-9.754020069777e-13,0.0018888286518253434,2.3443373399620128e-07
0.33080000000000004,89.9999789550534,90.0,0.0007502277767166068,-0.00045982981295623426,-9.12794968585934e-07,4.7789331640512115e-08,12.00000000000001,2.7934336071071847e-06,-4.131993684956903e-06,-9.61870835326105e-13,-9.61870835326105e-13,0.0018755694417915169,2.3278613392559852e-07
0.331,89.99997910457218,90.0,0.0007449607517167497,-0.0004566510106889226,-9.0650226898354e-07,4.744980108034581e-08,12.00000000000001,2.7737992746196806e-06,-4.103508213505737e-06,-9.485256755015087e-13,-9.485256755015087e-13,0.0018624018792918744,2.3114993955163983e-07
0.3312,89.99997925304119,90.0,0.000739730137553553,-0.00045349373267861235,-9.002520169295838e-07,4.711265434110189e-08,12.00000000000001,2.7543008820224896e-06,-4.075214891450791e-06,-9.35363997496174e-13,-9.35363997496174e-13,0.001849325343883883,2.2952507350187394e-07
0.33140000000000003,89.99997940046771,90.0,0.0007345356876833977,-0.0004503578371901508,-8.940439343774249e-07,4.677787495553933e-08,12.00000000000001,2.7349375069934326e-06,-4.047112460144722e-06,-9.22383305189188e-13,-9.22383305189188e-13,0.0018363392192084938,2.2791145891611918e-07
0.3316,89.99997954685891,90.0,0.0007293771571861368,-0.00044724318368936596,-8.87877745737099e-07,4.644544654308678e-08,12.00000000000001,2.715708233160152e-06,-4.019199672060942e-06,-9.095811366775396e-13,-9.095811366775396e-13,0.001823442892965342,2.2630901943001248e-07
0.33180000000000004,89.999979692222,90.0,0.0007242543027512409,-0.0004441496324684505,-8.817531770025191e-07,4.611535283873252e-08,12.00000000000001,2.696612150217593e-06,-3.991475286842679e-06,-8.969550629827677e-13,-8.969550629827677e-13,0.0018106357568781022,2.247176791847992e-07
0.332,89.99997983656404,90.0,0.0007191668826685004,-0.0004410770442777085,-8.756699548925675e-07,4.578757772191427e-08,12.00000000000001,2.677648354060818e-06,-3.963938067414915e-06,-8.845026868177133e-13,-8.845026868177133e-13,0.0017979172066712509,2.2313736283840132e-07
0.3322,89.99997997989212,90.0,0.0007141146568227051,-0.0004380252813839399,-8.696278093265852e-07,4.546210512984956e-08,12.00000000000001,2.6588159462749286e-06,-3.9365867911903035e-06,-8.722216445260019e-13,-8.722216445260019e-13,0.0017852866420567627,2.2156799552291052e-07
0.33240000000000003,89.99998012221326,90.0,0.0007090973866761975,-0.0004349942064802675,-8.636264708794871e-07,4.51389191442054e-08,12.00000000000001,2.640114034568601e-06,-3.909420238549119e-06,-8.60109603235004e-13,-8.60109603235004e-13,0.0017727434666904938,2.2000950288071658e-07
0.3326,89.99998026353441,90.0,0.0007041148352640372,-0.0004319836833899274,-8.576656724281625e-07,4.4818003933318495e-08,12.00000000000001,2.621541732429711e-06,-3.882437200292094e-06,-8.481642620086069e-13,-8.481642620086069e-13,0.001760287088160093,2.1846181103580905e-07
0.33280000000000004,89.99998040386251,90.0,0.0006991667671812013,-0.0004289935766931254,-8.517451482818895e-07,4.4499343781085126e-08,12.00000000000001,2.603098159246362e-06,-3.855636473704027e-06,-8.363833506185065e-13,-8.363833506185065e-13,0.001747916917953003,2.169248466038633e-07
0.333,89.99998054320442,90.0,0.0006942529485735942,-0.00042602375171448535,-8.458646341549364e-07,4.418292308696118e-08,12.00000000000001,2.5847824402766673e-06,-3.829016862429754e-06,-8.247646291276399e-13,-8.247646291276399e-13,0.0017356323714339858,2.153985366897221e-07
0.3332,89.99998068156695,90.0,0.0006893731471299601,-0.0004230740745117561,-8.400238671419074e-07,4.3868726365962106e-08,12.00000000000001,2.566593706621559e-06,-3.802577176362544e-06,-8.133058874829063e-13,-8.133058874829063e-13,0.0017234328678249003,2.1388280888512974e-07
0.33340000000000003,89.99998081895691,90.0,0.0006845271320729946,-0.0004201444125739439,-8.342225873517904e-07,4.355673819088315e-08,12.00000000000001,2.548531094866784e-06,-3.776316239041027e-06,-8.020049466038697e-13,-8.020049466038697e-13,0.0017113178301824863,2.1237759123889847e-07
0.3336,89.99998095538103,90.0,0.0006797146741433635,-0.0004172346337331849,-8.284605353675395e-07,4.324694327896906e-08,12.00000000000001,2.530593747521368e-06,-3.7502328761493564e-06,-7.908596556777192e-13,-7.908596556777192e-13,0.001699286685358409,2.1088281229344716e-07
0.33380000000000004,89.99998109084598,90.0,0.0006749355455955774,-0.00041434460651425514,-8.227374530640671e-07,4.2939326463024145e-08,12.00000000000001,2.512780812839684e-06,-3.7243259192200572e-06,-7.798678925481392e-13,-7.798678925481392e-13,0.0016873388639889436,2.0939840106997348e-07
0.334,89.99998122535843,90.0,0.0006701895201900307,-0.00041147420083399884,-8.170530852451195e-07,4.263387263363253e-08,12.00000000000001,2.4950914444665643e-06,-3.6985942130437515e-06,-7.690275647932501e-13,-7.690275647932501e-13,0.0016754738004750764,2.0792428703888017e-07
0.3342,89.99998135892494,90.0,0.0006654763731772015,-0.0004086232872687244,-8.114071779339783e-07,4.233056679693791e-08,12.000000000000009,2.4775248017123133e-06,-3.6730366079315894e-06,-7.583366078123144e-13,-7.583366078123144e-13,0.0016636909329430039,2.0646040014269263e-07
0.33440000000000003,89.9999814915521,90.0,0.0006607958812898277,-0.0004057917366880073,-8.057994775190428e-07,4.2029394103533464e-08,12.000000000000009,2.460080049690462e-06,-3.6476519558475193e-06,-7.477929837329058e-13,-7.477929837329058e-13,0.0016519897032245695,2.0500667080753837e-07
0.3346,89.99998162324641,90.0,0.0006561478227399382,-0.0004029794213163613,-8.002297332364913e-07,4.173033976179218e-08,12.000000000000009,2.442756358815608e-06,-3.6224391216466688e-06,-7.373946832354016e-13,-7.373946832354016e-13,0.0016403695568498456,2.0356302990130053e-07
0.33480000000000004,89.99998175401433,90.0,0.0006515319772030613,-0.00040018621435591645,-7.946976962915762e-07,4.143338906675672e-08,12.000000000000009,2.4255529049143843e-06,-3.5973969790976703e-06,-7.271397243983815e-13,-7.271397243983815e-13,0.0016288299430076531,2.021294087428652e-07
0.335,89.99998188386228,90.0,0.0006469481258070257,-0.00039741198926023966,-7.892031181633518e-07,4.113852745791921e-08,12.000000000000009,2.408468869515943e-06,-3.5725244032085884e-06,-7.170261508928252e-13,-7.170261508928252e-13,0.0016173703145175645,2.0070573912632843e-07
0.3352,89.99998201279664,90.0,0.000642396051129177,-0.00039465662044099135,-7.837457522573288e-07,4.0845740461441524e-08,12.000000000000007,2.3915034395144677e-06,-3.547820277708073e-06,-7.070520330765021e-13,-7.070520330765021e-13,0.0016059901278229426,1.992919532928722e-07
0.33540000000000003,89.99998214082373,90.0,0.0006378755371854513,-0.00039191998325266853,-7.783253538721687e-07,4.055501369015516e-08,12.000000000000007,2.374655807132444e-06,-3.523283494894591e-06,-6.97215467610444e-13,-6.97215467610444e-13,0.001594688842963628,1.9788798392770354e-07
0.3356,89.99998226794986,90.0,0.0006333863694193531,-0.00038920195362194523,-7.729416793355225e-07,4.026633287245125e-08,12.000000000000007,2.357925170047672e-06,-3.4989129517245877e-06,-6.875145763897663e-13,-6.875145763897663e-13,0.0015834659235483826,1.964937641706392e-07
0.33580000000000004,89.99998239418126,90.0,0.0006289283346956454,-0.0003865024087494032,-7.675944876459317e-07,3.997968379450069e-08,12.000000000000007,2.3413107310439225e-06,-3.4747075572449587e-06,-6.779475075847527e-13,-6.779475075847527e-13,0.0015723208367391134,1.9510922758699342e-07
0.336,89.99998251952415,90.0,0.0006245012212856331,-0.00038382122637844194,-7.622835387668369e-07,3.969505235803398e-08,12.000000000000007,2.324811698289597e-06,-3.4506662248704557e-06,-6.685124338726358e-13,-6.685124338726358e-13,0.001561253053214083,1.937343081907996e-07
0.3362,89.9999826439847,90.0,0.0006201048188610177,-0.0003811582844314266,-7.570085927772766e-07,3.941242460923109e-08,12.000000000000007,2.308427285481125e-06,-3.4267878685391123e-06,-6.592075514409489e-13,-6.592075514409489e-13,0.0015502620471525442,1.9236894045676028e-07
0.33640000000000003,89.99998276756901,90.0,0.0006157389184917006,-0.0003785134624277062,-7.51769413187467e-07,3.91317866231619e-08,12.000000000000007,2.2921567111793334e-06,-3.403071417721044e-06,-6.500310823959879e-13,-6.500310823959879e-13,0.0015393472962292514,1.9101305926494433e-07
0.3366,89.99998289028316,90.0,0.0006114033126276585,-0.00037588664039249335,-7.465657643918532e-07,3.885312459045585e-08,12.000000000000007,2.2759991992407035e-06,-3.3795158058890475e-06,-6.409812723353974e-13,-6.409812723353974e-13,0.0015285082815691465,1.896665999367252e-07
0.33680000000000004,89.99998301213321,90.0,0.0006070977950930508,-0.0003732776992039071,-7.413974124817141e-07,3.857642478841211e-08,12.000000000000007,2.2599539786334973e-06,-3.3561199741970603e-06,-6.320563907048327e-13,-6.320563907048327e-13,0.001517744487732627,1.88329498219458e-07
0.337,89.99998313312516,90.0,0.0006028221610764483,-0.000370686520224059,-7.362641243848126e-07,3.83016736098894e-08,12.000000000000007,2.2440202835689753e-06,-3.3328828675855718e-06,-6.232547298017959e-13,-6.232547298017959e-13,0.001507055402691121,1.870016902974145e-07
0.3372,89.99998325326493,90.0,0.0005985762071254109,-0.0003681129856467529,-7.311656686794361e-07,3.802885753441615e-08,12.000000000000007,2.2281973533191033e-06,-3.3098034384665835e-06,-6.14574605133142e-13,-6.14574605133142e-13,0.0014964405178135272,1.8568311277659183e-07
0.33740000000000003,89.99998337255846,90.0,0.0005943597311368614,-0.00036555697848404504,-7.26101815565057e-07,3.775796312819046e-08,12.000000000000007,2.212484432184192e-06,-3.2868806465907933e-06,-6.06014355085803e-13,-6.06014355085803e-13,0.0014858993278421535,1.8437370268201588e-07
0.3376,89.99998349101163,90.0,0.0005901725323476143,-0.000363018382553019,-7.210723368334622e-07,3.748897704408015e-08,12.000000000000007,2.1968807694610583e-06,-3.2641134589169074e-06,-5.975723406027973e-13,-5.975723406027973e-13,0.0014754313308690356,1.830733974550881e-07
0.3378,89.99998360863026,90.0,0.0005860144113253972,-0.0003604970821079784,-7.160770050108194e-07,3.7221886050512596e-08,12.000000000000007,2.181385619576907e-06,-3.2415008457279895e-06,-5.892469442264512e-13,-5.892469442264512e-13,0.0014650360283134931,1.8178213496474214e-07
0.338,89.99998372542017,90.0,0.0005818851699636468,-0.00035799296289899395,-7.111155958335192e-07,3.6956676944805094e-08,12.000000000000007,2.165998241579642e-06,-3.219041791838976e-06,-5.810365717245498e-13,-5.810365717245498e-13,0.0014547129249091171,1.8049985346497006e-07
0.3382,89.99998384138709,90.0,0.0005777846114644458,-0.00035550591037172385,-7.061878840433258e-07,3.669333669761431e-08,12.000000000000007,2.1507178999008257e-06,-3.1967352775623805e-06,-5.729396485581535e-13,-5.729396485581535e-13,0.0014444615286611146,1.7922649165840205e-07
0.33840000000000003,89.99998395653674,90.0,0.0005737125403419871,-0.00035303581144860473,-7.012936475507752e-07,3.643185230848678e-08,12.000000000000007,2.135543863547007e-06,-3.17458029755495e-06,-5.649546228150583e-13,-5.649546228150583e-13,0.0014342813508549676,1.7796198862891712e-07
0.3386,89.99998407087482,90.0,0.0005696687624056783,-0.00035058255379472167,-6.964326657225453e-07,3.6172210863638785e-08,12.000000000000007,2.1204754063710498e-06,-3.15257585306502e-06,-5.570799635953003e-13,-5.570799635953003e-13,0.0014241719060141956,1.7670628386425404e-07
0.3388,89.99998418440694,90.0,0.0005656530847516596,-0.0003481460250954198,-6.916047176944603e-07,3.591439959373604e-08,12.000000000000007,2.1055118073717464e-06,-3.130720944295911e-06,-5.493141594834216e-13,-5.493141594834216e-13,0.0014141327118791492,1.7545931728097877e-07
0.339,89.99998429713872,90.0,0.0005616653157625473,-0.00034572611447703194,-6.868095856929849e-07,3.565840575833417e-08,12.000000000000007,2.0906523500366993e-06,-3.109014585441496e-06,-5.416557207793028e-13,-5.416557207793028e-13,0.0014041632894063684,1.7422102916972484e-07
0.3392,89.99998440907574,90.0,0.0005577052650908753,-0.00034332271141794557,-6.820470524930491e-07,3.5404216732548424e-08,12.000000000000007,2.07589632277885e-06,-3.087455793178412e-06,-5.341031773167766e-13,-5.341031773167766e-13,0.0013942631627271885,1.7299136023157073e-07
0.33940000000000003,89.99998452022346,90.0,0.0005537727436551612,-0.0003409357060983806,-6.773169022366248e-07,3.515181997816367e-08,12.000000000000007,2.0612430187591887e-06,-3.0660435903715526e-06,-5.266550788220598e-13,-5.266550788220598e-13,0.0013844318591379032,1.7177025156326563e-07
0.3396,89.99998463058745,90.0,0.0005498675636317677,-0.0003385649897442971,-6.726189212384877e-07,3.490120301474462e-08,12.000000000000007,2.0466917356953323e-06,-3.0447770097215497e-06,-5.193099952360199e-13,-5.193099952360199e-13,0.001374668909079419,1.705576446412776e-07
0.3398,89.9999847401731,90.0,0.0005459895384430196,-0.0003362104539002613,-6.679528962888615e-07,3.4652353477415564e-08,12.000000000000007,2.032241776149705e-06,-3.0236550860812667e-06,-5.120665152168233e-13,-5.120665152168233e-13,0.0013649738461075493,1.6935348134580866e-07
0.34,89.99998484898585,90.0,0.0005421384827535061,-0.00033387199077955336,-6.633186154727146e-07,3.440525908797047e-08,12.000000000000007,2.017892447353041e-06,-3.0026768601645522e-06,-5.049232464973157e-13,-5.049232464973157e-13,0.0013553462068837654,1.6815770394608665e-07
0.3402,89.99998495703106,90.0,0.0005383142124624432,-0.00033154949360877483,-6.587158689770499e-07,3.4159907625983106e-08,12.000000000000007,2.003643061014649e-06,-2.9818413822006375e-06,-4.978788162077195e-13,-4.978788162077195e-13,0.001345785531156108,1.66970255084554e-07
0.34040000000000004,89.99998506431407,90.0,0.0005345165446919923,-0.00032924285625626727,-6.541444482247306e-07,3.391628695769693e-08,12.000000000000007,1.9894929334472057e-06,-2.9611477080131842e-06,-4.909318699988013e-13,-4.909318699988013e-13,0.0013362913617299805,1.6579107778726704e-07
0.3406,89.9999851708402,90.0,0.0005307452977800056,-0.0003269519728667116,-6.496041450218005e-07,3.367438506491499e-08,12.000000000000007,1.975441385706431e-06,-2.940594895160414e-06,-4.840810712080785e-13,-4.840810712080785e-13,0.0013268632444500142,1.646201154755358e-07
0.3408,89.99998527661471,90.0,0.0005270002912768609,-0.0003246767389225217,-6.450947540395395e-07,3.3434189958330215e-08,12.000000000000007,1.9614877430882556e-06,-2.9201820141707553e-06,-4.773251023652257e-13,-4.773251023652257e-13,0.0013175007281921523,1.634573119240212e-07
0.341,89.99998538164283,90.0,0.0005232813459300136,-0.00032241704980119103,-6.406160694451069e-07,3.3195689793085033e-08,12.000000000000007,1.9476313357331465e-06,-2.899908133290608e-06,-4.706626625953499e-13,-4.706626625953499e-13,0.0013082033648250339,1.6230261131109544e-07
0.3412,89.99998548592974,90.0,0.0005195882836853454,-0.00032017280219826015,-6.361678882279242e-07,3.295887275321176e-08,12.000000000000005,1.9338714979743844e-06,-2.879772333542044e-06,-4.640924697076783e-13,-4.640924697076783e-13,0.0012989707092133636,1.6115595816453196e-07
0.34140000000000004,89.99998558948062,90.0,0.000515920927671967,-0.0003179438930402835,-6.31750007661648e-07,3.272372713830231e-08,12.000000000000005,1.9202075687791667e-06,-2.8597736972337975e-06,-4.57613258201993e-13,-4.57613258201993e-13,0.0012898023191799176,1.6001729739826382e-07
0.3416,89.99998569230057,90.0,0.0005122791021996693,-0.0003157302201918132,-6.273622269575387e-07,3.2490241305728366e-08,12.000000000000005,1.9066388914119124e-06,-2.8399113154456484e-06,-4.5122378018245287e-13,-4.5122378018245287e-13,0.0012806977554991731,1.5888657428432596e-07
0.3418,89.99998579439469,90.0,0.000508662632748055,-0.0003135316820849529,-6.230043464007651e-07,3.225840369953133e-08,12.000000000000005,1.893164813561787e-06,-2.82018428411869e-06,-4.4492280453778656e-13,-4.4492280453778656e-13,0.0012716565818701375,1.5776373446348218e-07
0.342,89.99998589576803,90.0,0.0005050713459601346,-0.00031134817771041596,-6.186761673308847e-07,3.202820285042226e-08,12.000000000000005,1.8797846873211786e-06,-2.800591703966968e-06,-4.3870911671298595e-13,-4.3870911671298595e-13,0.0012626783649003367,1.5664872394343148e-07
0.3422,89.99998599642564,90.0,0.0005015050696359029,-0.0003091796069638274,-6.143774929528321e-07,3.179962734689205e-08,12.000000000000005,1.8664978690000343e-06,-2.781132684148623e-06,-4.325815190308123e-13,-4.325815190308123e-13,0.0012537626740897572,1.5554148908333613e-07
0.34240000000000004,89.99998609637245,90.0,0.0004979636327219712,-0.00030702586992070594,-6.101081266441826e-07,3.1572665892991145e-08,12.000000000000005,1.8533037194191404e-06,-2.7618063346032957e-06,-4.2653882935296905e-13,-4.2653882935296905e-13,0.0012449090818049278,1.5444197661826162e-07
0.3426,89.99998619561346,90.0,0.0004944468653095317,-0.000304886867899435,-6.05867874440652e-07,3.13473072216599e-08,12.000000000000005,1.8402016034110847e-06,-2.7426117773033632e-06,-4.2057988251064763e-13,-4.2057988251064763e-13,0.0012361171632738293,1.5335013361759032e-07
0.3428,89.99998629415356,90.0,0.0004909545986200451,-0.00030276250237546543,-6.016565425007667e-07,3.112354018139825e-08,12.000000000000004,1.8271908902643334e-06,-2.7235481347771334e-06,-4.1470352842176615e-13,-4.1470352842176615e-13,0.0012273864965501127,1.5226590752202773e-07
0.343,89.99998639199764,90.0,0.0004874866650035398,-0.00030065267568948244,-5.974739387618158e-07,3.090135367848592e-08,12.000000000000004,1.8142709533893873e-06,-2.704614537604928e-06,-4.0890863297427403e-13,-4.0890863297427403e-13,0.0012187166625088495,1.5118924611578224e-07
0.3432,89.99998648915054,90.0,0.0004840428979285764,-0.00029855729067812336,-5.933198720786964e-07,3.068073670587235e-08,12.000000000000004,1.8014411704491086e-06,-2.6858101205208482e-06,-4.0319407725959475e-13,-4.0319407725959475e-13,0.001210107244821441,1.5012009753742568e-07
0.34340000000000004,89.9999865856171,90.0,0.0004806231319766889,-0.00029647625102148674,-5.89194153037537e-07,3.0461678314286746e-08,12.000000000000004,1.788700923175971e-06,-2.6671340260958467e-06,-3.9755875789264036e-13,-3.9755875789264036e-13,0.0012015578299417224,1.4905841026466422e-07
0.3436,89.99998668140208,90.0,0.00047722720283274625,-0.0002944094608744027,-5.850965930957502e-07,3.0244167641128006e-08,12.000000000000004,1.7760495975037212e-06,-2.64858540084496e-06,-3.9200158626041023e-13,-3.9200158626041023e-13,0.0011930680070818657,1.4800413312531007e-07
0.3438,89.99998677651024,90.0,0.0004738549472793177,-0.0002923568248585668,-5.810270045648608e-07,3.002819391046473e-08,12.000000000000004,1.763486583548436e-06,-2.630163395149576e-06,-3.865214883238733e-13,-3.865214883238733e-13,0.0011846373681982942,1.4695721529570296e-07
0.34400000000000003,89.9999868709463,90.0,0.00047050620319149595,-0.00029031824841058173,-5.769852014252919e-07,2.98137464041453e-08,12.000000000000004,1.7510112754270573e-06,-2.611867166945766e-06,-3.8111740493664657e-13,-3.8111740493664657e-13,0.0011762655079787397,1.4591760628558806e-07
0.3442,89.99998696471496,90.0,0.0004671808095276102,-0.0002882936377689913,-5.729709992980608e-07,2.9600814461797908e-08,12.000000000000004,1.7386230712261719e-06,-2.5936958815961605e-06,-3.7578829162394906e-13,-3.7578829162394906e-13,0.0011679520238190254,1.448852559355143e-07
0.34440000000000004,89.99998705782086,90.0,0.00046387860631989217,-0.0002862828992507044,-5.6898421375519e-07,2.9389387538610308e-08,12.000000000000004,1.7263213732987585e-06,-2.575648704241601e-06,-3.705331173534606e-13,-3.705331173534606e-13,0.0011596965157997306,1.4386011444156315e-07
0.3446,89.99998715026861,90.0,0.0004605994346735541,-0.00028428594031552207,-5.650246628086029e-07,2.9179455118660166e-08,12.000000000000004,1.7141055877689004e-06,-2.5577248110677503e-06,-3.653508658855321e-13,-3.653508658855321e-13,0.0011514985866838852,1.4284213231407498e-07
0.3448,89.99998724206282,90.0,0.0004573431367539153,-0.0002823026684823488,-5.610921643791807e-07,2.8971006801584733e-08,12.000000000000004,1.7019751249806972e-06,-2.5399233778481434e-06,-3.6024053403787396e-13,-3.6024053403787396e-13,0.0011433578418847882,1.4183126041505807e-07
0.34500000000000003,89.99998733320804,90.0,0.0004541095557855541,-0.00028033299239382196,-5.571865387858818e-07,2.8764032215911152e-08,12.000000000000004,1.6899293990032254e-06,-2.522243591211811e-06,-3.5520113301969263e-13,-3.5520113301969263e-13,0.0011352738894638852,1.408274499169354e-07
0.3452,89.9999874237088,90.0,0.0004508985360394344,-0.00027837682108779475,-5.53307607045366e-07,2.855852107683626e-08,12.000000000000004,1.677967827915387e-06,-2.5046846409461016e-06,-3.502316872151133e-13,-3.502316872151133e-13,0.001127246340098586,1.398306523262822e-07
0.34540000000000004,89.9999875135696,90.0,0.0004477099228284753,-0.0002764340639911505,-5.494551908584926e-07,2.8354463186226578e-08,12.000000000000004,1.6660898337910166e-06,-2.4872457199355636e-06,-3.4533123401040496e-13,-3.4533123401040496e-13,0.0011192748070711883,1.3884081948258468e-07
0.3456,89.9999876027949,90.0,0.0004445435625029236,-0.0002745046316238836,-5.456291142573506e-07,2.815184837483853e-08,12.000000000000004,1.6542948423551987e-06,-2.4699260316176365e-06,-3.4049882459199154e-13,-3.4049882459199154e-13,0.001111358906257309,1.3785790352959984e-07
0.3458,89.99998769138914,90.0,0.0004413993024380754,-0.00027258843416087016,-5.418292002455594e-07,2.795066661787802e-08,12.000000000000004,1.6425822835992427e-06,-2.4527247747741374e-06,-3.357335217990783e-13,-3.357335217990783e-13,0.0011034982560951885,1.368818569666035e-07
0.34600000000000003,89.99998777935673,90.0,0.0004382769910380582,-0.00027068538356877787,-5.380552757932112e-07,2.775090786166105e-08,12.000000000000004,1.6309515908090212e-06,-2.4356411661421085e-06,-3.310344028799508e-13,-3.310344028799508e-13,0.0010956924775951452,1.359126325674184e-07
0.3462,89.99998786670204,90.0,0.00043517647771532873,-0.0002687953914458106,-5.343071667909657e-07,2.7552562196953118e-08,12.000000000000004,1.6194022014804241e-06,-2.418674417572273e-06,-3.2640055637341003e-13,-3.2640055637341003e-13,0.0010879411942883218,1.3495018345670196e-07
0.34640000000000004,89.99998795342941,90.0,0.00043209761289496774,-0.0002669183700935191,-5.305847005548461e-07,2.73556197722995e-08,12.000000000000004,1.6079335568416067e-06,-2.4018237473676164e-06,-3.2183108341762056e-13,-3.2183108341762056e-13,0.0010802440322374193,1.3399446307013387e-07
0.3466,89.99998803954315,90.0,0.00042904024800647484,-0.0002650542328606161,-5.268877066318008e-07,2.7160070765135375e-08,12.000000000000004,1.596545101661347e-06,-2.3850883839299627e-06,-3.173250980327299e-13,-3.173250980327299e-13,0.0010726006200161872,1.3304542513844554e-07
0.3468,89.99998812504755,90.0,0.0004260042354720661,-0.0002632028930608229,-5.232160142723258e-07,2.6965905468455513e-08,12.000000000000004,1.58523628470189e-06,-2.3684675543191706e-06,-3.128817255204911e-13,-3.128817255204911e-13,0.0010650105886801653,1.3210302372515746e-07
0.34700000000000003,89.99998820994688,90.0,0.0004229894287066103,-0.00026136426503859344,-5.195694549219775e-07,2.677311420414458e-08,12.000000000000004,1.5740065582265474e-06,-2.3519604955315856e-06,-3.0850010372137294e-13,-3.0850010372137294e-13,0.0010574735717665258,1.311672131855456e-07
0.3472,89.99998829424534,90.0,0.00041999568210633354,-0.00025953826344280156,-5.159478605258073e-07,2.6581687380756916e-08,12.000000000000004,1.5628553782898522e-06,-2.3355664468246422e-06,-3.0417938189776756e-13,-3.0417938189776756e-13,0.001049989205265834,1.3023794819082099e-07
0.34740000000000004,89.99998837794715,90.0,0.00041702285104489256,-0.00025772480357652853,-5.123510643469606e-07,2.6391615464626674e-08,12.000000000000004,1.5517822045602923e-06,-2.3192846534224557e-06,-2.999187210408959e-13,-2.999187210408959e-13,0.0010425571276122315,1.2931518371335767e-07
0.3476,89.99998846105646,90.0,0.0004140707918662705,-0.0002559238013871443,-5.087789009450227e-07,2.6202888979867788e-08,12.000000000000004,1.540786500296432e-06,-2.3031143664177984e-06,-2.9571729370127604e-13,-2.9571729370127604e-13,0.0010351769796656763,1.2839887502470264e-07
0.3478,89.99998854357744,90.0,0.00041113936187705397,-0.00025413517345552377,-5.052312061524803e-07,2.601549850837399e-08,12.000000000000004,1.5298677323209465e-06,-2.287054842665549e-06,-2.915742838201985e-13,-2.915742838201985e-13,0.001027848404692635,1.2748897769341217e-07
0.34800000000000003,89.99998862551418,90.0,0.00040822841933939514,-0.0002523588362756782,-5.017078153921318e-07,2.58294347475986e-08,12.000000000000004,1.5190253713250915e-06,-2.2711053371660286e-06,-2.874888856755852e-13,-2.874888856755852e-13,0.0010205710483484878,1.2658544761042424e-07
0.3482,89.99998870687077,90.0,0.00040533782347193395,-0.00025059470732185585,-4.982085661716038e-07,2.5644688423884826e-08,12.000000000000004,1.5082588913796117e-06,-2.2552651143570546e-06,-2.834603050956069e-13,-2.834603050956069e-13,0.001013344558679835,1.2568824094830093e-07
0.34840000000000004,89.99998878765125,90.0,0.00040246743443859257,-0.00024884270503289674,-4.947332980491977e-07,2.546125029246578e-08,12.000000000000004,1.4975677698970724e-06,-2.239533447959331e-06,-2.7948775927252964e-13,-2.7948775927252964e-13,0.0010061685860964815,1.2479731415808933e-07
0.3486,89.99998886785967,90.0,0.00039961711333742707,-0.00024710274737558104,-4.912818492776328e-07,2.5279111253024057e-08,12.000000000000004,1.486951488250635e-06,-2.2239096057835233e-06,-2.75570474837891e-13,-2.75570474837891e-13,0.0009990427833435679,1.239126240208862e-07
0.3488,89.9999889475,90.0,0.0003967867222063288,-0.0002453747536289466,-4.878540609742694e-07,2.5098262205242246e-08,12.000000000000004,1.4764095309729063e-06,-2.208392868607804e-06,-2.717076899454298e-13,-2.717076899454298e-13,0.000991966805515822,1.2303412758107548e-07
0.34900000000000003,89.99998902657624,90.0,0.0003939761240075266,-0.00024365864365210696,-4.844497754127324e-07,2.4918694106582736e-08,12.000000000000004,1.4659413860319675e-06,-2.1929825224444678e-06,-2.678986532080102e-13,-2.678986532080102e-13,0.0009849403100188165,1.2216178216933058e-07
0.3492,89.99998910509234,90.0,0.00039118518262133223,-0.00024195433716497588,-4.810688343427103e-07,2.47403980300675e-08,12.000000000000004,1.4555465451384726e-06,-2.17767785093408e-06,-2.6414262269597274e-13,-2.6414262269597274e-13,0.0009779629565533307,1.21295545428206e-07
0.34940000000000004,89.99998918305221,90.0,0.0003884137628476376,-0.00024026175517144325,-4.777110823167947e-07,2.4563365048718503e-08,12.000000000000004,1.4452245030944304e-06,-2.162478150405244e-06,-2.604388675309984e-13,-2.604388675309984e-13,0.0009710344071190939,1.2043537525786917e-07
0.3496,89.99998926045971,90.0,0.00038566173039108277,-0.00023858081851758006,-4.743763633229949e-07,2.438758635111731e-08,12.000000000000004,1.4349747583995966e-06,-2.1473827146308415e-06,-2.5678666600990505e-13,-2.5678666600990505e-13,0.0009641543259777069,1.1958122986663303e-07
0.3498,89.99998933731875,90.0,0.00038292895186298637,-0.00023691144896014835,-4.710645232823304e-07,2.421305315473537e-08,12.000000000000004,1.4247968127657726e-06,-2.1323908461340063e-06,-2.531853067618867e-13,-2.531853067618867e-13,0.000957322379657466,1.1873306773048102e-07
0.35000000000000003,89.99998941363313,90.0,0.0003802152947709127,-0.00023525356844149084,-4.677754083558919e-07,2.4039756763713834e-08,12.000000000000004,1.41469017140986e-06,-2.1175018485246136e-06,-2.4963408775416503e-13,-2.4963408775416503e-13,0.0009505382369272817,1.178908476174883e-07
0.3502,89.99998948940669,90.0,0.00037752062751652085,-0.000233607100152342,-4.6450886742999256e-07,2.386768848219384e-08,12.000000000000004,1.4046543425544413e-06,-2.1027150377489377e-06,-2.461323174107142e-13,-2.461323174107142e-13,0.0009438015687913022,1.170545285462034e-07
0.3504,89.99998956464319,90.0,0.000374844819381141,-0.0002319719667353324,-4.6126474791936067e-07,2.369683975876601e-08,12.000000000000004,1.394688838199606e-06,-2.0880297230917562e-06,-2.426793123854238e-13,-2.426793123854238e-13,0.0009371120484528524,1.1622406984996713e-07
0.3506,89.99998963934641,90.0,0.00037218774053227353,-0.00023034809207041914,-4.580428999397914e-07,2.3527202042020988e-08,12.000000000000004,1.3847931733244847e-06,-2.0734452260648995e-06,-2.392743995264096e-13,-2.392743995264096e-13,0.0009304693513306838,1.1539943111037369e-07
0.3508,89.99998971352007,90.0,0.0003695492620093651,-0.0002287354005444836,-4.5484317460365665e-07,2.335876683832918e-08,12.000000000000004,1.3749668661675571e-06,-2.05896087269145e-06,-2.3591691489051507e-13,-2.3591691489051507e-13,0.0009238731550234126,1.1458057218062973e-07
0.35100000000000003,89.99998978716789,90.0,0.00036692925571783005,-0.0002271338166877119,-4.5166542317111107e-07,2.3191525740730697e-08,12.000000000000004,1.3652094383706184e-06,-2.044575989663466e-06,-2.326062032128759e-13,-2.326062032128759e-13,0.000917323139294575,1.137674531975515e-07
0.3512,89.99998986029354,90.0,0.0003643275944276288,-0.0002255432655268817,-4.4850949787633014e-07,2.3025470400045446e-08,12.000000000000004,1.3555204148099356e-06,-2.030289908082153e-06,-2.293416181989954e-13,-2.293416181989954e-13,0.000910818986069072,1.129600345674946e-07
0.3514,89.99998993290068,90.0,0.00036174415176740767,-0.00022396367293245055,-4.453752527402144e-07,2.2860592495983217e-08,12.000000000000004,1.345899323412485e-06,-2.016101967136773e-06,-2.261225227916635e-13,-2.261225227916635e-13,0.0009043603794185192,1.1215827695104039e-07
0.3516,89.99999000499294,90.0,0.0003591788022149312,-0.00022239496489465484,-4.4226254188009116e-07,2.269688379492351e-08,12.000000000000004,1.3363456954519157e-06,-2.0020115064530877e-06,-2.22948288241149e-13,-2.22948288241149e-13,0.000897947005537328,1.1136214128765961e-07
0.3518,89.99999007657392,90.0,0.00035663142109563676,-0.00022083706823203438,-4.3917122116644676e-07,2.2534336092135704e-08,12.000000000000004,1.3268590652155625e-06,-1.988017873592969e-06,-2.1981829478228303e-13,-2.1981829478228303e-13,0.000891578552739092,1.1057158876796351e-07
0.35200000000000004,89.99999014764722,90.0,0.0003541018845733898,-0.00021928990986798077,-4.361011465336087e-07,2.237294126955887e-08,12.000000000000004,1.3174389703014952e-06,-1.9741204164072825e-06,-2.167319307202307e-13,-2.167319307202307e-13,0.0008852547114334744,1.097865808584579e-07
0.3522,89.99999021821638,90.0,0.000351590069648818,-0.00021775341718368387,-4.3305217480523894e-07,2.2212691266911886e-08,12.000000000000004,1.308084951448856e-06,-1.9603184867726868e-06,-2.1368859271619535e-13,-2.1368859271619535e-13,0.0008789751741220452,1.0900707928740464e-07
0.3524,89.99999028828493,90.0,0.0003490958541545804,-0.0002162275187220681,-4.3002416534105104e-07,2.2053578023913614e-08,12.000000000000004,1.2987965521938271e-06,-1.94661144804591e-06,-2.1068768643192173e-13,-2.1068768643192173e-13,0.000872739635386451,1.0823304601615223e-07
0.3526,89.9999903578564,90.0,0.0003466191167417157,-0.00021471214274764635,-4.2701697667292406e-07,2.1895593595842503e-08,12.000000000000004,1.2895733194799934e-06,-1.932998659836282e-06,-2.0772862485962098e-13,-2.0772862485962098e-13,0.0008665477918542893,1.0746444328999942e-07
0.3528,89.99999042693426,90.0,0.00034415973688288085,-0.00021320721831685535,-4.2403046900648036e-07,2.1738730066866912e-08,12.000000000000004,1.2804148031770376e-06,-1.9194794893297466e-06,-2.0481082937770896e-13,-2.0481082937770896e-13,0.0008603993422072022,1.0670123359808644e-07
0.35300000000000004,89.99999049552196,90.0,0.0003417175948633767,-0.00021171267455498259,-4.210645025325934e-07,2.158297960782488e-08,12.000000000000004,1.2713205563786987e-06,-1.9060533036454848e-06,-2.0193372887316948e-13,-2.0193372887316948e-13,0.0008542939871584418,1.0594337969822486e-07
0.3532,89.99999056362294,90.0,0.0003392925717804565,-0.00021022844172101525,-4.1811893991698787e-07,2.142833438955444e-08,12.000000000000004,1.2622901349082581e-06,-1.8927194811057065e-06,-1.990967607623675e-13,-1.990967607623675e-13,0.0008482314294511414,1.0519084457568815e-07
0.3534,89.99999063124062,90.0,0.00033688454952994734,-0.00020875445012314575,-4.151936437677539e-07,2.1274786669563327e-08,12.000000000000004,1.253323097765754e-06,-1.8794773997717256e-06,-1.9629936973855191e-13,-1.9629936973855191e-13,0.0008422113738248683,1.0444359148047947e-07
0.3536,89.99999069837837,90.0,0.00033449341080617504,-0.0002072906304739382,-4.1228847746568704e-07,2.1122328763139063e-08,12.000000000000004,1.244419006963665e-06,-1.8663264412026987e-06,-1.935410080526244e-13,-1.935410080526244e-13,0.0008362335270154376,1.0370158391363872e-07
0.3538,89.99999076503958,90.0,0.00033211903909696516,-0.00020583691423862023,-4.094033059796209e-07,2.097095301445907e-08,12.000000000000004,1.235577427346043e-06,-1.853265994146432e-06,-1.908211357696129e-13,-1.908211357696129e-13,0.0008302975977424131,1.0296478561217023e-07
0.35400000000000004,89.99999083122758,90.0,0.00032976131867511817,-0.00020439323326790812,-4.0653799500987303e-07,2.0820651825480554e-08,12.000000000000004,1.2267979267239181e-06,-1.8402954506619768e-06,-1.8813922028596423e-13,-1.8813922028596423e-13,0.0008244032966877955,1.0223316056032648e-07
0.3542,89.99999089694569,90.0,0.0003274201345942129,-0.0002029595194368766,-4.036924101448861e-07,2.067141768483042e-08,12.000000000000004,1.2180800760252543e-06,-1.8274142023019536e-06,-1.8549473587246604e-13,-1.8549473587246604e-13,0.0008185503364855323,1.015066730021045e-07
0.3544,89.99999096219722,90.0,0.0003250953726879857,-0.0002015357057099057,-4.0086641935104174e-07,2.052324308113557e-08,12.000000000000004,1.2094234488006712e-06,-1.8146216513833168e-06,-1.8288716465703164e-13,-1.8288716465703164e-13,0.0008127384317199643,1.007852874000559e-07
0.3546,89.99999102698541,90.0,0.0003227869195580952,-0.00020012172470251164,-3.980598896130914e-07,2.0376120618582495e-08,12.000000000000004,1.2008276218385687e-06,-1.8019171957794265e-06,-1.8031599507981922e-13,-1.8031599507981922e-13,0.0008069672988952378,1.0006896848654736e-07
0.3548,89.99999109131353,90.0,0.000320494662577948,-0.0001987175104630458,-3.9527269109866265e-07,2.023004287246778e-08,12.000000000000004,1.1922921743576698e-06,-1.789300247771724e-06,-1.7778072358287214e-13,-1.7778072358287214e-13,0.0008012366564448701,9.935768119647246e-08
0.35500000000000004,89.99999115518483,90.0,0.00031821848987647976,-0.00019732299667369108,-3.925046929559768e-07,2.008500253364761e-08,12.000000000000004,1.1838166887728123e-06,-1.7767702150270556e-06,-1.7528085272195715e-13,-1.7528085272195715e-13,0.0007955462246911994,9.865139073106766e-08
0.3552,89.99999121860247,90.0,0.0003159582903421784,-0.00019593811772189467,-3.8975576581782175e-07,1.9940992321868054e-08,12.000000000000004,1.1754007502162875e-06,-1.7643265119325266e-06,-1.7281589214599808e-13,-1.7281589214599808e-13,0.000789895725855446,9.795006251802392e-08
0.3554,89.99999128156968,90.0,0.00031371395361510265,-0.00019456280833395133,-3.8702578094665216e-07,1.9798005014654978e-08,12.000000000000002,1.1670439466750687e-06,-1.751968555725586e-06,-1.7038535814371731e-13,-1.7038535814371731e-13,0.0007842848840377565,9.725366222292238e-08
0.3556,89.99999134408957,90.0,0.0003114853700829755,-0.0001931970035695497,-3.8431461022268446e-07,1.9656033447314048e-08,12.000000000000002,1.1587458689776808e-06,-1.7396957664401356e-06,-1.6798877355337225e-13,-1.6798877355337225e-13,0.0007787134252074387,9.656215574814005e-08
0.3558,89.99999140616532,90.0,0.0003092724308772672,-0.0001918406395268452,-3.816221277930943e-07,1.9515070455150916e-08,12.000000000000002,1.1505061104529049e-06,-1.727507574372032e-06,-1.6562566834739154e-13,-1.6562566834739154e-13,0.000773181077193168,9.587550920440873e-08
0.35600000000000004,89.99999146780003,90.0,0.0003070750278615672,-0.00019049365190513927,-3.789482067142989e-07,1.937510898903084e-08,12.000000000000002,1.1423242675469411e-06,-1.7154034048795425e-06,-1.6329557816887931e-13,-1.6329557816887931e-13,0.000767687569653918,9.519368896224508e-08
0.3562,89.9999915289968,90.0,0.0003048930536358845,-0.00018915597743196885,-3.7629272228734017e-07,1.9236141999819053e-08,12.000000000000002,1.1341999391816136e-06,-1.703382693481787e-06,-1.6099804561250464e-13,-1.6099804561250464e-13,0.0007622326340897115,9.451666159846778e-08
0.3564,89.99999158975872,90.0,0.0003027264015248926,-0.0001878275531361507,-3.736555503609169e-07,1.9098162496160602e-08,12.000000000000002,1.1261327270429775e-06,-1.6914448781769903e-06,-1.5873261944202758e-13,-1.5873261944202758e-13,0.0007568160038122316,9.384439392024812e-08
0.35660000000000003,89.99999165008883,90.0,0.0003005749655746246,-0.00018650831634316688,-3.710365673213117e-07,1.896116354448032e-08,12.000000000000002,1.118122235570212e-06,-1.6795893993968842e-06,-1.5649885450780615e-13,-1.5649885450780615e-13,0.0007514374139365615,9.317685296418432e-08
0.3568,89.99999170999016,90.0,0.00029843864054909894,-0.00018519820467045346,-3.6843565008210643e-07,1.8825138268982832e-08,12.000000000000002,1.110168071944274e-06,-1.6678156999601527e-06,-1.5429631166526268e-13,-1.5429631166526268e-13,0.0007460966013727473,9.251400599535614e-08
0.35700000000000004,89.99999176946574,90.0,0.00029631732192673054,-0.00018389715637766058,-3.6585267690381113e-07,1.869007982276266e-08,12.000000000000002,1.1022698459117717e-06,-1.6561232287826844e-06,-1.5212455801676625e-13,-1.5212455801676625e-13,0.0007407933048168263,9.185582049264763e-08
0.3572,89.99999182851853,90.0,0.0002942109058930952,-0.00018260511000127872,-3.63287526541242e-07,1.8555981416694118e-08,12.000000000000002,1.0944271699247046e-06,-1.6445114370179679e-06,-1.4998316649369862e-13,-1.4998316649369862e-13,0.000735527264732738,9.120226416039204e-08
0.3574,89.99999188715152,90.0,0.0002921192893379541,-0.00018132200435048382,-3.6074007823445137e-07,1.8422836319431314e-08,12.000000000000002,1.0866396591304595e-06,-1.6329797780160352e-06,-1.478717157791898e-13,-1.478717157791898e-13,0.0007302982233448853,9.055330492753828e-08
0.35760000000000003,89.99999194536765,90.0,0.000290042369851861,-0.0001800477788576713,-3.58210212528955e-07,1.829063782851825e-08,12.000000000000002,1.0789069311963416e-06,-1.6215277110364219e-06,-1.4578979054701115e-13,-1.4578979054701115e-13,0.0007251059246296527,8.990891093302845e-08
0.3578,89.99999200316988,90.0,0.00028798004571911986,-0.00017878237356862346,-3.5569781125426774e-07,1.8159379270388834e-08,12.000000000000002,1.0712286062859016e-06,-1.6101547011510064e-06,-1.4373698136822372e-13,-1.4373698136822372e-13,0.0007199501142977995,8.926905052382512e-08
0.35800000000000004,89.99999206056107,90.0,0.00028593221591075805,-0.00017752572842215538,-3.532027558413474e-07,1.8029054058146657e-08,12.000000000000002,1.063604307363439e-06,-1.5988602116274986e-06,-1.417128839965856e-13,-1.417128839965856e-13,0.0007148305397768953,8.863369228028658e-08
0.3582,89.99999211754415,90.0,0.00028389878008580084,-0.00017627778396243665,-3.5072492898761637e-07,1.7899655633785197e-08,12.000000000000002,1.0560336598701599e-06,-1.5876437114665764e-06,-1.3971709993249103e-13,-1.3971709993249103e-13,0.0007097469502145021,8.800280498917998e-08
0.3584,89.99999217412197,90.0,0.00028187963858423835,-0.00017503848132917208,-3.482642146355259e-07,1.7771177468187844e-08,12.000000000000002,1.0485162917005347e-06,-1.5765046753048499e-06,-1.3774923633326637e-13,-1.3774923633326637e-13,0.000704699096460596,8.737635764171121e-08
0.35860000000000003,89.99999223029737,90.0,0.00027987469242025183,-0.00017380776153760072,-3.458204962907716e-07,1.7643613118907678e-08,12.000000000000002,1.0410518335076528e-06,-1.565442575801847e-06,-1.3580890531578796e-13,-1.3580890531578796e-13,0.0006996867310506296,8.675431945897105e-08
0.3588,89.9999922860732,90.0,0.000277883843283762,-0.00017258556654647185,-3.433936595187189e-07,1.751695614349776e-08,12.000000000000002,1.0336399182162387e-06,-1.554456894940703e-06,-1.3389572481309802e-13,-1.3389572481309802e-13,0.0006947096082094049,8.613665985135322e-08
0.35900000000000004,89.99999234145224,90.0,0.0002759069935294243,-0.00017137183853213698,-3.409835902497235e-07,1.7391200157290962e-08,12.000000000000002,1.0262801813137832e-06,-1.5435471163567732e-06,-1.32009317870083e-13,-1.32009317870083e-13,0.0006897674838235607,8.552334844281526e-08
0.3592,89.99999239643732,90.0,0.000273944046174234,-0.00017016651988520538,-3.3859017477183036e-07,1.7266338833399948e-08,12.000000000000002,1.018972260842492e-06,-1.532712725304582e-06,-1.3014931257713895e-13,-1.3014931257713895e-13,0.0006848601154355849,8.491435507020766e-08
0.3594,89.99999245103119,90.0,0.0002719949048950469,-0.00016896955356235444,-3.362133005537872e-07,1.7142365873827266e-08,12.000000000000002,1.0117157972268892e-06,-1.521953212383399e-06,-1.2831534230070794e-13,-1.2831534230070794e-13,0.0006799872622376172,8.430964976890742e-08
0.35960000000000003,89.99999250523659,90.0,0.00027005947402209465,-0.00016778088272200332,-3.3385285539470853e-07,1.7019275038355273e-08,12.000000000000002,1.0045104334160794e-06,-1.511268069687981e-06,-1.2650704530751295e-13,-1.2650704530751295e-13,0.0006751486850552365,8.370920278467327e-08
0.3598,89.99999255905628,90.0,0.00026813765853672206,-0.0001666004514316969,-3.315087290783184e-07,1.6897060086766315e-08,12.000000000000002,9.973558145480165e-07,-1.5006567982969148e-06,-1.2472406528520315e-13,-1.2472406528520315e-13,0.000670344146341805,8.311298454566803e-08
0.36000000000000004,89.99999261249296,90.0,0.0002662293640608747,-0.00016542820323234178,-3.2918081001863103e-07,1.6775714894402324e-08,12.0,9.902515885704149e-07,-1.4901188930884533e-06,-1.2296605008663576e-13,-1.2296605008663576e-13,0.0006655734101521867,8.252096571420123e-08
